molecule_chembl_id,smiles,pchembl_value,standard_type,standard_value,standard_units,active
CHEMBL1257821,Cc1ccc(CN2[C@@H]3CC[C@H]2C[C@H](Oc2cccc(C(N)=O)c2)C3)cc1,9.85,IC50,0.14,nM,1
CHEMBL1257820,NC(=O)c1cccc(O[C@@H]2C[C@H]3CC[C@@H](C2)N3CCCc2ccccc2)c1,9.6,IC50,0.25,nM,1
CHEMBL1257578,Cc1ccc(CN2[C@@H]3CC[C@H]2C[C@H](Oc2cccc(C(N)=O)c2)C3)s1,9.59,IC50,0.26,nM,1
CHEMBL1257698,NC(=O)c1cccc(O[C@@H]2C[C@H]3CC[C@@H](C2)N3CCc2ccccc2)c1,9.42,IC50,0.38,nM,1
CHEMBL3422978,O=C1COc2ccc(CNC34CCC(CCc5ccnc6cc(C(F)(F)F)cnc56)(CC3)OC4)nc2N1,9.41,IC50,0.39,nM,1
CHEMBL227134,CS(=O)(=O)Nc1ccc(CCN(CCOc2ccc(NS(C)(=O)=O)cc2)c2ccc([N+](=O)[O-])c3nonc23)cc1,9.41,Ki,0.39,nM,1
CHEMBL598270,CCCCCCC[N+](CC)(CC)CCCCc1ccc(Cl)cc1.Cc1ccc(S(=O)(=O)[O-])cc1,9.4,Ki,0.4,nM,1
CHEMBL410832,COC1OC2(CCN(Cc3ccccc3)CC2)c2cnn(-c3ccccc3)c21,9.39,IC50,0.41,nM,1
CHEMBL1257577,NC(=O)c1cccc(O[C@@H]2C[C@H]3CC[C@@H](C2)N3Cc2cccs2)c1,9.37,IC50,0.43,nM,1
CHEMBL5858906,Nc1nccn1Cc1cn(-c2ccc(F)c(C(F)F)c2)nn1,9.32,IC50,0.48,nM,1
CHEMBL5794967,CC(F)(F)c1cc(-n2cc(Cn3ccnc3N)nn2)ccc1Cl,9.29,IC50,0.51,nM,1
CHEMBL5870278,CC(F)(F)c1cc(-n2cc(Cn3ccnc3N)nn2)ccc1F,9.29,IC50,0.51,nM,1
CHEMBL1257937,Cc1cccc(CN2[C@@H]3CC[C@H]2C[C@H](Oc2cccc(C(N)=O)c2)C3)c1,9.28,IC50,0.52,nM,1
CHEMBL6063759,Nc1nccn1Cc1cn(-c2ccc(Cl)c(OC(F)F)c2)nn1,9.28,IC50,0.52,nM,1
CHEMBL1085090,CN1C[C@@H]2C[C@H]1CN2c1ccc(-c2ccc3sccc3c2)cn1,9.26,Ki,0.55,nM,1
CHEMBL1085806,CN1C[C@@H]2C[C@H]1CN2c1ncc(-c2ccc3sccc3c2)cn1,9.25,Ki,0.56,nM,1
CHEMBL1257938,Cc1ccccc1CN1[C@@H]2CC[C@H]1C[C@H](Oc1cccc(C(N)=O)c1)C2,9.21,IC50,0.62,nM,1
CHEMBL1223951,NC(=O)c1cccc(O[C@@H]2C[C@H]3CC[C@@H](C2)N3Cc2ccccc2)c1,9.21,IC50,0.61,nM,1
CHEMBL1258280,NC(=O)c1cccc(O[C@@H]2C[C@H]3CC[C@@H](C2)N3Cc2ccc3c(c2)OCO3)c1,9.21,IC50,0.62,nM,1
CHEMBL5956282,Nc1nccn1Cc1cn(-c2ccc(Cl)c(C(F)F)c2)nn1,9.19,IC50,0.65,nM,1
CHEMBL259732,CCCCN1CCC2(CC1)OC(OC)c1c2cnn1-c1ccccc1,9.19,IC50,0.65,nM,1
CHEMBL1642479,O=c1cc(OCc2ccc3ccccc3c2)ccn1-c1ccc(OCCN2CCCC2)cc1,9.17,IC50,0.67,nM,1
CHEMBL5944633,C[C@@H]1Cc2c(ccc3[nH]nc(F)c23)[C@@H](c2cnc(NC3CN(CCCF)C3)cn2)N1CC(F)(F)F,9.16,IC50,0.69,nM,1
CHEMBL1091775,C[C@@H](c1ccccn1)c1c(CCN2CCC2)sc2ccccc12,9.14,Ki,0.73,nM,1
CHEMBL1258503,NC(=O)c1cccc(O[C@@H]2C[C@H]3CC[C@@H](C2)N3CC(=O)Nc2ccccc2)c1,9.14,IC50,0.72,nM,1
CHEMBL3422952,COc1nc2c(CCC34CCC(NCc5ccc6c(n5)NC(=O)CO6)(CC3)CO4)c(F)cnc2cc1F,9.14,IC50,0.73,nM,1
CHEMBL2146867,CC1CN(CCc2ccc([N+](=O)[O-])cc2)CCN1CCc1ccc([N+](=O)[O-])cc1,9.12,IC50,0.76,nM,1
CHEMBL6009034,C[C@@H]1Cc2c(ccc3[nH]ncc23)[C@@H](c2ccc(NC3CN(CCCF)C3)cc2)N1CC(F)(F)F,9.09,IC50,0.81,nM,1
CHEMBL1642487,CN(CCOc1ccc(-n2ccc(OCc3ccccc3)cc2=O)cc1)Cc1ccccc1,9.09,IC50,0.81,nM,1
CHEMBL3422970,Cc1nc2c(CCC34CCC(NCc5ccc6c(n5)NC(=O)CO6)(CC3)CO4)ccnc2cc1C#N,9.06,IC50,0.87,nM,1
CHEMBL5839811,C[C@@H]1Cc2c(ccc3[nH]nc(F)c23)[C@@H](c2ccc(OC3CN(CCCF)C3)cn2)N1CC(F)(F)CO,9.06,IC50,0.88,nM,1
CHEMBL3422959,O=C1COc2ccc(CNC34CCC(CCc5c(F)cnc6cc(C(F)(F)F)cnc56)(CC3)OC4)nc2N1,9.05,IC50,0.89,nM,1
CHEMBL296419,COc1ccc(CCN2CCC(Nc3nc4ccccc4n3Cc3ccc(F)cc3)CC2)cc1,9.05,IC50,0.9,nM,1
CHEMBL4777139,C[C@@H]1Cc2c(ccc3[nH]nc(F)c23)[C@@H](c2ccc(NC3CN(CCCF)C3)c(F)n2)N1CC(F)(F)F,9.03,IC50,0.94,nM,1
CHEMBL1258725,NC(=O)c1cccc(O[C@@H]2C[C@H]3CC[C@@H](C2)N3C2CCCc3ccccc32)c1,9.02,IC50,0.95,nM,1
CHEMBL4171244,COC(=O)c1ccc2c(c1)NC(=O)/C2=C(\Nc1ccc(N2C(=O)CC[C@H]2CN2CCN(C)CC2)cc1)c1ccccc1,9.02,IC50,0.95,nM,1
CHEMBL3422977,O=C1COc2ccc(CNC34CCC(CCc5ccnc6ccc(C(F)(F)F)nc56)(CC3)OC4)nc2N1,9.0,IC50,0.99,nM,1
CHEMBL60796,Oc1ccc(CCN2CCC(Nc3nc4ccccc4n3Cc3ccc(F)cc3)CC2)cc1,9.0,IC50,1.0,nM,1
CHEMBL5885156,C[C@@H]1Cc2c(ccc3[nH]nc(F)c23)[C@@H](c2ccc(NC3CN(CCCF)C3)c(F)n2)N1CC(F)(F)CO,9.0,IC50,1.0,nM,1
CHEMBL4592045,CCc1cc(F)c2nc(N3CCC(NC4CCOCC4)CC3)c(-c3nc(C)no3)c(C)c2c1,9.0,IC50,1.0,nM,1
CHEMBL4457529,COCC(C)(C)C#Cc1c(Cl)c2c(Cl)cc(C(N)=O)nc2n1[C@H]1CCCNC1,8.96,IC50,1.1,nM,1
CHEMBL3422954,CCOc1cc(C)c2ncc(F)c(CCC34CCC(NCc5ccc6c(n5)NC(=O)CO6)(CC3)CO4)c2n1,8.92,IC50,1.19,nM,1
CHEMBL5750166,Cc1nccn1Cc1cn(-c2ccc(Cl)c(OC(F)F)c2)nn1,8.92,IC50,1.2,nM,1
CHEMBL1084022,CN1C[C@@H]2C[C@H]1CN2c1cnc(-c2ccc3sccc3c2)cn1,8.92,Ki,1.2,nM,1
CHEMBL5868410,FC(F)Oc1cc(-n2cc(Cn3ccnc3C3CC3)nn2)ccc1Cl,8.92,IC50,1.2,nM,1
CHEMBL1642476,COc1ccc(COc2ccn(-c3ccc(OCCN4CCCC4)cc3)c(=O)c2)cc1,8.92,IC50,1.2,nM,1
CHEMBL3422976,CN(C)c1nc2c(CCC34CCC(NCc5ccc6c(n5)NC(=O)CO6)(CC3)CO4)ccnc2cc1F,8.92,IC50,1.21,nM,1
CHEMBL5947456,C[C@@H]1Cc2c(ccc3[nH]ncc23)[C@@H](c2ccc(NC3CN(CCCF)C3)c(F)n2)N1CC(F)F,8.92,IC50,1.2,nM,1
CHEMBL327980,Cc1cccc(CCN2CCC(C(=O)c3ccc(NS(C)(=O)=O)cc3)CC2)n1,8.92,IC50,1.2,nM,1
CHEMBL1644470,c1ccc(-c2cccc(O[C@@H]3C[C@H]4CC[C@@H](C3)N4)n2)cc1,8.89,Ki,1.3,nM,1
CHEMBL6008411,C[C@@H]1Cc2c(ccc3[nH]ncc23)[C@@H](c2ccc(NC3CN(CCCF)C3)nc2F)N1CC(F)(F)F,8.89,IC50,1.3,nM,1
CHEMBL1085805,CN1C[C@@H]2C[C@H]1CN2c1ncc(-c2ccc3occc3c2)cn1,8.89,Ki,1.3,nM,1
CHEMBL4466764,NC(=O)c1cc(Cl)c2c(Cl)c(C#CC3COCCO3)n([C@H]3CCCNC3)c2n1,8.85,IC50,1.4,nM,1
CHEMBL3422964,COc1cc2nccc(CCC34CCC(NCc5ccc6c(n5)NC(=O)CO6)(CC3)CO4)c2nc1OC,8.85,IC50,1.43,nM,1
CHEMBL4170680,COC(=O)c1ccc2c(c1)NC(=O)/C2=C(\Nc1ccc(N2C(=O)CC[C@@H]2CN2CCN(C)CC2)cc1)c1ccccc1,8.85,IC50,1.4,nM,1
CHEMBL204828,O=C(NC1CCN(Cc2ccc3c(c2)OCO3)CC1)c1cc(=O)c2cc(Cl)c(Cl)cc2o1,8.85,IC50,1.4,nM,1
CHEMBL4754652,C[C@@H]1Cc2c(ccc3[nH]nc(F)c23)[C@@H](c2ncc(NC3CN(CCCF)C3)cc2F)N1CC(F)(F)F,8.85,IC50,1.4,nM,1
CHEMBL1258047,NC(=O)c1cccc(O[C@@H]2C[C@H]3CC[C@@H](C2)N3Cc2ccncc2)c1,8.82,IC50,1.5,nM,1
CHEMBL5985085,C[C@@H]1Cc2c(ccc3[nH]ncc23)[C@@H](c2c(F)cc(NC3CN(CCCF)C3)cc2F)N1CC(F)F,8.82,IC50,1.5,nM,1
CHEMBL3093957,CCCCCCC[N+](CC)(CC)C/C=C/Cc1ccc(Cl)cc1.[I-],8.82,IC50,1.5,nM,1
CHEMBL6021768,C[C@@H]1Cc2c(ccc3[nH]ncc23)[C@@H](c2ccc(NC3CN(CCCF)C3)cc2)N1CC(F)F,8.82,IC50,1.5,nM,1
CHEMBL4650365,C[C@@H]1Cc2c(ccc3[nH]ncc23)[C@@H](c2ccc(NC3CN(CCCF)C3)cn2)N1CC(F)(F)F,8.82,IC50,1.5,nM,1
CHEMBL6006629,CCc1nccn1Cc1cn(-c2ccc(Cl)c(OC(F)F)c2)nn1,8.8,IC50,1.6,nM,1
CHEMBL4749445,C[C@@H]1Cc2c(ccc3[nH]ncc23)[C@@H](c2ccc(NC3CN(CCCF)C3)c(F)n2)N1CC(F)(F)F,8.8,IC50,1.6,nM,1
CHEMBL5931292,COc1cc(NC2CN(CCCF)C2)ccc1[C@]1(C)c2ccc3[nH]ncc3c2C[C@@H](C)N1CC(F)F,8.8,IC50,1.6,nM,1
CHEMBL1258616,Cc1ccc(C(C)N2[C@@H]3CC[C@H]2C[C@H](Oc2cccc(C(N)=O)c2)C3)s1,8.8,IC50,1.6,nM,1
CHEMBL3422966,COc1nc2c(CCC34CCC(NCc5ccc6c(n5)NC(=O)CO6)(CC3)CO4)ccnc2cc1C#N,8.8,IC50,1.6,nM,1
CHEMBL5971419,Cc1cc(-n2cc(Cn3ccnc3C)nn2)ccc1Cl,8.79,IC50,1.64,nM,1
CHEMBL3422962,N#Cc1ccc2ncc(C#N)c(CCC34CCC(NCc5ccc6c(n5)NC(=O)CO6)(CC3)CO4)c2n1,8.78,IC50,1.66,nM,1
CHEMBL1642493,CCN(CC)CCN(C)c1ccc(-n2ccc(OCc3ccccc3)cc2=O)cc1,8.77,IC50,1.7,nM,1
CHEMBL1204009,CCOC(=O)CCc1ccc(OC[C@H](O)CNC(C)(C)Cc2ccc3ccccc3c2)c(C#N)c1.Cl,8.77,IC50,1.7,nM,1
CHEMBL4528544,NC(=O)c1cc(Cl)c2c(Cl)c(C#CC3CCOCC3)n([C@H]3CCCNC3)c2n1,8.77,IC50,1.7,nM,1
CHEMBL3422957,COc1nc2c(CCC34CCC(NCc5ccc6c(n5)NC(=O)CO6)(CC3)CO4)c(F)cnc2cc1C(F)(F)F,8.77,IC50,1.7,nM,1
CHEMBL1642475,O=c1cc(OCc2ccc(Cl)cc2)ccn1-c1ccc(OCCN2CCCC2)cc1,8.77,IC50,1.7,nM,1
CHEMBL3422968,COc1cc(OC)c2nccc(CCC34CCC(NCc5ccc6c(n5)NC(=O)CO6)(CC3)CO4)c2n1,8.75,IC50,1.78,nM,1
CHEMBL1257227,C[C@@H](c1ccccc1)N1[C@@H]2CC[C@H]1C[C@H](Oc1cccc(C(N)=O)c1)C2,8.74,IC50,1.8,nM,1
CHEMBL1083302,CN1C[C@@H]2C[C@H]1CN2c1ccc(-c2ccc3sccc3c2)nn1,8.74,Ki,1.8,nM,1
CHEMBL4789223,C[C@@H]1Cc2c(ccc3[nH]ncc23)[C@@H](c2ncc(NC3CN(CCCF)C3)cc2F)N1CC(F)(F)F,8.74,IC50,1.8,nM,1
CHEMBL6028836,CCc1nccn1Cc1cn(-c2ccc(Cl)c(C)c2)nn1,8.73,IC50,1.84,nM,1
CHEMBL1086525,CN1C[C@@H]2C[C@H]1CN2c1ncc(-c2ccc3[nH]c(C(F)(F)F)cc3c2)cn1,8.73,Ki,1.85,nM,1
CHEMBL5905884,Cc1nccn1Cc1cn(-c2ccc(F)c(OC(F)F)c2)nn1,8.72,IC50,1.9,nM,1
CHEMBL1258164,NC(=O)c1cccc(O[C@@H]2C[C@H]3CC[C@@H](C2)N3Cc2ccccn2)c1,8.72,IC50,1.9,nM,1
CHEMBL1082786,CN1C[C@@H]2C[C@H]1CN2c1cnc(-c2ccc3[nH]c(C(F)(F)F)cc3c2)cn1,8.72,Ki,1.9,nM,1
CHEMBL4751770,C[C@@H]1Cc2c(ccc3[nH]ncc23)[C@@H](c2ccc(N(C)C3CN(CCCF)C3)cn2)N1CC(F)(F)F,8.72,IC50,1.9,nM,1
CHEMBL1642474,O=c1cc(OCc2cccc(Cl)c2)ccn1-c1ccc(OCCN2CCCC2)cc1,8.72,IC50,1.9,nM,1
CHEMBL3422971,COc1cc2nccc(CCC34CCC(NCc5ccc6c(n5)NC(=O)CO6)(CC3)CO4)c2nc1C#N,8.71,IC50,1.96,nM,1
CHEMBL1760234,COc1ccc([C@H]2CN(CCc3ccc(OC)c(OC)c3)C[C@@H]2CC(=O)Nc2cccc(Cl)c2)cc1,8.7,IC50,2.0,nM,1
CHEMBL1258279,NC(=O)c1cccc(O[C@@H]2C[C@H]3CC[C@@H](C2)N3CC2CCCCC2)c1,8.7,IC50,2.0,nM,1
CHEMBL5972587,C[C@@H]1Cc2c(ccc3[nH]ncc23)[C@@H](c2c(F)cc(NC3CN(CCCF)C3)cc2F)N1CC(F)(F)F,8.7,IC50,2.0,nM,1
CHEMBL1086481,CN1C[C@@H]2C[C@H]1CN2c1ccc(-c2ccc3[nH]c(C(F)(F)F)cc3c2)cn1,8.7,Ki,2.0,nM,1
CHEMBL4799234,C[C@@H]1Cc2c(ccc3[nH]ncc23)[C@@H](c2ncc(NC3CN(CCCF)C3)cc2F)N1CC(F)(F)CF,8.7,IC50,2.0,nM,1
CHEMBL5934520,C[C@@H]1Cc2c(ccc3[nH]ncc23)[C@@H](c2ccc(OC3CN(CCCF)C3)cn2)N1CC(F)(F)CO,8.68,IC50,2.1,nM,1
CHEMBL4758424,COc1cc(NC2CN(CCCF)C2)ccc1[C@@H]1c2ccc3[nH]ncc3c2C[C@@H](C)N1CC(F)F,8.68,IC50,2.1,nM,1
CHEMBL3422973,Cc1cc(C#N)nc2c(CCC34CCC(NCc5ccc6c(n5)NC(=O)CO6)(CC3)CO4)ccnc12,8.68,IC50,2.08,nM,1
CHEMBL5792092,Nc1nccn1Cc1cn(-c2cc(F)cc(C(F)F)c2)nn1,8.67,IC50,2.13,nM,1
CHEMBL3422983,COc1ccc2ncc(C#N)c(CC(O)C34CCC(NCc5ccc6c(n5)NC(=O)CO6)(CC3)CO4)c2n1,8.67,IC50,2.13,nM,1
CHEMBL5787348,C[C@@H]1Cc2c(ccc3[nH]ncc23)[C@@H](c2c(F)cc(NC3CN(CCCF)C3)cc2F)N1CC(F)(F)CO,8.66,IC50,2.2,nM,1
CHEMBL182977,CCCCCCCN(CC)CCCCc1ccc([N+](=O)[O-])cc1,8.66,IC50,2.188,nM,1
CHEMBL1083614,CN1C[C@@H]2C[C@H]1CN2c1ccc(-c2ccc3[nH]c(C(F)(F)F)cc3c2)nn1,8.66,Ki,2.2,nM,1
CHEMBL5838864,OCCc1nccn1Cc1cn(-c2ccc(Cl)c(OC(F)F)c2)nn1,8.65,IC50,2.26,nM,1
CHEMBL3422975,CN(C)c1nc2c(CCC34CCC(NCc5ccc6c(n5)NC(=O)CO6)(CC3)CO4)ccnc2cc1C(F)(F)F,8.64,IC50,2.29,nM,1
CHEMBL5783757,C[C@@H]1Cc2c(ccc3[nH]ncc23)[C@@H](c2ccc(NC3CN(CCCF)C3)c(F)c2)N1CC(F)(F)F,8.62,IC50,2.4,nM,1
CHEMBL2046893,Fc1ccc(N(CCNCCCc2ccccc2)c2ccc(F)cc2)cc1,8.62,IC50,2.4,nM,1
CHEMBL5916184,COC[C@](C)(F)CN1[C@H](c2ccc(NC3CN(CCCF)C3)cc2OC)c2ccc3[nH]ncc3c2C[C@H]1C,8.62,IC50,2.4,nM,1
CHEMBL1642477,O=c1cc(OCc2ccc(C(F)(F)F)cc2)ccn1-c1ccc(OCCN2CCCC2)cc1,8.62,IC50,2.4,nM,1
CHEMBL6004953,CCc1nccn1Cc1cn(-c2ccc(Cl)c(C(F)F)c2)nn1,8.61,IC50,2.43,nM,1
CHEMBL217706,O=C(NC1CCN(Cc2ccc3c(c2)OCO3)CC1)c1cc(=O)c2ccc(Br)cc2o1,8.6,IC50,2.5,nM,1
CHEMBL3422965,COc1nc2c(CCC34CCC(NCc5ccc6c(n5)NC(=O)CO6)(CC3)CO4)ccnc2cc1F,8.6,IC50,2.49,nM,1
CHEMBL409224,COc1ccccc1Oc1ccccc1CN1CCC2(CC1)CCN(C(=O)c1ccc(Cl)cc1)CC2,8.6,IC50,2.512,nM,1
CHEMBL502835,COC(=O)c1ccc2c(c1)NC(=O)/C2=C(\Nc1ccc(N(C)C(=O)CN2CCN(C)CC2)cc1)c1ccccc1,8.59,IC50,2.6,nM,1
CHEMBL4743256,COc1cc(NC2CN(CCCF)C2)ccc1[C@@H]1c2ccc3[nH]ncc3c2C[C@@H](C)N1CC(C)(F)F,8.59,IC50,2.6,nM,1
CHEMBL5810295,C[C@@H]1Cc2c(ccc3[nH]ncc23)[C@@H](c2cnc(NC3CN(CCCF)C3)cn2)N1CC(F)F,8.57,IC50,2.7,nM,1
CHEMBL12713,O=C1NCCN1CCN1CCC(c2cn(-c3ccc(F)cc3)c3ccc(Cl)cc23)CC1,8.57,IC50,2.7,nM,1
CHEMBL1085089,CN1C[C@@H]2C[C@H]1CN2c1ccc(-c2ccc3occc3c2)cn1,8.57,Ki,2.7,nM,1
CHEMBL4780699,FCCCN1CC(Nc2ccc([C@@H]3c4ccc5[nH]ncc5c4C[C@@H](C(F)F)N3CC(F)F)nc2)C1,8.55,IC50,2.8,nM,1
CHEMBL1257347,Cc1ccc([C@@H](C)N2[C@@H]3CC[C@H]2C[C@H](Oc2cccc(C(N)=O)c2)C3)s1,8.55,IC50,2.8,nM,1
CHEMBL6020184,COCC(F)(F)CN1[C@H](c2ccc(NC3CN(CCCF)C3)cn2)c2ccc3[nH]ncc3c2C[C@H]1C,8.55,IC50,2.8,nM,1
CHEMBL1255595,Cc1ccc(CN2[C@@H]3CC[C@H]2C[C@H](Oc2cccc(C(N)=O)c2)C3)o1,8.55,IC50,2.8,nM,1
CHEMBL4752903,CC1(C)Cc2c(ccc3[nH]ncc23)[C@@H](c2ccc(NC3CN(CCCF)C3)cn2)N1CC(F)(F)F,8.54,IC50,2.9,nM,1
CHEMBL1642472,O=c1cc(OCc2cccc(F)c2)ccn1-c1ccc(OCCN2CCCC2)cc1,8.54,IC50,2.9,nM,1
CHEMBL3422953,COc1cc(C)c2ncc(F)c(CCC34CCC(NCc5ccc6c(n5)NC(=O)CO6)(CC3)CO4)c2n1,8.54,IC50,2.9,nM,1
CHEMBL1085779,CN1C[C@@H]2C[C@H]1CN2c1ccc(-c2ccc3cc[nH]c3c2)cn1,8.54,Ki,2.9,nM,1
CHEMBL1423,O=c1[nH]c2ccccc2n1C1CCN(CCCC(c2ccc(F)cc2)c2ccc(F)cc2)CC1,8.52,IC50,3.02,nM,1
CHEMBL180672,CC(C)(Cc1ccc2ccccc2c1)NC[C@@H](O)COc1cccc(Cl)c1C#N,8.52,IC50,3.0,nM,1
CHEMBL1257458,Cc1ccc([C@@H](C)N2[C@@H]3CC[C@H]2C[C@H](Oc2cccc(C(N)=O)c2)C3)cn1,8.52,IC50,3.0,nM,1
CHEMBL1761103,CC(=O)Nc1cccc(C2CCN(CCCn3c(-c4ccc(Cl)cc4)nc4ccccc43)CC2)c1,8.52,IC50,3.0,nM,1
CHEMBL4445116,CC(C)(C#N)CC#Cc1c(Cl)c2c(Cl)cc(C(N)=O)nc2n1[C@H]1CCCNC1,8.52,IC50,3.0,nM,1
CHEMBL4470576,CC1(C#Cc2c(Cl)c3c(Cl)cc(C(N)=O)nc3n2[C@H]2CCCNC2)COC1,8.52,IC50,3.0,nM,1
CHEMBL4540910,COCCC#Cc1c(Cl)c2c(Cl)cc(C(N)=O)nc2n1[C@H]1CCCNC1,8.52,IC50,3.0,nM,1
CHEMBL3086045,Cc1ccccc1[C@H]1C[C@@H](NCc2ccc(Cl)cc2)CC[C@@H]1C(=O)N1CC(c2ccccc2)(c2ccccc2)C1,8.52,IC50,3.0,nM,1
CHEMBL5770484,CC(C)c1nccn1Cc1cn(-c2ccc(Cl)c(OC(F)F)c2)nn1,8.51,IC50,3.12,nM,1
CHEMBL2146865,CC(CN1CCN(CCc2ccc([N+](=O)[O-])cc2)CC1)c1ccc([N+](=O)[O-])cc1,8.51,IC50,3.1,nM,1
CHEMBL382741,CC(C)(Cc1ccc2ccccc2c1)NC[C@@H](O)COc1ccccc1C#N,8.49,IC50,3.2,nM,1
CHEMBL3422948,Nc1ccc2ncc(F)c(CCC34CCC(NCc5ccc6c(n5)NC(=O)CO6)(CC3)CO4)c2n1,8.49,IC50,3.21,nM,1
CHEMBL3422961,O=C1COc2ccc(CNC34CCC(CCc5c(F)cnc6cc(Cl)cnc56)(CC3)OC4)nc2N1,8.48,IC50,3.27,nM,1
CHEMBL1257579,C[C@H](c1ccc(Cl)nc1)N1[C@@H]2CC[C@H]1C[C@H](Oc1cccc(C(N)=O)c1)C2,8.48,IC50,3.3,nM,1
CHEMBL4207128,COc1ccc(CCN2CCC(Nc3nc4ccccc4n3CC3CCCCC3)CC2)cc1,8.48,IC50,3.27,nM,1
CHEMBL4797729,CC1(C)Cc2c(ccc3[nH]ncc23)[C@@H](c2ccc(NC3CN(CCCF)C3)cn2)N1CC(F)F,8.47,IC50,3.4,nM,1
CHEMBL6026134,Cc1nccn1Cc1cn(-c2ccc(Cl)c(C(F)F)c2)nn1,8.47,IC50,3.37,nM,1
CHEMBL5968571,CCCc1nccn1Cc1cn(-c2ccc(F)c(C(F)F)c2)nn1,8.47,IC50,3.4,nM,1
CHEMBL1258048,NC(=O)c1cccc(O[C@@H]2C[C@H]3CC[C@@H](C2)N3Cc2cccnc2)c1,8.46,IC50,3.5,nM,1
CHEMBL5859193,C[C@@H]1Cc2c(ccc3[nH]ncc23)[C@@H](c2ncc(NC3CN(CCCF)C3)cc2F)N1CC(F)F,8.44,IC50,3.6,nM,1
CHEMBL390301,CCN1CCCc2cc3c(cc21)OC1=CC2=[N+](CCCC(=O)N(CCOc4ccc(NS(C)(=O)=O)cc4)CCc4ccc(NS(C)(=O)=O)cc4)CCCC2=CC1N3,8.44,Ki,3.6,nM,1
CHEMBL217789,O=C(NC1CCN(Cc2ccc3c(c2)OCO3)CC1)c1cc(=O)c2ccc(Cl)cc2o1,8.44,IC50,3.6,nM,1
CHEMBL213715,O=C(NC1CCN(Cc2ccc3c(c2)OCO3)CC1)c1cc(=O)c2ccc(OC(F)F)cc2o1,8.44,IC50,3.6,nM,1
CHEMBL1258962,CC(c1ccncc1)N1[C@@H]2CC[C@H]1C[C@H](Oc1cccc(C(N)=O)c1)C2,8.43,IC50,3.7,nM,1
CHEMBL5864206,COCC(F)(F)CN1[C@H](c2ccc(NC3CN(CCCF)C3)cc2OC)c2ccc3[nH]ncc3c2C[C@H]1C,8.43,IC50,3.7,nM,1
CHEMBL5987086,Cc1nccn1Cc1cn(-c2ccc(F)c(C(F)F)c2)nn1,8.42,IC50,3.83,nM,1
CHEMBL5884532,C[C@@H]1Cc2c(ccc3[nH]ncc23)[C@@H](c2cnc(NC3CN(CCCF)C3)cn2)N1CC(F)(F)F,8.42,IC50,3.8,nM,1
CHEMBL2146866,CC(Cc1ccc([N+](=O)[O-])cc1)N1CCN(CCc2ccc([N+](=O)[O-])cc2)CC1,8.41,IC50,3.9,nM,1
CHEMBL3422947,N#Cc1ccc2ncc(F)c(CCC34CCC(NCc5ccc6c(n5)NC(=O)CO6)(CC3)CO4)c2n1,8.41,IC50,3.87,nM,1
CHEMBL4475043,C[C@@H]1OCC2(CCN(c3cnc4c(-c5cccc(Cl)c5Cl)n[nH]c4n3)CC2)[C@@H]1N,8.4,IC50,4.0,nM,1
CHEMBL4541837,COC(C)(C)CC#Cc1c(Cl)c2c(Cl)cc(C(N)=O)nc2n1[C@H]1CCCNC1,8.4,IC50,4.0,nM,1
CHEMBL2146810,CCCCN1CCC[C@@H]1Cn1nc(Cc2ccc(Cl)cc2)c2ncccc2c1=O,8.4,IC50,3.981,nM,1
CHEMBL214731,O=C(NC1CCN(Cc2ccc3c(c2)OCO3)CC1)c1cc(=O)c2cc(F)ccc2o1,8.4,IC50,4.0,nM,1
CHEMBL4754747,C[C@@H]1Cc2c(ccc3[nH]ncc23)[C@@H](c2ccc(NC3CN(CCCF)C3)cn2)N1CC(F)F,8.39,IC50,4.1,nM,1
CHEMBL5918557,C[C@@H]1Cc2c(ccc3[nH]ncc23)[C@@H](c2ccc(N(C)C3CN(CCCF)C3)cn2)N1CC(F)F,8.39,IC50,4.1,nM,1
CHEMBL5877886,CCc1nccn1Cc1cn(-c2ccc(F)c(C(F)F)c2)nn1,8.39,IC50,4.11,nM,1
CHEMBL5909140,Cc1nccn1Cc1cn(-c2ccc(F)c(C(C)(F)F)c2)nn1,8.39,IC50,4.05,nM,1
CHEMBL473,CN(CCOc1ccc(NS(C)(=O)=O)cc1)CCc1ccc(NS(C)(=O)=O)cc1,8.39,IC50,4.1,nM,1
CHEMBL3422969,COc1cc(CCC23CCC(NCc4ccc5c(n4)NC(=O)CO5)(CC2)CO3)c2nc(OC)ccc2n1,8.38,IC50,4.21,nM,1
CHEMBL3422963,COc1nc2c(CCC34CCC(NCc5ccc6c(n5)NC(=O)CO6)(CC3)CO4)ccnc2cc1Cl,8.38,IC50,4.2,nM,1
CHEMBL4161555,CN(C/C=C/c1ccc(F)cc1C(F)(F)F)Cc1ccc2c(c1)OCO2.Cl,8.38,IC50,4.22,nM,1
CHEMBL5798112,CCCCc1nccn1Cc1cn(-c2ccc(F)c(C(F)F)c2)nn1,8.37,IC50,4.29,nM,1
CHEMBL6064693,OCCc1nccn1Cc1cn(-c2ccc(F)c(OC(F)F)c2)nn1,8.37,IC50,4.26,nM,1
CHEMBL1642486,CC(C)N(CCOc1ccc(-n2ccc(OCc3ccccc3)cc2=O)cc1)C(C)C,8.37,IC50,4.3,nM,1
CHEMBL4753585,C[C@@H]1Cc2c(ccc3[nH]ncc23)[C@@H](c2ccc(NC3CN(CCCF)C3)cn2)N1CC(C)(C)F,8.37,IC50,4.3,nM,1
CHEMBL1642471,O=c1cc(OCc2ccccc2F)ccn1-c1ccc(OCCN2CCCC2)cc1,8.37,IC50,4.3,nM,1
CHEMBL3093959,CCCCCCCN(CC)CCCCc1ccc(Cl)cc1,8.37,IC50,4.3,nM,1
CHEMBL1086524,CN1C[C@@H]2C[C@H]1CN2c1ncc(-c2ccc3[nH]ccc3c2)cn1,8.37,Ki,4.3,nM,1
CHEMBL560923,CC1=C(c2ccc(OCCCN3CCCC3)cc2)Oc2ccccc2S1,8.36,IC50,4.4,nM,1
CHEMBL5986147,Cc1cc(-n2cc(Cn3ccnc3C(C)C)nn2)ccc1Cl,8.35,IC50,4.47,nM,1
CHEMBL1257348,COc1cccc([C@@H](C)N2[C@@H]3CC[C@H]2C[C@H](Oc2cccc(C(N)=O)c2)C3)c1,8.34,IC50,4.6,nM,1
CHEMBL5839468,CCc1nccn1Cc1cn(-c2ccc(Cl)c(Cl)c2)nn1,8.33,IC50,4.65,nM,1
CHEMBL5986059,COc1cc(OC2CN(CCCF)C2)ccc1[C@@H]1c2ccc3[nH]ncc3c2C[C@@H](C)N1CC(F)(F)CO,8.33,IC50,4.7,nM,1
CHEMBL460009,CC(C[C@H](NC(=O)C1CCC1)c1ccccc1)N1CCC(n2cc(-c3ccccc3)[nH]c2=O)CC1,8.33,IC50,4.7,nM,1
CHEMBL1089103,C[C@@H]1CN(C(=O)[C@H]2CN(c3ccccn3)C[C@@H]2c2ccc(F)cc2F)C[C@H](C)[C@@]1(O)c1ccccc1,8.33,Ki,4.65,nM,1
CHEMBL1258846,CC(C)(c1ccccc1)N1[C@@H]2CC[C@H]1C[C@H](Oc1cccc(C(N)=O)c1)C2,8.33,IC50,4.7,nM,1
CHEMBL3422765,O=C1COc2ccc(CNC34CCC(CCc5c(F)cnc6ccc(O)nc56)(CC3)OC4)nc2N1,8.32,IC50,4.83,nM,1
CHEMBL1258961,NC(=O)c1cccc(O[C@@H]2C[C@H]3CC[C@@H](C2)N3C2(c3ccccc3)CC2)c1,8.32,IC50,4.8,nM,1
CHEMBL1418045,O=C(COc1ccc2ccccc2c1Br)Nc1cccnc1,8.32,Ki,4.8,nM,1
CHEMBL5980949,Cc1nncn1Cc1cn(-c2ccc(Cl)cc2)nn1,8.31,IC50,4.92,nM,1
CHEMBL3422980,O=C1COc2ccc(CNC34CCC(CCc5ccnc6cc(Cl)cnc56)(CC3)OC4)nc2N1,8.31,IC50,4.93,nM,1
CHEMBL6047990,Cc1nccn1Cc1cn(-c2ccc(Cl)c(Cl)c2)nn1,8.31,IC50,4.92,nM,1
CHEMBL3093969,CCCCCCCN(CC)CC#CCc1ccc(Cl)cc1,8.31,IC50,4.9,nM,1
CHEMBL1258724,Cc1ccccc1C(C)N1[C@@H]2CC[C@H]1C[C@H](Oc1cccc(C(N)=O)c1)C2,8.31,IC50,4.9,nM,1
CHEMBL4457389,CC1(CC#Cc2c(Cl)c3c(Cl)cc(C(N)=O)nc3n2[C@H]2CCCNC2)COC1,8.3,IC50,5.0,nM,1
CHEMBL4518492,NC(=O)c1cc(Cl)c2c(Cl)c(C#CC3CCCO3)n([C@H]3CCCNC3)c2n1,8.3,IC50,5.0,nM,1
CHEMBL2146755,O=[N+]([O-])c1ccc(CCN2CCN(CCc3ccc([N+](=O)[O-])cc3)CC2)cc1,8.3,IC50,5.0,nM,1
CHEMBL1092550,C[C@@H]1CN(C(=O)[C@@H]2CN(C(C)(C)C)C[C@H]2c2ccc(F)cc2F)C[C@H](C)[C@@]1(O)c1c(F)cccc1F,8.3,Ki,5.0,nM,1
CHEMBL557853,C[C@@H]1Sc2ccccc2O[C@@H]1c1ccc(OCCCN2CCCC2)cc1,8.3,IC50,5.0,nM,1
CHEMBL5990369,CCc1nccn1Cc1cn(-c2ccc(F)c(Cl)c2)nn1,8.3,IC50,5.02,nM,1
CHEMBL362103,CCC[S+]([O-])CCCN(CC)CC(O)COc1ccc(C#N)cc1,8.3,IC50,5.0,nM,1
CHEMBL387417,N#Cc1ccc2c(=O)cc(C(=O)NC3CCN(Cc4ccc5c(c4)OCO5)CC3)oc2c1,8.3,IC50,5.0,nM,1
CHEMBL5942934,COc1cc(NC2CN(CCCF)C2)ccc1[C@@H]1c2ccc3[nH]ncc3c2C[C@@H](C)N1CC(C)F,8.3,IC50,5.0,nM,1
CHEMBL1822858,c1cc(-c2ccc3c(c2)OCO3)ccc1OCCCN1CCCCC1,8.3,Ki,5.0,nM,1
CHEMBL5777517,C[C@@H]1Cc2c(ccc3[nH]ncc23)[C@@H](c2ccc(N(C)C3CN(CCCF)C3)cn2)N1CC1(F)CC1,8.3,IC50,5.0,nM,1
CHEMBL1089104,C[C@@H]1CN(C(=O)[C@H]2CN(c3cccnc3)C[C@@H]2c2ccc(F)cc2F)C[C@H](C)[C@@]1(O)c1ccccc1,8.29,Ki,5.07,nM,1
CHEMBL2324254,Cc1ccc(CCN(C)CCOc2ccc(C)cc2)cc1,8.29,IC50,5.1,nM,1
CHEMBL1084021,CN1C[C@@H]2C[C@H]1CN2c1cnc(-c2ccc3occc3c2)cn1,8.28,Ki,5.3,nM,1
CHEMBL5898921,CC(C)c1nccn1Cc1cn(-c2ccc(Cl)c(C(F)F)c2)nn1,8.28,IC50,5.24,nM,1
CHEMBL5883091,CC(F)CN1[C@H](c2ccc(NC3CN(CCCF)C3)cn2)c2ccc3[nH]ncc3c2C[C@H]1C,8.28,IC50,5.3,nM,1
CHEMBL3422967,COc1cc(C)c2nccc(CCC34CCC(NCc5ccc6c(n5)NC(=O)CO6)(CC3)CO4)c2n1,8.28,IC50,5.22,nM,1
CHEMBL3897632,FC(F)Oc1cc(-c2cnn(Cc3cc[nH]n3)c2)ccc1Cl,8.28,IC50,5.21,nM,1
CHEMBL217593,COc1ccc(CN2CCC(NC(=O)c3cc(=O)c4ccc(F)cc4o3)CC2)cc1,8.27,IC50,5.4,nM,1
CHEMBL5904342,Cc1cc(-n2cc(Cn3ccnc3C)nn2)ccc1F,8.27,IC50,5.32,nM,1
CHEMBL217707,O=C(NC1CCN(Cc2ccc3c(c2)OC(F)(F)O3)CC1)c1cc(=O)c2ccc(F)cc2o1,8.25,IC50,5.6,nM,1
CHEMBL1642482,O=c1cc(OCc2ccccc2)ccn1-c1ccc(OCCN2CCCCC2)cc1,8.24,IC50,5.8,nM,1
CHEMBL4759597,COc1cc(NC2CN(CCCF)C2)ccc1[C@@H]1c2ccc3[nH]ncc3c2C[C@@H](C)N1CC(F)(F)F,8.24,IC50,5.7,nM,1
CHEMBL5790255,COc1cc(NC2CN(CCCF)C2)c(F)cc1[C@@H]1c2ccc3[nH]ncc3c2C[C@@H](C)N1CC1(F)CC1,8.24,IC50,5.7,nM,1
CHEMBL1642490,CN1CCCCC1COc1ccc(-n2ccc(OCc3ccccc3)cc2=O)cc1,8.24,IC50,5.8,nM,1
CHEMBL5797953,COc1cc(OC2CN(CCCF)C2)ccc1[C@@H]1c2ccc3[nH]ncc3c2C[C@@H](C)N1CC(F)F,8.24,IC50,5.7,nM,1
CHEMBL1092571,C[C@@H]1CN(C(=O)[C@H]2CN(C3CCC3)C[C@@H]2c2ccc(F)cc2F)C[C@H](C)[C@@]1(O)c1ccccc1,8.23,Ki,5.87,nM,1
CHEMBL1089830,C[C@@H]1CN(C(=O)[C@@H]2CN(C(C)(C)C)C[C@H]2c2ccc(F)cc2F)C[C@H](C)[C@@]1(O)c1ccccn1,8.23,Ki,5.84,nM,1
CHEMBL4583118,NC(=O)c1cc(Cl)c2c(Cl)c(C#CC3CNCCO3)n([C@H]3CCCNC3)c2n1,8.22,IC50,6.0,nM,1
CHEMBL1258615,CC(c1ccccc1)N1[C@@H]2CC[C@H]1C[C@H](Oc1cccc(C(N)=O)c1)C2,8.22,IC50,6.0,nM,1
CHEMBL5965720,FCCc1nccn1Cc1cn(-c2ccc(Cl)c(OC(F)F)c2)nn1,8.22,IC50,6.02,nM,1
CHEMBL1957798,CC(=O)NCCc1ccccc1-c1ccc([C@@H](CN)Cc2ccc(OCCOc3c(Cl)cc(C)cc3Cl)cc2)c(C)c1.Cl,8.22,IC50,6.0,nM,1
CHEMBL4751971,COc1cc(NC2CN(CCCF)C2)ccc1[C@@H]1c2ccc3[nH]ncc3c2C[C@@H](C)N1CC(C)(C)F,8.21,IC50,6.1,nM,1
CHEMBL298978,Fc1ccc(-n2cc(C3CCN(CCN4CCN=C4S)CC3)c3ccccc32)cc1,8.21,IC50,6.166,nM,1
CHEMBL387178,O=C(NC1CCN(Cc2ccc3c(c2)OCO3)CC1)c1cc(=O)c2cc(F)c(F)cc2o1,8.21,IC50,6.2,nM,1
CHEMBL271066,Cc1ccc2c(-c3nnc(SCCCN4CCc5cc6c(cc5CC4)OCC(=O)N6)n3C)cccc2n1,8.2,IC50,6.31,nM,1
CHEMBL259243,O=C(c1ccc(Cl)cc1)N1CCC2(CCN(Cc3ccccc3Oc3ccccc3)CC2)CC1,8.19,IC50,6.457,nM,1
CHEMBL1729,COc1cc(N)c(Cl)cc1C(=O)NC1CCN(CCCOc2ccc(F)cc2)CC1OC,8.19,IC50,6.457,nM,1
CHEMBL4759607,C[C@@H]1Cc2c(ccc3[nH]ncc23)[C@@H](c2ccc(NC3CN(CCCF)C3)cn2)N1CC1(F)CC1,8.19,IC50,6.5,nM,1
CHEMBL1092209,C[C@@H]1CN(C(=O)[C@@H]2CNC[C@H]2c2ccc(F)cc2F)C[C@H](C)[C@@]1(O)c1ccccc1,8.18,Ki,6.65,nM,1
CHEMBL1258391,CS(=O)(=O)Cc1ccc(CN2[C@@H]3CC[C@H]2C[C@H](Oc2cccc(C(N)=O)c2)C3)cc1,8.18,IC50,6.6,nM,1
CHEMBL5820589,C[C@@H]1Cc2c(ccc3[nH]ncc23)[C@@H](c2ccc(OC3CN(CCCF)C3)cn2)N1CC(F)F,8.17,IC50,6.7,nM,1
CHEMBL214767,O=C(NC1CCN(Cc2ccc3c(c2)OCO3)CC1)c1cc(=O)c2ccccc2o1,8.17,IC50,6.7,nM,1
CHEMBL3422974,Cc1cc(S(C)(=O)=O)nc2c(CCC34CCC(NCc5ccc6c(n5)NC(=O)CO6)(CC3)CO4)ccnc12,8.17,IC50,6.71,nM,1
CHEMBL5989582,CCCCc1nccn1Cc1cn(-c2ccc(Cl)c(Cl)c2)nn1,8.16,IC50,6.84,nM,1
CHEMBL5951589,Cc1cc(-n2cc(Cn3ccnc3CCO)nn2)ccc1Cl,8.16,IC50,6.9,nM,1
CHEMBL4790076,C[C@@H]1Cc2c(ccc3[nH]ncc23)[C@@H](c2ccc(NC3CN(CCCF)C3)cn2)N1CC(F)(F)CO,8.16,IC50,6.9,nM,1
CHEMBL6018540,COCC(C)(F)CN1[C@H](c2ccc(NC3CN(CCCF)C3)cc2OC)c2ccc3[nH]ncc3c2C[C@H]1C,8.16,IC50,6.9,nM,1
CHEMBL12780,O=C1NCCN1CCN1CCC(c2cn(-c3ccc(F)cc3)c3ccccc23)CC1,8.16,IC50,6.918,nM,1
CHEMBL227000,CC1(C)C2=C3CC4C5=[N+](CCC4OC3CCN2c2ccc(CC(=O)NCCCCCCN(CCOc3ccc(NS(C)(=O)=O)cc3)CCc3ccc(NS(C)(=O)=O)cc3)cc21)c1ccc(S(=O)(=O)[O-])cc1C5(C)C,8.15,Ki,7.0,nM,1
CHEMBL5909487,Cc1nccn1Cc1cn(-c2ccc(F)c(Cl)c2)nn1,8.15,IC50,7.01,nM,1
CHEMBL4475081,C[C@@H]1OCC2(CCN(c3cnc4c(-c5cccc(Cl)c5Cl)c[nH]c4n3)CC2)[C@@H]1N,8.15,IC50,7.0,nM,1
CHEMBL1642492,CCN(CC)CCNc1ccc(-n2ccc(OCc3ccccc3)cc2=O)cc1,8.15,IC50,7.0,nM,1
CHEMBL2146861,COc1ccc(CCN2CCN(CCc3ccc([N+](=O)[O-])cc3)CC2)cc1,8.15,IC50,7.0,nM,1
CHEMBL1258166,NC(=O)c1cccc(O[C@@H]2C[C@H]3CC[C@@H](C2)N3CC2CC2)c1,8.14,IC50,7.3,nM,1
CHEMBL5746935,COc1cc(NC2CN(CCCF)C2)cnc1[C@@H]1c2ccc3[nH]ncc3c2C[C@@H](C)N1CC(F)(F)F,8.14,IC50,7.2,nM,1
CHEMBL5863797,Cc1nccn1Cc1cn(-c2cccc(OC(F)(F)F)c2)nn1,8.14,IC50,7.21,nM,1
CHEMBL5786611,C[C@@H]1Cc2c(ccc3[nH]ncc23)[C@@H](c2ncc(OC3CN(CCCF)C3)cc2F)N1CC(F)(F)CO,8.14,IC50,7.2,nM,1
CHEMBL6027892,CC(C)c1nccn1Cc1cn(-c2ccc(Cl)c(Cl)c2)nn1,8.13,IC50,7.4,nM,1
CHEMBL214377,CCc1ccc2c(=O)cc(C(=O)NC3CCN(Cc4ccc5c(c4)OCO5)CC3)oc2c1,8.13,IC50,7.4,nM,1
CHEMBL5753096,CCCc1nccn1Cc1cn(-c2ccc(Cl)c(Cl)c2)nn1,8.12,IC50,7.67,nM,1
CHEMBL5755454,Clc1ccc(-n2cc(Cn3ccnc3C3CCC3)nn2)cc1Cl,8.12,IC50,7.58,nM,1
CHEMBL5823395,CCCCc1nccn1Cc1cn(-c2ccc(F)c(Cl)c2)nn1,8.12,IC50,7.68,nM,1
CHEMBL1204061,C[C@@H]1CN(C(=O)[C@@H]2CN(C(C)(C)C)C[C@H]2c2ccc(F)cc2F)C[C@H](C)[C@@]1(O)c1ccc(F)cc1.Cl,8.1,Ki,7.91,nM,1
CHEMBL3422982,CCOC(=O)c1c(OC)cnc2c(CCC34CCC(NCc5ccc6c(n5)NC(=O)CO6)(CC3)CO4)ccnc12,8.1,IC50,7.87,nM,1
CHEMBL3425935,O=c1ccc2ncc(F)c3c2n1C[C@@]3(O)CC12CCC(NC/C=C/c3cc(F)ccc3F)(CC1)CO2,8.1,IC50,8.0,nM,1
CHEMBL561128,O=C1N(CCN2CCC(c3ccc(Cl)cc3)CC2)CCN1c1cccc(Cl)c1,8.1,IC50,7.943,nM,1
CHEMBL3954438,Fc1ccc(-c2cnn(Cc3cc[nH]n3)c2)cc1OC(F)F,8.1,IC50,8.01,nM,1
CHEMBL1822861,CCOC(=O)c1ccc(-c2ccc(OCCCN3CCCCC3)cc2)cc1,8.1,Ki,8.0,nM,1
CHEMBL5798590,COc1cc(NC2CN(CCCF)C2)ccc1[C@@H]1c2ccc3[nH]ncc3c2C[C@@H](C)N1CC1(CF)COC1,8.1,IC50,8.0,nM,1
CHEMBL129583,CS(=O)(=O)Nc1ccc2c(c1)C(=O)CC1(CCN(CCc3ccc4nonc4c3)CC1)O2,8.1,IC50,8.0,nM,1
CHEMBL5820486,COc1cc(NC2CN(CCC(F)(F)F)C2)ccc1[C@@H]1c2ccc3[nH]ncc3c2C[C@@H](C)N1CC1(F)CC1,8.09,IC50,8.2,nM,1
CHEMBL1641614,O=c1cc(OCc2ccccc2)ccn1-c1ccc(OCCN2CCCC2)cc1,8.09,IC50,8.1,nM,1
CHEMBL5935056,C[C@@H]1Cc2c(ccc3[nH]ncc23)[C@@H](c2cnc(NC3CN(CCCF)C3)cn2)N1CC1(F)CC1,8.09,IC50,8.2,nM,1
CHEMBL5834447,CC(F)(F)c1cc(-n2cc(Cn3ccnc3CCO)nn2)ccc1F,8.09,IC50,8.08,nM,1
CHEMBL3927856,FC(F)Oc1cc(-c2cnn(Cc3cn[nH]c3)c2)ccc1Cl,8.09,IC50,8.23,nM,1
CHEMBL3422949,CN(C)c1ccc2ncc(F)c(CCC34CCC(NCc5ccc6c(n5)NC(=O)CO6)(CC3)CO4)c2n1,8.08,IC50,8.35,nM,1
CHEMBL4750007,COc1cc(OC2CN(CCCF)C2)ccc1[C@@H]1c2ccc3[nH]ncc3c2C[C@@H](C)N1CC1(F)CC1,8.08,IC50,8.4,nM,1
CHEMBL214768,COc1ccc(CN2CCC(NC(=O)c3cc(=O)c4ccc(F)cc4o3)CC2)cc1F,8.07,IC50,8.5,nM,1
CHEMBL3422768,COC(=O)c1ccc2ncc(F)c(CCC34CCC(NCc5ccc6c(n5)NC(=O)CO6)(CC3)CO4)c2n1,8.06,IC50,8.75,nM,1
CHEMBL4742862,COc1cc(NC2CN(CCCF)C2)ccc1[C@@H]1c2ccc3[nH]ncc3c2C[C@@H](C)N1CC1(F)CC1,8.06,IC50,8.8,nM,1
CHEMBL1834852,COc1ccc([C@H]2CC[C@@H](N3CC(NC(=O)CNc4noc5ccc(C(F)(F)F)cc45)C3)CC2)cn1,8.06,IC50,8.7,nM,1
CHEMBL1083301,CN1C[C@@H]2C[C@H]1CN2c1ccc(-c2ccc3occc3c2)nn1,8.06,Ki,8.8,nM,1
CHEMBL2146757,N#Cc1ccc(CCN2CCN(CCc3ccc([N+](=O)[O-])cc3)CC2)cc1,8.05,IC50,9.0,nM,1
CHEMBL3908521,O=C(Nc1ccc(OC(F)(F)F)cc1)c1ccc(OCCN2CCCC2)c(-c2cncnc2)c1,8.05,IC50,9.0,nM,1
CHEMBL584538,O=c1cc(OCc2ccc(F)cc2)ccn1-c1ccc(OCCN2CCCC2)cc1,8.05,IC50,9.0,nM,1
CHEMBL1086506,CN1C[C@@H]2C[C@H]1CN2c1cnc(-c2ccc3cc[nH]c3c2)cn1,8.05,Ki,9.0,nM,1
CHEMBL5887380,CC(C)CN1[C@H](c2ccc(NC3CN(CCCF)C3)cn2)c2ccc3[nH]ncc3c2C[C@H]1C,8.05,IC50,8.9,nM,1
CHEMBL1642491,CN1CCCC1COc1ccc(-n2ccc(OCc3ccccc3)cc2=O)cc1,8.03,IC50,9.3,nM,1
CHEMBL4787725,C[C@@H]1Cc2c(ccc3[nH]ncc23)[C@@](C)(c2ccc(NC3CN(CCCF)C3)cn2)N1CC(F)F,8.02,IC50,9.6,nM,1
CHEMBL3093986,CCCCCCCN(CC)C/C=C/Cc1ccc(Cl)cc1,8.02,Ki,9.5,nM,1
CHEMBL4093627,Cc1c([C@@H](O)CN2CCC3(CC2)CCN(c2cc(-c4ccccc4)ns2)C3=O)ccc2c1COC2=O,8.02,IC50,9.5,nM,1
CHEMBL1642485,CCN(CC)CCOc1ccc(-n2ccc(OCc3ccccc3)cc2=O)cc1,8.01,IC50,9.8,nM,1
CHEMBL5764399,CCCc1nccn1Cc1cn(-c2ccc(F)c(Cl)c2)nn1,8.01,IC50,9.84,nM,1
CHEMBL536480,Cc1cccc(CCN2CCC(C(=O)c3ccc(NS(C)(=O)=O)cc3)CC2)n1.Cl.Cl,8.0,IC50,10.0,nM,1
CHEMBL533,CCCCCCCN(CC)CCCC(O)c1ccc(NS(C)(=O)=O)cc1,8.0,IC50,10.0,nM,1
CHEMBL2324257,Clc1ccc(OCCCc2cccc(CCCOc3ccc(Cl)cc3)n2)cc1,8.0,IC50,9.9,nM,1
CHEMBL6057937,C[C@@H]1Cc2c(ccc3[nH]ncc23)[C@@H](c2c(F)cc(NC3CN(CCCF)C3)cc2F)N1CC(C)(F)CO,8.0,IC50,10.0,nM,1
CHEMBL226704,CC1(C)C2=C3C=C4C5=[N+](CCC4OC3CCN2c2ccc(CCCCCC(=O)NCCCCCCN(CCOc3ccc(NS(C)(=O)=O)cc3)CCc3ccc(NS(C)(=O)=O)cc3)cc21)c1ccc(S(=O)(=O)[O-])cc1C5(C)C,8.0,Ki,10.0,nM,1
CHEMBL1085824,CN1C[C@@H]2C[C@H]1CN2c1ccc(-c2ccccc2)cn1,8.0,Ki,10.0,nM,1
CHEMBL2031999,CC(C)(C)c1cc(CN2CCC(CNCCCCCC(c3ccc(F)cc3)c3ccc(F)cc3)C2)cc(C(C)(C)C)c1O,8.0,IC50,10.0,nM,1
CHEMBL584549,CC[C@H]1OC(=O)[C@H](C)[C@@H](O[C@H]2C[C@@](C)(OC)[C@@H](O)[C@H](C)O2)[C@H](C)[C@@H](O[C@@H]2O[C@H](C)C[C@H](N(C)C(C)C)[C@H]2O)[C@](C)(O)C[C@@H](C)[C@H](O)[C@H](C)[C@@H](O)[C@]1(C)O,8.0,IC50,10.0,nM,1
CHEMBL41,CNCCC(Oc1ccc(C(F)(F)F)cc1)c1ccccc1,8.0,IC50,10.0,nM,1
CHEMBL397222,Cc1cc(-c2ccc3c(c2)CCN(CCCSc2nnc(-c4ccc(Cl)c(Cl)c4)n2C)CC3)no1,8.0,IC50,10.0,nM,1
CHEMBL1649928,CC(=O)N[C@@H](CCN1[C@@H]2CC[C@H]1C[C@@H](n1c(C)nc3c1CCN(c1ccncn1)C3)C2)c1cccc(F)c1,8.0,IC50,10.0,nM,1
CHEMBL12186,O=C1NCCN1CCN1CC=C(c2cn(-c3ccc(F)cc3)c3ccc(Cl)cc23)CC1,8.0,IC50,10.0,nM,1
CHEMBL54,O=C(CCCN1CCC(O)(c2ccc(Cl)cc2)CC1)c1ccc(F)cc1,8.0,IC50,10.0,nM,1
CHEMBL6966,COc1ccc(CCN(C)CCCC(C#N)(c2ccc(OC)c(OC)c2)C(C)C)cc1OC,8.0,IC50,10.0,nM,1
CHEMBL549,CN(C)CCCC1(c2ccc(F)cc2)OCc2cc(C#N)ccc21,8.0,IC50,10.0,nM,1
CHEMBL1223683,Clc1cccc(N2CCN(CCCCNc3ccc4ccccc4n3)CC2)c1Cl,8.0,Ki,10.0,nM,1
CHEMBL2179672,Cn1cc2c(OCC3CCN(CCc4ccc(CO)cc4)CC3)nc3ccccc3c2c1,8.0,IC50,10.0,nM,1
CHEMBL217400,COc1cccc(CN2CCC(NC(=O)c3cc(=O)c4ccc(F)cc4o3)CC2)c1,7.98,IC50,10.4,nM,1
CHEMBL387418,O=C(NC1CCN(Cc2ccc3c(c2)OCO3)CC1)c1cc(=O)c2cc(F)c(Cl)cc2o1,7.98,IC50,10.5,nM,1
CHEMBL301956,CN(C)Cc1cn(-c2ccc(F)cc2)c2ccc(Cl)cc12,7.96,IC50,11.0,nM,1
CHEMBL513608,CN(C)c1cn(-c2ccc(F)cc2)c2ccc(Cl)cc12,7.96,IC50,11.0,nM,1
CHEMBL2441429,O=[N+]([O-])c1ccc(CCN2CCN(CCc3ccc(-n4cnnn4)cc3)CC2)cc1,7.96,IC50,11.0,nM,1
CHEMBL549433,CC[C@@H]1Sc2ccccc2O[C@@H]1c1ccc(OCCCN2CCCC2)cc1,7.96,IC50,11.0,nM,1
CHEMBL1086480,CN1C[C@@H]2C[C@H]1CN2c1ccc(-c2ccc3[nH]ccc3c2)cn1,7.96,Ki,11.0,nM,1
CHEMBL1834854,O=C(CNc1noc2ccc(C(F)(F)F)cc12)NC1CN([C@H]2CC[C@@H](c3nccs3)CC2)C1,7.96,IC50,11.0,nM,1
CHEMBL367107,O=C1NC(=O)C(c2nn(CCCN3CCCC3)c3ccccc23)=C1c1cn(-c2ccc3ccccc3c2)c2ccccc12,7.96,Ki,11.0,nM,1
CHEMBL6051128,COc1cc(N(C)C2CN(CCCF)C2)ccc1[C@@H]1c2ccc3[nH]ncc3c2C[C@@H](C)N1CC1(F)CC1,7.96,IC50,11.0,nM,1
CHEMBL6044807,CC(C)c1nccn1Cc1cn(-c2ccc(F)c(C(F)F)c2)nn1,7.96,IC50,11.0,nM,1
CHEMBL4785272,O=C(COc1ccc(C(=O)c2cc(Cl)ccc2Br)cc1)Nc1cccc(C(=O)NC2CC2)c1,7.95,IC50,11.2,nM,1
CHEMBL206081,COc1ccc2c(=O)cc(C(=O)NC3CCN(Cc4ccc5c(c4)OCO5)CC3)oc2c1,7.94,IC50,11.5,nM,1
CHEMBL6021933,CCc1nccn1Cc1cn(-c2cccc(OC(F)(F)F)c2)nn1,7.94,IC50,11.4,nM,1
CHEMBL3422950,O=C1COc2ccc(CNC34CCC(CCc5c(F)cnc6ccc(N7CCOCC7)nc56)(CC3)OC4)nc2N1,7.94,IC50,11.46,nM,1
CHEMBL486278,COc1ccc(CC(C)(C)NC[C@H](O)COc2cccc3[nH]c(=O)[nH]c23)cc1,7.93,IC50,11.8,nM,1
CHEMBL3805898,O=[N+]([O-])c1ccc(NCCCCN2CCC(Nc3nc4ccccc4n3Cc3ccc(F)cc3)CC2)c2nonc12,7.92,Ki,12.0,nM,1
CHEMBL2146868,N#Cc1ccc(CCN2CCN(CCc3ccc(C#N)cc3)CC2)cc1,7.92,IC50,12.0,nM,1
CHEMBL564514,c1ccc([C@@H]2Sc3ccccc3O[C@@H]2c2ccc(OCCCN3CCCC3)cc2)cc1,7.92,IC50,12.0,nM,1
CHEMBL5771854,Cc1nccn1Cc1cn(-c2ccc(Cl)c(C(F)(F)F)c2)nn1,7.92,IC50,11.9,nM,1
CHEMBL1083615,CN1C[C@@H]2C[C@H]1CN2c1ccc(-c2ccc3cc[nH]c3c2)nn1,7.92,Ki,12.0,nM,1
CHEMBL1083616,Cc1cc2cc(-c3ccc(N4C[C@@H]5C[C@H]4CN5C)nn3)ccc2[nH]1,7.92,Ki,12.0,nM,1
CHEMBL6024609,Cc1cc(-n2cc(Cn3ccnc3C3CC3)nn2)ccc1Cl,7.91,IC50,12.4,nM,1
CHEMBL3422958,Cc1cc(S(C)(=O)=O)nc2c(CCC34CCC(NCc5ccc6c(n5)NC(=O)CO6)(CC3)CO4)c(F)cnc12,7.91,IC50,12.38,nM,1
CHEMBL425448,O=C(NC1CCN(Cc2ccc3c(c2)OCCO3)CC1)c1cc(=O)c2ccc(F)cc2o1,7.91,IC50,12.2,nM,1
CHEMBL4791914,N#Cc1cccc(NC(=O)COc2ccc(C(=O)c3cc(Cl)ccc3Br)cc2)c1F,7.9,IC50,12.7,nM,1
CHEMBL9484,CCCCCCC[N+](CC)(CC)CCCCc1ccc(Cl)cc1,7.9,IC50,12.59,nM,1
CHEMBL1085599,CN1C[C@@H]2C[C@H]1CN2c1ncc(-c2cccc3[nH]ccc23)cn1,7.89,Ki,13.0,nM,1
CHEMBL226743,CC1(C)C2=C3C=C4C5=[N+](CCC4OC3CCN2c2ccc(CC(=O)NCCCCCN(CCOc3ccc(NS(C)(=O)=O)cc3)CCc3ccc(NS(C)(=O)=O)cc3)cc21)c1ccc(S(=O)(=O)[O-])cc1C5(C)C,7.89,Ki,13.0,nM,1
CHEMBL5942694,C[C@@H]1Cc2c(ccc3[nH]ncc23)[C@@H](c2ncc(NC3CN(CCCF)C3)cc2F)N1CC(F)(F)CO,7.89,IC50,13.0,nM,1
CHEMBL1257459,C[C@H](c1ccnc(Cl)c1)N1[C@@H]2CC[C@H]1C[C@H](Oc1cccc(C(N)=O)c1)C2,7.89,IC50,13.0,nM,1
CHEMBL4799702,Cc1ccc(C#N)cc1NC(=O)COc1ccc(C(=O)c2cc(Cl)ccc2Br)cc1,7.89,IC50,12.8,nM,1
CHEMBL1822854,c1cc(C2CCCCC2)ccc1OCCCN1CCCCC1,7.89,Ki,13.0,nM,1
CHEMBL1257226,C[C@H](c1ccccc1)N1[C@@H]2CC[C@H]1C[C@H](Oc1cccc(C(N)=O)c1)C2,7.89,IC50,13.0,nM,1
CHEMBL3422972,COc1cc2nccc(CCC34CCC(NCc5ccc6c(n5)NC(=O)CO6)(CC3)CO4)c2nc1C(=O)O,7.88,IC50,13.09,nM,1
CHEMBL74656,COc1cc(N)c(Cl)cc1C(=O)N[C@H]1CCN(CCCOc2ccc(F)cc2)C[C@H]1OC,7.88,IC50,13.1,nM,1
CHEMBL217105,O=C(NC1CCN(Cc2cc3c(cc2Cl)OCO3)CC1)c1cc(=O)c2ccc(F)cc2o1,7.87,IC50,13.5,nM,1
CHEMBL6052379,Cc1cc(-n2cc(Cn3ccnc3CCF)nn2)ccc1Cl,7.87,IC50,13.5,nM,1
CHEMBL3421646,COc1cc2ncc(F)c(CCC34CCC(NCc5ccc6c(n5)NC(=O)CO6)(CC3)CO4)c2nc1OC,7.86,IC50,13.91,nM,1
CHEMBL2324244,C[n+]1c(CCCOc2ccc(Cl)cc2)cccc1CCCOc1ccc(Cl)cc1,7.85,IC50,14.0,nM,1
CHEMBL4790592,Cc1cnccc1NC(=O)COc1ccc(C(=O)c2cc(Cl)ccc2Br)cc1,7.85,IC50,14.1,nM,1
CHEMBL1822688,c1csc(-c2ccc(OCCCN3CCCCC3)cc2)c1,7.85,Ki,14.0,nM,1
CHEMBL4162120,CN(C/C=C/C=C/c1ccc(C(F)(F)F)cc1F)Cc1ccc2c(c1)OCO2.Cl,7.85,IC50,14.0,nM,1
CHEMBL594615,CS(=O)(=O)Nc1ccc(CCCNCCNc2ccc(Cl)c(Cl)c2)cc1,7.85,Ki,14.0,nM,1
CHEMBL1082466,CN1C[C@@H]2C[C@H]1CN2c1cnc(-c2ccc3[nH]ccc3c2)cn1,7.85,Ki,14.0,nM,1
CHEMBL6040464,OCCc1nccn1Cc1cn(-c2ccc(F)c(C(F)F)c2)nn1,7.84,IC50,14.5,nM,1
CHEMBL387309,COc1ccc(CN2CCC(NC(=O)c3cc(=O)c4ccc(F)cc4o3)CC2)c(F)c1,7.83,IC50,14.7,nM,1
CHEMBL5756710,CCOc1cc(NC2CN(CCCF)C2)ccc1[C@@H]1c2ccc3[nH]ncc3c2C[C@@H](C)N1CC1(F)CC1,7.82,IC50,15.0,nM,1
CHEMBL375516,CS(=O)(=O)Nc1ccc(CCN(CCCCCCNC(=O)c2ccc3c(c2)C(=O)OC32c3ccc(O)cc3Cc3cc(O)ccc32)CCOc2ccc(NS(C)(=O)=O)cc2)cc1,7.82,Ki,15.0,nM,1
CHEMBL2325208,CCCCCCCCc1cccc(CCCCCCCC)[n+]1C,7.82,IC50,15.0,nM,1
CHEMBL1258845,NC(=O)c1cccc(O[C@@H]2C[C@H]3CC[C@@H](C2)N3C2CCCCC2)c1,7.82,IC50,15.0,nM,1
CHEMBL6000376,Cc1cc(-n2cc(Cn3ccnc3C3CC3)nn2)ccc1F,7.82,IC50,15.1,nM,1
CHEMBL5928382,COc1cc2c(cc1OC)CN(C(C)(C)CCc1ccc(F)cc1)C2,7.82,IC50,15.0,nM,1
CHEMBL214021,O=C(NC1CCN(Cc2ccc3c(c2)OCO3)CC1)c1cc(=O)c2ccc(F)cc2o1,7.82,IC50,15.1,nM,1
CHEMBL6034751,FC(F)c1cc(-n2cc(Cn3ccnc3C3CC3)nn2)ccc1Cl,7.81,IC50,15.4,nM,1
CHEMBL3422979,COc1cnc2c(CCC34CCC(NCc5ccc6c(n5)NC(=O)CO6)(CC3)CO4)ccnc2c1,7.81,IC50,15.62,nM,1
CHEMBL3425938,O=c1ccc2ncc(F)c3c2n1C[C@@]3(O)CC12CCC(NC/C(F)=C/c3cc(F)ccc3F)(CC1)CO2,7.8,IC50,16.0,nM,1
CHEMBL2146802,CCCCN1CCC[C@@H]1Cn1nc(Cc2ccc(Cl)cc2)c2ccccc2c1=O,7.8,IC50,15.85,nM,1
CHEMBL526450,OC1CCN(CCCOc2ccc(-n3c(-c4ccccn4)nc4cc(F)ccc43)cc2)CC1,7.8,Ki,16.0,nM,1
CHEMBL1760243,COc1ccc([C@H]2CN(CCc3ccc(OC)c(OC)c3)C[C@@H]2CCc2nc3ccc(Cl)cc3[nH]2)cc1,7.8,IC50,16.0,nM,1
CHEMBL4763995,CSc1ccccc1C(=O)NCCCC[C@H](NC(=O)c1cncs1)c1ncc(-c2ccc3ccccc3c2)[nH]1,7.8,IC50,16.0,nM,1
CHEMBL428594,CC(C)[C@]1(C(=O)NCc2cc(C(F)(F)F)cc(C(F)(F)F)c2)CC[C@@H](N2CCC(c3ccc(F)cc3)CC2)C1,7.8,IC50,16.0,nM,1
CHEMBL218735,CCOC(=O)C1CCCN(C(=N)c2ccc(C(=O)Nc3ccc(Cl)cc3C(=O)Nc3ccc(Cl)cn3)cc2)C1,7.8,Ki,16.0,nM,1
CHEMBL5893563,Cc1nccn1Cc1cn(-c2cccc(C3CC3)c2)nn1,7.8,IC50,15.9,nM,1
CHEMBL3425943,O=c1ccc2ncc(F)c3c2n1C[C@@]3(O)CC12CCC(NCc3cc(-c4cccs4)on3)(CC1)CO2,7.8,IC50,16.0,nM,1
CHEMBL3425937,O=c1ccc2ncc(F)c3c2n1C[C@@]3(O)CC12CCC(NC/C(F)=C\c3cc(F)ccc3F)(CC1)CO2,7.8,IC50,16.0,nM,1
CHEMBL92870,Cc1cccc(C)c1NC(=O)CN1CCN(CCCC(c2ccc(F)cc2)c2ccc(F)cc2)CC1,7.8,IC50,15.85,nM,1
CHEMBL217442,COc1cc2oc(C(=O)NC3CCN(Cc4ccc5c(c4)OCO5)CC3)cc(=O)c2cc1F,7.8,IC50,15.9,nM,1
CHEMBL1834853,O=C(CNc1noc2ccc(C(F)(F)F)cc12)NC1CN([C@H]2CC[C@@H](c3cncs3)CC2)C1,7.8,IC50,16.0,nM,1
CHEMBL2046889,c1ccc(CCCNCCC(c2ccccc2)c2ccccc2)cc1,7.8,IC50,15.85,nM,1
CHEMBL6000305,Fc1ccc(-n2cc(Cn3ccnc3C3CC3)nn2)cc1C(F)F,7.79,IC50,16.2,nM,1
CHEMBL3422981,O=C1COc2ccc(CNC34CCC(CCc5ccnc6cc(F)cnc56)(CC3)OC4)nc2N1,7.78,IC50,16.75,nM,1
CHEMBL6060545,CC(F)(F)c1cc(-c2cnn(Cc3cc[nH]n3)c2)ccc1F,7.77,IC50,17.1,nM,1
CHEMBL1382,Cc1ccc(O)c([C@H](CCN(C(C)C)C(C)C)c2ccccc2)c1,7.77,IC50,16.98,nM,1
CHEMBL566257,O=C(c1ccc(CN2CCC3(CC2)OCc2cc(F)ncc23)cc1)c1ccc(F)c(F)c1,7.77,IC50,17.0,nM,1
CHEMBL218074,CCOC(=O)C1CCN(C(=N)c2ccc(C(=O)Nc3ccc(Cl)cc3C(=O)Nc3ccc(Cl)cn3)cc2)CC1,7.77,Ki,17.0,nM,1
CHEMBL521830,Nc1ccnc(N2CCC(C(=O)Nc3ccc4ccccc4n3)(c3ccccc3)CC2)c1,7.77,Ki,17.0,nM,1
CHEMBL3775414,c1ccc(-c2ccc(-c3c[nH]c([C@H]4Cc5c([nH]c6ccccc56)[C@@H](C5CCOCC5)N4)n3)cc2)cc1,7.77,IC50,17.0,nM,1
CHEMBL5818494,Cc1nccn1Cc1cn(-c2cccc(C(F)(F)F)c2)nn1,7.76,IC50,17.4,nM,1
CHEMBL4781787,O=C(COc1ccc(C(=O)c2cc(Cl)ccc2Br)cc1)Nc1ccnc(C(=O)NCC2CC2)c1,7.76,IC50,17.5,nM,1
CHEMBL5804405,OCCc1nccn1Cc1cn(-c2ccc(Cl)c(Cl)c2)nn1,7.76,IC50,17.2,nM,1
CHEMBL2113667,c1ccc(CCN2[C@@H]3CC[C@H]2CC(c2c(-c4ccccc4)[nH]c4ccccc24)C3)cc1,7.75,Ki,18.0,nM,1
CHEMBL550818,CN(CC1CCOCC1)C1CCN(c2nc3ccccc3n2Cc2ccc(F)cc2)CC1,7.75,Ki,18.0,nM,1
CHEMBL1671894,c1ccc(-c2[nH]c3ccccc3c2C2CC3CCC(C2)N3c2ccccc2)cc1,7.75,IC50,17.78,nM,1
CHEMBL5935423,Fc1ccc(-c2cnn(Cc3cc[nH]n3)c2)cc1C(F)F,7.75,IC50,17.6,nM,1
CHEMBL4779384,O=C(COc1ccc(C(=O)c2cc(Cl)ccc2Br)cc1)Nc1ccnc(F)c1,7.75,IC50,17.6,nM,1
CHEMBL5976049,Clc1ccc(-n2cc(Cn3ccnc3C3CC3)nn2)cc1Cl,7.75,IC50,17.9,nM,1
CHEMBL390302,CC1(C)C2=C3C=C4C5=[N+](CCC4OC3CCN2c2ccc(CC(=O)NCCCCN(CCOc3ccc(NS(C)(=O)=O)cc3)CCc3ccc(NS(C)(=O)=O)cc3)cc21)c1ccc(S(=O)(=O)[O-])cc1C5(C)C,7.75,Ki,18.0,nM,1
CHEMBL3305167,COc1ccc2ncc(F)c(C[C@H](O)C34CCC(NCc5ccc6c(n5)NC(=O)CO6)(CC3)CO4)c2n1,7.75,IC50,18.0,nM,1
CHEMBL501295,c1ccc(-c2[nH]c3ccccc3c2C2CC3CCC(C2)N3)cc1,7.75,Ki,18.0,nM,1
CHEMBL4748494,O=C(COc1ccc(C(=O)c2cc(Cl)ccc2Br)cc1)Nc1ccc(Cl)c(C(=O)NCC2CC2)c1,7.75,IC50,17.8,nM,1
CHEMBL492553,Nc1ccnc(N2CCC3(CC2)OC(c2ccccc2)c2ccccc23)c1,7.75,Ki,18.0,nM,1
CHEMBL3422960,CN(C)c1cnc2c(CCC34CCC(NCc5ccc6c(n5)NC(=O)CO6)(CC3)CO4)c(F)cnc2c1,7.74,IC50,18.37,nM,1
CHEMBL4088039,CCCCc1cc(OC2CCN(CCCCNS(=O)(=O)C3CCCCC3)CC2)c2ncccc2c1.Cl.Cl,7.74,IC50,18.2,nM,1
CHEMBL5823135,CC(C)(CCc1ccc(F)cc1)N1Cc2cc3c(cc2C1)OCO3,7.72,IC50,19.0,nM,1
CHEMBL2146857,CCOC(=O)c1ccc(CCN2CCN(CCc3ccc([N+](=O)[O-])cc3)CC2)cc1,7.72,IC50,19.0,nM,1
CHEMBL4782998,N#Cc1cncc(NC(=O)COc2ccc(C(=O)c3cc(Cl)ccc3Br)cc2)c1,7.72,IC50,18.9,nM,1
CHEMBL415005,CC1(C)C2=C3C=C4C5=[N+](CCC4OC3CCN2c2ccc(CCC(=O)NCCCCCCN(CCOc3ccc(NS(C)(=O)=O)cc3)CCc3ccc(NS(C)(=O)=O)cc3)cc21)c1ccc(S(=O)(=O)[O-])cc1C5(C)C,7.72,Ki,19.0,nM,1
CHEMBL4791538,O=C(COc1ccc(C(=O)c2cc(Cl)ccc2Br)cc1)Nc1cncc(C(=O)NCC2CC2)c1,7.71,IC50,19.5,nM,1
CHEMBL146233,COc1ccc2c(c1)CCC1(CCN(CCc3ccc(F)cc3F)CC1)O2,7.7,Ki,20.0,nM,1
CHEMBL243896,Cc1cc(-c2ccc3c(c2)CCN(CCCSc2nnc(-c4ccc(C#N)cc4)n2C)CC3)no1,7.7,IC50,19.95,nM,1
CHEMBL3899686,COc1ccc(OC)c(Cc2nc3ccccc3n2CC(=O)Nc2cc(C(C)(C)C)cc(C(C)(C)C)c2)c1,7.7,IC50,20.0,nM,1
CHEMBL4098192,CCCCc1cc(OC2CCN(CCCCNS(C)(=O)=O)CC2)c2ncccc2c1.Cl.Cl,7.7,IC50,19.95,nM,1
CHEMBL213761,O=C(NC1CCN(Cc2ccccc2)CC1)c1cc(=O)c2ccc(F)cc2o1,7.7,IC50,19.9,nM,1
CHEMBL5898058,C[C@@H]1Cc2c(ccc3[nH]ncc23)[C@@H](c2c(F)cc(NC3CN(CCCF)C3)cc2F)N1CC1(F)CC1,7.7,IC50,20.0,nM,1
CHEMBL182646,COc1ccc(CCN(C)CCCN(C(=O)c2ccc([N+](=O)[O-])cc2)c2ccc(OC)c(OC)c2)cc1OC,7.7,IC50,20.0,nM,1
CHEMBL2179671,COCc1ccc(CCN2CCC(COc3nc4ccccc4c4cn(C)cc34)CC2)cc1,7.7,IC50,20.0,nM,1
CHEMBL2179670,CC(=O)Nc1ccc(CCN2CCC(COc3nc4ccccc4c4cn(C)cc34)CC2)cc1,7.7,IC50,20.0,nM,1
CHEMBL384487,CC(=O)c1ccc(CN2CCC(NC(=O)c3cc(=O)c4ccc(F)cc4o3)CC2)cc1,7.69,IC50,20.3,nM,1
CHEMBL52627,CS(=O)(=O)Nc1ccc2c(c1)C(O)CC1(CCN(C3CCc4cc(C#N)ccc4C3)CC1)O2,7.68,IC50,20.89,nM,1
CHEMBL271768,O=C(c1ccncc1)N1CCC2(CCN(Cc3ccccc3Oc3ccccc3)CC2)CC1,7.68,IC50,20.89,nM,1
CHEMBL1083304,CN1C[C@@H]2C[C@H]1CN2c1ccc(-c2ccc3[nH]ccc3c2)nn1,7.68,Ki,21.0,nM,1
CHEMBL5912187,Cc1nccn1Cc1cn(-c2ccc(Cl)c(F)c2)nn1,7.67,IC50,21.2,nM,1
CHEMBL477015,CS(=O)(=O)Nc1ccc2c(c1)[C@H](O)CC1(CCN([C@@H]3CCc4cc(C#N)ccc4C3)CC1)O2,7.67,IC50,21.38,nM,1
CHEMBL216225,O=C(NC1CCN(Cc2cccc(F)c2)CC1)c1cc(=O)c2ccc(F)cc2o1,7.67,IC50,21.2,nM,1
CHEMBL2181207,CCCN1CNc2cc(Nc3ccnc4cc(Cl)ccc34)ccc2C1,7.66,IC50,22.0,nM,1
CHEMBL1085581,CN1C[C@@H]2C[C@H]1CN2c1ncc(-c2ccccc2)cn1,7.66,Ki,22.0,nM,1
CHEMBL17157,CC(C)(C)c1ccc(C(O)CCCN2CCC(C(O)(c3ccccc3)c3ccccc3)CC2)cc1,7.66,IC50,22.0,nM,1
CHEMBL2146852,N#Cc1cccc(CCN2CCN(CCc3ccc([N+](=O)[O-])cc3)CC2)c1,7.66,IC50,22.0,nM,1
CHEMBL4755955,CNC(=O)c1cccc(NC(=O)COc2ccc(C(=O)c3cc(Cl)ccc3Br)cc2)c1,7.66,IC50,22.0,nM,1
CHEMBL5756115,Cc1cc(Cn2cc(-c3ccc(Cl)c(OC(F)F)c3)cn2)[nH]n1,7.66,IC50,22.1,nM,1
CHEMBL5777724,CCc1[nH]ncc1Cn1cc(-c2ccc(F)c(OC(F)F)c2)cn1,7.65,IC50,22.2,nM,1
CHEMBL1008,CC(C)COCC(CN(Cc1ccccc1)c1ccccc1)N1CCCC1,7.64,IC50,22.91,nM,1
CHEMBL585509,Fc1cc2c(cn1)C1(CCN(Cc3ccc(Nc4ccc(F)c(F)c4)cc3)CC1)OC2,7.64,IC50,23.0,nM,1
CHEMBL2146858,O=[N+]([O-])c1ccc(CCN2CCN(CCc3ccc(F)cc3)CC2)cc1,7.64,IC50,23.0,nM,1
CHEMBL494230,Cc1c(CNC(C)C)nn(-c2ccc(Cl)cc2Cl)c1-c1ccc(Cl)cc1,7.64,IC50,23.0,nM,1
CHEMBL512827,Cc1c(CNC2CCCC2)nn(-c2ccc(Cl)cc2Cl)c1-c1ccc(Cl)cc1,7.64,IC50,23.0,nM,1
CHEMBL556312,O=C1NCCN1CCN1CCC(C2CN(c3ccc(F)cc3)c3ccccc32)CC1,7.63,IC50,23.5,nM,1
CHEMBL593521,Fc1cc2c(cn1)C1(CCN(Cc3ccc(Oc4ccc(F)c(F)c4)cc3)CC1)OC2,7.62,IC50,24.0,nM,1
CHEMBL480226,Cc1cc(C(=O)N2CCN(C(=O)C3CCCO3)CC2)ccc1OCc1cccc(Cl)c1,7.62,Ki,23.9,nM,1
CHEMBL329067,N#Cc1ccc(Cn2cncc2CN(CCCc2ccccc2)[C@H]2CCN(Cc3ccccc3)C2=O)cc1,7.62,IC50,24.0,nM,1
CHEMBL2325204,Cc1ccc(CCc2cccc(CCc3ccc(C)cc3)[n+]2C)cc1,7.62,IC50,24.0,nM,1
CHEMBL2325199,Cc1ccc(CCCOCc2cccc(COCCCc3ccc(C)cc3)[n+]2C)cc1,7.62,IC50,24.0,nM,1
CHEMBL395742,Cc1ccc(-c2nnc(SCCCN3CCc4ccc(-c5cc(C)on5)cc4CC3)n2C)cc1,7.6,IC50,25.12,nM,1
CHEMBL244279,Cc1cc(-c2ccc3c(c2)CCN(CCCSc2nnc(-c4ccc(Cl)cc4)n2C)CC3)no1,7.6,IC50,25.12,nM,1
CHEMBL550393,C[C@H]1Sc2ccccc2O[C@@H]1c1ccc(OCCCN2CCCC2)cc1,7.6,IC50,25.0,nM,1
CHEMBL1241641,Cc1ccc2c(N3CCN(CCc4cccc5c4OCc4nc(C(F)(F)F)cn4-5)CC3)cccc2n1,7.6,Ki,25.12,nM,1
CHEMBL6009241,CC(F)(F)c1cccc(-c2cnn(Cc3cc[nH]n3)c2)c1,7.6,IC50,25.2,nM,1
CHEMBL2146853,O=[N+]([O-])c1ccc(CCN2CCN(CCc3ccc4nonc4c3)CC2)cc1,7.6,IC50,25.0,nM,1
CHEMBL368895,CN(C)CCCn1nc(C2=C(c3cn(-c4ccc5ccccc5c4)c4ccccc34)C(=O)NC2=O)c2ccccc21,7.6,Ki,25.0,nM,1
CHEMBL585856,CN(c1ccc(CN2CCC3(CC2)OCc2cc(F)ncc23)cc1)c1ccc(F)c(F)c1,7.6,IC50,25.0,nM,1
CHEMBL2069504,c1ccc(-c2c[nH]c([C@H]3Cc4c([nH]c5ccccc45)C(C4CCOC4)N3)n2)cc1,7.6,IC50,25.0,nM,1
CHEMBL439304,O=C(c1ccc(O)cc1OC[C@@H](O)CN1CCC2(CC1)Cc1cc(Cl)ccc1O2)N1C[C@H](O)CO1,7.6,IC50,25.12,nM,1
CHEMBL5965398,CCc1nccn1Cc1cn(-c2ccc(Cl)cc2)nn1,7.59,IC50,25.8,nM,1
CHEMBL5962619,Cc1nccn1Cc1cn(-c2cc(F)cc(C(F)F)c2)nn1,7.59,IC50,25.9,nM,1
CHEMBL1083617,CN1C[C@@H]2C[C@H]1CN2c1cnc(-c2ccccc2)cn1,7.58,Ki,26.0,nM,1
CHEMBL5875561,Cc1ccc(-n2cc(Cn3ccnc3C)nn2)cc1F,7.58,IC50,26.5,nM,1
CHEMBL521566,CC(C)[C@@H]1CCN(CCCOc2ccc(-n3c(-c4ccccn4)nc4cc(F)ccc43)cc2)C1,7.58,Ki,26.0,nM,1
CHEMBL5804885,FCCc1nccn1Cc1cn(-c2ccc(Cl)c(Cl)c2)nn1,7.58,IC50,26.2,nM,1
CHEMBL4800393,O=C(COc1ccc(C(=O)c2cc(Cl)ccc2Br)cc1)Nc1cccc(C(=O)NCC2CC2)c1,7.58,IC50,26.0,nM,1
CHEMBL61301,Fc1ccc(Cn2c(NC3CCNCC3)nc3ccccc32)cc1,7.56,IC50,27.54,nM,1
CHEMBL1760227,COc1ccc(CCN2C[C@H](CNC(=O)c3cccc(Cl)c3)[C@@H](c3ccc(OC)cc3)C2)cc1,7.55,IC50,28.0,nM,1
CHEMBL5969915,Fc1ccc(-n2cc(Cn3ccnc3C3CC3)nn2)cc1Cl,7.55,IC50,28.3,nM,1
CHEMBL1760242,COc1ccc([C@H]2CN(CCc3ccc(OC)c(OC)c3)C[C@@H]2Cc2nc3ccc(Cl)cc3[nH]2)cc1,7.55,IC50,28.0,nM,1
CHEMBL4797829,N#Cc1cccc(NC(=O)COc2ccc(C(=O)c3cc(Cl)ccc3Br)cc2)c1,7.55,IC50,28.3,nM,1
CHEMBL562471,CN1C(=O)C=C[C@]2(C)[C@H]3CC[C@]4(C)[C@@H](O)/C(=C/c5cccc(F)c5)C[C@H]4[C@@H]3CC[C@@H]12,7.54,Ki,29.0,nM,1
CHEMBL1215691,N#Cc1ccc(N2N=C(c3ccc4[nH]c(=O)oc4c3)C[C@@H]2c2ccc(F)cc2)cc1,7.54,IC50,29.0,nM,1
CHEMBL5891649,C[C@@H]1Cc2c(ccc3[nH]ncc23)[C@@H](c2ncc(NC3CN(CCCF)C3)cc2F)N1CC1(F)CC1,7.54,IC50,29.0,nM,1
CHEMBL1760235,COc1ccc([C@H]2CN(CCc3ccc(OC)c(OC)c3)C[C@@H]2CC(=O)N(C)c2cccc(Cl)c2)cc1,7.54,IC50,29.0,nM,1
CHEMBL4080880,CCCCc1cc(OC2CCN(CCCS(=O)(=O)CCC)CC2)c2ncccc2c1.Cl.Cl,7.54,IC50,28.84,nM,1
CHEMBL1082488,Cc1cc(-c2ccc3cc(CCN4CCC[C@H]4C)ccc3n2)nc(-c2ccccc2)n1,7.52,Ki,30.0,nM,1
CHEMBL4577458,Cc1ccc2oc(C(=O)CC#N)c(C)c2c1,7.52,IC50,30.0,nM,1
CHEMBL4443436,Cc1c(C(=O)CC#N)oc2ccc(Cl)cc12,7.52,IC50,30.0,nM,1
CHEMBL4217209,CCCCCCn1c(NC2CCN(CCc3ccc(OC)cc3)CC2)nc2ccccc21,7.52,IC50,29.96,nM,1
CHEMBL4592743,Cc1c(C(=O)CC#N)oc2ccc(Br)cc12,7.52,IC50,30.0,nM,1
CHEMBL2403866,Cc1nc2cc(F)ccc2n1[C@H]1CC[C@@H](NC[C@H]2Cc3ccc(C#N)cc3C2)CC1,7.52,IC50,30.0,nM,1
CHEMBL4537540,Cc1c(C(=O)CC#N)oc2ccccc12,7.52,IC50,30.0,nM,1
CHEMBL96153,COc1ccc(C2CCN(CC[C@H]3CCOc4ccccc43)CC2)cc1OC,7.52,IC50,30.0,nM,1
CHEMBL3975087,FC(F)c1cc(-c2cnn(Cc3cc[nH]n3)c2)ccc1Cl,7.52,IC50,30.1,nM,1
CHEMBL271128,COc1ccccc1Oc1ccccc1CN1CCC2(CC1)CCN(C(=O)c1ccncc1)CC2,7.52,IC50,30.2,nM,1
CHEMBL377884,Cn1c(=O)cc(NC2CCN(C/C=C/c3ccccc3)CC2)c2cc(Cl)ccc21,7.52,Ki,30.0,nM,1
CHEMBL1223749,Clc1cccc(N2CCN(CCCCNc3nccc4ccccc34)CC2)c1Cl,7.52,Ki,30.0,nM,1
CHEMBL195180,Clc1ccc(-c2nc(COc3ccccc3CN3CCCCCCC3)cs2)cc1,7.52,IC50,30.0,nM,1
CHEMBL1922270,C[C@H]1c2c([nH]c3ccc(C(F)(F)F)cc23)C[C@H]2CCN(CCCC3CCOCC3)C[C@@H]21,7.52,IC50,30.0,nM,1
CHEMBL2387253,COc1ccccc1N1CCN(CCCCOc2ccc3c(C)cc(=O)oc3c2)CC1,7.51,IC50,31.0,nM,1
CHEMBL3425941,O=c1ccc2ncc(F)c3c2n1C[C@@]3(O)CC12CCC(NCCCc3cc(F)ccc3F)(CC1)CO2,7.5,IC50,32.0,nM,1
CHEMBL3425934,O=c1ccc2ncc(F)c3c2n1C[C@@]3(O)CC12CCC(NC/C=C/c3c(F)cccc3F)(CC1)CO2,7.5,IC50,32.0,nM,1
CHEMBL5808148,Fc1cc(-n2cc(Cn3ccnc3C3CC3)nn2)ccc1Cl,7.5,IC50,31.7,nM,1
CHEMBL390649,Cc1cc(-c2ccc3c(c2)CCN(CCCSc2nnc(-c4ccc(C(F)(F)F)cc4)n2C)CC3)n(C)n1,7.5,IC50,31.62,nM,1
CHEMBL1085778,CN1C[C@@H]2C[C@H]1CN2c1ccc(-c2cccc3[nH]ccc23)cn1,7.5,Ki,32.0,nM,1
CHEMBL5941301,CC(C)c1nccn1Cc1cn(-c2cccc(OC(F)(F)F)c2)nn1,7.49,IC50,32.7,nM,1
CHEMBL1108,O=C(CCCN1CC=C(n2c(=O)[nH]c3ccccc32)CC1)c1ccc(F)cc1,7.49,IC50,32.36,nM,1
CHEMBL570593,CC(C)(Cc1ccc2ccccc2c1)NC[C@@H](O)COc1ccc(CCC(=O)O)cc1C#N,7.49,IC50,32.7,nM,1
CHEMBL479,CSc1ccc2c(c1)N(CCC1CCCCN1C)c1ccccc1S2,7.48,IC50,33.2,nM,1
CHEMBL359486,CN(C)CCCn1nc(C2=C(c3cn(-c4cnc5ccccc5c4)c4ccccc34)C(=O)NC2=O)c2ccccc21,7.47,Ki,34.0,nM,1
CHEMBL1760236,COc1ccc([C@H]2CN(CCc3ccc(OC)c(OC)c3)C[C@@H]2CC(=O)NCc2cccc(Cl)c2)cc1,7.47,IC50,34.0,nM,1
CHEMBL253024,O=C(NC1CCc2ccc(CCN3CCN(c4nsc5ccccc45)CC3)cc21)C1CC1,7.46,Ki,35.0,nM,1
CHEMBL398744,O=C(NC1CCc2ccc(CCN3CCN(c4nsc5ccccc45)CC3)cc21)c1ccco1,7.46,Ki,35.0,nM,1
CHEMBL5808304,FC(F)(F)Oc1cccc(-n2cc(Cn3ccnc3C3CC3)nn2)c1,7.46,IC50,34.5,nM,1
CHEMBL4750212,O=C(COc1ccc(C(=O)c2cc(Cl)ccc2Br)cc1)Nc1cccnc1,7.46,IC50,34.7,nM,1
CHEMBL493744,Nc1ccnc(N2CCC(C(=O)N3CCc4ccccc4C3)(c3ccccc3)CC2)c1,7.46,Ki,35.0,nM,1
CHEMBL3740963,O=C(COc1ccc(C(=O)c2ccccc2Br)cc1)Nc1cccnc1,7.45,IC50,35.6,nM,1
CHEMBL52999,COC(=O)c1ccc(-n2cc(C3CCN(CCN4CCNC4=O)CC3)c3cc(Cl)ccc32)cc1,7.44,IC50,36.0,nM,1
CHEMBL564536,CCc1sc(CCc2cc(N3CCOCC3)cc(NC(C)c3cc(Cl)cc(NC(=O)OC(C)C)c3)n2)nc1C,7.44,IC50,36.0,nM,1
CHEMBL480844,CN1CCN(C(=O)c2ccc(OCc3cccc(Cl)c3)c(Cl)c2)CC1=O,7.43,Ki,37.2,nM,1
CHEMBL3221110,O=[N+]([O-])c1cccc(CNc2cc(C(F)(F)F)cc3ncc(N4CCN(CCO)CC4)cc23)c1,7.43,IC50,37.0,nM,1
CHEMBL2391939,O=C(NC1CC1)c1ccc(F)cc1OC[C@@H](O)CN1CCC2(CC1)Cc1cc(Cl)ccc1O2,7.42,IC50,38.0,nM,1
CHEMBL6051432,Cc1nccn1Cc1cn(-c2ccc(Cl)cc2)nn1,7.42,IC50,38.4,nM,1
CHEMBL6035199,FC(F)(F)c1cc(-n2cc(Cn3ccnc3C3CC3)nn2)ccc1Cl,7.42,IC50,38.0,nM,1
CHEMBL572163,CC(C)(Cc1ccc2ccccc2c1)NC[C@@H](O)COc1ccc(CCC(=O)O)cc1,7.42,IC50,38.5,nM,1
CHEMBL5893534,CCCCc1nccn1Cc1cn(-c2ccc(Cl)cc2)nn1,7.41,IC50,38.9,nM,1
CHEMBL3086035,O=C(NC(c1ccc(Cl)cc1)c1ccc(Cl)cc1)[C@@H]1CC[C@@H](N2CCOCC2)C[C@H]1c1ccc(Br)cc1,7.41,IC50,39.0,nM,1
CHEMBL532,CC[C@H]1OC(=O)[C@H](C)[C@@H](O[C@H]2C[C@@](C)(OC)[C@@H](O)[C@H](C)O2)[C@H](C)[C@@H](O[C@@H]2O[C@H](C)C[C@H](N(C)C)[C@H]2O)[C@](C)(O)C[C@@H](C)C(=O)[C@H](C)[C@@H](O)[C@]1(C)O,7.41,IC50,39.0,nM,1
CHEMBL71752,CCOC(=O)C1=C[C@]2(CC)CCCN3CCc4c(n1c1ccccc41)[C@@H]32,7.41,IC50,39.0,nM,1
CHEMBL3093965,CCCCCCC[N+](CC)(CC)CC#Cc1ccc(Cl)cc1.Cc1ccc(S(=O)(=O)[O-])cc1,7.4,IC50,40.0,nM,1
CHEMBL2031983,COc1cc(CNCC2CCN(CCCCCC(c3ccc(F)cc3)c3ccc(F)cc3)C2)cc(OC)c1OC,7.4,IC50,40.0,nM,1
CHEMBL242600,COc1ccc(-c2nnc(SCCCN3CCc4ccc(-c5cc(C)on5)cc4CC3)n2C)cc1,7.4,IC50,39.81,nM,1
CHEMBL390429,COc1ccccc1-c1nnc(SCCCN2CCc3ccc(-c4cc(C)on4)cc3CC2)n1C,7.4,IC50,39.81,nM,1
CHEMBL550337,COCCN(C)C1CCN(c2nc3ccccc3n2Cc2ccc(F)cc2)CC1,7.4,Ki,40.0,nM,1
CHEMBL197304,COc1cccc(CN2CCCCCCC2)c1OCc1csc(-c2ccc(Cl)cc2)n1,7.4,IC50,40.0,nM,1
CHEMBL2325200,Cc1ccc(C#CCOCc2cccc(COCC#Cc3ccc(C)cc3)[n+]2C)cc1,7.4,IC50,40.0,nM,1
CHEMBL1107,CCCCN(CCCC)CCC(O)c1cc2c(Cl)cc(Cl)cc2c2cc(C(F)(F)F)ccc12,7.4,IC50,40.0,nM,1
CHEMBL487912,Cc1n[nH]cc1-c1cc(C(F)(F)F)cc(S(=O)(=O)N2CCN(C(=O)[C@@H]3C[C@H]3c3ccc(C(F)(F)F)cc3)CC2)c1,7.4,IC50,40.0,nM,1
CHEMBL1761528,COCCCc1cc(CN(C(=O)[C@H]2CNCC[C@@H]2c2ccc(OCCOc3c(Cl)cc(C)cc3Cl)cc2)C2CC2)cc(OC[C@H]2C[C@@H]2C(=O)OCOC(=O)C(C)(C)C)c1,7.4,Ki,40.0,nM,1
CHEMBL244276,Cc1cnc(-c2ccc3c(c2)CCN(CCCSc2nnc(-c4ccc5[nH]ccc5c4)n2C)CC3)o1,7.4,IC50,39.81,nM,1
CHEMBL2046892,Fc1ccc(N(CCNCCc2ccccc2)c2ccc(F)cc2)cc1,7.4,IC50,39.81,nM,1
CHEMBL1082330,CN1c2nc(-c3ccc(Cl)cc3Cl)c(-c3ccc(Cl)cc3)cc2C(C(=O)NCO)CC1(C)C,7.4,IC50,40.0,nM,1
CHEMBL5964323,OCCc1nccn1Cc1cn(-c2cccc(C3CC3)c2)nn1,7.39,IC50,41.1,nM,1
CHEMBL6048915,Cc1[nH]ncc1Cn1cc(-c2ccc(Cl)c(OC(F)F)c2)cn1,7.39,IC50,41.1,nM,1
CHEMBL2146851,N#Cc1ccc(CCN2CCN(CCc3ccc4nonc4c3)CC2)cc1,7.38,IC50,42.0,nM,1
CHEMBL2203612,Cc1nc2ccccc2n1[C@@H]1C[C@H]2COC[C@@H](C1)N2CC[C@H](NC(=O)C1CCC1)c1ccccc1,7.38,Ki,42.0,nM,1
CHEMBL496523,Fc1ccc2c(c1)nc(-c1ccccn1)n2-c1ccc(OCCCN2CCSC2)cc1,7.38,Ki,42.0,nM,1
CHEMBL296397,CC(C(=O)N[C@]1(c2ccccc2)CC[C@@H](N2CCC(c3ccc(F)cc3)CC2)CC1)c1cc(C(F)(F)F)cc(C(F)(F)F)c1,7.37,Ki,43.0,nM,1
CHEMBL5829580,CCc1c[nH]nc1Cn1cc(-c2ccc(F)c(OC(F)F)c2)cn1,7.36,IC50,43.8,nM,1
CHEMBL3735506,COCCN1CCC(CNC(=O)c2n[nH]c3ccc(-c4cccc(F)c4F)cc23)CC1,7.36,IC50,44.0,nM,1
CHEMBL4791562,O=C(COc1ccc(C(=O)c2cc(Cl)ccc2Br)cc1)Nc1ccncc1,7.36,IC50,43.7,nM,1
CHEMBL4082646,CCCCc1cc(OC2CCN(CCCCNS(=O)(=O)CC(C)C)CC2)c2ncccc2c1.Cl.Cl,7.36,IC50,43.65,nM,1
CHEMBL2204934,Fc1ccc(-c2c[nH]c([C@H]3Cc4c([nH]c5ccccc45)C(c4ccccc4)(c4ccccc4)N3)n2)cc1,7.36,Ki,44.0,nM,1
CHEMBL258246,CC(C)[C@]1(C(=O)NCc2cc(C(F)(F)F)cc(C(F)(F)F)c2)CC[C@@H](N2CCC(c3cccc(F)c3)CC2)C1,7.35,IC50,45.0,nM,1
CHEMBL1760244,COc1ccc([C@H]2CN(CCc3ccc(OC)c(OC)c3)C[C@@H]2CCc2cc3ccc(Cl)cc3[nH]2)cc1,7.35,IC50,45.0,nM,1
CHEMBL5757923,Cc1nccn1Cc1cn(-c2ccc(C(F)(F)F)cc2)nn1,7.34,IC50,46.0,nM,1
CHEMBL556431,CN1C(=O)C=C[C@]2(C)[C@H]3CC[C@]4(C)[C@@H](O)/C(=C/c5cc(F)cc(F)c5)C[C@H]4[C@@H]3CC[C@@H]12,7.34,Ki,46.0,nM,1
CHEMBL1085091,CN1C[C@@H]2C[C@H]1CN2c1ccc(-c2ccc3[nH]ncc3c2)cn1,7.34,Ki,46.0,nM,1
CHEMBL2441430,O=C(Cc1ccc([N+](=O)[O-])cc1)N1CCN(CCc2ccc([N+](=O)[O-])cc2)CC1,7.34,IC50,46.0,nM,1
CHEMBL1760226,COc1ccc([C@H]2CN(CCc3cccc(OC)c3)C[C@@H]2CNC(=O)c2cccc(Cl)c2)cc1,7.33,IC50,47.0,nM,1
CHEMBL5909787,CCc1cc(Cn2cc(-c3ccc(F)c(C(F)F)c3)cn2)n[nH]1,7.33,IC50,47.0,nM,1
CHEMBL2146854,O=[N+]([O-])c1ccc(CCN2CCN(CCc3ccc(-c4ncco4)cc3)CC2)cc1,7.33,IC50,47.0,nM,1
CHEMBL5778585,CCCc1nccn1Cc1cn(-c2ccc(Cl)cc2)nn1,7.33,IC50,46.6,nM,1
CHEMBL216680,CC(=O)Nc1ccc(CN2CCC(NC(=O)c3cc(=O)c4ccc(F)cc4o3)CC2)cc1,7.32,IC50,47.7,nM,1
CHEMBL1766528,CN1CCN(c2cnc3cc(C(F)(F)F)cc(NCc4cccc([N+](=O)[O-])c4)c3c2)CC1,7.31,IC50,49.0,nM,1
CHEMBL4537231,C=CC(=O)N1CCC[C@H]1COc1c(N)ncnc1-c1cc(F)cc(NC(=O)c2ccc(C3CC3)cc2F)c1C,7.31,IC50,49.0,nM,1
CHEMBL497575,COC(=O)C1CCN(CCCOc2ccc(-n3c(-c4ccccn4)nc4cc(F)ccc43)cc2)CC1,7.31,Ki,49.0,nM,1
CHEMBL2146806,CCCCN1CCC[C@@H]1Cn1nc(Cc2ccc(Cl)cc2)c2cnccc2c1=O,7.3,IC50,50.12,nM,1
CHEMBL1767164,O=c1c2ccccc2c(Cc2ccc(Cl)cc2)nn1C[C@H]1CCCN1CCCCc1ccc(OCCCN2CCCCCC2)cc1,7.3,IC50,50.12,nM,1
CHEMBL397429,Cc1cnc(-c2ccc3c(c2)CCN(CCCSc2nnc(-c4cc5ccccc5[nH]4)n2C)CC3)o1,7.3,IC50,50.12,nM,1
CHEMBL5395465,O=C(O)c1cc(F)c2nc(CN3CCN(c4cccc(OCc5ccc(Cl)c6c5OCC6)n4)C=N3)n(C[C@@H]3CCO3)c2c1,7.3,IC50,50.0,nM,1
CHEMBL2012014,Nc1ccnc(Nc2ccc(Oc3ccc(Cl)cc3)cc2)c1,7.3,Ki,50.0,nM,1
CHEMBL4870175,N#Cc1ccc(CCN2CCC(Nc3nc4ccccc4n3Cc3ccc(C#N)cc3)CC2)cc1,7.3,IC50,50.0,nM,1
CHEMBL1632210,Cc1ccc2c(N3CCN(CCc4cccc(NC(=O)c5ccccc5)c4)CC3)cccc2n1,7.3,Ki,50.12,nM,1
CHEMBL4867115,N#Cc1ccc(CCN2CCC(Nc3nc4ccccc4n3Cc3ccc(C#N)c(F)c3)CC2)cc1,7.3,IC50,50.0,nM,1
CHEMBL2179675,Cl.Cn1cc2c(OCC3CCN(CCc4ccc(N)cc4)CC3)nc3ccccc3c2c1,7.3,IC50,50.0,nM,1
CHEMBL3582308,Fc1ccc(-c2c[nH]c([C@@H]3CCc4[nH]c5ccccc5c4C3)n2)cc1,7.3,Ki,50.0,nM,1
CHEMBL221746,CCOC(=O)C1CCN(C(=N)c2ccc(C(=O)Nc3c(OC)cc(Cl)cc3C(=O)Nc3ccc(Cl)cn3)c(F)c2)CC1,7.29,Ki,51.0,nM,1
CHEMBL2324262,Cc1ccc(OCc2cccc(COc3ccc(C)cc3)[n+]2C)cc1,7.28,IC50,53.0,nM,1
CHEMBL3093976,CCCCCCCN(CC)CC#CCCc1ccc(Cl)cc1,7.28,IC50,53.0,nM,1
CHEMBL589069,CCCOCCn1c(=O)c(N2CCN([C@@H](C)[C@@H](C)O)CC2)nc2cnc(-c3ccc(OC)nc3)cc21,7.27,IC50,54.0,nM,1
CHEMBL4072929,Cc1c([C@@H](O)CN2CCC3(CC2)CCN(c2cc(-c4ccccc4)no2)C3=O)ccc2c1COC2=O,7.27,IC50,54.0,nM,1
CHEMBL428602,CC(C)(O)[C@]1(C(=O)NCc2cc(C(F)(F)F)cc(C(F)(F)F)c2)CC[C@@H](N2CCC(c3ccc(F)cc3)CC2)C1,7.27,IC50,54.0,nM,1
CHEMBL3983077,CCc1[nH]ncc1Cn1cc(-c2ccc(Cl)c(OC(F)F)c2)cn1,7.25,IC50,56.0,nM,1
CHEMBL1760237,COc1ccc([C@H]2CN(CCc3ccc(OC)c(OC)c3)C[C@@H]2CCNC(=O)c2cccc(Cl)c2)cc1,7.25,IC50,56.0,nM,1
CHEMBL391487,CNC(=O)Cn1c(=O)n(C2CCN(CCC(Oc3cc(OC)ccc3C)C(C)C)CC2)c2ccccc21,7.25,Ki,56.0,nM,1
CHEMBL1682748,CC(C)Oc1ccc(F)cc1-c1ccc(N2CCC(CNC(=O)c3ccc(-c4nc5cc(C#N)cc(C(C)C)c5o4)cc3)CC2)nc1,7.25,IC50,56.0,nM,1
CHEMBL558467,CN(C)C1CCN(c2nc3ccccc3n2Cc2ccc(F)cc2)CC1,7.24,Ki,57.0,nM,1
CHEMBL3093982,CCCCCCCN(CC)CC#CCOc1ccc(Cl)cc1,7.24,IC50,58.0,nM,1
CHEMBL219916,O=c1[nH]c2ccccc2n1CCCN1CCC(n2c(=O)[nH]c3cc(Cl)ccc32)CC1,7.24,IC50,57.54,nM,1
CHEMBL3775456,FC(F)(F)Oc1cccc(-c2c[nH]c([C@H]3Cc4c([nH]c5ccccc45)[C@@H](C4CCOCC4)N3)n2)c1,7.24,IC50,58.0,nM,1
CHEMBL3093962,CCCCCCCN1CCC(Cc2ccccc2)CC1,7.24,IC50,58.0,nM,1
CHEMBL4878988,CCC(NC(=O)c1ccc(Cl)cc1)[C@H]1[C@@H]2C[C@@H](n3cnc4cnccc43)C[C@@H]21,7.23,IC50,59.0,nM,1
CHEMBL1761518,COCCCc1cc(CN(C(=O)[C@H]2CNCC[C@@H]2c2ccc(OCCOc3c(Cl)cc(C)cc3Cl)cc2)C2CC2)cc(OCC2(CC#N)CC2)c1,7.22,Ki,60.0,nM,1
CHEMBL520543,O=C([C@@H]1C[C@H]1c1ccc(C(F)(F)F)cc1)N1CCN(S(=O)(=O)c2cc(C(O)C(F)(F)F)cc(C(F)(F)F)c2)CC1,7.22,IC50,60.0,nM,1
CHEMBL4781970,Cc1cc(NC(=O)COc2ccc(C(=O)c3cc(Cl)ccc3Br)cc2)ccn1,7.22,IC50,59.7,nM,1
CHEMBL2403861,CC(C)(O)c1nc2cc(Cl)ccc2n1[C@H]1CC[C@@H](NC[C@H]2Cc3ccc(C#N)cc3C2)CC1,7.22,IC50,60.0,nM,1
CHEMBL2324245,C[n+]1c(CCCOc2cccc(Cl)c2)cccc1CCCOc1cccc(Cl)c1,7.22,IC50,60.0,nM,1
CHEMBL2046890,c1ccc(CCNCCN(c2ccccc2)c2ccccc2)cc1,7.21,IC50,62.0,nM,1
CHEMBL522894,Fc1ccc2c(c1)nc(-c1ccccn1)n2-c1ccc(OCCCN2CCOCC2)cc1,7.21,Ki,62.0,nM,1
CHEMBL1089681,O=C(NCc1cc(Cl)cc(Cl)c1)N(c1ccc(Br)cc1)C1CCN(C2CCCC2)CC1,7.21,IC50,61.0,nM,1
CHEMBL2146811,COCCN1CCC[C@@H]1Cn1nc(Cc2ccc(Cl)cc2)c2ncccc2c1=O,7.2,IC50,63.1,nM,1
CHEMBL244087,Cc1cc(-c2ccc3c(c2)CCN(CCCSc2nnc(-c4ccccc4Cl)n2C)CC3)no1,7.2,IC50,63.1,nM,1
CHEMBL490417,Cc1ccc2c(N3CCN(CCc4ccc5c(c4)NC(=O)CO5)CC3)cccc2n1,7.2,Ki,63.1,nM,1
CHEMBL257536,Cc1ncoc1-c1nnc(SCCCN2CCc3cc4c(cc3CC2)OCC(=O)N4)n1C,7.2,IC50,63.1,nM,1
CHEMBL551927,C[C@@]12CC(c3ccccc3)C[C@@H](C1)N(CCN1CCN(c3cccc(Cl)c3)C1=O)C2,7.2,IC50,63.1,nM,1
CHEMBL215631,O=C(NC1CCN(Cc2ccc3c(c2)OCO3)CC1)c1cc(=O)c2ccc(O)cc2o1,7.2,IC50,63.7,nM,1
CHEMBL243897,Cc1cc(-c2ccc3c(c2)CCN(CCCSc2nnc(-c4ccc(C(F)(F)F)cc4)n2C)CC3)no1,7.2,IC50,63.1,nM,1
CHEMBL562464,O=C1N(CCN2C[C@@H]3CC[C@H]2Cc2ccccc2C3)CCN1c1cccc(Cl)c1,7.2,IC50,63.1,nM,1
CHEMBL5984990,CCn1cncc1Cn1cc(-c2ccc(Cl)c(C(F)F)c2)cn1,7.2,IC50,63.5,nM,1
CHEMBL4080166,CCCCc1cc(OC2CCN(CCCNS(=O)(=O)CC)CC2)c2ncccc2c1.Cl.Cl,7.2,IC50,63.1,nM,1
CHEMBL3425940,O=c1ccc2ncc(F)c3c2n1C[C@@]3(O)CC12CCC(NC/C=C/c3ccccn3)(CC1)CO2,7.19,IC50,64.0,nM,1
CHEMBL3425939,O=c1ccc2ncc(F)c3c2n1C[C@@]3(O)CC12CCC(NC/C=C/c3ccccc3)(CC1)CO2,7.19,IC50,64.0,nM,1
CHEMBL3425936,O=c1ccc2ncc(F)c3c2n1C[C@@]3(O)CC12CCC(NC/C=C/c3ccc(F)cc3)(CC1)CO2,7.19,IC50,64.0,nM,1
CHEMBL3425942,O=c1ccc2ncc(F)c3c2n1C[C@@]3(O)CC12CCC(NCOc3cc(F)ccc3F)(CC1)CO2,7.19,IC50,64.0,nM,1
CHEMBL5838048,Cc1n[nH]c(C)c1CCn1cc(-c2ccc(Cl)c(OC(F)F)c2)cn1,7.18,IC50,65.5,nM,1
CHEMBL4081080,N/C(CC(O)c1cc2c(F)cc(F)cc2c2cc(C(F)(F)F)ccc12)=N\N=C\c1ccc(F)cc1,7.17,IC50,67.0,nM,1
CHEMBL255312,CC(C)[C@]1(C(=O)NCc2cc(C(F)(F)F)cc(C(F)(F)F)c2)CC[C@@H](N2CCC(c3cccc(O)c3)CC2)C1,7.17,IC50,67.0,nM,1
CHEMBL2146869,c1cc2nonc2cc1CCN1CCN(CCc2ccc3nonc3c2)CC1,7.17,IC50,67.0,nM,1
CHEMBL4777849,N#Cc1cc(NC(=O)COc2ccc(C(=O)c3cc(Cl)ccc3Br)cc2)ccc1F,7.16,IC50,69.5,nM,1
CHEMBL494504,CCCCN(CCc1ccc(Cl)c(Cl)c1)C[C@H](O)COc1ccc(NS(C)(=O)=O)cc1,7.16,IC50,70.0,nM,1
CHEMBL495698,Fc1ccc2c(c1)nc(-c1ccccn1)n2-c1ccc(OCCCN2CCCCC2)cc1,7.16,Ki,70.0,nM,1
CHEMBL3775282,COc1ccc(-c2c[nH]c([C@H]3Cc4c([nH]c5ccccc45)[C@@H](C4CCOCC4)N3)n2)cc1,7.16,IC50,69.0,nM,1
CHEMBL150210,Fc1ccc(CCN2CCC3(CCc4ccccc4C3)CC2)c(F)c1,7.16,Ki,69.0,nM,1
CHEMBL4068450,CN1CCc2c(sc3c2c2ncnn2c(=O)n3Cc2ccc(Cl)cc2)C1,7.16,IC50,69.0,nM,1
CHEMBL386839,CCOC(=O)[C@H]1CN(S(=O)(=O)c2cc3cc(Cl)ccc3[nH]2)CC(=O)N1Cc1ccc(C(=N)N(C)C)cc1,7.15,Ki,71.0,nM,1
CHEMBL573216,COc1ccccc1Oc1ccccc1CN1CCC2(CC1)CCN(C(=O)c1ccncn1)CC2,7.15,IC50,70.79,nM,1
CHEMBL5758576,CCc1c[nH]nc1Cn1cc(-c2ccc(F)c(C(F)F)c2)cn1,7.15,IC50,71.2,nM,1
CHEMBL221921,COC(=O)c1ccc(Sc2ccc(NC(=O)c3ccc(C(=N)N(C)C)cc3)c(C(=O)Nc3ccc(Cl)cn3)c2)cc1,7.15,Ki,71.0,nM,1
CHEMBL5840390,CC(C)(C)c1nccn1Cc1cn(-c2ccc(Cl)c(OC(F)F)c2)nn1,7.14,IC50,72.9,nM,1
CHEMBL563451,Cc1ccc(Cn2c(N3CCC(N(C)C)CC3)nc3ccccc32)cc1,7.14,Ki,73.0,nM,1
CHEMBL2324247,c1ccc(OCc2cccc(COc3ccccc3)n2)cc1,7.13,IC50,74.0,nM,1
CHEMBL2324246,C[n+]1c(CCCOc2ccccc2Cl)cccc1CCCOc1ccccc1Cl,7.13,IC50,74.0,nM,1
CHEMBL1822859,COc1ccccc1-c1ccc(OCCCN2CCCCC2)cc1,7.12,Ki,76.0,nM,1
CHEMBL4079248,CCCCc1cc(OC2CCN(CCNS(=O)(=O)CC)CC2)c2ncccc2c1.Cl.Cl,7.12,IC50,75.86,nM,1
CHEMBL4098917,CCCCc1cc(OC2CCN(CCCS(=O)(=O)CC)CC2)c2ncccc2c1.Cl.Cl,7.12,IC50,75.86,nM,1
CHEMBL6009907,CCc1cc(Cn2cc(-c3ccc(Cl)c(OC(F)F)c3)cn2)n[nH]1,7.12,IC50,76.2,nM,1
CHEMBL5763605,CC(C)c1nccn1Cc1cn(-c2ccc(Cl)cc2)nn1,7.11,IC50,77.4,nM,1
CHEMBL5798604,CCn1cncc1Cn1cc(-c2ccc(F)c(C)c2)cn1,7.11,IC50,77.8,nM,1
CHEMBL442290,O=C(NC1CCc2ccc(CCN3CCN(c4nsc5ccccc45)CC3)cc21)c1ccc(F)cc1,7.11,Ki,78.0,nM,1
CHEMBL2069500,c1ccc(-c2c[nH]c([C@H]3Cc4c([nH]c5ccccc45)C(C4CCCCC4)N3)n2)cc1,7.11,IC50,77.0,nM,1
CHEMBL3966599,Cn1ccc(Cn2cc(-c3ccc(Cl)c(OC(F)F)c3)cn2)n1,7.11,IC50,78.4,nM,1
CHEMBL4088036,CCCCc1cc(OC2CCN(CCCCNS(=O)(=O)CC)CC2)c2ncccc2c1.Cl.Cl,7.11,IC50,77.62,nM,1
CHEMBL1761519,COCCCc1cc(CN(C(=O)[C@H]2CNCC[C@@H]2c2ccc(OCCOc3c(Cl)cc(C)cc3Cl)cc2)C2CC2)cc(OCCOC)c1,7.1,Ki,80.0,nM,1
CHEMBL5828163,Cc1cc(-c2cnn(Cc3cc[nH]n3)c2)ccc1F,7.1,IC50,78.7,nM,1
CHEMBL2146807,CCCCN1CCC[C@@H]1Cn1nc(Cc2ccc(Cl)cc2)c2cccnc2c1=O,7.1,IC50,79.43,nM,1
CHEMBL1802360,O=c1[nH]c2ccccc2n1C1CCN(CCCOc2ccc(F)cc2)CC1,7.1,IC50,79.43,nM,1
CHEMBL4292990,CN(c1ccc(-c2cc3ccccc3cc2O)nn1)C1CC(C)(C)NC(C)(C)C1,7.1,IC50,80.0,nM,1
CHEMBL1671884,c1ccc(C2=Nc3ccccc3C2C2CCN(c3ccccc3)CC2)cc1,7.1,IC50,79.43,nM,1
CHEMBL40584,c1ccc(CCN2CCC(c3c(-c4ccccc4)[nH]c4ccccc34)CC2)cc1,7.1,Ki,80.0,nM,1
CHEMBL1289063,CC(C)S(=O)(=O)N[C@H]1CN(c2ccccc2)C[C@@H]1c1ccc(-c2ccc(F)nc2)cc1,7.1,IC50,80.0,nM,1
CHEMBL526466,N#Cc1ccc2cc1Oc1ccc3c(c1)[C@@H](CC3)N1CC[C@@H](NCc3cncn3C2)C1=O,7.1,IC50,80.0,nM,1
CHEMBL244278,Cc1cc(-c2ccc3c(c2)CCN(CCCSc2nnc(-c4cccc(Cl)c4)n2C)CC3)no1,7.1,IC50,79.43,nM,1
CHEMBL4476621,O=C(NNC(=S)Nc1ccc(Cl)c(Cl)c1)c1ccccc1O,7.1,IC50,80.0,nM,1
CHEMBL1761521,COCCCc1cc(CN(C(=O)[C@H]2CNCC[C@@H]2c2ccc(OCCOc3c(Cl)cc(C)cc3Cl)cc2)C2CC2)cc(OCCCNS(C)(=O)=O)c1,7.1,Ki,80.0,nM,1
CHEMBL557110,O=C1N(CCN2CCCC(OCc3ccccc3)C2)CCN1c1cccc(Cl)c1,7.1,IC50,79.43,nM,1
CHEMBL1095159,CC1(C)CC(NC(=O)C(F)(F)CO)c2cc(-c3ccc(Cl)cc3)c(-c3ccc(Cl)cc3Cl)nc2O1,7.1,IC50,80.0,nM,1
CHEMBL4637502,COCCN1CCN(Cc2ccc(NC(=O)c3ccc(C)c(C#Cc4cnc5cccnn45)c3)cc2C2CC2)CC1,7.1,IC50,80.0,nM,1
CHEMBL387972,CC1CCN(Cc2ccc3c(c2)Cc2c(-c4csc(C#CCOc5ccccc5)c4)n[nH]c2-3)CC1,7.1,IC50,80.0,nM,1
CHEMBL1761524,CCOC(=O)[C@H]1C[C@@H]1COc1cc(CCCOC)cc(CN(C(=O)[C@H]2CNCC[C@@H]2c2ccc(OCCOc3c(Cl)cc(C)cc3Cl)cc2)C2CC2)c1,7.1,Ki,80.0,nM,1
CHEMBL4173253,O=S(=O)(CC1CC1)NCCOc1ccc2c(c1)[C@@H](Cc1ccccc1)[C@@H](N1CCC1)CC2,7.1,IC50,80.0,nM,1
CHEMBL429436,O=C(c1ccc(Cl)cc1)N1CCC2(CCN(Cc3cccc(Oc4ccccc4)c3)CC2)CC1,7.09,IC50,81.28,nM,1
CHEMBL4443394,CN(C)CC(C)(C)Cn1nc(-c2ccc3nc(OC4CC4)ccc3c2)c2c(N)ncnc21,7.09,IC50,82.0,nM,1
CHEMBL525413,N#Cc1ccc2cc1Oc1cccc(c1)C(c1cccc(Cl)c1)N1CC[C@@H](NCc3cncn3C2)C1=O,7.09,IC50,82.0,nM,1
CHEMBL495346,COc1ccc(C(=O)NC2(c3ccccc3)CCN(c3cc(N)ccn3)CC2)c(OC)c1,7.09,Ki,82.0,nM,1
CHEMBL244347,CN(C(=O)CC[C@@H](C1CCCCC1)N1Cc2cc(Oc3ccccc3)ccc2N=C1N)C1CCCCC1,7.08,Ki,84.0,nM,1
CHEMBL305660,CC(C)(C)c1ccc(C(=O)CCCN2CCC(OC(c3ccccc3)c3ccccc3)CC2)cc1,7.07,Ki,85.8,nM,1
CHEMBL2325205,Cc1ccc(OCCCc2cccc(CCCOc3ccc(C)cc3)[n+]2C)cc1,7.07,IC50,86.0,nM,1
CHEMBL513585,Cc1ccccc1C1CCN(C[C@@H]2CCc3c(C)cccc3[C@@H](O)C2)CC1,7.07,IC50,86.0,nM,1
CHEMBL6033368,Cc1ccc(-n2cc(Cn3ccnc3C3CC3)nn2)cc1F,7.06,IC50,87.1,nM,1
CHEMBL443476,O=C1NCCN1CCN1CCC(c2cn(-c3ccccc3)c3ccc(Cl)cc23)CC1,7.06,IC50,87.1,nM,1
CHEMBL3775284,c1ccc2c3c([nH]c2c1)[C@@H](C1CCOCC1)N[C@@H](c1nc(-c2csc4ccccc24)c[nH]1)C3,7.06,IC50,87.0,nM,1
CHEMBL488294,CC(C)(C)CCN1CCC(CNC(=O)Nc2cccc(Cl)c2)(c2ccccc2)CC1,7.06,IC50,88.0,nM,1
CHEMBL377084,O=c1cc(NC2CCN(Cc3ccc4ccccc4c3)CC2)c2cc(Cl)ccc2n1Cc1ccccn1,7.06,Ki,88.0,nM,1
CHEMBL4059750,CCCCc1cc(OC2CCN(CCCCNS(=O)(=O)CCC)CC2)c2ncccc2c1.Cl.Cl,7.06,IC50,87.1,nM,1
CHEMBL362721,CN1Cc2ccccc2[C@@H](c2ccccc2)N=C1CCc1ccccc1,7.05,IC50,90.0,nM,1
CHEMBL1822689,c1coc(-c2ccc(OCCCN3CCCCC3)cc2)c1,7.05,Ki,90.0,nM,1
CHEMBL3582314,c1ccc2c3c([nH]c2c1)C(C1CCCCC1)N[C@@H](c1nc(-c2ccncc2)c[nH]1)C3,7.05,IC50,90.0,nM,1
CHEMBL375021,CN(C)c1ccc2c(c1)Cc1cc(N(C)C)ccc1C21OC(=O)c2cc(C(=O)NCCCCCCN(CCOc3ccc(NS(C)(=O)=O)cc3)CCc3ccc(NS(C)(=O)=O)cc3)ccc21,7.05,Ki,89.0,nM,1
CHEMBL4868736,N#Cc1ccc(CCN2CCC(Nc3nc4ccccc4[nH]3)CC2)cc1,7.05,IC50,90.0,nM,1
CHEMBL3354696,NC1=N[C@]2(CO1)c1cc(OCC3CCCCC3)ccc1Oc1ccc(-c3cncnc3)cc12,7.05,Ki,90.0,nM,1
CHEMBL385738,COC(=O)N(NC(=O)c1c(OCCN(C)C)c(-c2ccccc2)nc2ccccc12)c1ccccc1,7.05,Ki,89.0,nM,1
CHEMBL221753,CC(C)(C)CC(C)(C)c1ccc(OCCOCC[N+](C)(C)Cc2ccccc2)cc1.[Cl-],7.05,Ki,88.9,nM,1
CHEMBL221703,CN(C)C(=N)c1ccc(C(=O)Nc2ccc(Sc3ccccc3)cc2C(=O)Nc2ccc(Cl)cn2)cc1,7.05,Ki,89.0,nM,1
CHEMBL4639814,C[C@@H]1CN(CC[S+]([O-])C(c2ccc(F)cc2)c2ccc(F)cc2)C[C@H](C)N1CC(O)Cc1ccccc1,7.04,IC50,91.5,nM,1
CHEMBL3805335,CC(=O)Nc1ccc2c3c(cccc13)C(=O)N(CCCCN1CCC(Nc3nc4ccccc4n3Cc3ccc(F)cc3)CC1)C2=O,7.04,Ki,91.0,nM,1
CHEMBL4102287,CCCCc1cc(OC2CCN(CCCS(=O)(=O)C(C)C)CC2)c2ncccc2c1.Cl.Cl,7.04,IC50,91.2,nM,1
CHEMBL5961464,FC(F)(F)c1cccc(-n2cc(Cn3ccnc3C3CC3)nn2)c1,7.04,IC50,91.6,nM,1
CHEMBL524467,Fc1ccc2c(c1)nc(-c1ccccn1)n2-c1ccc(OCCCN2CCc3ccccc3C2)cc1,7.03,Ki,94.0,nM,1
CHEMBL4063163,CCCCc1cc(OC2CCN(CCCCS(=O)(=O)NCCC)CC2)c2ncccc2c1,7.02,IC50,95.5,nM,1
CHEMBL5790288,Clc1ccc(-n2cc(Cn3ccnc3C3CC3)nn2)cc1,7.02,IC50,95.8,nM,1
CHEMBL5821369,FS(F)(F)(F)(F)c1cccc(-c2cnn(Cc3cc[nH]n3)c2)c1,7.02,IC50,95.1,nM,1
CHEMBL471220,NC(=O)CN1CCC2(CCN(c3ccc(C(=O)Nc4cc(-c5cccs5)ccc4N)cn3)CC2)C1,7.01,Ki,97.0,nM,1
CHEMBL239596,CC(C)N1CCN(C2CCc3ccc(OCc4noc(-c5ccc(Cl)cc5)n4)cc32)CC1,7.01,Ki,98.1,nM,1
CHEMBL1671885,CCCCCCCCC(=O)NCc1ccc(CC(O)CO)c(OC)c1,7.0,IC50,100.0,nM,1
CHEMBL4748898,CC1OC2(CCN(CCc3ccccc3)CC2)CN(Cc2ccccc2)C1=O,7.0,IC50,100.0,nM,1
CHEMBL3775810,Cn1c(SCCCN2CC3CCN(c4ccc(C(F)(F)F)cc4)C3C2)nnc1-c1ccncn1,7.0,IC50,100.0,nM,1
CHEMBL573485,COc1ccc(-c2cnc3nc(N4CCC(N5CCCCC5)CC4)sc3c2)cn1,7.0,IC50,101.01,nM,1
CHEMBL584766,N#Cc1cc(-c2cnc3nc(N4CCC(N5CCCCC5)CC4)sc3c2)ccc1F,7.0,IC50,101.01,nM,1
CHEMBL1086626,Cc1[nH]c(-c2ccccc2)cc1C(=O)NCCCN1CCN(c2cccc(Cl)c2Cl)CC1,7.0,IC50,100.0,nM,1
CHEMBL2031982,O=C(NCC1CCN(CCCCCC(c2ccc(F)cc2)c2ccc(F)cc2)C1)c1cc(C(F)(F)F)cc(C(F)(F)F)c1,7.0,IC50,100.0,nM,1
CHEMBL2031981,COc1cc(C(=O)NCC2CCN(CCCCCC(c3ccc(F)cc3)c3ccc(F)cc3)C2)cc(OC)c1OC,7.0,IC50,100.0,nM,1
CHEMBL2069506,[O-][S+]1CCC(C2N[C@@H](c3nc(-c4ccccc4)c[nH]3)Cc3c2[nH]c2ccccc32)CC1,7.0,IC50,100.0,nM,1
CHEMBL2069507,O=S1(=O)CCC(C2N[C@@H](c3nc(-c4ccccc4)c[nH]3)Cc3c2[nH]c2ccccc32)CC1,7.0,IC50,100.0,nM,1
CHEMBL1951595,COc1cccc(C(=O)Cn2c(=O)c3c(c(C#N)c(N4CCC[C@H](N)C4)n3Cc3ccccc3)n(C)c2=O)c1,7.0,IC50,100.0,nM,1
CHEMBL2012038,Nc1ccnc(Nc2ccc(Oc3ccc(OC(F)(F)F)cc3)cc2)n1,7.0,Ki,100.0,nM,1
CHEMBL639,CN1CCCC(n2nc(Cc3ccc(Cl)cc3)c3ccccc3c2=O)CC1,7.0,IC50,100.0,nM,1
CHEMBL2031980,COc1c(C(C)(C)C)cc(C(=O)NCC2CCN(CCCCCC(c3ccc(F)cc3)c3ccc(F)cc3)C2)cc1C(C)(C)C,7.0,IC50,100.0,nM,1
CHEMBL3086036,O=C(NC(c1ccc(F)cc1)c1ccc(F)cc1)[C@@H]1CC[C@@H](N2CCOCC2)C[C@H]1c1ccc(Br)cc1,7.0,IC50,100.0,nM,1
CHEMBL2031969,CC(C)(C)c1cc(CN2CCN(CCCCCC(c3ccc(F)cc3)c3ccc(F)cc3)CC2)cc(C(C)(C)C)c1,7.0,IC50,100.0,nM,1
CHEMBL2031965,COc1c(C(C)(C)C)cc(CN2CCN(CCCCCC(c3ccc(F)cc3)c3ccc(F)cc3)CC2)cc1C(C)(C)C,7.0,IC50,100.0,nM,1
CHEMBL2031961,CC(C)(C)c1cc(CN2CCN(CCCCCC(c3ccc(F)cc3)c3ccc(F)cc3)CC2)cc(C(C)(C)C)c1O,7.0,IC50,100.0,nM,1
CHEMBL1224698,C=CCN1C[C@H]2C[C@@]2(c2ccc(NS(=O)(=O)c3ccc(C(C)C)cc3)cc2)C1,7.0,IC50,100.0,nM,1
CHEMBL3775667,Cn1c(SCCCN2CC3CCN(c4cccc(C#N)c4)C3C2)nnc1-c1cnccn1,7.0,IC50,100.0,nM,1
CHEMBL4637417,Nc1nc(N2CCC(N(CCc3ccc(Cl)cc3)Cc3ccccc3O)CC2)n[nH]1,7.0,IC50,100.0,nM,1
CHEMBL3774791,Cc1ccc(-c2c[nH]c([C@H]3Cc4c([nH]c5ccccc45)[C@@H](C4CCOCC4)N3)n2)cc1,7.0,IC50,101.0,nM,1
CHEMBL4642144,Cc1ccc(C(=O)Nc2ccc(CN3CCN(CCO)CC3)c(Cl)c2)cc1C#Cc1cnc2cccnn12,7.0,IC50,100.0,nM,1
CHEMBL512724,Cc1ccc2c(N3CCN(CCc4ccc5c(c4)OCC(=O)N5)CC3)cccc2n1,7.0,Ki,100.0,nM,1
CHEMBL4544352,CC1OC2(CCN(CCc3ccc(F)cc3)CC2)CN(c2ccccc2)C1=O,7.0,IC50,100.0,nM,1
CHEMBL4439718,CC1OC2(CCN(CCc3ccccc3)CC2)CN(c2cnccn2)C1=O,7.0,IC50,100.0,nM,1
CHEMBL4516327,CC1(C)OC2(CCN(CCc3ccccc3)CC2)CN(c2ccccc2)C1=O,7.0,IC50,100.0,nM,1
CHEMBL4528962,O=C1C(COCc2ccccc2)OC2(CCN(CCc3ccccc3)CC2)CN1c1ccccc1,7.0,IC50,100.0,nM,1
CHEMBL522456,N#Cc1ccnc(C2=NC(c3ccc(F)cc3)(c3ccc(F)cc3)CN2)c1,7.0,IC50,101.0,nM,1
CHEMBL447183,N#Cc1ccc(C(=O)N2CCC3(CC2)N=C(N)c2c(F)ccc(F)c2N3)cn1,7.0,IC50,100.0,nM,1
CHEMBL305187,CC(C(O)c1ccc(O)cc1)N1CCC(Cc2ccccc2)CC1,7.0,IC50,100.0,nM,1
CHEMBL1818827,COc1cc(-c2cn(Cc3cc(Br)cc(Br)c3)nn2)ccc1-n1cnc(C)c1,7.0,IC50,100.0,nM,1
CHEMBL4077588,Nc1nccn2c([C@@H]3CCCN(C4CCOCC4)C3)nc(-c3ccc(C(=O)Nc4cc(C(F)(F)F)ccn4)cc3F)c12,7.0,IC50,100.0,nM,1
CHEMBL2031998,COc1cc(CN2CCC(CNCCCCCC(c3ccc(F)cc3)c3ccc(F)cc3)C2)cc(OC)c1OC,7.0,IC50,100.0,nM,1
CHEMBL2042692,O=C(O)c1cc(CN2CCN(c3ccc(C(F)(F)F)cc3)CC2)c2ccccn2c1=O,7.0,IC50,100.0,nM,1
CHEMBL409648,COc1ccccc1Oc1cccc(CN2CCC3(CC2)CCN(C(=O)c2ccc(Cl)cc2)CC3)c1,7.0,IC50,100.0,nM,1
CHEMBL252816,O=C(NC1CCc2ccc(CCN3CCN(c4nsc5ccccc45)CC3)cc21)C(F)(F)F,7.0,Ki,101.0,nM,1
CHEMBL380684,Cn1nnc(C2CC3(c4ccccc4)NC2CCC3OCc2cc(C(F)(F)F)cc(C(F)(F)F)c2)n1,7.0,Ki,100.0,nM,1
CHEMBL270227,Cc1ccc2c(-c3nnc(SCCCN4CCc5cc6nc(C(F)(F)C(F)(F)F)oc6cc5CC4)n3C)cccc2n1,7.0,IC50,100.0,nM,1
CHEMBL221906,CN(C)C(=N)c1ccc(C(=O)Nc2ccc(Cl)cc2C(=O)Nc2ccc(Cl)cn2)cc1,7.0,Ki,100.0,nM,1
CHEMBL5842725,COc1cc(CCC(C)(C)N2Cc3cccc(F)c3C2)ccc1OCCO,7.0,IC50,99.0,nM,1
CHEMBL558663,COc1ccc(Cn2c(N3CCC(N(C)CC4CCOCC4)CC3)nc3ccccc32)cc1,6.99,Ki,102.0,nM,1
CHEMBL6005365,Cc1cc(Cn2cc(-c3ccc(F)c(C(F)F)c3)cn2)[nH]n1,6.99,IC50,102.0,nM,1
CHEMBL5751642,CN(C)CCc1ccc(Nc2ncc3c(=O)n(-c4c(Cl)cccc4Cl)ccc3n2)cc1,6.98,IC50,105.0,nM,1
CHEMBL5793927,COc1cc(Nc2ncc3c(=O)n(-c4c(Cl)cccc4Cl)ccc3n2)ccc1N1CCN(C)CC1,6.98,IC50,105.0,nM,1
CHEMBL5873707,Cc1cc(Nc2ncc3c(=O)n(-c4c(Cl)cccc4Cl)ccc3n2)ccc1N1CCNCC1,6.98,IC50,105.0,nM,1
CHEMBL6063875,CC(C)N1CCN(c2ccc(Nc3ncc4c(=O)n(-c5c(Cl)cccc5Cl)ccc4n3)cc2)CC1,6.98,IC50,105.0,nM,1
CHEMBL5804793,CN1CCN(c2ccc(Nc3ncc4c(=O)n(-c5c(Cl)cccc5Cl)ccc4n3)cc2)CC1,6.98,IC50,105.0,nM,1
CHEMBL5803471,CN1CCC(c2ccc(Nc3ncc4c(=O)n(-c5c(Cl)cccc5Cl)ccc4n3)cc2)CC1,6.98,IC50,105.0,nM,1
CHEMBL4516622,C[C@@H]1CCCN1[C@H]1C[C@H](c2ccc(-c3ccc(C#N)cc3)cc2)C1,6.97,Ki,107.0,nM,1
CHEMBL1673442,O=C(c1ccc(F)cc1)N1CCN(CCn2c(=O)[nH]c3ccccc3c2=O)CC1,6.97,IC50,107.15,nM,1
CHEMBL3221125,CN1CCN(c2cnc3cc(C(F)(F)F)cc(NCc4cccc5nonc45)c3c2)CC1,6.97,IC50,107.0,nM,1
CHEMBL5778141,CCc1[nH]ncc1Cn1cc(-c2ccc(F)c(C(C)(F)F)c2)cn1,6.97,IC50,106.0,nM,1
CHEMBL2324263,Cc1ccc(COCc2cccc(COCc3ccc(C)cc3)[n+]2C)cc1,6.97,IC50,107.0,nM,1
CHEMBL147431,Fc1ccc(CCN2CCC3(CCc4ccccc4O3)CC2)c(F)c1,6.96,Ki,110.0,nM,1
CHEMBL1080490,Cc1ncoc1-c1nnc(SCCCN2CC3CC3(c3ccc(Cl)cc3)C2)n1C,6.96,IC50,110.0,nM,1
CHEMBL496687,Fc1ccc2c([C@@H]3CNCC[C@H]3F)c(-c3cccc4ccccc34)[nH]c2c1,6.96,Ki,110.0,nM,1
CHEMBL4847937,CS(=O)(=O)c1ccc(Cn2c(NC3CCN(CCc4ccc(C#N)cc4)CC3)nc3ccccc32)cc1,6.96,IC50,110.0,nM,1
CHEMBL2032000,COc1c(C(C)(C)C)cc(CN2CCC(CNCCCCCC(c3ccc(F)cc3)c3ccc(F)cc3)C2)cc1C(C)(C)C,6.96,IC50,110.0,nM,1
CHEMBL1760059,COc1ccc([C@H]2CN(CCc3ccc(OC)c(OC)c3)C[C@@H]2CNC(=O)c2cccc(Cl)c2)cc1,6.96,IC50,110.0,nM,1
CHEMBL4846230,CN(C)c1ccc(/N=N/c2ccccn2)c([O-])c1.[Na+],6.96,IC50,110.0,nM,1
CHEMBL1092259,CN(C)CCC1=C(Cc2cnccn2)c2ccc(Cl)cc2C1,6.96,IC50,110.0,nM,1
CHEMBL4281315,CN(c1ccc(-c2cc3ccccc3s2)nn1)C1CC(C)(C)NC(C)(C)C1,6.96,IC50,110.0,nM,1
CHEMBL98553,CC(C)(C)OC(=O)NCCCN(Cc1cncn1Cc1ccc(C#N)cc1)[C@H]1CCN(Cc2ccccc2)C1=O,6.96,IC50,110.0,nM,1
CHEMBL2146878,N#Cc1ccc(CCN2CCN(CCc3ccc4c(c3)COC4=O)CC2)cc1OC(F)(F)F,6.96,IC50,110.0,nM,1
CHEMBL4098778,N=C(NCCCOc1ccc(F)cc1)Nc1ccc(I)cc1,6.96,IC50,109.1,nM,1
CHEMBL208028,Oc1cc(NC2CCN(Cc3ccc4c(c3)OCO4)CC2)c2cc(Cl)ccc2n1,6.95,Ki,112.0,nM,1
CHEMBL3984387,Cn1c(SCCCN2CC[C@]3(C[C@H]3c3ccc(C(F)(F)F)cc3)C2)nnc1-c1csnn1,6.95,IC50,112.2,nM,1
CHEMBL5975116,CCCc1cc(Cn2cc(-c3ccc(F)c(C(F)F)c3)cn2)n[nH]1,6.94,IC50,114.0,nM,1
CHEMBL557210,CN(CCO)C1CCN(c2nc3ccccc3n2Cc2ccc(F)cc2)CC1,6.94,Ki,116.0,nM,1
CHEMBL460217,CC(C[C@H](NC(=O)C1CCC1)c1ccccc1)N1CCC(c2[nH]ncc2-c2ccncc2)CC1,6.93,IC50,117.0,nM,1
CHEMBL1644605,N#Cc1cc(O[C@@H]2C[C@H]3CC[C@@H](C2)N3)nc(-c2ccccc2)c1,6.92,Ki,119.0,nM,1
CHEMBL531,CCCN1C[C@H](CSC)C[C@@H]2c3cccc4[nH]cc(c34)C[C@H]21,6.92,IC50,120.23,nM,1
CHEMBL1094521,C[C@H](O)C(=O)NC1CC(C)(C)Oc2nc(-c3ccc(Cl)cc3Cl)c(-c3ccc(Cl)cc3)cc21,6.92,IC50,120.0,nM,1
CHEMBL205493,O=c1nc(NC2CC3CCC(C2)N3Cc2ccc3c(c2)OCO3)c2cc(Cl)ccc2n1CC(F)(F)F,6.92,Ki,120.0,nM,1
CHEMBL3936854,Cn1cc(Cn2cc(-c3ccc(Cl)c(OC(F)F)c3)cn2)cn1,6.92,IC50,119.0,nM,1
CHEMBL2146874,N#Cc1ccc(CCN2CCN(CCc3ccc4c(c3)COC4=O)CC2)cc1Cl,6.92,IC50,120.0,nM,1
CHEMBL1234898,CCCc1cc(-c2cc(C(=O)N(CCN(C)C)Cc3ccccc3)cc(C(F)(F)F)c2)nc(C#N)n1,6.92,Ki,120.0,nM,1
CHEMBL708,O=C1Cc2cc(CCN3CCN(c4nsc5ccccc45)CC3)c(Cl)cc2N1,6.92,IC50,120.23,nM,1
CHEMBL1083646,C[C@@H](O)C(=O)NC1CC(C)(C)Oc2nc(-c3ccc(Cl)cc3Cl)c(-c3ccc(Cl)cc3)cc21,6.92,IC50,120.0,nM,1
CHEMBL2069505,c1ccc(-c2c[nH]c([C@H]3Cc4c([nH]c5ccccc45)C(C4CCSCC4)N3)n2)cc1,6.92,IC50,120.0,nM,1
CHEMBL1760246,COc1ccc([C@H]2CN(CCC3CCOCC3)C[C@@H]2CC(=O)Nc2cccc(Cl)c2)cc1,6.92,IC50,120.0,nM,1
CHEMBL1375743,Cl.O.O=C1Cc2cc(CCN3CCN(c4nsc5ccccc45)CC3)c(Cl)cc2N1,6.92,IC50,120.23,nM,1
CHEMBL271127,COc1ccccc1Oc1ccccc1CN1CCC2(CC1)CCN(C(=O)c1ccccn1)CC2,6.92,IC50,120.23,nM,1
CHEMBL3920167,Cn1c(SCCCN2CC[C@]3(C[C@@H]3c3ccc(C(F)(F)F)cc3)C2)nnc1-c1cccc(-c2ncco2)c1,6.92,IC50,120.23,nM,1
CHEMBL3093963,CCCCCCCN1CCC(C(=O)c2ccccc2)CC1,6.91,IC50,124.0,nM,1
CHEMBL3093961,CCCCCCCN(CC)CCCCCc1ccc(Cl)cc1,6.91,IC50,123.0,nM,1
CHEMBL1079497,Cc1ccc2c(-c3nnc(SCCCN4CC5CC5(c5ccc(Br)cc5)C4)n3C)cccc2n1,6.9,IC50,125.89,nM,1
CHEMBL3775583,Cn1c(SCCCN2CC3CCN(c4ccc(C(F)(F)F)cc4)C3C2)nnc1-c1cccnn1,6.9,IC50,125.89,nM,1
CHEMBL401576,Cc1noc2cc3c(cc12)CCN(CCCSc1nnc(-c2ccc(C(F)(F)F)cc2)n1C)CC3,6.9,IC50,125.89,nM,1
CHEMBL3775604,Cn1c(SCCCN2CC3CCN(c4ccc(C(F)(F)F)cc4)C3C2)nnc1-c1cccnc1,6.9,IC50,125.89,nM,1
CHEMBL3774683,Cn1c(SCCCN2CC3CCN(c4ccc(C(F)(F)F)cc4)C3C2)nnc1-c1cnccn1,6.9,IC50,125.89,nM,1
CHEMBL3775243,Cn1c(SCCCN2CC3CCN(c4ccc(C(F)(F)F)cc4)C3C2)nnc1N1CCOCC1,6.9,IC50,125.89,nM,1
CHEMBL244086,Cc1cc(-c2ccc3c(c2)CCN(CCCSc2nnc(-c4cccs4)n2C)CC3)no1,6.9,IC50,125.89,nM,1
CHEMBL243707,Cc1ccc2c(-c3nnc(SCCCN4CCc5ccc(-c6cc(C)on6)cc5CC4)n3C)cccc2n1,6.9,IC50,125.89,nM,1
CHEMBL243860,Cc1cc(-c2ccc3c(c2)CCN(CCCSc2nnc(C4CCC(C)CC4)n2C)CC3)no1,6.9,IC50,125.89,nM,1
CHEMBL3774895,Cn1c(SCCCN2CC3CCN(c4cccc(OC(F)(F)F)c4)C3C2)nnc1-c1cnccn1,6.9,IC50,125.89,nM,1
CHEMBL4648047,O=C(Nc1cc(-c2cn(-c3ccccc3)c3cnccc23)ccn1)C1CC1,6.89,IC50,130.0,nM,1
CHEMBL1614712,Nc1ncnc2c1c(-c1cccc(OCc3ccccc3)c1)cn2[C@H]1C[C@@H](CN2CCC2)C1,6.89,IC50,130.0,nM,1
CHEMBL2031967,COc1c(C(C)(C)C)cc(CN2CCN(C(=O)CCCCC(c3ccc(F)cc3)c3ccc(F)cc3)CC2)cc1C(C)(C)C,6.89,IC50,130.0,nM,1
CHEMBL1761523,COCCCc1cc(CN(C(=O)[C@H]2CNCC[C@@H]2c2ccc(OCCOc3c(Cl)cc(C)cc3Cl)cc2)C2CC2)cc(OCC(C)(C)O)c1,6.89,Ki,130.0,nM,1
CHEMBL3929927,Cc1cc(C#N)cc(C)c1Oc1nc(NC2CCN(Cc3ccc(S(N)(=O)=O)cc3)CC2)nc2ccsc12,6.89,IC50,130.0,nM,1
CHEMBL524038,CCCN(CCc1ccc(Cl)c(Cl)c1)C[C@H](O)COc1ccc(NS(C)(=O)=O)cc1,6.89,IC50,130.0,nM,1
CHEMBL4858983,CN(C)c1ccc(/N=N/c2ccccn2)c(O)c1.CS(=O)(=O)O,6.89,IC50,130.0,nM,1
CHEMBL256954,CC(C)[C@]1(C(=O)NCc2cc(C(F)(F)F)cc(C(F)(F)F)c2)CC[C@@H](N2CCC(c3ccncn3)CC2)C1,6.89,IC50,130.0,nM,1
CHEMBL1956999,Cc1nc2cnc(Oc3ccc(Cl)cc3F)cc2c(=O)n1C[C@H]1CCCN(C(C)C)C1,6.89,IC50,130.0,nM,1
CHEMBL4060765,CCCCc1cc(OC2CCN(CCCCNS(=O)(=O)C(C)C)CC2)c2ncccc2c1.Cl.Cl,6.89,IC50,128.82,nM,1
CHEMBL3775316,FC(F)(F)Oc1ccc(-c2c[nH]c([C@H]3Cc4c([nH]c5ccccc45)[C@@H](C4CCOCC4)N3)n2)cc1,6.89,IC50,130.0,nM,1
CHEMBL1836249,COC(=O)C1(CNC(=O)c2cc(Cl)cc(Cl)c2)CCN(Cc2ccc(OC)cc2)CC1,6.89,IC50,130.0,nM,1
CHEMBL1956996,Cc1nc2ccc(Oc3ccc(F)c4cccnc34)nc2c(=O)n1C[C@H]1CCCN(C(C)C)C1,6.89,IC50,129.99,nM,1
CHEMBL5975554,CC(C)(CCc1ccc(F)cc1)N1Cc2ccc(F)cc2C1,6.89,IC50,130.0,nM,1
CHEMBL48029,c1ccc(COc2ccc(CCNc3ccncc3)cc2)cc1,6.89,IC50,130.0,nM,1
CHEMBL5752966,COc1cc(CCC(C)(C)N2Cc3cc4c(cc3C2)OCO4)ccc1OCCO,6.89,IC50,130.0,nM,1
CHEMBL3422757,COc1ccc2ncc(C(F)(F)F)c(CCC34CCC(NCc5ccc6c(n5)NC(=O)CO6)(CC3)CO4)c2n1,6.89,IC50,130.0,nM,1
CHEMBL415944,COC(=O)Cc1ccc(-n2cc(C3CCN(CCN4CCNC4=O)CC3)c3cc(Cl)ccc32)cc1,6.88,IC50,131.83,nM,1
CHEMBL5939964,CC(C)(C)c1nccn1Cc1cn(-c2ccc(F)c(C(F)F)c2)nn1,6.88,IC50,131.0,nM,1
CHEMBL2440459,COC(=O)c1ccccc1-c1ccc(CN2CCC(COC(=O)c3c4n(c5ccccc35)CCCO4)CC2)cc1.CS(=O)(=O)O,6.88,IC50,131.0,nM,1
CHEMBL4068414,CCCCc1cc(OC2CCN(CCC(C)S(=O)(=O)CC)CC2)c2ncccc2c1.Cl.Cl,6.88,IC50,131.83,nM,1
CHEMBL5765871,OCCc1nccn1Cc1cn(-c2cc(F)cc(C(F)F)c2)nn1,6.87,IC50,136.0,nM,1
CHEMBL3775580,c1ccc2c3c([nH]c2c1)C(C1CCOCC1)NC(c1nc(C2CCCCC2)c[nH]1)C3,6.87,IC50,136.0,nM,1
CHEMBL252429,O=C(NC1CCc2cc(CCN3CCN(c4nsc5ccccc45)CC3)ccc21)c1ccc(F)cc1,6.87,Ki,135.0,nM,1
CHEMBL205760,CCCCCn1c(=O)nc(NC2CCN(Cc3ccc4c(c3)OCO4)CC2)c2cc(Cl)ccc21,6.87,Ki,135.0,nM,1
CHEMBL3953365,Cc1ncoc1-c1nnc(SCCN2CC[C@@]3(C[C@@H]3c3ccc(C(F)(F)F)cc3)C2)n1C,6.87,IC50,134.9,nM,1
CHEMBL488295,Cc1ccc(CN2CCC(CNC(=O)c3cc(Cl)cc(Cl)c3)CC2)cc1,6.87,IC50,135.0,nM,1
CHEMBL5787117,CCc1[nH]ncc1Cn1cc(-c2ccc(F)c(C(F)F)c2)cn1,6.87,IC50,134.0,nM,1
CHEMBL2324264,Cc1ccc(CCOCc2cccc(COCCc3ccc(C)cc3)[n+]2C)cc1,6.87,IC50,135.0,nM,1
CHEMBL3299132,O=C1NC(=O)C(Cc2coc3ccc(Cl)cc3c2=O)S1,6.87,IC50,135.0,nM,1
CHEMBL556449,Fc1ccc(Cn2c(N3CCC(n4ccnc4)CC3)nc3ccccc32)cc1,6.86,Ki,137.0,nM,1
CHEMBL252230,O=C(NC1CCc2cc(CCN3CCN(c4nsc5ccccc45)CC3)ccc21)C1CC1,6.86,Ki,137.0,nM,1
CHEMBL53661,O=C1NCCN1CCN1CCC(c2cn(C3CCCCC3)c3ccc(Cl)cc23)CC1,6.86,IC50,137.0,nM,1
CHEMBL1642184,COc1cc(/C=C/c2nc(N)c3ccccc3n2)ccc1-n1cnc(C)c1,6.85,IC50,140.0,nM,1
CHEMBL1760250,COc1ccc([C@H]2CN(CCCN(C)S(=O)(=O)c3ccccc3)C[C@@H]2CC(=O)Nc2cccc(Cl)c2)cc1,6.85,IC50,140.0,nM,1
CHEMBL568571,CCO/N=C(/c1ccc(CN2CCC3(CC2)OCc2cc(F)ncc23)cc1)c1ccc(F)c(F)c1,6.85,IC50,140.0,nM,1
CHEMBL2031762,C[C@@H]1CCCN1CCN1CCc2cc(-c3ccc(C#N)cc3)ccc2C1=O,6.85,IC50,140.0,nM,1
CHEMBL5960420,Cc1nc2ccccc2n1Cc1cn(-c2ccc(Cl)c(Cl)c2)nn1,6.85,IC50,141.0,nM,1
CHEMBL1086754,Cc1c(C(=O)NCCCN2CCN(c3cccc(Cl)c3Cl)CC2)cc(-c2ccccc2)n1C,6.85,IC50,140.0,nM,1
CHEMBL3344385,OC(c1ccccc1)(c1ccccc1)C1CCN(CCCOc2ccc(-c3ccccc3)cc2)CC1,6.85,IC50,140.0,nM,1
CHEMBL218609,CN(C)C(=N)c1ccc(C(=O)Nc2ccc(Cl)cc2C(=O)Nc2ccc(Cl)cn2)c(N2CCCCC2)c1,6.85,Ki,140.0,nM,1
CHEMBL2324256,Cc1ccc(OCCCc2cc(N)cc(CCCOc3ccc(C)cc3)n2)cc1,6.84,IC50,146.0,nM,1
CHEMBL3354706,CC(C)(C)COc1ccc2c(c1)[C@]1(COC(N)=N1)c1cc(-c3cncc(C#N)c3)ccc1O2,6.84,Ki,145.0,nM,1
CHEMBL3774866,Clc1ccc(-c2c[nH]c([C@H]3Cc4c([nH]c5ccccc45)[C@@H](C4CCOCC4)N3)n2)cc1,6.84,IC50,144.0,nM,1
CHEMBL3774626,c1ccc2c3c([nH]c2c1)[C@@H](C1CCOCC1)N[C@@H](c1nc(-c2ccsc2)c[nH]1)C3,6.84,IC50,146.0,nM,1
CHEMBL3958309,Cn1c(SCCCN2CC[C@]3(C[C@@H]3c3ccc(C(F)(F)F)cc3)C2)nnc1-c1ccncn1,6.84,IC50,144.54,nM,1
CHEMBL5768461,Cc1cc(Cn2cc(-c3ccc(Cl)c(OC(F)F)c3)cn2)n(C)n1,6.84,IC50,146.0,nM,1
CHEMBL398711,O=C(NC1CCc2cc(CCN3CCN(c4nsc5ccccc45)CC3)ccc21)C(F)(F)F,6.84,Ki,143.0,nM,1
CHEMBL85,Cc1nc2n(c(=O)c1CCN1CCC(c3noc4cc(F)ccc34)CC1)CCCC2,6.83,IC50,147.91,nM,1
CHEMBL5851137,Cn1nccc1Cn1cc(-c2ccc(Cl)c(OC(F)F)c2)cn1,6.83,IC50,148.0,nM,1
CHEMBL364512,Cc1nc2n(c(=O)c1CCN1CCC(C3NOc4cc(F)ccc43)CC1)CCCC2,6.82,IC50,151.36,nM,1
CHEMBL149429,O=S(=O)(c1ccc(Cl)cc1)C1CCN(CCc2ccc(F)cc2F)CC1,6.82,Ki,150.0,nM,1
CHEMBL516874,N#Cc1ccc2cc1Oc1ccc3c(c1)[C@@H](CCO3)N1CC[C@@H](NCc3cncn3C2)C1=O,6.82,IC50,150.0,nM,1
CHEMBL1083463,Cc1c(-c2ccc3cc(CCN4CCC[C@H]4C)ccc3n2)cnn1-c1ccc(Cl)c(Cl)c1,6.82,Ki,150.0,nM,1
CHEMBL2146856,O=C1OCc2c1cccc2-c1ccc(CCN2CCN(CCc3ccc([N+](=O)[O-])cc3)CC2)cc1,6.82,IC50,150.0,nM,1
CHEMBL2146862,CS(=O)(=O)c1ccc(CCN2CCN(CCc3ccc([N+](=O)[O-])cc3)CC2)cc1,6.82,IC50,150.0,nM,1
CHEMBL4634943,Nc1nc(N2CCC(N(CCc3ccc(Cl)cc3)Cc3cccc(O)c3)CC2)n[nH]1,6.82,IC50,150.0,nM,1
CHEMBL3354689,CC(C)(C)C#Cc1ccc2c(c1)[C@]1(COC(N)=N1)c1cc(-c3cncnc3)ccc1O2,6.82,Ki,150.0,nM,1
CHEMBL1761522,CCNC(=O)NCCCOc1cc(CCCOC)cc(CN(C(=O)[C@H]2CNCC[C@@H]2c2ccc(OCCOc3c(Cl)cc(C)cc3Cl)cc2)C2CC2)c1,6.82,Ki,150.0,nM,1
CHEMBL62152,Cc1cccc(C)c1C(=O)N1CCC(C)(N2CCC(N(c3ccccc3)c3ccccc3)CC2)CC1,6.82,IC50,150.0,nM,1
CHEMBL204508,O=c1nc(NC2CCN(Cc3ccc4ccccc4c3)CC2)c2cc(Cl)ccc2n1CC(F)(F)F,6.82,Ki,150.0,nM,1
CHEMBL207668,Cn1c(=O)nc(NC2CCN(Cc3ccc4c(c3)OCO4)CC2)c2cc(Cl)ccc21,6.82,Ki,150.0,nM,1
CHEMBL3612795,O=C1OCc2cc(CCN3CCN(CCc4ccc([N+](=O)[O-])cc4)CC3)ccc21,6.82,IC50,150.0,nM,1
CHEMBL3941818,Cn1c(SCCCN2CC[C@]3(C[C@@H]3c3ccc(C(F)(F)F)cc3)C2)nnc1-c1ccc(-c2ncco2)cc1,6.82,IC50,151.36,nM,1
CHEMBL3985419,Cn1c(SCCCN2CC[C@]3(C[C@@H]3c3ccc(C(F)(F)F)cc3)C2)nnc1-c1ccoc1,6.82,IC50,151.36,nM,1
CHEMBL5978929,FC(F)Oc1cc(-c2cnn(CCc3cn[nH]c3)c2)ccc1Cl,6.82,IC50,152.0,nM,1
CHEMBL4853476,CN(C)c1ccc(/N=N/c2ccccn2)c(O)c1.O=C(O)C(=O)O,6.82,IC50,150.0,nM,1
CHEMBL251834,O=C(NC1CCc2ccc(CCN3CCN(c4nsc5ccccc45)CC3)cc21)c1ccno1,6.82,Ki,150.0,nM,1
CHEMBL2069499,CCCCC1(CCCC)N[C@@H](c2nc(-c3ccccc3)c[nH]2)Cc2c1[nH]c1ccccc21,6.82,IC50,150.0,nM,1
CHEMBL5913684,Cc1n[nH]c(C)c1Cn1cc(-c2ccc(Cl)c(OC(F)F)c2)cn1,6.82,IC50,152.0,nM,1
CHEMBL560739,COc1cc(N)c(Cl)cc1C(=O)N[C@@H]1CCN(CCCOc2ccc(F)cc2)C[C@@H]1OC,6.82,IC50,150.0,nM,1
CHEMBL4870583,CCC(NC(=O)c1ccc(Cl)cc1)[C@H]1[C@@H]2C[C@@H](n3cnc4cc(C#N)ccc43)C[C@@H]21,6.82,IC50,150.0,nM,1
CHEMBL1084400,N#Cc1nc(CCCN2CCCCC2)cc(-c2cccc(C(F)(F)F)c2)n1,6.8,Ki,160.0,nM,1
CHEMBL1257336,Cc1ncoc1-c1nnc(SCCCN2[C@@H]3CC[C@H]2C[C@@H](c2ccc(C(F)(F)F)cc2)C3)n1C,6.8,IC50,158.49,nM,1
CHEMBL2011946,Nc1cncc(Nc2ccc(Oc3ccc(Cl)cc3)cc2)c1,6.8,Ki,160.0,nM,1
CHEMBL2146809,CN1CCC[C@@H]1Cn1nc(Cc2ccc(Cl)cc2)c2ncccc2c1=O,6.8,IC50,158.49,nM,1
CHEMBL3775793,FC(F)(F)c1ccc(-c2c[nH]c([C@H]3Cc4c([nH]c5ccccc45)[C@@H](C4CCOCC4)N3)n2)cc1,6.8,IC50,158.0,nM,1
CHEMBL2146813,O=c1c2ccncc2c(Cc2ccc(Cl)cc2)nn1C[C@H]1CCCN1CCCCc1ccc(OCCCN2CCCCCC2)cc1,6.8,IC50,158.49,nM,1
CHEMBL4574825,CC(C)c1cc(C(=O)NC[C@H]2CCN(CCc3ccc(OC(F)(F)F)c(F)c3)C2)on1,6.8,IC50,160.0,nM,1
CHEMBL558339,Fc1ccc(Cn2c(N3CCC(n4cccc4)CC3)nc3ccccc32)cc1,6.8,Ki,157.0,nM,1
CHEMBL5866400,C[C@@H]1Cc2c(ccc3[nH]ncc23)[C@@H](c2ccc(NC3CN(CCCF)C3)nc2)N1CC1(F)CC1,6.8,IC50,160.0,nM,1
CHEMBL256442,CCc1nc2ccc3c(c2s1)CCN(CCCSc1nnc(-c2cccc4nc(C)ccc24)n1C)CC3,6.8,IC50,158.49,nM,1
CHEMBL1910318,O=C([C@H]1CNCC[C@]1(O)c1ccc(F)c(F)c1)N(Cc1cn(Cc2ccc(OC(F)F)cc2)c2cccc(F)c12)C1CC1,6.8,Ki,160.0,nM,1
CHEMBL3221133,[2H]C([2H])(O)CN1CCN(c2cnc3cc(C(F)(F)F)cc(NCc4cccc([N+](=O)[O-])c4)c3c2)CC1,6.8,IC50,160.0,nM,1
CHEMBL3775554,Cn1c(SCCCN2CC3CCN(c4ccc(C(F)(F)F)cc4)C3C2)nnc1-c1ccccn1,6.8,IC50,158.49,nM,1
CHEMBL2441433,O=C(Cc1ccc(-n2cnnn2)cc1)N1CCN(CCc2ccc([N+](=O)[O-])cc2)CC1,6.8,IC50,160.0,nM,1
CHEMBL244945,COc1ccc(-c2nnc(SCCCN3CCc4ccc(-c5cc(C)on5)cc4CC3)n2C)cn1,6.8,IC50,158.49,nM,1
CHEMBL4859906,CN(C)c1ccc(/N=N/c2ccccn2)c(O)c1.O=[N+]([O-])O,6.8,IC50,160.0,nM,1
CHEMBL207296,Cn1c(=O)nc(NC2CCN(Cc3ccc4ccccc4c3)CC2)c2cc(Cl)ccc21,6.8,Ki,160.0,nM,1
CHEMBL4086861,O=c1n(Cc2ccc(Cl)cc2)c2sc3c(c2c2ncnn12)CCN(CC1CC1)C3,6.8,IC50,160.0,nM,1
CHEMBL4871821,CN(C)c1ccc(/N=N/c2ccccn2)c(O)c1.O=S(=O)(O)CCS(=O)(=O)O,6.8,IC50,160.0,nM,1
CHEMBL2387260,Cc1cc(=O)oc2cc(OCCCCN3CCC(c4noc5cc(F)ccc45)CC3)ccc12,6.8,IC50,159.0,nM,1
CHEMBL227169,CC1(C)C2=C3C=C4C5=[N+](CCC4OC3CCN2c2ccc(CC(=O)NCCCN(CCOc3ccc(NS(C)(=O)=O)cc3)CCc3ccc(NS(C)(=O)=O)cc3)cc21)c1ccc(S(=O)(=O)[O-])cc1C5(C)C,6.8,Ki,160.0,nM,1
CHEMBL1836247,COC(=O)C1(CNC(=O)c2cc(Cl)cc(Cl)c2)CCN(Cc2ccccc2OC)CC1,6.8,IC50,160.0,nM,1
CHEMBL3775572,Cn1c(SCCCN2CC3CCN(c4ccc(C(F)(F)F)cc4)C3C2)nnc1-c1cncnc1,6.8,IC50,158.49,nM,1
CHEMBL522044,Clc1cccc(N2CCN(CCCCOc3cc4ccccc4cn3)CC2)c1Cl,6.8,Ki,160.0,nM,1
CHEMBL2324243,COc1ccc(OCCCc2cccc(CCCOc3ccc(OC)cc3)[n+]2C)cc1,6.8,IC50,158.0,nM,1
CHEMBL3775036,Cn1cc(-c2nnc(SCCCN3CC4CCN(c5ccc(C(F)(F)F)cc5)C4C3)n2C)cn1,6.8,IC50,158.49,nM,1
CHEMBL558468,COc1ccc(Cn2c(N3CCC(N(C)C)CC3)nc3ccccc32)cc1,6.8,Ki,158.0,nM,1
CHEMBL1080293,Cc1ccc2c(-c3nnc(SCCCN4CC5CC5(c5ccc(C(F)(F)F)cc5)C4)n3C)cccc2n1,6.8,IC50,158.49,nM,1
CHEMBL4213322,COc1ccc(CCN2CCC(Nc3nc4ccccc4[nH]3)CC2)cc1,6.79,IC50,163.9,nM,1
CHEMBL253022,CCC(=O)NC1CCc2ccc(CCN3CCN(c4nsc5ccccc45)CC3)cc21,6.79,Ki,164.0,nM,1
CHEMBL5949688,CCCc1cc(Cn2cc(-c3ccc(Cl)c(OC(F)F)c3)cn2)n[nH]1,6.79,IC50,163.0,nM,1
CHEMBL3234874,NC(=O)c1cc(-c2ccccc2F)sc1Nc1cccc(CN2CCOCC2)n1,6.79,IC50,161.0,nM,1
CHEMBL473475,Nc1ccc(-c2cccc(F)c2)cc1NC(=O)c1ccc(CN2CCC3(CCCN3)CC2)cc1,6.78,IC50,167.0,nM,1
CHEMBL4211068,CCN(CC)CC.NC(=O)c1ccc(-c2cc(C(=O)O)cc(-n3cc(-c4ccc(C(F)(F)F)cc4)nn3)c2)cc1,6.78,IC50,166.0,nM,1
CHEMBL253439,O=C(NC1CCc2ccc(CCN3CCN(c4nsc5ccccc45)CC3)cc21)c1ccc(Cl)cc1,6.78,Ki,166.0,nM,1
CHEMBL493743,CCOC(=O)N1CCN(C(=O)C2(c3ccccc3)CCN(c3cc(N)ccn3)CC2)CC1,6.77,Ki,169.0,nM,1
CHEMBL1215755,CN(C)CCN(C)C(=O)c1ccc(C2=NN(c3ccc(C#N)cc3)C(c3ccc(F)cc3)C2)cc1,6.77,IC50,170.0,nM,1
CHEMBL3086047,O=C(NC(c1ccccc1)c1ccccc1)[C@@H]1CC[C@@H](N2CCOCC2)C[C@H]1c1ccccc1,6.77,IC50,170.0,nM,1
CHEMBL998,CCOC(=O)N1CCC(=C2c3ccc(Cl)cc3CCc3cccnc32)CC1,6.77,IC50,169.82,nM,1
CHEMBL4079561,CCOC(=O)C1=C(CN2CCOCC2)NC(c2nccn2C)=NC1c1ccc(F)cc1Br,6.77,IC50,170.0,nM,1
CHEMBL487059,O=c1c2ccccc2nc(-c2ccc(OCCCN3CCCCC3)cc2)n1Cc1ccccc1,6.77,IC50,170.0,nM,1
CHEMBL2146873,N#Cc1ccc(CCN2CCN(CCc3ccc4c(c3)COC4=O)CC2)cc1F,6.77,IC50,170.0,nM,1
CHEMBL3582316,Fc1ccc(-c2c[nH]c([C@H]3Cc4c([nH]c5ccccc45)C(C4CCCCC4)N3)n2)nc1,6.77,IC50,170.0,nM,1
CHEMBL513250,Nc1ccc(-c2cccs2)cc1NC(=O)c1ccc(N2CCC3(CCN(CCO)C3)CC2)nc1,6.77,Ki,170.0,nM,1
CHEMBL492620,CCN(CCc1ccc(Cl)c(Cl)c1)C[C@H](O)COc1ccc(NS(C)(=O)=O)cc1,6.77,IC50,170.0,nM,1
CHEMBL5742311,FC(F)(F)c1ccc(-n2cc(Cn3ccnc3C3CC3)nn2)cc1,6.76,IC50,173.0,nM,1
CHEMBL3221111,CN1CCN(c2cnc3cc(C(F)(F)F)cc(NCc4cccc(C#N)c4)c3c2)CC1,6.76,IC50,174.0,nM,1
CHEMBL4866113,CCC(NC(=O)c1ccc(Cl)cc1)[C@H]1[C@@H]2C[C@@H](n3cnc4cc(F)ccc43)C[C@@H]21,6.75,IC50,180.0,nM,1
CHEMBL197243,COc1cccc(CN2CCCCCCC2)c1OCc1csc(-c2ccccc2)n1,6.75,IC50,180.0,nM,1
CHEMBL468397,COC(=O)C(CCCN(C)CCCc1nc2ccccc2[nH]1)(c1ccc(Br)cc1)C(C)C,6.75,IC50,178.0,nM,1
CHEMBL498100,CN1CCc2cncn2Cc2ccc(C#N)c(c2)Oc2ccc3cccc(c3c2)N2CC[C@@H]1C2=O,6.75,IC50,180.0,nM,1
CHEMBL1094028,O=C(NCc1ccccc1)N(c1ccc(Br)cc1)C1CCN(C2CCCC2)CC1,6.75,IC50,178.0,nM,1
CHEMBL3086041,O=C(NC(c1ccc(Cl)cc1)c1ccc(F)cn1)[C@@H]1CC[C@@H](N2CCOCC2)C[C@H]1c1ccc(Br)cc1,6.75,IC50,180.0,nM,1
CHEMBL3093953,CCCCCCCN(CC)C/C=C/Cc1ccccc1,6.75,IC50,176.0,nM,1
CHEMBL4208355,COc1ccc(CCN2CCC(Nc3nc4ccccc4n3Cc3ccc(F)cc3F)CC2)cc1,6.75,IC50,178.0,nM,1
CHEMBL4520763,Cc1cc(/C=C/C#N)cc(C)c1Oc1nc(Nc2ccc(C#N)cc2F)nc2sccc12,6.75,IC50,180.0,nM,1
CHEMBL1761520,COCCCc1cc(CN(C(=O)[C@H]2CNCC[C@@H]2c2ccc(OCCOc3c(Cl)cc(C)cc3Cl)cc2)C2CC2)cc(OCCN(C)C)c1,6.75,Ki,180.0,nM,1
CHEMBL256755,Cc1cc(C)n(-c2cc(NC(=O)COc3ccccc3CCN3CCOCC3)nc(-c3ccc(C)o3)n2)n1,6.75,Ki,180.0,nM,1
CHEMBL2069501,CCOCC1(COCC)N[C@@H](c2nc(-c3ccccc3)c[nH]2)Cc2c1[nH]c1ccccc21,6.75,IC50,176.0,nM,1
CHEMBL597033,Cn1cnc(C(=O)N(Cc2cccc(OC(F)(F)F)c2)[C@@H]2C[C@@H]3CN(CC(O)c4ccccc4)C[C@@H]3C2)c1,6.75,Ki,177.0,nM,1
CHEMBL3667410,NC1=N[C@@]2(c3cc(NC(=O)c4ccc(F)cn4)ccc3F)CN(c3ncc(F)cn3)C[C@H]2CS1,6.75,IC50,180.0,nM,1
CHEMBL1079313,CCOc1cc(CN2CCC(Nc3nc4cc(S(=O)(=O)CC)ccc4o3)CC2)ccc1OC,6.75,IC50,180.0,nM,1
CHEMBL2171418,Cl.Clc1ccc(OC(c2ccc3ccccc3c2)C2CNC2)cc1Cl,6.75,IC50,180.0,nM,1
CHEMBL715,Cc1cc2c(s1)Nc1ccccc1N=C2N1CCN(C)CC1,6.74,IC50,181.97,nM,1
CHEMBL473271,Nc1ccc(-c2ccccc2F)cc1NC(=O)c1ccc(CN2CCC3(CCCN3)CC2)cc1,6.74,IC50,183.0,nM,1
CHEMBL252031,CCC(=O)NC1CCc2cc(CCN3CCN(c4nsc5ccccc45)CC3)ccc21,6.74,Ki,184.0,nM,1
CHEMBL167779,CCN(CC)CCOc1ccc(/C(=C(\Cl)c2ccccc2)c2ccccc2)cc1,6.74,IC50,181.97,nM,1
CHEMBL1094029,O=C(Nc1ccccc1)N(c1ccc(Br)cc1)C1CCN(C2CCCC2)CC1,6.73,IC50,188.0,nM,1
CHEMBL401608,CC(C)(O)[C@]1(C(=O)NCc2cc(C(F)(F)F)cc(C(F)(F)F)c2)CC[C@@H](N2CCC(c3cc(Cl)ncn3)CC2)C1,6.73,IC50,186.0,nM,1
CHEMBL4094163,Cc1cc(/C=C/C#N)cc(C)c1Oc1nc(NC2CCN(Cc3ccc(S(N)(=O)=O)cc3)CC2)nc2ccsc12,6.73,IC50,186.0,nM,1
CHEMBL5946347,FCCc1nccn1Cc1cn(-c2cc(F)cc(C(F)F)c2)cn1,6.73,IC50,186.0,nM,1
CHEMBL5837192,FCCc1nccn1Cc1cn(-c2cc(F)cc(C(F)F)c2)nn1,6.73,IC50,186.0,nM,1
CHEMBL1822850,Cn1nccc1-c1ccc(OCCCN2CCCCC2)cc1,6.72,Ki,190.0,nM,1
CHEMBL45816,COCC(=O)O[C@]1(CCN(C)CCCc2nc3ccccc3[nH]2)CCc2cc(F)ccc2[C@@H]1C(C)C,6.72,Ki,190.0,nM,1
CHEMBL526277,N#Cc1ccc(Cn2cncc2CN(CCN2CCOCC2)[C@H]2CCN(Cc3ccccc3)C2=O)cc1,6.72,IC50,190.0,nM,1
CHEMBL100415,CCCCN(Cc1cncn1Cc1ccc(C#N)cc1)[C@H]1CCN(Cc2ccccc2)C1=O,6.72,IC50,190.0,nM,1
CHEMBL202775,O=S(=O)(NCC1CC2(c3ccc(F)cc3)NC1CCC2NCc1cc(OC(F)(F)F)ccc1OC1CC1)c1ccccc1,6.72,Ki,190.0,nM,1
CHEMBL3913607,Cc1ncoc1-c1nnc(SCCCN2CC[C@]3(C[C@H]3c3ccc(C(F)(F)F)cc3)C2)n1C,6.72,IC50,190.55,nM,1
CHEMBL42,CN1CCN(C2=Nc3cc(Cl)ccc3Nc3ccccc32)CC1,6.72,IC50,190.55,nM,1
CHEMBL3582313,c1cncc(-c2c[nH]c([C@H]3Cc4c([nH]c5ccccc45)C(C4CCCCC4)N3)n2)c1,6.72,IC50,190.0,nM,1
CHEMBL3310801,CCOC(=O)N1CCC(CN2CCC3(CC2)CN(C(N)=O)c2ncccc23)CC1,6.72,IC50,190.0,nM,1
CHEMBL2046895,O=C(CCc1ccccc1)NCCN(c1ccc(F)cc1)c1ccc(F)cc1,6.72,IC50,192.0,nM,1
CHEMBL2146754,O=[N+]([O-])c1ccc(CCN2CCNCC2)cc1,6.72,IC50,190.0,nM,1
CHEMBL398618,Cc1ccc(C(=O)NC2CCc3ccc(CCN4CCN(c5nsc6ccccc56)CC4)cc32)cc1,6.71,Ki,194.0,nM,1
CHEMBL400235,CCCC(=O)NC1CCc2ccc(CCN3CCN(c4nsc5ccccc45)CC3)cc21,6.71,Ki,196.0,nM,1
CHEMBL2385102,Cc1c(C)c2ccc(OCCCCN3CCC(c4noc5cc(F)ccc45)CC3)cc2oc1=O,6.71,IC50,195.0,nM,1
CHEMBL4070123,Cc1c([C@@H](O)CN2CCC3(CC2)CCN(c2ccc(C#N)cn2)CC3)ccc2c1COC2=O,6.71,IC50,193.0,nM,1
CHEMBL1767136,CN1CCC[C@@H]1Cn1nc(Cc2ccc(Cl)cc2)c2ccccc2c1=O,6.7,IC50,199.53,nM,1
CHEMBL473772,N=C(c1ccc(C(=O)Nc2ccc(Cl)cc2C(=O)Nc2ccc(Cl)cn2)cc1)N1CCCCC1,6.7,Ki,200.0,nM,1
CHEMBL3774540,Cc1ncoc1-c1nnc(SCCCN2CC3CCN(c4ccc(C(F)(F)F)cc4)C3C2)n1C,6.7,IC50,199.53,nM,1
CHEMBL3775226,Cc1ncoc1-c1nnc(SCCCN2CC3CCN(c4ccc(C(F)(F)F)cc4F)C3C2)n1C,6.7,IC50,199.53,nM,1
CHEMBL219106,COc1ccc(NC(=O)c2ccc(C(=N)N(C)C)cc2N2CCCCC2)c(C(=O)Nc2ccc(Cl)cn2)c1,6.7,Ki,200.0,nM,1
CHEMBL1081409,Cc1ncoc1-c1nnc(SCCCN2C[C@@H]3C[C@]3(c3ccc(C(F)(F)F)cc3)C2)n1C,6.7,IC50,200.0,nM,1
CHEMBL1272016,COc1ccccc1-c1nc2c(C(=O)N[C@@H]3CN4CCC3CC4)cccc2o1,6.7,IC50,200.0,nM,1
CHEMBL252430,O=C(NC1CCc2cc(CCN3CCN(c4nsc5ccccc45)CC3)ccc21)c1cccnc1,6.7,Ki,202.0,nM,1
CHEMBL1080117,Cc1ccc2c(-c3nnc(SCCCN4CC5CC5(c5ccc(Cl)cc5)C4)n3C)cccc2n1,6.7,IC50,199.53,nM,1
CHEMBL1079639,Cc1ccoc1-c1nnc(SCCCN2C[C@@H]3C[C@]3(c3ccc(C(F)(F)F)cc3)C2)n1C,6.7,IC50,199.53,nM,1
CHEMBL83894,O=S1(=O)c2cccc3cccc(c23)N1CCCN1CCN(c2ccc(F)cc2)CC1,6.7,Ki,200.0,nM,1
CHEMBL1081966,Cc1ncoc1-c1nnc(SCCCN2CC3CC3(c3ccc(OC(F)(F)F)cc3)C2)n1C,6.7,IC50,199.53,nM,1
CHEMBL462508,O=C(NCCCCN1CCN(c2cccc(Cl)c2Cl)CC1)c1cc2ccccc2cn1,6.7,Ki,200.0,nM,1
CHEMBL4469071,Cn1c(N2CCC(C)(N)CC2)nc2[nH]nc(-c3cccc(Cl)c3Cl)c2c1=O,6.7,IC50,200.0,nM,1
CHEMBL3084778,CN1[C@@H]2CCC[C@H]1C[C@H](NC(=O)c1cccc3oc(C4CC4)nc13)C2,6.7,IC50,200.0,nM,1
CHEMBL5832031,Cc1[nH]ncc1Cn1cc(-c2ccc(F)c(C(F)F)c2)cn1,6.7,IC50,202.0,nM,1
CHEMBL3774869,Cn1c(SCCCN2CC3CCN(c4cccc(F)c4)C3C2)nnc1-c1cnccn1,6.7,IC50,199.53,nM,1
CHEMBL4794465,CNc1nc(Nc2ccc(-n3cnc(Cl)c3)c(OC)c2)nc2c1CC[C@H]2c1ccccc1,6.7,IC50,200.0,nM,1
CHEMBL456171,O=C(Nc1c(Cl)cncc1Cl)c1cn(-c2ccc(Cl)cc2)c2ncccc2c1=O,6.7,IC50,198.0,nM,1
CHEMBL1094030,O=C(NCc1ccc(F)cc1)N(c1ccc(Br)cc1)C1CCN(C2CCCC2)CC1,6.7,IC50,202.0,nM,1
CHEMBL1280,COc1ccc(CCN(C)CCCC(C#N)(c2ccc(OC)c(OC)c2)C(C)C)cc1OC.Cl,6.7,IC50,200.0,nM,1
CHEMBL5985706,Cc1nccn1CC(=O)N1CCC2(CC1)COC1c3cc(Cl)ccc3OC(C)(C)C1C2,6.7,IC50,200.0,nM,1
CHEMBL5791217,Cn1cc(Cn2cc(-c3ccc(F)c(OC(F)F)c3)cn2)cn1,6.7,IC50,202.0,nM,1
CHEMBL271083,Cc1ncoc1-c1nnc(SCCCN2CCc3cc4nc(C(F)(F)C(F)(F)F)oc4cc3CC2)n1C,6.7,IC50,199.53,nM,1
CHEMBL94664,COc1ccc(C2CCN(CCC3CCOc4ccccc43)CC2)cc1OC,6.7,IC50,199.53,nM,1
CHEMBL495345,COc1ccc(CNC(=O)C2(c3ccccc3)CCN(c3cc(N)ccn3)CC2)cc1,6.7,Ki,201.0,nM,1
CHEMBL3775631,Cn1c(SCCCN2CC3CCN(c4ccccc4C#N)C3C2)nnc1-c1cnccn1,6.7,IC50,199.53,nM,1
CHEMBL3582312,c1ccc(-c2c[nH]c([C@H]3Cc4c([nH]c5ccccc45)C(C4CCCCC4)N3)n2)nc1,6.7,IC50,200.0,nM,1
CHEMBL3983509,C[C@H]1C[C@H]2CSC(N)=N[C@@]2(c2cc(NC(=O)c3ccc(Cl)cn3)ccc2F)CO1,6.7,IC50,200.0,nM,1
CHEMBL3774462,Cn1c(SCCCN2CC3CCN(c4ccc(C(F)(F)F)cc4)C3C2)nnc1C1CCCC1,6.7,IC50,199.53,nM,1
CHEMBL425518,CNC1CCN(c2ccc(NC(=O)c3ccc(-c4ccccc4)cc3)cn2)C1,6.7,Ki,200.0,nM,1
CHEMBL496531,O=C1c2cc3ccccc3n2CCN1CCCCN1CCN(c2cccc(Cl)c2Cl)CC1,6.7,Ki,200.0,nM,1
CHEMBL2017579,COc1cc(-c2cn([C@H]3CC[C@H](c4ccccc4)CN(Cc4ccccc4)C3=O)nn2)ccc1-n1cnc(C)c1,6.7,IC50,200.0,nM,1
CHEMBL560574,O=C1N(CCN2CCC(C(F)(F)F)CC2)CCN1c1cccc(I)c1,6.7,IC50,199.53,nM,1
CHEMBL3605139,NC1CC1COc1ccc2ncc(F)c(CCC34CCC(NCc5ccc6c(n5)NC(=O)CO6)(CC3)CO4)c2n1,6.7,IC50,200.0,nM,1
CHEMBL4444685,CN1CCC(Cn2nc(-c3ccc4cc(OC5CCC5)ccc4c3)c3c(N)ncnc32)CC1,6.7,IC50,200.0,nM,1
CHEMBL3946901,Cn1c(SCCCN2CC[C@]3(C[C@@H]3c3ccc(C(F)(F)F)cc3)C2)nnc1-c1ccccn1,6.7,IC50,200.0,nM,1
CHEMBL237067,CC(C)=CCn1c(N2CCC[C@H](N)C2)nc2c1c(=O)n(CC(=O)c1ccccc1)c(=O)n2C,6.7,IC50,200.0,nM,1
CHEMBL1760223,COc1ccc([C@H]2CN(CCCc3ccc(OC)c(OC)c3)C[C@@H]2CNC(=O)c2cccc(Cl)c2)cc1,6.7,IC50,200.0,nM,1
CHEMBL1242257,Cc1ccc2c(N3CCN(CCc4cccc5c4OCc4c(C(=O)NC6CCCC6)ncn4-5)CC3)cccc2n1,6.7,Ki,199.53,nM,1
CHEMBL253878,O=C(Cc1ccccc1)NC1CCc2ccc(CCN3CCN(c4nsc5ccccc45)CC3)cc21,6.7,Ki,201.0,nM,1
CHEMBL1242345,Cc1ccc2c(N3CCN(CCc4cccc5c4OCc4c(C(=O)NCC6CC6)ncn4-5)CC3)cccc2n1,6.7,Ki,199.53,nM,1
CHEMBL4092973,CN(C/C=C/c1ccc(C(F)(F)F)c(F)c1)Cc1ccc2c(c1)OCCC2.Cl,6.7,IC50,200.0,nM,1
CHEMBL4796605,CC1OC2(CCN(CCc3ccccc3)CC2)CN(CCc2ccccc2)C1=O,6.7,IC50,200.0,nM,1
CHEMBL3786469,Cc1cc(F)ccc1C1CCN(CC2Cc3ccccc3CN2)CC1,6.7,IC50,200.0,nM,1
CHEMBL1761526,COCCCc1cc(CN(C(=O)[C@H]2CNCC[C@@H]2c2ccc(OCCOc3c(Cl)cc(C)cc3Cl)cc2)C2CC2)cc(OC[C@H]2C[C@@H]2C(=O)OCC(=O)N(C)C)c1,6.7,Ki,200.0,nM,1
CHEMBL4446209,COC(=O)CC1OC2(CCN(CCc3ccccc3)CC2)CN(c2ccccc2)C1=O,6.7,IC50,200.0,nM,1
CHEMBL568138,COc1cnc2c(NCc3nnc4ccc(-c5cc(F)cc(F)c5)nn34)ccnc2c1,6.7,Ki,200.0,nM,1
CHEMBL4073895,Nc1nc(NCc2cc(C3CC3)on2)c2c(ccn2Cc2ccccn2)n1,6.7,IC50,200.0,nM,1
CHEMBL1257808,Cc1ncoc1-c1nnc(SCCCN2CCC3(c4cccc(C(F)(F)F)c4)CC3C2)n1C,6.7,IC50,199.53,nM,1
CHEMBL556496,COc1cccc(C2CCCN(CCN3CCN(c4cccc(Cl)c4)C3=O)C2)c1,6.7,IC50,199.53,nM,1
CHEMBL1761533,COCCCc1cc(CN(C(=O)[C@H]2CNCC[C@@H]2c2ccc(OCCOc3c(Cl)cc(C)cc3Cl)cc2)C2CC2)cc(OCCCC(C)(C)C(=O)O)c1,6.7,Ki,200.0,nM,1
CHEMBL573034,COc1cc(-c2cnc3nc(N4CCC(N5CCCCC5)CC4)sc3c2)ccn1,6.69,IC50,204.08,nM,1
CHEMBL273235,Fc1ccc(-n2cc(C3CCNCC3)c3cc(Cl)ccc32)cc1,6.69,IC50,204.17,nM,1
CHEMBL392770,OCC1(N2CCN(C3CCc4ccc(OCc5noc(-c6ccc(Cl)cc6)n5)cc43)CC2)CCCC1,6.69,Ki,205.0,nM,1
CHEMBL6051093,Fc1cc(-c2cnn(Cc3cc[nH]n3)c2)cc(C(F)F)c1,6.69,IC50,203.0,nM,1
CHEMBL239603,OCC1CCCN(CCCC2CCCc3ccc(OCc4noc(-c5ccc(Cl)cc5)n4)cc32)C1,6.69,Ki,206.0,nM,1
CHEMBL583582,Fc1cc(-c2cnc3nc(N4CCC(N5CCCCC5)CC4)sc3c2)ccn1,6.69,IC50,204.08,nM,1
CHEMBL3978613,Cc1cc(-c2nnc(SCCCN3CC[C@]4(C[C@@H]4c4ccc(C(F)(F)F)cc4)C3)n2C)on1,6.69,IC50,204.17,nM,1
CHEMBL4280531,CCOc1cc(CN2CCC3(CC2)CCN(S(=O)(=O)c2cccnc2)CC3)cc(OCC)c1-c1ccc(F)cc1,6.68,IC50,210.0,nM,1
CHEMBL3359758,N#Cc1ccc(-c2cnc3c(c2)[C@]2(COC(N)=N2)c2cc(-c4cccnc4F)ccc2O3)cc1,6.68,Ki,210.0,nM,1
CHEMBL3343216,OC(c1ccccc1)(c1ccccc1)C1CCN(Cc2ccc(-c3ccccc3)cc2)CC1,6.68,IC50,210.0,nM,1
CHEMBL43,COc1cc(NS(C)(=O)=O)ccc1Nc1c2ccccc2nc2ccccc12,6.68,IC50,210.0,nM,1
CHEMBL498260,N#Cc1ccc2cc1Oc1ccc3cccc(c3c1)N1CC[C@@H](NCCc3cncn3C2)C1=O,6.68,IC50,210.0,nM,1
CHEMBL270971,COc1ccccc1Oc1ccccc1CN1CCC2(CC1)CCN(C(=O)c1cc[n+]([O-])cc1)CC2,6.68,IC50,208.93,nM,1
CHEMBL495572,Clc1cccc(N2CCN(CCCCCOc3cc4ccccc4cn3)CC2)c1Cl,6.68,Ki,210.0,nM,1
CHEMBL4288848,CCOc1cc(CN2CCC(COc3cccc4cccnc34)CC2)cc(OCC)c1-c1ccc(F)cc1,6.68,IC50,210.0,nM,1
CHEMBL3221107,CCNC(=O)N1CCN(c2cnc3cc(C(F)(F)F)cc(NCc4cccc([N+](=O)[O-])c4)c3c2)CC1,6.68,IC50,210.0,nM,1
CHEMBL4879307,CN(C)c1ccc(/N=N/c2ccccn2)c(O)c1.O=S(=O)(O)c1ccccc1,6.68,IC50,210.0,nM,1
CHEMBL2324242,C[n+]1c(CCCOc2ccccc2)cccc1CCCOc1ccccc1,6.68,IC50,208.0,nM,1
CHEMBL206953,Cn1c(=O)cc(NC2CCN(Cc3ccc4ccccc4c3)CC2)c2cc(Cl)ccc21,6.67,Ki,215.0,nM,1
CHEMBL4084182,N=C(NCCCOc1ccc(F)cc1)Nc1ccc(Cl)cc1,6.67,IC50,216.0,nM,1
CHEMBL4217155,COc1ccc(CCN2CCC(Nc3nc4ccccc4n3CCC(C)C)CC2)cc1,6.67,IC50,211.7,nM,1
CHEMBL4278161,CCOc1cc(CN2CCC(C3CCN(S(=O)(=O)c4ccccc4)CC3)CC2)cc(OCC)c1-c1ccc(F)cc1,6.66,IC50,220.0,nM,1
CHEMBL4849545,CN(C)c1ccc(/N=N/c2ccccn2)c(O)c1.O=C(O)CCC(=O)O,6.66,IC50,220.0,nM,1
CHEMBL471994,Cc1ccccc1C1CCN(C[C@H]2CCc3cccnc3[C@@H](O)C2)CC1,6.66,IC50,220.0,nM,1
CHEMBL398525,CC(C)C(=O)NC1CCc2cc(CCN3CCN(c4nsc5ccccc45)CC3)ccc21,6.66,Ki,219.0,nM,1
CHEMBL4849321,CN(C)c1ccc(/N=N/c2ccccn2)c(O)c1.Cl,6.66,IC50,220.0,nM,1
CHEMBL111201,O=S(=O)(Nc1ccc(CCNC[C@H](O)c2cccnc2)cc1)c1ccc(-c2nc(-c3ccc(C(F)(F)F)cc3)cs2)cc1,6.66,IC50,220.0,nM,1
CHEMBL5964118,COc1cc(CCC(C)(C)N2Cc3ccc(F)cc3C2)ccc1OCCO,6.66,IC50,220.0,nM,1
CHEMBL403033,COc1cccc(C2CCN([C@@H]3CC[C@@](C(=O)NCc4cc(C(F)(F)F)cc(C(F)(F)F)c4)(C(C)C)C3)CC2)c1,6.66,IC50,217.0,nM,1
CHEMBL2043004,Cc1cccnc1CN1CCC2(CC1)C(=O)N(c1ccc(-c3ccccc3)cc1)C(=O)N2c1cc(O)ncn1,6.66,IC50,220.0,nM,1
CHEMBL1086520,C[C@@H]1CCCN1CCc1ccc2nc(-c3cc(Br)no3)ccc2c1,6.66,Ki,220.0,nM,1
CHEMBL3804918,CCN(CC)c1ccc2cc(C(=O)NCCCCN3CCC(Nc4nc5ccccc5n4Cc4ccc(F)cc4)CC3)c(=O)oc2c1,6.66,Ki,217.0,nM,1
CHEMBL1092652,CN(C)CCC1=C(Cc2cccnn2)c2ccc(Cl)cc2C1,6.66,IC50,220.0,nM,1
CHEMBL524352,N#Cc1ccc2cc1Oc1cc(Cl)cc(c1)CN1CC[C@@H](NCc3cncn3C2)C1=O,6.66,IC50,220.0,nM,1
CHEMBL3947961,Cn1c(SCCCN2CC[C@]3(C[C@H]3c3ccc(C(F)(F)F)cc3)C2)nnc1-c1ccncc1,6.65,IC50,223.87,nM,1
CHEMBL3959240,Cn1c(SCCCN2CC[C@]3(C[C@@H]3c3ccc(C(F)(F)F)cc3)C2)nnc1-c1ccc(S(N)(=O)=O)cc1,6.65,IC50,223.87,nM,1
CHEMBL255513,CC(C)[C@]1(C(=O)NCc2cc(C(F)(F)F)cc(C(F)(F)F)c2)CC[C@@H](N2CCC(c3cccnc3)CC2)C1,6.65,IC50,224.0,nM,1
CHEMBL2387230,Cc1cc(=O)oc2c(C)c(OCCCCN3CCC(c4noc5cc(F)ccc45)CC3)ccc12,6.65,IC50,226.0,nM,1
CHEMBL392350,CCN(Cc1cccc(OCc2noc(-c3ccccc3F)n2)c1)C1CCN(C2CC(C)C(C)C2)C1,6.65,Ki,222.0,nM,1
CHEMBL560935,CN1C(=O)C=C[C@]2(C)[C@H]3CC[C@]4(C)[C@@H](O)/C(=C/c5ccccc5)C[C@H]4[C@@H]3CC[C@@H]12,6.65,Ki,225.0,nM,1
CHEMBL1822853,C1=C(c2ccc(OCCCN3CCCCC3)cc2)CCC1,6.64,Ki,230.0,nM,1
CHEMBL566974,O=C(c1ccncn1)N1CCC2(CCN(Cc3ccccc3Oc3ccccc3)CC2)CC1,6.64,IC50,229.09,nM,1
CHEMBL4288439,CC1(C)CC(Oc2ccc(-c3ccc(-n4cccn4)cc3O)nn2)CC(C)(C)N1,6.64,IC50,230.0,nM,1
CHEMBL1092650,COc1nccnc1CC1=C(CCN(C)C)Cc2cc(Cl)ccc21,6.64,IC50,230.0,nM,1
CHEMBL3310798,CCNC(=O)N1CC2(CCN(CC3CCN(C(=O)OCC)CC3)CC2)c2cccnc21,6.64,IC50,230.0,nM,1
CHEMBL590036,CCCOCCn1c(=O)c(N2CCN(C[C@@H](C)O)CC2)nc2cnc(-c3ccc(OC)nc3)cc21,6.64,IC50,230.0,nM,1
CHEMBL4857685,CN(C)c1ccc(/N=N/c2ccccn2)c(O)c1,6.64,IC50,230.0,nM,1
CHEMBL455423,COc1ccc(CN(C)C)c(Oc2ccc(Cl)c(Cl)c2)c1,6.63,IC50,234.0,nM,1
CHEMBL5878770,Fc1ccc(-n2cc(Cc3cc[nH]n3)nn2)cc1C(F)F,6.63,IC50,236.0,nM,1
CHEMBL1087493,CCOCCn1c(N2CC[C@H](N(C)C)C2)nc2ccccc21,6.63,IC50,233.0,nM,1
CHEMBL4798957,Cc1cc(-c2ccc3c(c2)-c2nnc(Nc4cccc(OC(F)(F)F)c4)n2CCO3)ccn1,6.63,IC50,236.0,nM,1
CHEMBL3093972,CCCCCCCN(CC)CC#CC(c1ccccc1)c1ccccc1,6.62,IC50,238.0,nM,1
CHEMBL201362,COc1ccc(OC(F)(F)F)cc1CNC1CCC2CCC1(c1ccccc1)N2,6.62,Ki,240.0,nM,1
CHEMBL4869333,CN(C)c1ccc(/N=N/c2ccccn2)c(O)c1.Cc1ccc(S(=O)(=O)O)cc1,6.62,IC50,240.0,nM,1
CHEMBL4857416,CN(C)c1ccc(/N=N/c2ccccn2)c(O)c1.O=C(O)c1cc(O)ccc1O,6.62,IC50,240.0,nM,1
CHEMBL4866923,Br.CN(C)c1ccc(/N=N/c2ccccn2)c(O)c1,6.62,IC50,240.0,nM,1
CHEMBL1092495,C[C@@H](c1ccc(F)cn1)c1c(CCN(C)C)sc2ccccc12,6.62,IC50,240.0,nM,1
CHEMBL473478,Nc1ccc(-c2ccc(F)cc2)cc1NC(=O)c1ccc(CN2CCC3(CCNC3)CC2)cc1,6.62,IC50,237.0,nM,1
CHEMBL3093955,CCCCCCCN(CC)C/C=C/CCc1ccc(Cl)cc1,6.62,IC50,238.0,nM,1
CHEMBL4563167,COc1cccc(C(O)(CCN(C)C)C(c2cc3cc(Br)ccc3nc2OC)c2cccc3c2OCO3)n1,6.62,IC50,240.0,nM,1
CHEMBL2069513,CNC(=O)N1CCC(C2N[C@@H](c3nc(-c4ccccc4)c[nH]3)Cc3c2[nH]c2ccccc32)CC1,6.62,IC50,240.0,nM,1
CHEMBL1910316,O=C([C@H]1CNCC[C@]1(O)c1ccc(F)c(F)c1)N(Cc1cn(Cc2ccccc2OC(F)F)c2cccc(F)c12)C1CC1,6.62,Ki,240.0,nM,1
CHEMBL3918616,COc1c(Nc2ncc(Cl)c(Nc3ccccc3S(=O)(=O)N(C)C)n2)ccc2c1CCCC(N1CCN(CCO)CC1)C2,6.62,IC50,240.0,nM,1
CHEMBL122425,CN1[C@H](CCc2ccccc2)CCC[C@@H]1CC(=O)c1ccccc1,6.62,Ki,238.0,nM,1
CHEMBL556229,CN1C(=O)C=C[C@]2(C)[C@H]3CC[C@]4(C)[C@@H](O)[C@H](Cc5cccc(F)c5)C[C@H]4[C@@H]3CC[C@@H]12,6.62,Ki,240.0,nM,1
CHEMBL3093984,CCCCCCCN(CC)C/C=C/c1ccc(Cl)cc1,6.61,IC50,243.0,nM,1
CHEMBL456019,CCN(C(=O)Cc1ccc(OC)cc1)[C@H]1C[C@H]2CC[C@@H](C1)N2CC[C@H](NC(=O)C1CCC1)c1ccccc1,6.61,IC50,248.0,nM,1
CHEMBL3775031,COc1cccc(-c2c[nH]c([C@H]3Cc4c([nH]c5ccccc45)[C@@H](C4CCOCC4)N3)n2)c1,6.61,IC50,247.0,nM,1
CHEMBL4437876,Cn1c(N2CCC3(CCC[C@H]3N)CC2)nc2[nH]nc(-c3cccc(Cl)c3Cl)c2c1=O,6.6,IC50,250.0,nM,1
CHEMBL257717,Cc1ccn2c3c(nc2c1)CCN(CCCSc1nnc(-c2cccc4nc(C)ccc24)n1C)CC3,6.6,IC50,251.19,nM,1
CHEMBL2146803,COCCN1CCC[C@@H]1Cn1nc(Cc2ccc(Cl)cc2)c2ccccc2c1=O,6.6,IC50,251.19,nM,1
CHEMBL3775005,Cc1ncoc1-c1nnc(SCCCN2CC3CCN(c4cccc(F)c4)C3C2)n1C,6.6,IC50,251.19,nM,1
CHEMBL3935776,Cc1ncoc1-c1nnc(SCCCN2CC[C@]3(C[C@H]3c3ccc(C(F)(F)F)cc3F)C2)n1C,6.6,IC50,251.19,nM,1
CHEMBL1926893,COc1ccc(N(Cc2cnccc2C)C2CCN([C@H](C)CCNC(=O)c3c(C)cc(Cl)nc3C)CC2)cc1,6.6,IC50,250.0,nM,1
CHEMBL1081401,Cc1ccc2c(-c3nnc(SCCCN4CC5CC5(c5ccc(C(C)(C)C)cc5)C4)n3C)cccc2n1,6.6,IC50,251.19,nM,1
CHEMBL6019217,CCn1cc(CCn2cc(-c3ccc(Cl)c(OC(F)F)c3)cn2)cn1,6.6,IC50,250.0,nM,1
CHEMBL1671893,COc1ccc(C2CCN(CCN3CCOc4ccccc43)CC2)cc1OC,6.6,IC50,251.19,nM,1
CHEMBL1910319,O=C([C@H]1CNCC[C@]1(O)c1ccc(F)c(F)c1)N(Cc1cn(Cc2cccc(F)c2)c2cccc(F)c12)C1CC1,6.6,Ki,250.0,nM,1
CHEMBL411293,Cc1ccc2c(-c3nnc(SCCCN4CCc5nc6cc(C(F)(F)F)ccn6c5CC4)n3C)cccc2n1,6.6,IC50,251.19,nM,1
CHEMBL245118,Cc1cc(-c2ccc3c(c2)CCN(CCCSc2nnc(-c4ccc(F)c(F)c4)n2C)CC3)n(C)n1,6.6,IC50,251.19,nM,1
CHEMBL1910315,O=C([C@H]1CNCC[C@]1(O)c1ccc(F)c(F)c1)N(Cc1cn(Cc2ccccc2)c2cccc(F)c12)C1CC1,6.6,Ki,250.0,nM,1
CHEMBL1080165,Cc1ccc2c(-c3nnc(SCCCN4C[C@@H]5C[C@]5(c5ccc(Br)cc5)C4)n3C)cccc2n1,6.6,IC50,251.19,nM,1
CHEMBL1762815,CCc1sc(-c2cn(CC3CCOCC3)c3c(Cl)cccc23)nc1CN(CCO)C(C)C.Cl,6.6,Ki,251.19,nM,1
CHEMBL561326,O=C1N(CCN2CCC(c3nnc(-c4ccccc4)o3)CC2)CCN1c1cccc(Cl)c1,6.6,IC50,251.19,nM,1
CHEMBL566880,CO/N=C(/c1ccc(CN2CCC3(CC2)OCc2cc(F)ncc23)cc1)c1ccc(F)c(F)c1,6.6,IC50,250.0,nM,1
CHEMBL271631,CCc1nc2cc3c(cc2s1)CCN(CCCSc1nnc(-c2cccc4nc(C)ccc24)n1C)CC3,6.6,IC50,251.19,nM,1
CHEMBL2031962,CC(C)(C)c1cc(C(=O)N2CCN(CCCCCC(c3ccc(F)cc3)c3ccc(F)cc3)CC2)cc(C(C)(C)C)c1O,6.6,IC50,250.0,nM,1
CHEMBL402087,Cc1ccc2c(-c3nnc(SCCCN4CCc5cc6nc(C(C)(C)C)oc6c(C)c5CC4)n3C)cccc2n1,6.6,IC50,251.19,nM,1
CHEMBL5740148,Cc1ccc2c(c1)CN([C@H](C)CCc1ccc(Cl)c(Cl)c1)C2,6.6,IC50,250.0,nM,1
CHEMBL257369,Cc1ccc2c(-c3nnc(SCCCCN4CCc5cc6nc(C(F)(F)F)oc6c(Br)c5CC4)n3C)cccc2n1,6.6,IC50,251.19,nM,1
CHEMBL1762804,COCCN(C)Cc1csc(-c2cn(CC3CCCCC3)c3c(Cl)cccc23)n1.Cl,6.6,Ki,251.19,nM,1
CHEMBL271097,Cc1ccc2c(-c3nnc(SCCCCN4CCc5cc6nc(C(F)(F)F)oc6c(C)c5CC4)n3C)cccc2n1,6.6,IC50,251.19,nM,1
CHEMBL4065123,CCCCc1cc(OC2CCN(CCCCN(C)S(=O)(=O)CC)CC2)c2ncccc2c1.Cl.Cl,6.6,IC50,251.19,nM,1
CHEMBL1258035,Cc1ncoc1-c1nnc(SCCCN[C@@H]2CC[C@]3(c4ccc(C(F)(F)F)cc4)CC23)n1C,6.6,IC50,251.19,nM,1
CHEMBL1223953,NC(=O)c1cccc(C[C@@H]2C[C@H]3CC[C@@H](C2)N3Cc2ccccc2)c1,6.6,IC50,250.0,nM,1
CHEMBL2017413,COc1cc(-c2cn(CC(=O)N(Cc3ccc(F)cc3)C3C4CC5CC(C4)CC3C5)nn2)ccc1-n1cnc(C)c1,6.6,IC50,250.0,nM,1
CHEMBL3774769,Cn1c(SCCCN2CC3CCN(c4ccc(C(F)(F)F)cc4)C3C2)nnc1-c1ccc(=O)n(C)c1,6.6,IC50,251.19,nM,1
CHEMBL271096,CCc1nc2cc3c(cc2o1)CCN(CCCSc1nnc(-c2ccc(C(F)(F)F)cc2)n1C)CC3,6.6,IC50,251.19,nM,1
CHEMBL244280,Cc1cc(-c2ccc3c(c2)CCN(CCCSc2nnc(-c4cccc(F)c4)n2C)CC3)no1,6.6,IC50,251.19,nM,1
CHEMBL2208429,O=C(NC[C@@H](O)CN1CCC(Oc2ccc(Cl)c(Cl)c2)CC1)c1n[nH]c2ccccc12,6.6,IC50,251.19,nM,1
CHEMBL270387,Cn1c(SCCCN2CCc3ccc4oc(C(F)(F)F)nc4c3CC2)nnc1-c1ccccc1,6.6,IC50,251.19,nM,1
CHEMBL243898,Cc1cc(-c2ccc3c(c2)CCN(CCCSc2nnc(-c4ccccn4)n2C)CC3)no1,6.6,IC50,251.19,nM,1
CHEMBL2208427,COc1cc(C(=O)NC[C@@H](O)CN2CCC(Oc3ccc(Cl)c(Cl)c3)CC2)ccc1N,6.6,IC50,251.19,nM,1
CHEMBL3775097,Cn1c(SCCCN2CC3CCN(c4ccc(C#N)cc4)C3C2)nnc1-c1cnccn1,6.6,IC50,251.19,nM,1
CHEMBL271034,Cc1ccc2c(-c3nnc(SCCCN4CCc5ccc6oc(C(F)(F)C(F)(F)F)nc6c5CC4)n3C)cccc2n1,6.6,IC50,251.19,nM,1
CHEMBL395743,Cc1cc(-c2ccc3c(c2)CCN(CCCSc2nnc(-c4cccn4C)n2C)CC3)no1,6.6,IC50,251.19,nM,1
CHEMBL3955608,Cn1c(SCCCN2CC[C@]3(C[C@@H]3c3ccc(C(F)(F)F)cc3)C2)nnc1-c1cnccn1,6.59,IC50,257.04,nM,1
CHEMBL3354705,CC(C)(C)COc1ccc2c(c1)[C@]1(COC(N)=N1)c1cc(-c3ccc(F)nc3)ccc1O2,6.59,Ki,259.0,nM,1
CHEMBL3774817,Fc1cccc(-c2c[nH]c([C@H]3Cc4c([nH]c5ccccc45)[C@@H](C4CCOCC4)N3)n2)c1,6.59,IC50,258.0,nM,1
CHEMBL5843847,OCCc1nccn1Cn1cc(-c2ccc(S(F)(F)(F)(F)F)cc2)nn1,6.58,IC50,263.0,nM,1
CHEMBL4288417,CCOc1cc(CN2CCC(c3ncc(-c4ccc(F)cc4)[nH]3)CC2)cc(OCC)c1-c1ccc(F)cc1,6.58,IC50,260.0,nM,1
CHEMBL4228889,COc1ccc2nccc(CC[C@H]3CC[C@H](NCc4ccc5c(c4)OCCO5)CC3)c2c1,6.58,IC50,260.0,nM,1
CHEMBL4858940,CN(C)c1ccc(/N=N/c2ccccn2)c(O)c1.O=S(=O)(O)O,6.58,IC50,260.0,nM,1
CHEMBL3085130,CC(C(=O)NC1(c2ccccc2)CCC(N2CCC(O)(Cc3ccccc3)CC2)CC1)c1cc(C(F)(F)F)cc(C(F)(F)F)c1,6.58,Ki,260.0,nM,1
CHEMBL4849849,CN(C)c1ccc(/N=N/c2ccccn2)c(O)c1.O=C(O)/C=C\C(=O)O,6.58,IC50,260.0,nM,1
CHEMBL239598,CC1CC(N2CCN(C3CCc4ccc(OCc5noc(-c6ccc(Cl)cc6)n5)cc43)CC2)CC1C,6.58,Ki,261.0,nM,1
CHEMBL5953951,OCCc1nccn1Cc1cn(-c2ccc(S(F)(F)(F)(F)F)cc2)nn1,6.58,IC50,263.0,nM,1
CHEMBL495573,COc1cccc2cc3n(c12)CCN(CCCCN1CCn2c(cc4ccccc42)C1=O)C3,6.58,Ki,260.0,nM,1
CHEMBL1169572,Cc1cc(Cl)ccc1-c1nc2c(cc1-c1ccc(Cl)cc1)C(NC(=O)C(O)C(F)(F)F)CC(C)(C)O2,6.58,IC50,260.0,nM,1
CHEMBL1223815,Cc1ccc(CN2[C@@H]3CC[C@H]2C[C@@H](Oc2cccc(C(N)=O)c2)C3)s1,6.58,IC50,260.0,nM,1
CHEMBL3112968,NC[C@]1(c2cccc(Cl)c2)CC[C@H](N2CCc3c(nc(C(F)(F)F)nc3C3CC3)C2=O)CC1,6.58,IC50,260.0,nM,1
CHEMBL5867911,Cn1cc(Cn2cc(-c3ccc(F)c(C(C)(F)F)c3)cn2)cn1,6.58,IC50,261.0,nM,1
CHEMBL4278717,C=CC(=O)N[C@H]1CCN(c2ccc(C(N)=O)c(Nc3ccc(N4CCCCC4)nc3)n2)C1,6.58,IC50,260.0,nM,1
CHEMBL3899336,Cc1ncoc1-c1nnc(SCCCN2CC[C@]3(C[C@@H]3c3cc(Cl)cc(Cl)c3)C2)n1C,6.58,IC50,263.03,nM,1
CHEMBL4103602,CCOC(=O)C1=C(CN2CCOCC2)NC(c2nccs2)=NC1c1ccccc1[N+](=O)[O-],6.58,IC50,260.0,nM,1
CHEMBL3699567,Cc1cc2nc(CCC3CCCN3C)n(Cc3ccc(Cl)cc3)c2cc1C,6.58,IC50,260.0,nM,1
CHEMBL6052251,Cn1ccc(Cn2cc(-c3ccc(F)c(C(F)F)c3)cn2)n1,6.58,IC50,264.0,nM,1
CHEMBL252228,CCCC(=O)NC1CCc2cc(CCN3CCN(c4nsc5ccccc45)CC3)ccc21,6.57,Ki,269.0,nM,1
CHEMBL202417,OCC1CC2(c3ccccc3)NC1CCC2NCc1cc(OC(F)(F)F)ccc1OC1CC1,6.57,Ki,270.0,nM,1
CHEMBL4294614,Oc1cc(-c2cn[nH]c2)ccc1-c1ccc(N2CCC3(CCCNC3)C2)nn1,6.57,IC50,270.0,nM,1
CHEMBL3416047,C=CCOc1ccc(Cl)cc1[C@H]1C[C@@H]1CN.O=C(O)C(F)(F)F,6.57,IC50,270.0,nM,1
CHEMBL253233,O=C(NC1CCc2ccc(CCN3CCN(c4nsc5ccccc45)CC3)cc21)c1ccccc1,6.57,Ki,272.0,nM,1
CHEMBL1771093,Cc1cc(N2CCC(C3CCN(c4ncc(Cl)cn4)CC3)CC2)nc(C#N)n1,6.56,IC50,277.0,nM,1
CHEMBL400236,CC(C)C(=O)NC1CCc2ccc(CCN3CCN(c4nsc5ccccc45)CC3)cc21,6.56,Ki,278.0,nM,1
CHEMBL436953,O=c1cc(NC2CCN(Cc3ccc4c(c3)OCO4)CC2)c2cc(Cl)ccc2n1Cc1ccccc1,6.55,Ki,280.0,nM,1
CHEMBL2146872,O=C1OCc2cc(CCN3CCN(CCc4ccc5nonc5c4)CC3)ccc21,6.55,IC50,280.0,nM,1
CHEMBL6021001,CCn1ccc(Cn2cc(-c3ccc(Cl)c(OC(F)F)c3)cn2)n1,6.55,IC50,281.0,nM,1
CHEMBL5807381,FC(F)Oc1cc(-c2cnn(Cc3ccn(C4CCCC4)n3)c2)ccc1Cl,6.55,IC50,280.0,nM,1
CHEMBL5931382,FC(F)Oc1cccc(-c2cnn(Cc3cc[nH]n3)c2)c1,6.55,IC50,279.0,nM,1
CHEMBL3359220,Cc1nc(-c2ccccc2)nc(OCCCN2CCCCC2)c1Cl,6.55,IC50,280.0,nM,1
CHEMBL563998,CN1C[C@H]2CCN(c3ccc(-c4ccc(C#N)cc4)cc3)[C@H]2C1,6.55,Ki,282.0,nM,1
CHEMBL4069073,CCCCc1cc(OC2CCN(CCCS(=O)(=O)NC(C)(C)C)CC2)c2ncccc2c1.Cl.Cl,6.55,IC50,281.84,nM,1
CHEMBL4565200,Cc1cc(C(N)=O)c(-c2cccc(OC(=O)NCCN3CCN(c4ccccc4)CC3)c2)s1,6.55,IC50,280.0,nM,1
CHEMBL565614,O/N=C(\c1ccc(CN2CCC3(CC2)OCc2cc(F)ncc23)cc1)c1ccc(F)c(F)c1,6.55,IC50,280.0,nM,1
CHEMBL4213543,COc1ccc(CCN2CCC(CCc3cccc(OCCF)c3)CC2)cc1.Cl,6.55,IC50,280.0,nM,1
CHEMBL409419,Cc1cc(C)n(-c2cc(NC(=O)CN3CCCN(C)CC3)nc(-c3ccc(C)o3)n2)n1,6.54,IC50,285.0,nM,1
CHEMBL2334265,O[C@H](COc1ccc(F)cc1)CN1CCN(Cc2ccc(Cl)c(Cl)c2)CC1,6.54,IC50,290.0,nM,1
CHEMBL46523,c1ccc(CN2CCCC(c3c(-c4ccccc4)[nH]c4ccccc34)C2)cc1,6.54,Ki,290.0,nM,1
CHEMBL175845,CN1CCN(CCCn2nc(C3=C(c4cn(-c5ccc6ccccc6c5)c5ccccc45)C(=O)NC3=O)c3ccccc32)CC1,6.54,Ki,290.0,nM,1
CHEMBL3582307,Fc1ccc(-c2c[nH]c([C@H]3Cc4c([nH]c5ccccc45)CN3)n2)cc1,6.54,Ki,290.0,nM,1
CHEMBL3086029,O=C([C@@H]1CC[C@@H](N2CCOCC2)C[C@H]1c1ccc(Br)cc1)N1CC(c2ccccc2)(c2ccccc2)C1,6.54,IC50,290.0,nM,1
CHEMBL1803004,CS(=O)(=O)Nc1ccc2ccc3ncc(-c4ccccc4)cc3c(=O)c2c1,6.54,IC50,290.0,nM,1
CHEMBL4853196,COc1cc2c(cc1OC)CN([C@H](C)CCc1ccc(Cl)c(Cl)c1)C2,6.54,IC50,290.0,nM,1
CHEMBL2325201,Cc1ccc(C#Cc2cccc(C#Cc3ccc(C)cc3)[n+]2C)cc1,6.54,IC50,285.0,nM,1
CHEMBL1836252,COC(=O)C1(CNC(=O)c2cc(Cl)cc(Cl)c2)CCN(Cc2ccc(C(F)(F)F)cc2)CC1,6.54,IC50,290.0,nM,1
CHEMBL4455446,C[C@@H]1OCC2(CCN(c3nc4[nH]nc(-c5cccc(Cl)c5Cl)c4c(=O)n3C)CC2)[C@@H]1N,6.54,IC50,290.0,nM,1
CHEMBL1760247,COc1ccc([C@H]2CN(CCC3CCS(=O)(=O)CC3)C[C@@H]2CC(=O)Nc2cccc(Cl)c2)cc1,6.54,IC50,290.0,nM,1
CHEMBL3929083,Cn1c(SCCCN2CC[C@]3(C[C@@H]3c3ccc(C(F)(F)F)cc3)C2)nnc1-c1ccncc1,6.53,IC50,295.12,nM,1
CHEMBL2347416,CN1CC(Cn2nc(-c3cnc4[nH]cc(C(=O)NC(C)(C)C)c4n3)c3cc(OC(F)F)ccc32)C1,6.53,IC50,293.0,nM,1
CHEMBL2325212,C[n+]1c(C#Cc2ccc(-c3ccccc3)cc2)cccc1C#Cc1ccc(-c2ccccc2)cc1,6.53,IC50,294.0,nM,1
CHEMBL552279,C[C@@H]1CCCN1CCc1ccc(-c2ccc(S(=O)(=O)Nc3ccccc3)cc2)cc1,6.53,IC50,296.7,nM,1
CHEMBL3958201,Cn1c(SCCCN2CC[C@]3(C[C@@H]3c3ccc(C(F)(F)F)cc3)C2)nnc1C1CCCCC1,6.53,IC50,295.12,nM,1
CHEMBL4445679,CCOc1ccc2cc(-c3nn(CC4CCN(C(C)C)CC4)c4ncnc(N)c34)ccc2c1,6.52,IC50,300.0,nM,1
CHEMBL461236,O=C(NCCCCN1CCN(c2cccc(Cl)c2)CC1)c1cc2ccccc2cn1,6.52,Ki,300.0,nM,1
CHEMBL2204942,Cn1cc([C@H]2N[C@@H](c3nc(-c4ccc(F)cc4)c[nH]3)Cc3c2[nH]c2ccccc32)cn1,6.52,Ki,300.0,nM,1
CHEMBL1782580,CC(C)[C@]1(C(=O)N2CCN(c3cc(C(F)(F)F)ccn3)CC2)CC[C@@H](N[C@H]2CCOC[C@H]2O)C1,6.52,IC50,300.0,nM,1
CHEMBL1095499,CC1(C)CC(NC(=O)C2(O)CC2)c2cc(-c3ccc(Cl)cc3)c(-c3ccc(Cl)cc3Cl)nc2O1,6.52,IC50,300.0,nM,1
CHEMBL3604691,COc1ccc2ncc(F)c(CCC34CCC(NCc5cc(C)c6c(n5)NC(=O)CO6)(CC3)CO4)c2n1,6.52,IC50,300.0,nM,1
CHEMBL2012273,Fc1c(Cn2ccc3c(OC4CCN(Cc5cscn5)CC4)ncnc32)cccc1C(F)(F)F,6.52,Ki,300.0,nM,1
CHEMBL1171823,Clc1cccc(N2CCN(CCCCCCN3CCN(c4cccc(Cl)c4)CC3)CC2)c1,6.52,Ki,300.0,nM,1
CHEMBL523204,CCN(CC)C(=O)c1cccc(C2=CC3(CCNCC3)Oc3ccccc32)c1,6.52,IC50,303.0,nM,1
CHEMBL4096145,CC1(C)[C@H](Nc2c(C(N)=O)cnn3cc(-c4ccccc4)cc23)CC[C@]1(C)N,6.52,IC50,300.0,nM,1
CHEMBL4095759,CCCCc1cc(OC2CCN(CCCCS(=O)(=O)C(C)(C)C)CC2)c2ncccc2c1.Cl.Cl,6.52,IC50,302.0,nM,1
CHEMBL1910320,O=C([C@H]1CNCC[C@]1(O)c1ccc(F)c(F)c1)N(Cc1cn(Cc2ccc(F)c(F)c2)c2cccc(F)c12)C1CC1,6.52,Ki,300.0,nM,1
CHEMBL4283397,CN(c1ccc(-c2ccc(C#N)cc2O)nn1)C1CC(C)(C)NC(C)(C)C1,6.52,IC50,300.0,nM,1
CHEMBL380351,FC(F)(F)c1cc(COC2CCC3CCC2(c2ccccc2)N3)cc(C(F)(F)F)c1,6.52,Ki,300.0,nM,1
CHEMBL4078766,CCOC(=O)C1=C(CN2CCOCC2)NC(c2nccs2)=NC1c1ccc(Cl)cc1Cl,6.52,IC50,300.0,nM,1
CHEMBL210537,CC(=O)Nc1cccc(N2CCN(CCCCNS(=O)(=O)c3ccc(C)cc3)CC2)c1,6.52,IC50,300.0,nM,1
CHEMBL2391795,O=C(NC1CC1)c1ccc(O)cc1OC[C@@H](O)CN1CCC2(CC1)Cc1cc(Cl)ccc1O2,6.52,IC50,300.0,nM,1
CHEMBL4575859,COc1nc2ccc(C#N)cc2cc1C(c1cccc(C)c1)C(O)(CCN(C)C)c1cccnc1OC,6.52,IC50,300.0,nM,1
CHEMBL2031760,C[C@@H]1CCCN1CCN1CCc2cc(-c3ccc(F)cc3)ccc2C1=O,6.52,IC50,300.0,nM,1
CHEMBL3310800,CCOC(=O)N1CCC(CN2CCC3(CC2)CN(C(=O)NC)c2ncccc23)CC1,6.52,IC50,300.0,nM,1
CHEMBL6064365,Cc1nccn1CC(=O)N1CCC2(CC1)COC1c3ccc(Br)cc3OC(C)(C)C1C2,6.52,IC50,300.0,nM,1
CHEMBL5975347,Cc1c(CO)ncn1CC(=O)N1CCC2(CC1)COC1c3cc(Cl)ccc3OC(C)(C)C1C2,6.52,IC50,300.0,nM,1
CHEMBL1642187,COc1cc(/C=C/c2nc(N)nc(Nc3ccccc3)n2)ccc1-n1cnc(C)c1,6.52,IC50,300.0,nM,1
CHEMBL1910317,O=C([C@H]1CNCC[C@]1(O)c1ccc(F)c(F)c1)N(Cc1cn(Cc2cccc(OC(F)F)c2)c2cccc(F)c12)C1CC1,6.52,Ki,300.0,nM,1
CHEMBL4228918,COc1cc2ccc(C#N)cc2cc1[C@@H](c1cccc(C)c1)[C@@](O)(CCN(C)C)c1cccc2c1OCO2,6.52,IC50,300.0,nM,1
CHEMBL4060033,CC1(N)CCN(c2cnc(-c3cccc(Cl)c3Cl)c(N)n2)CC1,6.52,Ki,300.0,nM,1
CHEMBL2179805,C=CC(=O)N1CCC[C@@H](n2nc(-c3cccc(C(=O)Nc4ccc(C(C)C)c(C)c4)c3)c3c(N)ncnc32)C1,6.52,IC50,300.0,nM,1
CHEMBL596046,CS(=O)(=O)Nc1ccc(OCCNCCNc2ccc(Cl)c(Cl)c2)cc1,6.52,Ki,300.0,nM,1
CHEMBL2164207,CONC(=O)N(Cc1ccsc1)C1CCN([C@H](C)CCNC(=O)c2c(C)cc(Cl)nc2Cl)CC1,6.52,IC50,300.0,nM,1
CHEMBL4467749,C[C@@H]1OC2(CCN(CCc3ccccc3)CC2)CN(c2ccccc2)C1=O,6.52,IC50,300.0,nM,1
CHEMBL4280558,CN(c1ccc(-c2ccc(-n3cccn3)cc2O)nn1)C1CC(C)(C)NC(C)(C)C1,6.52,IC50,300.0,nM,1
CHEMBL2032047,C[C@H]1c2c([nH]c3ccc(C(F)(F)F)cc23)C[C@H]2CCN(CCCC3(C(=O)O)CCOCC3)C[C@@H]21,6.52,IC50,300.0,nM,1
CHEMBL448110,Cn1c(=O)nc(NC2CC3CCC(C2)N3Cc2ccc3c(c2)OCO3)c2cc(Cl)ccc21,6.51,Ki,310.0,nM,1
CHEMBL574837,Fc1ccc(-c2cnc3nc(N4CCC(N5CCCCC5)CC4)sc3c2)cn1,6.51,IC50,309.28,nM,1
CHEMBL582978,O/N=C(/c1ccc(CN2CCC3(CC2)OCc2cc(F)ncc23)cc1)c1ccc(F)c(F)c1,6.51,IC50,310.0,nM,1
CHEMBL1836163,COC(=O)C1(CNC(=O)c2cc(OC)cc(OC)c2)CCN(Cc2cccc(OC)c2)CC1,6.51,IC50,310.0,nM,1
CHEMBL1642186,COc1cc(/C=C/c2nc3ccccc3c(=O)n2C)ccc1-n1cnc(C)c1,6.51,IC50,310.0,nM,1
CHEMBL3910823,CN1CCN(c2ncc(C(=O)Nc3ccc(OC(F)(F)F)cc3)cc2-c2cncnc2)CC1,6.51,IC50,310.0,nM,1
CHEMBL2094383,Oc1ccc2ccccc2c1/N=N/c1nccs1,6.51,IC50,310.0,nM,1
CHEMBL4757477,CCOc1cc(C(=O)N2CCC(N3CCCC3)CC2)ccc1Nc1cc2c(cn1)N(C)C(=O)c1ccccc1N2C,6.5,IC50,320.0,nM,1
CHEMBL501480,N#Cc1ccc2cc1Oc1cccc(c1)C(c1ccccc1)N1CC[C@@H](NCc3cncn3C2)C1=O,6.5,IC50,320.0,nM,1
CHEMBL243708,Cc1cc(-c2ccc3c(c2)CCN(CCCSc2nnc(-c4ccc5nc(C)c(C)nc5c4)n2C)CC3)no1,6.5,IC50,316.23,nM,1
CHEMBL1818826,COc1cc(-c2cn(Cc3cc(C(C)(C)C)cc(C(C)(C)C)c3)nn2)ccc1-n1cnc(C)c1,6.5,IC50,320.0,nM,1
CHEMBL3422754,COc1ccc2ncc(Cl)c(CCC34CCC(NCc5ccc6c(n5)NC(=O)CO6)(CC3)CO4)c2n1,6.5,IC50,320.0,nM,1
CHEMBL1084401,CCC(CC)NCCCc1cc(-c2cccc(C(F)(F)F)c2)nc(C#N)n1,6.5,IC50,320.0,nM,1
CHEMBL1801188,Cc1nnc(N2CC[C@@H](F)C2)c2nn(-c3ccc(OCC(F)(F)F)cc3)c(C)c12,6.5,IC50,316.0,nM,1
CHEMBL590280,CCCOCCn1c(=O)c(N2CCN(CC)CC2)nc2cnc(-c3ccc(OC)nc3)cc21,6.5,IC50,320.0,nM,1
CHEMBL1762814,CCc1sc(-c2cn(CC3CCOCC3)c3c(Cl)cccc23)nc1CN(CC)CCO.Cl,6.5,Ki,316.23,nM,1
CHEMBL244275,Cc1cnc(-c2ccc3c(c2)CCN(CCCSc2nnc(-c4cccs4)n2C)CC3)o1,6.5,IC50,316.23,nM,1
CHEMBL1088,CN1CCCCC1CCN1c2ccccc2Sc2ccc([S+](C)[O-])cc21,6.5,IC50,320.0,nM,1
CHEMBL2012301,Fc1c(Cn2ccc3c(OC4CCN(Cc5ccccn5)CC4)ncnc32)cccc1C(F)(F)F,6.5,Ki,320.0,nM,1
CHEMBL1258712,Cc1ncoc1-c1nnc(SCCCN2CCC3(CCc4cc(Br)ccc43)C2)n1C,6.5,IC50,316.23,nM,1
CHEMBL1079462,Cc1ncoc1-c1nnc(SCCCN2CC3CC3(c3ccc(F)cc3)C2)n1C,6.5,IC50,316.23,nM,1
CHEMBL2011952,Nc1nccc(Nc2ccc(Oc3ccc(Cl)cc3)cc2)n1,6.5,Ki,320.0,nM,1
CHEMBL3774431,Cn1c(SCCCN2CC3CCN(c4ccc(F)cc4)C3C2)nnc1C1CCCCC1,6.5,IC50,316.23,nM,1
CHEMBL184412,CCCCc1oc2ccc(NS(C)(=O)=O)cc2c1C(=O)c1ccc(OCCCN(CCCC)CCCC)cc1,6.5,IC50,316.23,nM,1
CHEMBL3954568,Cc1ncoc1-c1nnc(SCCN2CC[C@]3(C[C@H]3c3ccc(C(F)(F)F)cc3)C2)n1C,6.5,IC50,316.23,nM,1
CHEMBL2334618,O[C@H](COc1ccc(Cl)cc1)CN1CCN(Cc2ccc(Cl)cc2)CC1,6.5,IC50,320.0,nM,1
CHEMBL243900,Cc1cc(-c2ccc3c(c2)CCN(CCCSc2nnc(C(F)(F)F)n2C)CC3)no1,6.5,IC50,316.23,nM,1
CHEMBL3774996,Cn1c(SCCCN2CC3CCN(c4ccc(F)cc4)C3C2)nnc1-c1cnccn1,6.5,IC50,316.23,nM,1
CHEMBL2171013,Cc1ccc(S(=O)(=O)N(C)C(=O)N2CCC(N3CCC(Oc4ccc(Cl)c(Cl)c4)CC3)CC2)cc1,6.5,IC50,316.23,nM,1
CHEMBL1632223,Cc1ccc2c(N3CCN(CCc4cccc(NC(=O)Nc5ccccc5)c4)CC3)cccc2n1,6.5,Ki,316.23,nM,1
CHEMBL402215,Cc1ncoc1-c1nnc(SCCCN2CCc3ccc4oc(C(F)(F)C(F)(F)F)nc4c3CC2)n1C,6.5,IC50,316.23,nM,1
CHEMBL3775836,Cc1cccc(N2CCC3CN(CCCSc4nnc(-c5cnccn5)n4C)CC32)c1,6.5,IC50,316.23,nM,1
CHEMBL3774927,Cc1ccccc1N1CCC2CN(CCCSc3nnc(-c4cnccn4)n3C)CC21,6.5,IC50,316.23,nM,1
CHEMBL1632218,Cc1ccc2c(N3CCN(CCc4cccc(NC(=O)c5csc(C)n5)c4)CC3)cccc2n1,6.5,Ki,316.23,nM,1
CHEMBL3774463,Cn1c(SCCCN2CC3CCN(c4ccc(C(F)(F)F)cc4)C3C2)nnc1C1CCCCC1,6.5,IC50,316.23,nM,1
CHEMBL1079461,Cc1ncoc1-c1nnc(SCCCN2CC3CC3(c3cccc(Cl)c3)C2)n1C,6.5,IC50,316.23,nM,1
CHEMBL556848,CN1C(=O)C=C[C@]2(C)[C@H]3CC[C@]4(C)[C@@H](O)/C(=C/c5ccncc5)C[C@H]4[C@@H]3CC[C@@H]12,6.5,Ki,320.0,nM,1
CHEMBL374438,COC(=O)N(NC(=O)c1c(CN2CCN(C)CC2)c(-c2ccccc2)nc2ccccc12)c1ccccc1,6.5,Ki,320.0,nM,1
CHEMBL1269955,N#Cc1nc(CCCN2CCOCC2)cc(-c2cccc(C(F)(F)F)c2)n1,6.5,Ki,320.0,nM,1
CHEMBL98,O=C(CCCCCCC(=O)Nc1ccccc1)NO,6.49,IC50,322.0,nM,1
CHEMBL1626,CN1CCC[C@@H]1CCO[C@](C)(c1ccccc1)c1ccc(Cl)cc1,6.49,Ki,323.7,nM,1
CHEMBL5855557,Cc1cc(Cn2cc(-c3ccc(F)c(C(F)F)c3)cn2)n(C)n1,6.49,IC50,323.0,nM,1
CHEMBL1294,C=C[C@H]1CN2CC[C@H]1C[C@@H]2[C@@H](O)c1ccnc2ccc(OC)cc12,6.49,IC50,323.59,nM,1
CHEMBL1957718,CC[C@]1(c2cccc(NS(C)(=O)=O)c2)[C@@H]2CN(CC3Cc4ccccc4C3)C[C@@H]21,6.49,IC50,326.0,nM,1
CHEMBL607,CCOC(=O)C1(c2ccccc2)CCN(C)CC1,6.49,IC50,323.59,nM,1
CHEMBL202439,O=C1C(c2cc(C(F)(F)F)cc(C(F)(F)F)c2)CCN1[C@]1(c2ccccc2)CC[C@@H](N2CCC3(CCOC3)CC2)CC1,6.49,Ki,327.0,nM,1
CHEMBL4555422,COC(=O)C1=C(C)NC(C)=C(C(=O)NC[C@H]2CCN(CCc3ccc(Cl)c(F)c3)C2)C1c1cccc([N+](=O)[O-])c1,6.48,IC50,330.0,nM,1
CHEMBL1945199,C[N+](C)(CCCCNC(=O)Cc1ccc(OCc2ccccc2)cc1)CCNC(=O)c1nc(Cl)c(N)nc1N.[Br-],6.48,IC50,330.0,nM,1
CHEMBL1092377,C[C@@H](c1ncccc1F)c1c(CCN(C)C)sc2ccccc12,6.48,IC50,330.0,nM,1
CHEMBL4752684,CCc1cc(-c2ccc3c(c2)-c2nnc(Nc4cccc(C(F)(F)F)c4)n2CCO3)ccn1,6.48,IC50,334.0,nM,1
CHEMBL1910321,O=C([C@H]1CNCC[C@]1(O)c1ccc(F)c(F)c1)N(Cc1cn(Cc2cccnc2)c2cccc(F)c12)C1CC1,6.47,Ki,340.0,nM,1
CHEMBL1224213,NC(=O)c1ccccc1O[C@H]1C[C@H]2CC[C@@H](C1)N2Cc1ccccc1,6.47,IC50,340.0,nM,1
CHEMBL3582315,c1ccc2c3c([nH]c2c1)C(C1CCCCC1)N[C@@H](c1nc(-c2cnccn2)c[nH]1)C3,6.47,IC50,340.0,nM,1
CHEMBL3785728,Oc1ccc2c(c1)CC(CN1CCC3(CCc4ccccc43)CC1)NC2,6.47,IC50,340.0,nM,1
CHEMBL1086513,C[C@@H]1CCCN1CCc1ccc2nc(-c3cnc(-c4ccccc4)s3)ccc2c1,6.47,Ki,340.0,nM,1
CHEMBL4632471,Cc1ccc(C(=O)Nc2ccc(CN3CCN(CCO)CC3)c(C3CC3)c2)cc1C#Cc1cnc2cccnn12,6.47,IC50,340.0,nM,1
CHEMBL4466293,CO[C@H]1CN(C2CCN(c3nc(N)n[nH]3)CC2)[C@H]1Cc1ccc(Cl)cc1,6.47,IC50,340.0,nM,1
CHEMBL492330,COc1ccc(C(=O)NC2(c3ccccc3)CCN(c3cc(N)ccn3)CC2)cc1Cl,6.46,Ki,343.0,nM,1
CHEMBL2324261,Cc1ccc(Cc2cc[n+](C)c(COc3ccc(C)cc3)c2)cc1.O=S(=O)([O-])C(F)(F)F,6.46,IC50,346.0,nM,1
CHEMBL4203660,COc1ccc(CCN2CCC(CCc3ccccc3OCCF)CC2)cc1.Cl,6.46,IC50,350.0,nM,1
CHEMBL476322,Cc1nc2c(C(F)(F)F)cccc2c(=O)n1-c1ccc(OCCCN2CCCC2)cc1,6.46,IC50,350.0,nM,1
CHEMBL6030456,CC(C)Oc1ccc(CC[C@@H](C)N2Cc3cc4c(cc3C2)OCO4)cc1OC(C)C,6.46,IC50,350.0,nM,1
CHEMBL4209058,Cl.FCCOc1ccc(CCN2CCC(CCc3ccccc3)CC2)cc1,6.46,IC50,350.0,nM,1
CHEMBL1081746,Cc1nc(C)c(-c2nnc(SCCCN3C[C@@H]4C[C@]4(c4ccc(C(F)(F)F)cc4)C3)n2C)s1,6.46,IC50,350.0,nM,1
CHEMBL453894,Cn1c(-c2ccc(OC3CCN(C4CCC4)CC3)cc2)nc2c(C(F)(F)F)cccc2c1=O,6.46,IC50,350.0,nM,1
CHEMBL3775532,Fc1ccc(-c2c[nH]c([C@H]3Cc4c([nH]c5ccccc45)[C@@H](C4CCOCC4)N3)n2)cc1F,6.46,IC50,350.0,nM,1
CHEMBL723,COc1ccccc1OCCNCC(O)COc1cccc2[nH]c3ccccc3c12,6.46,IC50,350.0,nM,1
CHEMBL4090245,O=c1n(Cc2ccc(Cl)cc2)c2sc3c(c2c2ncnn12)CCN(CC1CCOCC1)C3,6.46,IC50,350.0,nM,1
CHEMBL5946331,C[C@H](CCc1ccc(F)cc1)N1Cc2ccc(F)cc2C1,6.46,IC50,350.0,nM,1
CHEMBL498411,CN1CCN(c2ncnc3c2nc(-c2ccc(Cl)cc2Cl)n3-c2ccc(Cl)cc2)CC1,6.46,IC50,350.0,nM,1
CHEMBL398619,O=C(NC1CCc2ccc(CCN3CCN(c4nsc5ccccc45)CC3)cc21)c1cccnc1,6.45,Ki,358.0,nM,1
CHEMBL94454,CN(c1nccc(=O)[nH]1)C1CCN(c2nc3ccccc3n2Cc2ccc(F)cc2)CC1,6.45,IC50,354.81,nM,1
CHEMBL208473,O=c1cc(NC2CCN(Cc3ccc4c(c3)OCO4)CC2)c2cc(Cl)ccc2n1Cc1ccncc1,6.45,Ki,355.0,nM,1
CHEMBL3577937,CCCC[C@@H]1C[C@H](N(C)C(C)C)CC[C@@H]1NC(=O)CNC(=O)c1cccc(C(F)(F)F)c1,6.44,IC50,360.0,nM,1
CHEMBL271801,O=C(c1ccncc1)N1CCC2(CCN(Cc3cccc(Oc4ccccc4)c3)CC2)CC1,6.44,IC50,363.08,nM,1
CHEMBL382803,FC(F)(F)Oc1ccc(OC2CC2)c(CNC2CCC3CCC2(c2ccccc2)N3)c1,6.44,Ki,360.0,nM,1
CHEMBL1092663,Cc1ccc2c(c1)CC(CCN(C)C)=C2[C@@H](C)c1cnccn1,6.44,IC50,360.0,nM,1
CHEMBL1910545,Cc1ccc(Cn2cc(CN(C(=O)[C@H]3CNCC[C@]3(O)c3ccc(F)c(F)c3)C3CC3)c3c(F)cccc32)cn1,6.44,Ki,360.0,nM,1
CHEMBL4543599,CCC(CC)CNc1c(C(N)=O)cnc2c(C)cc(-c3cccnc3)cc12,6.44,IC50,360.0,nM,1
CHEMBL5858803,COc1cc(NC2CN(CCCF)C2)ncc1[C@@H]1c2ccc3[nH]ncc3c2C[C@@H](C)N1CC1(F)CC1,6.44,IC50,360.0,nM,1
CHEMBL4455068,N#Cc1ccc(N2CCC(Nc3cc(Nc4ccccn4)ncc3C(N)=O)CC2)nc1,6.44,IC50,360.0,nM,1
CHEMBL379224,CC1(c2cc(C(F)(F)F)cc(C(F)(F)F)c2)CCN([C@]2(c3ccccc3)CC[C@@H](N3CCC4(CCOC4)CC3)CC2)C1=O,6.44,Ki,364.0,nM,1
CHEMBL1836161,N#CC1(CNC(=O)c2cc(Cl)cc(Cl)c2)CCN(CCc2ccccc2)CC1,6.44,IC50,360.0,nM,1
CHEMBL1836248,COC(=O)C1(CNC(=O)c2cc(Cl)cc(Cl)c2)CCN(Cc2cccc(OC)c2)CC1,6.44,IC50,360.0,nM,1
CHEMBL478012,CNC(=O)c1c(NCCC2CCCC2)nc(C#N)nc1OCC1CCN(C)CC1,6.44,IC50,360.0,nM,1
CHEMBL4218176,O=C1CN(c2ccncc2)CCN1CCCCCOc1ccc(-c2ccc(Cl)cc2)cc1,6.43,IC50,370.0,nM,1
CHEMBL2069502,c1ccc(-c2c[nH]c([C@H]3Cc4c([nH]c5ccccc45)[C@@H](C4CCOCC4)N3)n2)cc1,6.43,Ki,369.0,nM,1
CHEMBL2325206,Cc1ccc(CCOCCCc2cccc(CCCOCCc3ccc(C)cc3)[n+]2C)cc1,6.43,IC50,371.0,nM,1
CHEMBL3944642,Cc1ncoc1-c1nnc(SCCCN2CC[C@@]3(C[C@@H]3c3ccc(C(F)(F)F)cc3)C2)n1C,6.43,IC50,371.54,nM,1
CHEMBL376488,COc1nc2ccc(Br)cc2cc1[C@@H](c1ccccc1)[C@@](O)(CCN(C)C)c1cccc2ccccc12,6.43,IC50,370.0,nM,1
CHEMBL1271174,CCCc1cc(-c2cc(C(=O)N(C)Cc3ccccc3)cc(C(F)(F)F)c2)nc(C#N)n1,6.43,Ki,370.0,nM,1
CHEMBL523167,CN(CCc1ccc(Cl)c(Cl)c1)C[C@H](O)COc1ccc(NS(C)(=O)=O)cc1,6.43,IC50,370.0,nM,1
CHEMBL221756,CN(C)C(=N)c1ccc(C(=O)Nc2ccc(Sc3ccc(C(=O)N(C)C)cc3)cc2C(=O)Nc2ccc(Cl)cn2)cc1,6.43,Ki,370.0,nM,1
CHEMBL4543259,CN1CCC(Cn2nc(-c3ccc4cc(OC5CC5)ccc4c3)c3c(N)ncnc32)CC1,6.43,IC50,370.0,nM,1
CHEMBL4794963,CC(=O)Nc1ccc(OCCCCN2CCC(c3noc4cc(F)ccc34)CC2)cc1,6.43,IC50,369.1,nM,1
CHEMBL3422756,COc1ccc2ncc(C#N)c(CCC34CCC(NCc5ccc6c(n5)NC(=O)CO6)(CC3)CO4)c2n1,6.43,IC50,370.0,nM,1
CHEMBL5879895,C[C@H](CCc1ccc(F)cc1)N1Cc2cc3c(cc2C1)OCO3,6.43,IC50,370.0,nM,1
CHEMBL1760245,COc1ccc([C@H]2CN(CCCC3CCOCC3)C[C@@H]2CC(=O)Nc2cccc(Cl)c2)cc1,6.43,IC50,370.0,nM,1
CHEMBL5941155,Cn1cc(Cn2cc(-c3ccc(F)c(C(F)F)c3)cn2)cn1,6.43,IC50,371.0,nM,1
CHEMBL2041176,COc1cc(N2C(=O)N(c3ccc(-c4ccc(C#N)cc4)cc3)C(=O)C23CCN(Cc2ncccc2C)CC3)ncn1,6.43,IC50,370.0,nM,1
CHEMBL466252,CCN1CCN(c2cc3[nH]c(S[C@]4(C)CC[C@@H](c5nc(C)no5)CC4)nc3cc2Cl)CC1,6.42,IC50,380.0,nM,1
CHEMBL4444525,CCCCOc1ccc(Cl)c(OCCCC)c1/N=N/c1c(O)ccc2ccccc12,6.42,IC50,380.0,nM,1
CHEMBL1084879,C[C@@H]1CCCN1CCc1ccc2nc(-c3csc(-c4ccc(OCC(F)(F)F)nc4)n3)ccc2c1,6.42,Ki,380.0,nM,1
CHEMBL1091836,Nc1cc(CN2CCC(N(C(=O)NCc3ccc(F)cc3)c3ccc(Cl)cc3)CC2)ccn1,6.42,IC50,384.0,nM,1
CHEMBL1627306,O=C(NCC[C@@H](O)CN1CCN(c2cccc(Cl)c2Cl)CC1)c1cc2ccccc2[nH]1,6.42,IC50,380.0,nM,1
CHEMBL1094847,CC1(C)CC(NC(=O)C(C)(C)O)c2cc(-c3ccc(Cl)cc3)c(-c3ccc(Cl)cc3Cl)nc2O1,6.42,IC50,380.0,nM,1
CHEMBL492449,FC(F)(F)c1ccc(C2=CC3(CCNCC3)Oc3ccccc32)cc1,6.42,IC50,379.0,nM,1
CHEMBL1083025,CC1(C)CC(NC(=O)CCO)c2cc(-c3ccc(Cl)cc3)c(-c3ccc(Cl)cc3Cl)nc2O1,6.42,IC50,380.0,nM,1
CHEMBL1097841,CC1(C)C[C@@H](NC(=O)c2cn[nH]c2)c2cc(-c3ccc(Cl)cc3)c(-c3ccc(Cl)cc3Cl)nc2O1,6.42,IC50,380.0,nM,1
CHEMBL2325213,COc1ccc(C#Cc2cccc(C#Cc3ccc(OC)cc3)[n+]2C)cc1,6.42,IC50,377.0,nM,1
CHEMBL2204932,Cc1nc([C@H]2N[C@@H](c3nc(-c4ccc(F)cc4)c[nH]3)Cc3c2[nH]c2ccccc32)no1,6.42,Ki,385.0,nM,1
CHEMBL2204941,Fc1ccc(-c2c[nH]c([C@H]3Cc4c([nH]c5ccccc45)[C@@H](C4CCOCC4)N3)n2)cc1,6.42,Ki,377.0,nM,1
CHEMBL3885379,FC(F)(F)c1c(OC[C@H]2C[C@@H]2c2ccc(Cl)cc2)ccn2c(CC3CC3)nnc12,6.42,IC50,380.0,nM,1
CHEMBL4204715,Cl.FCCOc1ccccc1CCC1CCN(CCc2ccc(F)cc2)CC1,6.42,IC50,380.0,nM,1
CHEMBL3354707,CC(C)(C)COc1ccc2c(c1)[C@]1(COC(N)=N1)c1cc(-c3cncc(F)c3)ccc1O2,6.42,Ki,377.0,nM,1
CHEMBL38827,CCCCN(CCCC)CC(O)c1cc(Cl)cc2c1-c1ccc(Cl)cc1/C2=C/c1ccc(Cl)cc1,6.42,IC50,377.0,nM,1
CHEMBL497604,N#Cc1cccc(N2CCN(CCCCNC(=O)c3cc4ccccc4o3)CC2)c1,6.41,Ki,390.0,nM,1
CHEMBL2204275,N#Cc1ccc(N2CCN(Cc3cc(C(=O)N[C@H]4CCCC[C@@H]4O)c(=O)n4ccccc34)CC2)cc1,6.41,IC50,390.0,nM,1
CHEMBL1818829,COc1cc(-c2cn(Cc3ccc(C(C)(C)C)cc3)nn2)ccc1-n1cnc(C)c1,6.41,IC50,390.0,nM,1
CHEMBL4105332,CCN(CC)Cc1cc(/C=N/N=C(\N)CC(O)c2cc3c(F)cc(F)cc3c3cc(C(F)(F)F)ccc23)ccc1O,6.41,IC50,390.0,nM,1
CHEMBL1818828,COc1cc(-c2cn(Cc3cc(C(F)(F)F)cc(C(F)(F)F)c3)nn2)ccc1-n1cnc(C)c1,6.41,IC50,390.0,nM,1
CHEMBL3221109,O=C(N1CCOCC1)N1CCN(c2cnc3cc(C(F)(F)F)cc(NCc4cccc([N+](=O)[O-])c4)c3c2)CC1,6.41,IC50,390.0,nM,1
CHEMBL4788072,Cc1cc(-c2ccc3c(c2)-c2nnc(Nc4cccc(C(F)(F)F)c4)n2CCO3)ccn1,6.41,IC50,388.0,nM,1
CHEMBL1081687,Cc1ncccc1-c1nnc(SCCCN2C[C@@H]3C[C@]3(c3ccc(C(F)(F)F)cc3)C2)n1C,6.41,IC50,390.0,nM,1
CHEMBL1642191,COc1cc(/C=C/c2nc(N)c3c4c(sc3n2)CCCCC4)ccc1-n1cnc(C)c1,6.41,IC50,390.0,nM,1
CHEMBL3085126,CC(C(=O)NC1(c2ccccc2)CCC(N2CCC(C3CCC(=O)O3)CC2)CC1)c1cc(C(F)(F)F)cc(C(F)(F)F)c1,6.4,Ki,400.0,nM,1
CHEMBL1241548,Cc1ccc2c(N3CCN(CCc4cccc5c4OCc4nc(C)c(C)n4-5)CC3)cccc2n1,6.4,Ki,398.11,nM,1
CHEMBL1761534,CCC(CC)(CCOc1cc(CCCOC)cc(CN(C(=O)[C@H]2CNCC[C@@H]2c2ccc(OCCOc3c(Cl)cc(C)cc3Cl)cc2)C2CC2)c1)C(=O)O,6.4,Ki,400.0,nM,1
CHEMBL2031958,COc1cc(CN2CCN(CCCCCC(c3ccc(F)cc3)c3ccc(F)cc3)CC2)cc(OC)c1OC,6.4,IC50,400.0,nM,1
CHEMBL175544,O=S(=O)(c1ccc(Cl)cc1)C1(F)CCN(CCc2ccc(F)cc2F)CC1,6.4,Ki,397.0,nM,1
CHEMBL1761532,COCCCc1cc(CN(C(=O)[C@H]2CNCC[C@@H]2c2ccc(OCCOc3c(Cl)cc(C)cc3Cl)cc2)C2CC2)cc(OCCC(C)(C)C(=O)O)c1,6.4,Ki,400.0,nM,1
CHEMBL552367,O=C1N(CCN2Cc3ccccc3C2)CCN1Cc1cc(Cl)ccc1Cl,6.4,IC50,398.11,nM,1
CHEMBL3604734,Cc1cc(NCc2c(F)cccc2C(F)(F)F)c2cccc(C(N)=O)c2n1,6.4,IC50,398.11,nM,1
CHEMBL123558,CN1CCN(CCCCN2C(=O)CN(/N=C/c3ccc(-c4ccc(Cl)cc4)o3)C2=O)CC1,6.4,IC50,400.0,nM,1
CHEMBL1241547,Cc1cn2c(n1)COc1c(CCN3CCN(c4cccc5nc(C)ccc45)CC3)cccc1-2,6.4,Ki,398.11,nM,1
CHEMBL255566,Cc1ccc2c(-c3nnc(SCCCN4CCc5cc6nc(C(C)(C)C)oc6c(Br)c5CC4)n3C)cccc2n1,6.4,IC50,398.11,nM,1
CHEMBL2036756,O=C(Nc1ccc(Cl)c(Cl)c1)N1CCN(C[C@@H]2CCCN(CCCc3ccccc3)C2)CC1,6.4,IC50,400.0,nM,1
CHEMBL5893587,Nc1ccc(-c2ccccc2)cc1NC(=O)c1cc2ccc(N3CCNCC3)cc2cn1,6.4,IC50,400.0,nM,1
CHEMBL3605119,COC(=O)CCCCOc1ccc2ncc(F)c(CCC34CCC(NCc5ccc6c(n5)NC(=O)CO6)(CC3)CO4)c2n1,6.4,IC50,400.0,nM,1
CHEMBL177416,O=S(=O)(c1ccccc1F)C1(F)CCN(CCc2ccc(F)cc2F)CC1,6.4,Ki,398.0,nM,1
CHEMBL5840168,COc1nccc(OCC2(C)CNC2)c1-c1cc(Nc2cnc(C#N)cn2)n[nH]1,6.4,IC50,400.0,nM,1
CHEMBL368329,CCn1nc(Cc2ccc(-c3ccccc3)cc2)cc1C1CCN(C[C@H]2CN([C@@H](C(=O)O)C3CCCCC3)C[C@@H]2c2cccc(F)c2)CC1,6.4,Ki,400.0,nM,1
CHEMBL3605140,CCOc1ccc2ncc(F)c(CCC34CCC(NCc5ccc6c(n5)NC(=O)CO6)(CC3)CO4)c2n1,6.4,IC50,400.0,nM,1
CHEMBL2078876,CCOc1ccc2cc(-c3nn(CC4CCN(C)CC4)c4ncnc(N)c34)ccc2c1,6.4,IC50,400.0,nM,1
CHEMBL3355639,CS(=O)(=O)c1ccc(-c2cnc3ccc(-c4cccc(S(=O)(=O)C5CC5)c4)nn23)cc1,6.4,IC50,400.0,nM,1
CHEMBL564513,CCNc1cc(N2CCOCC2)cc(CCc2nc(C)c(CC)o2)n1,6.4,IC50,400.0,nM,1
CHEMBL4751262,COC(=O)N(C)c1c(N)nc(-c2nc(Cc3ccccc3F)n3ccccc23)nc1N,6.4,IC50,400.0,nM,1
CHEMBL6047495,Cc1nc[nH]c1CN1CCC2(CC1)COC1c3cccc(Cl)c3OC(C)(C)C1C2,6.4,IC50,400.0,nM,1
CHEMBL5895249,Cc1nc[nH]c1CN1CCC2(CC1)COC1c3cc(Cl)ccc3OC(C)(C)C1C2,6.4,IC50,400.0,nM,1
CHEMBL6037809,Cc1nc[nH]c1CN1CCC2(CC1)COC1c3ccc(Cl)cc3OC(C)(C)C1C2,6.4,IC50,400.0,nM,1
CHEMBL3775753,COc1cc(N2CCC3CN(CCCSc4nnc(-c5cnccn5)n4C)CC32)ccc1F,6.4,IC50,398.11,nM,1
CHEMBL5927239,Cc1nccn1CCN1CCC2(CC1)COC1c3cc(F)ccc3OC(C)(C)C1C2,6.4,IC50,400.0,nM,1
CHEMBL4746185,CN1CCCN(c2nccc3[nH]c(-c4ccc(F)c(F)c4)nc23)CC1,6.4,IC50,400.0,nM,1
CHEMBL1210552,Cc1ncoc1-c1nnc(SCCCN2CC3CC3(c3ccc(S(F)(F)(F)(F)F)cc3)C2)n1C,6.4,IC50,398.11,nM,1
CHEMBL4758157,CN1CCCN(c2nccc3[nH]c(-c4cc(F)cc(F)c4)nc23)CC1,6.4,IC50,400.0,nM,1
CHEMBL1952144,FC(F)(F)Oc1cccc(-n2nnc3cc(Cl)c(NCC4CCNCC4)nc32)c1,6.4,IC50,398.11,nM,1
CHEMBL4646309,Nc1nc(N2CCC(N(CCc3ccc(Cl)cc3)Cc3ccc(Cl)cc3)CC2)n[nH]1,6.4,IC50,400.0,nM,1
CHEMBL1288676,N#Cc1ccc(CNC(=O)N(c2cccc(F)c2)C2CCN(CCC3(c4cccc(F)c4)CCN(C(=O)c4ccc(C#N)cc4)CC3)CC2)cc1,6.4,IC50,400.0,nM,1
CHEMBL4541206,CC1OC2(CCN(CCc3ccccc3)CC2)CN(c2ccccc2)C1=O,6.4,IC50,400.0,nM,1
CHEMBL46,Cc1nccn1CC1CCc2c(c3ccccc3n2C)C1=O,6.4,IC50,400.0,nM,1
CHEMBL3084777,COc1ccccc1-c1nc2c(C(=O)N[C@@H]3C[C@H]4CCC[C@@H](C3)N4C)cccc2o1,6.4,IC50,400.0,nM,1
CHEMBL1270063,N#Cc1nc(CCCNc2ccccn2)cc(-c2cccc(C(F)(F)F)c2)n1,6.4,Ki,400.0,nM,1
CHEMBL3775071,Cc1ccc(N2CCC3CN(CCCSc4nnc(-c5cnccn5)n4C)CC32)cc1,6.4,IC50,398.11,nM,1
CHEMBL5850591,COC(=O)c1cn(CCN2CCC3(CC2)COC2c4cc(Cl)ccc4OC(C)(C)C2C3)cn1,6.4,IC50,400.0,nM,1
CHEMBL4635160,Cc1cc(Cl)cc(-c2ccnc3cc(CN4C(=O)C5C(C4=O)C5(C)C)sc23)c1O[C@@H]1CCNC[C@@H]1C,6.4,IC50,400.0,nM,1
CHEMBL565075,O=C1N(CCN2C[C@H]3CC[C@H](CC3)C2)CCN1c1cccc(Cl)c1,6.4,IC50,398.11,nM,1
CHEMBL5934097,Cc1nc[nH]c1CN1CCC2(CC1)COC1c3ccc(Cl)cc3OCC1C2,6.4,IC50,400.0,nM,1
CHEMBL257900,Cc1ccc2c(-c3nnc(SCCN4CCc5cc6nc(C(F)(F)F)oc6c(C)c5CC4)n3C)cccc2n1,6.4,IC50,398.11,nM,1
CHEMBL408169,Cc1ccc2c(-c3nnc(SCCCN4CCc5cc6c(cc5CC4)OCCN6)n3C)cccc2n1,6.4,IC50,398.11,nM,1
CHEMBL1290275,CCN1C[C@H](NS(=O)(=O)C(C)C)[C@@H](c2ccc(-c3ccc(C#N)cc3)cc2)C1,6.4,IC50,400.0,nM,1
CHEMBL571389,Cc1ccc(CCCCN2CCC(C(O)(c3ccccc3)c3ccccc3)CC2)cc1,6.4,IC50,396.0,nM,1
CHEMBL4483673,C[C@H]1C[C@H]2CSC(N)=N[C@@]2(c2cc(NC(=O)c3ccc(OC(F)F)cn3)ccc2F)CO1,6.4,IC50,400.0,nM,1
CHEMBL1079823,Cc1ncoc1-c1nnc(SCCCN2C[C@H]3C[C@@]3(c3ccc(C(C)(C)C)cc3)C2)n1C,6.4,IC50,398.11,nM,1
CHEMBL4451572,CCCCOc1cc(Cl)c(/N=N/c2c(O)ccc3ccccc23)c(OCCCC)c1,6.4,IC50,400.0,nM,1
CHEMBL4115628,Cc1ccc(CN2CC[C@@H](N3CCC(c4ccc(O)cc4)CC3)C2=O)cc1,6.4,IC50,400.0,nM,1
CHEMBL1082106,Cc1ncoc1-c1nnc(SCCCN2CC3CC3(c3ccc(Br)cc3)C2)n1C,6.4,IC50,398.11,nM,1
CHEMBL1085396,Cc1onc(-c2ccc(Cl)cc2)c1-c1ccc2cc(CCN3CCC[C@H]3C)ccc2n1,6.4,Ki,400.0,nM,1
CHEMBL1079814,Cc1cc(C(F)(F)F)ccc1C12CC1CN(CCCSc1nnc(-c3ocnc3C)n1C)C2,6.4,IC50,398.11,nM,1
CHEMBL1080126,Cc1ncoc1-c1nnc(SCCCN2CC3CC3(c3ccc(C(F)(F)F)c(F)c3)C2)n1C,6.4,IC50,398.11,nM,1
CHEMBL2403831,CC(C)Oc1nc(C2CCNCC2)ncc1Nc1ncc(Cl)c(Nc2ccccc2S(=O)(=O)C(C)C)n1,6.4,IC50,400.0,nM,1
CHEMBL2208431,O=C(NC[C@@H](O)CN1CCC(Oc2ccc(Cl)c(Cl)c2)CC1)c1n[nH]c(=O)c2ccccc12,6.4,IC50,398.11,nM,1
CHEMBL1081747,Cc1ncoc1-c1nnc(SCCCN2CC3CC3(c3ccc(Cl)cc3F)C2)n1C,6.4,IC50,398.11,nM,1
CHEMBL3942279,C[C@H]1C[C@H]2CSC(N)=N[C@@]2(c2nc(NC(=O)c3ccc(OC(F)F)cn3)ccc2F)CO1,6.4,IC50,400.0,nM,1
CHEMBL4226478,COc1cc2ccc(Br)cc2cc1[C@@H](c1ccccc1)[C@@](O)(CCN(C)C)c1ccc2occc2c1,6.4,IC50,400.0,nM,1
CHEMBL4515812,CCC1OC2(CCN(CCc3ccccc3)CC2)CN(c2ccccc2)C1=O,6.4,IC50,400.0,nM,1
CHEMBL5798365,CCn1c(N2CCCCC(N)C2)nc2c([N+](=O)[O-])c(Br)c(Br)cc21,6.4,IC50,400.0,nM,1
CHEMBL511279,Cc1ccc2c(N3CCN(CCc4cccc5c4OCC(=O)N5CC(F)F)CC3)cccc2n1,6.4,Ki,398.11,nM,1
CHEMBL3099950,NC(=O)Nc1ccc(F)cc1OC[C@@H](O)CN1CCC2(CC1)Cc1cc(Cl)ccc1O2,6.4,IC50,400.0,nM,1
CHEMBL197467,COc1cc2c(cc1OC)[C@H](C[C@H](O)c1ccc(Cl)cc1)N(C)CC2,6.4,IC50,400.0,nM,1
CHEMBL3355638,C[S+]([O-])c1ccc(-c2cnc3ccc(-c4cccc(S(=O)(=O)C5CC5)c4)nn23)cc1,6.4,IC50,400.0,nM,1
CHEMBL243474,Cc1cc(-c2ccc3c(c2)CCN(CCCSc2nnc(C(C)(C)C)n2C)CC3)no1,6.4,IC50,398.11,nM,1
CHEMBL1084878,C[C@@H]1CCCN1CCc1ccc2nc(-c3csc(-c4ccccc4)n3)ccc2c1,6.4,Ki,400.0,nM,1
CHEMBL351231,C[C@@H]1CCCN1CCc1cc2cc(-c3ccc(C#N)cc3)ccc2o1,6.4,Ki,400.0,nM,1
CHEMBL4060529,COCCCC(=O)NCCN1CCC[C@@H]1Cn1nc(Cc2ccc(Cl)cc2)c2ccccc2c1=O.Cl.Cl,6.4,IC50,398.11,nM,1
CHEMBL4086348,CC1(C(=O)N2CC(c3nc(-c4ccc(C(=O)Nc5cc(C(F)(F)F)ccn5)cc4)c4c(N)nccn34)C2)COC1,6.4,IC50,400.0,nM,1
CHEMBL4469841,CCCCOc1cc(Cl)cc(OCCCC)c1/N=N/c1c(O)ccc2ccccc12,6.4,IC50,400.0,nM,1
CHEMBL250689,CC(=O)c1cccc(NC(=O)N[C@@H]2CCCC[C@H]2CN2CCC[C@@H](Cc3ccc(F)cc3)C2)c1,6.4,IC50,400.0,nM,1
CHEMBL3099949,NC(=O)Nc1ccccc1OC[C@@H](O)CN1CCC2(CC1)Cc1cc(Cl)ccc1O2,6.4,IC50,400.0,nM,1
CHEMBL4228129,COc1ccc2nccc(CC[C@H]3CC[C@H](NCc4ccc5c(n4)NC(=O)CO5)CC3)c2c1,6.39,IC50,410.0,nM,1
CHEMBL5825678,Cn1ccc(Cn2cc(-c3ccc(Cl)c(C(F)F)c3)cn2)n1,6.39,IC50,410.0,nM,1
CHEMBL3935692,Cc1ncoc1-c1nnc(SCCCN2CC[C@]3(C[C@@H]3c3ccc(C(F)(F)F)cc3)C2)n1C,6.39,IC50,407.38,nM,1
CHEMBL572996,CC[C@H]1OC(=O)[C@H](C)[C@@H](O[C@H]2C[C@@](C)(OC)[C@@H](O)[C@H](C)O2)[C@H](C)[C@@H](O[C@@H]2O[C@H](C)C[C@H](N(C)C(C)C)[C@H]2O)[C@](C)(O)C[C@@H](C)[C@H](OCC(=O)NC)[C@H](C)[C@@H](O)[C@]1(C)O,6.39,IC50,411.0,nM,1
CHEMBL239605,OCC1CCCN(CCCC2CCCc3ccc(OCc4ccc(-c5ccccc5F)cn4)cc32)C1,6.39,Ki,410.0,nM,1
CHEMBL4213979,Cl.FCCOc1cccc(CCN2CCC(CCc3ccccc3)CC2)c1,6.39,IC50,410.0,nM,1
CHEMBL255431,Cc1cccnc1C(=O)N1CCC(C)(N2CCC(N(c3ccccc3)c3cccnc3)CC2)CC1,6.39,IC50,410.0,nM,1
CHEMBL3354690,CC(C)(C)CCc1ccc2c(c1)[C@]1(COC(N)=N1)c1cc(-c3cncnc3)ccc1O2,6.39,Ki,410.0,nM,1
CHEMBL4467412,CC(C)c1cc(C(=O)NC[C@H]2CCN(CCc3ccc(C(F)(F)F)cc3)C2)on1,6.39,IC50,410.0,nM,1
CHEMBL4868855,COc1ccc(CCNCCCNc2nc3ccccc3n2Cc2ccc(F)cc2)cc1,6.39,IC50,410.0,nM,1
CHEMBL478011,CNC(=O)c1c(NCC2CCC3(CCC3)CC2)nc(C#N)nc1OCCC1CCN(C)CC1,6.38,IC50,420.0,nM,1
CHEMBL424865,N#Cc1c(O)nc2ccc(Cl)cc2c1NC1CCN(Cc2ccc3c(c2)OCO3)CC1,6.38,Ki,420.0,nM,1
CHEMBL559414,CCN(CC)C(=O)c1ccc(C2=CC3(CCNCC3)Oc3ccccc32)c(F)c1,6.38,IC50,418.0,nM,1
CHEMBL472967,CN(C)C(=N)c1ccc(C(=O)Nc2ccc(Cl)cc2C(=O)Nc2ccc(Cl)cn2)c(F)c1,6.38,Ki,420.0,nM,1
CHEMBL1823340,c1ccc(-c2ccc(OCCCN3CCCCC3)cc2)cc1,6.38,IC50,420.0,nM,1
CHEMBL409229,CCN[C@H]1CCN(CC(=O)Nc2cc(-n3nc(C)cc3C)nc(-c3ccc(C)o3)n2)C1,6.38,IC50,420.0,nM,1
CHEMBL2441434,N#Cc1ccc(CCN2CCN(C(=O)Cc3ccc(-n4cnnn4)cc3)CC2)cc1,6.38,IC50,420.0,nM,1
CHEMBL2403858,CC(C)(O)c1nc2cc(Cl)ccc2n1[C@H]1CC[C@@H](NCC2Cc3ccc(Cl)cc3C2)CC1,6.38,IC50,420.0,nM,1
CHEMBL4092687,COc1ccc(NC(=N)NCCCOc2ccc(F)cc2)cc1,6.38,IC50,416.8,nM,1
CHEMBL184461,COc1ccc(CCNCCCNC(=O)c2ccc([N+](=O)[O-])cc2)cc1OC,6.38,IC50,420.0,nM,1
CHEMBL3787112,Nc1ncnc2c1c(-c1cccc(O)c1)cn2[C@H]1C[C@@H](CN2CCC2)C1,6.38,IC50,420.0,nM,1
CHEMBL2347417,CC(C)(C)NC(=O)c1c[nH]c2ncc(-c3nn(CCCN4CC(C#N)C4)c4ccc(OC(F)F)cc34)nc12,6.38,IC50,414.0,nM,1
CHEMBL5932706,Cc1n[nH]c(C)c1Cn1cc(-c2ccc(F)c(C(C)(F)F)c2)cn1,6.38,IC50,422.0,nM,1
CHEMBL513367,CCCCN([C@H]1CCNC1)S(=O)(=O)c1ccc2ccccc2c1,6.38,Ki,412.0,nM,1
CHEMBL382848,CS(=O)(=O)NCC1CC2(c3ccc(F)cc3)NC1CCC2NCc1cc(OC(F)(F)F)ccc1OC1CC1,6.38,Ki,420.0,nM,1
CHEMBL2146871,N#Cc1ccc(CCN2CCN(CCc3ccc4c(c3)COC4=O)CC2)cc1,6.37,IC50,430.0,nM,1
CHEMBL6030320,COc1cc(CC[C@@H](C)N2Cc3ccc(Cl)cc3C2)ccc1O,6.37,IC50,430.0,nM,1
CHEMBL4212482,COc1ccccc1CCN1CCC(CCc2ccccc2OCCF)CC1.Cl,6.37,IC50,430.0,nM,1
CHEMBL4447657,CN1CCN(c2ccc(-c3ccc(-c4nc5cc(C(F)(F)F)ccc5[nH]4)cc3)cn2)CC1,6.37,Ki,426.0,nM,1
CHEMBL6001974,Cc1n[nH]c(C)c1CCn1cc(-c2ccc(F)c(C(F)F)c2)cn1,6.37,IC50,424.0,nM,1
CHEMBL1085142,Cc1c(-c2ccc3cc(CCN4CCC[C@H]4C)ccc3n2)sc2nc3ccccc3n12,6.37,Ki,430.0,nM,1
CHEMBL4850236,Fc1cc(F)c(F)c(-c2ccc(N[C@H]3C[C@@H]4CN(CC5CCOCC5)C[C@@H]4C3)nn2)c1,6.37,IC50,431.0,nM,1
CHEMBL1080584,CCOc1cc(CN2CCC(Nc3nc4cc(C(N)=O)ccc4o3)CC2)cc(OCC)c1F,6.37,IC50,430.0,nM,1
CHEMBL2017415,COc1cc(-c2cn(CC(=O)N(Cc3ccccc3)[C@H](C)c3ccccc3)nn2)ccc1-n1cnc(C)c1,6.37,IC50,430.0,nM,1
CHEMBL585530,N#Cc1cccc2c1C(=O)Nc1ncc(-c3ccccc3)cc1C2,6.37,Ki,431.0,nM,1
CHEMBL559060,Fc1ccc(Cn2c(N3CCC(NCC4CCOCC4)CC3)nc3ccccc32)cc1,6.37,Ki,426.0,nM,1
CHEMBL2011950,Nc1ccnc(Nc2ccc(Oc3ccc(Cl)cc3)cc2)n1,6.37,Ki,430.0,nM,1
CHEMBL493087,CS(=O)(=O)Nc1ccc(OC[C@@H](O)CN(CCc2ccc(Cl)c(Cl)c2)Cc2ccccc2)cc1,6.37,IC50,430.0,nM,1
CHEMBL2347420,CC(C)(C)NC(=O)c1c[nH]c2ncc(-c3nn(CCCS(C)(=O)=O)c4ccc(OC(F)F)cc34)nc12,6.37,IC50,429.0,nM,1
CHEMBL4750179,Cc1cc(-c2ccc3c(c2)-c2nnc(Nc4cccc(Cl)c4)n2CCO3)ccn1,6.37,IC50,428.0,nM,1
CHEMBL4852538,COc1ncc(-c2ccc(C(=O)O)cc2C)cc1-c1ccc(C(F)(F)F)cc1CN1C(=O)O[C@H](c2cc(C(F)(F)F)cc(C(F)(F)F)c2)[C@@H]1C,6.36,IC50,440.0,nM,1
CHEMBL1779536,Cc1c2c(n3c1CCCN1CC[C@H](CNc4cc-3ccc4C(N)=O)C1)CC(C)(C)CC2=O,6.36,IC50,440.0,nM,1
CHEMBL1813044,CC(=O)Nc1cccc(Nc2ncnc(N3CCC(OCc4ccc(C(C)C)cc4)CC3)n2)c1C,6.36,IC50,440.0,nM,1
CHEMBL312137,N#Cc1ccc(Cn2cncc2CN[C@H]2CCN(Cc3cccc(Cl)c3)C2=O)cc1,6.36,IC50,440.0,nM,1
CHEMBL3941777,Cl.N=C(N)N/N=C/c1ccc(-c2ccc(/C=N/Nc3ccccc3Br)cc2)cc1,6.36,IC50,440.0,nM,1
CHEMBL1258880,O=C1NCc2ccc(OCCCN3CCN(c4cccc5cc(F)ccc45)CC3)cc21,6.36,Ki,439.0,nM,1
CHEMBL5936194,CCn1c(N2CCC[C@@H](N)C2)nc2c([N+](=O)[O-])c(Br)c(Br)cc21,6.36,IC50,440.0,nM,1
CHEMBL3582309,c1ccc(-c2c[nH]c([C@H]3Cc4c([nH]c5ccccc45)C(C4CCCCC4)O3)n2)cc1,6.36,Ki,440.0,nM,1
CHEMBL549908,C[C@H]1[C@@H](c2ccc(OCCCN3CCCC3)cc2)Oc2ccccc2S1(=O)=O,6.36,IC50,440.0,nM,1
CHEMBL522964,C[C@@H]1CN(CC2(c3ccncc3)CC2)CCN1S(=O)(=O)c1ccc(C(C)(O)C(F)(F)F)cc1,6.36,IC50,440.0,nM,1
CHEMBL1823180,C[C@H]1[C@H](c2ccc(OCCCN3CCCC3)cc2)Oc2ccccc2S1(=O)=O,6.36,IC50,440.0,nM,1
CHEMBL3613443,CC(C)[C@@H](CN1CCC(c2cccc(F)c2)CC1)NC(=O)[C@H]1Cc2ccc(O)cc2CN1,6.36,Ki,436.0,nM,1
CHEMBL1085641,Cc1c(-c2ccc(Cl)cc2)noc1-c1ccc2cc(CCN3CCC[C@H]3C)ccc2n1,6.36,Ki,440.0,nM,1
CHEMBL225090,CN1CCN(Cc2ccc3c(c2)Cc2c(-c4csc(C#CCCOc5ccccc5)c4)n[nH]c2-3)CC1,6.35,IC50,450.0,nM,1
CHEMBL2016731,Cc1nc(N2CCC(N3CCCC3)CC2)nc2ccc(NC(=O)COc3ccc(Cl)cc3)cc12,6.35,IC50,450.0,nM,1
CHEMBL205492,O=c1nc(NC2CCN(Cc3ccc4c(c3)OCO4)CC2)c2cc(Cl)ccc2n1CC(F)(F)F,6.35,Ki,445.0,nM,1
CHEMBL1935439,CN(C)C(=O)CN1CCCC(c2nc3ccccc3n2CCOc2ccccc2)C1,6.35,IC50,450.0,nM,1
CHEMBL4799274,COc1ccc(-c2ccccc2N2CCN(CCCCOc3ccc4c(c3)NC(=O)C(C)O4)CC2)cc1,6.35,IC50,448.0,nM,1
CHEMBL3901587,Cc1ncoc1-c1nnc(SCCCN2CC[C@@]3(C[C@@H]3c3ccc(C(F)(F)F)cc3F)C2)n1C,6.35,IC50,446.68,nM,1
CHEMBL4535649,COc1nc2ccc(Br)cc2cc1C(c1cccc(C)c1)C(O)(CCN(C)C)c1cccnc1OC,6.35,IC50,450.0,nM,1
CHEMBL3914556,Cn1c(SCCCN2CC[C@]3(C[C@@H]3c3ccc(C(F)(F)F)cc3)C2)nnc1-c1nccs1,6.35,IC50,446.68,nM,1
CHEMBL394639,CC(C)CO/N=C/COc1ccc(CN2CCC(NC(=O)c3cc(=O)c4ccc(F)cc4o3)CC2)cc1F,6.35,IC50,450.0,nM,1
CHEMBL5870299,CCn1ccc(Cn2cc(-c3ccc(F)c(C(F)F)c3)cn2)n1,6.35,IC50,443.0,nM,1
CHEMBL255863,Cc1cn(-c2cc(NC(=O)c3ccc(C)c(Nc4nccc(-c5cccnc5)n4)c3)cc(C(F)(F)F)c2)cn1,6.35,IC50,450.0,nM,1
CHEMBL52832,CC(C)(O)c1ccc(C(O)CCCN2CCC(C(O)(c3ccccc3)c3ccccc3)CC2)cc1,6.34,IC50,457.09,nM,1
CHEMBL563220,Cn1cnc(C(=O)N(Cc2cccc(OC(F)(F)F)c2)C[C@H]2[C@@H]3CN(CC4CCCC4)C[C@@H]32)c1,6.34,IC50,460.0,nM,1
CHEMBL4873747,Fc1cc2ncn([C@H]3C[C@@H]4[C@@H](CNC(c5ccc(Cl)cc5)C(F)(F)F)[C@@H]4C3)c2cc1F,6.34,IC50,460.0,nM,1
CHEMBL4212501,CCSc1ccc([C@H](c2cc3cc(Br)ccc3nc2OC)[C@@](O)(CCN(C)C)c2cccc(F)c2)cn1,6.34,IC50,460.0,nM,1
CHEMBL470581,CCNC(=O)N1CCC2(CCN(c3ccc(C(=O)Nc4cc(-c5cccs5)ccc4N)cn3)CC2)C1,6.34,Ki,460.0,nM,1
CHEMBL1836250,COC(=O)C1(CNC(=O)c2cc(Cl)cc(Cl)c2)CCN(Cc2ccccc2C(F)(F)F)CC1,6.34,IC50,460.0,nM,1
CHEMBL2031985,CC(C)(C)c1cc(CNCC2CCN(CCCCCC(c3ccc(F)cc3)c3ccc(F)cc3)C2)cc(C(C)(C)C)c1,6.34,IC50,460.0,nM,1
CHEMBL3085128,CC1CCN([C@H]2CC[C@](NC(=O)C(C)c3cc(C(F)(F)F)cc(C(F)(F)F)c3)(c3ccccc3)CC2)CC1,6.34,Ki,460.0,nM,1
CHEMBL1081023,Cc1ncoc1-c1nnc(SCCCN2CC3CC3(c3ccc(C(F)(F)F)cc3F)C2)n1C,6.34,IC50,460.0,nM,1
CHEMBL2146880,CSc1cc(CCN2CCN(CCc3ccc4c(c3)COC4=O)CC2)ccc1C#N,6.34,IC50,460.0,nM,1
CHEMBL487060,O=c1c2ccccc2nc(-c2ccc(OCCCN3CCCCC3)cc2)n1-c1ccccc1,6.34,IC50,460.0,nM,1
CHEMBL1910299,O=C([C@H]1CNCC[C@]1(O)c1ccc(F)c(F)c1)N(Cc1c[nH]c2cccc(Br)c12)C1CC1,6.34,Ki,460.0,nM,1
CHEMBL1766529,CC(=O)N1CCN(c2cnc3cc(C(F)(F)F)cc(NCc4cccc([N+](=O)[O-])c4)c3c2)CC1,6.34,IC50,460.0,nM,1
CHEMBL2146879,N#Cc1ccc(CCN2CCN(CCc3ccc4c(c3)COC4=O)CC2)cc1OC1CC1,6.33,IC50,470.0,nM,1
CHEMBL556100,CC1=C(c2ccc(OCCCN3CCCC3)cc2)Oc2ccccc2S1(=O)=O,6.33,IC50,470.0,nM,1
CHEMBL2204937,Cc1nc([C@@]2(c3cnn(C)c3)N[C@H](c3nc(-c4ccc(F)cc4)c[nH]3)Cc3c2[nH]c2ccccc32)no1,6.33,Ki,462.0,nM,1
CHEMBL3774909,Clc1ccc(-c2c[nH]c([C@H]3Cc4c([nH]c5ccccc45)[C@@H](C4CCOCC4)N3)n2)nc1,6.33,IC50,465.0,nM,1
CHEMBL281594,Fc1ccc(C(OCCN2CCN(CCCc3ccccc3)CC2)c2ccc(F)cc2)cc1,6.33,IC50,470.0,nM,1
CHEMBL4084325,CCCCc1cc(OC2CCN(CCCS(=O)(=O)C(C)(C)C)CC2)c2ncccc2c1,6.33,IC50,467.74,nM,1
CHEMBL2440857,COc1ccc2c(c1)CN(C(=O)CCN1CCC(Cc3ccccc3)CC1)CCS2.Cl,6.33,IC50,463.0,nM,1
CHEMBL3956758,Cn1cc(-c2nnc(SCCCN3CC[C@]4(C[C@@H]4c4ccc(C(F)(F)F)cc4)C3)n2C)cn1,6.33,IC50,467.74,nM,1
CHEMBL492448,Cc1ccc(C2=CC3(CCNCC3)Oc3ccccc32)cc1,6.33,IC50,462.0,nM,1
CHEMBL3775398,Oc1ccc(-c2c[nH]c([C@H]3Cc4c([nH]c5ccccc45)[C@@H](C4CCOCC4)N3)n2)cc1,6.33,IC50,467.0,nM,1
CHEMBL1081867,Cn1c(SCCCN2C[C@@H]3C[C@]3(c3ccc(C(F)(F)F)cc3)C2)nnc1-c1ccnnc1,6.33,IC50,470.0,nM,1
CHEMBL2324251,C[n+]1c(CCc2ccccc2)cccc1CCc1ccccc1,6.33,IC50,466.0,nM,1
CHEMBL1950167,O=S1(=O)c2ccccc2-c2ccc(N3CCN4CCC3CC4)cc21,6.33,Ki,470.0,nM,1
CHEMBL3093979,CCCCN(CC)CC#CC#Cc1ccc(Cl)cc1,6.33,IC50,473.0,nM,1
CHEMBL3221134,[2H]C(Nc1cc(C(F)(F)F)cc2ncc(N3CCN(CC([2H])([2H])O)CC3)cc12)c1cccc([N+](=O)[O-])c1,6.32,IC50,480.0,nM,1
CHEMBL1819258,O=C(/C=C/c1ccc(CNCCc2c(-c3cccs3)[nH]c3ccccc23)cc1)NO,6.32,IC50,480.0,nM,1
CHEMBL1083562,C[C@@H]1CCCN1CCc1ccc2nc(-c3nc4ccccc4s3)ccc2c1,6.32,Ki,480.0,nM,1
CHEMBL1086315,C[C@@H]1CCCN1CCc1ccc2nc(-c3ccc(C#N)s3)ccc2c1,6.32,Ki,480.0,nM,1
CHEMBL1836164,COC(=O)C1(CNC(=O)c2cc(OC)cc(OC)c2)CCN(Cc2ccc(OC)cc2)CC1,6.32,IC50,480.0,nM,1
CHEMBL3186509,O=C(CCN1CCN(C(=O)OCc2cc(Cl)cc(Cl)c2)CC1)c1ccc2[nH]c(=O)oc2c1,6.32,IC50,480.0,nM,1
CHEMBL2391167,Cc1cc(N2CCC(N3CCCC3C)C2)ccc1NC(=O)c1cc(F)ccc1C,6.32,IC50,480.0,nM,1
CHEMBL322007,N#Cc1ccc(Cn2cncc2CN(CCCN)[C@H]2CCN(Cc3ccccc3)C2=O)cc1,6.32,IC50,480.0,nM,1
CHEMBL523525,O=C(NCC1CCN(Cc2cccc(C(F)(F)F)c2)CC1)c1cc(Cl)cc(Cl)c1,6.32,IC50,483.0,nM,1
CHEMBL6051981,CC(C)Oc1cc(CC[C@@H](C)N2Cc3ccc(F)cc3C2)ccc1O,6.32,IC50,480.0,nM,1
CHEMBL559593,CCCNc1cc(N2CCOCC2)cc(CCc2nc(C)c(CC)o2)n1,6.32,IC50,480.0,nM,1
CHEMBL359808,CN(C)CCCn1nc(C2=C(c3cn(-c4cncc5ccccc45)c4ccccc34)C(=O)NC2=O)c2ccccc21,6.31,Ki,490.0,nM,1
CHEMBL1087367,COc1ccc(Cn2c(N3CC[C@@H](N(C)C)C3)nc3ccccc32)cc1,6.31,IC50,492.0,nM,1
CHEMBL1091777,C[C@H](c1cccnc1)c1c(CCN(C)C)sc2ccccc12,6.31,IC50,490.0,nM,1
CHEMBL512185,O=C(COc1cccc(Cl)c1)NC1CCN(Cc2ccn(-c3ccc(OC(F)(F)F)cc3)c2)CC1,6.31,IC50,490.0,nM,1
CHEMBL522793,CC[C@@H]1NC(c2cc(C#N)ccn2)=NC1(c1ccc(F)cc1)c1ccc(F)cc1,6.31,IC50,490.0,nM,1
CHEMBL3699565,Cc1cc2nc(CC3CCCNC3)n(Cc3ccc(Cl)cc3)c2cc1C,6.31,IC50,490.0,nM,1
CHEMBL490949,CCC[C@@H]1NC(c2cc(C#N)ccn2)=NC1(c1ccc(F)cc1)c1ccc(F)cc1,6.31,IC50,490.0,nM,1
CHEMBL4074038,O=C(C1CC1)N1CCc2c(sc3c2c2ncnn2c(=O)n3Cc2ccc(Cl)cc2)C1,6.31,IC50,490.0,nM,1
CHEMBL4102318,O=c1n(Cc2ccc(Cl)cc2)c2sc3c(c2c2ncnn12)CCN(Cc1ccccc1)C3,6.31,IC50,490.0,nM,1
CHEMBL299499,N=C(Nc1ccc(I)cc1)NC12CC3CC(CC(C3)C1)C2,6.31,IC50,491.4,nM,1
CHEMBL3085133,CC(C(=O)NC1(c2ccccc2)CCC(N2CCC(C3CCOC3=O)CC2)CC1)c1cc(C(F)(F)F)cc(C(F)(F)F)c1,6.31,Ki,490.0,nM,1
CHEMBL3604797,C=Cc1c(CNC23CCC(CCc4c(F)cnc5ccc(OC)nc45)(CC2)OC3)nc2c(c1C)OCC(=O)N2,6.3,IC50,500.0,nM,1
CHEMBL4225434,COc1cc2ccc(Br)cc2cc1[C@@H](c1cccc(C)c1)[C@@](O)(CCN(C)C)c1cccc2c1OCO2,6.3,IC50,500.0,nM,1
CHEMBL30008,Fc1ccc(C(c2ccc(F)cc2)N2CCN(C/C=C/c3ccccc3)CC2)cc1,6.3,Ki,496.3,nM,1
CHEMBL3093958,CCCCCCCN(CC)CCCCc1ccccc1,6.3,IC50,506.0,nM,1
CHEMBL3973534,NC1=N[C@@]2(c3cc(NC(=O)c4ccc(OC(F)F)cn4)ccc3F)COCC[C@H]2CS1,6.3,IC50,500.0,nM,1
CHEMBL496860,Fc1ccc2c([C@@H]3CNCC[C@H]3F)c(-c3ccc4ccccc4c3)[nH]c2c1,6.3,Ki,500.0,nM,1
CHEMBL535,CCN(CC)CCNC(=O)c1c(C)[nH]c(/C=C2\C(=O)Nc3ccc(F)cc32)c1C,6.3,IC50,500.0,nM,1
CHEMBL4545990,FC(F)(F)c1cccc(Nc2cc3[nH]c(Nc4ccc(N5CCOCC5)cn4)nc3cn2)c1,6.3,IC50,500.0,nM,1
CHEMBL1673443,CC(=O)NC(=O)C1CCC(C2N=CC(c3cccc(Br)c3)=N2)CC1,6.3,IC50,501.19,nM,1
CHEMBL4764678,COCCOc1cc(NC(=O)N2CCCc3cc(C4CCN(CC(F)(F)F)CC4)c(C=O)nc32)ncc1C#N,6.3,IC50,500.0,nM,1
CHEMBL401752,CCc1nc2cc3c(c(C)c2o1)CCN(CCCSc1nnc(-c2cccc4nc(C)ccc24)n1C)CC3,6.3,IC50,501.19,nM,1
CHEMBL1671892,O=C(NCCO)C1CCC(c2ncc(-c3cccc(C(F)(F)F)c3)[nH]2)CC1,6.3,IC50,501.19,nM,1
CHEMBL6011277,Clc1ccc(-n2c(C3CCN(c4ccncc4)CC3)nc3ccncc32)cc1,6.3,IC50,505.0,nM,1
CHEMBL4098533,Cc1cc(CNc2nc(N)nc3ccn(Cc4cc(Cl)ccn4)c23)no1,6.3,IC50,500.0,nM,1
CHEMBL4785112,Cc1cc(Cl)cc(N2C=Nc3cc(C)c(-c4cc(O)ccc4F)cc3C2C(=O)N(C)C[C@@H]2CCCN2)c1,6.3,IC50,501.19,nM,1
CHEMBL1631535,Cc1ccc2c(N3CCN(CCc4cccc(NS(C)(=O)=O)c4)CC3)cccc2n1,6.3,Ki,501.19,nM,1
CHEMBL3354702,CC(C)(C)COc1ccc2c(c1)[C@]1(COC(N)=N1)c1cc(-c3ccccn3)ccc1O2,6.3,Ki,496.0,nM,1
CHEMBL1179089,c1ccc(C(OCCCc2c[nH]cn2)c2ccccc2)cc1,6.3,Ki,500.0,nM,1
CHEMBL244277,Cc1cnc(-c2ccc3c(c2)CCN(CCCSc2nnc(-c4cccn4C)n2C)CC3)o1,6.3,IC50,501.19,nM,1
CHEMBL242602,Cc1cc(-c2ccc3c(c2)CCN(CCSc2nnc(-c4ccc(F)c(F)c4)n2C)CC3)n(C)n1,6.3,IC50,501.19,nM,1
CHEMBL3099952,O=C1CCc2cccc(OC[C@@H](O)CN3CCC4(CC3)Cc3cc(Cl)ccc3O4)c2N1,6.3,IC50,500.0,nM,1
CHEMBL482056,O=C1OCCN1C1CCN(CCc2ccc(Oc3nc4ccccc4s3)cc2)CC1,6.3,IC50,500.0,nM,1
CHEMBL3604735,Cc1cc(NCc2c(Cl)ccc(Cl)c2Cl)c2cccc(C(N)=O)c2n1,6.3,IC50,501.19,nM,1
CHEMBL1835057,Cc1cccc(Nc2nc(N[C@@H]3CCNC3)ncc2C(N)=O)c1,6.3,IC50,501.19,nM,1
CHEMBL1080164,Cc1ccc2c(-c3nnc(SCCCN4C[C@H]5C[C@@]5(c5ccc(Br)cc5)C4)n3C)cccc2n1,6.3,IC50,501.19,nM,1
CHEMBL1081685,Cc1ccc2c(-c3nnc(SCCCN4C[C@@H]5C[C@]5(c5ccc(C(F)(F)F)cc5)C4)n3C)cccc2n1,6.3,IC50,501.19,nM,1
CHEMBL3604701,Cc1cc(NCc2c(C)cccc2C)c2cccc(C(N)=O)c2n1,6.3,IC50,501.19,nM,1
CHEMBL1080846,Cc1ncoc1-c1nnc(SCCCN2CC3CC3(c3ccc(Cl)c(Cl)c3)C2)n1C,6.3,IC50,501.19,nM,1
CHEMBL1081587,Cc1ncoc1-c1nnc(SCCCN2CC3CC3(c3ccc(F)c(C(F)(F)F)c3)C2)n1C,6.3,IC50,501.19,nM,1
CHEMBL3605004,COC(=O)[C@H]1C[C@@H]1COc1ccc2ncc(F)c(CCC34CCC(NCc5ccc6c(n5)NC(=O)CO6)(CC3)CO4)c2n1,6.3,IC50,500.0,nM,1
CHEMBL3604692,COc1ccc2ncc(F)c(CCC34CCC(NCc5nc6c(c(C)c5C)OCC(=O)N6)(CC3)CO4)c2n1,6.3,IC50,500.0,nM,1
CHEMBL3605145,O=C1COc2ccc(CNC34CCC(CCc5c(F)cnc6ccc(OC7CCC7)nc56)(CC3)OC4)nc2N1,6.3,IC50,500.0,nM,1
CHEMBL3628223,CS(=O)(=O)c1ccc(-c2cnn3ccc(-c4cccc(S(=O)(=O)C5CC5)c4)nc23)cc1,6.3,IC50,500.0,nM,1
CHEMBL4088372,Cc1cc(CNc2nc(N)nc3ccn(Cc4ccc(C(F)(F)F)cn4)c23)no1,6.3,IC50,500.0,nM,1
CHEMBL4747214,Cc1cc(NC2CCc3cc(Br)ccc3C2)n2nc(C(C)(F)F)nc2n1,6.3,IC50,500.0,nM,1
CHEMBL468176,Fc1ccc(-c2noc(C3CCN(c4cnc5ccc(Cl)cc5c4)CC3)n2)c(Cl)c1,6.3,IC50,500.0,nM,1
CHEMBL1235773,COc1ccc2ncc(C#N)c(CCN3CCC(NCc4cc5c(cn4)OCS5)CC3)c2c1,6.3,IC50,500.0,nM,1
CHEMBL4870418,CC[C@@H](NC(=O)c1ccc(C#N)cc1)[C@H]1[C@@H]2C[C@@H](n3cnc4ccc(Cl)cc43)C[C@@H]21,6.3,IC50,500.0,nM,1
CHEMBL3962956,CC(=O)N1CCc2nc(N3CCC(Oc4ccc(F)cc4F)CC3)c(N[C@H]3CCOC3)nc2C1,6.3,IC50,505.0,nM,1
CHEMBL270567,Cc1ccc2c(-c3nnc(SCCCN4CCc5cc6nc(-c7cc(C)nn7C)oc6cc5CC4)n3C)cccc2n1,6.3,IC50,501.19,nM,1
CHEMBL175691,Cc1cc(/C=C/C#N)cc(C)c1Nc1ccnc(Nc2ccc(C#N)cc2)n1,6.3,IC50,500.0,nM,1
CHEMBL2177916,COc1ccc(C2(c3cccc(-c4cncnc4)c3)N=C(N)c3c(F)cccc32)cc1,6.3,IC50,500.0,nM,1
CHEMBL2172192,CNc1nn2cc3c(nc2c1S(=O)(=O)c1ccccc1)CCN(C)C3,6.3,IC50,500.0,nM,1
CHEMBL1269847,N#Cc1nc(CCCNCC(F)(F)F)cc(-c2cccc(C(F)(F)F)c2)n1,6.3,Ki,500.0,nM,1
CHEMBL4644274,COc1ccc(-c2cnn3c(N)c(-c4ccccc4)c(NC4CC(C)(C)N(C)C(C)(C)C4)nc23)cc1OC,6.3,IC50,500.0,nM,1
CHEMBL1257448,Cc1ncoc1-c1nnc(SCCCN2[C@@H]3CC[C@H]2C[C@@H](c2ccc(C(F)(F)F)cc2F)C3)n1C,6.3,IC50,501.19,nM,1
CHEMBL1257337,Cc1ncoc1-c1nnc(SCCCN2[C@@H]3CC[C@H]2C[C@@H](c2cccc(C(F)(F)F)c2)C3)n1C,6.3,IC50,501.19,nM,1
CHEMBL3916243,C[C@@]1(c2cc(NC(=O)c3ccc(C#N)cn3)ccc2F)C=CSC(N)=N1,6.3,IC50,500.0,nM,1
CHEMBL1085124,Cc1ccc(-c2ccc(-c3ccc4cc(CCN5CCC[C@H]5C)ccc4n3)s2)s1,6.3,Ki,500.0,nM,1
CHEMBL3774519,Cn1c(SCCCN2CC3CCN(c4c(F)cc(F)cc4F)C3C2)nnc1-c1cnccn1,6.3,IC50,501.19,nM,1
CHEMBL1214177,Cc1c(C(=O)N(C)CCCN2CCN(c3cccc(Cl)c3Cl)CC2)cc(-c2ccccc2)n1C,6.3,IC50,500.0,nM,1
CHEMBL363295,CC(CC(c1ccccc1)c1ccccc1)NC(C)(C)C,6.3,IC50,500.0,nM,1
CHEMBL4448473,NCc1ccc(C(=O)N2C[C@@H](n3cc(C4CC4)nn3)C[C@H]2C(=O)NCC(c2ccccc2)c2ccccc2)cc1,6.3,IC50,500.0,nM,1
CHEMBL1761535,COCCCc1cc(CN(C(=O)[C@H]2CNCC[C@@H]2c2ccc(OCCOc3c(Cl)cc(C)cc3Cl)cc2)C2CC2)cc(OCCC2(C(=O)O)CCCC2)c1,6.3,Ki,500.0,nM,1
CHEMBL1761673,COCCCc1cc(CN(C(=O)[C@H]2CNCC[C@@H]2c2ccc(OCCOc3c(Cl)cc(C)cc3Cl)cc2)C2CC2)cc(OC[C@H]2C[C@@H]2C(=O)NS(C)(=O)=O)c1,6.3,Ki,500.0,nM,1
CHEMBL4450160,CN1CCC(Cn2nc(-c3ccc4nc(OCC(F)(F)F)ccc4c3)c3c(N)ncnc32)CC1,6.3,IC50,500.0,nM,1
CHEMBL1241639,Cc1ccc2c(N3CCN(CCc4cccc5c4OCc4nnnn4-5)CC3)cccc2n1,6.3,Ki,501.19,nM,1
CHEMBL3774495,Fc1ccccc1-c1c[nH]c([C@H]2Cc3c([nH]c4ccccc34)[C@@H](C3CCOCC3)N2)n1,6.3,IC50,495.0,nM,1
CHEMBL1761674,COCCCc1cc(CN(C(=O)[C@H]2CNCC[C@@H]2c2ccc(OCCOc3c(Cl)cc(C)cc3Cl)cc2)C2CC2)cc(OCC2(Cc3nn[nH]n3)CC2)c1,6.3,Ki,500.0,nM,1
CHEMBL3787051,CC(=O)N1Cc2ccccc2CC1CN1CCC2(CCc3ccccc32)CC1,6.3,IC50,500.0,nM,1
CHEMBL1242167,Cc1ccc2c(N3CCN(CCc4cccc5c4OCc4c(C(=O)NC6CCC6)ncn4-5)CC3)cccc2n1,6.3,Ki,501.19,nM,1
CHEMBL1242436,Cc1ccc2c(N3CCN(CCc4cccc5c4OCc4c(C(=O)N6CCC6)ncn4-5)CC3)cccc2n1,6.3,Ki,501.19,nM,1
CHEMBL3775851,c1ccc2c3c([nH]c2c1)C(C1CCOCC1)NC(c1nc(C24CC5CC(CC(C5)C2)C4)c[nH]1)C3,6.3,IC50,506.0,nM,1
CHEMBL2012030,Nc1ccnc(Nc2ccc(Oc3ccc(C4CC4)cc3)cc2)n1,6.3,Ki,500.0,nM,1
CHEMBL239081,C[C@@H]1CCCN1CCCOc1ccc(N2CCN(C(=O)c3cc(F)cc(F)c3)CC2=O)cc1.O=CO,6.3,IC50,501.19,nM,1
CHEMBL2208432,O=C(NC[C@@H](O)CN1CCC(Oc2ccc(Cl)c(Cl)c2)CC1)n1c(=O)[nH]c2ccccc21,6.3,IC50,501.19,nM,1
CHEMBL4593220,CC1OC2(CCN(CCc3ccccc3)CC2)CN(c2cncc(C(F)(F)F)c2)C1=O,6.3,IC50,500.0,nM,1
CHEMBL519252,O=C([C@@H]1C[C@H]1c1ccc(C(F)(F)F)cc1)N1CCN(S(=O)(=O)c2cc(-c3cn[nH]c3)cc(C(F)(F)F)c2)CC1,6.3,IC50,500.0,nM,1
CHEMBL487708,O=C([C@@H]1C[C@H]1c1ccc(C(F)(F)F)cc1)N1CCN(S(=O)(=O)c2cc(-c3ccn[nH]3)cc(C(F)(F)F)c2)CC1,6.3,IC50,500.0,nM,1
CHEMBL221238,COC(=O)N(NC(=O)c1c(CN2CCN(C3CCSCC3)CC2)c(-c2ccccc2)nc2ccccc12)c1ccccc1,6.29,Ki,510.0,nM,1
CHEMBL252201,O=C(CCc1ccccc1)NC1CCc2ccc(CCN3CCN(c4nsc5ccccc45)CC3)cc21,6.29,Ki,511.0,nM,1
CHEMBL2012178,Cc1c(C)n(Cc2ccccc2)c2ncnc(OC3CCN(Cc4cscn4)CC3)c12,6.29,IC50,510.0,nM,1
CHEMBL1642189,COc1cc(/C=C/c2nc(N)c3c(n2)oc2ccccc23)ccc1-n1cnc(C)c1,6.29,IC50,510.0,nM,1
CHEMBL5070756,CNCCNC(=O)c1cc2c([nH]c3c(C)cccc32)c(-c2ccc(Cl)c(Cl)c2)n1.Cl,6.29,IC50,510.0,nM,1
CHEMBL493973,Nc1ccnc(N2CCC(n3c(=O)n(Cc4ccccc4)c4cccnc43)CC2)c1,6.29,Ki,518.0,nM,1
CHEMBL1952329,CN1CCC(CNc2ccc3ncc(-c4cccc(OC(F)(F)F)c4)n3n2)CC1,6.29,IC50,511.0,nM,1
CHEMBL374307,COC(=O)N(NC(=O)c1c(CN2CCN(Cc3ccccc3)CC2)c(-c2ccccc2)nc2ccccc12)c1ccccc1,6.28,Ki,530.0,nM,1
CHEMBL222072,COC(=O)N(NC(=O)c1c(CC2CCNCC2)c(-c2ccccc2)nc2ccccc12)c1ccccc1,6.28,Ki,520.0,nM,1
CHEMBL3955505,Cc1ncoc1-c1nnc(SCCCN2CC[C@@]3(C[C@H]3c3ccc(C(F)(F)F)cc3F)C2)n1C,6.28,IC50,524.81,nM,1
CHEMBL3936812,Cc1ncoc1-c1nnc(SCCN2CC[C@]3(C[C@@H]3c3ccc(C(F)(F)F)cc3)C2)n1C,6.28,IC50,524.81,nM,1
CHEMBL568361,CC(O)(c1ccc(CN2CCC3(CC2)OCc2cc(F)ncc23)cc1)c1ccc(F)c(F)c1,6.28,IC50,530.0,nM,1
CHEMBL560750,Cn1cnc(C(=O)N(Cc2cccc(OC(F)(F)F)c2)C[C@H]2[C@@H]3CN(CC4CC4)C[C@@H]32)c1,6.28,IC50,530.0,nM,1
CHEMBL3086048,O=C(NC(c1ccccc1)c1ccccc1)[C@@H]1CC[C@@H](N2CCOCC2)C[C@H]1c1ccc(Br)cc1,6.28,IC50,530.0,nM,1
CHEMBL5765415,CC(C)(C)c1nccn1Cc1cn(-c2ccc(Cl)c(Cl)c2)nn1,6.28,IC50,526.0,nM,1
CHEMBL549851,COc1ccc([C@@H](C)N[C@@H]2CC[C@@H](C(=O)N3CCC(c4ccccc4)(c4ccccc4)CC3)C(C)(C)C2)cc1,6.28,IC50,530.0,nM,1
CHEMBL3775435,Clc1ccc(-c2c[nH]c([C@H]3Cc4c([nH]c5ccccc45)[C@@H](C4CCOCC4)N3)n2)s1,6.28,IC50,522.0,nM,1
CHEMBL4849414,C[C@@H](NC(=O)c1ccc(Cl)cc1)[C@H]1[C@@H]2C[C@@H](n3cnc4cc(F)c(F)cc43)C[C@@H]21,6.28,IC50,520.0,nM,1
CHEMBL568572,OC(c1ccc(CN2CCC3(CC2)OCc2cc(F)ncc23)cc1)c1ccc(F)c(F)c1,6.28,IC50,520.0,nM,1
CHEMBL4554990,C=CC(=O)Nc1cccc(Nc2ncnc(N)c2-c2ccc(Oc3ccccc3)cc2)c1,6.28,Ki,530.0,nM,1
CHEMBL1092600,Cc1ccc2c(c1)CC(CCN(C)C)=C2Cc1cnccn1,6.28,IC50,520.0,nM,1
CHEMBL3775729,CC1(c2nc(-c3ccccc3)c[nH]2)Cc2c([nH]c3ccccc23)C(C2CCOCC2)N1,6.28,IC50,530.0,nM,1
CHEMBL393169,OCC1(NCCCC2CCc3ccc(OCc4noc(-c5ccc(Cl)cc5)n4)cc32)CCCC1,6.28,Ki,525.0,nM,1
CHEMBL4213428,COc1nc2ccc(Br)cc2cc1[C@@H](c1ccnc(OC)c1OC)[C@@](O)(CCN(C)C)c1cccc(C)c1,6.28,IC50,530.0,nM,1
CHEMBL5813205,CCCn1c(N2CCNCC2)nc2c([N+](=O)[O-])c(Br)c(Br)cc21,6.28,IC50,520.0,nM,1
CHEMBL286915,C/C(=C(\F)C(=O)Nc1ccc(-c2ccccc2S(N)(=O)=O)cc1)c1cccc(C(=N)N)c1,6.28,Ki,530.0,nM,1
CHEMBL171377,COc1ccc([C@@H](C)N[C@@H]2CC[C@@H](C(=O)N3CCC(c4ccccc4)(c4ccc(OC)nc4)CC3)C(C)(C)C2)cc1,6.28,IC50,520.0,nM,1
CHEMBL44310,c1ccc(CCN2CCCC(c3c(-c4ccccc4)[nH]c4ccccc34)C2)cc1,6.28,Ki,530.0,nM,1
CHEMBL6060673,Cc1cc(Cn2cc(-c3ccc(C)c(F)c3)cn2)n(C)n1,6.28,IC50,522.0,nM,1
CHEMBL3609639,COc1cc(-c2cn(C3CCc4c(ccc(Br)c4F)N(CC(F)(F)F)C3=O)nn2)ccc1-n1cnc(C)c1,6.28,IC50,530.0,nM,1
CHEMBL5832691,Cc1cc(Cn2cc(-c3ccc(F)c(C)c3)cn2)n(C)n1,6.28,IC50,522.0,nM,1
CHEMBL478013,CNC(=O)c1c(NCC2CCC3(CCC3)CC2)nc(C#N)nc1OCC1CCN(C(C)C)CC1,6.27,IC50,540.0,nM,1
CHEMBL1095990,CC(=O)N[C@@H]1CC(C)(C)Oc2nc(-c3ccc(Cl)cc3Cl)c(-c3ccc(Cl)cc3)cc21,6.27,IC50,540.0,nM,1
CHEMBL5934082,CC(C)Oc1cc(CCC(C)(C)N2Cc3cc4c(cc3C2)OCO4)ccc1O,6.27,IC50,540.0,nM,1
CHEMBL486162,CC(=O)Nc1cc(-c2cccc(N3CCN(C)CC3)n2)nc(-n2nc(C)cc2C)n1,6.27,IC50,540.0,nM,1
CHEMBL1086756,CCCn1c(-c2ccccc2)cc(C(=O)NCCCN2CCN(c3cccc(Cl)c3Cl)CC2)c1C,6.27,IC50,540.0,nM,1
CHEMBL557648,CCc1oc(CCc2cc(N3CCOCC3)cc(NC(C)C)n2)nc1C,6.27,IC50,540.0,nM,1
CHEMBL61536,Cc1cc[n+]([O-])c(C)c1C(=O)N1CCC(C)(N2CCC(N(Cc3ccccc3)c3ccccc3)CC2)CC1,6.26,IC50,550.0,nM,1
CHEMBL4647524,COc1cc(N2C[C@H]3CC[C@@H](C2)[C@@H]3Nc2nc3n(n2)CCCCC3c2ccc(F)c(F)c2F)ncn1,6.26,IC50,550.0,nM,1
CHEMBL5890757,Cc1ccc(-n2c(-c3cnc(N4CCOCC4)nc3)cc3ccncc32)nc1,6.26,IC50,550.0,nM,1
CHEMBL3688389,CS(=O)(=O)Nc1ccc(OC[C@@H](O)CN2CCN(c3ccc(Cl)cc3)CC2)cc1,6.26,Ki,553.0,nM,1
CHEMBL2325210,C[n+]1c(C#Cc2ccccc2)cccc1C#Cc1ccccc1,6.26,IC50,554.0,nM,1
CHEMBL5903461,NC(=O)N1CCC(c2c(-c3ccc(N4CCOCC4)nc3)n(-c3ccc(Cl)cc3)c3cnccc23)CC1,6.26,IC50,550.0,nM,1
CHEMBL206314,O=c1cc(NC2CCN(Cc3ccc4c(c3)OCO4)CC2)c2cc(Cl)ccc2n1Cc1ccccn1,6.26,Ki,550.0,nM,1
CHEMBL6016064,Cc1ccc(-n2c(-c3cnc(N4CCOCC4)nc3)cc3ccncc32)cc1,6.26,IC50,550.0,nM,1
CHEMBL5883450,COc1cc(-c2c(C3CCN(C(N)=O)CC3)c3ccncc3n2-c2ccc(Cl)cc2)ccn1,6.26,IC50,550.0,nM,1
CHEMBL5824583,Clc1ccc(-n2c(-c3cnc(N4CCOCC4)nc3)cc3ccncc32)cc1,6.26,IC50,550.0,nM,1
CHEMBL5986354,Clc1ccc(-n2c(-c3cnc(NC4CCOCC4)nc3)cc3ccncc32)cc1,6.26,IC50,550.0,nM,1
CHEMBL522317,Nc1ccnc(N2CCC(NC(=O)c3ccccn3)(c3ccccc3)CC2)c1,6.26,Ki,548.0,nM,1
CHEMBL4457961,COc1ccc2c(c1)CCN(CCC(F)Cc1ccccc1)CC2,6.26,IC50,553.0,nM,1
CHEMBL2204938,Cc1nc([C@]2(c3cnn(C)c3)N[C@H](c3nc(-c4ccc(F)cc4)c[nH]3)Cc3c2[nH]c2ccccc32)no1,6.26,Ki,543.0,nM,1
CHEMBL472363,O=C(COc1cccc(Cl)c1)NC1CCN(Cc2ccn(-c3ccc(C(F)(F)F)cc3)c2)CC1,6.25,IC50,560.0,nM,1
CHEMBL2146875,N#Cc1ccc(CCN2CCN(CCc3ccc4c(c3)COC4=O)CC2)cc1Br,6.25,IC50,560.0,nM,1
CHEMBL3908862,Cc1ncoc1-c1nnc(SCCCCN2CC[C@]3(C[C@@H]3c3ccc(C(F)(F)F)cc3)C2)n1C,6.25,IC50,562.34,nM,1
CHEMBL4846356,O=C(N[C@H](C1CC1)[C@H]1[C@@H]2C[C@@H](n3cnc4cc(F)c(F)cc43)C[C@@H]21)c1ccc(Cl)cc1,6.25,IC50,560.0,nM,1
CHEMBL1097718,Cc1cccc(Nc2nc(N3CCNCC3)nc3c(C)nn(CCOCC(F)(F)F)c23)n1,6.25,IC50,560.0,nM,1
CHEMBL1269956,COCCNCCCc1cc(-c2cccc(C(F)(F)F)c2)nc(C#N)n1,6.25,Ki,560.0,nM,1
CHEMBL150220,N#Cc1ccc(S(=O)(=O)C2CCN(CCc3ccc(F)cc3F)CC2)cc1,6.25,Ki,560.0,nM,1
CHEMBL2036753,O=C(Nc1ccc(Cl)c(Cl)c1)N1CCN(C[C@@H]2CCCN(Cc3ccccc3)C2)CC1,6.25,IC50,560.0,nM,1
CHEMBL4790150,FC(F)(F)c1cccc(Nc2nnc3n2CCOc2ccc(-c4ccncc4)cc2-3)c1,6.25,IC50,557.0,nM,1
CHEMBL4091946,O=C(O)c1ccc2c(c1)C(=O)OC21CCN(c2ccc(-c3nc4cc(C(F)(F)F)ccc4[nH]3)cn2)CC1,6.25,IC50,560.0,nM,1
CHEMBL3422755,COc1ccc2nccc(CCC34CCC(NCc5ccc6c(n5)NC(=O)CO6)(CC3)CO4)c2n1,6.25,IC50,560.0,nM,1
CHEMBL4780798,CC1(C)OC(=O)c2ccc(Nc3ncc(-c4nc(C56CCN(CC5)CC6)no4)c(N[C@H](CO)c4ccccc4)n3)cc21,6.24,IC50,570.0,nM,1
CHEMBL55835,O=C(O)Cc1ccc(-n2cc(C3CCN(CCN4CCNC4=O)CC3)c3cc(Cl)ccc32)cc1,6.24,IC50,575.44,nM,1
CHEMBL4069196,O=c1n(Cc2ccccc2)c2sc3c(c2c2ncnn12)CCN(CC1CCOCC1)C3,6.24,IC50,570.0,nM,1
CHEMBL1818218,CC(C)CNc1nc(N2CCN(CC3CCCOC3)CC2)ncc1C(=O)NCc1ccccc1,6.24,IC50,580.0,nM,1
CHEMBL146595,O=S1(=O)c2ccccc2CCC12CCN(CCc1ccc(F)cc1F)CC2,6.24,Ki,570.0,nM,1
CHEMBL6040331,CC(C)COc1cc(CCC(C)(C)N2Cc3ccc(S(C)(=O)=O)cc3C2)ccc1O,6.24,IC50,570.0,nM,1
CHEMBL558456,C[C@@H]1CCCN1CCc1ccc(-c2ccc(S(=O)(=O)NCc3ccccc3)cc2)cc1,6.24,IC50,571.43,nM,1
CHEMBL4578468,NC(=O)c1cnc2ccc(-c3cccnc3)cc2c1NC1CCCC1,6.24,IC50,570.0,nM,1
CHEMBL3353410,C=CC(=O)Nc1cc(Nc2nccc(-c3cn(C)c4ccccc34)n2)c(OC)cc1N(C)CCN(C)C,6.24,IC50,570.0,nM,1
CHEMBL5829328,OCc1nccn1Cc1cn(-c2ccc(Cl)cc2)nn1,6.24,IC50,573.0,nM,1
CHEMBL2046891,c1ccc(CCCNCCN(c2ccccc2)c2ccccc2)cc1,6.24,IC50,580.0,nM,1
CHEMBL4852566,CCC(NC(=O)c1ccc(Cl)cc1)[C@H]1[C@@H]2C[C@@H](n3cnc4cc(F)cc(F)c43)C[C@@H]21,6.24,IC50,570.0,nM,1
CHEMBL3699563,Cc1cc2nc(CC3CCNC(C)C3)n(Cc3ccc(Cl)cc3)c2cc1C,6.24,IC50,580.0,nM,1
CHEMBL58387,Cc1ccnc(C)c1C(=O)N1CCC(C)(N2CCC(N(c3ccccc3)c3ccccc3)CC2)CC1,6.24,IC50,570.0,nM,1
CHEMBL218127,COC(=O)c1ccc(Oc2ccc(NC(=O)c3ccc(C(=N)N(C)C)cc3)c(C(=O)Nc3ccc(Cl)cn3)c2)cc1,6.24,Ki,570.0,nM,1
CHEMBL4640465,Nc1cc(-c2cn(-c3ccccc3)c3cnccc23)ccn1,6.23,IC50,590.0,nM,1
CHEMBL4483664,CCN(CC)Cc1cc(-c2ccc3ncc(-c4ccc([S+](C)[O-])cc4)n3n2)ccc1F,6.23,IC50,590.0,nM,1
CHEMBL495073,COc1ccc(C2=CC3(CCNCC3)Oc3ccccc32)cc1,6.23,IC50,585.0,nM,1
CHEMBL707,COc1cc2nc(N3CCN(C(=O)C4COc5ccccc5O4)CC3)nc(N)c2cc1OC,6.23,IC50,588.84,nM,1
CHEMBL1092649,CN(C)CCC1=C(Cc2cnccn2)c2ccc(F)cc2C1,6.23,IC50,590.0,nM,1
CHEMBL3086040,O=C(NC(c1ccc(Cl)cc1)c1ccnc(F)c1)[C@@H]1CC[C@@H](N2CCOCC2)C[C@H]1c1ccc(Br)cc1,6.23,IC50,590.0,nM,1
CHEMBL471824,Nc1ccc(-c2ccccc2)cc1NC(=O)c1ccc(N2CCC3(CCNC3)CC2)nc1,6.23,Ki,590.0,nM,1
CHEMBL3099951,O=C1COc2cccc(OC[C@@H](O)CN3CCC4(CC3)Cc3cc(Cl)ccc3O4)c2N1,6.22,IC50,600.0,nM,1
CHEMBL3958949,COc1ncccc1-c1nnc(SCCCN2CC[C@]3(C[C@@H]3c3ccc(C(F)(F)F)cc3)C2)n1C,6.22,IC50,602.56,nM,1
CHEMBL3099953,O=c1ccc2cccc(OC[C@@H](O)CN3CCC4(CC3)Cc3cc(Cl)ccc3O4)c2[nH]1,6.22,IC50,600.0,nM,1
CHEMBL255511,CC(C)[C@]1(C(=O)NCc2cc(C(F)(F)F)cc(C(F)(F)F)c2)CC[C@@H](N2CCC(c3cccc(C(=O)O)c3)CC2)C1,6.22,IC50,600.0,nM,1
CHEMBL4645474,O=C(Nc1cc(-c2cn(-c3ccccc3)c3cnccc23)ccn1)NC1CC1,6.22,IC50,600.0,nM,1
CHEMBL3417071,C[C@@H]1CCC[C@H](C)N1CCNc1cn(Cc2ccc(F)cc2)nn1,6.22,IC50,600.0,nM,1
CHEMBL4849848,Cc1cc(C)cc(-c2cncc(-c3nc4cc(C(F)(F)F)ccc4[nH]3)c2N2CCC(N)CC2)c1,6.22,IC50,600.0,nM,1
CHEMBL4534193,CC1OC2(CCN(CCc3cccc(F)c3)CC2)CN(c2ccccc2)C1=O,6.22,IC50,600.0,nM,1
CHEMBL376911,CCOC(=O)C1CCN(c2cc(C(=N)N(C)C)ccc2C(=O)Nc2ccc(OC)cc2C(=O)Nc2ccc(Cl)cn2)CC1,6.22,Ki,600.0,nM,1
CHEMBL4787515,Cc1ccc(NC(=O)c2cccc(C(F)(F)F)c2)cc1C#Cc1nn(C2CCN(C)CC2)c2ncnc(N)c12,6.22,IC50,600.0,nM,1
CHEMBL4162750,CCCC[C@@H](CCO)Nc1nc(N)nc2cccc(C)c12,6.22,IC50,600.0,nM,1
CHEMBL497999,CS(=O)(=O)c1ccc(OCC2CC2)c(C(=O)N2CCN(c3ccc(C#N)cc3F)CC2)c1,6.22,IC50,600.0,nM,1
CHEMBL1760222,COc1ccc([C@H]2CN(Cc3ccc(OC)c(OC)c3)C[C@@H]2CNC(=O)c2cccc(Cl)c2)cc1,6.22,IC50,600.0,nM,1
CHEMBL4743324,Cn1ccc2ccc(OCCCN3CCC(c4noc5cc(F)ccc45)CC3)cc2c1=O,6.22,IC50,598.0,nM,1
CHEMBL1112,O=C1CCc2ccc(OCCCCN3CCN(c4cccc(Cl)c4Cl)CC3)cc2N1,6.22,Ki,598.0,nM,1
CHEMBL3305005,COc1ccc2ncc(F)c(CCC34CCC(NCc5ccc6c(n5)NC(=O)CO6)(CC3)CO4)c2n1,6.22,IC50,600.0,nM,1
CHEMBL4226743,COc1cc2ccc(Br)cc2cc1[C@@H](c1ccnc(OC)c1OC)[C@@](O)(CCN(C)C)c1ccc2occc2c1,6.22,IC50,600.0,nM,1
CHEMBL3415592,NC(=O)c1ncc(N[C@@H]2CCCC[C@@H]2N)cc1Nc1cccc(C(F)(F)F)n1,6.22,IC50,600.0,nM,1
CHEMBL271606,Cc1cc(C)n(-c2cc(NC(=O)CN3CC[C@H](N(C)C)C3)nc(-c3ccc(C)o3)n2)n1,6.22,IC50,600.0,nM,1
CHEMBL3806041,N[C@H]1C[C@@H](N2Cc3cnc4nnc(C5CC5)n4c3C2)CC[C@@H]1c1cc(F)c(F)cc1F,6.22,IC50,600.0,nM,1
CHEMBL1761531,COCCCc1cc(CN(C(=O)[C@H]2CNCC[C@@H]2c2ccc(OCCOc3c(Cl)cc(C)cc3Cl)cc2)C2CC2)cc(OCC(C)(C)C(=O)O)c1,6.22,Ki,600.0,nM,1
CHEMBL3288810,COc1ccc2ncc(F)c(CCC34CCC(NCc5ccc6c(n5)NC(=O)CO6)(CC3)CO4)c2n1.Cl,6.22,IC50,600.0,nM,1
CHEMBL4289183,CC1(C)CC(Nc2ccc(-c3cc4ccccc4s3)nn2)CC(C)(C)N1,6.22,IC50,600.0,nM,1
CHEMBL4740880,C[C@H]1C=C(C2=Nc3ccccc3Nc3ccc(Cl)cc32)CCN1C,6.22,IC50,600.0,nM,1
CHEMBL3605002,COC(=O)[C@@H]1C[C@@H]1COc1ccc2ncc(F)c(CCC34CCC(NCc5ccc6c(n5)NC(=O)CO6)(CC3)CO4)c2n1,6.22,IC50,600.0,nM,1
CHEMBL1097455,CC1(C)CC(NC(=O)C(C)(O)C(F)(F)F)c2cc(-c3ccc(Cl)cc3)c(-c3ccc(Cl)cc3Cl)nc2O1,6.22,IC50,600.0,nM,1
CHEMBL4572065,Fc1ccc(-c2nc(C3CCNCC3)sc2-c2ccnc(Nc3ccncn3)n2)cc1,6.22,IC50,600.0,nM,1
CHEMBL2012269,FC(F)(F)c1cccc(Cn2ccc3c(OC4CCN(Cc5cscn5)CC4)ncnc32)c1,6.22,Ki,600.0,nM,1
CHEMBL4756987,CCc1ccc2c(c1)C(C1=C[C@H](C)N(C)CC1)=Nc1ccccc1N2,6.22,IC50,600.0,nM,1
CHEMBL4229114,COc1cc2ccc(C#N)cc2cc1[C@@H](c1cccc(F)c1)[C@@](O)(CCN(C)C)c1cccc2ccoc12,6.22,IC50,600.0,nM,1
CHEMBL1910303,COCCCn1cc(CN(C(=O)[C@H]2CNCC[C@]2(O)c2ccc(F)c(F)c2)C2CC2)c2c(F)ccc(CCC#N)c21,6.22,Ki,600.0,nM,1
CHEMBL325109,COc1cc(N)c(Cl)cc1C(=O)NC1CCN(Cc2ccccc2)CC1,6.22,IC50,602.56,nM,1
CHEMBL4463621,CC1OC2(CCN(CCc3cccc(C#N)c3)CC2)CN(c2ccccc2)C1=O,6.22,IC50,600.0,nM,1
CHEMBL4755454,FC(F)(F)Oc1cccc(Nc2nnc3n2CCOc2ccc(-c4ccncc4)cc2-3)c1,6.22,IC50,605.0,nM,1
CHEMBL3358114,Cc1nn(C)c(C)c1N(C(F)F)S(=O)(=O)c1c(Cl)cc(CCCC2CCN(C)CC2)cc1Cl,6.22,IC50,600.0,nM,1
CHEMBL4742056,C[C@H]1C=C(C2=Nc3cc(Cl)ccc3Nc3ccc(C#N)cc32)CCN1C,6.22,IC50,600.0,nM,1
CHEMBL3805966,Cc1cc2ncc3c(n2n1)CN([C@H]1CC[C@H](c2cc(F)c(F)cc2F)[C@@H](N)C1)C3,6.22,IC50,600.0,nM,1
CHEMBL65219,CN1CCN=C1c1ccc(C(=O)N2CCN(S(=O)(=O)c3cc4ccc(Cl)cc4s3)CC2CC(=O)N2CCOCC2)cc1,6.22,Ki,600.0,nM,1
CHEMBL4752026,Cc1nc(N2CCC3(CC2)CO[C@@H](C)[C@H]3N)c(CO)nc1-c1cccc(Cl)c1Cl,6.22,Ki,600.0,nM,1
CHEMBL3963783,Cc1ncoc1-c1nnc(SCCCN2CC[C@@]3(C[C@H]3c3ccc(F)cc3)C2)n1C,6.22,IC50,602.56,nM,1
CHEMBL368416,CN(C)CCCn1nc(C2=C(c3cn(-c4cccnc4)c4ccccc34)C(=O)NC2=O)c2ccccc21,6.21,Ki,610.0,nM,1
CHEMBL4472207,N#Cc1ccc(-c2ccc(-c3nc4cc(C(F)(F)F)ccc4[nH]3)cc2)cc1,6.21,Ki,616.0,nM,1
CHEMBL1910312,O=C([C@H]1CNCC[C@]1(O)c1ccc(F)c(F)c1)N(Cc1cn(Cc2cnoc2)c2cccc(F)c12)C1CC1,6.21,Ki,620.0,nM,1
CHEMBL3354703,CC(C)(C)COc1ccc2c(c1)[C@]1(COC(N)=N1)c1cc(-c3ccncc3)ccc1O2,6.21,Ki,624.0,nM,1
CHEMBL1835035,Cn1cc(-c2ccc3c(c2)[nH]c2c(C(N)=O)ccc(NC4CCCCC4)c23)cn1,6.21,IC50,620.0,nM,1
CHEMBL1085829,C[C@@H]1CCCN1CCc1ccc2nc(-c3cccs3)ccc2c1,6.21,Ki,620.0,nM,1
CHEMBL3286736,Nc1ccc(-c2ccc(F)cc2)cc1NC(=O)c1ccc(N2CCC3(CC2)CNC(=O)O3)nc1,6.21,Ki,620.0,nM,1
CHEMBL5853493,Cc1nccn1Cc1cn(-c2cccc(S(C)(=O)=O)c2)nn1,6.21,IC50,615.0,nM,1
CHEMBL4569880,CCC(CC)CNc1c(C(N)=O)cnc2ccc(-c3ccncc3)cc12,6.21,IC50,620.0,nM,1
CHEMBL1090528,Cc1ccc2c(c1)CC(CCN(C)C)=C2[C@@H](C)c1nccs1,6.21,IC50,620.0,nM,1
CHEMBL5925366,Cn1ccc(Cn2cc(-c3ccc(Cl)c(Cl)c3)cn2)n1,6.21,IC50,612.0,nM,1
CHEMBL404000,NC1CCc2ccc(CCN3CCN(c4nsc5ccccc45)CC3)cc21,6.21,Ki,616.0,nM,1
CHEMBL3908174,Cn1nccc1-c1nnc(SCCCN2CC[C@]3(C[C@@H]3c3ccc(C(F)(F)F)cc3)C2)n1C,6.21,IC50,616.6,nM,1
CHEMBL4078578,O=c1n(Cc2ccc(Cl)cc2F)c2sc3c(c2c2ncnn12)CCN(CC1CCOCC1)C3,6.21,IC50,610.0,nM,1
CHEMBL1223873,NC(=O)c1cccc(O[C@H]2C[C@H]3CC[C@@H](C2)N3Cc2ccccc2)c1,6.21,IC50,610.0,nM,1
CHEMBL4111330,O=C1[C@H](N2CCC(c3ccc(O)cc3)CC2)CCN1Cc1ccc(F)cc1,6.21,IC50,620.0,nM,1
CHEMBL85606,N#Cc1ccc2c(c1)CCN(CC[C@H]1CC[C@H](NC(=O)c3ccnc4ccccc34)CC1)C2,6.2,Ki,630.96,nM,1
CHEMBL3775050,Fc1ccc(-c2c[nH]c([C@H]3Cc4c([nH]c5ccccc45)[C@@H](C4CCOCC4)N3)n2)c(F)c1,6.2,IC50,634.0,nM,1
CHEMBL1258268,Cc1ncoc1-c1nnc(SCCCN[C@@H]2CC[C@]3(c4ccc(C(F)(F)F)cc4F)CC23)n1C,6.2,IC50,630.96,nM,1
CHEMBL4750691,Cc1cc(Cl)cc(N2C=Nc3cc(C)c(-c4cc(O)cc(F)c4)cc3C2C(=O)N(C)C[C@@H]2CCCN2)c1,6.2,IC50,630.96,nM,1
CHEMBL4090136,CCCCc1cc(OC2CCN(CCS(=O)(=O)NC(C)(C)C)CC2)c2ncccc2c1,6.2,IC50,630.96,nM,1
CHEMBL3323073,CCOC(=O)c1cccc([C@@]2(c3cnn(C)c3)N[C@@H](c3nc(-c4ccc(F)cc4)c[nH]3)Cc3c2[nH]c2ccccc32)n1,6.2,IC50,625.0,nM,1
CHEMBL1258713,Cc1ncoc1-c1nnc(SCCCN2CCC3(CCc4c(Br)cccc43)C2)n1C,6.2,IC50,630.96,nM,1
CHEMBL3774621,Cn1c(SCCCN2CC3CCN(c4ccccc4OC(F)(F)F)C3C2)nnc1-c1cnccn1,6.2,IC50,630.96,nM,1
CHEMBL470849,Cc1ccc2c(N3CCN(CCCc4cccc5c4OCC(=O)N5)CC3)cccc2n1,6.2,Ki,630.96,nM,1
CHEMBL3287928,CS(=O)(=O)c1ccc(-c2nn(-c3ccc(F)cc3)cc2Sc2ccc(Cl)cc2)cc1,6.2,Ki,637.0,nM,1
CHEMBL402826,CCCc1nc2cc3c(cc2o1)CCN(CCCSc1nnc(-c2cccc4nc(C)ccc24)n1C)CC3,6.2,IC50,630.96,nM,1
CHEMBL1632220,CCNC(=O)Nc1cccc(CCN2CCN(c3cccc4nc(C)ccc34)CC2)c1,6.2,Ki,630.96,nM,1
CHEMBL1258380,Cc1ncoc1-c1nnc(SCCCN2CCC3(CCCc4cc(Br)ccc43)C2)n1C,6.2,IC50,630.96,nM,1
CHEMBL2017566,COc1cc(-c2cn(CC(=O)N(CC(F)(F)F)c3ccc4ccccc4c3)nn2)ccc1-n1cnc(C)c1,6.2,IC50,630.0,nM,1
CHEMBL1079578,COc1ccc(C23CC2CN(CCCSc2nnc(-c4cccc5nc(C)ccc45)n2C)C3)cc1,6.2,IC50,630.96,nM,1
CHEMBL1079577,Cc1ccc2c(-c3nnc(SCCCN4CC5CC5(c5ccc(C#N)cc5)C4)n3C)cccc2n1,6.2,IC50,630.96,nM,1
CHEMBL1081237,Cc1ccc2c(-c3nnc(SCCCN4CC5CC5(c5ccc(Cl)c(Cl)c5)C4)n3C)cccc2n1,6.2,IC50,630.96,nM,1
CHEMBL1081580,Cc1ncoc1-c1nnc(SCCCN2C[C@H]3C[C@@]3(c3ccc(C(F)(F)F)cc3)C2)n1C,6.2,IC50,630.96,nM,1
CHEMBL1242081,Cc1ccc2c(N3CCN(CCc4cccc5c4OCc4c(C(=O)NC6CC6)ncn4-5)CC3)cccc2n1,6.2,Ki,630.96,nM,1
CHEMBL1079822,Cc1ncoc1-c1nnc(SCCCN2CC3CC3(c3ccc(C(C)(C)C)cc3)C2)n1C,6.2,IC50,630.96,nM,1
CHEMBL408208,Cc1ccc2c(-c3nnc(SCCN4CCc5cc6nc(C(F)(F)F)oc6c(Br)c5CC4)n3C)cccc2n1,6.2,IC50,630.96,nM,1
CHEMBL4636778,CC(O)CN1[C@H](C)CN(CCSC(c2ccc(F)cc2)c2ccc(F)cc2)C[C@@H]1C,6.2,IC50,635.0,nM,1
CHEMBL1762813,CCc1sc(-c2cn(CC3CCOCC3)c3c(Cl)cccc23)nc1CN(C)CCO.Cl,6.2,Ki,630.96,nM,1
CHEMBL3775408,Cn1c(SCCCN2CC3CCN(c4ccccc4C(F)(F)F)C3C2)nnc1-c1ccccn1,6.2,IC50,630.96,nM,1
CHEMBL1762816,CC(C)N(CCO)Cc1nc(-c2cn(CC3CCOCC3)c3c(Cl)cccc23)sc1Cl.Cl,6.2,Ki,630.96,nM,1
CHEMBL3775872,Cc1ncoc1-c1nnc(SCCCN2CC3CCN(c4ccccc4OC(F)(F)F)C3C2)n1C,6.2,IC50,630.96,nM,1
CHEMBL5838627,FC(F)c1cc(Cl)cc(-c2cnn(Cc3cc[nH]n3)c2)c1,6.2,IC50,638.0,nM,1
CHEMBL1271380,CNCCCc1cc(-c2cccc(C(F)(F)F)c2)nc(C#N)n1,6.2,Ki,630.0,nM,1
CHEMBL565017,O=C1N(CCN2Cc3ccccc3C2)CCN1c1cccc(OC(F)(F)F)c1,6.2,IC50,630.96,nM,1
CHEMBL1760028,CCN(CC)Cc1csc(-c2cn(CC3CCOCC3)c3c(Cl)cccc23)n1.Cl,6.2,Ki,630.96,nM,1
CHEMBL496555,CN1CCN(c2ncnc3c2nc(-c2ccccc2Cl)n3-c2ccc(Cl)cc2)CC1,6.2,IC50,630.0,nM,1
CHEMBL3634824,Fc1ccc2c(C3CCN(CCCOc4ccc(CCc5nc6ccccc6o5)cc4)CC3)noc2c1,6.2,IC50,630.0,nM,1
CHEMBL1098125,CN1CCCC(c2nc3ccccc3n2CC2CCCO2)C1,6.2,Ki,638.0,nM,1
CHEMBL1095554,CC1(C)C[C@@H](NC(=O)c2ccc3[nH]ncc3c2)c2cc(-c3ccc(Cl)cc3)c(-c3ccc(Cl)cc3Cl)nc2O1,6.2,IC50,630.0,nM,1
CHEMBL1257926,Cc1nc(C)c(-c2nnc(SCCCN3CCC4CC4(c4ccc(C(F)(F)F)cc4)CC3)n2C)s1,6.2,IC50,630.96,nM,1
CHEMBL563926,COc1cccc(CCN(C)CCN2CCN(c3cccc(Cl)c3)C2=O)c1,6.2,IC50,630.96,nM,1
CHEMBL1081934,Cc1ncoc1-c1nnc(SCCCN2CC3CC3(c3cccc(OC(F)(F)F)c3)C2)n1C,6.2,IC50,630.96,nM,1
CHEMBL549635,O=C(CC1CCN(Cc2ccn(-c3ccc(C(F)(F)F)cc3)c2)CC1)N(CCCO)Cc1ccc(F)cc1,6.2,IC50,630.0,nM,1
CHEMBL3774515,Cc1ncoc1-c1nnc(SCCCN2CC3CN(c4ccc(C(F)(F)F)cc4)C3C2)n1C,6.2,IC50,630.96,nM,1
CHEMBL1081686,Cn1c(SCCCN2C[C@@H]3C[C@]3(c3ccc(C(F)(F)F)cc3)C2)nnc1-c1ccccc1,6.2,IC50,630.96,nM,1
CHEMBL2041177,COc1cc(N2C(=O)N(c3ccc(-c4ccc(C(N)=O)cc4)cc3)C(=O)C23CCN(Cc2ncccc2C)CC3)ncn1,6.19,IC50,650.0,nM,1
CHEMBL410234,Cc1cc(C)n(-c2cc(NC(=O)CCN(C)C)nc(-c3ccc(C)o3)n2)n1,6.19,IC50,650.0,nM,1
CHEMBL3699580,Cc1ccc2nc(CN3CCCC3)n(Cc3ccc(Cl)cc3)c2c1,6.19,IC50,650.0,nM,1
CHEMBL462387,CNCc1ccc(Cl)cc1Oc1ccc(Cl)cc1,6.19,IC50,645.0,nM,1
CHEMBL3805852,COc1cnc(C(=O)Nc2cc(F)c(F)c([C@]3(C)C[C@@H](c4c(C)noc4C)SC(N)=N3)c2)cn1,6.19,IC50,640.0,nM,1
CHEMBL2031997,COc1c(C(C)(C)C)cc(C(=O)N2CCC(CNC(=O)CCCCC(c3ccc(F)cc3)c3ccc(F)cc3)C2)cc1C(C)(C)C,6.19,IC50,650.0,nM,1
CHEMBL4459378,COC(=O)C1=C(C)NC(C)=C(C(=O)NC[C@H]2CCN(CCc3ccc(Cl)c(Cl)c3)C2)C1c1cccc([N+](=O)[O-])c1,6.19,IC50,650.0,nM,1
CHEMBL495074,Oc1ccc(C2=CC3(CCNCC3)Oc3ccccc32)cc1,6.19,IC50,643.0,nM,1
CHEMBL5979974,COc1cc2c(cc1OC)CN([C@@H](C)CCc1ccc(Cl)c(Cl)c1)C2,6.18,IC50,660.0,nM,1
CHEMBL523535,O=C(NCC1CCN(Cc2ccc(Br)nc2)CC1)c1cc(Cl)cc(Cl)c1,6.18,IC50,655.0,nM,1
CHEMBL3354688,CC(C)(C)COc1ccc2c(c1)[C@]1(COC(N)=N1)c1cc(-c3cncnc3)ccc1O2,6.18,Ki,660.0,nM,1
CHEMBL2031966,COc1c(C(C)(C)C)cc(C(=O)N2CCN(CCCCCC(c3ccc(F)cc3)c3ccc(F)cc3)CC2)cc1C(C)(C)C,6.18,IC50,660.0,nM,1
CHEMBL3950254,Cn1c(SCCCN2CC[C@]3(C[C@@H]3c3ccc(C(F)(F)F)cc3)C2)nnc1-c1ccc(C(N)=O)nc1,6.18,IC50,660.69,nM,1
CHEMBL494265,COC(=O)c1ccc(C2=CC3(CCNCC3)Oc3ccccc32)cc1,6.18,IC50,663.0,nM,1
CHEMBL1224140,Cc1cc(O[C@H]2C[C@H]3CC[C@@H](C2)N3Cc2ccccc2)cc(C(N)=O)c1,6.18,IC50,660.0,nM,1
CHEMBL1224139,NC(=O)c1cc(F)cc(O[C@H]2C[C@H]3CC[C@@H](C2)N3Cc2ccccc2)c1,6.17,IC50,680.0,nM,1
CHEMBL499477,Cc1noc(/C(=C/c2cccc(-n3cc(C(=O)Nc4c(Cl)cncc4Cl)c(=O)c4cccnc43)c2)c2ccc(S(C)(=O)=O)cc2)n1,6.17,IC50,680.0,nM,1
CHEMBL591477,CCCOCCn1c(=O)c(N2CCNCC2)nc2cnc(-c3ccc(OC)nc3)cc21,6.17,IC50,670.0,nM,1
CHEMBL1642173,COc1cc(/C=C/c2nc3ccccc3[nH]2)ccc1-n1cnc(C)c1,6.17,IC50,680.0,nM,1
CHEMBL1910295,O=C([C@H]1CNCC[C@]1(O)c1ccc(F)c(F)c1)N(Cc1cccc(Cl)c1Cl)C1CC1,6.17,Ki,680.0,nM,1
CHEMBL2146881,CNc1cc(CCN2CCN(CCc3ccc4c(c3)COC4=O)CC2)ccc1C#N,6.17,IC50,670.0,nM,1
CHEMBL492447,C1=C(c2ccccc2)c2ccccc2OC12CCNCC2,6.17,IC50,680.0,nM,1
CHEMBL2012300,Fc1c(Cl)cccc1Cn1ccc2c(OC3CCN(Cc4ccccn4)CC3)ncnc21,6.17,Ki,680.0,nM,1
CHEMBL4574647,CCC(CC)CNc1c(C(N)=O)c(C)nc2ccc(-c3cccnc3)cc12,6.17,IC50,680.0,nM,1
CHEMBL4543897,CCC(CC)CNc1c(C(N)=O)cnc2ccc(-c3cccnc3)cc12,6.17,IC50,670.0,nM,1
CHEMBL4440009,O=C(c1cn(CCCNCc2ccc(Oc3ccc(Cl)cc3)cc2)nn1)N1CCOCC1,6.17,IC50,678.0,nM,1
CHEMBL1224214,NC(=O)c1ccc(O[C@H]2C[C@H]3CC[C@@H](C2)N3Cc2ccccc2)cc1,6.17,IC50,680.0,nM,1
CHEMBL6018908,Cc1cc(-c2cnn(Cc3ccn(C)n3)c2)ccc1Cl,6.17,IC50,668.0,nM,1
CHEMBL2146877,CCOc1cc(CCN2CCN(CCc3ccc4c(c3)COC4=O)CC2)ccc1C#N,6.17,IC50,670.0,nM,1
CHEMBL301454,Cc1cccc(C)c1C(=O)N1CCC(C)(N2CCC(N(Cc3ccccc3)c3ccccc3)CC2)CC1,6.17,IC50,670.0,nM,1
CHEMBL5964764,C[C@H](CCc1ccc(OC(=O)N(C)C)c(OC(F)(F)F)c1)N1Cc2ccc(F)cc2C1,6.17,IC50,670.0,nM,1
CHEMBL2407175,CCCN1C(=O)CC2(CCN(CC3CCN(C(=O)OCC)CC3)CC2)c2cccnc21,6.17,IC50,670.0,nM,1
CHEMBL4783566,Cc1ccc(NC(=O)c2cccc(C(F)(F)F)c2)cc1C#Cc1nn([C@@H]2CCN(C)C2)c2ncnc(N)c12,6.17,IC50,680.0,nM,1
CHEMBL393168,Fc1ccccc1-c1nc(COc2ccc3c(c2)C(N2CCN(C4CCCC4)CC2)CC3)no1,6.16,Ki,693.0,nM,1
CHEMBL4082519,CCOC(=O)C1=C(CN2CCOCC2)NC(n2cncn2)=NC1c1ccc(F)cc1Br,6.16,IC50,700.0,nM,1
CHEMBL3604693,CCc1c(CNC23CCC(CCc4c(F)cnc5ccc(OC)nc45)(CC2)OC3)nc2c(c1C)OCC(=O)N2,6.16,IC50,700.0,nM,1
CHEMBL4645821,Cc1cc(N2C[C@H]3CC[C@@H](C2)[C@@H]3Nc2nc3n(n2)CCCN3c2cc(F)cc(F)c2)ncn1,6.16,IC50,700.0,nM,1
CHEMBL1770752,Cc1cccc(Nc2ccc(-c3ccc(N4CCNCC4)nc3)cc2)n1,6.16,Ki,700.0,nM,1
CHEMBL1615150,Cc1cc(C(=O)O)ccc1NC(=O)[C@H](C1CCCCC1)n1c(-c2ccc(Cl)cc2)nc2cc(F)c(F)cc21,6.16,IC50,700.0,nM,1
CHEMBL2069512,COC(=O)N1CCC(C2N[C@@H](c3nc(-c4ccccc4)c[nH]3)Cc3c2[nH]c2ccccc32)CC1,6.16,IC50,700.0,nM,1
CHEMBL1084403,N#Cc1nc(CCCN2CCCCC2)cc(C2CCCCCC2)n1,6.16,Ki,700.0,nM,1
CHEMBL3099944,COc1ccc(NC(=O)NC2CC2)c(OC[C@@H](O)CN2CCC3(CC2)Cc2cc(Cl)ccc2O3)c1,6.16,IC50,700.0,nM,1
CHEMBL1085336,C[C@@H]1CCCN1CCc1ccc2nc(-c3ccc(N4CCCCC4)cc3)ccc2c1,6.16,Ki,690.0,nM,1
CHEMBL4751613,Cc1cc(-c2ccc3c(c2)-c2nnc(Oc4cccc(OC(F)(F)F)c4)n2CCO3)ccn1,6.16,IC50,693.0,nM,1
CHEMBL461101,CC1=NN(c2ccc(C)c(C)c2)C(=O)/C1=N\Nc1cccc(-c2cccc(C(=O)O)c2)c1O,6.16,IC50,690.0,nM,1
CHEMBL1173634,CC(C)COc1ccc(S(C)(=O)=O)cc1C(=O)N1CCN(c2ccc(C#N)cc2F)CC1,6.16,IC50,700.0,nM,1
CHEMBL2031978,O=C(NCC1CCN(C(=O)CCCCC(c2ccc(F)cc2)c2ccc(F)cc2)C1)c1cc(C(F)(F)F)cc(C(F)(F)F)c1,6.16,IC50,700.0,nM,1
CHEMBL4740960,Cc1cc(NC2CCc3cc(F)ccc3C2)n2nc(C(C)(F)F)nc2n1,6.16,IC50,700.0,nM,1
CHEMBL3962807,N#Cc1c(N)ncnc1N1CCC(c2nc(-c3ccc(F)c(C(F)(F)F)c3)cn2CCN2CCC2)CC1,6.16,IC50,700.0,nM,1
CHEMBL3086039,O=C(NC(c1ccc(Cl)cc1)c1ccncc1Cl)[C@@H]1CC[C@@H](N2CCOCC2)C[C@H]1c1ccc(Br)cc1,6.16,IC50,690.0,nM,1
CHEMBL5905400,CCc1nc(C)c(CN2CCC3(CC2)COC2c4cc(Cl)ccc4OC(C)(C)C2C3)[nH]1,6.16,IC50,700.0,nM,1
CHEMBL500329,CNCc1ccc(OC)cc1Oc1ccc(Cl)c(Cl)c1,6.16,IC50,692.0,nM,1
CHEMBL3927895,Cc1ncoc1-c1nnc(SCCCN2CC[C@]3(C[C@@H]3c3ccc(C(F)(F)F)cc3F)C2)n1C,6.16,IC50,691.83,nM,1
CHEMBL3617454,Nc1nc(NC2CCOCC2)c2sc(-c3ccc(C(F)(F)F)cc3)cc2n1,6.16,IC50,700.0,nM,1
CHEMBL1272072,O=C(N[C@@H]1CN2CCC1CC2)c1cccc2oc(C3CC3)nc12,6.16,IC50,700.0,nM,1
CHEMBL4210865,Cl.FCCOc1ccccc1CCC1CCN(CCc2ccccc2Cl)CC1,6.16,IC50,690.0,nM,1
CHEMBL3605147,O=C1COc2ccc(CNC34CCC(CCc5c(F)cnc6ccc(OC(F)F)nc56)(CC3)OC4)nc2N1,6.16,IC50,700.0,nM,1
CHEMBL2391800,O=C(c1ccc(F)cc1OC[C@@H](O)CN1CCC2(CC1)Cc1cc(Cl)ccc1O2)N1CC[C@H](O)C1,6.16,IC50,700.0,nM,1
CHEMBL4879173,CCC(NC(=O)c1ccc(Cl)cc1)[C@H]1[C@@H]2C[C@@H](n3cnc4cc(C#N)cnc43)C[C@@H]21,6.16,IC50,690.0,nM,1
CHEMBL2047726,O=C(N[C@H]1CC[C@H]2CN(Cc3cccc(C(F)(F)F)c3)C[C@H]21)C(C1CCCCC1)C1CCCCC1,6.16,Ki,690.0,nM,1
CHEMBL4590477,Cc1cc(-c2ccnc3[nH]nc(C(F)(F)F)c23)cc(C2(CN)CCC2)c1,6.16,IC50,700.0,nM,1
CHEMBL5918605,CC1(C)Oc2cc(Cl)ccc2C2OCC3(CCN(CCn4ccnc4)CC3)CC21,6.16,IC50,700.0,nM,1
CHEMBL1214176,CCCn1c(-c2ccccc2)cc(C(=O)N(C)CCCN2CCN(c3cccc(C)c3C)CC2)c1C,6.16,IC50,700.0,nM,1
CHEMBL3605123,O=C1COc2ccc(CNC34CCC(CCc5c(F)cnc6ccc(OCCCCCO)nc56)(CC3)OC4)nc2N1,6.16,IC50,700.0,nM,1
CHEMBL4078859,COc1ccc(Cn2ccc3nc(N)nc(NCc4cc(C)on4)c32)nc1OC,6.16,IC50,700.0,nM,1
CHEMBL3219614,CC[C@]1(c2cccc(NS(C)(=O)=O)c2)[C@@H]2CN(CCCC3(O)CCCCC3)C[C@@H]21,6.15,IC50,710.0,nM,1
CHEMBL1271070,CCCc1cc(-c2cc(C(=O)N(C)CCN(C)C)cc(C(F)(F)F)c2)nc(C#N)n1,6.15,Ki,710.0,nM,1
CHEMBL358075,O=S(=O)(c1ccc(F)cc1)C1CCN(CCc2ccc(F)cc2F)CC1,6.15,Ki,710.0,nM,1
CHEMBL1086073,Cc1cc(-c2nc(-c3ccc4cc(CCN5CCC[C@H]5C)ccc4n3)cs2)no1,6.15,Ki,710.0,nM,1
CHEMBL3085127,CC(C(=O)NC1(c2ccccc2)CCC(N2CCC3(CCOC3)CC2)CC1)c1cc(C(F)(F)F)cc(C(F)(F)F)c1,6.15,Ki,710.0,nM,1
CHEMBL515025,CNC(=O)c1c(NCC2CCC3(CCC3)CC2)nc(C#N)nc1OCC1CCN(C)CC1,6.15,IC50,710.0,nM,1
CHEMBL3323072,CCOC(=O)c1cccc([C@]2(c3cnn(C)c3)N[C@@H](c3nc(-c4ccc(F)cc4)c[nH]3)Cc3c2[nH]c2ccccc32)n1,6.15,IC50,707.0,nM,1
CHEMBL1084383,Cc1c(-c2ccc3cc(CCN4CCC[C@H]4C)ccc3n2)sc2ncnn12,6.15,Ki,710.0,nM,1
CHEMBL518431,O=c1c2ccccc2ncn1-c1ccc(OCCCN2CCCC2)cc1,6.15,IC50,710.0,nM,1
CHEMBL1910313,Cc1noc(C)c1Cn1cc(CN(C(=O)[C@H]2CNCC[C@]2(O)c2ccc(F)c(F)c2)C2CC2)c2c(F)cccc21,6.15,Ki,710.0,nM,1
CHEMBL239601,OCC1(N2CCN(C3CCc4ccc(OCc5noc(-c6ccccc6F)n5)cc43)CC2)CCCC1,6.15,Ki,709.0,nM,1
CHEMBL5877899,COc1cc(CC[C@@H](C)N2Cc3ccc(C(F)(F)F)cc3C2)ccc1O,6.15,IC50,710.0,nM,1
CHEMBL4217261,CCN(CC)[C@@H](C)CNC(=O)c1ccnc(-c2cnn3ccc(-c4cccs4)nc23)c1,6.14,IC50,718.0,nM,1
CHEMBL1835148,NC(=O)c1cnc(NC(C2CC2)C2CC2)c2c1[nH]c1cc(-c3cnc(N)cn3)ccc12,6.14,IC50,720.0,nM,1
CHEMBL3237443,Fc1nccc2c3cnc(Nc4ccc(N5CCNCC5)cn4)nc3n(C3CCCC3)c12,6.14,IC50,720.0,nM,1
CHEMBL1818825,COc1cc(-c2cn(Cc3cccc(OC(F)(F)F)c3)nn2)ccc1-n1cnc(C)c1,6.14,IC50,720.0,nM,1
CHEMBL494105,CC(C)CN(CCc1ccc(Cl)c(Cl)c1)C[C@H](O)COc1ccc(NS(C)(=O)=O)cc1,6.14,IC50,730.0,nM,1
CHEMBL2041172,COc1cc(N2C(=O)N(c3ccc(-c4ccc5cn[nH]c5c4)cc3)C(=O)C23CCN(Cc2ncccc2C)CC3)ncn1,6.14,IC50,720.0,nM,1
CHEMBL1086098,Cc1c(-c2ccc3cc(CCN4CCC[C@H]4C)ccc3n2)nnn1-c1ccc(F)cc1F,6.14,Ki,720.0,nM,1
CHEMBL492438,CS(=O)(=O)Nc1ccc(OC[C@@H](O)CNCCc2ccc(Cl)c(Cl)c2)cc1,6.14,IC50,730.0,nM,1
CHEMBL1095819,CN1CCC[C@@H](c2nc3ccccc3n2Cc2ccc(F)cc2)C1,6.14,IC50,720.0,nM,1
CHEMBL2069503,c1ccc(-c2c[nH]c([C@H]3Cc4c([nH]c5ccccc45)[C@H](C4CCOCC4)N3)n2)cc1,6.14,IC50,730.0,nM,1
CHEMBL3085129,CC(C(=O)NC1(c2ccccc2)CCC(N2CCC3(CCCO3)CC2)CC1)c1cc(C(F)(F)F)cc(C(F)(F)F)c1,6.14,Ki,730.0,nM,1
CHEMBL512665,CCCCN(C1CCNCC1)S(=O)(=O)c1ccc2ccccc2c1,6.14,Ki,716.0,nM,1
CHEMBL3582311,Fc1ccc(-c2c[nH]c([C@H]3Cc4c([nH]c5ccccc45)C(c4ccccc4)(C(F)(F)F)N3)n2)cc1,6.14,Ki,720.0,nM,1
CHEMBL2012293,Cc1cccnc1CN1CCC(Oc2ncnc3c2ccn3Cc2ccccc2)CC1,6.14,Ki,730.0,nM,1
CHEMBL4747474,Cc1cc(N2CCCc3nc([C@@H](C)NC(=O)c4ccc(F)cc4)ccc32)ccn1,6.14,IC50,730.0,nM,1
CHEMBL4846783,C[C@@H](NC(=O)c1ccc(C#N)cc1)[C@H]1[C@@H]2C[C@@H](n3cnc4cc(F)c(F)cc43)C[C@@H]21,6.13,IC50,740.0,nM,1
CHEMBL247891,O=C(NC1CCN(Cc2ccc(OCCCN(C3CC3)C3CC3)c(F)c2)CC1)c1cc(=O)c2ccc(F)cc2o1,6.13,IC50,740.0,nM,1
CHEMBL6035964,Cc1n[nH]c(C)c1Cn1cc(-c2ccc(F)c(C(F)F)c2)cn1,6.13,IC50,736.0,nM,1
CHEMBL3287930,CC(C)(O)c1cnc(-c2nn(-c3ccc(F)cc3)cc2Sc2ccc(Cl)cc2)cn1,6.13,Ki,740.0,nM,1
CHEMBL1271606,Cc1nc2ccccc2n1C1C[C@H]2CC[C@@H](C1)N2CC[C@H](NC(=O)C1CCSCC1)c1cccc(F)c1,6.13,IC50,740.0,nM,1
CHEMBL460893,Cc1nn(-c2ccccc2)cc1CN1CCC2(CC1)OCc1ccccc12,6.13,IC50,740.0,nM,1
CHEMBL523504,Nc1ccnc(N2CCC(n3c(=O)n(CC4CC4)c4cccnc43)CC2)c1,6.13,Ki,746.0,nM,1
CHEMBL1950433,COc1cc(/C=C2\CCCN3C2=NOC3(C)c2ccc(F)cc2)ccc1-n1cnc(C)c1,6.13,IC50,740.0,nM,1
CHEMBL5984837,CC(C)n1c(N2CCOC(CN)C2)nc2c(C#N)c(Br)c(Br)cc21,6.13,IC50,740.0,nM,1
CHEMBL514564,CC(=O)c1cccc(-c2cccc(-n3cc(C(=O)Nc4nccc(Cl)c4Cl)c(=O)c4cccnc43)c2)c1,6.13,IC50,740.0,nM,1
CHEMBL1170608,Cl.Nc1ncc(-c2cnn(C3CCNCC3)c2)cc1-c1nc2ccccc2o1,6.12,IC50,750.0,nM,1
CHEMBL549584,O=C(c1ccccc1Oc1ccccc1)N(CC1CCC1)[C@H]1CCNC1,6.12,IC50,760.0,nM,1
CHEMBL1796075,Cn1ccc([C@H]2CCNC[C@@H]2C(=O)N(Cc2cn(Cc3ccc(F)cc3)c3cccc(F)c23)C2CC2)cc1=O,6.12,Ki,750.0,nM,1
CHEMBL4208760,Cl.FCCOc1ccccc1CCC1CCN(CCc2ccccc2)CC1,6.12,IC50,760.0,nM,1
CHEMBL584087,CC1(C)Oc2cccc(CN3CCC4(CC3)CCN(C(=O)c3ccnc(N)c3)CC4)c2O1,6.12,IC50,758.58,nM,1
CHEMBL563118,C[C@@H]1CCCN1CCc1ccc(-c2ccc(S(=O)(=O)NC3CCC3)cc2)cc1,6.12,IC50,750.0,nM,1
CHEMBL4585489,CCC(CC)CNc1c(C(N)=O)cnc2ccc(-c3cncnc3)cc12,6.12,IC50,760.0,nM,1
CHEMBL2324248,C[n+]1c(COc2ccccc2)cccc1COc1ccccc1,6.12,IC50,767.0,nM,1
CHEMBL494275,CCN(CC)C(=O)c1ccc(C2=CC3(CCN(C)CC3)Oc3ccccc32)cc1,6.12,IC50,766.0,nM,1
CHEMBL4209141,Cl.FCCOc1cccc(CCC2CCN(CCc3ccccc3)CC2)c1,6.12,IC50,750.0,nM,1
CHEMBL2031996,COc1cc(C(=O)N2CCC(CNC(=O)CCCCC(c3ccc(F)cc3)c3ccc(F)cc3)C2)cc(OC)c1OC,6.12,IC50,750.0,nM,1
CHEMBL1835150,NC(=O)c1cnc(N[C@H](C2CC2)C(F)(F)F)c2c1[nH]c1cc(-c3ccc(N)nc3)ccc12,6.12,IC50,750.0,nM,1
CHEMBL3926847,Cc1ncoc1-c1nnc(SCCCN2CC[C@@]3(C[C@H]3c3ccc(F)cc3F)C2)n1C,6.12,IC50,758.58,nM,1
CHEMBL470798,Nc1ccc(-c2cccs2)cc1NC(=O)c1ccc(N2CCC3(CC2)CCN(c2ncccn2)C3)nc1,6.12,Ki,760.0,nM,1
CHEMBL1083426,Fc1ccccc1C(Cc1ccccc1OC(F)(F)F)N1CCNCC1,6.12,IC50,760.0,nM,1
CHEMBL2012244,c1ccc(Cn2ccc3c(OC4CCN(Cc5cscn5)CC4)ncnc32)cc1,6.12,IC50,760.0,nM,1
CHEMBL2031990,O=C(NC[C@H]1CCN(C(=O)CCCCC(c2ccc(F)cc2)c2ccc(F)cc2)C1)c1cc(C(F)(F)F)cc(C(F)(F)F)c1,6.12,IC50,750.0,nM,1
CHEMBL5893677,Cc1nccn1Cc1cn(-c2ccc(Cl)cc2Cl)nn1,6.11,IC50,778.0,nM,1
CHEMBL207300,COc1ccc2c(c1)c(NC1CCN(Cc3ccc4c(c3)OCO4)CC1)cc(=O)n2C,6.11,Ki,778.0,nM,1
CHEMBL563341,CN1CC[C@@H](N(Cc2ccccc2C(F)(F)F)c2ccc(C#N)c(Cl)c2)C1,6.11,IC50,780.0,nM,1
CHEMBL5887106,C[C@H](CCc1ccc(OCCO)c(OC(F)(F)F)c1)N1Cc2ccc(F)cc2C1,6.11,IC50,770.0,nM,1
CHEMBL559061,CN(C)CCN(C)C1CCN(c2nc3ccccc3n2Cc2ccc(F)cc2)CC1,6.11,Ki,776.0,nM,1
CHEMBL493712,CS(=O)(=O)Nc1ccc(OC[C@@H](O)CN(CCc2ccc(Cl)c(Cl)c2)Cc2cccc(O)c2)cc1,6.11,IC50,780.0,nM,1
CHEMBL4633367,Cc1ccc(C(=O)Nc2ccc(CN3Cc4ccc(O)cc4C3)c(Cl)c2)cc1C#Cc1cnc2cccnn12,6.11,IC50,780.0,nM,1
CHEMBL6063928,CCn1c(N2CCN(C(=O)OC(C)(C)C)CC2)nc2c(C#N)c(Br)c(Br)cc21,6.11,IC50,770.0,nM,1
CHEMBL558664,CN1CC[C@H](N(Cc2ccccc2C(F)(F)F)c2ccc(C#N)c(Cl)c2)C1,6.11,IC50,780.0,nM,1
CHEMBL1171837,Cc1ccc(C(=O)Nc2ccc(CN3CCN(C)CC3)c(C(F)(F)F)c2)cc1C#Cc1cnc2cccnn12,6.11,IC50,770.0,nM,1
CHEMBL3115346,COC(=O)C(CCCN1CCC(c2ccccc2OC)CC1)(c1ccc(Br)cc1)C(C)C,6.11,IC50,780.0,nM,1
CHEMBL3086028,CCN(CC)CC(=O)N[C@@H]1CC[C@@H](C(=O)NC(c2ccc(F)cc2)c2ccc(F)cc2)[C@H](c2ccc(Br)cc2)C1,6.11,IC50,780.0,nM,1
CHEMBL3613444,CC(C)[C@@H](CN1CCC(c2ccccc2)CC1)NC(=O)[C@H]1Cc2ccc(O)cc2CN1,6.11,Ki,777.0,nM,1
CHEMBL1085800,C[C@@H]1CCCN1CCc1ccc2nc(-c3ccc(C#N)cc3)ccc2c1,6.11,Ki,780.0,nM,1
CHEMBL527094,CNC(C)c1ccc(OC)cc1Oc1ccc(Cl)c(Cl)c1,6.11,IC50,785.0,nM,1
CHEMBL4515024,C=CC(=O)N1CC2(CC(Nc3ncnc(N)c3-c3ccc(Oc4ccccc4)cc3)C2)C1,6.11,Ki,780.0,nM,1
CHEMBL4878766,CCC(NC(=O)c1ccc(Cl)cc1)[C@H]1[C@@H]2C[C@@H](n3cnc4ccccc43)C[C@@H]21,6.11,IC50,780.0,nM,1
CHEMBL1258312,c1ccc2c(N3CCN(CCCOc4ccc5c(c4)CNC5)CC3)cccc2c1,6.11,Ki,779.0,nM,1
CHEMBL272297,Cc1cc(-c2nc3c4c(ccc3o2)CCN(CCCSc2nnc(-c3ocnc3C)n2C)CC4)n(C)n1,6.1,IC50,794.33,nM,1
CHEMBL1289054,COC[C@H]1CCCN1CCn1ncc2cc(-n3ccc(OCc4ccccc4)cc3=O)ccc21,6.1,IC50,800.0,nM,1
CHEMBL3774591,Cn1c(SCCCN2CC3CCN(c4ccc(F)cc4F)C3C2)nnc1-c1cnccn1,6.1,IC50,794.33,nM,1
CHEMBL3775737,Cn1c(SCCCN2CC3CCN(c4ccc(F)cc4)C3C2)nnc1C1CCOCC1,6.1,IC50,794.33,nM,1
CHEMBL381390,CC(C(=O)N[C@]1(c2ccccc2)CC[C@@H](N2CCC3(CCOC3)CC2)CC1)c1cc(C(F)(F)F)cc(C(F)(F)F)c1,6.1,Ki,787.0,nM,1
CHEMBL1092901,CC(=O)N1CCC(c2[nH]nc(-c3ccc(F)cc3)c2-c2ccncc2)CC1,6.1,IC50,790.0,nM,1
CHEMBL2179217,COc1ccc(S(=O)(=O)n2cc(C)c3cc(Cl)ccc32)cc1NC1CCN(C)CC1,6.1,Ki,800.0,nM,1
CHEMBL1910547,O=C([C@H]1CNCC[C@]1(OCC(O)CO)c1ccc(F)c(F)c1)N(Cc1cn(Cc2cccc(F)c2)c2cccc(F)c12)C1CC1,6.1,Ki,800.0,nM,1
CHEMBL2336055,CCOC(=O)N1CCC(CN2CC[C@H](N3C(=O)Cc4ccccc43)C2)CC1,6.1,IC50,800.0,nM,1
CHEMBL503652,CN(C)CCN1CCN(c2ncc3cc(-c4ccccc4)c(-c4ccc(CN5CCC(c6nnc(-c7ccc(=O)[nH]c7)[nH]6)CC5)cc4)nc3n2)CC1,6.1,IC50,800.0,nM,1
CHEMBL1290391,CC(C)S(=O)(=O)N[C@H]1CN(c2ccccc2)C[C@@H]1c1ccc(-c2ccc(C#N)cc2)cc1,6.1,IC50,800.0,nM,1
CHEMBL6015231,Cn1cncc1CN1CCC2(CC1)COC1c3cc(Cl)ccc3OC(C)(C)C1C2,6.1,IC50,800.0,nM,1
CHEMBL2415096,COc1cc(-c2nc3n(n2)CCC[C@@H]3c2ccc(F)cc2C)ccc1-n1cnc(C)c1,6.1,IC50,794.0,nM,1
CHEMBL1290597,Cc1ccc2c(N3CCN(CCc4c(C)ccc5c4CCC(=O)N5C)CC3)cccc2n1,6.1,Ki,794.33,nM,1
CHEMBL1643574,Nc1nccc2cc(O[C@H]3CCCN(Cc4ccccc4)C3)ccc12,6.1,Ki,794.33,nM,1
CHEMBL4226688,COc1cc2ccc(Br)cc2cc1[C@@H](c1ccnc(OC)c1OC)[C@@](O)(CCN(C)C)c1cc2ccccc2o1,6.1,IC50,800.0,nM,1
CHEMBL1288675,N#Cc1ccc(CNC(=O)N(c2cccc(F)c2)C2CCN(CCC3(c4cccc(F)c4)CCN(C(=O)c4ccc(F)cc4O)CC3)CC2)cc1,6.1,IC50,800.0,nM,1
CHEMBL270376,Cc1nc(C)c(-c2nnc(SCCCN3CCc4ccc5oc(C(F)(F)F)nc5c4CC3)n2C)s1,6.1,IC50,794.33,nM,1
CHEMBL2012023,CN(c1ccc(Cl)cc1)c1ccc(Nc2nccc(N)n2)cc1,6.1,Ki,800.0,nM,1
CHEMBL1957287,Fc1ccccc1-c1nc2ccn(Cc3ccc(-c4ccc(C(F)(F)F)cc4C(F)(F)F)nn3)cc-2n1,6.1,IC50,794.33,nM,1
CHEMBL4536259,CC1OC2(CCN(CCc3ccccc3F)CC2)CN(c2ccccc2)C1=O,6.1,IC50,800.0,nM,1
CHEMBL538936,O=C(CC1CCN(Cc2ccn(-c3ccc(C(F)(F)F)cn3)c2)CC1)NC(c1ccc(F)cc1)c1ccc(F)cc1,6.1,IC50,800.0,nM,1
CHEMBL4643001,CN1C[C@H](Cc2ccc(Cl)cc2)N(C2CCN(c3n[nH]c(N)n3)CC2)Cc2cc(Cl)ccc21,6.1,IC50,800.0,nM,1
CHEMBL205447,COc1ccccc1Oc1cccc(CN2CCC(NC(=O)C3(c4ccccc4)CCNCC3)CC2)c1,6.1,Ki,800.0,nM,1
CHEMBL2207285,O=C(NC[C@@H](O)CN1CCC(Oc2ccc(Cl)c(Cl)c2)CC1)c1c[nH]c(=O)c2cc(S(=O)(=O)NC3CC3)ccc12,6.1,IC50,794.33,nM,1
CHEMBL4745124,Cc1ccc2c(c1)C(C1=C[C@H](C)N(C)CC1)=Nc1cc(Cl)ccc1N2,6.1,IC50,800.0,nM,1
CHEMBL4251444,O=C(O)C[C@H](CN1CC[C@@H](CCc2ccc3c(n2)NCCC3)C1)c1cccc(-n2cccn2)c1,6.1,IC50,794.33,nM,1
CHEMBL402853,Cc1ccc2c(-c3nnc(SCCCN4CCc5ccc6oc(-c7cc(C)nn7C)nc6c5CC4)n3C)cccc2n1,6.1,IC50,794.33,nM,1
CHEMBL1289386,O=C1O[C@]2(CC[C@H](c3nc4cc(OC(F)(F)F)ccc4[nH]3)CC2)CN1c1ccc(F)cc1,6.1,IC50,794.33,nM,1
CHEMBL271220,CCOC[C@]12Cc3cnn(-c4ccc(F)cc4)c3C=C1CCN(S(=O)(=O)c1ccc(C(F)(F)F)cc1)C2,6.1,IC50,800.0,nM,1
CHEMBL3121667,Fc1ccccc1-c1nc2ccn(Cc3cc(-c4ccc(C(F)(F)F)cc4C(F)(F)F)no3)cc-2n1,6.1,IC50,794.33,nM,1
CHEMBL522257,Cc1ccc2c(N3CCN(CCc4ccc5c(c4)N(C)C(=O)CO5)CC3)cccc2n1,6.1,Ki,794.33,nM,1
CHEMBL1762802,CCN(CC)Cc1csc(-c2cn(CC3CCOCC3)c3c(F)cccc23)n1,6.1,Ki,794.33,nM,1
CHEMBL6011687,Cc1c(CO)ncn1CCN1CCC2(CC1)COC1c3cc(Cl)ccc3OC(C)(C)C1C2,6.1,IC50,800.0,nM,1
CHEMBL1784472,COC(=O)c1cccc(C(=O)N2CCC(CCN3C4CCC3CC(n3c(C)nc5ccccc53)C4)(c3ccccc3)CC2)c1,6.1,IC50,794.33,nM,1
CHEMBL1257686,Cc1ncoc1-c1nnc(SCCCN2CCC3(c4ccc(C(F)(F)F)cc4)CC3C2)n1C,6.1,IC50,794.33,nM,1
CHEMBL6006046,CC1(C)Oc2ccc(Cl)cc2C2OCC3(CCN(CCn4ccnc4CO)CC3)CC21,6.1,IC50,800.0,nM,1
CHEMBL3354704,CC(C)(C)COc1ccc2c(c1)[C@]1(COC(N)=N1)c1cc(-c3cccnc3)ccc1O2,6.1,Ki,797.0,nM,1
CHEMBL5826693,Cc1nccn1CCN1CCC2(CC1)COC1c3cc(Cl)ccc3OC(C)(C)C1C2,6.1,IC50,800.0,nM,1
CHEMBL2017567,COc1cc(-c2cn(CC(=O)N(CC(F)(F)F)c3cccc4ccccc34)nn2)ccc1-n1cnc(C)c1,6.1,IC50,800.0,nM,1
CHEMBL5841969,CC(C)Oc1ccc(CCC(C)(C)N2Cc3ccc(F)cc3C2)cc1OC(C)C,6.1,IC50,800.0,nM,1
CHEMBL83,CC/C(=C(\c1ccccc1)c1ccc(OCCN(C)C)cc1)c1ccccc1,6.1,Ki,792.2,nM,1
CHEMBL429132,Cc1ccc2c(-c3nnc(SCCCN4CCc5cc6nc(C(C)(C)C)oc6cc5CC4)n3C)cccc2n1,6.1,IC50,794.33,nM,1
CHEMBL186730,NCc1ccc(F)c(C2CCN(C(=O)c3cccc(-c4nc(-c5cccs5)no4)c3)CC2)c1,6.1,IC50,800.0,nM,1
CHEMBL1258833,Cc1ncoc1-c1nnc(SCCCN2CCC3(CCc4ccc(Br)cc43)C2)n1C,6.1,IC50,794.33,nM,1
CHEMBL2017409,COc1cc(-c2cn(CC(=O)N(c3ccccc3)C3CCCCC3)nn2)ccc1-n1cnc(C)c1,6.1,IC50,800.0,nM,1
CHEMBL257946,Cc1ccc2c(-c3nnc(SCCCN4CCc5cc6onc(C)c6cc5CC4)n3C)cccc2n1,6.1,IC50,794.33,nM,1
CHEMBL4060355,O=C(O)CC1CCC2(CCN(c3ccc(-c4nc5cc(C(F)(F)F)ccc5[nH]4)cn3)CC2)OC1,6.1,IC50,800.0,nM,1
CHEMBL196983,COc1ccc([C@@H](O)C[C@H]2c3cc(OC)c(OC)cc3CCN2C)cc1,6.1,IC50,790.0,nM,1
CHEMBL5777736,CC(C)(CCc1ccc(O)c(OC(F)(F)F)c1)N1Cc2ccc(S(C)(=O)=O)cc2C1,6.1,IC50,790.0,nM,1
CHEMBL559029,O=C1N(CCN2Cc3ccccc3C2)CCN1c1cccc(C(F)(F)F)c1,6.1,IC50,794.33,nM,1
CHEMBL225318,CN1CCN(Cc2ccc3c(c2)Cc2c(-c4csc(C#CCOc5ccccc5Cl)c4)n[nH]c2-3)CC1,6.1,IC50,790.0,nM,1
CHEMBL560650,O=C1N(CCN2Cc3ccccc3C2)CCN1Cc1ccc(Cl)c(Cl)c1,6.1,IC50,794.33,nM,1
CHEMBL244084,Cc1ccc2c(-c3nnc(SCCCN4CCc5ccc(-c6ncc(C)o6)cc5CC4)n3C)cccc2n1,6.1,IC50,794.33,nM,1
CHEMBL244085,Cc1cc(-c2ccc3c(c2)CCN(CCCSc2nnc(-c4ccncc4)n2C)CC3)no1,6.1,IC50,794.33,nM,1
CHEMBL243899,Cc1cc(-c2ccc3c(c2)CCN(CCCSc2nnc(C)n2C)CC3)no1,6.1,IC50,794.33,nM,1
CHEMBL243859,Cc1cc(-c2ccc3c(c2)CCN(CCCSc2nnc(C4CCCC4)n2C)CC3)no1,6.1,IC50,794.33,nM,1
CHEMBL2031991,O=C(NC[C@@H]1CCN(C(=O)CCCCC(c2ccc(F)cc2)c2ccc(F)cc2)C1)c1cc(C(F)(F)F)cc(C(F)(F)F)c1,6.1,IC50,800.0,nM,1
CHEMBL3604799,COc1ccc2ncc(F)c(CCC34CCC(NCc5ccc6c(n5)NC(=O)C(C)O6)(CC3)CO4)c2n1,6.1,IC50,800.0,nM,1
CHEMBL4863880,Cc1cc(C)cc(NC(=O)c2cncc(-c3cc(C)cc(C)c3)c2N2CCC(N)CC2)c1,6.1,IC50,800.0,nM,1
CHEMBL3604802,COc1ccc2ncc(F)c(CCC34CCC(NCc5ccc6c(n5)N(C)C(=O)CO6)(CC3)CO4)c2n1,6.1,IC50,800.0,nM,1
CHEMBL220757,COC(=O)CCc1ccc(NC(=O)c2ccc(C(=N)N(C)C)cc2)c(C(=O)Nc2ccc(Cl)cn2)c1,6.1,Ki,790.0,nM,1
CHEMBL1224700,O=S(=O)(Nc1ccc([C@]23CNC[C@H]2C3)cc1)c1ccc(C(F)(F)F)cc1,6.1,IC50,794.33,nM,1
CHEMBL559873,O=C1N(CCN2CCCc3sccc3C2)CCN1c1cccc(Cl)c1,6.1,IC50,794.33,nM,1
CHEMBL562833,CC1(C)[C@@H]2CC[C@]13CCN(CCN1CCN(c4cccc(Cl)c4)C1=O)C3C2,6.1,IC50,794.33,nM,1
CHEMBL631,CCCNCC(O)COc1ccccc1C(=O)CCc1ccccc1,6.1,IC50,800.0,nM,1
CHEMBL3393717,Oc1ccc(-c2ccc3[nH]nc(-c4cncc(O[C@H]5CNCCC56CC6)n4)c3c2)c(F)c1,6.1,IC50,800.0,nM,1
CHEMBL381362,O=C1C(c2cc(C(F)(F)F)cc(C(F)(F)F)c2)CCCN1[C@]1(c2ccccc2)CC[C@@H](N2CCC3(CCOC3)CC2)CC1,6.1,Ki,798.0,nM,1
CHEMBL1835063,NC(=O)c1cnc(N2CCC[C@H](N)C2)nc1Nc1cccc(C(F)(F)F)c1,6.1,IC50,794.33,nM,1
CHEMBL3774588,Cc1ncoc1-c1nnc(SCCCN2CC3CCN(c4ccc(F)cc4)C3C2)n1C,6.1,IC50,794.33,nM,1
CHEMBL1081203,Cc1ccc2c(-c3nnc(SCCCN4CC5CC5(c5ccccc5)C4)n3C)cccc2n1,6.1,IC50,794.33,nM,1
CHEMBL1079640,Cc1ccc(-c2nnc(SCCCN3C[C@@H]4C[C@]4(c4ccc(C(F)(F)F)cc4)C3)n2C)cn1,6.1,IC50,794.33,nM,1
CHEMBL1079480,Cc1cnc(-c2nnc(SCCCN3C[C@@H]4C[C@]4(c4ccc(C(F)(F)F)cc4)C3)n2C)cn1,6.1,IC50,794.33,nM,1
CHEMBL1079494,COc1ccc(C23CC2CN(CCCSc2nnc(-c4ocnc4C)n2C)C3)cc1Cl,6.1,IC50,794.33,nM,1
CHEMBL1762803,Cl.Clc1cccc2c(-c3nc(CN4CCCC4)cs3)cn(CC3CCOCC3)c12,6.1,Ki,794.33,nM,1
CHEMBL4861332,CC[C@@H](NC(=O)c1ccc(Cl)cc1)[C@H]1[C@@H]2C[C@@H](n3cnc4cc(F)c(F)cc43)C[C@@H]21,6.1,IC50,790.0,nM,1
CHEMBL3923578,Cc1ncsc1-c1nnc(SCCCN2CC[C@]3(C[C@@H]3c3ccc(C(F)(F)F)cc3)C2)n1C,6.1,IC50,794.33,nM,1
CHEMBL4218476,COc1ccccc1CCN1CCC(CCc2cccc(OCCF)c2)CC1.Cl,6.1,IC50,800.0,nM,1
CHEMBL3775023,COc1ccc(N2CCC3CN(CCCSc4nnc(-c5cnccn5)n4C)CC32)cc1,6.1,IC50,794.33,nM,1
CHEMBL4210399,CCO/N=C/c1ccc(OCCC(C)CCN2CCN(c3ccnc(N)c3)C2=O)cc1,6.1,IC50,800.0,nM,1
CHEMBL3775534,Cc1ncoc1-c1nnc(SCCCN2CC3CCN(c4cccc(C#N)c4)C3C2)n1C,6.1,IC50,794.33,nM,1
CHEMBL4224771,COc1cc2ccc(Br)cc2cc1[C@@H](c1ccccc1)[C@@](O)(CCN(C)C)c1cccc2ccoc12,6.1,IC50,800.0,nM,1
CHEMBL1762807,CCN(CCO)Cc1csc(-c2cn(CC3CCOCC3)c3c(Cl)cccc23)n1,6.1,Ki,794.33,nM,1
CHEMBL513568,Nc1ccc(-c2cccs2)cc1NC(=O)c1ccc(N2CCC3(CCNC3)CC2)nc1,6.1,Ki,790.0,nM,1
CHEMBL541944,O=C(CN1CCN(Cc2ccn(-c3ccc(C(F)(F)F)cn3)c2)CC1)NC(c1ccc(F)cc1)c1ccc(F)cc1,6.1,IC50,800.0,nM,1
CHEMBL3774412,COc1cccc(N2CCC3CN(CCCSc4nnc(-c5cnccn5)n4C)CC32)c1,6.1,IC50,794.33,nM,1
CHEMBL272588,Cc1ncoc1-c1nnc(SCCCN2CCc3nc4cc(C(F)(F)F)ccn4c3CC2)n1C,6.1,IC50,794.33,nM,1
CHEMBL1760322,Cc1cc(O[C@H](CCCCNCc2ccc(F)cc2)C(=O)NO)cc(C)c1F,6.1,IC50,790.0,nM,1
CHEMBL4228387,COc1ccc2nccc(CCN3CCC(NCc4ccc5c(c4)OCCO5)CC3)c2c1,6.09,IC50,810.0,nM,1
CHEMBL5843724,Cc1cc(C)c([C@H](CCN2C3CCC2CC(n2c(C)nnc2C(C)C)C3)NC(=O)C2CCCCC2)s1,6.09,IC50,810.0,nM,1
CHEMBL556450,Cc1cnn(C2CCN(c3nc4ccccc4n3Cc3ccc(F)cc3)CC2)c1,6.09,IC50,809.0,nM,1
CHEMBL2387265,O=c1cc(-c2ccccc2)c2ccc(OCCCCN3CCC(c4noc5cc(F)ccc45)CC3)cc2o1,6.09,IC50,820.0,nM,1
CHEMBL428411,Cc1nccn1C[C@H]1CCc2c(c3ccccc3n2C)C1=O,6.09,IC50,810.0,nM,1
CHEMBL4453601,CN1CCN(c2ccc(-c3ccc(-c4nc5cc(C(F)(F)F)ccc5[nH]4)cc3)cc2)CC1,6.09,Ki,820.0,nM,1
CHEMBL1822860,O=C(c1ccccc1-c1ccc(OCCCN2CCCCC2)cc1)N1CCCCC1,6.09,Ki,818.0,nM,1
CHEMBL2031975,CC(C)(C)c1ccc(C(=O)NCC2CCN(C(=O)CCCCC(c3ccc(F)cc3)c3ccc(F)cc3)C2)cc1,6.09,IC50,820.0,nM,1
CHEMBL3899125,Cn1c(SCCCN2CC[C@]3(C[C@@H]3c3ccc(C(F)(F)F)cc3)C2)nnc1-c1ccc(C(N)=O)cc1,6.09,IC50,812.83,nM,1
CHEMBL5943127,CCc1ccc([C@H](CCN2C3CCC2CC(n2c(C)nnc2C(C)C)C3)NC(=O)C2CCCCC2)s1,6.08,IC50,840.0,nM,1
CHEMBL3093950,CCCCCCCN(CC)CC#CCOCc1ccc(Cl)cc1,6.08,IC50,834.0,nM,1
CHEMBL4550293,NC(=O)c1cnc2ccc(-c3cccnc3)cc2c1NCC1CCCCC1,6.08,IC50,830.0,nM,1
CHEMBL2376790,CNC1CN(c2nc(N)nc3cc(C4CCCC4)ccc23)C1,6.08,Ki,831.76,nM,1
CHEMBL5781211,c1cc(-c2cnn(Cc3cc[nH]n3)c2)cc(C2CC2)c1,6.08,IC50,831.0,nM,1
CHEMBL2171417,Cl.c1ccc(OC(c2ccc3ccccc3c2)C2CNC2)cc1,6.08,IC50,830.0,nM,1
CHEMBL221299,COC(=O)N(NC(=O)c1c(CN2CCNCC2)c(-c2ccccc2)nc2ccccc12)c1ccccc1,6.08,Ki,840.0,nM,1
CHEMBL4289498,O=C(CCCN1CCC(c2noc3cc(F)ccc23)CC1)c1cc2c3c(c1)CCN3C(=O)CC2,6.08,IC50,823.7,nM,1
CHEMBL495328,CS(=O)(=O)Nc1ccc(OC[C@@H](O)CN(CCc2ccc(Cl)c(Cl)c2)Cc2ccccc2O)cc1,6.08,IC50,830.0,nM,1
CHEMBL1822855,c1cc(N2CCCCC2)ccc1OCCCN1CCCCC1,6.08,Ki,841.0,nM,1
CHEMBL3774488,O=C(O)c1cccc(-c2c[nH]c([C@H]3Cc4c([nH]c5ccccc45)[C@@H](C4CCOCC4)N3)n2)c1,6.08,IC50,839.0,nM,1
CHEMBL4514678,Cc1cc(C#N)cc(C)c1Oc1nc(NC2CCN(Cc3ccc(C(N)=O)cc3)CC2)nc2c1COC2,6.08,IC50,830.0,nM,1
CHEMBL3900512,CN(C)CCn1cc(-c2ccc(F)c(C(F)(F)F)c2)nc1C1CCN(c2ncnc(N)c2C2CC2)CC1,6.08,IC50,830.0,nM,1
CHEMBL205912,COc1ccc(Br)cc1CCc1c(Cl)cccc1C1=NCCN1,6.08,Ki,840.0,nM,1
CHEMBL1834635,Cn1nc(NCC(=O)NC2CN([C@H]3CC[C@@H](c4ccc5c(c4)OCO5)CC3)C2)c2cc(C(F)(F)F)ccc21,6.08,IC50,840.0,nM,1
CHEMBL2017416,COc1cc(-c2cn(CC(=O)N([C@H](C)c3ccccc3)[C@H](C)c3ccccc3)nn2)ccc1-n1cnc(C)c1,6.08,IC50,840.0,nM,1
CHEMBL571013,CCc1oc(CCc2cc(N3CCOCC3)cc(NC)n2)nc1C,6.08,IC50,830.0,nM,1
CHEMBL6062663,Cc1cc(Cn2cc(-c3ccc(F)c(Cl)c3)cn2)n(C)n1,6.07,IC50,857.0,nM,1
CHEMBL4632807,CC(C)Oc1cncc(-c2ccc3[nH]nc(C(=O)NCC4CCOCC4)c3c2)c1,6.07,IC50,860.0,nM,1
CHEMBL334491,CC(C)(C)N1CCC(c2ccccc2)(c2ccccc2)CC1,6.07,IC50,851.14,nM,1
CHEMBL5768419,CCn1c(N2CCNC(=O)C2)nc2c([N+](=O)[O-])c(Br)c(Br)cc21,6.07,IC50,850.0,nM,1
CHEMBL900,Cc1ccccc1C(OCCN(C)C)c1ccccc1,6.07,IC50,851.14,nM,1
CHEMBL367106,O=C1NC(=O)C(c2nn(CCCN3CCOCC3)c3ccccc23)=C1c1cn(-c2ccc3ccccc3c2)c2ccccc12,6.07,Ki,850.0,nM,1
CHEMBL1910302,COCCCc1ccc(F)c2c(CN(C(=O)[C@H]3CNCC[C@]3(O)c3ccc(F)c(F)c3)C3CC3)cn(CCCOC)c12,6.07,Ki,850.0,nM,1
CHEMBL469542,Cc1nnc(C)n1C1CCN(C(C)C[C@H](NC(=O)C2CCC2)c2ccccc2)CC1,6.07,IC50,849.0,nM,1
CHEMBL5818991,C[C@H](CCc1ccc(O)c(OC(F)(F)F)c1)N1Cc2cc3c(cc2C1)OCO3,6.07,IC50,860.0,nM,1
CHEMBL3634812,O=C(c1ccc(F)cc1F)C1CCN(CCCOc2ccc(-c3nc4ccccc4o3)cc2)CC1,6.07,IC50,850.0,nM,1
CHEMBL3742114,CCOC(=O)C1=C(CN2CCOCC2)NC(c2nccs2)=NC1c1ccc(F)cc1Br,6.07,IC50,860.0,nM,1
CHEMBL4202598,Cl.Cl.FCCOc1ccccc1CCN1CCN(CCc2ccccc2Cl)CC1,6.07,IC50,850.0,nM,1
CHEMBL6049222,CN(C)CC(C)(c1ccc2ccccc2c1)C(O)c1ccccc1,6.07,IC50,850.0,nM,1
CHEMBL429849,CC(C)(O)[C@]1(C(=O)NCc2cc(C(F)(F)F)cc(C(F)(F)F)c2)CC[C@@H](N2CCC(c3cncnc3)CC2)C1,6.07,IC50,844.0,nM,1
CHEMBL202884,O=C1N([C@]2(c3ccccc3)CC[C@@H](N3CCC4(CCOC4)CC3)CC2)CCC1(O)c1cc(C(F)(F)F)cc(C(F)(F)F)c1,6.06,Ki,862.0,nM,1
CHEMBL1083407,C[C@@H]1CCCN1CCc1ccc2nc(-c3ccc(Cl)nc3)ccc2c1,6.06,Ki,870.0,nM,1
CHEMBL435882,NC(CC(=O)N1CCC[C@H]1C(=O)NCc1ccc(C(F)(F)F)cc1)Cc1ccccc1F.O=C(O)C(F)(F)F,6.06,IC50,870.0,nM,1
CHEMBL5877325,Cc1cc(-c2cnn(Cc3ccn(C)n3)c2)ccc1F,6.06,IC50,871.0,nM,1
CHEMBL2017576,COc1cc(-c2cn([C@H]3C[C@@H](C(C)(C)C)CCN(CC45CC6CC(CC(C6)C4)C5)C3=O)nn2)ccc1-n1cnc(C)c1,6.06,IC50,870.0,nM,1
CHEMBL5805551,CC(C)Oc1ccc(-c2nnc(-c3ccc4c(c3)C[C@](N)(CO)CC4)o2)cc1C(F)(F)F,6.06,IC50,870.0,nM,1
CHEMBL2031984,CC(C)(C)c1cc(CNCC2CCN(CCCCCC(c3ccc(F)cc3)c3ccc(F)cc3)C2)cc(C(C)(C)C)c1O,6.06,IC50,870.0,nM,1
CHEMBL2017414,COc1cc(-c2cn(CC(=O)N(Cc3ccccc3)Cc3ccccc3)nn2)ccc1-n1cnc(C)c1,6.06,IC50,870.0,nM,1
CHEMBL1642180,COc1cc(/C=C/c2nc3cc(C(F)(F)F)ccc3c(=O)[nH]2)ccc1-n1cnc(C)c1,6.06,IC50,870.0,nM,1
CHEMBL94417,O=C1NCc2c(-c3ccc(F)cc3F)cc(N3CCNCC3)cc2N1c1c(Cl)cccc1Cl,6.06,Ki,870.0,nM,1
CHEMBL4099387,CN(Cc1ccccn1)Cc1ccccc1CNc1ccnc2cc(Cl)ccc12,6.06,IC50,870.96,nM,1
CHEMBL220704,Cc1cc(C(=O)Nc2ccc(C(=N)N3CCCC3)cc2)n(-c2cc3ccccc3cc2C#N)n1,6.06,Ki,880.0,nM,1
CHEMBL327946,N#Cc1ccc(Cn2cncc2CN(Cc2cccnc2)[C@H]2CCN(Cc3ccccc3)C2=O)cc1,6.06,IC50,870.0,nM,1
CHEMBL453880,CNCc1ccc(Cl)cc1Oc1ccc(F)c(C(F)(F)F)c1,6.06,IC50,873.0,nM,1
CHEMBL493972,COc1ccc(-n2c(=O)n(C3CCN(c4cc(N)ccn4)CC3)c3ncccc32)cc1,6.06,Ki,865.0,nM,1
CHEMBL4206467,COc1nc2ccc(Br)cc2cc1[C@@H](c1cc(C)c(C)s1)[C@@](O)(CCN(C)C)c1cccc(F)c1,6.06,IC50,880.0,nM,1
CHEMBL218639,COC(=O)N(NC(=O)c1c(CN2CCN(C(C)C)CC2)c(-c2ccccc2)nc2ccccc12)c1ccccc1,6.06,Ki,880.0,nM,1
CHEMBL1910310,Cc1cc(Cn2cc(CN(C(=O)[C@H]3CNCC[C@]3(O)c3ccc(F)c(F)c3)C3CC3)c3c(F)cccc32)no1,6.06,Ki,880.0,nM,1
CHEMBL2334601,O[C@@H](COc1ccc(F)cc1)CN1CCN(Cc2ccc(Cl)c(Cl)c2)CC1,6.06,IC50,870.0,nM,1
CHEMBL5805566,Cn1nccc1Cn1cc(-c2ccc(F)c(C(F)F)c2)cn1,6.06,IC50,866.0,nM,1
CHEMBL1910305,COCCCn1cc(CN(C(=O)[C@H]2CNCC[C@]2(O)c2ccc(F)c(F)c2)C2CC2)c2c(F)ccc(CN3CCOCC3)c21,6.05,Ki,900.0,nM,1
CHEMBL1910309,O=C([C@H]1CNCC[C@]1(O)c1ccc(F)c(F)c1)N(Cc1cn(Cc2ccon2)c2cccc(F)c12)C1CC1,6.05,Ki,900.0,nM,1
CHEMBL252818,CC(=O)NC1CCc2ccc(CCN3CCN(c4nsc5ccccc45)CC3)cc21,6.05,Ki,885.0,nM,1
CHEMBL4758966,CCOc1ccc2c(c1)C(C1=C[C@H](C)N(C)CC1)=Nc1cc(Cl)ccc1N2,6.05,IC50,900.0,nM,1
CHEMBL514042,CNC(=O)c1c(NCC2CCC3(CCC3)CC2)nc(C#N)nc1OCC1CCN(CCO)CC1,6.05,IC50,890.0,nM,1
CHEMBL4294221,NC1=N[C@@]2(CO1)c1cc(NC(=O)c3ccc(Cl)cn3)ccc1Oc1cnc(C3=CCCOC3)cc12,6.05,IC50,900.0,nM,1
CHEMBL522697,CCC(C)C(C)CN1CCC(CNC(=O)c2cc(Cl)cc(Cl)c2)CC1,6.05,IC50,883.0,nM,1
CHEMBL4795230,C[C@H]1C=C(C2=Nc3cc(Cl)ccc3Nc3ccc(Cl)cc32)CCN1C,6.05,IC50,900.0,nM,1
CHEMBL1170953,O=C(c1ccc(Oc2ccc(F)cc2)cn1)N1CCCN(C2CCC2)CC1,6.05,IC50,900.0,nM,1
CHEMBL562677,CCc1oc(CCc2cc(N3CCOCC3)cc(NCCOC)n2)nc1C,6.05,IC50,900.0,nM,1
CHEMBL564226,C[C@H](C1=C(CCN(C)C)Cc2ccccc21)c1ccccn1,6.05,IC50,900.0,nM,1
CHEMBL4227540,COc1cc2ccc(C#N)cc2cc1[C@@H](c1cccc(F)c1)[C@@](O)(CCN(C)C)c1cc2ccccc2o1,6.05,IC50,900.0,nM,1
CHEMBL4228130,COc1cc2ccc(Br)cc2cc1[C@@H](c1ccnc(OC)c1OC)[C@@](O)(CCN(C)C)c1cccc2ccoc12,6.05,IC50,900.0,nM,1
CHEMBL3609635,COc1cc(-c2cn(C3CCc4c(ccc5ccccc45)N(CC(F)(F)F)C3=O)nn2)ccc1-n1cnc(C)c1,6.05,IC50,900.0,nM,1
CHEMBL1836251,COC(=O)C1(CNC(=O)c2cc(Cl)cc(Cl)c2)CCN(Cc2cccc(C(F)(F)F)c2)CC1,6.05,IC50,890.0,nM,1
CHEMBL1086317,Cn1nccc1-c1cc(NC(=O)c2cccc(C(F)(F)F)c2)ccc1OCCN1CCOCC1,6.05,IC50,900.0,nM,1
CHEMBL3617353,Nc1nc(NC2CCNCC2)c2sc(-c3ccc(C(F)(F)F)cc3)cc2n1,6.05,IC50,900.0,nM,1
CHEMBL3234071,CS(=O)(=O)c1ccc(-c2cnc3ccc(-c4cccc(S(C)(=O)=O)c4)nn23)cc1,6.05,IC50,900.0,nM,1
CHEMBL1173142,Cc1cccc(N2CCN(CCCCCCN3CCN(c4ccnc5ccccc45)CC3)CC2)c1,6.05,Ki,900.0,nM,1
CHEMBL557932,COc1ccc(CN[C@@H]2CC[C@@H](C(=O)N3CCC(C(=O)N4CCCC4)(c4ccccc4)CC3)C(C)(C)C2)cc1,6.05,IC50,900.0,nM,1
CHEMBL4204414,COc1nc2ccc(Br)cc2cc1[C@@H](c1ccc(N(C)C)nc1)[C@@](O)(CCN(C)C)c1cccc(F)c1,6.05,IC50,890.0,nM,1
CHEMBL1092662,CN(C)CCC1=C(Cc2cccnn2)c2ccc(F)cc2C1,6.05,IC50,890.0,nM,1
CHEMBL1779532,Cc1c2c(n3c1CCCN1CCCC[C@@H]1CNc1cc-3ccc1C(N)=O)CC(C)(C)CC2=O,6.05,IC50,900.0,nM,1
CHEMBL487053,CC(c1ccccc1Oc1ccc(Cl)c(Cl)c1)N(C)C,6.05,IC50,900.0,nM,1
CHEMBL3605012,O=C1COc2ccc(CNC34CCC(CCc5c(F)cnc6ccc(OCCc7cc(=O)c(O)c[nH]7)nc56)(CC3)OC4)nc2N1,6.05,IC50,900.0,nM,1
CHEMBL2012037,Nc1ccnc(Nc2ccc(Oc3ccc(C(F)(F)F)cc3)cc2)n1,6.05,Ki,900.0,nM,1
CHEMBL811,CN(C)CCC(c1ccc(Br)cc1)c1ccccn1,6.05,IC50,891.25,nM,1
CHEMBL2036760,O=C(Nc1ccc(C(F)(F)F)c(Cl)c1)N1CCN(C[C@@H]2CCCN(C3CC3)C2)CC1,6.05,IC50,890.0,nM,1
CHEMBL3604798,COc1ccc2ncc(F)c(CCC34CCC(NCc5nc6c(c(C)c5F)OCC(=O)N6)(CC3)CO4)c2n1,6.05,IC50,900.0,nM,1
CHEMBL1098752,Cc1nn(CCOCC(F)(F)F)c2c(Nc3ccncn3)nc(N3CCN[C@H](C)C3)nc12,6.05,IC50,900.0,nM,1
CHEMBL4526512,Cc1cc(-c2cnc3ccn(Cc4ncco4)c3c2)ccc1F,6.05,Ki,900.0,nM,1
CHEMBL1946024,CCN(CC)C(=O)c1ccc(C(=C2CCN(Cc3ccc(F)cc3)CC2)c2ccc(NC(=O)OC)cc2)cc1,6.05,IC50,900.0,nM,1
CHEMBL4572930,CN1CCC(Cn2nc(-c3ccc4cc(OCC5CC5)ccc4c3)c3c(N)ncnc32)CC1,6.05,IC50,900.0,nM,1
CHEMBL4077161,CCOC(=O)C1=C(CN2CCOCC2)NC(c2cccs2)=NC1c1ccc(F)cc1Br,6.05,IC50,900.0,nM,1
CHEMBL2031973,COc1c(C(C)(C)C)cc(C(=O)N2CCN(C(=O)CCCCC(c3ccc(F)cc3)c3ccc(F)cc3)[C@@H](C)C2)cc1C(C)(C)C,6.05,IC50,900.0,nM,1
CHEMBL490026,O=C([C@@H]1C[C@H]1c1ccc(C(F)(F)F)cc1)N1CCN(S(=O)(=O)c2cc(CCO)cc(C(F)(F)F)c2)CC1,6.05,IC50,900.0,nM,1
CHEMBL4854239,NC1CCN(c2c(NC(=O)c3ccccc3)cncc2-c2cc(Cl)cc(Cl)c2)CC1,6.05,IC50,900.0,nM,1
CHEMBL4785918,COc1ccc(C(NC(=O)c2cnc(-n3cccn3)nc2O)c2ccc(OC)cc2)cc1,6.05,IC50,900.0,nM,1
CHEMBL5958853,CC[C@@H](O)C(=O)N(CC)CCN1CCC(c2noc3cc(F)ccc23)CC1,6.05,IC50,900.0,nM,1
CHEMBL4761836,NC[C@H](NC(=O)c1ccc(-c2cc(F)c(Cl)c(F)c2)[nH]1)c1nc(CO)cs1,6.05,IC50,900.0,nM,1
CHEMBL3217141,Cc1[nH]c(-c2ccccn2)cc1C(=O)NCCCN1CCN(c2cccc(Cl)c2Cl)CC1.Cl.Cl.Cl.Cl,6.05,IC50,900.0,nM,1
CHEMBL4281089,CCCCNc1nc(N)nc2c1CN(C(=O)c1cccs1)CC2,6.05,IC50,900.0,nM,1
CHEMBL4080513,Cc1cc(CNc2nc(N)nc3ccn(Cc4ncccc4Cl)c23)no1,6.05,IC50,900.0,nM,1
CHEMBL3975989,Cc1ncoc1-c1nnc(SCCCN2CC[C@@]3(C[C@@H]3c3ccccc3C(F)(F)F)C2)n1C,6.05,IC50,891.25,nM,1
CHEMBL1949693,CC(C)=CCn1c(N2CCCNCC2)c(C#N)c2c1c(=O)n(Cc1c(C#N)cnc3ccccc13)c(=O)n2C,6.05,IC50,900.0,nM,1
CHEMBL1935446,Fc1ccc(Cn2c([C@H]3CNCCS3)nc3ccccc32)cc1,6.05,IC50,900.0,nM,1
CHEMBL4070191,CN1CCN(c2ccc(NC(=O)c3cc(N(C)Cc4ccc(C(F)(F)F)cc4)ncn3)cc2)CC1,6.05,IC50,900.0,nM,1
CHEMBL5842189,Cc1nccn1CCN1CCC2(CC1)COC1c3ccc(Cl)cc3OC(C)(C)C1C2,6.05,IC50,900.0,nM,1
CHEMBL4777391,COc1nc(-c2csc(Nc3c4c(nn3CC(F)(F)F)CCC4)n2)ccc1-n1cnc(C)c1,6.04,IC50,920.0,nM,1
CHEMBL522854,Nc1ccnc(N2CCC(n3c(=O)n(-c4ccccc4)c4cccnc43)CC2)c1,6.04,Ki,903.0,nM,1
CHEMBL1836255,COc1ccccc1CN1CCC(C#N)(CNC(=O)c2cc(CC(C)C)n(-c3ccccc3)n2)CC1,6.04,IC50,920.0,nM,1
CHEMBL562831,CCOC(=O)CNc1cc(N2CCOCC2)cc(CCc2nc(C)c(CC)o2)n1,6.04,IC50,910.0,nM,1
CHEMBL5946543,CC(C)(CCc1ccc(F)cc1)N1Cc2cccc(F)c2C1,6.04,IC50,910.0,nM,1
CHEMBL3237713,C[C@@H](O)CN(C)C1CCN(c2ccc(Nc3ncc4c5ccncc5n([C@H]5CC[C@H](C)CC5)c4n3)nn2)CC1,6.04,IC50,920.0,nM,1
CHEMBL4741605,COc1nc(-c2csc(Nc3c4c(nn3C)CCC4)n2)ccc1-n1cnc(C)c1,6.04,IC50,920.0,nM,1
CHEMBL1257145,O=C1NCc2ccc(OCCCN3CCN(c4cccc5cc(F)c(F)cc45)CC3)cc21,6.04,Ki,907.0,nM,1
CHEMBL1836146,COc1cc(OC)cc(C(=O)NCC2(C#N)CCN(Cc3ccccc3OC)CC2)c1,6.04,IC50,920.0,nM,1
CHEMBL1092126,Cc1cccnc1[C@H](C)c1c(CCN(C)C)sc2ccccc12,6.04,IC50,910.0,nM,1
CHEMBL1910298,O=C([C@H]1CNCC[C@]1(O)c1ccc(F)c(F)c1)N(Cc1c[nH]c2cccc(Cl)c12)C1CC1,6.04,Ki,910.0,nM,1
CHEMBL1083448,C[C@@H]1CCCN1CCc1ccc2nc(-c3ccc4c(c3)COCO4)ccc2c1,6.04,Ki,910.0,nM,1
CHEMBL2407171,CCOC(=O)N1CCC(CN2CCC3(CC2)OC(=O)Nc2ncccc23)CC1,6.04,IC50,920.0,nM,1
CHEMBL4867565,O=S(=O)(c1cccc(F)c1)n1ccc2c(N3CCNCC3)nc3ccccc3c21,6.03,Ki,940.0,nM,1
CHEMBL497064,O=C(Nc1ccccc1)c1[nH]c2cc(F)ccc2c1[C@@H]1CNCC[C@H]1F,6.03,Ki,930.0,nM,1
CHEMBL3785718,Oc1cccc2c1CNC(CN1CCC3(CCc4ccccc43)CC1)C2,6.03,IC50,940.0,nM,1
CHEMBL496739,Cc1cccc(N2CCN(CCCCNC(=O)c3cc4ccccc4o3)CC2)c1,6.03,Ki,930.0,nM,1
CHEMBL3913542,Cc1ccc(-c2nnc(SCCCN3CC[C@]4(C[C@@H]4c4ccc(C(F)(F)F)cc4)C3)n2C)c(C)n1,6.03,IC50,933.25,nM,1
CHEMBL1086292,Cc1nc(-c2cccs2)sc1-c1ccc2cc(CCN3CCC[C@H]3C)ccc2n1,6.03,Ki,930.0,nM,1
CHEMBL4459445,Cn1c(N2CCC3(CC2)COC[C@H]3N)nc2[nH]nc(-c3cccc(Cl)c3Cl)c2c1=O,6.03,IC50,930.0,nM,1
CHEMBL2012266,Cc1cccc(Cn2ccc3c(OC4CCN(Cc5cscn5)CC4)ncnc32)c1,6.03,Ki,930.0,nM,1
CHEMBL1935444,Cc1ccc(Cn2c(C3CNCCS3)nc3ccccc32)cc1,6.03,IC50,930.0,nM,1
CHEMBL2036754,O=C(Nc1ccc(Cl)c(Cl)c1)N1CCN(C[C@@H]2CCCN(CC3CC3)C2)CC1,6.03,IC50,930.0,nM,1
CHEMBL3931504,C=Cc1c(N)ncnc1N1CCC(c2nc(-c3ccc(F)c(C(F)(F)F)c3)cn2CCN2CCC2)CC1,6.03,IC50,930.0,nM,1
CHEMBL4761139,Cc1cc(-c2ccc3c(c2)-c2nnc(Oc4cccc(Cl)c4)n2CCO3)ccn1,6.03,IC50,931.0,nM,1
CHEMBL1094525,Fc1ccc(Cn2c(C3CCCN(C4CCCCC4)C3)nc3ccccc32)cc1,6.03,Ki,926.0,nM,1
CHEMBL1258426,Fc1ccc2cccc(N3CCN(CCCOc4ccc5c(c4)CNC5)CC3)c2c1,6.03,Ki,931.0,nM,1
CHEMBL486644,O[C@H]1C[C@H](CN2CCC(c3c(Cl)cccc3Cl)CC2)CCc2cccnc21,6.03,IC50,940.0,nM,1
CHEMBL3949662,Cn1c(SCCCN2CC[C@]3(C[C@@H]3c3ccc(C(F)(F)F)cc3F)C2)nnc1-c1cccnc1,6.03,IC50,933.25,nM,1
CHEMBL4225277,COc1ccc2nccc(CC[C@H]3CC[C@H](NCc4cc5c(cn4)OCCO5)CC3)c2c1,6.03,IC50,940.0,nM,1
CHEMBL2040897,Cc1nc(C)c(-c2ccc(N3C(=O)N(c4cc(O)ncn4)C4(CCN(Cc5ncccc5C)CC4)C3=O)cc2)s1,6.02,IC50,950.0,nM,1
CHEMBL2012272,Fc1c(Cl)cccc1Cn1ccc2c(OC3CCN(Cc4cscn4)CC3)ncnc21,6.02,Ki,950.0,nM,1
CHEMBL382331,COC1(c2cc(C(F)(F)F)cc(C(F)(F)F)c2)CCN([C@]2(c3ccccc3)CC[C@@H](N3CCC4(CCOC4)CC3)CC2)C1=O,6.02,Ki,947.0,nM,1
CHEMBL270467,Cc1cc(C)n(-c2cc(NC(=O)CN3CCN(C)CC3)nc(-c3ccc(C)o3)n2)n1,6.02,IC50,950.0,nM,1
CHEMBL485547,CSc1ccc(-c2cccc(-n3cc(C(=O)NC(C)C)c(=O)c4cccnc43)c2)cc1,6.02,IC50,960.0,nM,1
CHEMBL2012836,CCC(NCCCC[C@@H](Nc1cc(C)c(F)c(C)c1)C(=O)NO)c1ccc(F)cc1,6.02,IC50,950.0,nM,1
CHEMBL3359234,Cc1ccc(-c2nc(C)c(Cl)c(OCCCN3CCCCC3)n2)cc1,6.02,IC50,950.0,nM,1
CHEMBL1796073,Cn1ccc([C@H]2CCNC[C@@H]2C(=O)N(Cc2cn(Cc3ccccc3)c3cccc(F)c23)C2CC2)cc1=O,6.02,Ki,950.0,nM,1
CHEMBL541226,Clc1cccc(OC(c2ccccc2)C2CCNCC2)c1Cl,6.02,IC50,950.0,nM,1
CHEMBL3085132,CC(C(=O)NC1(c2ccccc2)CCC(N2CCC3(CC2)CCC(C)(C)O3)CC1)c1cc(C(F)(F)F)cc(C(F)(F)F)c1,6.02,Ki,950.0,nM,1
CHEMBL2179216,COc1ccc(S(=O)(=O)n2cc(C)c3cc(F)ccc32)cc1NC1CCN(C)CC1,6.02,Ki,950.0,nM,1
CHEMBL4761704,O=C(N[C@H]1CCN(C2CCCCC2)C[C@@H]1C(=O)NCCc1ccccn1)c1cc(-c2ccc(F)cc2F)on1,6.02,IC50,960.0,nM,1
CHEMBL4292255,CCOc1cc(CN2CCC3(CC2)CC(Cc2ccc(F)cc2)C(=O)O3)cc(OCC)c1-c1ccc(F)cc1,6.02,IC50,950.0,nM,1
CHEMBL221178,CCOC(=O)COc1ccc(NC(=O)c2ccc(C(=N)N(C)C)cc2)c(C(=O)Nc2ccc(Cl)cn2)c1,6.01,Ki,970.0,nM,1
CHEMBL3806153,O=c1ccc(OCCCN2CCCCC2)nn1-c1ccc(F)c(Cl)c1,6.01,IC50,980.0,nM,1
CHEMBL390300,CS(=O)(=O)Nc1ccc(CCN(CCOc2ccc(NS(C)(=O)=O)cc2)C(=O)c2ccc3c(c2)C(=O)OC32c3ccc(O)cc3Oc3cc(O)ccc32)cc1,6.01,Ki,980.0,nM,1
CHEMBL4084358,O=c1n(Cc2ccc(Cl)cc2)c2sc3c(c2c2ncnn12)CCN(C1COC1)C3,6.01,IC50,980.0,nM,1
CHEMBL6058394,Cc1cc(Cn2cc(-c3ccc(Cl)c(C(F)F)c3)cn2)n(C)n1,6.01,IC50,980.0,nM,1
CHEMBL203700,CN(C)[C@H]1CC[C@](c2ccccc2)(N2CCC(c3cc(C(F)(F)F)cc(C(F)(F)F)c3)C2=O)CC1,6.01,Ki,984.0,nM,1
CHEMBL6021133,COc1cc(CC[C@@H](C)N2Cc3cc4c(cc3C2)OCO4)ccc1O,6.01,IC50,980.0,nM,1
CHEMBL1257144,O=C1NCc2ccc(OCCCCN3CCN(c4cccc5cc(F)ccc45)CC3)cc21,6.01,Ki,969.0,nM,1
CHEMBL2012291,Cc1ccc(CN2CCC(Oc3ncnc4c3ccn4Cc3ccccc3)CC2)nc1,6.01,Ki,980.0,nM,1
CHEMBL1910546,Cc1cc(Cn2cc(CN(C(=O)[C@H]3CNCC[C@]3(O)c3ccc(F)c(F)c3)C3CC3)c3c(F)cccc32)ccn1,6.01,Ki,970.0,nM,1
CHEMBL2171416,CCCOC(c1ccc2ccccc2c1)C1CNC1.Cl,6.01,IC50,980.0,nM,1
CHEMBL4526732,Cc1cc(/C=C/C#N)cc(C)c1Oc1nc(NC2CCN(Cc3ccc(S(N)(=O)=O)cc3)CC2)nc2sccc12,6.01,IC50,979.0,nM,1
CHEMBL4539145,Cn1c(N2CCC(C)(CN)CC2)nc2[nH]nc(-c3cccc(Cl)c3Cl)c2c1=O,6.01,IC50,980.0,nM,1
CHEMBL5898111,Cc1cc(Cn2cc(-c3ccc(Cl)c(C)c3)cn2)n(C)n1,6.01,IC50,967.0,nM,1
CHEMBL451137,CNCc1ccc(Br)cc1Oc1ccc(Cl)c(Cl)c1,6.01,IC50,974.0,nM,1
CHEMBL3696118,Cc1cc2nc(/C=C/C3CCCN3C)n(Cc3ccc(Cl)cc3)c2cc1C,6.01,IC50,980.0,nM,1
CHEMBL3785952,Cc1cc(F)ccc1C1CCN(CC2Cc3c(Cl)ccc(O)c3CN2)CC1,6.01,IC50,970.0,nM,1
CHEMBL3093987,CCCCCCCN(CC)CC#CCOC(c1ccccc1)c1ccccc1,6.01,IC50,970.0,nM,1
CHEMBL3735376,O=C(c1ccccn1)[C@]12Cc3cnn(-c4ccc(F)cc4)c3C=C1CCN(S(=O)(=O)c1ccc(F)cc1)C2,6.01,IC50,980.0,nM,1
CHEMBL1642188,CCOC(=O)c1sc2nc(/C=C/c3ccc(-n4cnc(C)c4)c(OC)c3)nc(N)c2c1C,6.01,IC50,980.0,nM,1
CHEMBL4870498,N#Cc1ccc(CCN2CCC(Nc3nc4ccccc4n3Cc3ccc(C(F)(F)F)nc3)CC2)cc1,6.01,IC50,970.0,nM,1
CHEMBL1096182,Cc1cc(C(=O)N[C@@H]2CC(C)(C)Oc3nc(-c4ccc(Cl)cc4Cl)c(-c4ccc(Cl)cc4)cc32)n[nH]1,6.0,IC50,1000.0,nM,1
CHEMBL402016,Cc1ccc2c(-c3nnc(SCCCN4CCc5cc6nc(C(F)(F)F)oc6cc5CC4)n3C)cccc2n1,6.0,IC50,1000.0,nM,1
CHEMBL3318986,O=c1ccc2ncc(F)cc2n1CCN1CCN(c2nc3cc(C(F)(F)F)ccc3[nH]2)CC1,6.0,IC50,1000.0,nM,1
CHEMBL3318989,COc1cnc2ccc(=O)n(CCN3CCC(c4nc5cc(Cl)ccc5[nH]4)CC3)c2c1,6.0,IC50,1000.0,nM,1
CHEMBL633,CCCCc1oc2ccccc2c1C(=O)c1cc(I)c(OCCN(CC)CC)c(I)c1,6.0,IC50,1000.0,nM,1
CHEMBL1079481,Cc1ncoc1-c1nnc(SCCCN2CC3CC3(c3ccc(C(F)(F)F)cc3)C2)n1C,6.0,IC50,1000.0,nM,1
CHEMBL2393431,COc1cccc(COC(=O)c2c(-c3ccc(OC)c(OC)c3)csc2N)c1,6.0,IC50,1000.0,nM,1
CHEMBL3605117,CCOC(=O)CCCOc1ccc2ncc(F)c(CCC34CCC(NCc5ccc6c(n5)NC(=O)CO6)(CC3)CO4)c2n1,6.0,IC50,1000.0,nM,1
CHEMBL3410223,Cc1nc(C#Cc2ccnc(Cl)c2)c(C)n1-c1ccc(OC(F)(F)F)cc1,6.0,IC50,1000.0,nM,1
CHEMBL4798141,Cc1cc(Nc2nc(Nc3ccccc3S(=O)(=O)C(C)C)c3cn[nH]c3n2)c(OC(C)C)cc1C1CCN(C)CC1,6.0,IC50,1000.0,nM,1
CHEMBL1980297,Nc1ncc(-c2cnn(CCO)c2)c2scc(-c3ccc(NC(=O)Nc4cccc(F)c4)cc3)c12,6.0,IC50,1000.0,nM,1
CHEMBL7463,CN(C)CCCn1cc(C2=C(c3c[nH]c4ccccc34)C(=O)NC2=O)c2ccccc21,6.0,IC50,1000.0,nM,1
CHEMBL2391166,Cc1cc(N2CCC(N3CCCC3C)C2)ccc1NC(=O)c1ccccc1F,6.0,IC50,1000.0,nM,1
CHEMBL3675746,CCc1nc2c(C)cc(C)nc2n1Cc1ccc(/C=C/CN2CCN(C(C)C)CC2)cc1,6.0,IC50,1000.0,nM,1
CHEMBL353985,COc1ccc(CCN(C)CCOc2ccc(NS(C)(=O)=O)cc2N)cc1OC,6.0,IC50,1000.0,nM,1
CHEMBL3764246,Cc1ccc(C2CN(CCCSc3nnc(-c4ccc(-c5noc(C)n5)cc4)n3C)CCO2)cc1,6.0,Ki,1000.0,nM,1
CHEMBL3216702,CCCn1c(-c2ccccn2)cc(C(=O)NCCCN2CCN(c3cccc(Cl)c3Cl)CC2)c1C.Cl.Cl.Cl.Cl,6.0,IC50,1000.0,nM,1
CHEMBL1950535,COc1cc(/C=C2\CCCN3C2=NOC[C@@H]3c2cc(F)c(F)c(F)c2)ccc1-n1cnc(C)c1,6.0,IC50,1000.0,nM,1
CHEMBL1210614,Cc1ncoc1-c1nnc(SCCCN2CC3CC3(c3cccc(S(F)(F)(F)(F)F)c3)C2)n1C,6.0,IC50,1000.0,nM,1
CHEMBL1784385,Cc1nc2ccccc2n1[C@H]1C[C@H]2CC[C@@H](C1)N2CCC1(c2ccccc2)CCN(C(=O)C(C)(C)C)CC1,6.0,IC50,1000.0,nM,1
CHEMBL1951453,CCCOc1sc(C(=O)N2CCC(c3cccc(CN)c3)CC2)c(C)c1Br,6.0,IC50,1000.0,nM,1
CHEMBL4100435,NC(=O)c1cc(Cl)c2c(Cl)c(C#CC3CC3)n(C3CCCNC3)c2n1,6.0,IC50,1000.0,nM,1
CHEMBL4591417,Cc1cc(Nc2nccc(-c3sc(C4CCNCC4)nc3-c3ccc(F)cc3)n2)ccn1,6.0,IC50,1000.0,nM,1
CHEMBL1761530,COCCCc1cc(CN(C(=O)[C@H]2CNCC[C@@H]2c2ccc(OCCOc3c(Cl)cc(C)cc3Cl)cc2)C2CC2)cc(OCC2(CC(=O)O)CC2)c1,6.0,Ki,1000.0,nM,1
CHEMBL3086042,O=C(NC(c1ccc(Cl)cc1)c1cnccn1)[C@@H]1CC[C@@H](N2CCOCC2)C[C@H]1c1ccc(Br)cc1,6.0,IC50,1000.0,nM,1
CHEMBL3415594,Cc1cc(Nc2cc(N[C@@H]3CCCC[C@@H]3N)cnc2C(N)=O)nc(C)c1-c1cnn(C)c1,6.0,IC50,1000.0,nM,1
CHEMBL2043327,Cc1cccnc1CN1CCC2(CC1)C(=O)N(c1ccc(C3CCCCC3)cc1)C(=O)N2c1cc(O)ncn1,6.0,IC50,1000.0,nM,1
CHEMBL3785095,Oc1ccc(Br)c2c1CNC(CN1CCC3(CCc4ccccc43)CC1)C2,6.0,IC50,1000.0,nM,1
CHEMBL565007,COc1ccc2c(c1)S(=O)(=O)C(C)C(c1ccc(OCCCN3CCCC3)cc1)O2,6.0,IC50,1000.0,nM,1
CHEMBL3775718,Cn1c(SCCCN2CC3CCN(c4ccc(C(F)(F)F)cc4)C3C2)nnc1-c1ccc(=O)[nH]c1,6.0,IC50,1000.0,nM,1
CHEMBL4873803,CCC(NC(=O)c1ccc(Cl)cc1)[C@H]1[C@@H]2C[C@@H](n3cnc4c(F)cccc43)C[C@@H]21,6.0,IC50,1000.0,nM,1
CHEMBL1241825,Cc1ccc2c(N3CCN(CCc4cccc5c4OCc4c(C#N)ncn4-5)CC3)cccc2n1,6.0,Ki,1000.0,nM,1
CHEMBL3688391,O[C@H](COc1ccc2[nH]ncc2c1)CN1CCN(c2ccc(Cl)cc2)CC1,6.0,Ki,1000.0,nM,1
CHEMBL272637,Cc1cc(C)n(-c2cc(NC(=O)CN3CC[C@@H](CN(C)C)C3)nc(-c3ccc(C)o3)n2)n1,6.0,IC50,1010.0,nM,1
CHEMBL564298,CC(C)(C)c1ccc(N2CCN(CCN3Cc4ccccc4C3)C2=O)cc1,6.0,IC50,1000.0,nM,1
CHEMBL1242623,Cc1ccc2c(N3CCN(CCc4cccc5c4OCc4c(C(=O)N6CCCCC6)ncn4-5)CC3)cccc2n1,6.0,Ki,1000.0,nM,1
CHEMBL1242717,Cc1ccc2c(N3CCN(CCc4cccc5c4OCc4c(C(=O)N6CCOCC6)ncn4-5)CC3)cccc2n1,6.0,IC50,1000.0,nM,1
CHEMBL145939,O=S(=O)(c1ccccc1)C1CCN(CCc2ccc(F)cc2F)CC1,6.0,Ki,1000.0,nM,1
CHEMBL3787662,C=CC(=O)Nc1cccc(Oc2nc(Nc3ccc(N4CCN(C)CC4)cc3)nc3[nH]ccc23)c1,6.0,IC50,1000.0,nM,1
CHEMBL468504,CCN1CCN(c2cc3[nH]c(SC(C)(C)C)nc3cc2Cl)[C@H](C)C1,6.0,IC50,990.0,nM,1
CHEMBL3942186,C[C@@H]1C[C@H](N)CN(c2ccncc2Nc2ncc3ccc(-c4c(F)cccc4F)nn23)C1,6.0,IC50,1000.0,nM,1
CHEMBL3921827,c1cnc2c(N3CCN(CCCc4ccc(OCCCN5CCCCCC5)cc4)CC3)cccc2c1,6.0,IC50,1000.0,nM,1
CHEMBL487445,O=C(NCCCN1CCCCC1)Nc1ccc(S(=O)(=O)Nc2ccccc2C(=O)c2ccccc2)cc1,6.0,IC50,1000.0,nM,1
CHEMBL404363,Cc1ccc2c(-c3nnc(SCCCN4CCc5ccc6nc(C(F)(F)F)oc6c5CC4)n3C)cccc2n1,6.0,IC50,1000.0,nM,1
CHEMBL1241642,Cc1ccc2c(N3CCN(CCc4cccc5c4OCc4cncn4-5)CC3)cccc2n1,6.0,Ki,1000.0,nM,1
CHEMBL3945735,Cn1ccc(Cn2cc(-c3ccc(Cl)c(C(F)(F)F)c3)cn2)n1,6.0,IC50,1010.0,nM,1
CHEMBL1224215,Cc1cc(C(N)=O)ccc1O[C@H]1C[C@H]2CC[C@@H](C1)N2Cc1ccccc1,6.0,IC50,1000.0,nM,1
CHEMBL541435,COCC1[C@@H]2CC[C@H]1CN(CCN1CCN(c3cccc(Cl)c3)C1=O)C2,6.0,IC50,1000.0,nM,1
CHEMBL529213,O=C([C@@H]1C[C@H]1c1ccc(C(F)(F)F)cc1)N1CCN(S(=O)(=O)c2cc(-c3nnc[nH]3)cc(C(F)(F)F)c2)CC1,6.0,IC50,1000.0,nM,1
CHEMBL1289062,CC(C)S(=O)(=O)N[C@H]1CN(C)C[C@@H]1c1ccc(-c2ccc(F)nc2)cc1,6.0,IC50,1000.0,nM,1
CHEMBL1224066,NC(=O)c1ccnc(O[C@H]2C[C@H]3CC[C@@H](C2)N3Cc2ccccc2)c1,6.0,IC50,1000.0,nM,1
CHEMBL1935590,O=S(=O)(c1cccc(F)c1)c1ccc2c3c(oc2c1)CNCC3,6.0,IC50,1000.0,nM,1
CHEMBL1224069,NC(=O)c1cccc(O[C@H]2C[C@H]3CC[C@@H](C2)N3Cc2ccccc2)n1,6.0,IC50,1000.0,nM,1
CHEMBL1935594,CC1(C)NCCc2c1oc1cc(S(=O)(=O)c3cccc(F)c3)ccc21,6.0,IC50,1000.0,nM,1
CHEMBL4872591,Cc1cc(C)cc(-c2cncc(-c3nc4cc(C)ccc4[nH]3)c2N2CCC(N)CC2)c1,6.0,IC50,1000.0,nM,1
CHEMBL367169,CCn1nc(Cc2ccc(C#N)cc2)cc1C1CCN(C[C@H]2CN([C@@H](C(=O)O)C(C)(C)C)C[C@@H]2c2cccc(F)c2)CC1,6.0,Ki,1000.0,nM,1
CHEMBL550502,O=C1N(CCN2Cc3ccccc3C2)CCN1c1ccc(Cl)c(Cl)c1,6.0,IC50,1000.0,nM,1
CHEMBL3604690,COc1ccc2ncc(F)c(CCC34CCC(NCc5nc6c(cc5C)OCC(=O)N6)(CC3)CO4)c2n1,6.0,IC50,1000.0,nM,1
CHEMBL1224638,CC(C)c1ccc(S(=O)(=O)Nc2ccc([C@]34CNC[C@H]3C4)cc2)cc1,6.0,IC50,1000.0,nM,1
CHEMBL575022,COc1cc(-c2cc3sc(N4CCC(N5CCCCC5)CC4)nc3cn2)ccn1,6.0,IC50,989.01,nM,1
CHEMBL4849690,CCC(c1nc2cc(Cl)ccc2[nH]1)[C@H]1[C@@H]2C[C@@H](c3ccnc4ccc(F)cc34)C[C@@H]21,6.0,IC50,1000.0,nM,1
CHEMBL441472,CC(C)(C)c1ccc(NC(=O)N2CCN(c3ncccc3Cl)CC2)cc1,6.0,IC50,1000.0,nM,1
CHEMBL257525,Cc1ccc2c(-c3nnc(SCCC(C)N4CCc5cc6nc(C(F)(F)F)oc6c(C)c5CC4)n3C)cccc2n1,6.0,IC50,1000.0,nM,1
CHEMBL1258269,Cc1ncoc1-c1nnc(SCCCN[C@@H]2CC3C[C@]3(c3ccc(C(F)(F)F)cc3F)C2)n1C.Cl,6.0,IC50,1000.0,nM,1
CHEMBL4858888,CC(NC(=O)c1ccc(Cl)cc1)[C@H]1[C@@H]2C[C@@H](n3cnc4cc(F)c(F)cc43)C[C@@H]21,6.0,IC50,1000.0,nM,1
CHEMBL1269848,CN1CCN(CCCc2cc(-c3cccc(C(F)(F)F)c3)nc(C#N)n2)CC1,6.0,Ki,1000.0,nM,1
CHEMBL3775967,Cc1ncoc1-c1nnc(SCCCN2CC3CCN(c4c(F)cccc4F)C3C2)n1C,6.0,IC50,1000.0,nM,1
CHEMBL3805518,CNC(=O)c1cc(OCCCCN2CCC(c3noc4cc(F)ccc34)CC2)ccc1F,6.0,IC50,998.0,nM,1
CHEMBL3318983,COc1cnc2ccc(=O)n(CCN3CCC(c4nc5cc(C(F)(F)F)ccc5[nH]4)CC3)c2c1,6.0,IC50,1000.0,nM,1
CHEMBL1079980,Cc1ncoc1-c1nnc(SCCCN2CC3CC3(c3cccc(F)c3)C2)n1C,6.0,IC50,1000.0,nM,1
CHEMBL1079824,Cc1ncoc1-c1nnc(SCCCN2C[C@@H]3C[C@]3(c3ccc(C(C)(C)C)cc3)C2)n1C,6.0,IC50,1000.0,nM,1
CHEMBL1290707,O=C1OC2(CCN(c3nc4ccccc4[nH]3)CC2)CN1c1ccccc1,6.0,IC50,1000.0,nM,1
CHEMBL3764143,Cn1c(SCCCN2CCOC(c3ccc(C(F)(F)F)cc3)C2)nnc1-c1ccc(-c2ncco2)cc1,6.0,Ki,1000.0,nM,1
CHEMBL4225899,COc1cc2ccc(Br)cc2cc1[C@@H](c1ccnc(OC)c1OC)[C@@](O)(CCN(C)C)c1cccc2occc12,6.0,IC50,1000.0,nM,1
CHEMBL1649929,CC(=O)N[C@@H](CCN1[C@@H]2CC[C@H]1C[C@@H](n1c(C)nc3c1CCN(c1cnccn1)C3)C2)c1cccc(F)c1,6.0,IC50,1000.0,nM,1
CHEMBL482058,O=C1CCCN1C1CCN(CCc2ccc(Oc3nc4ccccc4s3)cc2)CC1,6.0,IC50,1000.0,nM,1
CHEMBL2012246,FC(F)(F)c1nc(OC2CCN(Cc3cscn3)CC2)c2ccn(Cc3ccccc3)c2n1,6.0,Ki,990.0,nM,1
CHEMBL1288674,N#Cc1ccc(CNC(=O)N(c2cccc(F)c2)C2CCN(CCC3(c4cccc(F)c4)CCN(C(=O)c4c(Cl)cccc4Cl)CC3)CC2)cc1,6.0,IC50,1000.0,nM,1
CHEMBL481863,c1ccc2oc(Oc3ccc(OCCN4CCCCC4)cc3)nc2c1,6.0,IC50,1000.0,nM,1
CHEMBL1079938,Cc1ncoc1-c1nnc(SCCCN2CC3CC3(c3cccc(C(F)(F)F)c3F)C2)n1C,6.0,IC50,1000.0,nM,1
CHEMBL1081868,Cc1ncoc1-c1nnc(SCCCN2CC3CC3(c3cc(F)cc(C(F)(F)F)c3)C2)n1C,6.0,IC50,1000.0,nM,1
CHEMBL1081869,Cc1ccc(C23CC2CN(CCCSc2nnc(-c4ocnc4C)n2C)C3)c(F)c1,6.0,IC50,1000.0,nM,1
CHEMBL1762808,CC(C)N(CCO)Cc1csc(-c2cn(CC3CCOCC3)c3c(Cl)cccc23)n1,6.0,Ki,1000.0,nM,1
CHEMBL401728,Cc1cc(-c2nc3cc4c(cc3o2)CCN(CCCSc2nnc(-c3ocnc3C)n2C)CC4)n(C)n1,6.0,IC50,1000.0,nM,1
CHEMBL3634825,CC(c1ccc(OCCCN2CCC(c3noc4cc(F)ccc34)CC2)cc1)c1nc2ccccc2o1,6.0,IC50,1010.0,nM,1
CHEMBL4227161,COc1cc2ccc(C#N)cc2cc1[C@@H](c1cccc(OC)c1OC)[C@@](O)(CCN(C)C)c1cccc2c1CCC2,6.0,IC50,1000.0,nM,1
CHEMBL5877017,Cn1ccnc1CN1CCC2(CC1)COC1c3cc(Cl)ccc3OC(C)(C)C1C2,6.0,IC50,1000.0,nM,1
CHEMBL1835146,NC(=O)c1cnc(NC(C2CC2)C2CC2)c2c1[nH]c1cc(-c3cn[nH]c3)ccc12,6.0,IC50,990.0,nM,1
CHEMBL255619,Cc1ncoc1-c1nnc(SCCCN2CCc3cc4nc(CC5CC5)oc4cc3CC2)n1C,6.0,IC50,1000.0,nM,1
CHEMBL4227762,COc1cc2ccc(Br)cc2cc1[C@@H](c1cnc(OC)c(OC)c1)[C@@](O)(CCN(C)C)c1cccc2ccoc12,6.0,IC50,1000.0,nM,1
CHEMBL3775294,Cn1c(SCCCN2CC3CCN(c4ccccc4F)C3C2)nnc1-c1cnccn1,6.0,IC50,1000.0,nM,1
CHEMBL2012299,Fc1cccc(Cn2ccc3c(OC4CCN(Cc5ccccn5)CC4)ncnc32)c1F,6.0,Ki,1000.0,nM,1
CHEMBL1762805,COCCN(C)Cc1csc(-c2cn(CC3CCOCC3)c3c(Cl)cccc23)n1.Cl,6.0,Ki,1000.0,nM,1
CHEMBL1642185,COc1cc(/C=C/c2nc3ccccc3c(=O)n2-c2ccccc2)ccc1-n1cnc(C)c1,6.0,IC50,990.0,nM,1
CHEMBL256477,CCc1nn(C)c2cc3c(cc12)CCN(CCCSc1nnc(-c2cccc4nc(C)ccc24)n1C)CC3,6.0,IC50,1000.0,nM,1
CHEMBL3099943,O=C(Nc1cc(Cl)c(O)cc1OC[C@@H](O)CN1CCC2(CC1)Cc1cc(Cl)ccc1O2)NC1CC1,6.0,IC50,1000.0,nM,1
CHEMBL3752808,COc1ccc2ncc(F)c(C(CC34CCC(NCc5ccc6c(n5)NC(=O)CO6)(CC3)CO4)C(=O)O)c2n1,6.0,IC50,1000.0,nM,1
CHEMBL4799004,C[C@@H](NC(=O)c1ccc(Cl)cc1)c1ccc2c(c1)CCCN2C(=O)c1cccc(Cl)c1,6.0,IC50,1000.0,nM,1
CHEMBL1910296,COCCCc1ccc(Cl)c(CN(C(=O)[C@H]2CNCC[C@]2(O)c2ccc(F)c(F)c2)C2CC2)c1,6.0,Ki,1000.0,nM,1
CHEMBL272695,Cc1ccc2c(-c3nnc(SCCCN4CCc5cc6nc(C7CC7)oc6cc5CC4)n3C)cccc2n1,6.0,IC50,1000.0,nM,1
CHEMBL4550656,COc1cccc(N2CC3(CCN(CCc4ccccc4)CC3)OC(C)C2=O)c1,6.0,IC50,1000.0,nM,1
CHEMBL403181,CCc1noc2cc3c(cc12)CCN(CCCSc1nnc(-c2cccc4nc(C)ccc24)n1C)CC3,6.0,IC50,1000.0,nM,1
CHEMBL2204586,CNc1cc(Nc2cnc(C#N)c(O[C@H](C)CN(C)C)n2)ncc1Cl,6.0,IC50,1000.0,nM,1
CHEMBL487763,CNCCC(c1ccccc1)c1c[nH]c2ccccc12,6.0,IC50,1000.0,nM,1
CHEMBL549984,CCCCC(NC(=O)CC1CCN(Cc2ccn(-c3ccc(C(F)(F)F)cc3)c2)CC1)c1ccc(OC)nc1,6.0,IC50,1000.0,nM,1
CHEMBL6006710,FC(F)(F)c1ccc(C(F)(F)CN2CCC(Nc3ncnc4[nH]ncc34)CC2)cc1,6.0,IC50,1000.0,nM,1
CHEMBL4788204,C[C@H](NC(=O)c1ccc(Cl)cc1)c1ccc2c(c1)CCCN2C(=O)c1cccc(Cl)c1,6.0,IC50,1000.0,nM,1
CHEMBL3609628,COc1cc(-c2cn(C3CCc4ccccc4N(Cc4ccccc4)C3=O)nn2)ccc1-n1cnc(C)c1,6.0,IC50,1010.0,nM,1
CHEMBL4452042,CC1OC2(CCN(CCc3ccccc3)CC2)CN(c2ccccc2Cl)C1=O,6.0,IC50,1000.0,nM,1
CHEMBL4227060,COc1ccc2nccc(CCN3CCC(NCc4ccc(Cl)c(Cl)c4)CC3)c2c1,6.0,IC50,1000.0,nM,1
CHEMBL2207654,O=C(NC[C@@H](O)CN1CCC(Oc2ccc(Cl)c(Cl)c2)CC1)c1c[nH]c(=O)c2cc(S(=O)(=O)N3CCC3)ccc12,6.0,IC50,1000.0,nM,1
CHEMBL3237573,Cc1ccc(Nc2cc(N[C@@H]3CCCC[C@@H]3N)nnc2C(N)=O)nc1C(C)C,6.0,IC50,1000.0,nM,1
CHEMBL1762799,CCc1cccc2c(-c3nc(CN4CCCC4)cs3)cn(CC3CCOCC3)c12.Cl,6.0,Ki,1000.0,nM,1
CHEMBL3323181,CN1Cc2cc(N3CCOCC3)ccc2[C@@H](c2ccc3sccc3c2)C1,6.0,IC50,1000.0,nM,1
CHEMBL2207286,CN(C)S(=O)(=O)c1ccc2c(C(=O)NC[C@@H](O)CN3CCC(Oc4ccc(Cl)c(Cl)c4)CC3)c[nH]c(=O)c2c1,6.0,IC50,1000.0,nM,1
CHEMBL1835061,Cc1cccc(Nc2nc(NC[C@@H]3CCCN3)ncc2C(N)=O)c1,6.0,IC50,1000.0,nM,1
CHEMBL2204587,CNc1cc(Nc2cnc(C#N)c(O[C@H](C)CN(C)C)n2)ncc1C(F)(F)F,6.0,IC50,1000.0,nM,1
CHEMBL297344,CC(C(=O)N[C@]1(c2ccccc2)CC[C@@H](N2CCC3(CC2)OCCO3)CC1)c1cc(C(F)(F)F)cc(C(F)(F)F)c1,6.0,Ki,1000.0,nM,1
CHEMBL5936370,CC1(C)Oc2ccc(F)cc2C2OCC3(CCN(CCn4ccnc4)CC3)CC21,6.0,IC50,1000.0,nM,1
CHEMBL384880,Cc1cc(C(=O)Nc2ccc(-c3ccccc3CN3CCCCC3)cc2F)n(-c2cc3ccccc3cc2F)n1,6.0,Ki,1000.0,nM,1
CHEMBL1257215,Cc1ncoc1-c1nnc(SCCCN2[C@@H]3CC[C@H]2C[C@@H](c2ccc(C(C)(C)C)cc2)C3)n1C,6.0,IC50,1000.0,nM,1
CHEMBL4443407,COc1ccccc1CCN1CCN(CCc2ccccc2OC)CC1.Cl.Cl,5.99,Ki,1020.0,nM,1
CHEMBL1760003,COc1ccc([C@H]2CN(CCCC3CCOCC3)C[C@@H]2CNC(=O)c2cccc(Cl)c2)cc1,5.99,IC50,1030.0,nM,1
CHEMBL3805559,CNC(=O)c1cccc(OCCCCN2CCC(c3noc4cc(F)ccc34)CC2)c1,5.99,IC50,1030.0,nM,1
CHEMBL5803683,FC(F)Oc1cc(Cl)cc(-c2cnn(Cc3cc[nH]n3)c2)c1,5.99,IC50,1021.0,nM,1
CHEMBL557306,O=C(CC1CCN(Cc2ccc(-c3ccc(Cl)cc3)o2)CC1)NCC(O)C(F)(F)F,5.99,IC50,1020.0,nM,1
CHEMBL3775387,COc1cccc(-c2c[nH]c([C@H]3Cc4c([nH]c5ccccc45)[C@@H](C4CCOCC4)N3)n2)n1,5.99,IC50,1025.0,nM,1
CHEMBL523508,CC(C)(C)CCN1CCC(CNC(=O)Cc2ccc(C(C)(C)C)cc2)CC1,5.99,IC50,1021.0,nM,1
CHEMBL450660,CN1CCC(Nc2nccc(-c3c[nH]nc3-c3ccc(Cl)cc3)n2)CC1,5.99,Ki,1020.0,nM,1
CHEMBL6019418,Clc1ccc(-c2cnn(Cc3cc[nH]n3)c2)cc1,5.98,IC50,1040.0,nM,1
CHEMBL493679,CC(C)(C)CCN1CCC(CNC(=O)c2ccc(Cl)c(Cl)c2)CC1,5.98,IC50,1047.0,nM,1
CHEMBL4644391,N#Cc1ccc2nn(CCCCN3CCN(c4cccc5sccc45)CC3)c(=O)n2c1,5.98,IC50,1050.0,nM,1
CHEMBL4846866,CN1CCN(Cc2ccc(OCCCCN3CCC(c4noc5cc(F)ccc45)CC3)cc2)CC1,5.98,IC50,1056.5,nM,1
CHEMBL138093,O=C1CCC(c2ccc(Nc3ccncc3)cc2)=NN1,5.98,IC50,1047.13,nM,1
CHEMBL3093983,CCCCN(CC)C/C=C/c1ccc(Cl)cc1,5.98,IC50,1050.0,nM,1
CHEMBL3422759,COc1ccc2ncc(C)c(CCC34CCC(NCc5ccc6c(n5)NC(=O)CO6)(CC3)CO4)c2n1,5.97,IC50,1060.0,nM,1
CHEMBL3398269,Cc1c(-c2ccc(F)cc2F)noc1-c1ccc2c(c1)CN(C(C)C)C2=O,5.97,IC50,1060.0,nM,1
CHEMBL558651,CC(C)CN(C(=O)c1ccccc1Oc1ccccc1)[C@H]1CCNC1,5.97,IC50,1080.0,nM,1
CHEMBL5891354,CCn1cncc1Cn1cc(-c2ccc(Cl)cc2)cn1,5.97,IC50,1060.0,nM,1
CHEMBL4442303,Cl.Cl.Clc1ccccc1CCN1CCN(CCc2ccccc2Cl)CC1,5.97,Ki,1080.0,nM,1
CHEMBL4087396,CCOC(=O)C1=C(CN2CCS(=O)(=O)CC2)NC(c2nccs2)=NC1c1ccc(F)cc1Br,5.97,IC50,1070.0,nM,1
CHEMBL451330,CNCc1ccc(Cl)cc1Oc1ccc(C)c(Cl)c1,5.97,IC50,1060.0,nM,1
CHEMBL2158564,CCN(CC)CCSc1nc(-c2cc(OC)c(C#N)cc2Cl)c2c(C#N)c[nH]c2n1,5.97,IC50,1070.0,nM,1
CHEMBL1761525,COCCCc1cc(CN(C(=O)[C@H]2CNCC[C@@H]2c2ccc(OCCOc3c(Cl)cc(C)cc3Cl)cc2)C2CC2)cc(OC[C@H]2C[C@@H]2C(=O)O)c1,5.97,Ki,1070.0,nM,1
CHEMBL4540218,Cc1cc(C(N)=O)c(-c2cccc(OC(=O)NCCCN3CCN(c4ccccc4)CC3)c2)o1,5.97,IC50,1071.52,nM,1
CHEMBL3931848,C=Cc1c(N)ncnc1N1CCC(c2nc(-c3ccc(F)c(C(F)(F)F)c3)cn2CCN(C)C)CC1,5.96,IC50,1100.0,nM,1
CHEMBL479241,O=c1c2ccccc2nc(-c2ccccc2)n1-c1ccc(OCCCN2CCCC2)cc1,5.96,IC50,1100.0,nM,1
CHEMBL2012260,Fc1cccc(Cn2ccc3c(OC4CCN(Cc5cscn5)CC4)ncnc32)c1,5.96,Ki,1100.0,nM,1
CHEMBL2012040,Nc1cncc(Nc2ccc(Oc3ccc(F)cc3)cc2)n1,5.96,Ki,1100.0,nM,1
CHEMBL4536989,NC(=O)c1cnc2c(Cl)cc(-c3cccnc3)cc2c1NC1CCOCC1,5.96,IC50,1100.0,nM,1
CHEMBL453893,Cn1c(-c2ccc(OC3CCN(C4CCC4)CC3)cc2)nc2c(Cl)cccc2c1=O,5.96,IC50,1100.0,nM,1
CHEMBL6059801,CCN(CCN1CCC(c2noc3cc(F)ccc23)CC1)C(=O)C(O)CCC(=O)OC,5.96,IC50,1100.0,nM,1
CHEMBL4756254,Cc1ccc2c(c1)N=C(C1=C[C@H](C)N(C)CC1)c1cc(Cl)ccc1N2,5.96,IC50,1100.0,nM,1
CHEMBL1910308,O=C([C@H]1CNCC[C@]1(O)c1ccc(F)c(F)c1)N(Cc1cn(Cc2ncco2)c2cccc(F)c12)C1CC1,5.96,Ki,1100.0,nM,1
CHEMBL497877,F[C@@H]1CCNC[C@H]1c1c(-c2ccccc2)[nH]c2ccccc12,5.96,Ki,1100.0,nM,1
CHEMBL5840097,Cc1nc(CO)cn1CCN1CCC2(CC1)COC1c3ccc(Cl)cc3OC(C)(C)C1C2,5.96,IC50,1100.0,nM,1
CHEMBL1957676,CC(=O)NCCc1ccccc1-c1ccc([C@H]2CNCC[C@@H]2c2ccc(F)c(F)c2)c(Cl)c1,5.96,IC50,1100.0,nM,1
CHEMBL2012029,Cc1ccc(Oc2ccc(Nc3nccc(N)n3)cc2)cc1,5.96,Ki,1100.0,nM,1
CHEMBL1782375,CC(C)[C@]1(C(=O)N2CCN(c3cc(C(F)(F)F)ccn3)CC2)CC[C@@H](N2CCC3COCCC32)C1,5.96,IC50,1100.0,nM,1
CHEMBL1950171,CN1CC2CN(c3ccc4oc5ccccc5c(=O)c4c3)CC2C1,5.96,Ki,1100.0,nM,1
CHEMBL17423,COc1ccc(C(=O)N2CCN(c3ccc4c(c3)CCC(=O)N4)CC2)cc1OC,5.96,IC50,1096.48,nM,1
CHEMBL1951607,COc1cccc(C(=O)Cn2c(=O)c3c(c(C#N)c(N4CCCNCC4)n3CC=C(C)C)n(C)c2=O)c1,5.96,IC50,1100.0,nM,1
CHEMBL4753862,Cc1cc(NC2CCc3ccc(Br)cc3C2)n2nc(C(C)(F)F)nc2n1,5.96,IC50,1100.0,nM,1
CHEMBL1834632,O=C(CNc1n[nH]c2ccc(C(F)(F)F)cc12)NC1CN([C@H]2CC[C@@H](c3ccc4c(c3)OCO4)CC2)C1,5.96,IC50,1100.0,nM,1
CHEMBL562629,C[C@@H]1CCCN1CCc1ccc(-c2ccc(S(=O)(=O)N3CCCCC3)cc2)cc1,5.96,IC50,1109.59,nM,1
CHEMBL522568,N#Cc1ccc(Cn2cncc2CN(CCN2CCNCC2)[C@H]2CCN(Cc3ccccc3)C2=O)cc1,5.96,IC50,1100.0,nM,1
CHEMBL4760903,CCc1ccc2c(c1)C(C1=C[C@H](C)N(C)CC1)=Nc1cc(Cl)ccc1N2,5.96,IC50,1100.0,nM,1
CHEMBL74355,COc1cccc([C@H](O)C2CCN(CCc3ccc(F)cc3)CC2)c1OC,5.96,Ki,1100.0,nM,1
CHEMBL4779222,Cc1cc(Nc2nc(Nc3ccccc3S(=O)(=O)C(C)C)c3cc[nH]c3n2)c(OC(C)C)cc1C1CCNCC1,5.96,IC50,1100.0,nM,1
CHEMBL1910322,O=C([C@H]1CNCC[C@]1(O)c1ccc(F)c(F)c1)N(Cc1cn(Cc2ccncc2)c2cccc(F)c12)C1CC1,5.96,Ki,1100.0,nM,1
CHEMBL1910301,COCCCc1ccc(F)c2c(CN(C(=O)[C@H]3CNCC[C@]3(O)c3ccc(F)c(F)c3)C3CC3)c[nH]c12,5.96,Ki,1100.0,nM,1
CHEMBL5971404,CC(=O)NCCc1nccn1CCN1CCC2(CC1)COC1c3cc(Cl)ccc3OC(C)(C)C1C2,5.96,IC50,1100.0,nM,1
CHEMBL4528706,COc1cccc(C(c2cc3cc(Br)ccc3nc2OC)C(O)(CCN(C)C)c2cc(C)cnc2C)c1OC,5.96,IC50,1100.0,nM,1
CHEMBL2012295,Fc1ccc(CN2CCC(Oc3ncnc4c3ccn4Cc3ccccc3)CC2)nc1,5.96,Ki,1100.0,nM,1
CHEMBL4740373,CC1N(S(=O)(=O)c2ccc(F)cc2)c2ccc(C(=O)NCc3ccccc3Cl)cc2C12CCNCC2,5.96,IC50,1100.0,nM,1
CHEMBL1946023,CCN(CC)C(=O)c1ccc(C(=C2CCN(Cc3ccc(F)cc3)CC2)c2cccc(NC(=O)OC)c2)cc1,5.96,IC50,1100.0,nM,1
CHEMBL3785500,Nc1ncnc2c1c(-c1cccc(OCC34CCC(CC3)O4)c1)cn2[C@H]1C[C@@H](CN2CCC2)C1,5.96,IC50,1100.0,nM,1
CHEMBL3915183,COc1ccc(C(=O)Nc2ccc(OC(F)(F)F)cc2)cc1-c1cncnc1,5.96,IC50,1100.0,nM,1
CHEMBL2403843,Cc1cc(Nc2ncc(C)c(Nc3ccccc3S(=O)(=O)C(C)C)n2)c(OC(C)C)cc1C1CCN(C)CC1,5.96,IC50,1100.0,nM,1
CHEMBL189881,C[C@@H](c1ccc(-c2ccc(F)cc2)cc1)[C@H](N)C(=O)N1CC[C@H](F)C1.O=C(O)C(F)(F)F,5.96,IC50,1100.0,nM,1
CHEMBL505,CN(C)CCC(c1ccc(Cl)cc1)c1ccccn1,5.96,IC50,1100.0,nM,1
CHEMBL511,COc1ccc(CN(CCN(C)C)c2ccccn2)cc1,5.96,IC50,1100.0,nM,1
CHEMBL1095150,Cc1n[nH]cc1C(=O)N[C@@H]1CC(C)(C)Oc2nc(-c3ccc(Cl)cc3Cl)c(-c3ccc(Cl)cc3)cc21,5.96,IC50,1100.0,nM,1
CHEMBL2179804,C=CC(=O)N1CCC[C@@H](n2nc(-c3cccc(C(=O)Nc4ccc(C(C)C)cc4)c3)c3c(N)ncnc32)C1,5.96,IC50,1100.0,nM,1
CHEMBL237336,C[C@@H](c1ccc(-c2ccc(F)cc2)cc1)[C@H](N)C(=O)N1CC[C@H](F)C1,5.96,IC50,1100.0,nM,1
CHEMBL4217988,N#Cc1cc(S(=O)(=O)Nc2ncns2)ccc1Oc1ccc(-c2cccc(C(F)(F)F)c2)cc1-c1ccnc(CNCCC2CCNCC2)c1,5.96,Ki,1091.0,nM,1
CHEMBL566759,C=C(C)COc1ccccc1CN1CCC2(CC1)CCN(C(=O)c1ccncc1)CC2,5.96,IC50,1096.48,nM,1
CHEMBL1091774,C[C@@H](c1ccccn1)c1c(CCN2CCCC2)sc2ccccc12,5.96,Ki,1100.0,nM,1
CHEMBL549636,COCC(O)CN(Cc1ccc(F)cc1)C(=O)CC1CCN(Cc2ccc(-c3ccc(Cl)cc3)o2)CC1,5.96,IC50,1090.0,nM,1
CHEMBL1873475,C=CC(=O)N1CCC[C@@H](n2nc(-c3ccc(Oc4ccccc4)cc3)c3c(N)ncnc32)C1,5.96,Ki,1100.0,nM,1
CHEMBL3605146,O=C1COc2ccc(CNC34CCC(CCc5c(F)cnc6ccc(OCC(F)(F)F)nc56)(CC3)OC4)nc2N1,5.96,IC50,1100.0,nM,1
CHEMBL4853672,CC[C@@H](NC(=O)c1ccc(C#N)cc1)[C@H]1[C@@H]2C[C@@H](n3cnc4cc(F)c(F)cc43)C[C@@H]21,5.96,IC50,1100.0,nM,1
CHEMBL3696117,Clc1ccc(Cn2c(/C=C/C3CCN(CC4CCCCC4)C3)nc3cc(Br)ccc32)cc1,5.96,IC50,1100.0,nM,1
CHEMBL237793,O=C1CCc2cc([C@@H](O)CN3CCC(O)(c4cccc(F)c4)CC3)ccc2N1,5.96,IC50,1100.0,nM,1
CHEMBL3696120,Cc1cc2nc(CC3CCNCC3)n(Cc3ccc(Cl)cc3)c2cc1C,5.96,IC50,1100.0,nM,1
CHEMBL4537967,Cc1cc(-c2cnc3ccn(CC4CCC4)c3c2)ccc1F,5.96,Ki,1100.0,nM,1
CHEMBL3582331,CCn1cc([C@@]2(c3nnc(NC)o3)N[C@@H](c3nc(-c4ccc(F)cn4)c[nH]3)Cc3c2[nH]c2ccccc32)cn1,5.96,IC50,1100.0,nM,1
CHEMBL3099958,N[C@H](COc1cccc2c1NC(=O)CO2)CN1CCC2(CC1)Cc1cc(F)ccc1O2,5.96,IC50,1100.0,nM,1
CHEMBL2403550,Cc1cc(N2CC[C@H](N3CCC[C@@H]3C)C2)ccc1NC(=O)c1cc(F)ccc1C,5.96,IC50,1100.0,nM,1
CHEMBL4470425,CC1OC2(CCN(CCc3ccccc3)CC2)CN(c2cncc(F)c2)C1=O,5.96,IC50,1100.0,nM,1
CHEMBL4864639,CC[C@@H](NC(=O)c1ccc(Cl)cc1)[C@H]1[C@@H]2C[C@@H](n3c(C)nc4ccc(F)cc43)C[C@@H]21,5.96,IC50,1100.0,nM,1
CHEMBL3612803,COc1cc(C(C)CN2CCN(CCc3ccc4c(c3C)COC4=O)CC2)ccc1C#N,5.96,IC50,1100.0,nM,1
CHEMBL5967323,Cc1cc(Cn2cc(-c3ccc(Cl)c(Cl)c3)cn2)n(C)n1,5.96,IC50,1100.0,nM,1
CHEMBL1094365,CCOCCn1nc(CC)c2nc(N3CCC(C(=O)O)CC3)nc(Nc3cc(C)ccn3)c21,5.96,IC50,1100.0,nM,1
CHEMBL3667415,NC1=N[C@@]2(c3cc(NC(=O)c4ncc(F)cc4F)ccc3F)CN(c3ncc(F)cn3)C[C@H]2CS1,5.96,IC50,1100.0,nM,1
CHEMBL1224142,Cc1c(O[C@H]2C[C@H]3CC[C@@H](C2)N3Cc2ccccc2)cccc1C(N)=O,5.96,IC50,1100.0,nM,1
CHEMBL1084402,CC(C)(C)NCCCc1cc(-c2cccc(C(F)(F)F)c2)nc(C#N)n1,5.96,IC50,1100.0,nM,1
CHEMBL1224065,NC(=O)c1cccc(N[C@H]2C[C@H]3CC[C@@H](C2)N3Cc2ccccc2)c1,5.96,IC50,1100.0,nM,1
CHEMBL1223954,NC(=O)c1cccc(S[C@H]2C[C@H]3CC[C@@H](C2)N3Cc2ccccc2)c1,5.96,IC50,1100.0,nM,1
CHEMBL4459117,O=C1C(CO)OC2(CCN(CCc3ccccc3)CC2)CN1c1ccccc1,5.96,IC50,1100.0,nM,1
CHEMBL3393718,NC(=O)c1ccc(-c2ccc3[nH]nc(-c4cncc(O[C@H]5CNCCC56CC6)n4)c3c2)c(F)c1,5.96,IC50,1100.0,nM,1
CHEMBL2147024,Cc1cc(C#N)ccc1-c1ccnc(NCc2cc(-c3ccccn3)[nH]n2)c1,5.96,IC50,1100.0,nM,1
CHEMBL4210347,Cl.Cl.FCCOc1ccccc1CCN1CCN(CCc2ccc(F)cc2)CC1,5.95,IC50,1120.0,nM,1
CHEMBL1642190,COc1cc(/C=C/c2nc(NCc3ccccc3)c3c4c(sc3n2)CCC4)ccc1-n1cnc(C)c1,5.95,IC50,1120.0,nM,1
CHEMBL572558,N#Cc1ccc(-c2cnc3nc(N4CCC(N5CCCCC5)CC4)sc3c2)cc1,5.95,IC50,1111.11,nM,1
CHEMBL1270062,N#Cc1nc(CCCN2CCC(O)CC2)cc(-c2cccc(C(F)(F)F)c2)n1,5.95,Ki,1120.0,nM,1
CHEMBL3944559,C/C(=N\NC(=N)N)c1ccc2c(c1)Cc1cc(/C(C)=N/NC(=N)N)ccc1-2.Cl.Cl,5.95,IC50,1120.0,nM,1
CHEMBL3758674,COc1cc(N)c(Cl)cc1C(=O)N[C@H]1CCN(CC2CCN(C(=S)C(C)C)CC2)C[C@H]1OC,5.95,IC50,1132.0,nM,1
CHEMBL3093985,CCCCN(CC)C/C=C/Cc1ccc(Cl)cc1,5.95,IC50,1127.0,nM,1
CHEMBL1822856,c1cc(C2CCCCO2)ccc1OCCCN1CCCCC1,5.95,Ki,1125.0,nM,1
CHEMBL575483,COc1ccc(-c2cc3sc(N4CCC(N5CCCCC5)CC4)nc3cn2)cn1,5.95,IC50,1111.11,nM,1
CHEMBL488069,CN(C)Cc1ccc(C(F)(F)F)cc1Oc1ccc(Cl)c(Cl)c1,5.95,IC50,1120.0,nM,1
CHEMBL449542,CCc1cc(Oc2cc(Cl)ccc2CNC)ccc1Cl,5.94,IC50,1150.0,nM,1
CHEMBL2325214,C[n+]1c(C#Cc2ccc(Cl)cc2)cccc1C#Cc1ccc(Cl)cc1,5.94,IC50,1159.0,nM,1
CHEMBL3359760,CC(C)(C)C#Cc1cnc2c(c1)[C@]1(COC(N)=N1)c1cc(-c3cccnc3F)ccc1O2,5.94,Ki,1160.0,nM,1
CHEMBL3913789,Cl.N=C(N)N/N=C/c1ccc(-c2ccc(/C=N/Nc3ccccc3Cl)cc2)cc1,5.94,IC50,1140.0,nM,1
CHEMBL6054056,Cc1n[nH]c(C)c1CCn1cc(-c2ccc(Cl)cc2)cn1,5.94,IC50,1157.0,nM,1
CHEMBL1645184,COc1ccc(C(CC(=O)N2CCN(Cc3nc4ccc(C)cc4o3)CC2)c2ccccc2)cc1,5.94,IC50,1160.0,nM,1
CHEMBL3581787,O=C(NCCCNc1nc2ccccc2[nH]1)c1cc(Cl)cc(Cl)c1,5.93,IC50,1170.0,nM,1
CHEMBL1095511,Cc1csc(Cn2c(C3CCCN(C4CCCCC4)C3)nc3ccccc32)n1,5.93,Ki,1183.0,nM,1
CHEMBL4575948,FC(CCN1CCc2ccccc2CC1)Cc1ccccc1,5.93,IC50,1183.0,nM,1
CHEMBL214957,COc1cc(-n2cnc3cc(-c4ccc(Cl)cc4)sc3c2=O)ccc1OCCN1CCCC1,5.93,IC50,1170.0,nM,1
CHEMBL5746192,COc1cc(F)ccc1-n1cc(Cn2ccnc2C)nn1,5.93,IC50,1180.0,nM,1
CHEMBL3093956,CCCCCCCN(CC)C/C=C\Cc1ccccc1,5.93,IC50,1178.0,nM,1
CHEMBL61191,CC(O)(c1ccccc1)c1ccc(C(Cc2cc[n+]([O-])cc2)c2ccc(OC(F)F)c(OC(F)F)c2)cn1,5.93,Ki,1180.0,nM,1
CHEMBL4205708,CCN(CC)CCNC(=O)c1ccnc(-c2cnn3ccc(-c4cccs4)nc23)c1,5.93,IC50,1170.0,nM,1
CHEMBL561279,CC1COCC(C)N1S(=O)(=O)c1ccc(-c2ccc(CCN3CCC[C@H]3C)cc2)cc1,5.93,IC50,1166.67,nM,1
CHEMBL4163616,O[C@H]1CNCCC[C@@H]1n1c2ccc(C(F)(F)F)cc2c2cc(C(F)(F)F)ccc21,5.93,IC50,1180.0,nM,1
CHEMBL4438550,O=C1N(c2ccccc2)CC2(CCN(CCc3ccccc3)CC2)OC12CC2,5.92,IC50,1200.0,nM,1
CHEMBL4483643,CC1OC2(CCN(CCc3ccccc3)CC2)CN(c2ncccc2F)C1=O,5.92,IC50,1200.0,nM,1
CHEMBL401895,Cc1cc(C)n(-c2cc(NC(=O)COc3cccc(CN(C)C)c3)nc(-c3ccc(C)o3)n2)n1,5.92,IC50,1200.0,nM,1
CHEMBL4584335,CC1OC2(CCN(CCc3ccccc3)CC2)CN(c2ccccc2F)C1=O,5.92,IC50,1200.0,nM,1
CHEMBL1085572,C[C@@H]1CCCN1CCc1ccc2nc(-c3ccsc3)ccc2c1,5.92,Ki,1200.0,nM,1
CHEMBL3604803,COc1ccc2ncc(F)c(CCC34CCC(N(C)Cc5ccc6c(n5)NC(=O)CO6)(CC3)CO4)c2n1,5.92,IC50,1200.0,nM,1
CHEMBL4525277,Cc1ccc2c(N3CCN(C(=O)N(c4nccc5ccccc45)[C@@H]4CCCNC4)CC3)noc2c1,5.92,Ki,1200.0,nM,1
CHEMBL3323075,CCOC(=O)c1ccnc([C@@]2(c3cnn(C)c3)N[C@@H](c3nc(-c4ccc(F)cc4)c[nH]3)Cc3c2[nH]c2ccccc32)c1,5.92,IC50,1205.0,nM,1
CHEMBL4436170,CC(C)C1OC2(CCN(CCc3ccccc3)CC2)CN(c2ccccc2)C1=O,5.92,IC50,1200.0,nM,1
CHEMBL4450665,C[C@H]1OC2(CCN(CCc3ccccc3)CC2)CN(c2ccccc2)C1=O,5.92,IC50,1200.0,nM,1
CHEMBL490027,CC(C)(O)c1cc(C(F)(F)F)cc(S(=O)(=O)N2CCN(C(=O)[C@@H]3C[C@H]3c3ccc(C(F)(F)F)cc3)CC2)c1,5.92,IC50,1200.0,nM,1
CHEMBL1951908,CCN(C(=O)Cc1ccc(S(C)(=O)=O)cc1)C1CCN(CC[C@@H](c2ccccc2)C2CCN(S(=O)(=O)C(F)(F)F)CC2)CC1,5.92,IC50,1200.0,nM,1
CHEMBL1796074,Cn1ccc([C@H]2CCNC[C@@H]2C(=O)N(Cc2cn(Cc3cccc(F)c3)c3cccc(F)c23)C2CC2)cc1=O,5.92,Ki,1200.0,nM,1
CHEMBL3604694,COc1ccc2ncc(F)c(CCC34CCC(NCc5nc6c(c(C)c5C(C)C)OCC(=O)N6)(CC3)CO4)c2n1,5.92,IC50,1200.0,nM,1
CHEMBL487500,O=C([C@@H]1C[C@H]1c1ccc(C(F)(F)F)cc1)N1CCN(S(=O)(=O)c2cc(-c3ncon3)cc(C(F)(F)F)c2)CC1,5.92,IC50,1200.0,nM,1
CHEMBL1095789,CCc1cc(C(=O)N[C@@H]2CC(C)(C)Oc3nc(-c4ccc(Cl)cc4Cl)c(-c4ccc(Cl)cc4)cc32)n[nH]1,5.92,IC50,1200.0,nM,1
CHEMBL1224151,COc1cc(/C=C2\CCCN([C@@H](C)c3ccc(F)cc3)C2=O)ccc1-n1cnc(C)c1,5.92,IC50,1200.0,nM,1
CHEMBL296979,CC(C(=O)N[C@]1(c2ccccc2)CC[C@@H](N2CCN(C(C)C)CC2)CC1)c1cc(C(F)(F)F)cc(C(F)(F)F)c1,5.92,Ki,1200.0,nM,1
CHEMBL3086043,O=C(NC(c1ccc(Cl)cc1)c1ncccn1)[C@@H]1CC[C@@H](N2CCOCC2)C[C@H]1c1ccc(Br)cc1,5.92,IC50,1200.0,nM,1
CHEMBL146144,OC1c2ccccc2CCC12CCN(CCc1ccccc1)CC2,5.92,Ki,1200.0,nM,1
CHEMBL3099959,N[C@H](COc1cccc2ccc(=O)[nH]c12)CN1CCC2(CC1)Cc1cc(F)ccc1O2,5.92,IC50,1200.0,nM,1
CHEMBL4758131,CCn1nc2c(c1Nc1nc(-c3ccc(-n4cnc(C)c4)c(OC)n3)cs1)CCC2,5.92,IC50,1190.0,nM,1
CHEMBL3318993,Cc1cc2[nH]c(C3CCN(CCn4c(=O)ccc5ncc(F)cc54)CC3)nc2cc1Cl,5.92,IC50,1200.0,nM,1
CHEMBL4209316,CNc1nc(Nc2ccc(-n3cnc(C)n3)c(OC)c2)nc2c1CC[C@H]2c1ccc(F)cc1,5.92,IC50,1200.0,nM,1
CHEMBL488260,CNCc1ccc(C(F)(F)F)cc1Oc1ccc(Cl)c(Cl)c1,5.92,IC50,1190.0,nM,1
CHEMBL1822851,c1ncc(-c2ccc(OCCCN3CCCCC3)cc2)o1,5.92,Ki,1194.0,nM,1
CHEMBL4094458,Cc1cc(CNc2nc(N)nc3ccn(Cc4ccccn4)c23)no1,5.92,IC50,1200.0,nM,1
CHEMBL3219265,CC(=O)Nc1cccc(C2CCN(Cc3ccc(C(=O)c4nc5ccccc5n4C4CCOCC4)cc3)CC2)c1,5.92,IC50,1200.0,nM,1
CHEMBL4127800,O=S(=O)(NCc1ccccc1)c1cccc(Nc2ccc3nccc(-c4ccncc4)c3n2)c1,5.92,IC50,1200.0,nM,1
CHEMBL1834631,O=C(CNc1n[nH]c2ccc(C(F)(F)F)cc12)NC1CN([C@H]2CC[C@@H](c3ccccc3)CC2)C1,5.92,IC50,1200.0,nM,1
CHEMBL1091720,CCC(C)(C)Cc1c[nH]c(CCc2ccc(-c3ccccn3)cc2)n1,5.92,IC50,1200.0,nM,1
CHEMBL58004,Cc1nc[n+]([O-])c(C)c1C(=O)N1CCC(C)(N2CCC(N(c3ccccc3)c3ccccc3)CC2)CC1,5.92,IC50,1200.0,nM,1
CHEMBL481959,CN1CCC(N(C)C(=O)N2CC(c3cc(F)ccc3F)=C[C@H]2c2ccccc2)CC1,5.92,IC50,1200.0,nM,1
CHEMBL4873054,Cc1cc(C#N)cc(C)c1Oc1nc(NC2CCN(Cc3ccc(C(N)=O)cc3)CC2)ncc1-c1ccncc1,5.92,IC50,1190.0,nM,1
CHEMBL4097359,Cc1c([C@@H](O)CN2CCC3(CC2)CCN(c2ccc(C#N)nc2)C3)ccc2c1COC2=O,5.92,IC50,1200.0,nM,1
CHEMBL4084542,C[C@H](NC(=O)c1c(CN2CCC(N3CCCCC3)CC2)c(-c2cccc(C(F)(F)F)c2)nc2ccccc12)c1ccccc1,5.92,IC50,1200.0,nM,1
CHEMBL468307,Cc1ccc(-c2c(C)c(CNC3CCCC3)nn2-c2ncc(Cl)cc2Cl)cn1,5.92,IC50,1200.0,nM,1
CHEMBL1086534,CCOC(=N)c1ccc(-c2ccc3cc(CCN4CCC[C@H]4C)ccc3n2)s1,5.92,Ki,1200.0,nM,1
CHEMBL4758723,C[C@H]1C=C(C2=Nc3cc(Cl)ccc3Nc3ccc(F)cc32)CCN1C,5.92,IC50,1200.0,nM,1
CHEMBL1090527,C[C@H](C1=C(CCN(C)C)Cc2cc(F)ccc21)c1nccs1,5.92,Ki,1200.0,nM,1
CHEMBL3913540,C[C@@H]1C[C@H](N)CN(c2ccncc2Nc2ncc3ccc(-c4ncccc4F)nn23)C1,5.92,IC50,1200.0,nM,1
CHEMBL3582322,Cn1cc([C@@]2(c3noc(O)n3)N[C@@H](c3nc(-c4ccc(F)cn4)c[nH]3)Cc3c2[nH]c2ccccc32)cn1,5.92,IC50,1200.0,nM,1
CHEMBL2391935,CC(=O)NCCNC(=O)c1ccc(O)cc1OC[C@@H](O)CN1CCC2(CC1)Cc1cc(Cl)ccc1O2,5.92,IC50,1200.0,nM,1
CHEMBL5965478,CC(O)C(=O)N(CCN1CCC(c2noc3cc(F)ccc23)CC1)CC1CC1,5.92,IC50,1200.0,nM,1
CHEMBL127457,CCOC(=O)C1C(OC(=O)c2ccccc2)CC2CCC1N2C,5.92,IC50,1202.26,nM,1
CHEMBL550410,O=C(NCc1cccc(F)c1)NC1CCN(Cc2ccn(-c3ccc(C(F)(F)F)cc3)c2)CC1,5.92,IC50,1200.0,nM,1
CHEMBL3318991,COc1cnc2ccc(=O)n(CCN3CCC(c4nc5cc(Cl)c(F)cc5[nH]4)CC3)c2c1,5.92,IC50,1200.0,nM,1
CHEMBL1085841,Cc1nc(-c2ccncc2)sc1-c1ccc2cc(CCN3CCC[C@H]3C)ccc2n1,5.92,Ki,1200.0,nM,1
CHEMBL5094899,CCC(=O)N(CC1(N2CCN(Cc3ccccc3)CC2)CC1)c1cccc(F)c1,5.92,IC50,1200.0,nM,1
CHEMBL3938107,Cn1c(SCCCN2CC[C@]3(C[C@@H]3c3ccc(C(F)(F)F)cc3)C2)nnc1-c1cccnc1,5.92,IC50,1200.0,nM,1
CHEMBL4797428,Cc1c(N2CCC3(CC2)Cc2ccccc2[C@H]3N)nc(C)n(-c2cccc(Cl)c2Cl)c1=O,5.92,Ki,1200.0,nM,1
CHEMBL2012263,Clc1cccc(Cn2ccc3c(OC4CCN(Cc5cscn5)CC4)ncnc32)c1,5.92,Ki,1200.0,nM,1
CHEMBL5784836,CCOc1ccc(-c2nnc(-c3ccc4c(c3)C[C@](N)(CO)CC4)o2)cc1OCC,5.92,IC50,1200.0,nM,1
CHEMBL4798571,CN(C)CCOc1ccc(-c2cc(=O)c3c(O)cc(OCCCCCC(=O)NO)cc3o2)cc1.Cl,5.92,IC50,1201.0,nM,1
CHEMBL2010847,CO[C@H]1CN(Cc2ccc(C(F)(F)F)cc2)CC[C@H]1N(C)C(=O)Cc1ccc(-n2cnnn2)cc1,5.92,IC50,1200.0,nM,1
CHEMBL2017760,COCC(=O)NC1CCN(c2nc(C)c3cc(NC(=O)/C=C/c4ccc(Cl)cc4)ccc3n2)CC1,5.92,IC50,1200.0,nM,1
CHEMBL5783755,COc1cc(CC[C@@H](C)N2Cc3cccc(F)c3C2)ccc1OCCO,5.92,IC50,1200.0,nM,1
CHEMBL1782578,CCC1COCC[C@@H]1N[C@@H]1CC[C@@](C(=O)N2CCN(c3cc(C(F)(F)F)ccn3)CC2)(C(C)C)C1,5.92,IC50,1200.0,nM,1
CHEMBL2147072,Cn1c(=O)c2c(nc(N3CCC[C@@H](N)C3)n2Cc2ccccc2Cl)c2ccc(C#N)cc21,5.92,IC50,1200.0,nM,1
CHEMBL2010836,CN(C(=O)Cc1ccc(-n2cnnn2)cc1)C1CCN(Cc2ccc(C(F)(F)F)cc2)CC1,5.92,IC50,1200.0,nM,1
CHEMBL3985877,Cc1ncoc1-c1nnc(SCCCN2CC[C@]3(C[C@H]3c3ccc(F)cc3C(F)(F)F)C2)n1C,5.92,IC50,1202.26,nM,1
CHEMBL495114,CS(=O)(=O)Nc1ccc(OC[C@@H](O)CN(CCc2ccc(Cl)c(Cl)c2)Cc2ccccc2F)cc1,5.92,IC50,1200.0,nM,1
CHEMBL511797,Nc1ccc(-c2ccsc2)cc1NC(=O)c1ccc(N2CCC3(CCNC3)CC2)nc1,5.92,Ki,1210.0,nM,1
CHEMBL2012277,c1ccc(CN2CCC(Oc3ncnc4c3ccn4Cc3ccccc3)CC2)cc1,5.92,Ki,1200.0,nM,1
CHEMBL1171498,CC(Oc1ccc(S(C)(=O)=O)cc1C(=O)N1CCN(c2ccc(C#N)cc2)CC1)C(F)(F)F,5.92,IC50,1200.0,nM,1
CHEMBL563920,C[C@@H](c1ccccn1)c1c(CCN(C)C)oc2ccccc12,5.92,IC50,1200.0,nM,1
CHEMBL4549865,CCC(CC)CNc1c(C(N)=O)cnc2ccc(-c3cnn(C)c3)cc12,5.92,IC50,1200.0,nM,1
CHEMBL3752154,COc1ccc2ncc(F)c(CC(N)C34CCC(NCc5ccc6c(n5)NC(=O)CO6)(CC3)CO4)c2n1,5.92,IC50,1200.0,nM,1
CHEMBL3612804,COc1cc(C(C)(C)CN2CCN(CCc3ccc4c(c3C)COC4=O)CC2)ccc1C#N,5.92,IC50,1200.0,nM,1
CHEMBL2012032,N#Cc1ccc(Oc2ccc(Nc3nccc(N)n3)cc2)cc1,5.92,Ki,1200.0,nM,1
CHEMBL1173143,COc1cccc(N2CCN(CCCCCCN3CCN(c4cccc(Cl)c4)CC3)CC2)c1,5.92,Ki,1200.0,nM,1
CHEMBL1771099,O=C(NC1CC1)c1ccc(OCC2CC2CC2CCN(c3ncc(Cl)cn3)CC2)cc1F,5.92,IC50,1200.0,nM,1
CHEMBL4865106,CCC(NC(=O)c1ccc(Cl)cc1)[C@H]1[C@@H]2C[C@@H](n3cnc4ccncc43)C[C@@H]21,5.92,IC50,1200.0,nM,1
CHEMBL3933645,CN(C)CCn1cc(-c2ccc(F)c(C(F)(F)F)c2)nc1C1CCN(c2ncnc(N)c2-c2ccc(F)cc2)CC1,5.92,IC50,1200.0,nM,1
CHEMBL1782376,CC(C)[C@]1(C(=O)N2CCN(c3cc(C(F)(F)F)ccn3)CC2)CC[C@@H](NC2C3CCCC2COC3)C1,5.92,IC50,1200.0,nM,1
CHEMBL3085124,CC(C(=O)N[C@]1(c2ccccc2)CC[C@H](N2CCCCC2)CC1)c1cc(C(F)(F)F)cc(C(F)(F)F)c1,5.92,Ki,1200.0,nM,1
CHEMBL3754258,COc1ccc2ncc(F)c(C(=O)CC34CCC(NCc5ccc6c(n5)NC(=O)CO6)(CC3)CO4)c2n1,5.92,IC50,1200.0,nM,1
CHEMBL4461938,C[C@@H]1OCC2(CCN(c3nc4[nH]nc(-c5ccnc(Cl)c5Cl)c4c(=O)n3C)CC2)[C@@H]1N,5.92,IC50,1200.0,nM,1
CHEMBL4543236,NC(=O)c1cnc2cc(Cl)c(-c3cccnc3)cc2c1NC1CCOCC1,5.92,IC50,1200.0,nM,1
CHEMBL1771136,CC(C)c1cc(C#N)cc2nc(-c3ccc(C(=O)NCC4CN(c5ccc(-c6ccccc6C#N)cn5)C(=O)O4)cc3)oc12,5.92,IC50,1188.0,nM,1
CHEMBL1288673,N#Cc1ccc(CNC(=O)N(c2cccc(F)c2)C2CCN(CCC3(c4cccc(F)c4)CCN(C(=O)c4c(F)cccc4F)CC3)CC2)cc1,5.92,IC50,1200.0,nM,1
CHEMBL4863103,CC[C@@H](NC(=O)c1ccc(C#N)cc1)[C@@H]1[C@@H]2C[C@@H](n3cnc4ccc(C#N)cc43)C[C@@H]21,5.92,IC50,1200.0,nM,1
CHEMBL446966,COc1ccc(-c2nnc(C3CCN(Cc4ccc(-c5nc6cc[nH]c(=O)c6cc5-c5ccccc5)cc4)CC3)[nH]2)cn1,5.91,IC50,1220.0,nM,1
CHEMBL4799863,C[C@H]1CN(CC[C@H]2CC[C@H](NC(=O)N(C)C)CC2)CCc2ccc(Cl)cc21,5.91,IC50,1230.0,nM,1
CHEMBL445754,CNCc1ccc(Cl)cc1Oc1ccc(Cl)c(F)c1,5.91,IC50,1230.0,nM,1
CHEMBL3359757,Cc1ccc(-c2cnc3c(c2)[C@]2(COC(N)=N2)c2cc(-c4cccnc4F)ccc2O3)cc1,5.91,Ki,1240.0,nM,1
CHEMBL1269994,Cc1cc(N[C@H](CCCCNCc2ccc(F)cc2)C(=O)NO)cc(C)c1F,5.91,IC50,1230.0,nM,1
CHEMBL2179676,Cl.Cn1cc2c(OCC3CCN(CCN4CCOCC4)CC3)nc3ccccc3c2c1,5.91,IC50,1220.0,nM,1
CHEMBL488261,CNCc1ccc(Cl)cc1Oc1ccc(Cl)c(Cl)c1,5.91,IC50,1240.0,nM,1
CHEMBL5845991,CC(C)n1c(N2CCNC[C@H]2C)nc2c([N+](=O)[O-])c(Br)c(Br)cc21,5.91,IC50,1230.0,nM,1
CHEMBL578862,N#Cc1cncc(-c2cnc3nc(N4CCC(N5CCCCC5)CC4)sc3c2)c1,5.91,IC50,1235.96,nM,1
CHEMBL1079837,COc1ccc(C23CC2CN(CCCSc2nnc(-c4ocnc4C)n2C)C3)cc1,5.9,IC50,1258.93,nM,1
CHEMBL550472,CCN(CC)C(=O)c1ccc(C2=CC3(CCNCC3)Oc3ccccc32)s1,5.9,IC50,1261.0,nM,1
CHEMBL4242175,O=C(O)C[C@H](CN1CC[C@@H](CCc2ccc3c(n2)NCCC3)C1)c1cccc(Br)c1,5.9,IC50,1258.93,nM,1
CHEMBL206983,Cn1nnnc1C1CC2(c3ccccc3)NC1CCC2OCc1cc(C(F)(F)F)cc(C(F)(F)F)c1,5.9,Ki,1250.0,nM,1
CHEMBL1761695,O=C(N[C@@H]1CCC[C@H](O)C1)c1noc(-c2ccc(C(F)(F)F)cc2)c1CNCC1CCC1,5.9,Ki,1258.93,nM,1
CHEMBL1082111,Cc1ncoc1-c1nnc(SCCCN2CC3CC3(c3cc(C(F)(F)F)ccc3F)C2)n1C,5.9,IC50,1258.93,nM,1
CHEMBL242603,Cc1ccc2c(-c3nnc(SCCC(C)N4CCc5ccc(-c6cc(C)nn6C)cc5CC4)n3C)cccc2n1,5.9,IC50,1258.93,nM,1
CHEMBL522843,CC(C)(C)OCCN1CCC(CNC(=O)c2cc(Cl)cc(Cl)c2)CC1,5.9,IC50,1260.0,nM,1
CHEMBL255778,CCc1nc2cc3c(c(Br)c2o1)CCN(CCCSc1nnc(-c2cccc4nc(C)ccc24)n1C)CC3,5.9,IC50,1258.93,nM,1
CHEMBL256651,CCc1nc2cc3c(cc2o1)CCN(CCCSc1nnc(-c2ccc(F)c(F)c2)n1C)CC3,5.9,IC50,1258.93,nM,1
CHEMBL1258381,Cc1ncoc1-c1nnc(SCCCN2CCC3(CCCc4ccc(Br)cc43)C2)n1C,5.9,IC50,1258.93,nM,1
CHEMBL207566,N#Cc1c[nH]c2c(C(=O)N3CCN(CCc4ccc(F)cc4F)CC3)cccc12,5.9,Ki,1268.0,nM,1
CHEMBL3774411,Cn1c(SCCCN2CC3CCN(c4ccc(C(F)(F)F)cc4)C3C2)nnc1-c1cc[nH]c(=O)c1,5.9,IC50,1258.93,nM,1
CHEMBL2146801,COCCN1CCC[C@@H]1Cn1nc(Cc2ccc(Cl)cc2)c2cnccc2c1=O,5.9,IC50,1258.93,nM,1
CHEMBL2146812,CN1CCC[C@@H]1Cn1nc(Cc2ccc(Cl)cc2)c2nccnc2c1=O,5.9,IC50,1258.93,nM,1
CHEMBL1081408,COc1ccc(C23CC2CN(CCCSc2nnc(-c4ocnc4C)n2C)C3)cc1C(F)(F)F,5.9,IC50,1258.93,nM,1
CHEMBL2146804,CN1CCC[C@@H]1Cn1nc(Cc2ccc(Cl)cc2)c2ccncc2c1=O,5.9,IC50,1258.93,nM,1
CHEMBL1242533,Cc1ccc2c(N3CCN(CCc4cccc5c4OCc4c(C(=O)N6CCCC6)ncn4-5)CC3)cccc2n1,5.9,Ki,1258.93,nM,1
CHEMBL1257925,Cc1nc(C)c(-c2nnc(SCCCN3CCC4CC4(c4ccc(C(F)(F)F)cc4)CC3)n2C)o1,5.9,IC50,1258.93,nM,1
CHEMBL255567,CCc1nc2cc3c(cc2s1)CCN(CCCSc1nnc(-c2ocnc2C)n1C)CC3,5.9,IC50,1258.93,nM,1
CHEMBL3774911,Cn1c(SCCCN2CC3CCN(c4ccc(F)cc4C(F)(F)F)C3C2)nnc1-c1cnccn1,5.9,IC50,1258.93,nM,1
CHEMBL1224697,CCN1C[C@H]2C[C@@]2(c2ccc(NS(=O)(=O)c3ccc(C(C)C)cc3)cc2)C1,5.9,IC50,1258.93,nM,1
CHEMBL1760251,COc1ccc([C@H]2CN(CCCN3CCCC3=O)C[C@@H]2CC(=O)Nc2cccc(Cl)c2)cc1,5.9,IC50,1260.0,nM,1
CHEMBL270602,Cc1cnc(-c2nnc(SCCCN3CCc4ccc5oc(C(F)(F)F)nc5c4CC3)n2C)cn1,5.9,IC50,1258.93,nM,1
CHEMBL1223602,CCC(C)(C)c1ccc(S(=O)(=O)Nc2ccc([C@]34CNC[C@H]3C4)cc2)cc1,5.9,IC50,1258.93,nM,1
CHEMBL1084215,COc1ccc(S(=O)(=O)N2C[C@H](C(=O)N3CCCNCC3)c3ccccc32)c2ccccc12,5.9,Ki,1258.93,nM,1
CHEMBL271449,Cc1ncoc1-c1nnc(SCCCN2CCc3ccc4oc(C(F)(F)F)nc4c3CC2)n1C,5.9,IC50,1258.93,nM,1
CHEMBL3775301,Cc1ncoc1-c1nnc(SCCCN2CC3CCN(c4ccc(Cl)cc4Cl)C3C2)n1C,5.9,IC50,1258.93,nM,1
CHEMBL564930,CC1(C)[C@H]2CC[C@]1(C)CN(CCN1CCN(c3cccc(Cl)c3)C1=O)C2,5.9,IC50,1258.93,nM,1
CHEMBL3237571,CC(C)(C)c1cccc(Nc2cc(N[C@@H]3CCCC[C@@H]3N)nnc2C(N)=O)n1,5.9,IC50,1258.93,nM,1
CHEMBL1289617,Cc1ccc2c(N3CCN(CCc4c(C)ccc5c4ccc(=O)n5C)[C@@H](C)C3)cc(F)cc2n1,5.9,Ki,1258.93,nM,1
CHEMBL3775589,Cc1ncoc1-c1nnc(SCCCN2CC3CCN(c4ccccc4)C3C2)n1C,5.9,IC50,1258.93,nM,1
CHEMBL563563,CC1(C)C[C@@H]2C[C@@](C)(CN2CCN2CCN(c3cccc(Cl)c3)C2=O)C1,5.9,IC50,1258.93,nM,1
CHEMBL1762800,CCc1cccc2c(-c3nc(CN(CC)CC)cs3)cn(CC3CCOCC3)c12.Cl,5.9,Ki,1258.93,nM,1
CHEMBL1812717,CC(C)(O)c1ccc(-c2nc(-c3ccc(F)cc3)oc2Sc2ccc(Cl)cn2)cn1,5.9,Ki,1254.0,nM,1
CHEMBL562624,O=C1N(CCN2CCC(C(F)(F)F)CC2)CCN1c1cccc(Cl)c1,5.9,IC50,1258.93,nM,1
CHEMBL273166,Cc1ccc2c(-c3nnc(SCCCN4CCc5cc6nc(CC7CC7)oc6cc5CC4)n3C)cccc2n1,5.9,IC50,1258.93,nM,1
CHEMBL2207280,O=C(NC[C@@H](O)CN1CCC(Oc2ccc(Cl)c(Cl)c2)CC1)c1c[nH]c(=O)c2ccc(F)cc12,5.9,IC50,1258.93,nM,1
CHEMBL564741,CC(c1cccc(C(F)(F)F)c1)N1CCN(CCN2Cc3ccccc3C2)C1=O,5.9,IC50,1258.93,nM,1
CHEMBL2207659,Cc1cc(Cl)ccc1OC1CCN(C[C@H](O)CNC(=O)c2c[nH]nc2C(F)(F)F)CC1,5.9,IC50,1258.93,nM,1
CHEMBL1095031,CCOCCn1c(C2CCCN(C)C2)nc2ccccc21,5.9,Ki,1262.0,nM,1
CHEMBL243901,Cc1cc(-c2ccc3c(c2)CCN(CCCSc2nnc(C(C)C)n2C)CC3)no1,5.9,IC50,1258.93,nM,1
CHEMBL3221131,[2H]C(Nc1cc(C(F)(F)F)cc2ncc(N3CCN(C)CC3)cc12)c1cccc([N+](=O)[O-])c1,5.9,IC50,1270.0,nM,1
CHEMBL1818824,COc1cc(-c2cn(Cc3cccc(C(F)(F)F)c3)nn2)ccc1-n1cnc(C)c1,5.9,IC50,1250.0,nM,1
CHEMBL3115345,COC(=O)C(CCCN1CC=C(c2ccccc2OC)CC1)(c1ccc(Br)cc1)C(C)C,5.9,IC50,1260.0,nM,1
CHEMBL1223598,CC(C)c1ccc(S(=O)(=O)Cc2ccc([C@]34CNC[C@H]3C4)cc2)cc1,5.9,IC50,1258.93,nM,1
CHEMBL1224699,COc1cc([C@]23CNC[C@H]2C3)ccc1NS(=O)(=O)c1ccc(C(C)C)cc1,5.9,IC50,1258.93,nM,1
CHEMBL2403108,Cc1cc(Nc2ncc(Cl)c(Nc3ccccc3S(=O)(=O)C(C)C)n2)c(OC(C)C)cc1C1CCNCC1,5.9,IC50,1250.0,nM,1
CHEMBL256473,Cc1ccc2c(-c3nnc(SCCCN4CCc5cc6nc(C(C)(F)F)oc6cc5CC4)n3C)cccc2n1,5.9,IC50,1258.93,nM,1
CHEMBL4543679,C[Si]1(C)CCN(Cc2cc(-c3ccc(C(F)(F)F)cc3)n(-c3ccc(F)cc3)n2)CC1,5.9,IC50,1260.0,nM,1
CHEMBL3774783,Cn1c(SCCCN2CC3CCN(c4ccccc4C(F)(F)F)C3C2)nnc1-c1cnccn1,5.9,IC50,1258.93,nM,1
CHEMBL562326,CC1C(c2ccc(OCCCN3CCCC3)cc2)Oc2ccccc2S1(=O)=O,5.89,IC50,1300.0,nM,1
CHEMBL272336,Cc1oc(-c2ccc(Cl)cc2)nc1CCOc1cccc(C[C@@H]2C(=O)N(c3ccc(C(C)(C)C)cc3)[C@@H]2C(=O)O)c1,5.89,IC50,1300.0,nM,1
CHEMBL1621,Cc1nc2n(c(=O)c1CCN1CCC(c3noc4cc(F)ccc34)CC1)CCCC2O,5.89,IC50,1300.0,nM,1
CHEMBL4078841,CN(C/C=C/c1ccc(C(F)F)cc1)Cc1ccc2c(c1)CCO2.Cl,5.89,IC50,1300.0,nM,1
CHEMBL1836168,COC(=O)C1(CNC(=O)c2cc(OC)cc(OC)c2)CCN(CC2=Cc3ccccc3OC2(C)C)CC1,5.89,IC50,1290.0,nM,1
CHEMBL1829614,COC(=O)c1ccc([C@H]2CC[C@H](N3CC(NC(=O)CNC(=O)c4cccc(C(F)(F)F)c4)C3)CC2)cc1,5.89,IC50,1300.0,nM,1
CHEMBL59511,Cc1cc[n+]([O-])c(C)c1C(=O)N1CCC(C)(N2CCC(N(Cc3cccc(C#N)c3)c3ccccc3)CC2)CC1,5.89,IC50,1300.0,nM,1
CHEMBL3220878,C[C@H](N)C(=O)N1CCN(c2cnc3cc(C(F)(F)F)cc(NCc4cccc([N+](=O)[O-])c4)c3c2)CC1,5.89,IC50,1280.0,nM,1
CHEMBL1224217,NC(=O)c1ccc(O[C@H]2C[C@H]3CC[C@@H](C2)N3Cc2ccccc2)nc1,5.89,IC50,1300.0,nM,1
CHEMBL3221108,CCCNC(=O)N1CCN(c2cnc3cc(C(F)(F)F)cc(NCc4cccc([N+](=O)[O-])c4)c3c2)CC1,5.89,IC50,1280.0,nM,1
CHEMBL1258761,O=C1NCc2ccc(OCCCN3CCN(c4cccc5cccc(F)c45)CC3)cc21,5.89,Ki,1290.0,nM,1
CHEMBL2036758,CC(C)N1CCC[C@@H](CN2CCN(C(=O)Nc3ccc(Cl)c(Cl)c3)CC2)C1,5.89,IC50,1300.0,nM,1
CHEMBL4072602,CCc1ccn2ccnc2c1N1CCCN(CC2CCN(C(=O)[C@H]3C[C@@H]4CC[C@H]3O4)CC2)CC1,5.89,IC50,1300.0,nM,1
CHEMBL296512,Fc1ccc(-c2[nH]c3cc(F)ccc3c2C2CCCNC2)cc1,5.89,Ki,1300.0,nM,1
CHEMBL558248,C[C@@H]1[C@@H](c2ccc(OCCCN3CCCC3)cc2)Oc2ccccc2S1(=O)=O,5.89,IC50,1300.0,nM,1
CHEMBL1824045,O=C1COc2ccc(CNC3CCN(CCN4C(=O)COc5ccc(-c6ccco6)cc54)CC3)nc2N1,5.89,IC50,1300.0,nM,1
CHEMBL5927169,CC1(C)Oc2ccc(Cl)cc2C2OCC3(CCN(C(=O)Cn4cnc(CO)c4)CC3)CC21,5.89,IC50,1300.0,nM,1
CHEMBL3601322,CC[C@@H](C)Oc1cc2c(cc1OC)CC(=O)N(c1ccc(N(C)C[C@H]3CC[C@H](N(C)C)CC3)cc1)[C@H]2c1ccc(Cl)cc1,5.89,IC50,1300.0,nM,1
CHEMBL1946017,CCN(CC)C(=O)c1ccc(C(=C2CCN(Cc3ccc(F)cc3)CC2)c2cccnc2)cc1,5.89,IC50,1300.0,nM,1
CHEMBL4876889,Nc1ncnc(N2CCC(c3nc(-c4ccc(F)c(C(F)(F)F)c4)cn3CCN3CCC3)CC2)c1C1CCC1,5.89,IC50,1300.0,nM,1
CHEMBL1809079,COc1ccc(C(=O)N2CCOCC2)cc1Nc1ncc(Cl)c(-c2cnc3ccccn23)n1,5.89,IC50,1300.0,nM,1
CHEMBL1290165,CC(C)S(=O)(=O)N[C@H]1CN(c2ccccc2)C[C@@H]1c1ccc(-c2cccc(NS(C)(=O)=O)c2)cc1,5.89,IC50,1300.0,nM,1
CHEMBL394236,OCC1CCCN(CCCC2CCCc3ccc(OCc4noc(-c5ccccc5F)n4)cc32)C1,5.89,Ki,1300.0,nM,1
CHEMBL3604688,COc1ccc2ncc(F)c(CCC34CCC(NCc5nc6c(cc5F)OCC(=O)N6)(CC3)CO4)c2n1,5.89,IC50,1300.0,nM,1
CHEMBL392586,CN1CCN(c2cccc3ccc(OCc4noc(-c5ccc(Cl)cc5)n4)cc23)CC1,5.89,Ki,1280.0,nM,1
CHEMBL3753902,COc1ccc2ncc(F)c(C(O)CC34CCC(NCc5ccc6c(n5)NC(=O)CO6)(CC3)CO4)c2n1,5.89,IC50,1300.0,nM,1
CHEMBL4285364,CCCCNc1nc(N)nc2c1CN(C(=O)c1csc(C)n1)CC2,5.89,IC50,1300.0,nM,1
CHEMBL205437,CN(C(=O)N1CC(c2cc(F)ccc2F)=C[C@H]1c1ccccc1)C1CCNCC1,5.89,IC50,1300.0,nM,1
CHEMBL5975258,CCN(CCN1CCC(c2noc3cc(F)ccc23)CC1)C(=O)C(F)(F)CO,5.89,IC50,1300.0,nM,1
CHEMBL551876,C[C@@H](N[C@@H]1CC[C@@H](C(=O)N2CCC(C(=O)N3CCCC3)(c3ccccc3)CC2)C(C)(C)C1)c1ccc(Cl)cc1,5.89,IC50,1300.0,nM,1
CHEMBL382587,CN(CCCN)C(=O)N1CC(c2cc(F)ccc2F)=C[C@H]1c1ccccc1,5.89,IC50,1300.0,nM,1
CHEMBL1946021,CCN(CC)C(=O)c1ccc(C(=C2CCN(Cc3ccc(F)cc3)CC2)c2ccc(NC(C)=O)cc2)cc1,5.89,IC50,1300.0,nM,1
CHEMBL3911401,CCc1c(N)ncnc1N1CCC(c2nc(-c3ccc(F)c(C(F)(F)F)c3)cn2CCN(C)C)CC1,5.89,IC50,1300.0,nM,1
CHEMBL2177305,CCn1cc([C@]2(c3cccc(NC(=O)c4ccc(Cl)cn4)c3)N=C(N)c3c(F)cccc32)cc(C)c1=O,5.89,IC50,1300.0,nM,1
CHEMBL550068,O=C(NC1CCN(Cc2ccn(-c3ccc(C(F)(F)F)cc3)c2)CC1)N1CCn2cccc2C1c1ccccc1,5.89,IC50,1300.0,nM,1
CHEMBL1951603,CC#CCn1c(N2CCC[C@H](N)C2)c(C#N)c2c1c(=O)n(CC(=O)c1cccc(OC)c1)c(=O)n2C,5.89,IC50,1300.0,nM,1
CHEMBL2180841,O=C(CCCN1CCCCC1)Nc1cc(-c2cccc(F)c2)n[nH]1,5.89,IC50,1290.0,nM,1
CHEMBL488730,Cc1nnc(-c2cc(C(F)(F)F)cc(S(=O)(=O)N3CCN(C(=O)[C@@H]4C[C@H]4c4ccc(C(F)(F)F)cc4)CC3)c2)[nH]1,5.89,IC50,1300.0,nM,1
CHEMBL1083787,O=C(NCCCCN1CCCCC1)Nc1ccc(-c2ccc(F)cc2)nc1,5.89,IC50,1300.0,nM,1
CHEMBL3612802,COc1cc(CC(C)N2CCN(CCc3ccc4c(c3C)COC4=O)CC2)ccc1C#N,5.89,IC50,1300.0,nM,1
CHEMBL1956991,Cc1nc2ccc(Oc3ccc(Cl)cc3F)nc2c(=O)n1C[C@H]1CCCN(C(C)C)C1,5.89,IC50,1300.0,nM,1
CHEMBL1956998,Cc1nc2cnc(Oc3ccc(F)cc3)cc2c(=O)n1C[C@H]1CCCN(C(C)C)C1,5.89,IC50,1300.0,nM,1
CHEMBL2312142,COc1cc(Nc2cc(-c3cccc(C#N)c3)ccn2)ccc1N1CCN(C)CC1,5.89,IC50,1300.0,nM,1
CHEMBL148058,NC(=O)c1ccc(S(=O)(=O)C2CCN(CCc3ccc(F)cc3F)CC2)cc1,5.89,Ki,1300.0,nM,1
CHEMBL1956990,Cc1nc2ncc(Oc3ccc(Br)cc3F)cc2c(=O)n1C[C@H]1CCCN(C(C)C)C1,5.89,IC50,1299.87,nM,1
CHEMBL4441219,C=CC(=O)NC12CCC(Nc3ncnc(N)c3-c3ccc(Oc4ccccc4)cc3)(C1)C2,5.89,Ki,1300.0,nM,1
CHEMBL3903522,Nc1ncnc(N2CCC(c3nc(-c4ccc(F)c(C(F)(F)F)c4)cn3CCN3CCC3)CC2)c1-c1ccc(F)cc1,5.89,IC50,1300.0,nM,1
CHEMBL3944506,COc1ccc2nc(NC3=NC[C@@]4(CN5CCC4CC5)O3)sc2c1,5.89,IC50,1300.0,nM,1
CHEMBL4225469,COc1ccc2nccc(CC[C@H]3OC[C@H](NCc4ccc5c(n4)NC(=O)CS5)CO3)c2c1,5.89,IC50,1300.0,nM,1
CHEMBL6007595,CC(C)Cn1c(N2CCNCC2)nc2c([N+](=O)[O-])c(Br)c(Br)cc21,5.89,IC50,1280.0,nM,1
CHEMBL4634904,Cn1cc(-c2ccnc(-n3ncc4cc(C(C)(C)C)cc(F)c4c3=O)c2CO)cc(NC(=O)[C@@H]2C[C@@H]2F)c1=O,5.89,IC50,1300.0,nM,1
CHEMBL2010842,CN(C(=O)Cc1ccc(-n2cnnn2)cc1)C1CCN(Cc2nc3cc(F)ccc3s2)CC1,5.89,IC50,1300.0,nM,1
CHEMBL4242822,CC(C)Cc1ccc2ncccc2c1NS(=O)(=O)c1ccc(CCCN2CCN3CCC[C@@H]3C2)cc1,5.89,IC50,1300.0,nM,1
CHEMBL1910300,COCCCn1cc(CN(C(=O)[C@H]2CNCC[C@]2(O)c2ccc(F)c(F)c2)C2CC2)c2c(F)cccc21,5.89,Ki,1300.0,nM,1
CHEMBL241330,CCOc1cc(CN2CCC(NC(=O)c3cccc(S(C)(=O)=O)c3)CC2)ccc1Cl,5.89,IC50,1300.0,nM,1
CHEMBL4228122,COc1cc2ccc(Br)cc2cc1[C@@H](c1ccccc1)[C@@](O)(CCN(C)C)c1cccc2c1CCN2C,5.89,IC50,1300.0,nM,1
CHEMBL3217170,Cc1c(Cl)cccc1N1CCN(CCCNC(=O)c2nc(-c3ccccc3)n(-c3ccccc3)c2C)CC1.Cl.Cl.Cl,5.89,IC50,1300.0,nM,1
CHEMBL379152,O=S(=O)(c1ccccc1)C1CC2(c3ccccc3)NC1CCC2OCc1cc(C(F)(F)F)cc(C(F)(F)F)c1,5.89,Ki,1300.0,nM,1
CHEMBL2441431,O=C1OCc2cc(CC(=O)N3CCN(CCc4ccc([N+](=O)[O-])cc4)CC3)ccc21,5.89,IC50,1300.0,nM,1
CHEMBL3699576,Cc1cc2nc(CC3CCCC3)n(Cc3ccc(Cl)cc3)c2cc1C,5.89,IC50,1300.0,nM,1
CHEMBL2441436,O=C(Cc1ccc(-n2cnnn2)cc1)N1CCN(CCc2ccc3nonc3c2)CC1,5.89,IC50,1300.0,nM,1
CHEMBL510435,CNCc1ccc(C#N)cc1Oc1ccc(Cl)c(Cl)c1,5.88,IC50,1310.0,nM,1
CHEMBL507884,CNCc1cc(C(F)(F)F)ccc1Oc1ccc(Cl)c(Cl)c1,5.88,IC50,1310.0,nM,1
CHEMBL1098851,O=C(CNc1ccccc1C(F)(F)F)N1CCCN(Cc2nc3ccccc3[nH]2)CC1,5.88,IC50,1320.0,nM,1
CHEMBL3946313,Cn1c(SCCCN2CC[C@]3(C[C@@H]3c3ccc(C(F)(F)F)cc3)C2)nnc1-c1cccnc1C(F)(F)F,5.88,IC50,1318.26,nM,1
CHEMBL4758651,NC(=O)c1cc(Cl)c2cc(-c3cc4c(s3)CCNC4)cnn12,5.88,IC50,1310.0,nM,1
CHEMBL5745081,O=C(Nc1ccc([C@H]2CNCCO2)cc1)c1cnc(-c2ccccc2)s1,5.88,IC50,1310.0,nM,1
CHEMBL4744636,COc1nc2ccccc2cc1-c1cnc([C@H](CCCCNC(=O)c2ccccc2SC)NC(=O)c2cncs2)[nH]1,5.88,IC50,1329.0,nM,1
CHEMBL4286841,CN1CCC(c2nc(-c3ccc(F)c(NS(C)(=O)=O)c3)c(-c3ccnc(NCC4CC4)n3)s2)CC1,5.87,IC50,1340.0,nM,1
CHEMBL5825921,Cc1nc2c(n1C1CC3CCC(C1)N3CC[C@H](NC(=O)C1CCC(F)(F)CC1)c1ccsc1)CCN(C(=O)C(C)C)C2,5.87,IC50,1360.0,nM,1
CHEMBL582876,Fc1ncccc1-c1cc2sc(N3CCC(N4CCCCC4)CC3)nc2cn1,5.87,IC50,1363.64,nM,1
CHEMBL2334264,O[C@H](COc1ccc(F)cc1)CN1CCN(Cc2ccc(Cl)cc2)CC1,5.87,IC50,1350.0,nM,1
CHEMBL4467163,O=C(O)c1ccc(Oc2ccc(-c3ccc(-c4nc5cc(Cl)ccc5[nH]4)cn3)cn2)cc1,5.87,Ki,1360.0,nM,1
CHEMBL3740256,O=S(=O)(c1ccc(C(F)(F)F)cc1)N1CCC(CN2CCC(c3noc4cc(F)ccc34)CC2)CC1,5.86,IC50,1390.1,nM,1
CHEMBL5868400,Cn1ccc(Cn2cc(-c3ccc(F)c(Cl)c3)cn2)n1,5.86,IC50,1380.0,nM,1
CHEMBL72,CNCCCN1c2ccccc2CCc2ccccc21,5.86,IC50,1380.38,nM,1
CHEMBL513338,COC(=O)C(CCCN1CCN(c2ccccc2OC)CC1)(c1ccc(Br)cc1)C(C)C,5.86,IC50,1380.0,nM,1
CHEMBL1098766,CC(C)N1CCCC(c2nc3ccccc3n2Cc2ccc(F)cc2)C1,5.86,Ki,1373.0,nM,1
CHEMBL492846,CS(=O)(=O)Nc1ccc(OC[C@@H](O)CNCCc2ccc(Cl)cc2)cc1,5.86,IC50,1390.0,nM,1
CHEMBL2017417,COc1cc(-c2cn(CC(=O)N(C3CCCCC3)C3CCCCC3)nn2)ccc1-n1cnc(C)c1,5.86,IC50,1390.0,nM,1
CHEMBL216104,O=C(NC1CCN(Cc2ccc3sccc3c2)CC1)c1cc(=O)c2ccc(F)cc2o1,5.86,IC50,1370.0,nM,1
CHEMBL202141,FC(F)(F)Oc1ccc(Cl)c(CNC2CCC3CCC2(c2ccccc2)N3)c1,5.85,Ki,1400.0,nM,1
CHEMBL1095121,CCc1nn(CCOCC(F)(F)F)c2c(Nc3ccncn3)nc(N3CCN[C@H](C)C3)nc12,5.85,IC50,1400.0,nM,1
CHEMBL1289399,CN(C)CCCn1ncc2cc(-n3ccc(OCc4ccccc4)cc3=O)ccc21,5.85,IC50,1400.0,nM,1
CHEMBL2012027,Nc1ccnc(Nc2ccc(Oc3ccccc3Cl)cc2)n1,5.85,Ki,1400.0,nM,1
CHEMBL4539619,Cc1cc(-c2cnc3ccn(Cc4ccccn4)c3c2)ccc1F,5.85,Ki,1400.0,nM,1
CHEMBL1289218,CC(C)[C@@H](Nc1nc2cc[nH]c(=O)c2c2cnccc12)C(F)(F)F,5.85,IC50,1400.0,nM,1
CHEMBL4547348,CCC(C)c1ccc(OCCOc2ccc(Cl)cc2CNn2cnnc2)cc1,5.85,IC50,1408.0,nM,1
CHEMBL3422009,C[C@@H]1c2nnc(-c3csc(-c4ccc(F)cc4F)n3)n2CCN1C(=O)c1ccc(-c2cccs2)cc1,5.85,IC50,1400.0,nM,1
CHEMBL3323074,CCOC(=O)c1ccnc([C@]2(c3cnn(C)c3)N[C@@H](c3nc(-c4ccc(F)cc4)c[nH]3)Cc3c2[nH]c2ccccc32)c1,5.85,IC50,1420.0,nM,1
CHEMBL4483575,C=CC(=O)N(C)CCOc1c(N)ncnc1-c1cc(F)cc(NC(=O)c2ccc(C3CC3)cc2F)c1C,5.85,IC50,1400.0,nM,1
CHEMBL4644426,Cc1cc(N2C[C@H]3CC[C@@H](C2)[C@@H]3Nc2nc3n(n2)CCCC[C@H]3c2ccc(F)c(F)c2F)ncn1,5.85,IC50,1400.0,nM,1
CHEMBL5961333,CS(=O)(=O)c1cccc(-n2cc(Cn3ccnc3CCO)nn2)c1,5.85,IC50,1400.0,nM,1
CHEMBL2441414,Cc1cc(-n2cnnn2)ccc1CC(=O)N1CCN(CCc2ccc3c(c2)COC3=O)CC1,5.85,IC50,1400.0,nM,1
CHEMBL3828585,CN(C/C=C/c1ccc(C(F)(F)F)cc1)Cc1ccc2c(c1)CCCC2.Cl,5.85,IC50,1400.0,nM,1
CHEMBL564144,C[C@@H](c1ccccn1)c1c(CCN(C)C)sc2ccccc12,5.85,Ki,1400.0,nM,1
CHEMBL1910297,O=C([C@H]1CNCC[C@]1(O)c1ccc(F)c(F)c1)N(Cc1c[nH]c2cccc(F)c12)C1CC1,5.85,Ki,1400.0,nM,1
CHEMBL5746422,Cc1nc[nH]c1CN1CCC2(CC1)COC1c3cc(F)ccc3OC(C)(C)C1C2,5.85,IC50,1400.0,nM,1
CHEMBL5961196,CCn1c(N2CCNCC2C)nc2c([N+](=O)[O-])c(Br)c(Br)cc21,5.85,IC50,1420.0,nM,1
CHEMBL556506,C[C@H](C1=C(CCN(C)C)Cc2ccccc21)c1cnccn1,5.85,IC50,1400.0,nM,1
CHEMBL5749558,Cn1cncc1CN1CCC2(CC1)COC1c3cc(F)ccc3OC(C)(C)C1C2,5.85,IC50,1400.0,nM,1
CHEMBL498048,F[C@@H]1CCNC[C@H]1c1c(-c2ccccc2)[nH]c2cc(Cl)ccc12,5.85,Ki,1400.0,nM,1
CHEMBL2441437,O=C1OCc2cc(CCN3CCN(C(=O)Cc4ccc(-n5cnnn5)cc4)CC3)ccc21,5.85,IC50,1400.0,nM,1
CHEMBL5077758,C[C@@]1(COc2ccc(OC(F)(F)F)cc2)CCn2cc([N+](=O)[O-])nc2O1,5.85,IC50,1400.0,nM,1
CHEMBL3628220,CS(=O)(=O)c1ccc(-c2cnn3ccc(-c4cccc(S(=O)(=O)C5CC5)c4)cc23)cc1,5.85,IC50,1400.0,nM,1
CHEMBL2204940,Cc1nc(C2(c3noc(C)n3)N[C@@H](c3nc(-c4ccc(F)cc4)c[nH]3)Cc3c2[nH]c2ccccc32)no1,5.85,Ki,1403.0,nM,1
CHEMBL410885,O=C(c1ccncn1)N1CCC2(CCN(Cc3cccc(Oc4ccccc4)c3)CC2)CC1,5.85,IC50,1412.54,nM,1
CHEMBL3799529,CC(C)CS(=O)(=O)n1ccc2c(-c3ccc(C(F)(F)F)cc3)cc(N3CCNCC3)nc21,5.85,IC50,1400.0,nM,1
CHEMBL4558606,CCOc1ccc2cc(-c3nn(CC4CN(C)C4)c4ncnc(N)c34)ccc2c1,5.85,IC50,1400.0,nM,1
CHEMBL240878,COc1cc(F)ccc1/C=C/c1ccc(S(=O)(=O)c2ccccc2F)cn1,5.85,Ki,1400.0,nM,1
CHEMBL1224216,NC(=O)c1ccc(O[C@H]2C[C@H]3CC[C@@H](C2)N3Cc2ccccc2)c(F)c1,5.85,IC50,1400.0,nM,1
CHEMBL298858,CC(C(=O)N[C@]1(c2ccccc2)CC[C@@H](N2CCC(O)CC2)CC1)c1cc(C(F)(F)F)cc(C(F)(F)F)c1,5.85,Ki,1400.0,nM,1
CHEMBL240877,O=S(=O)(c1ccc(/C=C/c2ccccc2O)nc1)c1ccccc1F,5.85,Ki,1400.0,nM,1
CHEMBL2041185,COc1nccnc1N1C(=O)N(c2ccc(-c3ccc(C(=O)O)cc3C)cc2)C(=O)C12CCN(Cc1ncccc1C)CC2,5.85,IC50,1400.0,nM,1
CHEMBL2012179,Cc1cn(Cc2ccccc2)c2ncnc(OC3CCN(Cc4cscn4)CC3)c12,5.85,Ki,1400.0,nM,1
CHEMBL2057918,CN1CCN(c2ccc(Nc3cc(-c4cccc(-n5ccc6cc(C7CC7)cc(F)c6c5=O)c4CO)cn(C)c3=O)nc2)CC1,5.85,IC50,1400.0,nM,1
CHEMBL1171886,O=C(c1ccc(Oc2ccc(Cl)cc2)nc1)N1CCCN(C2CCC2)CC1,5.85,IC50,1400.0,nM,1
CHEMBL457930,N#Cc1cc2cc(C3(Cc4ccccc4)CCNC3)ccc2[nH]1,5.85,IC50,1400.0,nM,1
CHEMBL4525823,FC(F)(F)c1ccc2[nH]c(-c3ccc(-c4cccnc4)cc3)nc2c1,5.85,Ki,1427.0,nM,1
CHEMBL3753257,COc1ccc2ncc(F)c(CC(OCCO)C34CCC(NCc5ccc6c(n5)NC(=O)CO6)(CC3)CO4)c2n1,5.85,IC50,1400.0,nM,1
CHEMBL3084761,CN1[C@@H]2CCC[C@H]1C[C@H](NC(=O)c1cccc3oc(N4CCOCC4)nc13)C2,5.85,IC50,1400.0,nM,1
CHEMBL2158629,CCN(CC)CCSc1nc(-c2cc(OC)c(Cl)cc2Cl)c2c(C#N)c[nH]c2n1,5.85,IC50,1400.0,nM,1
CHEMBL3617330,CNc1nc(NCCN2CCNCC2)c2sc(-c3ccc(C(F)(F)F)cc3)cc2n1,5.85,IC50,1400.0,nM,1
CHEMBL380388,C[C@@H](O[C@H]1CCn2ccnc2C[C@@H]1c1ccc(F)cc1)c1cc(C(F)(F)F)cc(C(F)(F)F)c1,5.85,Ki,1400.0,nM,1
CHEMBL1910306,COCCCn1cc(CN(C(=O)[C@H]2CNCC[C@]2(O)c2ccc(F)c(F)c2)C2CC2)c2c(F)ccc(Cn3ccnc3)c21,5.85,Ki,1400.0,nM,1
CHEMBL3955023,CC(C)n1cc(C(=O)c2cncc(NC(=O)Cn3ccc(C(F)(F)F)n3)c2)c2cnccc21,5.85,Ki,1400.0,nM,1
CHEMBL223943,CC#Cc1cc(-c2n[nH]c3c2Cc2cc(CN4CCN(C)CC4)ccc2-3)cs1,5.85,IC50,1410.0,nM,1
CHEMBL3942935,CC(C)n1cc(C(=O)c2cncc(NC(=O)Cn3ccc(C4CC4)n3)c2)c2cnccc21,5.85,Ki,1400.0,nM,1
CHEMBL1668238,O=C(NC1CCCCC1)[C@H](C1CCCCC1)n1c(-c2ccc(Cl)cc2)nc2cc(F)c(F)cc21,5.85,IC50,1400.0,nM,1
CHEMBL4799528,O=C(N[C@H]1CCN(CC2CCC2)C[C@@H]1C(=O)NC1(c2ncccn2)CC1)c1cc(-c2ccc(F)cc2F)on1,5.85,IC50,1400.0,nM,1
CHEMBL4777155,COc1ccc2ncc(F)c(CC[C@H]3OC[C@H](NCc4ccc5c(n4)NC(=O)CO5)CO3)c2n1,5.85,IC50,1400.0,nM,1
CHEMBL4059846,Cc1c([C@@H](O)CN2CCC3(CC2)CCN(c2ccns2)C3)ccc2c1COC2=O,5.85,IC50,1400.0,nM,1
CHEMBL256154,CC(C)[C@]1(C(=O)NCc2cc(C(F)(F)F)cc(C(F)(F)F)c2)CC[C@@H](N2CCC(c3cncnc3)CC2)C1,5.85,IC50,1413.0,nM,1
CHEMBL1834783,CCOC(=O)[C@H]1CC[C@@H](N2CC(NC(=O)CNC3=NC(Cc4ccccc4)c4ccc(C(F)(F)F)cc43)C2)CC1,5.85,IC50,1400.0,nM,1
CHEMBL3408622,CCOc1nc(NC(=O)C2(NC(=O)c3ccc4c(c3)c(C)c(-c3ccc(F)cn3)n4C3CCCCC3)CCC2)ccc1/C=C/C(=O)O,5.85,IC50,1400.0,nM,1
CHEMBL220755,CN(CC(=O)O)C(=N)c1ccc(C(=O)Nc2ccc(Cl)cc2C(=O)Nc2ccc(Cl)cn2)cc1,5.85,Ki,1400.0,nM,1
CHEMBL3354692,COC(C)(C)C#Cc1ccc2c(c1)[C@]1(COC(N)=N1)c1cc(-c3cncnc3)ccc1O2,5.85,Ki,1420.0,nM,1
CHEMBL3359238,Cc1nc(-c2ccc(F)c(F)c2)nc(OCCCN2CCCCC2)c1Cl,5.85,IC50,1400.0,nM,1
CHEMBL220807,CN(CCCC(=O)O)C(=N)c1ccc(C(=O)Nc2ccc(Cl)cc2C(=O)Nc2ccc(Cl)cn2)cc1,5.85,Ki,1400.0,nM,1
CHEMBL1823051,CCCNS(=O)(=O)c1ccc(-c2ccc(CCN3CCC[C@H]3C)cc2)cc1,5.85,IC50,1411.76,nM,1
CHEMBL4761666,Cc1cc(NC2CCc3cc(Cl)ccc3C2)n2nc(C(C)(F)F)nc2n1,5.85,IC50,1400.0,nM,1
CHEMBL3261919,N#Cc1ccc(-c2ccc(C[C@@H](C#N)NC(=O)[C@@H]3CCCCN3)cc2)cc1,5.85,IC50,1400.0,nM,1
CHEMBL1824039,O=C1COc2ccc(CNC3CCN(CCN4C(=O)COc5ccc(OC(F)(F)F)cc54)CC3)nc2N1,5.85,IC50,1400.0,nM,1
CHEMBL3338194,CS(=O)(=O)c1ccc(-n2cc(Cl)c(OC3CCN(c4ncc(Cl)cn4)CC3)cc2=O)c(F)c1,5.85,IC50,1400.0,nM,1
CHEMBL5834586,CC1(C)Oc2ccc(Cl)cc2C2OCC3(CCN(CCn4ccnc4)CC3)CC21,5.85,IC50,1400.0,nM,1
CHEMBL5973557,CC1(C)Oc2cc(Cl)ccc2C2OCC3(CCN(CCn4ccnc4CO)CC3)CC21,5.85,IC50,1400.0,nM,1
CHEMBL4072722,COc1ccccc1CNC[C@H]1C[C@@H]1c1cc(F)ccc1OC.Cl,5.85,IC50,1400.0,nM,1
CHEMBL3234873,CC(C)(O)c1ccc(-c2cc(C(N)=O)c(Nc3cccc(CN4CCOCC4)n3)s2)cc1,5.85,IC50,1400.0,nM,1
CHEMBL3318999,N#Cc1ccc2[nH]c(C3CCN(CCn4c(=O)ccc5ncc(Oc6cccnc6)cc54)CC3)nc2c1,5.85,IC50,1400.0,nM,1
CHEMBL3310484,Fc1cc(C(CC2CNC2)Oc2ccccc2F)ccc1Cl,5.85,IC50,1410.0,nM,1
CHEMBL5977813,Cn1cncc1CN1CCC2(CC1)COC1c3ccc(Cl)cc3OC(C)(C)C1C2,5.85,IC50,1400.0,nM,1
CHEMBL5817155,Cn1cncc1CN1CCC2(CC1)COC1c3cccc(Cl)c3OC(C)(C)C1C2,5.85,IC50,1400.0,nM,1
CHEMBL4206622,Cl.Cl.FCCOc1ccc(CCN2CCN(CCc3ccccc3Cl)CC2)cc1,5.85,IC50,1400.0,nM,1
CHEMBL4753045,CC1(C)C(=O)Nc2nc(-n3nc(Cc4c(F)ccc(F)c4F)c4cc(Cl)ccc43)nc(N)c21,5.85,IC50,1400.0,nM,1
CHEMBL3318992,COc1cnc2ccc(=O)n(CCN3CCC(c4nc5cc(Cl)c(C)cc5[nH]4)CC3)c2c1,5.85,IC50,1400.0,nM,1
CHEMBL1097456,CC1(C)CC(NC(=O)CC(O)C(F)(F)F)c2cc(-c3ccc(Cl)cc3)c(-c3ccc(Cl)cc3Cl)nc2O1,5.84,IC50,1460.0,nM,1
CHEMBL3706574,COCC(=O)OC1(CCN(C)CCCc2nc3ccccc3[nH]2)CCc2cc(F)ccc2C1C(C)C,5.84,IC50,1445.44,nM,1
CHEMBL3422760,COc1ccc2ncc(CO)c(CCC34CCC(NCc5ccc6c(n5)NC(=O)CO6)(CC3)CO4)c2n1,5.84,IC50,1440.0,nM,1
CHEMBL5911009,CCn1c(NCC2CCCN2)nc2c([N+](=O)[O-])c(Br)c(Br)cc21,5.84,IC50,1460.0,nM,1
CHEMBL205741,COC(=O)c1c(NC2CCN(Cc3ccc4c(c3)OCO4)CC2)c2cc(Cl)ccc2n(C)c1=O,5.84,Ki,1440.0,nM,1
CHEMBL478462,CNC(=O)c1c(NCC2CCC3(CCCC3)CC2)nc(C#N)nc1OCC1CCN(C)CC1,5.84,IC50,1455.0,nM,1
CHEMBL564071,CC(C)CN(C(=O)c1ccccc1-c1ccccc1)[C@H]1CCNC1,5.84,IC50,1440.0,nM,1
CHEMBL224834,C(#Cc1cc(-c2n[nH]c3c2Cc2cc(Cn4ccnc4)ccc2-3)cs1)COc1ccccc1,5.84,IC50,1430.0,nM,1
CHEMBL2347418,CC(C)(C)NC(=O)c1c[nH]c2ncc(-c3nn(CCCN4CCOCC4)c4ccc(OC(F)F)cc34)nc12,5.84,IC50,1440.0,nM,1
CHEMBL3806193,CC1CCN(CCCOc2ccc(=O)n(-c3ccc(Cl)c(Cl)c3)n2)CC1,5.84,IC50,1460.0,nM,1
CHEMBL3805081,O=c1ccc(OCCCN2CCCCC2)nn1-c1ccc(Cl)cc1,5.84,IC50,1450.0,nM,1
CHEMBL4560282,CC(C)Cc1cc(CNC(=O)C2C3CN(Cc4ccccc4)CC32)nn1-c1ccccc1,5.84,IC50,1430.0,nM,1
CHEMBL3310485,Fc1cccc(OC(CC2CNC2)c2ccc(Cl)c(F)c2)c1,5.84,IC50,1460.0,nM,1
CHEMBL2017564,COc1cc(-c2cn(CC(=O)N(CC(F)(F)F)c3ccc4c(c3)CCC4)nn2)ccc1-n1cnc(C)c1,5.83,IC50,1490.0,nM,1
CHEMBL71,CN(C)CCCN1c2ccccc2Sc2ccc(Cl)cc21,5.83,IC50,1479.11,nM,1
CHEMBL299390,CCC(CC)c1cn(-c2ccc(F)cc2)c2ccc(Cl)cc12,5.83,IC50,1480.0,nM,1
CHEMBL1819255,O=C(/C=C/c1ccc(CNCCc2c(-c3ccccc3)[nH]c3ccccc23)cc1)NO,5.83,IC50,1480.0,nM,1
CHEMBL455425,CNCc1cc(C)c(C)cc1Oc1ccc(Cl)c(Cl)c1,5.83,IC50,1480.0,nM,1
CHEMBL4476467,COC(=O)C1=C(C)NC(C)=C(C(=O)NC[C@H]2CCN(CCc3ccc(OC(F)(F)F)c(F)c3)C2)C1c1cccc([N+](=O)[O-])c1,5.83,IC50,1470.0,nM,1
CHEMBL2407170,CCOC(=O)N1CCC(CN2CCC3(CC2)OC(=O)N(C)c2ncccc23)CC1,5.83,IC50,1480.0,nM,1
CHEMBL514304,Nc1ccc(-c2ccsc2)cc1NC(=O)c1ccc(CN2CCC3(CCCN3)CC2)cc1,5.83,IC50,1492.0,nM,1
CHEMBL563055,COc1ccc(Cn2c(N3CCC(NCC4CCOCC4)CC3)nc3ccccc32)cc1,5.83,Ki,1461.0,nM,1
CHEMBL4466934,COC(=O)C1=C(C)NC(C)=C(C(=O)NC[C@H]2CCN(CCc3ccc(C(F)(F)F)cc3)C2)C1c1cccc([N+](=O)[O-])c1,5.83,IC50,1480.0,nM,1
CHEMBL177401,O=S(=O)(c1cccc(F)c1)C1(F)CCN(CCc2ccc(F)cc2F)CC1,5.82,Ki,1525.0,nM,1
CHEMBL4454454,COc1ccc(-c2ccc3ncnc(N4CCC[C@H](C(=O)N5CCN(C)CC5)C4)c3c2)cn1,5.82,IC50,1500.0,nM,1
CHEMBL3785605,c1ccc2c(c1)CC(CN1CCC3(CCc4ccccc43)CC1)CO2,5.82,IC50,1500.0,nM,1
CHEMBL5961260,CC1(C)Oc2ccc(F)cc2C2OCC3(CCN(CCn4ccnc4CO)CC3)CC21,5.82,IC50,1500.0,nM,1
CHEMBL4086461,NC(=O)c1cc(Cl)c2c(Cl)c(C3CC3)n([C@@H]3CCCNC3)c2n1,5.82,IC50,1500.0,nM,1
CHEMBL4473609,Cc1cc(Nc2nccc(-c3sc(C4CCNCC4)nc3-c3ccc(F)cc3)n2)cc(C)n1,5.82,IC50,1500.0,nM,1
CHEMBL4586918,Fc1ccc(-c2nc(C3CCNCC3)sc2-c2ccnc(NCc3ccncc3)n2)cc1,5.82,IC50,1500.0,nM,1
CHEMBL4794487,O=C(NC1CCN(C2CCCCC2)CC1)c1cc(-c2ccc(F)cc2F)on1,5.82,IC50,1500.0,nM,1
CHEMBL2041175,Cc1cccnc1CN1CCC2(CC1)C(=O)N(c1ccc(-c3ccc4scnc4c3)cc1)C(=O)N2c1cc(O)ncn1,5.82,IC50,1500.0,nM,1
CHEMBL4758472,CC(C)(NC(=O)[C@H]1CN(C2CCCCC2)CC[C@@H]1NC(=O)c1cc(-c2ccc(F)cc2F)on1)c1ccccn1,5.82,IC50,1500.0,nM,1
CHEMBL3355072,C[C@@H]1Cn2ncc(-c3ccc(S(C)(=O)=O)cc3)c2CN1c1ccnc2[nH]ccc12,5.82,IC50,1500.0,nM,1
CHEMBL5400637,Cc1c(OCCNCCCF)ccc(F)c1[C@@H]1c2[nH]c3ccccc3c2C[C@@H](C)N1CC(F)(F)CO,5.82,IC50,1500.0,nM,1
CHEMBL2012259,Fc1ccccc1Cn1ccc2c(OC3CCN(Cc4cscn4)CC3)ncnc21,5.82,Ki,1500.0,nM,1
CHEMBL1771097,O=C(NC1CC1)c1ccc(OCC2CC2C2CCN(c3ncc(Cl)cn3)CC2)cc1F,5.82,IC50,1500.0,nM,1
CHEMBL2376795,CCc1ccc2c(N3CCNCC3)nc(N)nc2c1,5.82,Ki,1513.56,nM,1
CHEMBL2380450,COc1ccc(C2(c3cccc(-c4cncnc4)c3)N=C(N)c3nc(C)sc32)cc1,5.82,IC50,1500.0,nM,1
CHEMBL4286628,C=CC(=O)N[C@H]1CCN(c2ccc(C(N)=O)c(Nc3ccc(N4CCOCC4)nc3)n2)C1,5.82,IC50,1500.0,nM,1
CHEMBL5804136,CCN(CCN1CCC(c2noc3cc(F)ccc23)CC1)C(=O)C(C)(C)O,5.82,IC50,1500.0,nM,1
CHEMBL4288117,FC(F)(F)Oc1ccc(Oc2ccc(N3CCC4(CC3)OCCc3sccc34)cc2)cc1,5.82,IC50,1500.0,nM,1
CHEMBL4285798,CC1(C)CC(Nc2ccc(-c3ccc4ccccc4c3)nn2)CC(C)(C)N1,5.82,IC50,1500.0,nM,1
CHEMBL1836256,COc1cccc(CN2CCC(C#N)(CNC(=O)c3cc(CC(C)C)n(-c4ccccc4)n3)CC2)c1,5.82,IC50,1500.0,nM,1
CHEMBL4238063,Cc1nnc(C(C)C)n1[C@@H]1C[C@H]2CC[C@@H](C1)N2CC[C@H](NC(=O)C1CCCC1)c1cccs1,5.82,IC50,1520.0,nM,1
CHEMBL4757297,COc1ccc2c(c1)C(C1=C[C@H](C)N(C)CC1)=Nc1cc(Cl)ccc1N2,5.82,IC50,1500.0,nM,1
CHEMBL3892952,O=C(Nc1ccc(OC(F)(F)F)cc1)c1cnc(NCCCO)c(-c2cncnc2)c1,5.82,IC50,1500.0,nM,1
CHEMBL3086038,Cc1cc(C(NC(=O)[C@@H]2CC[C@@H](N3CCOCC3)C[C@H]2c2ccc(Br)cc2)c2ccc(Cl)cc2)ccn1,5.82,IC50,1500.0,nM,1
CHEMBL4106732,O=C(Nc1ccc(SC(F)(F)F)cc1)c1cnc(N2CC[C@@H](O)C2)c(-c2cncnc2)c1,5.82,IC50,1500.0,nM,1
CHEMBL4761962,CC1(C)C(=O)Nc2nc(-n3nc(Cc4ccccc4F)c4cc(Cl)ccc43)nc(N)c21,5.82,IC50,1500.0,nM,1
CHEMBL2380459,COc1ccc(C2(c3cccc(-c4cccnc4)c3)CC(OC)C(N)=N2)cc1,5.82,IC50,1500.0,nM,1
CHEMBL1809059,COc1cc(N2CC3CN(CCO)CC(C2)O3)ccc1Nc1ncc(Cl)c(-c2cnc3ccccn23)n1,5.82,IC50,1500.0,nM,1
CHEMBL4454058,CC(C)c1cc(C(=O)NC[C@H]2CCN(CCc3ccc(Cl)c(F)c3)C2)on1,5.82,IC50,1520.0,nM,1
CHEMBL1800770,Cc1ccc(Nc2c(-c3ccc(F)cc3)nc3n2CCN(C(=O)C(C)(C)N)C3)cc1,5.82,IC50,1500.0,nM,1
CHEMBL4593748,CC(C)c1cc(C(=O)NC[C@H]2CCN(CCc3ccc(Cl)c(Cl)c3)C2)on1,5.82,IC50,1530.0,nM,1
CHEMBL4751920,Cc1cc(N[C@H]2CCc3ccc(Cl)cc3C2)n2nc(C(C)(F)F)nc2n1,5.82,IC50,1500.0,nM,1
CHEMBL3916957,Nc1ncnc(N2CCC(c3nc(-c4ccc(F)c(C(F)(F)F)c4)cn3CCN3CCCC3)CC2)c1-c1ccc(F)cc1,5.82,IC50,1500.0,nM,1
CHEMBL4071329,Cc1c([C@@H](O)CN2CCC3(CC2)CCN(c2sncc2Cl)C3=O)ccc2c1COC2=O,5.82,IC50,1500.0,nM,1
CHEMBL1779545,Cc1c2c(n3c1CCCN1CCCC[C@@H]1[C@H](C)Nc1cc-3ccc1C(N)=O)CC(C)(C)CC2=O,5.82,IC50,1500.0,nM,1
CHEMBL4638334,CCSc1cc([C@](O)(CCN(C)C)[C@@H](c2cc3cc(C#N)ccc3nc2OC)c2ccnc(OC)c2OC)cc(SCC)n1,5.82,IC50,1500.0,nM,1
CHEMBL1829630,N#Cc1cccc([C@]2(O)CC[C@@H](N3CC(NC(=O)CNC(=O)c4cccc(C(F)(F)F)c4)C3)CC2)c1,5.82,IC50,1500.0,nM,1
CHEMBL4564985,CC(C)(O)c1cccc(-c2ccc3nc(-c4ccc(Cl)cc4)cn3c2)c1,5.82,IC50,1500.0,nM,1
CHEMBL728,CN1CCN(CCCN2c3ccccc3Sc3ccc(Cl)cc32)CC1,5.82,Ki,1514.1,nM,1
CHEMBL2012181,Clc1cn(Cc2ccccc2)c2ncnc(OC3CCN(Cc4cscn4)CC3)c12,5.82,Ki,1500.0,nM,1
CHEMBL2011947,Nc1ncnc(Nc2ccc(Oc3ccc(Cl)cc3)cc2)n1,5.82,IC50,1500.0,nM,1
CHEMBL1829611,O=C(CNC(=O)c1ccc(C(F)(F)F)cc1)NC1CN([C@H]2CC[C@H](c3ccc4c(c3)OCO4)CC2)C1,5.82,IC50,1500.0,nM,1
CHEMBL517533,NC(=O)C1CCN(Cc2ccc(Oc3nc4ccccc4s3)cc2)CC1,5.82,IC50,1500.0,nM,1
CHEMBL1836147,COc1cccc(CN2CCC(C#N)(CNC(=O)c3cc(OC)cc(OC)c3)CC2)c1,5.82,IC50,1500.0,nM,1
CHEMBL1935447,COc1ccc(Cn2c([C@H]3CNCCS3)nc3ccccc32)cc1,5.82,IC50,1500.0,nM,1
CHEMBL4788650,CCN1CC2(CCN(CCc3ccc(F)cc3)CC2)O[C@H](C)C1=O,5.82,IC50,1500.0,nM,1
CHEMBL3128198,Nc1nc2c(s1)CC[C@H]2C(=O)Nc1ccc(C[C@@H]2CC[C@H]([C@H](O)c3cccc(Cl)c3)N2)cc1,5.82,IC50,1500.0,nM,1
CHEMBL1092766,C[C@H](c1cccnc1Cl)c1c(CCN(C)C)sc2ccccc12,5.82,IC50,1500.0,nM,1
CHEMBL1082606,Cc1nc(-c2cccnc2)sc1-c1ccc2cc(CCN3CCC[C@H]3C)ccc2n1,5.82,Ki,1500.0,nM,1
CHEMBL497054,Fc1ccc2c([C@@H]3CNCC[C@H]3F)c(-c3ccsc3)[nH]c2c1,5.82,Ki,1500.0,nM,1
CHEMBL468301,CCN1CCN(c2cc3[nH]c(S[C@]4(C)CC[C@H](NC(=O)OC)CC4)nc3cc2Cl)CC1,5.82,IC50,1500.0,nM,1
CHEMBL1649913,CC(=O)N[C@@H](CCN1[C@@H]2CC[C@H]1C[C@@H](n1c(C)nc3ccccc31)C2)c1ccccc1,5.82,IC50,1500.0,nM,1
CHEMBL1223952,NC(=O)c1cccc(C[C@H]2C[C@H]3CC[C@@H](C2)N3Cc2ccccc2)c1,5.82,IC50,1500.0,nM,1
CHEMBL1642913,NCC[C@H]1Cc2ccccc2[C@@H](c2ccc(Cl)c(Cl)c2)C1,5.82,IC50,1510.0,nM,1
CHEMBL1224068,NC(=O)c1cncc(O[C@H]2C[C@H]3CC[C@@H](C2)N3Cc2ccccc2)c1,5.82,IC50,1500.0,nM,1
CHEMBL1085397,C[C@@H]1CCCN1CCc1ccc2nc(-c3c(-c4ccccc4)nn(C)c3Cl)ccc2c1,5.82,Ki,1500.0,nM,1
CHEMBL204408,CC(C)(C)[C@H](N)C(=O)N1CC(c2cc(F)ccc2F)=C[C@H]1c1ccccc1,5.82,IC50,1500.0,nM,1
CHEMBL472168,Cc1ccccc1C1CCN(C[C@@H]2CCc3cccnc3[C@@H](O)C2)CC1,5.82,IC50,1500.0,nM,1
CHEMBL487485,O[C@H]1C[C@H](CN2CCC(c3ccccc3Cl)CC2)CCc2cccnc21,5.82,IC50,1500.0,nM,1
CHEMBL473485,Nc1ccc(-c2ccsc2)cc1N,5.82,IC50,1500.0,nM,1
CHEMBL395458,N#Cc1cc(F)ccc1/C=C/c1ccc(S(=O)(=O)c2ccccc2F)cn1,5.82,Ki,1500.0,nM,1
CHEMBL1084584,CCOC(=O)c1c(C)noc1-c1ccc2cc(CCN3CCC[C@H]3C)ccc2n1,5.82,Ki,1500.0,nM,1
CHEMBL558442,O=C(NCc1ccc(Cl)cc1O)C1CCN(Cc2ccn(-c3ccc(C(F)(F)F)cc3)c2)CC1,5.81,IC50,1550.0,nM,1
CHEMBL2171419,Cl.Fc1cc(C(Oc2ccccc2)C2CNC2)ccc1Cl,5.81,IC50,1560.0,nM,1
CHEMBL3359237,Cc1nc(-c2ccc(F)cc2)nc(OCCCN2CCCCC2)c1Cl,5.81,IC50,1540.0,nM,1
CHEMBL599480,CCN1C[C@H]2C[C@@H](N(Cc3ccc(F)c(C(F)(F)F)c3)C(=O)c3cn(C)cn3)C[C@H]2C1,5.81,IC50,1540.0,nM,1
CHEMBL3422762,COc1ccc2ncc(S(C)(=O)=O)c(CCC34CCC(NCc5ccc6c(n5)NC(=O)CO6)(CC3)CO4)c2n1,5.81,IC50,1550.0,nM,1
CHEMBL550308,O=C(NCc1ccc(O)cc1Cl)C1CCN(Cc2ccn(-c3ccc(C(F)(F)F)cc3)c2)CC1,5.81,IC50,1550.0,nM,1
CHEMBL3287926,Clc1ccc(Sc2c[nH]nc2-c2ccc3c(c2)OCCO3)cc1,5.81,Ki,1538.0,nM,1
CHEMBL1258425,c1ccc2c(N3CCN(CCCCOc4ccc5c(c4)CNC5)CC3)cccc2c1,5.81,Ki,1560.0,nM,1
CHEMBL1819256,O=C(/C=C/c1ccc(CNCCc2c(-c3ccccn3)[nH]c3ccccc23)cc1)NO,5.81,IC50,1540.0,nM,1
CHEMBL3596502,COc1cccc2c1nc(N)n1nc(CN3CCN(c4ccc(F)cc4)C[C@H]3C)nc21,5.81,IC50,1551.0,nM,1
CHEMBL4865907,CN1CCN(Cc2ccc(OCCCN3CCC(c4noc5cc(F)ccc45)CC3)cc2)CC1,5.81,IC50,1560.4,nM,1
CHEMBL438889,CNCc1cc(N2CCCS2(=O)=O)ccc1Oc1ccc(Cl)cc1Cl,5.81,Ki,1556.0,nM,1
CHEMBL495702,Nc1ccc(-c2cccs2)cc1N,5.8,IC50,1600.0,nM,1
CHEMBL474890,Nc1ccc(-c2cccs2)cc1NC(=O)c1ccc(CN2CCC3(CCCN3)CC2)cc1,5.8,IC50,1597.0,nM,1
CHEMBL6049947,CCn1c(N2CCNCC2)nc2c([N+](=O)[O-])c(Br)c(Br)cc21,5.8,IC50,1600.0,nM,1
CHEMBL554511,O=C(NCc1ccc(Cl)cc1Cl)N1CCN(Cc2ccn(-c3ccc(C(F)(F)F)cc3)c2)CC1,5.8,IC50,1600.0,nM,1
CHEMBL551536,CN(Cc1ccccc1)C(=O)c1ccc(C2=CC3(CCNCC3)Oc3ccccc32)cc1,5.8,IC50,1571.0,nM,1
CHEMBL3775946,Cn1c(SCCCN2CC3CCN(c4c(F)cccc4C(F)(F)F)C3C2)nnc1-c1cnccn1,5.8,IC50,1584.89,nM,1
CHEMBL2,COc1cc2nc(N3CCN(C(=O)c4ccco4)CC3)nc(N)c2cc1OC,5.8,IC50,1584.89,nM,1
CHEMBL3775214,Cn1c(SCCCN2CC3CCN(c4ccccc4C(F)(F)F)C3C2)nnc1-c1ccncc1,5.8,IC50,1584.89,nM,1
CHEMBL3753912,COc1ccc2ncc(F)c(C/C(=N\O)C34CCC(NCc5ccc6c(n5)NC(=O)CO6)(CC3)CO4)c2n1,5.8,IC50,1600.0,nM,1
CHEMBL239299,C[C@@H]1CCCN1CCCOc1ccc(N2CCN(C(=O)c3ccc(F)cc3F)CC2=O)cc1.O=CO,5.8,IC50,1584.89,nM,1
CHEMBL5866597,CC(C)(C)OC(=O)N1CCN(c2nc3c([N+](=O)[O-])c(Br)c(Br)cc3[nH]2)CC1,5.8,IC50,1600.0,nM,1
CHEMBL561512,O=C1N(CCN2Cc3ccccc3C2)CCN1c1cc(Cl)cc(Cl)c1,5.8,IC50,1584.89,nM,1
CHEMBL3688388,O=c1[nH]c2ccc(OC[C@@H](O)CN3CCN(c4ccc(Cl)cc4)CC3)cc2o1,5.8,Ki,1600.0,nM,1
CHEMBL560182,CCc1oc(CCc2cc(N3CCOCC3)cc(NCC(F)(F)F)n2)nc1C,5.8,IC50,1600.0,nM,1
CHEMBL5954657,CNC[C@@H](c1ccc(Cl)c(Cl)c1)[C@@H](O)c1ccsc1,5.8,IC50,1600.0,nM,1
CHEMBL560921,CCc1oc(CCc2cc(N3CCOCC3)cc(NCCC#N)n2)nc1C,5.8,IC50,1600.0,nM,1
CHEMBL3696119,Cc1cc2nc(/C=C/C3CCNC3)n(Cc3ccc(Cl)cc3)c2cc1C,5.8,IC50,1600.0,nM,1
CHEMBL549894,CC(C)N1CCN(CCN2CCN(c3cccc(OC(F)(F)F)c3)C2=O)CC1,5.8,IC50,1584.89,nM,1
CHEMBL494350,C[C@@H]1CN(CCO)CCN1c1cc2[nH]c(SC(C)(C)C)nc2cc1Cl,5.8,IC50,1600.0,nM,1
CHEMBL3922790,CCN1CCCC1CNC(=O)c1ccc(Cn2c(Cc3c(Cl)cccc3Cl)nc3ccccc32)cc1,5.8,IC50,1570.0,nM,1
CHEMBL551914,CC1CCN(CCN2CCN(c3cccc(Cl)c3)C2=O)CC1,5.8,IC50,1584.89,nM,1
CHEMBL4095178,COc1cccnc1Cn1ccc2nc(N)nc(NCc3cc(C)on3)c21,5.8,IC50,1600.0,nM,1
CHEMBL3893197,c1cnc2c(N3CCN(CCCCc4ccc(OCCCN5CCCCCC5)cc4)CC3)cccc2c1,5.8,IC50,1584.89,nM,1
CHEMBL243001,Cc1nc2ccc(Oc3ccc(F)cc3)cc2c(=O)n1C[C@H]1CCCN(C(C)C)C1,5.8,IC50,1600.0,nM,1
CHEMBL478616,Cc1cccc2c(=O)n(-c3ccc(OCCCN4CCCC4)cc3)c(C)nc12,5.8,IC50,1600.0,nM,1
CHEMBL4543900,COc1cc([C@](O)(CCN(C)C)[C@@H](c2cc3cc(C#N)ccc3nc2OC)c2cccc3c2OCO3)cc(OC)n1,5.8,IC50,1600.0,nM,1
CHEMBL257716,Cc1ccc2c(-c3nnc(SCCCN4CCc5nc6ccc(Cl)cn6c5CC4)n3C)cccc2n1,5.8,IC50,1584.89,nM,1
CHEMBL523245,Fc1ccc(-c2[nH]c3cc(F)ccc3c2[C@@H]2CNCC[C@H]2F)cc1,5.8,Ki,1600.0,nM,1
CHEMBL4643319,Cn1cc(-c2cc(F)cc(-n3ncc4cc(C(C)(C)C)cc(F)c4c3=O)c2CO)cc(NC(=O)[C@@H]2C[C@@H]2F)c1=O,5.8,IC50,1600.0,nM,1
CHEMBL4777122,Cc1cc(Cl)cc(N2C=Nc3cc(C)c(-c4cc(F)cc(C#N)c4)cc3C2C(=O)N(C)C[C@@H]2CCCN2)c1,5.8,IC50,1584.89,nM,1
CHEMBL403090,CNCc1cc(N2CCCS2(=O)=O)ccc1Oc1ccc(Cl)cc1C,5.8,Ki,1590.0,nM,1
CHEMBL4776090,Cc1ccc2c(c1)N=C(C1=C[C@H](C)N(C)CC1)c1cc(F)ccc1N2,5.8,IC50,1600.0,nM,1
CHEMBL1956285,Cc1cc(Nc2ccc(S(F)(F)(F)(F)F)cc2)n2nc(C(C)(F)F)nc2n1,5.8,IC50,1600.0,nM,1
CHEMBL497171,CCCCNc1nccc2[nH]c3ccccc3c12,5.8,IC50,1584.89,nM,1
CHEMBL4756352,N[C@@H](C(=O)N1CC(CNc2ccc(F)cc2)C2(C1)CN(c1cc(F)cc(F)c1)C2)c1ccc(O)cc1,5.8,IC50,1600.0,nM,1
CHEMBL3916864,CN(C)CCn1cc(-c2ccc(F)c(C(F)(F)F)c2)nc1C1CCN(c2ncnc(N)c2C#N)CC1,5.8,IC50,1600.0,nM,1
CHEMBL256482,CCc1nc2cc3c(c(Br)c2o1)CCN(CCCCSc1nnc(-c2cccc4nc(C)ccc24)n1C)CC3,5.8,IC50,1584.89,nM,1
CHEMBL256481,Cc1ccc2c(-c3nnc(SCCCCN4CCc5cc6nc(C)oc6c(C)c5CC4)n3C)cccc2n1,5.8,IC50,1584.89,nM,1
CHEMBL4845961,CC(C)(NC(=O)c1ccc(Cl)cc1)[C@H]1[C@@H]2C[C@@H](n3cnc4cc(F)c(F)cc43)C[C@@H]21,5.8,IC50,1600.0,nM,1
CHEMBL4535526,CCC(CC)CNc1c(C(N)=O)cnc2ccc(-c3ccnnc3)cc12,5.8,IC50,1600.0,nM,1
CHEMBL247689,O=C(NC1CCN(Cc2ccc(OCC(F)(F)F)c(F)c2)CC1)c1cc(=O)c2ccc(F)cc2o1,5.8,IC50,1600.0,nM,1
CHEMBL4453497,COc1ncc(-c2ccc3ncnc(-c4cccc(C(=O)N5CCN(C)CC5)c4)c3c2)cc1C(F)(F)F,5.8,IC50,1600.0,nM,1
CHEMBL6028484,Cn1ccc(Cn2cc(-c3cccc(OC(F)(F)F)c3)cn2)n1,5.8,IC50,1590.0,nM,1
CHEMBL246635,CC(C(O)c1ccc2c(c1)OCC(=O)N2)N1CCC(O)(c2ccc(F)cc2)CC1,5.8,IC50,1600.0,nM,1
CHEMBL4081529,CC(C)Cc1cc(CNS(=O)(=O)c2cccc3cccnc23)nn1-c1ccc(F)cc1,5.8,IC50,1600.0,nM,1
CHEMBL4162672,COc1nc2ccccc2cc1C(c1ccccc1)C(O)(CCN(C)C)c1cccc2ccccc12,5.8,IC50,1600.0,nM,1
CHEMBL4175534,COCCNCCC(=O)N[C@H]1c2ccccc2C[C@@H]1NC(=O)c1cc2ccccc2n1C,5.8,IC50,1584.89,nM,1
CHEMBL554738,CN(CCN1CCN(c2cccc(Cl)c2)C1=O)Cc1cc2ccccc2s1,5.8,IC50,1584.89,nM,1
CHEMBL4237244,CC(C)Cc1ccc2ncccc2c1NS(=O)(=O)c1ccc(CCCO[C@@H]2C[C@H]3CC[C@@H](C2)N3C)cc1,5.8,IC50,1600.0,nM,1
CHEMBL403815,Cc1ccc2c(-c3nnc(SCCCN4CCc5c(Cl)cc6oc(C)nc6c5CC4)n3C)cccc2n1,5.8,IC50,1584.89,nM,1
CHEMBL404404,Cc1ccc(-c2nnc(SCCCN3CCc4ccc5oc(C(F)(F)F)nc5c4CC3)n2C)cn1,5.8,IC50,1584.89,nM,1
CHEMBL469995,Cc1ccc2c(N3CCN(CCc4cccc5c4OCC(=O)N5CC4CC4)CC3)cccc2n1,5.8,Ki,1584.89,nM,1
CHEMBL469568,Cc1ccc2c(N3CCN(CCc4cccc5c4OCC(=O)N5C4CC4)CC3)cccc2n1,5.8,Ki,1584.89,nM,1
CHEMBL4528447,CNC(=O)c1c(-c2ccc(F)cc2)oc2cc(N(c3ccc(B(O)O)c(Cl)c3)S(C)(=O)=O)c(C3CC3)cc12,5.8,IC50,1600.0,nM,1
CHEMBL563580,O=C1N(CCN2[C@@H]3CCC[C@H]2CC3)CCN1c1cccc(Cl)c1,5.8,IC50,1584.89,nM,1
CHEMBL269994,CCc1nc2cc3c(c(C)c2o1)CCN(CCCCSc1nnc(-c2cccc4nc(C)ccc24)n1C)CC3,5.8,IC50,1584.89,nM,1
CHEMBL1080489,COc1cccc(C23CC2CN(CCCSc2nnc(-c4ocnc4C)n2C)C3)c1,5.8,IC50,1584.89,nM,1
CHEMBL1079667,Cc1ncoc1-c1nnc(SCCCN2CC3CC3(c3ccccc3)C2)n1C,5.8,IC50,1584.89,nM,1
CHEMBL2380439,CCC1(c2cccc(-c3cncnc3)c2)N=C(N)c2ccccc2O1,5.8,IC50,1600.0,nM,1
CHEMBL2387229,Cc1cc(=O)oc2c(Cl)c(OCCCCN3CCC(c4noc5cc(F)ccc45)CC3)ccc12,5.8,IC50,1591.0,nM,1
CHEMBL2391810,O=C(c1ccc(O)cc1OC[C@@H](O)CN1CCC2(CC1)Cc1cc(Cl)ccc1O2)N1CCC(O)CC1,5.8,IC50,1600.0,nM,1
CHEMBL1762810,COC1CCN(Cc2csc(-c3cn(CC4CCOCC4)c4c(Cl)cccc34)n2)CC1,5.8,Ki,1584.89,nM,1
CHEMBL1834758,Cc1cccc(Nc2nc(N[C@H]3CCCNC3)ncc2C(N)=O)c1,5.8,IC50,1584.89,nM,1
CHEMBL2036749,O=C(Nc1ccc(Cl)c(Cl)c1)N1CCN(CC2CCCNC2)CC1,5.8,IC50,1600.0,nM,1
CHEMBL2325984,NC1(C(=O)NC(c2ccccc2)c2ccc(Cl)cc2)CCN(c2ncnc3[nH]ccc23)CC1,5.8,IC50,1600.0,nM,1
CHEMBL6022823,COC[C@H](CCc1ccc(Cl)c(Cl)c1)N1Cc2ccc(F)cc2C1,5.8,IC50,1600.0,nM,1
CHEMBL3219616,CC[C@]1(c2cccc(NS(C)(=O)=O)c2)[C@@H]2CN(CC3(O)Cc4ccccc4C3)C[C@@H]21,5.8,IC50,1600.0,nM,1
CHEMBL1224067,NC(=O)c1cc(O[C@H]2C[C@H]3CC[C@@H](C2)N3Cc2ccccc2)ccn1,5.8,IC50,1600.0,nM,1
CHEMBL2338405,CC(C)(C)NC(=O)NCCN1CCN(CC(=O)Nc2cc(Cl)cc(Cl)c2)CC1,5.8,IC50,1600.0,nM,1
CHEMBL2325429,Cc1ccc(C(=O)N(CCCN)[C@@H](c2oc3cc(Cl)ccc3c(=O)c2Cc2ccccc2)C(C)C)cc1,5.8,IC50,1600.0,nM,1
CHEMBL1209124,Cl.Oc1cncc(-c2ccccc2O[C@H]2C[C@@H]3CNC[C@H]2C3)c1,5.8,Ki,1580.0,nM,1
CHEMBL5916170,CC1(C)Oc2ccc(Cl)cc2C2OCC3(CCN(C(=O)Cn4ccnc4CO)CC3)CC21,5.8,IC50,1600.0,nM,1
CHEMBL1774024,O=C(N[C@H]1C[C@H]2CC[C@@H](C1)N2)[C@@H](Cc1ccc(Cl)cc1)NC(=O)C1(c2ccc(Cl)cc2)CC1,5.8,Ki,1584.89,nM,1
CHEMBL2146876,COc1cc(CCN2CCN(CCc3ccc4c(c3)COC4=O)CC2)ccc1C#N,5.8,IC50,1600.0,nM,1
CHEMBL2151438,c1cc(-c2cnc3c(c2)C[C@@]2(CN4CCC2CC4)O3)co1,5.8,IC50,1600.0,nM,1
CHEMBL2158822,O=C(O)c1ccccc1N1CCC(CN2CCC(Oc3ccc(Cl)c(Cl)c3)CC2)CC1,5.8,IC50,1584.89,nM,1
CHEMBL1224639,CC(C)c1ccc(S(=O)(=O)Nc2ccc([C@@]34C[C@@H]3CN(C)C4)cc2)cc1,5.8,IC50,1584.89,nM,1
CHEMBL1095151,Cc1n[nH]c(C)c1C(=O)N[C@@H]1CC(C)(C)Oc2nc(-c3ccc(Cl)cc3Cl)c(-c3ccc(Cl)cc3)cc21,5.8,IC50,1600.0,nM,1
CHEMBL2164203,CNC(=O)N(Cc1ccsc1)C1CCN([C@H](C)CCNC(=O)c2c(C)cc(Cl)nc2C)CC1,5.8,IC50,1600.0,nM,1
CHEMBL6064020,CC1(C)Oc2ccc(Cl)cc2C2OCC3(CCN(CCn4cnc(CO)c4)CC3)CC21,5.8,IC50,1600.0,nM,1
CHEMBL2177905,NC1=NC(c2ccncc2)(c2cccc(-c3cncc(F)c3)c2)c2cccc(F)c21,5.8,IC50,1600.0,nM,1
CHEMBL1223657,CC(C)c1ccc(S(=O)(=O)Nc2ccc(C34CNCC3C4)cc2)cc1,5.8,IC50,1584.89,nM,1
CHEMBL1085398,Cc1onc(-c2ccccc2)c1-c1ccc2cc(CCN3CCC[C@H]3C)ccc2n1,5.8,Ki,1600.0,nM,1
CHEMBL2036748,CN1CCCC(CN2CCN(C(=O)Nc3ccc(Cl)c(Cl)c3)CC2)C1,5.8,IC50,1600.0,nM,1
CHEMBL1224288,Oc1cccc(O[C@H]2C[C@H]3CC[C@@H](C2)N3Cc2ccccc2)c1,5.8,IC50,1600.0,nM,1
CHEMBL1242904,Cc1ccc2c(N3CCN(CCc4cccc5c4OCc4nccn4-5)CC3)cccc2n1,5.8,Ki,1584.89,nM,1
CHEMBL3605006,COC(=O)C1(COc2ccc3ncc(F)c(CCC45CCC(NCc6ccc7c(n6)NC(=O)CO7)(CC4)CO5)c3n2)CC1,5.8,IC50,1600.0,nM,1
CHEMBL1270366,N#Cc1nc(CCCNC2(C(N)=O)CC2)cc(-c2cccc(C(F)(F)F)c2)n1,5.8,Ki,1580.0,nM,1
CHEMBL1290038,N#Cc1ccc2[nH]c([C@H]3CC[C@]4(CC3)CN(c3ccc(F)cc3)C(=O)O4)nc2c1,5.8,IC50,1584.89,nM,1
CHEMBL3582329,CCn1cc([C@@]2(c3nnc(SC)o3)N[C@@H](c3nc(-c4ccc(F)cn4)c[nH]3)Cc3c2[nH]c2ccccc32)cn1,5.8,IC50,1600.0,nM,1
CHEMBL1836262,CC(C)Cc1cc(C(=O)NCC2(C#N)CCN(CCc3ccccc3)CC2)nn1-c1ccccc1,5.8,IC50,1570.0,nM,1
CHEMBL1642362,O=C(NC1CCCCC1)[C@H](C1CCCCC1)n1c(-c2ccc(Cl)cc2)nc2cc(F)c(Cl)cc21,5.8,IC50,1600.0,nM,1
CHEMBL1836153,COc1cc(OC)cc(C(=O)NCC2(C#N)CCN(CCc3ccccc3)CC2)c1,5.8,IC50,1570.0,nM,1
CHEMBL3608683,CC(C)c1noc(-c2nnc3n2CCN(C(=O)c2ccc(F)cc2)[C@@H]3C)n1,5.8,IC50,1600.0,nM,1
CHEMBL566685,COc1cnc2c(NCc3nnc4ccc(-c5cc(C)ns5)nn34)ccnc2c1,5.8,Ki,1600.0,nM,1
CHEMBL3609627,COc1cc(-c2cn(C3CCc4ccccc4N(CC4CC4)C3=O)nn2)ccc1-n1cnc(C)c1,5.8,IC50,1580.0,nM,1
CHEMBL218038,CN(C)C(=N)c1ccc(C(=O)Nc2ccc(Cl)cc2C(=O)Nc2ccc(Cl)cn2)c(N2CCCC(C(=O)O)C2)c1,5.8,Ki,1600.0,nM,1
CHEMBL3922798,CCc1c(N)ncnc1N1CCC(c2nc(-c3ccc(F)c(C(F)(F)F)c3)cn2CCN2CCC2)CC1,5.8,IC50,1600.0,nM,1
CHEMBL560270,Cc1cccc(N2CCN(CCN(C)C[C@]34CC[C@H](CC3)C4(C)C)C2=O)c1,5.8,IC50,1584.89,nM,1
CHEMBL1835059,Cc1cccc(Nc2nc(NC3CNC3)ncc2C(N)=O)c1,5.8,IC50,1584.89,nM,1
CHEMBL3577940,CC(C)N(C)[C@@H]1CC[C@H](NC(=O)CNC(=O)c2cccc(C(F)(F)F)c2)[C@H](CCc2ccccc2)C1,5.8,IC50,1600.0,nM,1
CHEMBL2010837,CN(C(=O)Cc1ccccc1)C1CCN(Cc2ccc(C(F)(F)F)cc2)CC1,5.8,IC50,1600.0,nM,1
CHEMBL3422237,Cc1cc([C@H]2C[C@H]3CSC(N)=N[C@@]3(c3ccc(F)cc3F)CO2)on1,5.8,IC50,1600.0,nM,1
CHEMBL1289509,Cc1ccc2c(N3CCN(CCc4c(C)ccc5c4ccc(=O)n5C)[C@@H](C)C3)cccc2n1,5.8,Ki,1584.89,nM,1
CHEMBL576821,Cc1c(CN([C@@H]2CCNC2)S(C)(=O)=O)ccc2cc(F)ccc12,5.8,Ki,1600.0,nM,1
CHEMBL1762801,Fc1cccc2c(-c3nc(CN4CCCC4)cs3)cn(CC3CCOCC3)c12,5.8,Ki,1584.89,nM,1
CHEMBL1642897,CN[C@H]1Cc2ccccc2[C@@H](c2ccc(Cl)c(Cl)c2)C1,5.8,IC50,1600.0,nM,1
CHEMBL1241912,CNC(=O)c1ncn2c1COc1c(CCN3CCN(c4cccc5nc(C)ccc45)CC3)cccc1-2,5.8,IC50,1584.89,nM,1
CHEMBL1951598,COc1cccc(C(=O)Cn2c(=O)c3c(c(C#N)c(N4CCC[C@H](N)C4)n3CC=C(C)C)n(C)c2=O)c1,5.8,IC50,1600.0,nM,1
CHEMBL3415588,COC[C@H](N)CNc1cnc(C(N)=O)c(Nc2cc(C)cc(C)n2)c1,5.8,IC50,1600.0,nM,1
CHEMBL1257809,Cc1ncoc1-c1nnc(SCCCN2CCC3CC3(c3ccc(C(F)(F)F)cc3)CC2)n1C,5.8,IC50,1584.89,nM,1
CHEMBL3415583,Cc1cc(C)nc(Nc2cc(N[C@@H]3CCCC[C@@H]3N)cnc2C(N)=O)c1,5.8,IC50,1600.0,nM,1
CHEMBL1784405,Cc1nc2ccccc2n1C1CC2CCC(C1)N2CCC1(c2cccc(F)c2)CCN(C(=O)C(C)(C)C)CC1,5.8,IC50,1584.89,nM,1
CHEMBL1171002,O=C(c1ccc(Oc2cccc(Cl)c2)nc1)N1CCCN(C2CCC2)CC1,5.8,IC50,1600.0,nM,1
CHEMBL4634921,COc1cc(/C=C2\CCCN3C2=NO[C@H](c2cc(F)c(F)c(F)c2)[C@@H]3C)ccc1-n1cnc(C)c1,5.79,IC50,1607.0,nM,1
CHEMBL5794270,Clc1ccc(-n2cc(Cn3ccnc3C3CC3)nn2)c(Cl)c1,5.79,IC50,1620.0,nM,1
CHEMBL523671,CS(=O)(=O)Nc1ccc(OC[C@@H](O)CNCCc2ccc(F)c(F)c2)cc1,5.79,IC50,1630.0,nM,1
CHEMBL2204936,Cc1nc([C@@]2(c3cnn(C)c3)N[C@@H](c3nc(-c4ccc(F)cc4)c[nH]3)Cc3c2[nH]c2ccccc32)no1,5.79,Ki,1638.0,nM,1
CHEMBL2324250,c1ccc(CCc2cccc(CCc3ccccc3)n2)cc1,5.79,IC50,1608.0,nM,1
CHEMBL488435,CNCc1cc(Br)ccc1Oc1ccc(Cl)c(Cl)c1,5.79,IC50,1620.0,nM,1
CHEMBL447864,CNCc1ccc(Cl)cc1Oc1ccc(C)cc1,5.79,IC50,1640.0,nM,1
CHEMBL3805101,CC1CCN(CCCOc2ccc(=O)n(-c3ccc(Cl)cc3)n2)CC1,5.79,IC50,1610.0,nM,1
CHEMBL3323078,CCOC(=O)c1ccc([C@]2(c3cnn(C)c3)N[C@@H](c3nc(-c4ccc(F)cc4)c[nH]3)Cc3c2[nH]c2ccccc32)nc1,5.79,IC50,1611.0,nM,1
CHEMBL4088287,CCOC(=O)C1=C(CN2CCOCC2)NC(c2nc(CC(=O)OC)cs2)=NC1c1ccc(F)cc1Br,5.79,IC50,1640.0,nM,1
CHEMBL4575608,Oc1ccc(-c2ccc(-c3nc4cc(C(F)(F)F)ccc4[nH]3)cc2)cc1,5.79,Ki,1641.0,nM,1
CHEMBL1642906,CNC[C@H]1Cc2ccccc2[C@H](c2ccc(Cl)c(Cl)c2)C1,5.79,IC50,1610.0,nM,1
CHEMBL1644611,N#Cc1cc(O[C@@H]2C[C@H]3CC[C@@H](C2)N3)cc(-c2ccccn2)c1,5.79,Ki,1621.0,nM,1
CHEMBL3703265,NC1=NC2(CO1)c1cc(-c3cncc(OCC(F)(F)C(F)F)c3)ccc1OCC21CC1,5.78,IC50,1670.0,nM,1
CHEMBL409459,Cc1cc(C)n(-c2cc(NC(=O)CN3CCC(CN(C)C)CC3)nc(-c3ccc(C)o3)n2)n1,5.78,IC50,1670.0,nM,1
CHEMBL1258532,Fc1ccc2cccc(N3CCN(CCCCOc4ccc5c(c4)CNC5)CC3)c2c1,5.78,Ki,1680.0,nM,1
CHEMBL596700,Cn1cnc(C(=O)N(Cc2cccc(OC(F)(F)F)c2)[C@H]2C[C@H]3CNC[C@H]3C2)c1,5.78,Ki,1650.0,nM,1
CHEMBL4085417,CCCCc1cc(OC2CCN(CCS(=O)(=O)CC)CC2)c2ncccc2c1.Cl.Cl,5.78,IC50,1659.59,nM,1
CHEMBL3613449,CCC(C)[C@@H](CN1CCC(C)(c2cccc(F)c2)CC1)NC(=O)[C@H]1Cc2ccc(O)cc2CN1,5.78,Ki,1666.0,nM,1
CHEMBL459600,CC(C)c1noc(C2CCN(C(C)C[C@H](NC(=O)C3CCC3)c3ccccc3)CC2)n1,5.78,IC50,1650.0,nM,1
CHEMBL215050,COCCN(C)CCn1c(C#N)c(-c2cccc(F)c2)c2cc(OC)ccc2c1=O,5.78,IC50,1650.0,nM,1
CHEMBL1796064,COCCCc1cc(CN(C(=O)[C@H]2CNCC[C@@H]2c2ccn(C)c(=O)c2)C2CC2)cc(-c2ccccc2)c1,5.77,Ki,1700.0,nM,1
CHEMBL462605,Clc1ccc(CCCOCCCN2CCCCC2)cc1,5.77,IC50,1700.0,nM,1
CHEMBL3415593,COc1cc(C)nc(Nc2cc(N[C@@H]3CCCC[C@@H]3N)cnc2C(N)=O)c1,5.77,IC50,1700.0,nM,1
CHEMBL1683074,CO[C@@H]1COCC[C@@H]1N[C@@H]1CC[C@@](C(=O)N2CCN(c3cc(C(F)(F)F)ccn3)CC2)(C(C)C)C1,5.77,IC50,1700.0,nM,1
CHEMBL3417042,Clc1ccc(-n2cc(NCCN3CCCCC3)nn2)cc1Cl,5.77,IC50,1700.0,nM,1
CHEMBL2016935,O[C@]1(c2ccc(F)c(F)c2)CCNC[C@@H]1c1cc(-c2ccc(F)cc2Br)no1,5.77,Ki,1700.0,nM,1
CHEMBL493078,CS(=O)(=O)Nc1ccc(OC[C@@H](O)CN(CCc2ccc(Cl)c(Cl)c2)Cc2ccc(F)c(F)c2F)cc1,5.77,IC50,1700.0,nM,1
CHEMBL561324,COc1ccc2c(c1)OC(c1ccc(OCCCN3CCCC3)cc1)C(C)S2(=O)=O,5.77,IC50,1700.0,nM,1
CHEMBL4587540,CCOc1ccc2cc(-c3nn(CC4CNC4)c4ncnc(N)c34)ccc2c1,5.77,IC50,1700.0,nM,1
CHEMBL4517731,CN1CCC(Cn2nc(-c3ccc4nc(OC5CC5)ccc4c3)c3c(N)ncnc32)CC1,5.77,IC50,1700.0,nM,1
CHEMBL4522192,COc1cc(C(O)(CCN(C)C)C(c2cc3cc(Br)ccc3nc2OC)c2cccc(OC)c2F)c(OC)cn1,5.77,IC50,1700.0,nM,1
CHEMBL1835141,Cn1cc(-c2ccc3c(c2)[nH]c2c(C(N)=O)cnc(NC(C4CC4)C4CC4)c23)cn1,5.77,IC50,1700.0,nM,1
CHEMBL4574425,COc1cc([C@](O)(CCN(C)C)[C@H](c2cccnc2OC)c2cc3cc(Br)ccc3nc2OC)cc(OC)n1,5.77,IC50,1700.0,nM,1
CHEMBL3219276,CC(=O)Nc1cccc(C2CCN(Cc3ccc(C(=O)c4nc(C)c(C)n4-c4ccc(F)cc4)cc3)CC2)c1,5.77,IC50,1700.0,nM,1
CHEMBL3219001,CC(=O)Nc1cccc(C2CCN(Cc3ccc(C(=O)c4nc5ccccc5n4-c4ccc(Cl)cc4)cc3)CC2)c1,5.77,IC50,1700.0,nM,1
CHEMBL519067,CCn1c(-c2ccc(OCCCN3CCCCC3)cc2)nc2ccccc2c1=O,5.77,IC50,1700.0,nM,1
CHEMBL4645343,CN(C)Cc1ccc(-n2cc(-c3ccc4cc[nH]c4c3)c3c(Cl)ccnc32)cc1,5.77,IC50,1700.0,nM,1
CHEMBL4790844,CN1CCCC1CCOc1ccc(/C(=C(/CCCO)c2ccccc2)c2ccc(Br)cc2)cc1.Cl,5.77,IC50,1700.0,nM,1
CHEMBL4754023,CC1(CN)CCN(c2cnc(-c3cccc(Cl)c3Cl)c(N)n2)CC1,5.77,IC50,1700.0,nM,1
CHEMBL4794107,Cc1cc(NC2Cc3cc(F)c(F)cc3C2)n2nc(C(C)(F)F)nc2n1,5.77,IC50,1700.0,nM,1
CHEMBL3415587,Cc1cc(C)nc(Nc2cc(NCC3(N)CC3)cnc2C(N)=O)c1,5.77,IC50,1700.0,nM,1
CHEMBL1210207,CCOc1cc(CN2CCC(NC(=O)c3cncc(C)c3)CC2)cc(OCC)c1-c1ccc(F)cc1,5.77,IC50,1690.0,nM,1
CHEMBL5750888,COc1cc2c(cc1OC)CN(C(C)(C)CCc1ccc(OCCO)c(OC)c1)C2,5.77,IC50,1700.0,nM,1
CHEMBL1085325,C[C@@H]1CCCN1CCc1ccc2nc(C(C)(C)C)ccc2c1,5.77,Ki,1700.0,nM,1
CHEMBL551924,O=C(CC1CCN(Cc2ccn(-c3ccc(C(F)(F)F)cc3)c2)CC1)NC(c1ccncc1)c1ccc(Cl)cc1,5.77,IC50,1700.0,nM,1
CHEMBL3216259,Cc1c(C(=O)NCCCN2CCN(c3cccc(Cl)c3Cl)CC2)cc(-c2ccccn2)n1C.Cl.Cl.Cl.Cl,5.77,IC50,1700.0,nM,1
CHEMBL508368,C[C@@H](N[C@@H]1CCCc2c1[nH]c1ccc(Br)cc21)c1ccccc1,5.77,IC50,1700.0,nM,1
CHEMBL2204935,Cc1nc([C@]2(c3cnn(C)c3)N[C@@H](c3nc(-c4ccc(F)cc4)c[nH]3)Cc3c2[nH]c2ccccc32)no1,5.77,IC50,1701.0,nM,1
CHEMBL214323,CCN(CC)Cc1ccc2c(c1)CC[C@H](N1CCN(CCc3cccc(C(F)(F)F)c3)CC1=O)C2,5.77,IC50,1700.0,nM,1
CHEMBL2364639,COc1cc2c(cc1OC)[C@H]1C[C@@H](OC(=O)[C@@H](N)C(C)C)[C@H](CC(C)C)CN1CC2,5.77,IC50,1700.0,nM,1
CHEMBL5810040,Cc1nc(CN2CCC3(CC2)COC2c4cc(Cl)ccc4OC(C)(C)C2C3)c[nH]1,5.77,IC50,1700.0,nM,1
CHEMBL2158626,CCN(CC)CCOc1cc(-c2nc(SC)nc3[nH]cc(C#N)c23)c(Cl)cc1Cl,5.77,IC50,1710.0,nM,1
CHEMBL4177019,COc1nc2ccc(CN)cc2cc1C(c1ccccc1)C(O)(CCN(C)C)c1cccc2ccccc12,5.77,IC50,1700.0,nM,1
CHEMBL3612811,COc1cc(C(O)CN2CCN(C[C@H](O)c3ccc4c(c3C)COC4=O)CC2)ccc1C#N,5.77,IC50,1700.0,nM,1
CHEMBL4210308,COc1ccc(NC(=O)N2CCN(c3nc(N)nc4sc(-c5ccccc5)nc34)CC2)cc1,5.77,IC50,1700.0,nM,1
CHEMBL2177907,N#Cc1cncc(-c2cccc(C3(c4ccnc(C(F)(F)F)c4)N=C(N)c4c(F)cccc43)c2)c1,5.77,IC50,1700.0,nM,1
CHEMBL4762256,Cc1cc(Nc2nc(Nc3ccccc3S(=O)(=O)C(C)C)c3cc[nH]c3n2)c(OC(C)C)cc1C1CCN(C)CC1,5.77,IC50,1700.0,nM,1
CHEMBL4878248,Cc1cc(C)cc(CNc2cncc(-c3cc(C)cc(C)c3)c2N2CCC(N)CC2)c1,5.77,IC50,1700.0,nM,1
CHEMBL4845867,Cc1cc(C)cc(C(=O)Nc2cncc(-c3cc(C)cc(C)c3)c2N2CCC(N)CC2)c1,5.77,IC50,1700.0,nM,1
CHEMBL4860633,Cc1cc(C)cc(-c2cncc(-c3nc4cc(Cl)ccc4[nH]3)c2N2CCC(N)CC2)c1,5.77,IC50,1700.0,nM,1
CHEMBL4845931,Cc1cc(C)cc(OCc2cncc(-c3cc(C)cc(C)c3)c2N2CCC(N)CC2)c1,5.77,IC50,1700.0,nM,1
CHEMBL1091782,C[C@@H](c1cscn1)c1c(CCN(C)C)sc2ccccc12,5.77,IC50,1700.0,nM,1
CHEMBL426009,CN1CCN(Cc2ccc3c(c2)Cc2c(-c4csc(C#CCNc5ccccc5)c4)n[nH]c2-3)CC1,5.76,IC50,1750.0,nM,1
CHEMBL564501,O=C(NC1CCN(Cc2ccn(-c3ccc(C(F)(F)F)cc3)c2)CC1)N1CCCC1Cc1cccnc1,5.76,IC50,1730.0,nM,1
CHEMBL224547,CN1CCN(c2ccc3c(c2)Cc2c(-c4csc(C#CCOc5ccccc5)c4)n[nH]c2-3)CC1,5.76,IC50,1740.0,nM,1
CHEMBL207308,Cn1c(=O)nc(NC2CCN(Cc3ccc4ncccc4c3)CC2)c2cc(Cl)ccc21,5.76,Ki,1750.0,nM,1
CHEMBL475121,CNCc1ccc(Cl)cc1Oc1ccc(C)c(C)c1,5.76,IC50,1740.0,nM,1
CHEMBL4540849,O=C(O)C(=O)O.c1ccc(-c2ccc(OCCCCCN3CCCCC3)cc2)cc1,5.76,IC50,1750.0,nM,1
CHEMBL4216835,O=C1N(CCCCC2CCc3cc(-c4ccc(Cl)cc4)ccc3O2)CCN1c1ccncc1,5.76,IC50,1750.0,nM,1
CHEMBL390735,CN1CCN(C(=O)c2ccc3c(c2)Cc2c(-c4csc(C#CCOc5ccccc5)c4)n[nH]c2-3)CC1,5.76,IC50,1720.0,nM,1
CHEMBL523134,C[C@@H]1NC(c2cc(C#N)ccn2)=NC1(c1ccc(F)cc1)c1ccc(F)cc1,5.76,IC50,1730.0,nM,1
CHEMBL3613442,CC(C)[C@@H](CN1CCC(c2cccc(O)c2)CC1)NC(=O)[C@H]1Cc2ccc(O)cc2CN1,5.76,Ki,1732.0,nM,1
CHEMBL4159233,CCOC(=O)C[C@H]1Cc2ccccc2C2(CCC(N3CCN(C4CCCCC4)CC3)CC2)O1,5.76,IC50,1753.0,nM,1
CHEMBL4562424,CC1(C)CN(c2ccc(-c3ccc(-c4nc5cc(Cl)ccc5[nH]4)cn3)cn2)CCC1CC(=O)O,5.76,Ki,1740.0,nM,1
CHEMBL3775630,Cc1nc([C@@]2(c3cnn(C)c3)N[C@@H](c3nc(-c4ccccc4)c[nH]3)Cc3c2[nH]c2ccccc32)no1,5.76,IC50,1753.0,nM,1
CHEMBL3775734,Fc1ccc(-c2c[nH]c([C@H]3Cc4c([nH]c5ccccc45)[C@@H](C4CCOCC4)N3)n2)nc1,5.76,IC50,1742.0,nM,1
CHEMBL553196,COc1ccc(C(NC(=O)CC2CCN(Cc3ccn(-c4ccc(C(F)(F)F)cc4)c3)CC2)c2ccc(F)cc2)cn1,5.76,IC50,1750.0,nM,1
CHEMBL3785560,Oc1ccc(Cl)c2c1CNC(CN1CCC3(CCc4ccccc43)CC1)C2,5.76,IC50,1730.0,nM,1
CHEMBL3422758,COc1ccc2ncc(C(F)F)c(CCC34CCC(NCc5ccc6c(n5)NC(=O)CO6)(CC3)CO4)c2n1,5.76,IC50,1750.0,nM,1
CHEMBL603695,CN1C[C@H]2C[C@@H](N(Cc3ccc(F)c(C(F)(F)F)c3)C(=O)c3cn(C)cn3)C[C@H]2C1,5.76,IC50,1720.0,nM,1
CHEMBL582792,CCO/N=C(/c1ccc(F)c(F)c1)c1ccc(CN2CCC3(CC2)OCc2cc(F)ncc23)cn1,5.75,IC50,1790.0,nM,1
CHEMBL216821,CN(C)Cc1ccc2c(c1)CC[C@H](N(C)C(=O)c1ccc(-c3ccc(F)cc3)cc1)C2,5.75,IC50,1800.0,nM,1
CHEMBL4469908,C=CC(=O)N[C@@H]1CCC[C@H](Nc2ncnc(N)c2-c2ccc(Oc3ccccc3)cc2)C1,5.75,Ki,1800.0,nM,1
CHEMBL591501,CCCOCCn1c(=O)c(N2CCN(CCO)CC2)nc2cnc(-c3ccc(OC)nc3)cc21,5.75,IC50,1790.0,nM,1
CHEMBL4280095,CCCCCOc1cccc(CCNCC(=O)N(C)C)c1.Cl,5.75,IC50,1800.0,nM,1
CHEMBL4459971,CCc1nc(C)cn2nc(-c3cc(=O)n4cc(C5CCN(C)CC5)cc(C)c4n3)cc12,5.75,IC50,1800.0,nM,1
CHEMBL493678,CC(C)(C)CCN1CCC(CNC(=O)c2cc(C(F)(F)F)cc(C(F)(F)F)c2)CC1,5.75,IC50,1799.0,nM,1
CHEMBL574826,Fc1cc(-c2cc3sc(N4CCC(N5CCCCC5)CC4)nc3cn2)ccn1,5.75,IC50,1764.71,nM,1
CHEMBL5093338,CNC(=O)c1c(-c2ccc(OC)cc2)oc2ccc(O)c(CN3CCC4(COC4)C3)c12,5.75,IC50,1800.0,nM,1
CHEMBL214432,CN(CC(=O)N(C)C)Cc1ccc2c(c1)CC[C@H](N(C)C(=O)c1ccc(-c3ccc(F)cc3)cc1)C2,5.75,IC50,1800.0,nM,1
CHEMBL1090526,COc1nccnc1[C@H](C)C1=C(CCN(C)C)Cc2cc(F)ccc21,5.75,IC50,1800.0,nM,1
CHEMBL512351,COc1ccc(NC(=O)c2ccc(C(=N)N(C)C)cc2)c(C(=O)Nc2ccc(Cl)cn2)c1,5.75,Ki,1800.0,nM,1
CHEMBL486738,Nc1ccccc1NC(=O)c1ccc(N2CCC3(CC2)CNCc2ccccc23)nc1,5.75,Ki,1760.0,nM,1
CHEMBL2403549,Cc1cc(N2CC[C@@H](N3CCC[C@@H]3C)C2)ccc1NC(=O)c1cc(F)ccc1C,5.75,IC50,1800.0,nM,1
CHEMBL2179806,C=CC(=O)N1CCC[C@@H](n2nc(-c3cccc(C(=O)NCc4ccc(C(C)(C)C)cc4)c3)c3c(N)ncnc32)C1,5.75,IC50,1800.0,nM,1
CHEMBL4110570,O=C(Nc1ccc(OC(F)(F)Cl)cc1)c1cnc(N2CC[C@@H](O)C2)c(-c2cncnc2)c1,5.75,IC50,1800.0,nM,1
CHEMBL1093294,COc1ncccc1[C@@H](C)c1c(CCN(C)C)sc2ccccc12,5.75,IC50,1800.0,nM,1
CHEMBL1091790,CC(c1ccncc1)c1c(CCN(C)C)sc2ccccc12,5.75,Ki,1800.0,nM,1
CHEMBL381965,C[C@@H](OC1CCC2NC1(c1ccccc1)CC2c1nnn(C)n1)c1cc(C(F)(F)F)cc(C(F)(F)F)c1,5.75,Ki,1800.0,nM,1
CHEMBL2178521,COc1cc(Nc2cccc3c2nc(-c2ccc(F)cc2)n3C)cnc1-n1cnc(C)c1,5.75,IC50,1800.0,nM,1
CHEMBL4555101,CNC(=O)NCCN(CCc1ccc(Cl)cc1)C1CCN(c2nc(N)n[nH]2)CC1,5.75,IC50,1800.0,nM,1
CHEMBL429734,Cc1oc(-c2cccc(Cl)c2)nc1CCOc1cccc(C[C@@H]2C(=O)N(c3ccc(C(C)(C)C)cc3)[C@@H]2C(=O)O)c1,5.75,IC50,1800.0,nM,1
CHEMBL221237,COC(=O)N(NC(=O)c1c(CN2CCN(C3CCCCC3)CC2)c(-c2ccccc2)nc2ccccc12)c1ccccc1,5.75,Ki,1800.0,nM,1
CHEMBL3577945,CCC[C@@H]1C[C@H](N(C)C(C)C)CC[C@@H]1N1CC[C@H](Nc2ncnc3ccc(C(F)(F)F)cc23)C1=O,5.75,IC50,1800.0,nM,1
CHEMBL210630,C[C@@H](O[C@H]1CCc2nccn2C[C@@H]1c1ccc(F)cc1)c1cc(C(F)(F)F)cc(C(F)(F)F)c1,5.75,Ki,1800.0,nM,1
CHEMBL1771094,Cc1cnc(N2CCC(C3CCN(c4cc(C#N)nc(C)n4)CC3)CC2)nc1,5.75,IC50,1800.0,nM,1
CHEMBL3319004,COc1cnc2ccc(=O)n(CCN3CCC(c4c[nH]c5cc(C(F)(F)F)ccc45)CC3)c2c1,5.75,IC50,1800.0,nM,1
CHEMBL210273,Cn1c(=O)cc(NC2CCN(Cc3ccc4c(c3)OCO4)CC2)c2cc(OC(F)(F)F)ccc21,5.75,Ki,1800.0,nM,1
CHEMBL1951610,CC(C)=CCn1c(N2CCCNCC2)c(C#N)c2c1c(=O)n(Cc1cn3ccccc3n1)c(=O)n2C,5.75,IC50,1800.0,nM,1
CHEMBL4160103,CCCC[C@@H](CCO)Nc1nc(N)nc2cc(C)ccc12,5.75,IC50,1800.0,nM,1
CHEMBL470929,O=C1CCCCN1C1CCN(CCOc2ccc(Oc3nc4ccccc4s3)cc2)CC1,5.75,IC50,1800.0,nM,1
CHEMBL3622104,Cc1c([C@@H](O)CN2CCC3(CC2)CC(=O)N(c2ccc(C#N)cn2)C3)ccc2c1COC2=O,5.75,IC50,1800.0,nM,1
CHEMBL404754,CNCc1cc(C(=O)NC)ccc1Oc1ccc(Cl)cc1Cl,5.75,Ki,1757.0,nM,1
CHEMBL1923115,O=C([C@H]1CNCC[C@@]12OCc1cc(F)c(F)cc12)N(Cc1cc(Cl)ccc1Cl)C1CC1,5.75,Ki,1800.0,nM,1
CHEMBL148280,O=S(=O)(c1ccccc1)C1CCN(CCc2ccccc2)CC1,5.75,Ki,1800.0,nM,1
CHEMBL4079335,Cc1c([C@@H](O)CN2CCC3(CC2)CC(=O)N(c2cncc(C#N)c2)C3)ccc2c1COC2=O,5.75,IC50,1800.0,nM,1
CHEMBL319118,COc1ccc(OC(F)(F)F)cc1CN[C@H]1CCCN[C@H]1c1ccccc1,5.75,Ki,1800.0,nM,1
CHEMBL1289516,CO[C@H]1CCN(CCn2ncc3cc(-n4ccc(OCc5ccccc5)cc4=O)ccc32)C1,5.75,IC50,1800.0,nM,1
CHEMBL3917410,CC(C)c1c(N)ncnc1N1CCC(c2nc(-c3ccc(F)c(C(F)(F)F)c3)cn2CCN2CCC2)CC1,5.75,IC50,1800.0,nM,1
CHEMBL1289282,CN(C)CCn1ncc2cc(-n3ccc(OCc4ccccc4)cc3=O)ccc21,5.75,IC50,1800.0,nM,1
CHEMBL487230,CCCn1c(-c2ccc(OCCCN3CCCCC3)cc2)nc2ccccc2c1=O,5.75,IC50,1800.0,nM,1
CHEMBL4084106,CC(C)(N)c1nc(-c2ccc(OC(F)(F)F)cc2)c[nH]1,5.75,IC50,1800.0,nM,1
CHEMBL2012298,Fc1ccccc1Cn1ccc2c(OC3CCN(Cc4ccccn4)CC3)ncnc21,5.75,Ki,1800.0,nM,1
CHEMBL3754515,Nc1ccc(-c2cnc(N)c(-c3ccc(Cl)cc3)c2)cn1,5.75,IC50,1800.0,nM,1
CHEMBL3972873,NCCCCN(Cc1nccc2c3ccccc3n(CC(N)=O)c12)[C@H]1CCCc2cccnc21,5.75,IC50,1800.0,nM,1
CHEMBL1209126,Cl.Fc1ccncc1-c1ccccc1O[C@H]1C[C@@H]2CNC[C@H]1C2,5.75,Ki,1780.0,nM,1
CHEMBL3786352,O=C(c1nc(-c2ccccc2)no1)N1CCC(Oc2ccc(CN3CCCC3)cc2)CC1,5.75,IC50,1800.0,nM,1
CHEMBL3909266,C[C@H]1C[C@H]2CSC(N)=N[C@@]2(c2cc(NC(=O)c3ccc(C#N)cn3)cs2)CO1,5.75,IC50,1800.0,nM,1
CHEMBL5966370,N#Cc1ccc(C(=O)Nc2csc([C@]34COCC[C@H]3CSC(N)=N4)c2)nc1,5.75,IC50,1800.0,nM,1
CHEMBL3794510,O=C1OCc2cc(/C=C/C3CCN(C(=O)Cc4ccc(-n5cnnn5)cc4)CC3)ccc21,5.75,IC50,1800.0,nM,1
CHEMBL3120287,CNc1nc(NCCCN(C)C)c2sc(-c3ccc(N4CCOCC4)cc3)cc2n1,5.75,IC50,1800.0,nM,1
CHEMBL4744317,COc1ccc2c(c1)CC(Nc1cc(C)nc3nc(C(C)(F)F)nn13)CC2,5.75,IC50,1800.0,nM,1
CHEMBL1910304,COCCCn1cc(CN(C(=O)[C@H]2CNCC[C@]2(O)c2ccc(F)c(F)c2)C2CC2)c2c(F)ccc(CS(C)(=O)=O)c21,5.75,Ki,1800.0,nM,1
CHEMBL4633727,O=C(NC1CCOCC1)c1n[nH]c2ccc(-c3cccc(F)c3F)cc12,5.75,IC50,1800.0,nM,1
CHEMBL4646329,COc1cc([C@](O)(CCN(C)C)[C@@H](c2cc3cc(Br)ccc3nc2OC)c2cccc(OC)c2F)cc(S(C)(=O)=O)n1,5.75,IC50,1800.0,nM,1
CHEMBL452091,CNCc1ccc(Cl)cc1Oc1ccc(Cl)c(C)c1,5.75,IC50,1780.0,nM,1
CHEMBL1951611,CC(C)=CCn1c(N2CCCNCC2)c(C#N)c2c1c(=O)n(Cc1ncc3ccccc3c1C#N)c(=O)n2C,5.75,IC50,1800.0,nM,1
CHEMBL4079225,COCCC(=O)N1CCSC(c2nc(-c3ccc(C(=O)Nc4cc(C(F)(F)F)ccn4)cc3)c3c(N)nccn23)C1,5.75,IC50,1800.0,nM,1
CHEMBL3925871,Cn1cc(-c2ccc(F)c(C(F)(F)F)c2)nc1C1CCN(c2ncnc(N)c2-c2ccc(F)cc2)CC1,5.75,IC50,1800.0,nM,1
CHEMBL223997,CCCC#Cc1cc(-c2n[nH]c3c2Cc2cc(CN4CCN(C)CC4)ccc2-3)cs1,5.75,IC50,1800.0,nM,1
CHEMBL461023,COc1cccc2cc3n(c12)CCN(CCCCNC(=O)C1=Cc2ccccc2CN1)C3,5.74,Ki,1840.0,nM,1
CHEMBL6039052,CC(C)n1c(N2CCC[C@H](N)C2)nc2c([N+](=O)[O-])c(Br)c(Br)cc21,5.74,IC50,1820.0,nM,1
CHEMBL1094851,COc1ccc(Cn2c(C3CCCN(C4CCCCC4)C3)nc3ccccc32)cc1,5.74,Ki,1840.0,nM,1
CHEMBL494472,CCN1CCC2(C=C(c3ccc(C(=O)N(CC)CC)cc3)c3ccccc3O2)CC1,5.74,IC50,1814.0,nM,1
CHEMBL2017374,CC(=O)N1CCC(C(=O)N(CCCN2CCN(Cc3ccc(F)cc3)CC2)c2ccc(C)c(Cl)c2)CC1.Cl,5.74,IC50,1820.0,nM,1
CHEMBL2177343,CC(C)COc1ccc2c(c1)[C@]1(COC(N)=N1)c1cc(-c3cncnc3)ccc1O2,5.74,Ki,1840.0,nM,1
CHEMBL3775042,Cc1nc([C@]2(c3cnn(C)c3)N[C@@H](c3nc(-c4ccccc4)c[nH]3)Cc3c2[nH]c2ccccc32)no1,5.74,IC50,1817.0,nM,1
CHEMBL596,CCC(=O)N(c1ccccc1)C1CCN(CCc2ccccc2)CC1,5.74,IC50,1819.7,nM,1
CHEMBL550876,O=C(NC1CCN(Cc2ccn(-c3ccc(C(F)(F)F)cc3)c2)CC1)N1CCCC1c1ccc(F)cc1,5.74,IC50,1810.0,nM,1
CHEMBL2147194,COCc1ccc2c3nc(N4CCC[C@@H](N)C4)n(Cc4ccccc4Cl)c3c(=O)n(C)c2c1.Cl,5.74,IC50,1810.0,nM,1
CHEMBL3609638,COc1cc(-c2cn(C3CCc4c(F)cc(F)cc4N(CC(F)(F)F)C3=O)nn2)ccc1-n1cnc(C)c1,5.74,IC50,1830.0,nM,1
CHEMBL492909,COc1cccc(C2(C)CN(c3cc(N)ccn3)C2)c1,5.74,Ki,1840.0,nM,1
CHEMBL5760206,CC(C)Cn1c(NC2CCCNCC2)nc2c([N+](=O)[O-])c(Br)c(Br)cc21,5.73,IC50,1860.0,nM,1
CHEMBL4782879,COc1ccc(-c2ccccc2C2CCN(C[C@@H](O)COc3ccc(-c4cn5ccccc5n4)cc3)CC2)cc1,5.73,IC50,1863.0,nM,1
CHEMBL5909518,CCCn1c(NCCCN)nc2c([N+](=O)[O-])c(Br)c(Br)cc21,5.73,IC50,1880.0,nM,1
CHEMBL6035784,CC(C)n1c(N2CCOC(CN)C2)nc2c([N+](=O)[O-])c(Br)c(Br)cc21,5.73,IC50,1860.0,nM,1
CHEMBL5893689,CC(C)n1c(N2CC[C@H](N)C2)nc2c([N+](=O)[O-])c(Br)c(Br)cc21,5.73,IC50,1880.0,nM,1
CHEMBL1258647,O=C1NCc2ccc(OCCCCN3CCN(c4cccc5ccccc45)CC3)cc21,5.73,Ki,1850.0,nM,1
CHEMBL429761,Cc1cc(C)n(-c2cc(NC(=O)CN3CC[C@H](CN(C)C)C3)nc(-c3ccc(C)o3)n2)n1,5.73,IC50,1860.0,nM,1
CHEMBL1257261,O=C1NCc2ccc(OCCCCN3CCN(c4cccc5cc(F)c(F)cc45)CC3)cc21,5.73,Ki,1860.0,nM,1
CHEMBL3093954,CCCCN(CC)C/C=C/CCc1ccc(Cl)cc1,5.73,IC50,1868.0,nM,1
CHEMBL3331502,Clc1cccc(CN(CC2CNC2)c2ccccc2)c1Cl.O=C(O)C(F)(F)F,5.73,IC50,1880.0,nM,1
CHEMBL4461512,Cc1ccc(CCN2CC[C@H](CNC(=O)c3cc(C(C)C)no3)C2)cc1C(F)(F)F,5.72,IC50,1900.0,nM,1
CHEMBL1951608,CC(C)=CCn1c(N2CCCNCC2)c(C#N)c2c1c(=O)n(Cc1nccc3ccccc13)c(=O)n2C,5.72,IC50,1900.0,nM,1
CHEMBL5824071,CC1(C)Oc2ccc(Cl)cc2C2OCC3(CCN(CCn4ccnc4C#N)CC3)CC21,5.72,IC50,1900.0,nM,1
CHEMBL147048,N#Cc1cccc(S(=O)(=O)C2CCN(CCc3ccc(F)cc3F)CC2)c1,5.72,Ki,1900.0,nM,1
CHEMBL1778865,COc1cc(F)ccc1-c1cncc(CNCC2CC2)n1,5.72,IC50,1890.0,nM,1
CHEMBL5889290,CC1(C)Oc2ccc(Cl)cc2C2OCC3(CCN(C(=O)Cn4cnc(CF)c4)CC3)CC21,5.72,IC50,1900.0,nM,1
CHEMBL1779003,COc1cc(F)ccc1-c1cncc(CNC2CCCC2)c1,5.72,IC50,1890.0,nM,1
CHEMBL157101,CC(=O)N1CCN(c2ccc(OCC3COC(Cn4ccnc4)(c4ccc(Cl)cc4Cl)O3)cc2)CC1,5.72,IC50,1900.0,nM,1
CHEMBL4862717,NC1CCN(c2c(NC(=O)c3cn4ccccc4n3)cncc2-c2cc(Cl)cc(Cl)c2)CC1,5.72,IC50,1900.0,nM,1
CHEMBL4218132,COc1cc([C@H](c2cc3cc(Br)ccc3nc2OC)[C@@](O)(CCN(C)C)c2cccc(F)c2)cnc1OC,5.72,IC50,1900.0,nM,1
CHEMBL3964726,Cn1cc(-c2ccc(F)c(C(F)(F)F)c2)nc1C1CCN(c2ncnc(N)c2C(N)=O)CC1,5.72,IC50,1900.0,nM,1
CHEMBL2036415,CN1C[C@@H]2CN(c3ccc(-c4ccc5[nH]ccc5c4)nc3)C[C@@H]21,5.72,Ki,1900.0,nM,1
CHEMBL3609752,COc1cc(-n2cnc(C)c2)ccc1-c1cn([C@H]2CCc3c(F)cccc3N(CC(F)(F)F)C2=O)nn1,5.72,Ki,1900.0,nM,1
CHEMBL4205936,CC(C)c1cc2cccc(-c3nnc(C4CCN(CC5CCOCC5)CC4)o3)n2n1,5.72,IC50,1900.0,nM,1
CHEMBL2017565,COc1cc(-c2cn(CC(=O)N(CC(F)(F)F)c3ccc4c(c3)OC(F)(F)O4)nn2)ccc1-n1cnc(C)c1,5.72,IC50,1920.0,nM,1
CHEMBL4576302,CCC(CC)CNc1c(C(N)=O)cnc2ccc(-c3ccc(CS(C)(=O)=O)nc3)cc12,5.72,IC50,1900.0,nM,1
CHEMBL1836162,COC(=O)C1(CNC(=O)c2cc(OC)cc(OC)c2)CCN(Cc2ccccc2OC)CC1,5.72,IC50,1900.0,nM,1
CHEMBL3289440,CCOC(=O)N1CCC(CN2CCC3(CC2)CN(S(C)(=O)=O)c2ncccc23)CC1,5.72,IC50,1900.0,nM,1
CHEMBL6002762,C[C@H](CCc1ccc(O)c(OC(F)(F)F)c1)N1Cc2ccc(F)cc2C1,5.72,IC50,1900.0,nM,1
CHEMBL2147020,Cc1cc(C#N)ccc1-c1ccnc(NCc2n[nH]c3ncccc23)c1,5.72,IC50,1900.0,nM,1
CHEMBL3919089,Nc1ncnc(N2CCC(c3nc(-c4ccc(F)c(C(F)(F)F)c4)cn3CCN3CCC3)CC2)c1Cl,5.72,IC50,1900.0,nM,1
CHEMBL2146870,O=C1OCc2cc(CCN3CCN(CCc4ccc5c(c4)COC5=O)CC3)ccc21,5.72,IC50,1900.0,nM,1
CHEMBL1834651,O=C(CNc1noc2ccc(C(F)(F)F)cc12)NC1CN([C@H]2CC[C@@H](c3ccc4c(c3)OCO4)CC2)C1,5.72,IC50,1900.0,nM,1
CHEMBL2059323,O=C1COc2ccccc2N1CCCN1CCC(n2c(=O)[nH]c3cc(F)ccc32)CC1,5.72,IC50,1900.0,nM,1
CHEMBL172,O[C@@H](c1cc(C(F)(F)F)nc2c(C(F)(F)F)cccc12)[C@H]1CCCCN1,5.72,Ki,1900.0,nM,1
CHEMBL3093978,CCCCCCCN(CC)CC#CCCc1ccc(C)cc1,5.72,IC50,1890.0,nM,1
CHEMBL3805989,O=c1ccc(OCCCN2CCCCC2)nn1-c1ccc(F)c(F)c1,5.72,IC50,1890.0,nM,1
CHEMBL3640290,COc1nc(N2C[C@H]3C(=O)N(C)C(=N)N[C@@]3(c3ccc(F)cc3F)C2)nc(C)c1F,5.72,IC50,1900.0,nM,1
CHEMBL3920203,CC(C)S(=O)(=O)NCCN1CC2CN(C[C@H](O)COc3ccc(C#N)cc3)CC(C1)O2,5.72,IC50,1905.46,nM,1
CHEMBL4779944,COc1ccc(CN2CCN(C(=O)/C=C/c3ccc(Cl)cc3Cn3nnc(C)n3)CC2)nc1,5.72,IC50,1900.0,nM,1
CHEMBL1957816,O=C(c1cccn2ccnc12)N1CCN(CCc2ccc(F)cc2F)CC1,5.72,IC50,1900.0,nM,1
CHEMBL4745489,C[C@H]1C=C(C2=Nc3cc(Cl)ccc3Nc3ccc(OC(F)(F)F)cc32)CCN1C,5.72,IC50,1900.0,nM,1
CHEMBL4105373,CS(=O)(=O)Nc1cccc(-c2cc(F)ccc2CC(c2cccnc2)c2cccnc2)c1,5.72,IC50,1900.0,nM,1
CHEMBL4872039,CCC(NC(=O)c1ccc(Cl)cc1)[C@H]1[C@@H]2C[C@@H](n3cnc4c(F)cc(F)cc43)C[C@@H]21,5.72,IC50,1900.0,nM,1
CHEMBL4069757,CN(C/C=C/c1ccc(Br)cc1)Cc1ccc2c(c1)OCCC2.Cl,5.72,IC50,1900.0,nM,1
CHEMBL4072535,CN(C/C=C/c1ccc(C(F)F)cc1)Cc1ccc2c(c1)OCCC2.Cl,5.72,IC50,1900.0,nM,1
CHEMBL1910311,Cc1noc(Cn2cc(CN(C(=O)[C@H]3CNCC[C@]3(O)c3ccc(F)c(F)c3)C3CC3)c3c(F)cccc32)n1,5.72,Ki,1900.0,nM,1
CHEMBL5797359,Cc1nnc(C(C)C)n1C1CC2CCC(C1)N2CC[C@H](NC(=O)C1CCCC1)c1cccs1,5.72,IC50,1890.0,nM,1
CHEMBL3085125,CC(C(=O)N[C@]1(c2ccccc2)CC[C@H](N(C)C)CC1)c1cc(C(F)(F)F)cc(C(F)(F)F)c1,5.72,Ki,1900.0,nM,1
CHEMBL4649237,NCCCCn1cc(-c2ccc3cc[nH]c3c2)c(C(F)(F)F)n1,5.72,IC50,1900.0,nM,1
CHEMBL3355541,CN1CCC(CNc2ccn3ncc(-c4cccc(OC(F)(F)F)c4)c3n2)CC1,5.72,IC50,1900.0,nM,1
CHEMBL3219269,CC(=O)Nc1cccc(C2CCN(Cc3ccc(C(=O)c4nc5ccccc5n4-c4ccc(F)cc4)cc3F)CC2)c1,5.72,IC50,1900.0,nM,1
CHEMBL1092599,Cc1csc([C@H](C)C2=C(CCN(C)C)Cc3ccccc32)n1,5.72,IC50,1900.0,nM,1
CHEMBL2012028,Nc1ccnc(Nc2ccc(Oc3ccc(F)cc3)cc2)n1,5.72,Ki,1900.0,nM,1
CHEMBL270969,COc1ccccc1Oc1ccccc1CN1CCC2(CC1)CCN(C(=O)c1cccc[n+]1[O-])CC2,5.72,IC50,1905.46,nM,1
CHEMBL4535152,Cn1cc(NC(=O)c2ccnc(-c3ccnc(NCC4CC4)c3)n2)c(C(N)=O)n1,5.72,IC50,1900.0,nM,1
CHEMBL574655,COc1ccccc1Oc1cccc(CN2CCC3(CC2)CCN(C(=O)c2ccncn2)CC3)c1,5.72,IC50,1905.46,nM,1
CHEMBL4294799,O=C1CCc2cc(C(O)CCCN3CCC(c4noc5cc(F)ccc45)CC3)cc3c2N1CC3,5.72,IC50,1899.6,nM,1
CHEMBL212689,CCN(C(=O)Cc1ccc(S(C)(=O)=O)cc1)C1CCN(CC[C@H](c2ccc(S(C)(=O)=O)cc2)c2cc(F)cc(F)c2)CC1,5.72,IC50,1900.0,nM,1
CHEMBL3086037,O=C(NC(c1ccncc1)c1ccc(Cl)cc1)[C@@H]1CC[C@@H](N2CCOCC2)C[C@H]1c1ccc(Br)cc1,5.72,IC50,1900.0,nM,1
CHEMBL567419,CC(C)COc1ccccc1CN1CCC2(CC1)CCN(C(=O)c1ccncc1)CC2,5.72,IC50,1905.46,nM,1
CHEMBL2031977,COc1c(C(C)(C)C)cc(C(=O)NCC2CCN(C(=O)CCCCC(c3ccc(F)cc3)c3ccc(F)cc3)C2)cc1C(C)(C)C,5.72,IC50,1900.0,nM,1
CHEMBL4588314,COc1ccc(-c2ccc3ncnc(-c4cccc(C(=O)N5CCN(C)CC5)c4)c3c2)cc1OC,5.72,IC50,1900.0,nM,1
CHEMBL4439285,COCC1OC2(CCN(CCc3ccccc3)CC2)CN(c2ccccc2)C1=O,5.72,IC50,1900.0,nM,1
CHEMBL493053,CS(=O)(=O)Nc1ccc(OC[C@@H](O)CNCCc2ccc(Cl)c(F)c2)cc1,5.72,IC50,1910.0,nM,1
CHEMBL3084953,N[C@H](C(=O)N1CCSC1)[C@H]1CC[C@H](NC(=O)Nc2ccc(I)cc2)CC1,5.72,Ki,1900.0,nM,1
CHEMBL4450282,C[C@@H]1OCC2(CCN(c3nc4[nH]nc(-c5ccnc(NC6CCC6)c5Cl)c4c(=O)n3C)CC2)[C@@H]1N,5.72,IC50,1900.0,nM,1
CHEMBL4797980,COc1ccc(-c2ccccc2N2CCN(C[C@@H](O)COc3ccc(-c4cn5ccccc5n4)cc3)CC2)cc1,5.72,IC50,1907.0,nM,1
CHEMBL4227550,COc1ccc2nccc(CCN3CCC(NCc4cc5c(cn4)OCCO5)CC3)c2c1,5.72,IC50,1900.0,nM,1
CHEMBL4439120,CC1(Cn2nc(-c3ccc4cc(OC5CC5)ccc4c3)c3c(N)ncnc32)COC1,5.72,IC50,1900.0,nM,1
CHEMBL1823054,COCC1CCCN1S(=O)(=O)c1ccc(-c2ccc(CCN3CCC[C@H]3C)cc2)cc1,5.72,IC50,1918.03,nM,1
CHEMBL472261,Nc1ccc(-c2cccs2)cc1NC(=O)c1ccc(N2CCC3(CCN(CC(F)(F)F)C3)CC2)nc1,5.72,Ki,1900.0,nM,1
CHEMBL4061436,COc1ncc(-c2nc(NCc3ccccn3)c3c(-c4ccccc4)cccc3n2)cn1,5.72,IC50,1900.0,nM,1
CHEMBL1813043,CC(=O)Nc1cccc(Nc2ncnc(N3CCC(OCc4ccc(C)cc4)CC3)n2)c1C,5.71,IC50,1930.0,nM,1
CHEMBL488468,CC(C)(C)CCN1CCC(CNC(=O)c2cc(Cl)cc(Cl)c2)CC1,5.71,IC50,1934.0,nM,1
CHEMBL383048,CC1(c2cc(C(F)(F)F)cc(C(F)(F)F)c2)CCN([C@]2(c3ccccc3)CC[C@@H](N3CCN(c4ccccc4)C(=O)C3)CC2)C1=O,5.71,Ki,1946.0,nM,1
CHEMBL3422764,COc1ccc2ncc(O)c(CCC34CCC(NCc5ccc6c(n5)NC(=O)CO6)(CC3)CO4)c2n1,5.71,IC50,1960.0,nM,1
CHEMBL5911867,Cc1cc(Cn2cc(-c3cccc(C(F)(F)F)c3)cn2)n(C)n1,5.71,IC50,1970.0,nM,1
CHEMBL381555,C[C@@H](OC1CCC2NC1(c1ccccc1)CC2S(=O)(=O)c1ccccc1)c1cc(C(F)(F)F)cc(C(F)(F)F)c1,5.71,Ki,1930.0,nM,1
CHEMBL3218997,CC(=O)Nc1cccc(C2CCN(Cc3ccc(C(=O)c4nc5ccccc5n4-c4ccc(F)cc4)cc3)CC2)c1,5.71,IC50,1970.0,nM,1
CHEMBL53321,CCC(=O)c1cn(-c2ccc(F)cc2)c2ccc(Cl)cc12,5.71,IC50,1947.0,nM,1
CHEMBL559456,Clc1cccc(OC(c2cccnc2)C2CCNCC2)c1Cl,5.71,IC50,1970.0,nM,1
CHEMBL3914195,Cc1ncoc1-c1nnc(SCCCN2CC[C@]3(C[C@H]3c3ccccc3C(F)(F)F)C2)n1C,5.71,IC50,1949.84,nM,1
CHEMBL4778540,CC(=O)N1CCc2nc(N3CCC(Oc4ccc(F)cc4F)CC3)c(N[C@@H]3CCOC3)nc2C1,5.71,IC50,1970.0,nM,1
CHEMBL1760229,COc1ccc([C@H]2CN(CCC3CCOCC3)C[C@@H]2CNC(=O)c2cccc(Cl)c2)cc1,5.71,IC50,1960.0,nM,1
CHEMBL515757,Cc1cccc(Nc2nc(NCCN)ncc2C(N)=O)c1,5.7,IC50,1995.26,nM,1
CHEMBL561054,CC1CCCCN1CCN1CCN(c2cccc(Cl)c2)C1=O,5.7,IC50,1995.26,nM,1
CHEMBL556478,O=C1N(CCN2Cc3ccccc3C2)CCN1c1ccc2sccc2c1,5.7,IC50,1995.26,nM,1
CHEMBL1784477,Cc1nc2ccccc2n1C1CC2CCC(C1)N2CCC1(c2ccccc2)CCN(C(=O)c2cccc(S(=O)(=O)N(C)C)c2)CC1,5.7,IC50,1995.26,nM,1
CHEMBL1172998,CS(=O)(=O)c1ccc(OCC(F)(F)F)c(C(=O)N2CCN(c3ccc(C#N)cc3F)CC2)c1,5.7,IC50,2000.0,nM,1
CHEMBL553238,O=C1N(CCN2Cc3ccccc3C2)CCN1Cc1ccc(Cl)cc1,5.7,IC50,1995.26,nM,1
CHEMBL551386,O=C1N(CCN2Cc3ccccc3C2)CCN1Cc1ccccc1Cl,5.7,IC50,1995.26,nM,1
CHEMBL5772929,C[C@@H]1Cc2c([nH]c3ccccc23)[C@@H](c2cccc(OCCNCCCF)c2C(F)F)N1CC(F)(F)CO,5.7,IC50,2000.0,nM,1
CHEMBL1642908,CNC[C@@H]1Cc2ccccc2[C@H](c2ccc(Cl)c(Cl)c2)C1,5.7,IC50,2000.0,nM,1
CHEMBL203961,O=C1CN([C@H]2CC[C@](c3ccccc3)(N3CCC(c4cc(C(F)(F)F)cc(C(F)(F)F)c4)C3=O)CC2)CCN1c1ccccc1,5.7,Ki,1996.0,nM,1
CHEMBL216486,O=C1CN(CCc2ccc(F)cc2)CCN1[C@H]1CCc2cc(CN3CCC(C(F)(F)F)CC3)ccc2C1,5.7,IC50,2000.0,nM,1
CHEMBL2208430,O=C(NC[C@@H](O)CN1CCC(Oc2ccc(Cl)c(Cl)c2)CC1)c1c[nH]c2ccccc12,5.7,IC50,1995.26,nM,1
CHEMBL1762806,CN(CCO)Cc1csc(-c2cn(CC3CCOCC3)c3c(Cl)cccc23)n1,5.7,Ki,1995.26,nM,1
CHEMBL1649910,COC(=O)N1CCc2c(nc(C)n2[C@H]2C[C@H]3CC[C@@H](C2)N3CC[C@H](NC(C)=O)c2cccc(F)c2)C1,5.7,IC50,2000.0,nM,1
CHEMBL3286734,Cc1csc(-c2ccc(N)c(NC(=O)c3ccc(N4CCC5(CC4)CNC(=O)O5)nc3)c2)c1,5.7,Ki,2000.0,nM,1
CHEMBL563435,COc1cccc(N2CCN(CCN(C)C[C@]34CC[C@H](CC3)C4(C)C)C2=O)c1,5.7,IC50,1995.26,nM,1
CHEMBL1093058,C[C@H](c1c(CCN(C)C)sc2ccccc12)n1cccn1,5.7,IC50,2000.0,nM,1
CHEMBL3237444,Clc1nccc2c3cnc(Nc4ccc(N5CCNCC5)cn4)nc3n(C3CCCC3)c12,5.7,IC50,2000.0,nM,1
CHEMBL3237575,COc1ccc(Nc2cc(N[C@@H]3CCCC[C@@H]3N)nnc2C(N)=O)nc1C(C)C,5.7,IC50,1995.26,nM,1
CHEMBL244946,Cc1ccc2c(-c3nnc(SCCCN4CCc5ccc(-c6cc(C)nn6C)cc5CC4)n3C)cccc2n1,5.7,IC50,1995.26,nM,1
CHEMBL3393719,CS(=O)(=O)c1ccc(-c2ccc3[nH]nc(-c4cncc(O[C@H]5CNCCC56CC6)n4)c3c2)c(F)c1,5.7,IC50,2000.0,nM,1
CHEMBL3792423,O=C1OCc2cc(CCC3CCN(C(=O)Cc4ccc(-n5cnnn5)nc4)CC3)ccc21,5.7,IC50,2000.0,nM,1
CHEMBL1204409,Cc1ncoc1-c1nnc(SCCCN2CC3CC3(c3cc(F)cc(C(F)(F)F)c3)C2)n1C.Cl,5.7,IC50,1995.26,nM,1
CHEMBL1926867,Cc1ccc2cccc(NC(=O)[C@]3(O)CC[C@@H](NCc4cc5c(cn4)OCCO5)CC3)c2n1,5.7,IC50,2000.0,nM,1
CHEMBL1098876,Cc1nc(C(=O)N[C@@H]2CC(C)(C)Oc3nc(-c4ccc(Cl)cc4Cl)c(-c4ccc(Cl)cc4)cc32)n[nH]1,5.7,IC50,2000.0,nM,1
CHEMBL3416055,Cl.NC[C@H]1C[C@@H]1c1cc(Cl)ccc1OCCF,5.7,IC50,2000.0,nM,1
CHEMBL3319003,COc1cnc2ccc(=O)n(CCN3CCC(c4c[nH]c5ccc(C#N)cc45)CC3)c2c1,5.7,IC50,2000.0,nM,1
CHEMBL3120293,CNc1nc(NCCCN(C)C)c2sc(-c3ccc4nonc4c3)cc2n1,5.7,IC50,2000.0,nM,1
CHEMBL3764306,Cn1c(SCCCN2CCOC(c3ccc(C(F)(F)F)cc3)C2)nnc1-c1ccc(C(N)=O)nc1,5.7,Ki,1995.26,nM,1
CHEMBL3618334,O=c1c2cc(-c3ccc(Cl)cc3)cn2ncn1-c1ccc(N2CCC(N3CC(O)C3)C2)nc1,5.7,IC50,2000.0,nM,1
CHEMBL3764774,O=C(Cn1cnc2ccccc2c1=O)Nc1ccc(C[C@@H]2CC[C@H]([C@H](O)c3ccccc3)N2)cc1,5.7,IC50,2000.0,nM,1
CHEMBL1084385,Cc1nc2ccccn2c1-c1ccc2cc(CCN3CCC[C@H]3C)ccc2n1,5.7,Ki,2000.0,nM,1
CHEMBL2208433,CN(C[C@@H](O)CN1CCC(Oc2ccc(Cl)c(Cl)c2)CC1)C(=O)c1c[nH]c(=O)c2ccccc12,5.7,IC50,1995.26,nM,1
CHEMBL2207660,Cc1c(Cl)ccc(OC2CCN(C[C@H](O)CNC(=O)c3c[nH]nc3C(F)(F)F)CC2)c1Cl,5.7,IC50,1995.26,nM,1
CHEMBL2207276,Cc1cc(Cl)ccc1OC1CCN(C[C@H](O)CNC(=O)c2c[nH]c(=O)c3cc(S(C)(=O)=O)ccc23)CC1,5.7,IC50,1995.26,nM,1
CHEMBL272150,Cc1ccc2c(-c3nnc(SCCCN4CCc5ccc6oc(C(F)(F)F)nc6c5CC4)n3C)cccc2n1,5.7,IC50,1995.26,nM,1
CHEMBL1631542,Cc1ccc2c(N3CCN(CCc4cccc(N5CCOC5=O)c4)CC3)cccc2n1,5.7,Ki,1995.26,nM,1
CHEMBL2207656,O=C(NC[C@@H](O)CN1CCC(Oc2ccc(Cl)c(Cl)c2)CC1)c1c[nH]c(=O)c2c(F)cccc12,5.7,IC50,1995.26,nM,1
CHEMBL1927163,COc1ccc2ncc(Cl)c(CCN3CCC(NCc4cc5c(cn4)OCCO5)CC3)c2n1,5.7,IC50,2000.0,nM,1
CHEMBL1290166,CC(C)S(=O)(=O)N[C@H]1CN(C)C[C@@H]1c1ccc(-c2ccc(C#N)cc2)cc1,5.7,IC50,2000.0,nM,1
CHEMBL2207284,CNS(=O)(=O)c1ccc2c(C(=O)NC[C@@H](O)CN3CCC(Oc4ccc(Cl)c(Cl)c4)CC3)c[nH]c(=O)c2c1,5.7,IC50,1995.26,nM,1
CHEMBL1289623,O=c1cc(OCc2ccccc2)ccn1-c1ccc2c(cnn2C[C@@H]2CCCN2)c1,5.7,IC50,2000.0,nM,1
CHEMBL242601,Cc1cnc(-c2nnc(SCCN3CCc4ccc(-c5cc(C)nn5C)cc4CC3)n2C)cn1,5.7,IC50,1995.26,nM,1
CHEMBL1784384,Cc1nc2ccccc2n1[C@H]1C[C@H]2CC[C@@H](C1)N2CCC1(c2ccccc2)CCN(C(=O)c2ccccc2)CC1,5.7,IC50,1995.26,nM,1
CHEMBL3608385,Cc1cn(-c2ccc(-c3cn([C@H]4CCc5c(F)cccc5N(CC(F)(F)F)C4=O)nn3)cc2OCC(F)(F)F)cn1,5.7,Ki,2000.0,nM,1
CHEMBL375419,COC(=O)N(NC(=O)c1c(CN2CCN(C3(C)CCCCC3)CC2)c(-c2ccccc2)nc2c(F)cccc12)c1ccccc1,5.7,Ki,2000.0,nM,1
CHEMBL2151218,COc1cc(Nc2cccc3c2nc(-c2ccc(F)cc2)n3C)ccc1-n1cnc(C)c1,5.7,IC50,2000.0,nM,1
CHEMBL245120,Cc1ccc2c(-c3nnc(SCCN4CCc5ccc(-c6cc(C)nn6C)cc5CC4)n3C)cccc2n1,5.7,IC50,1995.26,nM,1
CHEMBL1934130,CC(=O)N[C@@H]1CC2(CCN(Cc3ccc4c(c3)c3ccccc3n4C(N)=O)CC2)c2ccccc21,5.7,IC50,2000.0,nM,1
CHEMBL3775197,Cn1c(SCCCN2CC3CCN(c4ccccc4C(F)(F)F)C3C2)nnc1-c1cccnc1,5.7,IC50,1995.26,nM,1
CHEMBL583843,COc1ccccc1Oc1ccccc1CN1CCC2(CC1)CCN(C(=O)c1ccc[nH]c1=O)CC2,5.7,IC50,1995.26,nM,1
CHEMBL3775618,COc1ccccc1N1CCC2CN(CCCSc3nnc(-c4cnccn4)n3C)CC21,5.7,IC50,1995.26,nM,1
CHEMBL3775598,CC(C)Oc1ccccc1N1CCC2CN(CCCSc3nnc(-c4cnccn4)n3C)CC21,5.7,IC50,1995.26,nM,1
CHEMBL2204277,O=C(N[C@H]1CCCC[C@@H]1O)c1cc(CN2CCN(c3cc4ccccc4cn3)CC2)c2ccccn2c1=O,5.7,IC50,2000.0,nM,1
CHEMBL4473746,CC1OC2(CCN(CCc3ccccn3)CC2)CN(c2ccccc2)C1=O,5.7,IC50,2000.0,nM,1
CHEMBL502,COc1cc2c(cc1OC)C(=O)C(CC1CCN(Cc3ccccc3)CC1)C2,5.7,IC50,1995.26,nM,1
CHEMBL2022737,O=C(Nc1ccc(-c2nnc(NCCCCN3CCCCC3)o2)c(Cl)c1)c1ccccc1F,5.7,IC50,1995.26,nM,1
CHEMBL4516271,CC1(C(=O)O)CCCN(c2ccc(-c3ccc(-c4nc5cc(Cl)ccc5[nH]4)cn3)cn2)C1,5.7,Ki,1980.0,nM,1
CHEMBL554506,COC1CCN(S(=O)(=O)c2ccc(-c3ccc(CCN4CCC[C@H]4C)cc3)cc2)CC1,5.7,IC50,2000.0,nM,1
CHEMBL564757,O=C(NC1CC1c1ccccc1)N1CCC(c2nc(-c3cccnc3)no2)CC1,5.7,IC50,2000.0,nM,1
CHEMBL4558187,CC(C)c1ccc(-c2cc(CN3CC[Si](C)(C)CC3)nn2-c2ccc(F)cc2)cc1,5.7,IC50,2000.0,nM,1
CHEMBL2031987,CC(C)(C)c1cc(C(=O)NC[C@@H]2CCN(C(=O)CCCCC(c3ccc(F)cc3)c3ccc(F)cc3)C2)cc(C(C)(C)C)c1,5.7,IC50,2000.0,nM,1
CHEMBL1823045,O=C(C1CC(Oc2ccc(Cl)cc2)CN1)N1CCCN(C2CCC2)CC1,5.7,IC50,2000.0,nM,1
CHEMBL4242635,O=C(O)C[C@H](CN1CC[C@@H](CCc2ccc3c(n2)NCCC3)C1)c1cccc(C2CC2)c1,5.7,IC50,1995.26,nM,1
CHEMBL2031989,COc1c(C(C)(C)C)cc(C(=O)NC[C@@H]2CCN(C(=O)CCCCC(c3ccc(F)cc3)c3ccc(F)cc3)C2)cc1C(C)(C)C,5.7,IC50,2000.0,nM,1
CHEMBL4228182,COc1ccc2nccc(CC[C@H]3OC[C@H](NCc4ccc(Cl)cc4)CO3)c2c1,5.7,IC50,2000.0,nM,1
CHEMBL508861,ClCc1nnc2c3cc(-c4ccccc4)c(-c4ccc(CN5CCC(c6n[nH]c(-c7ccccn7)n6)CC5)cc4)nc3ccn12,5.7,IC50,2018.0,nM,1
CHEMBL4206816,Cc1ccc(NC(=O)N2CCN(c3nc(N)nc4sc(-c5cccnc5)nc34)CC2)cc1,5.7,IC50,2000.0,nM,1
CHEMBL4213486,C[C@@]1(c2cc(NC(=O)c3ccc(C#N)cn3)ccc2F)C=C(CF)OC(N)=N1,5.7,IC50,2000.0,nM,1
CHEMBL1289721,Cc1ccc2c(C3CCN(CCc4c(C)ccc5c4ccc(=O)n5C)CC3)cccc2n1,5.7,Ki,1995.26,nM,1
CHEMBL470753,c1ccc2sc(Oc3ccc(CCN4CCCCC4)cc3)nc2c1,5.7,IC50,2000.0,nM,1
CHEMBL2036757,O=C(Nc1ccc(Cl)c(Cl)c1)N1CCN(C[C@@H]2CCCN(C3CC3)C2)CC1,5.7,IC50,2000.0,nM,1
CHEMBL255644,CC1(N2CCC(N(c3ccccc3)c3cccnc3)CC2)CCN(C(=O)c2c(Cl)cncc2Cl)CC1,5.7,IC50,2000.0,nM,1
CHEMBL1257566,Cc1ncoc1-c1nnc(SCCCN2CCC3CC3(c3ccc(C(F)(F)F)cc3)C2)n1C,5.7,IC50,1995.26,nM,1
CHEMBL3682663,O=S(=O)(Nc1ncns1)c1ccc2c(-c3ccc(C(F)(F)F)c(Cl)c3)nccc2c1,5.7,Ki,2000.0,nM,1
CHEMBL256015,Cc1ccc2c(-c3nnc(SCCCN4CCc5cc6nc(C(C)C)oc6cc5CC4)n3C)cccc2n1,5.7,IC50,1995.26,nM,1
CHEMBL255618,Cc1ccc2c(-c3nnc(SCCC(C)N4CCc5cc6nc(C(F)(F)F)oc6c(Br)c5CC4)n3C)cccc2n1,5.7,IC50,1995.26,nM,1
CHEMBL4861425,Cc1cc(C)cc(-c2cncc(-c3nc4cc(C)cc(C)c4[nH]3)c2N2CCC(N)CC2)c1,5.7,IC50,2000.0,nM,1
CHEMBL1289609,Cc1cccc(N2C[C@]3(CC[C@@H](c4nc5cc(OC(F)(F)F)ccc5[nH]4)CC3)OC2=O)n1,5.7,IC50,1995.26,nM,1
CHEMBL1290706,O=C1OC2(CCN(c3nc4cc(C(F)(F)F)ccc4[nH]3)CC2)CN1c1ccccc1,5.7,IC50,1995.26,nM,1
CHEMBL273199,Cc1cc2c(-c3nnc(SCCCN4CCc5ccc(-c6cc(C)nn6C)cc5CC4)n3C)cccc2cn1,5.7,IC50,1995.26,nM,1
CHEMBL4763231,CC(C)(C)N1CCN(C(=O)c2ccc(-c3cnc(N)c(-c4ccc(C(F)(F)F)cc4)n3)cc2)CC1,5.7,IC50,2000.0,nM,1
CHEMBL2012041,Cc1ccc(Oc2ccc(Nc3cncc(N)n3)cc2)cc1,5.7,Ki,2000.0,nM,1
CHEMBL1950346,CCCS(=O)(=O)n1c2c(c3cc(C(=O)N4CCC(C)CC4)ccc31)CN(C1CCOCC1)CC2,5.7,IC50,2000.0,nM,1
CHEMBL3959509,O=C(O)C1CN(Cc2ccc3c(c2)CCc2c-3noc2-c2onc(-c3ccccc3)c2C(F)(F)F)C1,5.7,IC50,2000.0,nM,1
CHEMBL1760318,CO[C@H](C[C@H](CCCCNCc1ccc(F)cc1)C(=O)NO)c1ccc(F)cc1,5.7,IC50,2000.0,nM,1
CHEMBL2010846,CO[C@@H]1CN(Cc2ccc(C(F)(F)F)cc2)CC[C@@H]1N(C)C(=O)Cc1ccc(-n2cnnn2)cc1,5.7,IC50,2000.0,nM,1
CHEMBL4643105,COc1cc(/C=C2\CCCN3C2=NO[C@H](c2cc(F)cc(F)c2)[C@@H]3C)ccc1-n1cnc(C)c1,5.7,IC50,2007.0,nM,1
CHEMBL2010845,CN(C(=O)Cc1ccc(-n2cnnn2)cc1)[C@@H]1CCN(Cc2ccc(C(F)(F)F)cc2)C[C@@H]1F,5.7,IC50,2000.0,nM,1
CHEMBL508712,Cc1cccc2c(=O)n(C)c(-c3ccc(OC4CCN(C5CCC5)CC4)cc3)nc12,5.7,IC50,2000.0,nM,1
CHEMBL1258493,COc1cccc2c1CCCC21CCN(CCCSc2nnc(-c3ocnc3C)n2C)C1,5.7,IC50,1995.26,nM,1
CHEMBL4077644,Nc1n[nH]c(N2CCC(N(CCc3ccc(Cl)cc3)Cc3ccccc3Cl)CC2)n1,5.7,IC50,2000.0,nM,1
CHEMBL1258492,COc1ccc2c(c1)CCCC21CCN(CCCSc2nnc(-c3ocnc3C)n2C)C1,5.7,IC50,1995.26,nM,1
CHEMBL1951609,CC(C)=CCn1c(N2CCCNCC2)c(C#N)c2c1c(=O)n(Cc1nc(C)c3ccccc3n1)c(=O)n2C,5.7,IC50,2000.0,nM,1
CHEMBL4540906,NC(=O)c1cnc2cc(F)c(-c3cccnc3)cc2c1NC1CCOCC1,5.7,IC50,2000.0,nM,1
CHEMBL271511,Cc1ncoc1-c1nnc(SCCCN2CCc3nc4ccc(C(F)(F)F)cn4c3CC2)n1C,5.7,IC50,1995.26,nM,1
CHEMBL1257687,Cc1ncoc1-c1nnc(SCCCN2CCC3CC3(c3cccc(C(F)(F)F)c3)C2)n1C,5.7,IC50,1995.26,nM,1
CHEMBL2325207,CCCCCCC#Cc1cccc(C#CCCCCCC)[n+]1C,5.7,IC50,1992.0,nM,1
CHEMBL3703254,CC#Cc1cncc(-c2ccc3c(c2)C2(COC(N)=N2)C2(CC2)CO3)c1,5.7,IC50,1980.0,nM,1
CHEMBL1209217,O=C(C1CCOC1)N1C[C@@H]2[C@H](CNc3nc(-c4ccccn4)cs3)[C@@H]2C1,5.7,IC50,1995.26,nM,1
CHEMBL467473,CCN1CCN(c2cc3[nH]c(SC4(C)CCC(NC(=O)OC)C4)nc3cc2Cl)CC1,5.7,IC50,2000.0,nM,1
CHEMBL1223601,CCCCc1ccc(S(=O)(=O)Nc2ccc([C@]34CNC[C@H]3C4)cc2)cc1,5.7,IC50,1995.26,nM,1
CHEMBL1095847,O=C([C@H]1C[C@H](Oc2ccc(Cl)cc2)CN1)N1CCCN(C2CCC2)CC1,5.7,IC50,2000.0,nM,1
CHEMBL1945844,O=c1cc(-c2ccc(OC3CCN(C4CCC4)CC3)cc2)cn[nH]1,5.7,IC50,2000.0,nM,1
CHEMBL1223816,NC(=O)c1cccc(O[C@H]2C[C@H]3CC[C@@H](C2)N3CC2CCCCC2)c1,5.7,IC50,2000.0,nM,1
CHEMBL2041168,COc1cc(N2C(=O)N(c3ccc(-c4ccc(-c5ccn[nH]5)cc4)cc3)C(=O)C23CCN(Cc2ncccc2C)CC3)ncn1,5.7,IC50,2000.0,nM,1
CHEMBL4072841,Cc1cc(CNc2nc(N)nc3ccn(Cc4ccc(F)cn4)c23)no1,5.7,IC50,2000.0,nM,1
CHEMBL243709,Cc1cc(-c2ccc3c(c2)CCN(CCCSc2nnc(-c4ccccc4)n2C)CC3)no1,5.7,IC50,1995.26,nM,1
CHEMBL4586133,O=C(O)C(=O)O.c1ccc(-c2ccc(OCCCCCN3CCCCCC3)cc2)cc1,5.69,IC50,2030.0,nM,1
CHEMBL4242114,Cc1nnc(C(C)C)n1[C@@H]1C[C@H]2CC[C@@H](C1)N2CC[C@H](NC(=O)C1CCCCC1)c1cccs1,5.69,IC50,2060.0,nM,1
CHEMBL493061,CC(C)(C)C(=O)CN1CCC(CNC(=O)c2cc(Cl)cc(Cl)c2)CC1,5.69,IC50,2047.0,nM,1
CHEMBL557873,COc1ccc(OC2CN(C(=O)NC3CCN(Cc4ccn(-c5ccc(C(F)(F)F)cc5)c4)CC3)C2)cc1,5.69,IC50,2030.0,nM,1
CHEMBL1258879,O=C1NCc2ccc(OCCCCN3CCN(c4cccc5cccc(F)c45)CC3)cc21,5.69,Ki,2060.0,nM,1
CHEMBL5756047,Fc1ccc(-c2cnn(CCc3cn[nH]c3)c2)cc1C(F)F,5.69,IC50,2060.0,nM,1
CHEMBL5849289,CNC[C@H](c1ccc2ccccc2c1)[C@H](O)c1ccc(Cl)s1,5.68,IC50,2100.0,nM,1
CHEMBL641,CNCC[C@@H](Oc1ccccc1C)c1ccccc1,5.68,IC50,2100.0,nM,1
CHEMBL2042691,O=C(O)c1cc(CN2CCN(c3ccc(Br)cc3)CC2)c2ccccn2c1=O,5.68,IC50,2100.0,nM,1
CHEMBL240876,O=S(=O)(c1ccc(/C=C/c2ccc(F)cc2O)nc1)c1ccccc1F,5.68,Ki,2100.0,nM,1
CHEMBL2315936,N#Cc1ccccc1[C@H]1CC[C@@H](N2CC(NC(=O)CNc3ncnc4ccc(C(F)(F)F)cc34)C2)CC1,5.68,IC50,2100.0,nM,1
CHEMBL3408617,CCOc1nc(NC(=O)C2(NC(=O)c3ccc4c(C5CCCC5)c(-c5ccc(F)cn5)n(C)c4c3)CCC2)ccc1/C=C/C(=O)O,5.68,IC50,2100.0,nM,1
CHEMBL3218646,Cc1ccccc1-c1nc2cc(-c3ccc(Cl)cc3)sc2c(=O)n1CC1CCCN(C(C)C)C1,5.68,IC50,2100.0,nM,1
CHEMBL3218648,COCCN1CCC[C@@H](Cn2c(-c3ccccc3C)nc3cc(-c4ccc(Cl)cc4)sc3c2=O)C1,5.68,IC50,2100.0,nM,1
CHEMBL4081159,O=C(Cc1ccc(OCC[C@@H]2C[C@@H]2C2CCN(c3ncc(Cl)cn3)CC2)nc1)N1CCC1,5.68,IC50,2100.0,nM,1
CHEMBL1083447,C[C@@H]1CCCN1CCc1ccc2nc(-c3ccc4nccnc4c3)ccc2c1,5.68,Ki,2100.0,nM,1
CHEMBL3422242,Cc1cc([C@H]2C[C@H]3[C@@H](C)SC(N)=N[C@@]3(c3ccc(F)cc3F)CO2)on1,5.68,IC50,2100.0,nM,1
CHEMBL1092258,COc1ccc2c(c1)CC(CCN(C)C)=C2Cc1cnccn1,5.68,IC50,2100.0,nM,1
CHEMBL6011569,CCN(CCCN1CCC(c2noc3cc(F)ccc23)CC1)S(=O)(=O)C(C)CO,5.68,IC50,2100.0,nM,1
CHEMBL4453475,CN(C)c1ccc(CNC(=O)[C@@H]2CNC[C@H]2c2ccc(Oc3ccccc3)cc2)cc1,5.68,IC50,2110.0,nM,1
CHEMBL4576684,CCC(CC)COc1c(C(N)=O)cnc2ccc(-c3cccnc3)cc12,5.68,IC50,2100.0,nM,1
CHEMBL4174323,NC(=O)c1cnc2ccc(-c3cccnc3)cc2c1NC1CCOCC1,5.68,IC50,2100.0,nM,1
CHEMBL2017577,COc1cc(-c2cn([C@H]3C[C@@H](C(C)(C)C)CCN(CC(C)(C)C)C3=O)nn2)ccc1-n1cnc(C)c1,5.68,IC50,2100.0,nM,1
CHEMBL1952142,COc1cc(NCC2CCNCC2)nc2c1nnn2-c1cccc(OC(F)(F)F)c1,5.68,IC50,2100.0,nM,1
CHEMBL404646,COc1cccc(-c2nc(CCOc3cccc(C[C@@H]4C(=O)N(c5ccc(C(C)(C)C)cc5)[C@@H]4C(=O)O)c3)c(C)o2)c1,5.68,IC50,2100.0,nM,1
CHEMBL1935443,Cc1ccc(Cn2c(C3CNCCO3)nc3ccccc32)cc1C,5.68,IC50,2100.0,nM,1
CHEMBL4483071,CN1CCOc2c1cnn1c(-c3ccc4ccc(Cl)c(NCC5(F)CCNCC5)c4n3)nnc21,5.68,IC50,2100.0,nM,1
CHEMBL2181495,COc1ccc(-c2cc(-c3ccc(S(=O)(=O)NC4CC4)cc3)cnc2N)cn1,5.68,IC50,2100.0,nM,1
CHEMBL6010674,CC(C)Oc1ccc(CC[C@@H](C)N2Cc3ccc(F)cc3C2)cc1OC(C)C,5.68,IC50,2100.0,nM,1
CHEMBL4519670,CCC(CC)CNc1c(C(N)=O)cnc2ccc(-c3ccc(CS(C)(=O)=O)cc3)cc12,5.68,IC50,2100.0,nM,1
CHEMBL443661,CN(C)CCN1CCN(c2ncc3cc(-c4ccccc4)c(-c4ccc(CN5CCC(c6nnc(-c7ccccn7)[nH]6)CC5)cc4)nc3n2)CC1,5.68,IC50,2100.0,nM,1
CHEMBL3897134,Cn1c(SCCCN2CC[C@]3(C[C@@H]3c3ccc(F)cc3)C2)nnc1-c1cccnc1,5.68,IC50,2089.3,nM,1
CHEMBL523585,F[C@@H]1CCNC[C@H]1c1c(-c2ccccc2)[nH]c2c(Cl)cccc12,5.68,Ki,2100.0,nM,1
CHEMBL4861936,CCC(NC(=O)c1ccc(Cl)cc1)[C@H]1[C@@H]2C[C@@H](n3cnc4cc(F)cnc43)C[C@@H]21,5.68,IC50,2100.0,nM,1
CHEMBL2177918,COc1c(C)cc(C2(c3cccc(-c4cncnc4)c3)N=C(N)c3c(F)cccc32)cc1C#N,5.68,IC50,2100.0,nM,1
CHEMBL4099725,Cc1cc(CNc2nc(N)nc3ccn(Cc4ncccc4F)c23)no1,5.68,IC50,2100.0,nM,1
CHEMBL4204991,CCCCCCCCCCn1c(NC2CCN(CCc3ccc(OC)cc3)CC2)nc2ccccc21,5.68,IC50,2069.0,nM,1
CHEMBL2334620,O[C@H](COc1ccc(Cl)cc1)CN1CCN(Cc2c(F)cccc2Cl)CC1,5.68,IC50,2070.0,nM,1
CHEMBL4866916,CCC(NC(=O)c1ccc(Cl)cc1)[C@H]1[C@@H]2C[C@@H](n3cnc4cccc(F)c43)C[C@@H]21,5.68,IC50,2100.0,nM,1
CHEMBL4209248,CCc1nn2c(C)cc(C)nc2c1Cc1ccc(/C=C/CN2CCN(C(C)C)CC2)cc1,5.68,IC50,2100.0,nM,1
CHEMBL1085560,Cc1nc(C)c(-c2ccc3cc(CCN4CCC[C@H]4C)ccc3n2)cc1C#N,5.68,Ki,2100.0,nM,1
CHEMBL3797717,CC(C)CS(=O)(=O)n1ccc2c(-c3ccc(C(F)(F)F)cc3)cc(N3CCN(C)CC3)nc21,5.68,IC50,2100.0,nM,1
CHEMBL2059304,O=c1[nH]c2ccccc2n1C1CCN(CCOc2ccccc2)CC1,5.68,IC50,2100.0,nM,1
CHEMBL523521,O=S(=O)(c1ccc2c(c1)CCNCC2)N1CC(Oc2ccc(Cl)cc2)C1,5.68,Ki,2090.0,nM,1
CHEMBL2036751,CCN1CCC[C@@H](CN2CCN(C(=O)Nc3ccc(Cl)c(Cl)c3)CC2)C1,5.68,IC50,2100.0,nM,1
CHEMBL3330652,O=C(NOCCO)c1ccn2cncc2c1Nc1ccc(I)cc1F,5.68,IC50,2100.0,nM,1
CHEMBL1782566,CO[C@@H]1COCC[C@@H]1N[C@@H]1CC[C@@](C(=O)N2CCN(c3cncc(C(F)(F)F)c3)CC2)(C(C)C)C1,5.68,IC50,2100.0,nM,1
CHEMBL174214,CCn1nc(Cc2ccc(C(C)(C)C)cc2)cc1C1CCN(C[C@H]2CN([C@@H](C(=O)O)C(C)(C)C)C[C@@H]2c2cccc(F)c2)CC1,5.68,Ki,2100.0,nM,1
CHEMBL223999,CN1CCC(Cc2ccc3c(c2)Cc2c(-c4csc(C#CCOc5ccccc5)c4)n[nH]c2-3)CC1,5.68,IC50,2100.0,nM,1
CHEMBL4098331,NC(=O)c1cnc(N(CCc2ccccc2)[C@H]2CCCNC2)c2cc(-c3ccccc3)sc12,5.68,IC50,2100.0,nM,1
CHEMBL489324,Cc1nnc(C(C)C)n1C1CCN(C(C)C[C@H](NC(=O)C2CCC(F)(F)CC2)c2ccccc2)CC1.Cl,5.68,IC50,2100.0,nM,1
CHEMBL3612796,COc1cc(CCN2CCN(CCc3ccc4c(c3C)COC4=O)CC2)ccc1C#N,5.68,IC50,2100.0,nM,1
CHEMBL4210352,Cc1cc(C2C[C@H]3[C@@H](C)SC(N)=N[C@@]3(c3ccc(F)cc3F)CO2)on1,5.68,IC50,2100.0,nM,1
CHEMBL1909649,CON(C)C(=O)Cn1cc(CN(C(=O)[C@H]2CNCC[C@]2(O)c2ccc(F)c(F)c2)C2CC2)c2c(F)cccc21,5.68,Ki,2100.0,nM,1
CHEMBL604805,CCN1C[C@H]2C[C@@H](N(Cc3cccc(OC(F)(F)F)c3)C(=O)c3cn(C)cn3)C[C@H]2C1,5.68,Ki,2110.0,nM,1
CHEMBL4645145,O=C(NC1CCS(=O)(=O)CC1)c1n[nH]c2ccc(-c3cccc(F)c3F)cc12,5.68,IC50,2100.0,nM,1
CHEMBL4204559,Cc1cc(C2C[C@H]3[C@@H](CF)SC(N)=N[C@@]3(c3ccc(F)cc3F)CO2)on1,5.68,IC50,2100.0,nM,1
CHEMBL1095202,CCOCCn1c([C@@H]2CCCN(C3CCOCC3)C2)nc2ccccc21,5.68,IC50,2100.0,nM,1
CHEMBL2010834,CNC(=O)c1ccc(CC(=O)N(C)C2CCN(Cc3ccc(C(F)(F)F)cc3)CC2)cc1,5.68,IC50,2100.0,nM,1
CHEMBL449048,CNCc1ccc(Cl)cc1Oc1cccc(Cl)c1,5.68,IC50,2110.0,nM,1
CHEMBL1085326,C[C@@H]1CCCN1CCc1ccc2nc(-c3ccoc3)ccc2c1,5.68,Ki,2100.0,nM,1
CHEMBL453879,CNCc1ccc(Cl)cc1Oc1ccc(F)c(Cl)c1,5.68,IC50,2110.0,nM,1
CHEMBL3946995,O=C(N[C@H]1CC[C@H](CCN2CCN(c3nsc4ccccc34)CC2)CC1)c1ccco1,5.68,IC50,2110.0,nM,1
CHEMBL3794427,O=C1OCc2cc(CCC3(F)CCN(C(=O)Cc4ccc(-n5cnnn5)cc4)CC3)ccc21,5.68,IC50,2100.0,nM,1
CHEMBL515919,COc1ccc(NC(=O)c2ccc(C(=N)N(C)C)cc2F)c(C(=O)Nc2ccc(Cl)cn2)c1,5.68,Ki,2100.0,nM,1
CHEMBL551206,COc1ccc([C@@H](C)N[C@@H]2CC[C@@H](C(=O)N3CCC(c4ccccc4)(c4ccc(Cl)nc4)CC3)C(C)(C)C2)cc1,5.68,IC50,2100.0,nM,1
CHEMBL454657,CNCc1cc(F)c(OC)cc1Oc1ccc(Cl)c(Cl)c1,5.67,IC50,2150.0,nM,1
CHEMBL558863,CN(CC1(O)CCCCC1)C(=O)NC1CCN(Cc2ccn(-c3ccc(C(F)(F)F)cc3)c2)CC1,5.67,IC50,2160.0,nM,1
CHEMBL1779004,COc1cc(F)ccc1-c1cccc(CNC2CCCC2)c1,5.67,IC50,2150.0,nM,1
CHEMBL443922,CN(C)Cc1ccccc1Oc1ccc(Cl)c(Cl)c1,5.67,IC50,2120.0,nM,1
CHEMBL1209070,Cl.c1cncc(-c2ccccc2O[C@H]2C[C@@H]3CNC[C@H]2C3)c1,5.67,Ki,2160.0,nM,1
CHEMBL1818835,COc1cc(-c2cn(Cc3csc4ccccc34)nn2)ccc1-n1cnc(C)c1,5.67,IC50,2150.0,nM,1
CHEMBL452823,CN1CCN(c2ccc3nc(-c4ccc(CN5CCC(c6nnc(-c7ccccn7)[nH]6)CC5)cc4)c(-c4ccccc4)nc3n2)CC1,5.67,IC50,2143.0,nM,1
CHEMBL3805844,CC1CCN(CCCOc2ccc(=O)n(-c3ccc(F)c(Cl)c3)n2)CC1,5.67,IC50,2160.0,nM,1
CHEMBL3086032,C[C@H](NC(=O)[C@@H]1CC[C@@H](N2CCOCC2)C[C@H]1c1ccc(Br)cc1)c1ccc(F)cc1,5.66,IC50,2200.0,nM,1
CHEMBL597276,Clc1cnc2oc(N3CCN4CCC3CC4)nc2c1,5.66,IC50,2200.0,nM,1
CHEMBL5793487,Cn1ccc(Cn2cc(-c3ccc(Cl)c(F)c3)cn2)n1,5.66,IC50,2190.0,nM,1
CHEMBL1824499,COCCc1ccc(Cl)c(CN(C(=O)[C@H]2CNCC[C@]2(O)c2ccc(F)c(F)c2)C2CC2)c1,5.66,Ki,2200.0,nM,1
CHEMBL2204931,Cn1cc([C@@H]2N[C@@H](c3nc(-c4ccc(F)cc4)c[nH]3)Cc3c2[nH]c2ccccc32)cn1,5.66,Ki,2189.0,nM,1
CHEMBL392573,Cc1cc2ncc(-c3ccc4cc(CCN5CCC[C@H]5C)ccc4n3)c(C)n2n1,5.66,Ki,2200.0,nM,1
CHEMBL2012292,Cc1ccnc(CN2CCC(Oc3ncnc4c3ccn4Cc3ccccc3)CC2)c1,5.66,Ki,2200.0,nM,1
CHEMBL4784088,Cc1nnc(-c2nn(C)c3ccc(Nc4nccc(-c5cc(CN(C)C)n(C)n5)n4)cc23)o1,5.66,IC50,2200.0,nM,1
CHEMBL4755974,CC1(C)C(=O)Nc2nc(-n3nc(Cc4c(F)ccc(F)c4F)c4ccccc43)nc(N)c21,5.66,IC50,2200.0,nM,1
CHEMBL4644352,O=c1n(CCCCN2CCN(c3cccc4sccc34)CC2)nc2c(F)cccn12,5.66,IC50,2200.0,nM,1
CHEMBL1779007,COc1cc(F)ccc1-c1cncc(CNC2CCCCC2)c1,5.66,IC50,2180.0,nM,1
CHEMBL3703237,NC1=NC2(CO1)c1cc(NC(=O)c3ccc(Cl)cn3)ccc1OCC21CC1,5.66,IC50,2170.0,nM,1
CHEMBL1514,CC[C@H](OC(C)=O)C(C[C@H](C)N(C)C)(c1ccccc1)c1ccccc1,5.66,IC50,2187.76,nM,1
CHEMBL258063,CNCc1cc(C#N)ccc1Oc1ccc(Cl)cc1Cl,5.66,Ki,2213.0,nM,1
CHEMBL3219615,CC[C@]1(c2cccc(C(N)=O)c2)[C@@H]2CN(CC3(O)Cc4ccccc4C3)C[C@@H]21,5.66,IC50,2200.0,nM,1
CHEMBL4593713,COc1cnc(OC)c([C@H](c2cc3cc(Br)ccc3nc2OC)[C@@](O)(CCN(C)C)c2cc(OC)nc(OC)c2)c1,5.66,IC50,2200.0,nM,1
CHEMBL4519972,COc1cc([C@](O)(CCN(C)C)[C@@H](c2cc3cc(Br)ccc3nc2OC)c2cccc(OC)c2OC)cc(OC)n1,5.66,IC50,2200.0,nM,1
CHEMBL4858892,Cc1cc(C)cc(-c2cncc(-c3nc4cc(C#N)ccc4[nH]3)c2N2CCC(N)CC2)c1,5.66,IC50,2200.0,nM,1
CHEMBL4743418,Oc1ccc(CN2CC(CNc3ccccc3)C3(C2)CN(c2ccccc2)C3)cc1,5.66,IC50,2200.0,nM,1
CHEMBL590593,C[C@H](O)C(=O)N1CC[C@H](N(Cc2cc(Cl)ccc2Cl)c2ccc(C#N)c(Cl)c2)C1,5.66,IC50,2200.0,nM,1
CHEMBL5083271,CCCCN1CCN(C2(CN(C(=O)CC)c3cccc(C(F)(F)F)n3)CCOCC2)CC1,5.66,IC50,2200.0,nM,1
CHEMBL4785501,COc1ccc2ncc(F)c(CC[C@]3(O)CC[C@@H](NCc4ccc5c(c4)OCCO5)CC3)c2n1,5.66,IC50,2200.0,nM,1
CHEMBL565073,O=C(CC1CCN(Cc2ccn(-c3ccc(C(F)(F)F)cc3)c2)CC1)NC(c1ccc(F)cc1)c1cccnc1,5.66,IC50,2170.0,nM,1
CHEMBL5831041,CNC[C@@H](c1ccc(Cl)c(Cl)c1)[C@@H](O)c1cccc(SC)c1,5.66,IC50,2200.0,nM,1
CHEMBL4282391,CN(c1ccc(-c2ccc(F)cc2O)nn1)C1CC(C)(C)NC(C)(C)C1,5.66,IC50,2200.0,nM,1
CHEMBL3585954,Cc1ncc(OC[C@@]2(c3ccc(F)cc3)C[C@H]2C(=O)Nc2ccc(F)cn2)c(C)n1,5.66,IC50,2200.0,nM,1
CHEMBL3585956,Cc1ncc(OC[C@@]2(c3ccc(F)c(F)c3)C[C@H]2C(=O)Nc2ccc(F)cn2)c(C)n1,5.66,IC50,2200.0,nM,1
CHEMBL3596509,COc1cccc2c1nc(N)n1nc(CN3CCN(c4ccncc4)C[C@H]3C)nc21,5.66,IC50,2184.0,nM,1
CHEMBL4242598,C=CC(=O)N1C[C@@H]2C[C@H]1CN2c1ccc(C(N)=O)c(Oc2ccc(Oc3ccccc3)cc2)n1,5.66,Ki,2200.0,nM,1
CHEMBL2177911,COc1cc(C2(c3cccc(-c4cncnc4)c3)N=C(N)c3c(F)cccc32)ccn1,5.66,IC50,2200.0,nM,1
CHEMBL3085131,CC(C(=O)N[C@]1(c2ccccc2)CC[C@H](N2CCC(C3CCOC3(C)C)CC2)CC1)c1cc(C(F)(F)F)cc(C(F)(F)F)c1,5.66,Ki,2200.0,nM,1
CHEMBL5959439,Cc1cc(Cn2cc(-c3ccc(Cl)c(F)c3)cn2)n(C)n1,5.66,IC50,2170.0,nM,1
CHEMBL5085880,O=c1ccc2c([nH]1)CCC(NCCCCCCCCNc1c3c(nc4cc(Cl)ccc14)CCCC3)C2,5.66,IC50,2191.0,nM,1
CHEMBL2171415,CCCOC(c1ccc(Cl)c(Cl)c1)C1CNC1.Cl,5.66,IC50,2200.0,nM,1
CHEMBL4205416,COc1ccc(NC(=O)N2CCN(c3nc(N)nc4sc(-c5cccnc5)nc34)CC2)cc1,5.66,IC50,2200.0,nM,1
CHEMBL4212262,Cl.FCCOc1ccc(CCC2CCN(CCc3ccccc3Cl)CC2)cc1,5.66,IC50,2200.0,nM,1
CHEMBL3612805,COc1cc(C(O)CN2CCN(CCc3ccc4c(c3C)COC4=O)CC2)ccc1C#N,5.66,IC50,2200.0,nM,1
CHEMBL562569,O=C(c1ccccc1C1CCCC1)N(CC1CCC1)[C@H]1CCNC1,5.66,IC50,2210.0,nM,1
CHEMBL4176516,CO/N=C/c1ccc2nc(OC)c([C@@H](c3ccccc3)[C@](O)(CCN(C)C)c3cccc4ccccc34)cc2c1,5.66,IC50,2200.0,nM,1
CHEMBL4129620,O=C(c1ccc(-c2ccccc2)cc1)N(c1nccc2ccccc12)[C@@H]1CCCNC1,5.66,Ki,2200.0,nM,1
CHEMBL53866,CCC(O)c1cn(-c2ccc(F)cc2)c2ccc(Cl)cc12,5.66,IC50,2200.0,nM,1
CHEMBL4074704,COc1cccnc1Cn1ccc2nc(N)nc(OCc3ncc(C)o3)c21,5.66,IC50,2200.0,nM,1
CHEMBL252030,CC(=O)NC1CCc2cc(CCN3CCN(c4nsc5ccccc45)CC3)ccc21,5.66,Ki,2202.0,nM,1
CHEMBL564919,CCN1C[C@@H]2[C@H](C1)[C@H]2CN(Cc1cccc(OC(F)(F)F)c1)C(=O)c1cn(C)cn1,5.66,IC50,2200.0,nM,1
CHEMBL4096875,CN(C/C=C/c1ccc(C(F)(F)F)cc1)Cc1ccc2c(c1)CCO2.Cl,5.66,IC50,2200.0,nM,1
CHEMBL1818823,COc1cc(-c2cn(Cc3ccc(F)cc3)nn2)ccc1-n1cnc(C)c1,5.66,IC50,2190.0,nM,1
CHEMBL3905835,Cc1nccn1-c1ccc(-c2cn(CC(=O)Nc3cccc(Cl)c3Cl)nn2)cc1,5.66,IC50,2200.0,nM,1
CHEMBL1172204,Cc1cccc(N2CCN(CCCCCCN3CCN(c4cccc(C)c4)CC3)CC2)c1,5.66,Ki,2200.0,nM,1
CHEMBL3417058,Clc1ccc(Cn2cc(NCCN3CCCCC3)nn2)cc1Cl,5.66,IC50,2200.0,nM,1
CHEMBL494478,CC(CC(C)(C)C)N1CCC(CNC(=O)c2cc(Cl)cc(Cl)c2)CC1,5.66,IC50,2208.0,nM,1
CHEMBL5798443,CCN(CCN1CCC(c2noc3cc(F)ccc23)CC1)C(=O)C1CCCCC1O,5.66,IC50,2200.0,nM,1
CHEMBL4102858,COc1ccc(Cn2c(=O)n3ncnc3c3c4c(sc32)CN(CC2CCOCC2)CC4)cc1,5.66,IC50,2200.0,nM,1
CHEMBL203045,CC(C)(CN)C(=O)N1CC(c2cc(F)ccc2F)=C[C@H]1c1ccccc1,5.66,IC50,2200.0,nM,1
CHEMBL5905387,CCN(CCN1CCC(c2noc3cc(F)ccc23)CC1)C(=O)CO,5.66,IC50,2200.0,nM,1
CHEMBL3417047,Fc1ccc(-n2cc(NCCN3CCCCC3)nn2)cc1F,5.66,IC50,2200.0,nM,1
CHEMBL2204933,Cc1nc([C@@H]2N[C@@H](c3nc(-c4ccc(F)cc4)c[nH]3)Cc3c2[nH]c2ccccc32)no1,5.66,Ki,2206.0,nM,1
CHEMBL391514,O=C(CCCCCN1C(=O)c2ccccc2N(Cc2ccccc2)C(=O)[C@@H]1Cc1ccccc1)NO,5.65,IC50,2228.44,nM,1
CHEMBL3323076,CCOC(=O)c1cncc([C@]2(c3cnn(C)c3)N[C@@H](c3nc(-c4ccc(F)cc4)c[nH]3)Cc3c2[nH]c2ccccc32)c1,5.65,IC50,2257.0,nM,1
CHEMBL4443018,Oc1ccc(-c2ccc(-c3nc4cc(C(F)(F)F)ccc4[nH]3)cc2)cn1,5.65,Ki,2250.0,nM,1
CHEMBL1645164,COC(=O)c1coc(CN2CCN(C(=O)CC(c3ccc(F)cc3)c3ccc(Br)cc3)CC2)n1,5.65,IC50,2230.0,nM,1
CHEMBL4074093,Fc1ccc(CC(c2cccnc2)c2cccnc2)c(-c2cccc(C(F)(F)F)c2)c1,5.65,IC50,2230.0,nM,1
CHEMBL1822857,c1cc(C2CCOCC2)ccc1OCCCN1CCCCC1,5.65,Ki,2220.0,nM,1
CHEMBL194564,O=c1cc(NC2CCN(Cc3ccc4c(c3)OCO4)CC2)c2cc(Cl)ccc2o1,5.65,IC50,2250.0,nM,1
CHEMBL3923854,Cl.N=C(N)N/N=C/c1ccc(-c2ccc(/C=N/Nc3ccc(F)cc3F)cc2)cc1,5.65,IC50,2240.0,nM,1
CHEMBL2017585,COc1cc(-c2cn([C@H]3C[C@@H](c4ccccc4)CCN(CC(F)(F)F)C3=O)nn2)ccc1-n1cnc(C)c1,5.65,IC50,2220.0,nM,1
CHEMBL2346967,N#Cc1ccc(CN2CCN(c3ccc4nnc(C(F)(F)F)n4n3)CC2)cc1,5.65,IC50,2238.72,nM,1
CHEMBL491679,Cc1nnc(C(C)C)n1C1CCN(C(C)C[C@H](NC(=O)C2CC(F)(F)C2)c2ccccc2)CC1.Cl,5.64,IC50,2300.0,nM,1
CHEMBL4798609,COc1ccc2ncc(F)c(CC[C@]3(O)CC[C@H](NCc4ccc5c(c4)OCCO5)CC3)c2n1,5.64,IC50,2300.0,nM,1
CHEMBL561585,O=C(CC1CCN(Cc2ccn(-c3ccc(C(F)(F)F)cc3)c2)CC1)NC(c1ccccc1)c1ccccn1,5.64,IC50,2300.0,nM,1
CHEMBL2333623,FC(F)(F)c1cc(COCC2(c3ccccc3)CCNCC2)nc(N2CCCC2)c1,5.64,IC50,2300.0,nM,1
CHEMBL46516,O=C1NCN(c2ccccc2)C12CCN(CCCC(c1ccc(F)cc1)c1ccc(F)cc1)CC2,5.64,IC50,2300.0,nM,1
CHEMBL1090159,OC(c1cccnc1)(c1cccnc1)C(c1ccccc1)N1CCNCC1,5.64,IC50,2300.0,nM,1
CHEMBL1761536,COCCCc1cc(CN(C(=O)[C@H]2CNCC[C@@H]2c2ccc(OCCOc3c(Cl)cc(C)cc3Cl)cc2)C2CC2)cc(OCC[C@](C)(OC)C(=O)O)c1,5.64,Ki,2300.0,nM,1
CHEMBL1086582,Cc1cc(CN2CCN(c3c(Cl)cnc4[nH]c(N5CCN(C)CC5)nc34)CC2)no1,5.64,IC50,2300.0,nM,1
CHEMBL6011841,C[C@@H]1Cc2c([nH]c3ccccc23)[C@@H](c2cc(OCCNCCCF)cc(F)c2F)N1CC(F)(F)F,5.64,IC50,2300.0,nM,1
CHEMBL2443278,c1ccc([C@]2(CCNCc3cccs3)CCOC3(CCCC3)C2)nc1,5.64,IC50,2300.0,nM,1
CHEMBL4764679,CN1CCc2ccc(OCCCN3CCC(c4noc5cc(F)ccc45)CC3)cc2C1=O,5.64,IC50,2312.0,nM,1
CHEMBL1110,Cc1[nH]cnc1CN1CCc2c(c3ccccc3n2C)C1=O,5.64,IC50,2300.0,nM,1
CHEMBL172296,CCn1nc(Cc2ccc(-c3ccccc3)cc2)cc1C1CCN(C[C@H]2CN([C@@H](C(=O)O)C(C)(C)C)C[C@@H]2c2cccc(F)c2)CC1,5.64,Ki,2300.0,nM,1
CHEMBL270314,Cc1cc(C)n(-c2cc(NC(=O)CCN3CC[C@H](N(C)C)C3)nc(-c3ccc(C)o3)n2)n1,5.64,IC50,2280.0,nM,1
CHEMBL4861311,Fc1ccc2c(C3CCN(CCCOc4ccc(CCN5CCCCC5)cc4)CC3)noc2c1,5.64,IC50,2290.2,nM,1
CHEMBL1092108,O=C(NCc1ccccc1)N(c1ccc(Br)cc1)C1CCN(Cc2ccncc2)CC1,5.64,IC50,2310.0,nM,1
CHEMBL1092765,C[C@H](c1cccnc1F)c1c(CCN(C)C)sc2ccccc12,5.64,IC50,2300.0,nM,1
CHEMBL2012271,Fc1cccc(Cn2ccc3c(OC4CCN(Cc5cscn5)CC4)ncnc32)c1F,5.64,Ki,2300.0,nM,1
CHEMBL611369,Brc1cnc2nc(N3CCN4CCC3CC4)oc2c1,5.64,IC50,2300.0,nM,1
CHEMBL2012274,Fc1cccc(F)c1Cn1ccc2c(OC3CCN(Cc4cscn4)CC3)ncnc21,5.64,Ki,2300.0,nM,1
CHEMBL4103135,COc1cccc(Cn2ccc3nc(N)nc(NCc4cc(C)on4)c32)n1,5.64,IC50,2300.0,nM,1
CHEMBL4076401,CCOC(=O)C1=C(CN2CCOCC2)NC(c2nccs2)=NC1c1ccc(F)cc1Cl,5.64,IC50,2310.0,nM,1
CHEMBL3605127,O=C1COc2ccc(CNC34CCC(CCc5c(F)cnc6ccc(OCC(O)CO)nc56)(CC3)OC4)nc2N1,5.64,IC50,2300.0,nM,1
CHEMBL1836039,Cc1nc2ccccc2n1-c1ccc(C(=O)N(C)[C@@H]2CCN(C3CCCC3)C2)cc1,5.64,IC50,2300.0,nM,1
CHEMBL487826,Cc1ccccc1N1CCN(C[C@@H]2CCc3cccnc3[C@@H](O)C2)CC1,5.64,IC50,2300.0,nM,1
CHEMBL4280886,Brc1ccc(Nc2ccc(CN3CCC4(CC3)OCCc3sccc34)cc2)cc1,5.64,IC50,2300.0,nM,1
CHEMBL5092587,CCC(=O)N(CC1(N2CCN(CCOc3ccccc3)CC2)CCOCC1)c1cccc(C(F)(F)F)n1,5.64,IC50,2300.0,nM,1
CHEMBL3422236,Cc1coc([C@H]2C[C@H]3CSC(N)=N[C@@]3(c3ccc(F)cc3F)CO2)n1,5.64,IC50,2300.0,nM,1
CHEMBL4215911,COCCCN1CCC(c2nnc(-c3cccc4cc(C(C)C)nn34)o2)CC1,5.64,IC50,2300.0,nM,1
CHEMBL1935441,Cc1ccc(Cn2c([C@H]3CNCCO3)nc3ccccc32)cc1,5.64,IC50,2300.0,nM,1
CHEMBL5070613,CCC(=O)N(CC1(N2CCN(Cc3ccccc3)CC2)CCOCC1)c1ccccc1,5.64,IC50,2300.0,nM,1
CHEMBL4541477,FC(F)(F)c1ccc2[nH]c(-c3ccc(-c4ccccc4)cc3)nc2c1,5.64,Ki,2314.0,nM,1
CHEMBL553395,CSc1ccccc1C(=O)N(C1CCCCC1)[C@H]1CCNC1,5.64,IC50,2270.0,nM,1
CHEMBL3393720,CS(=O)(=O)Nc1ccc(-c2ccc3[nH]nc(-c4cncc(O[C@H]5CNCCC56CC6)n4)c3c2)c(F)c1,5.64,IC50,2300.0,nM,1
CHEMBL4226360,COc1ccc2nccc(CC[C@H]3CC[C@H](NCc4ccc(Cl)c(Cl)c4)CC3)c2c1,5.64,IC50,2300.0,nM,1
CHEMBL1651456,Cc1cc(CN2CCN(c3c(Cl)cnc4[nH]c(-c5ccc(N6CCN(C)CC6)cc5)nc34)CC2)no1,5.64,IC50,2300.0,nM,1
CHEMBL4531643,NC(=O)c1cnc2ccc(-c3cccnc3)cc2c1NCC1CCOCC1,5.64,IC50,2300.0,nM,1
CHEMBL4585977,CCC(CC)CNc1c(C(N)=O)cnc2ccc(-c3cccnn3)cc12,5.64,IC50,2300.0,nM,1
CHEMBL4205308,CCc1nc2c(C)cc(C)nn2c1Cc1ccc(/C=C/CN2CCN(C(C)C)CC2)cc1,5.64,IC50,2300.0,nM,1
CHEMBL1645172,Cc1ccc2nc(CN3CCN(C(=O)CC(c4ccccc4)c4ccc(F)cc4)CC3)oc2c1,5.64,IC50,2270.0,nM,1
CHEMBL1778033,CCN1C(=O)c2nc(Cc3ccccc3)n(Cc3ccccc3)c2N2CC3(CCc4ccccc43)N=C12,5.64,IC50,2300.0,nM,1
CHEMBL5808177,CCn1c(N[C@H]2CCCNC2)nc2c([N+](=O)[O-])c(Br)c(Br)cc21,5.64,IC50,2270.0,nM,1
CHEMBL4593348,CCC(CC)CNc1c(C(N)=O)cnc2ccc(C#N)cc12,5.64,IC50,2300.0,nM,1
CHEMBL4863359,CC[C@@H](NC(=O)c1ccc(Cl)cc1)[C@H]1[C@@H]2C[C@@H](n3cnc4ccc(Cl)cc43)C[C@@H]21,5.64,IC50,2300.0,nM,1
CHEMBL1494,NCCC(Oc1ccc(C(F)(F)F)cc1)c1ccccc1,5.64,IC50,2290.87,nM,1
CHEMBL1800772,CC(C)(N)C(=O)N1CCn2c(nc(-c3ccc(F)cc3)c2Nc2ccc(Cl)cc2)C1,5.64,IC50,2300.0,nM,1
CHEMBL1289169,O=c1cc(OCc2ccccc2)ccn1-c1ccc2c(cnn2CCN2CCC[C@@H]2CO)c1,5.64,IC50,2300.0,nM,1
CHEMBL3734797,Cc1noc([C@H]2C[C@@H]2C(=O)NCc2ccc(-c3cccc(OC(F)(F)F)c3)c3c2CN(C(=O)NC(C)(C)C)CC3)n1,5.63,IC50,2340.0,nM,1
CHEMBL476130,CNC(=O)c1c(NCC2CCC3(CCC3)CC2)nc(C#N)nc1OCC1CCNCC1,5.63,IC50,2340.0,nM,1
CHEMBL550402,CC(C)c1ccccc1C(=O)N(CC1CCCC1)[C@H]1CCNC1,5.63,IC50,2350.0,nM,1
CHEMBL1836167,COC(=O)C1(CNC(=O)c2cc(OC)cc(OC)c2)CCN(Cc2ccc(C(F)(F)F)cc2)CC1,5.63,IC50,2350.0,nM,1
CHEMBL4465203,C[S+]([O-])c1ccc(-c2cnc3ccc(Nc4cccc(S(C)(=O)=O)c4)nn23)cc1,5.63,IC50,2360.0,nM,1
CHEMBL1813315,CN1C[C@@H]2CCCC[C@]2(c2ccc(Cl)c(Cl)c2)C1,5.63,IC50,2320.0,nM,1
CHEMBL4558874,CS(=O)(=O)c1cccc(-c2ccc3ncc(-c4cccc(S(C)(=O)=O)c4)n3n2)c1,5.63,IC50,2350.0,nM,1
CHEMBL1642895,CN[C@@H]1Cc2ccccc2[C@@H](c2ccc(Cl)c(Cl)c2)C1,5.63,IC50,2320.0,nM,1
CHEMBL3115192,CC(C)C(CCCN(C)CCCc1nc2ccccc2[nH]1)(C(=O)O)c1ccc(Br)cc1,5.63,IC50,2340.0,nM,1
CHEMBL564674,O=C(CC1CCN(Cc2ccc(-c3ccc(Cl)cc3)o2)CC1)N1CCCC(CO)C1,5.63,IC50,2340.0,nM,1
CHEMBL1957001,Cc1nc2cnc(Oc3ccc4ncsc4c3)cc2c(=O)n1C[C@H]1CCCN(C(C)C)C1,5.62,IC50,2398.83,nM,1
CHEMBL2012290,Cc1cccc(CN2CCC(Oc3ncnc4c3ccn4Cc3ccccc3)CC2)n1,5.62,Ki,2400.0,nM,1
CHEMBL2043170,COc1cc(N2C(=O)N(c3ccc(-c4ccccc4C(=O)O)cc3)C(=O)C23CCN(Cc2ncccc2C)CC3)ncn1,5.62,IC50,2400.0,nM,1
CHEMBL2035052,C1=C/COCc2cc(ccc2OCCN2CCCC2)Nc2nccc(n2)-c2ccnc(c2)OCC/1,5.62,IC50,2400.0,nM,1
CHEMBL1172206,COc1cccc(N2CCN(CCCCCCN3CCN(c4cccc(OC)c4)CC3)CC2)c1,5.62,Ki,2400.0,nM,1
CHEMBL5796450,Cc1c(OCCNCCCF)ccc(F)c1[C@@H]1c2[nH]c3ccccc3c2C[C@@H](C)N1CCC#N,5.62,IC50,2400.0,nM,1
CHEMBL1771127,CC(C)c1cc(C#N)cc2nc(-c3ccc(C(=O)NC[C@H]4CC[C@@H](c5cccc(C(F)(F)F)c5)CC4)cc3)oc12,5.62,IC50,2372.0,nM,1
CHEMBL4852181,CCS(=O)(=O)c1ccc(C(Cn2cccn2)C(=O)Nc2ccc(C(O)(C(F)(F)F)C(F)(F)F)cc2)cc1,5.62,IC50,2400.0,nM,1
CHEMBL3622105,Cc1c([C@@H](O)CN2CCC3(CC2)CCN(c2ccc(C#N)cn2)C3)ccc2c1COC2=O,5.62,IC50,2400.0,nM,1
CHEMBL209456,C[C@@H]1C[C@H](O[C@H](C)c2cc(C(F)(F)F)cc(C(F)(F)F)c2)[C@@H](c2ccc(F)cc2)CNC1=O,5.62,Ki,2400.0,nM,1
CHEMBL3753861,COc1ccc2ncc(F)c(CC(O)(C(F)(F)F)C34CCC(NCc5ccc6c(n5)NC(=O)CO6)(CC3)CO4)c2n1,5.62,IC50,2400.0,nM,1
CHEMBL4079820,CC(=O)N1CCC[C@@H](c2nc(-c3ccc(C(=O)Nc4cc(C(F)(F)F)ccn4)cc3F)c3c(N)nccn23)C1,5.62,IC50,2400.0,nM,1
CHEMBL5910884,COc1cc(CC[C@@H](C)N2Cc3ccc(F)cc3C2)ccc1O,5.62,IC50,2400.0,nM,1
CHEMBL401407,CC(C(O)c1ccc2c(c1)COC(=O)N2)N1CCC(O)(c2ccc(F)cc2)CC1,5.62,IC50,2400.0,nM,1
CHEMBL4079391,CCN(c1ncc(C(N)=O)c2sc(-c3ccccc3)cc12)[C@H]1CCCNC1,5.62,IC50,2400.0,nM,1
CHEMBL379690,CC(C)[C@H](N)C(=O)N1CC(c2cc(F)ccc2F)=C[C@H]1c1ccccc1,5.62,IC50,2400.0,nM,1
CHEMBL2324511,N#CC=C1CCN(c2ccc(N3C[C@H](Cn4cc(F)nn4)OC3=O)cc2F)CC1,5.62,IC50,2370.0,nM,1
CHEMBL4066423,Cc1c([C@@H](O)CN2CCC3(CC2)CCN(c2cncc(C#N)c2)C3)ccc2c1COC2=O,5.62,IC50,2400.0,nM,1
CHEMBL3929341,OCCn1c2ccccc2c2ccnc(CN(CCCN3CCNCC3)C3CCCc4cccnc43)c21,5.62,IC50,2400.0,nM,1
CHEMBL5089868,O=c1ccc2c([nH]1)CCC(NCCNc1c3c(nc4cc(Cl)ccc14)CCCC3)C2,5.62,IC50,2408.0,nM,1
CHEMBL3604801,CCOC(=O)C1(C)Oc2ccc(CNC34CCC(CCc5c(F)cnc6ccc(OC)nc56)(CC3)OC4)nc2NC1=O,5.62,IC50,2400.0,nM,1
CHEMBL3604807,COc1ccc2ncc(F)c(C[C@H](O)C3CCC(NCc4nc5c(cc4F)OCC(=O)N5)CO3)c2n1,5.62,IC50,2400.0,nM,1
CHEMBL3605121,O=C1COc2ccc(CNC34CCC(CCc5c(F)cnc6ccc(OCCCO)nc56)(CC3)OC4)nc2N1,5.62,IC50,2400.0,nM,1
CHEMBL6020130,CCn1c(NCCN)nc2c([N+](=O)[O-])c(Br)c(Br)cc21,5.62,IC50,2420.0,nM,1
CHEMBL3605122,O=C1COc2ccc(CNC34CCC(CCc5c(F)cnc6ccc(OCCCCO)nc56)(CC3)OC4)nc2N1,5.62,IC50,2400.0,nM,1
CHEMBL3612798,COc1cc(CCN2CCN(CC(F)c3ccc4c(c3C)COC4=O)CC2)ccc1C#N,5.62,IC50,2400.0,nM,1
CHEMBL3617452,Nc1nc(NC2CCNC2)c2sc(-c3ccc(C(F)(F)F)cc3)cc2n1,5.62,IC50,2400.0,nM,1
CHEMBL550455,Cn1cccc1CNC(=O)CC1CCN(Cc2ccn(-c3ccc(C(F)(F)F)cc3)c2)CC1,5.62,IC50,2400.0,nM,1
CHEMBL1829604,O=C(CNC(=O)c1cccc(C(F)(F)F)c1)NC1CN(C2CCC(c3c[nH]c4ccccc34)CC2)C1,5.62,IC50,2400.0,nM,1
CHEMBL1818341,CC(C)CNCc1ccc(-c2ccccc2S(=O)(=O)N2CCCC2)cc1,5.62,IC50,2400.0,nM,1
CHEMBL5907444,FC(F)(F)c1ccc(C(F)(F)CN2CCC(Nc3ncnc4[nH]ncc34)CC2)cn1,5.62,IC50,2400.0,nM,1
CHEMBL4446706,Cc1cc(-c2cnc3ccn(CC4CCOC4)c3c2)ccc1F,5.62,Ki,2400.0,nM,1
CHEMBL1630,CCN(CC)Cc1cc(Nc2ccnc3cc(Cl)ccc23)ccc1O.Cl,5.62,IC50,2400.0,nM,1
CHEMBL2336059,CCOC(=O)N1[C@@H]2CC[C@H]1C[C@H](CN1CC[C@H](N3C(=O)Cc4ccccc43)C1)C2,5.62,IC50,2400.0,nM,1
CHEMBL4867978,Fc1ccc2c(C3CCN(CCCOc4ccc(CCN5CCOCC5)cc4)CC3)noc2c1,5.62,IC50,2410.1,nM,1
CHEMBL4799744,Cc1ccc(NC(=O)c2cccc(C(F)(F)F)c2)cc1C#Cc1nn(CC2CCN(C)C2)c2ncnc(N)c12,5.62,IC50,2380.0,nM,1
CHEMBL2390995,O=C(/C=C/c1ccc2c(c1)C(=O)CC1(CCN(Cc3ccc(F)cc3)CC1)O2)NO,5.62,IC50,2380.0,nM,1
CHEMBL4746135,Cc1cc(-c2ccc3c(c2)-c2nnc(Oc4cccc(Cl)c4F)n2CCO3)ccn1,5.62,IC50,2410.0,nM,1
CHEMBL4206372,CC(C)CN1C[C@H](Cc2ccc(Cl)cc2)N(C2CCN(c3n[nH]c(N)n3)CC2)C[C@@H]1C,5.62,IC50,2400.0,nM,1
CHEMBL4755340,CNc1cc(F)cc2cc(C(=O)Nc3ccc(CO)cc3CN(CCO)C3CCCCC3)c(=O)[nH]c12,5.62,IC50,2390.0,nM,1
CHEMBL4789106,CC1(CN)CCN(c2cnc(Sc3cccc(Cl)c3Cl)c(N)n2)CC1,5.62,IC50,2400.0,nM,1
CHEMBL4855340,C[C@H](C(=O)Nc1ccc(Cl)cc1)[C@H]1CC[C@@H](c2ccnc3ccc(F)cc32)CC1,5.62,IC50,2400.0,nM,1
CHEMBL4646639,COc1c(S(C)(=O)=O)ccc(O[C@@H](C)C(F)(F)F)c1C(=O)N1CC(c2ccc(C(F)(F)F)cc2)C1,5.62,IC50,2400.0,nM,1
CHEMBL3099945,O=C(Nc1ccc(O)cc1OC[C@@H](O)CN1CCC2(CC1)Cc1cc(Cl)ccc1O2)NC1CC1,5.62,IC50,2400.0,nM,1
CHEMBL4570895,COc1cc([C@](O)(CCN(C)C)[C@H](c2cc(OC(C)C)cnc2OC)c2cc3cc(C#N)ccc3nc2OC)cc(OC)n1,5.62,IC50,2400.0,nM,1
CHEMBL4476255,COc1cc(C(=O)N2C[C@@H](n3cc(C4CC4)nn3)C[C@H]2C(=O)NCC(c2ccccc2)c2ccccc2)ccc1CN,5.62,IC50,2400.0,nM,1
CHEMBL494061,Cc1ccc(CCNC[C@H](O)COc2ccc(NS(C)(=O)=O)cc2)cc1C,5.62,IC50,2400.0,nM,1
CHEMBL53,CN1CCc2cccc3c2[C@H]1Cc1ccc(O)c(O)c1-3,5.62,IC50,2398.83,nM,1
CHEMBL3916655,Cc1cc(Cl)c2c(C(=O)OCC34CCN(CC3)CC4)c[nH]c2c1,5.61,IC50,2430.0,nM,1
CHEMBL513629,CNC(C)c1ccc(Cl)cc1Oc1ccc(C)c(C)c1,5.61,IC50,2470.0,nM,1
CHEMBL4104102,C[C@@H]1CC[C@H](Nc2ncc(C(N)=O)c3sc(-c4ccccc4)cc23)CN1,5.61,IC50,2450.0,nM,1
CHEMBL2012268,FC(F)(F)c1ccccc1Cn1ccc2c(OC3CCN(Cc4cscn4)CC3)ncnc21,5.61,Ki,2460.0,nM,1
CHEMBL3903779,Cn1c(SCCCN2CC[C@]3(C[C@@H]3c3ccc(C(F)(F)F)cc3)C2)nnc1C1CC2CCC(C1)O2,5.61,IC50,2454.71,nM,1
CHEMBL1822869,CC1CCCN1CCc1ccc2nc(-c3cccs3)ccc2c1,5.61,IC50,2480.0,nM,1
CHEMBL4087615,COc1ccc(Oc2ccnc3cc(-c4cnn(C5CCNCC5)c4)ccc23)cc1,5.61,IC50,2460.0,nM,1
CHEMBL2376796,CCc1ccc2c(N3CC(NC)C3)nc(N)nc2c1,5.61,Ki,2454.71,nM,1
CHEMBL175586,O=S(=O)(c1ccccc1)C1(F)CCN(CCc2ccc(F)cc2F)CC1,5.61,Ki,2446.0,nM,1
CHEMBL4869547,CC[C@@H](NC(=O)c1ccc(Cl)c(F)c1)[C@H]1[C@@H]2C[C@@H](n3cnc4cc(F)c(F)cc43)C[C@@H]21,5.6,IC50,2500.0,nM,1
CHEMBL2010830,CCN(C(=O)Cc1ccc(S(C)(=O)=O)cc1)C1CCN(Cc2ccc(C(F)(F)F)cc2)CC1,5.6,IC50,2500.0,nM,1
CHEMBL1258949,Cc1ncoc1-c1nnc(SCCCN2CCC3(CCc4cc(F)ccc43)C2)n1C,5.6,IC50,2511.89,nM,1
CHEMBL1258948,Cc1nc(C)c(-c2nnc(SCCCN3CCC4(CCc5cc(Cl)ccc54)C3)n2C)s1,5.6,IC50,2511.89,nM,1
CHEMBL1258834,Cc1nc(C)c(-c2nnc(SCCCN3CCC4(CCc5ccc(Cl)cc54)C3)n2C)s1,5.6,IC50,2511.89,nM,1
CHEMBL148565,O=S(=O)(c1ccccc1)C1CCN(CCCc2ccccc2)CC1,5.6,Ki,2500.0,nM,1
CHEMBL523760,Fc1ccc2c([C@@H]3CNCC[C@H]3F)c(-c3cccnc3)[nH]c2c1,5.6,Ki,2500.0,nM,1
CHEMBL1258153,Cc1ncoc1-c1nnc(SCCCN[C@H]2CC[C@]3(c4ccc(C(F)(F)F)cc4)CC23)n1C,5.6,IC50,2511.89,nM,1
CHEMBL256658,Cc1ccc2nc3c(n2c1)CCN(CCCSc1nnc(-c2cccc4nc(C)ccc24)n1C)CC3,5.6,IC50,2511.89,nM,1
CHEMBL1081957,Cc1ncoc1-c1nnc(SCCCN2CC3CC3(c3cccc(C(F)(F)F)c3)C2)n1C,5.6,IC50,2511.89,nM,1
CHEMBL6014639,Nc1ccc(-c2ccc(F)cc2)cc1NC(=O)c1ccc(N2CCNCC2)cn1,5.6,IC50,2500.0,nM,1
CHEMBL406678,Cc1ccc2c(-c3nnc(SCCCN4CCc5nc6ccccn6c5CC4)n3C)cccc2n1,5.6,IC50,2511.89,nM,1
CHEMBL4560522,CCC(CC)CNc1c(C(N)=O)cnc2ccc(-c3ccc(COC)nc3)cc12,5.6,IC50,2500.0,nM,1
CHEMBL4441179,CN(C)c1nc(NCc2ccccn2)c2c(-c3ccccc3)cccc2n1,5.6,IC50,2500.0,nM,1
CHEMBL2017597,Cc1nc(N2CCC(O)(C3CC3)CC2)nc2ccc(NC(=O)/C=C/c3ccc(C(F)F)cc3)cc12,5.6,IC50,2500.0,nM,1
CHEMBL272511,Cc1ccc2c(-c3nnc(SCCCN4CCc5ccc6oc(C)nc6c5CC4)n3C)cccc2n1,5.6,IC50,2511.89,nM,1
CHEMBL4566588,Fc1ccc(-c2nc(C3CCNCC3)sc2-c2ccnc(Nc3nncs3)n2)cc1,5.6,IC50,2500.0,nM,1
CHEMBL76,CCN(CC)CCCC(C)Nc1ccnc2cc(Cl)ccc12,5.6,IC50,2500.0,nM,1
CHEMBL2022867,c1ccc(-n2cc(-c3ccnc4ccccc34)cn2)cc1,5.6,IC50,2500.0,nM,1
CHEMBL2023457,COc1ccc2c(-c3cnn(-c4ccccc4)c3)ccnc2c1,5.6,IC50,2500.0,nM,1
CHEMBL4526283,CNC(=O)c1cnc(Nc2ccc(F)cn2)cc1Nc1ccccc1S(C)(=O)=O,5.6,IC50,2500.0,nM,1
CHEMBL256488,Cc1ccc2c(-c3nnc(SCCCN4CCc5ccc6nc(C(C)(F)F)oc6c5CC4)n3C)cccc2n1,5.6,IC50,2511.89,nM,1
CHEMBL4636120,COc1cc(-c2cncc(-c3ccc(N4CCNCC4)cc3)c2C)cc(OC)c1F,5.6,IC50,2500.0,nM,1
CHEMBL4761949,Cc1cc(Cl)cc(N2C=Nc3cc(C)c(-c4cc(F)cc(C(N)=O)c4)cc3C2C(=O)N(C)C[C@@H]2CCCN2)c1,5.6,IC50,2511.89,nM,1
CHEMBL401777,CCc1nc2cc3c(c(C)c2o1)CCN(CCSc1nnc(-c2cccc4nc(C)ccc24)n1C)CC3,5.6,IC50,2511.89,nM,1
CHEMBL272378,CCc1nc2cc3c(c(Br)c2o1)CCN(CCSc1nnc(-c2cccc4nc(C)ccc24)n1C)CC3,5.6,IC50,2511.89,nM,1
CHEMBL513715,Cc1ccc2c(N3CCN(CCc4cccc5c4OCC(=O)N5)CC3)cccc2n1,5.6,Ki,2511.89,nM,1
CHEMBL258090,Cc1ccc2c(-c3nnc(SCCCN4CCc5cc6nc(CC(F)(F)F)oc6cc5CC4)n3C)cccc2n1,5.6,IC50,2511.89,nM,1
CHEMBL255806,Cc1ccc2c(-c3nnc(SCCCN4CCc5cc6nc(C)oc6c(Br)c5CC4)n3C)cccc2n1,5.6,IC50,2511.89,nM,1
CHEMBL271632,Cc1ccc2c(-c3nnc(SCCCN4CCc5cc6nc(C)sc6cc5CC4)n3C)cccc2n1,5.6,IC50,2511.89,nM,1
CHEMBL272086,Cc1ccc2c(-c3nnc(SCCC(C)N4CCc5cc6c(cc5CC4)C(=O)N(C(C)C)C6)n3C)cccc2n1,5.6,IC50,2511.89,nM,1
CHEMBL1289503,O=C1O[C@]2(CC[C@H](c3nc4cc(OC(F)(F)F)ccc4[nH]3)CC2)CN1c1ccccn1,5.6,IC50,2511.89,nM,1
CHEMBL1289267,O=C1O[C@]2(CC[C@H](c3nc4cc(OC(F)(F)F)ccc4[nH]3)CC2)CN1c1ccccc1,5.6,IC50,2511.89,nM,1
CHEMBL540359,CC(C)OC(=O)c1ccc(NC(=O)N[C@@H](Cc2ccc(O)cc2)C(=O)N[C@H]2CCC[N+](C)(Cc3cccc(O)c3)C2)cc1.[I-],5.6,IC50,2511.89,nM,1
CHEMBL2012180,Fc1cn(Cc2ccccc2)c2ncnc(OC3CCN(Cc4cscn4)CC3)c12,5.6,Ki,2500.0,nM,1
CHEMBL2441440,O=C(Cc1ccc(-n2cnnn2)cc1)N1CCN(CCc2ccc3c(c2)COC3)CC1,5.6,IC50,2500.0,nM,1
CHEMBL5793914,CC(C)(CCc1ccc(O)c(OC(F)(F)F)c1)N1Cc2cccc(F)c2C1,5.6,IC50,2500.0,nM,1
CHEMBL4758052,CNC(=O)c1nn(C)c2ccc(Nc3nccc(-n4cc(O[C@@H]5CCCNC5)c(C)n4)n3)cc12,5.6,IC50,2500.0,nM,1
CHEMBL4778959,CN1CCC(c2noc(-c3cnc(Nc4ccc5c(c4)C(C)(C)OC5=O)nc3N[C@H](CO)c3ccccc3)n2)CC1,5.6,IC50,2500.0,nM,1
CHEMBL3093960,CCCCN(CC)CCCCCc1ccc(Cl)cc1,5.6,IC50,2500.0,nM,1
CHEMBL1270367,N#Cc1nc(CCCNC2(C(N)=O)CCC2)cc(-c2cccc(C(F)(F)F)c2)n1,5.6,Ki,2510.0,nM,1
CHEMBL4777859,CCN1CC2(CCN(CCc3ccc(F)cc3F)CC2)O[C@H](C)C1=O,5.6,IC50,2500.0,nM,1
CHEMBL1080046,CCCCc1ccc(S(=O)(=O)Nc2ccc3c(c2)CCN(Cc2cc[nH]n2)CC3)cc1,5.6,IC50,2511.89,nM,1
CHEMBL4852134,COc1ncc(-c2ccc(C(=O)O)cc2C)cc1-c1ccc(C(F)(F)F)nc1CN1C(=O)O[C@H](c2cc(C(F)(F)F)cc(C(F)(F)F)c2)[C@@H]1C,5.6,IC50,2500.0,nM,1
CHEMBL3752010,CO/N=C(/Cc1c(F)cnc2ccc(OC)nc12)C12CCC(NCc3ccc4c(n3)NC(=O)CO4)(CC1)CO2,5.6,IC50,2500.0,nM,1
CHEMBL2031872,O=C(NC1CCC1)c1ccc(-c2ccc3c(c2)CCN(CCN2CCCC2)C3=O)cc1,5.6,IC50,2500.0,nM,1
CHEMBL5798159,O=C(NCCN1CCC(c2cccc(C(F)(F)F)n2)CC1)C1CCC(F)(F)CC1,5.6,IC50,2500.0,nM,1
CHEMBL3958409,COc1ccc2c(c1)CN(C(=O)N1CCN(Cc3ccc4c(c3)OCO4)CC1)CCS2,5.6,IC50,2496.0,nM,1
CHEMBL2041191,Cc1cc(C(=O)O)ccc1-c1ccc(N2C(=O)N(c3cnccn3)C3(CCN(Cc4ncccc4C)CC3)C2=O)cn1,5.6,IC50,2500.0,nM,1
CHEMBL244083,Cc1nc(-c2cccc(C(=O)N[C@H]3CC[C@H](CCN4CCc5ccc(S(C)(=O)=O)cc5CC4)CC3)c2)no1,5.6,IC50,2511.89,nM,1
CHEMBL274168,O=C(NC1CCN(Cc2ccc3cc[nH]c3c2)CC1)c1cc(=O)c2ccc(F)cc2o1,5.6,IC50,2530.0,nM,1
CHEMBL3897030,Brc1ccc2c(NC3=NC[C@@]4(CN5CCC4CC5)O3)ncnn12,5.6,IC50,2500.0,nM,1
CHEMBL3898341,CCCCc1cc(N2CCN(CCc3ccc(OCCCN4CCCCCC4)cc3)CC2)c2nc(CCC(=O)O)ccc2c1,5.6,IC50,2511.89,nM,1
CHEMBL222078,COC(=O)N(NC(=O)c1c(CN2CCN(S(=O)(=O)c3ccccc3)CC2)c(-c2ccccc2)nc2ccccc12)c1ccccc1,5.6,Ki,2500.0,nM,1
CHEMBL3940897,Cn1c(SCCCN2CC[C@]3(C[C@@H]3c3ccc(C(F)(F)F)cc3)C2)nnc1-c1ccnnc1,5.6,IC50,2511.89,nM,1
CHEMBL224497,Cc1ccc(OCC#Cc2cc(-c3n[nH]c4c3Cc3cc(CN5CCN(C)CC5)ccc3-4)cs2)cc1C,5.6,IC50,2500.0,nM,1
CHEMBL564948,Cc1ccc(N2CCN(CCN(C)C[C@]34CC[C@H](CC3)C4(C)C)C2=O)cc1,5.6,IC50,2511.89,nM,1
CHEMBL550517,COc1cccc2c1OC(c1ccc(OCCCN3CCC[C@H](C)C3)cc1)C(C)S2(=O)=O,5.6,IC50,2500.0,nM,1
CHEMBL2069407,O=C(N[C@@H]1COc2cccc(-c3ccncc3)c2C1)c1ccc(OC(F)(F)F)cc1,5.6,IC50,2511.89,nM,1
CHEMBL245119,Cc1cc(-c2ccc3c(c2)CCN(CCCSc2nnc(-c4ocnc4C)n2C)CC3)n(C)n1,5.6,IC50,2511.89,nM,1
CHEMBL2146484,CN1CCC[C@@H]1Cn1nc(Cc2ccc(Cl)cc2)c2cccnc2c1=O,5.6,IC50,2511.89,nM,1
CHEMBL571229,O=C1N(CCN2Cc3ccccc3C2)CCN1Cc1cccc(Cl)c1,5.6,IC50,2511.89,nM,1
CHEMBL554693,COc1ccc(CCN(C)CCN2CCN(c3cccc(Cl)c3)C2=O)cc1OC,5.6,IC50,2511.89,nM,1
CHEMBL3775771,Cn1c(SCCCN2CC3CCN(c4c(F)cccc4F)C3C2)nnc1-c1cnccn1,5.6,IC50,2511.89,nM,1
CHEMBL2146805,CN1CCC[C@@H]1Cn1nc(Cc2ccc(Cl)cc2)c2cnccc2c1=O,5.6,IC50,2511.89,nM,1
CHEMBL3774569,Cn1c(SCCCN2CC3CCN(c4ccc(F)cc4)C3C2)nnc1-c1ccn(C)c(=O)c1,5.6,IC50,2511.89,nM,1
CHEMBL3763418,Cc1ncoc1-c1nnc(SCCCCN2CCOC(c3ccc(C(F)(F)F)cc3)C2)n1C,5.6,Ki,2511.89,nM,1
CHEMBL561793,CS(=O)(=O)Nc1ccc2c(c1)nc1n2C[C@H](N)[C@@H](c2cc(F)c(F)cc2F)C1.O=C(O)C(F)(F)F,5.6,IC50,2500.0,nM,1
CHEMBL4286715,Oc1cc(-c2cn[nH]c2)ccc1-c1ccc(N2C[C@H]3CNC[C@H]3C2)nn1,5.6,IC50,2500.0,nM,1
CHEMBL437792,Cc1ncoc1-c1nnc(SCCCN2CCc3ccc4oc(C(C)(F)F)nc4c3CC2)n1C,5.6,IC50,2511.89,nM,1
CHEMBL519389,O=C([C@@H]1C[C@H]1c1ccc(C(F)(F)F)cc1)N1CCN(S(=O)(=O)c2cc(C(F)(F)F)cc(C(F)(F)CO)c2)CC1,5.6,IC50,2500.0,nM,1
CHEMBL1241998,Cc1ccc2c(N3CCN(CCc4cccc5c4OCc4c(C(=O)NC(C)C)ncn4-5)CC3)cccc2n1,5.6,Ki,2511.89,nM,1
CHEMBL1241737,CO/N=C(\C)c1ncn2c1COc1c(CCN3CCN(c4cccc5nc(C)ccc45)CC3)cccc1-2,5.6,Ki,2511.89,nM,1
CHEMBL446134,O=C1NCCc2nc(-c3ccc(CN4CCC(c5nnc(-c6ccccn6)[nH]5)CC4)cc3)c(-c3ccccc3)cc21,5.6,IC50,2500.0,nM,1
CHEMBL3218650,COCCN1CCC[C@@H](Cn2c(-c3ccccc3C)nc3cn(-c4ccc(Cl)cc4)nc3c2=O)C1,5.6,IC50,2500.0,nM,1
CHEMBL1241546,Cc1ccc2c(N3CCN(CCc4cccc5c4OCc4c(C)nnn4-5)CC3)cccc2n1,5.6,Ki,2511.89,nM,1
CHEMBL4515914,C[Si]1(C)CCN(Cc2cc(-c3ccc(C(F)(F)F)cc3)n(C3CCCCC3)n2)CC1,5.6,IC50,2500.0,nM,1
CHEMBL4292051,FC(F)(F)Oc1ccc(Oc2ccc(CN3CCC4(CCCCO4)CC3)cc2)cc1,5.6,IC50,2500.0,nM,1
CHEMBL2207738,O=C1CCCN1C1CCN(CCOc2ccc(Oc3nc4ncccc4s3)cc2)CC1,5.6,IC50,2500.0,nM,1
CHEMBL4224881,COc1ccc2nccc(CC[C@H]3OC[C@H](NCc4ccc5c(n4)NC(=O)CO5)CO3)c2c1,5.6,IC50,2500.0,nM,1
CHEMBL479252,Cc1nc2ccc(F)cc2c(=O)n1-c1ccc(OCCCN2CCCC2)cc1,5.6,IC50,2500.0,nM,1
CHEMBL3287932,CS(=O)(=O)c1ccc(-c2nc(-c3ccc(F)cc3)oc2Sc2ccc(Cl)cn2)cc1,5.6,Ki,2500.0,nM,1
CHEMBL3286436,COc1cc(C#N)c2ccc(=O)n(CCN3CCC(NCc4cnc(C)c(C#N)c4)CC3)c2c1,5.6,IC50,2500.0,nM,1
CHEMBL4163811,Cc1ccc2[nH]c(C(=O)N[C@@H]3Cc4ccccc4[C@H]3NC(=O)CCN(C)C)cc2c1,5.6,IC50,2511.89,nM,1
CHEMBL4104254,CC1(C(=O)N2CC[C@@H](c3nc(-c4ccc(C(=O)Nc5cc(C(F)(F)F)ccn5)cc4)c4c(N)nccn34)C2)COC1,5.6,IC50,2500.0,nM,1
CHEMBL2203764,Cc1cc(CN2CCN(c3c(Cl)cnc4[nH]c(-c5cn(C)nc5C5CC5)nc34)CC2)no1,5.6,IC50,2500.0,nM,1
CHEMBL3323077,CCOC(=O)c1cncc([C@@]2(c3cnn(C)c3)N[C@@H](c3nc(-c4ccc(F)cc4)c[nH]3)Cc3c2[nH]c2ccccc32)c1,5.6,IC50,2520.0,nM,1
CHEMBL3408393,N#Cc1c(-c2ccccc2)cc(-c2ccccc2)nc1/N=C1\S/C(=C2\SC(c3ccccc3)=NN2c2ccccc2)C(=O)N1c1ccccc1,5.6,IC50,2500.0,nM,1
CHEMBL2207661,O=C(NC[C@@H](O)CN1CCC(Oc2ccc(Cl)c(Cl)c2)CC1)c1c[nH]nc1C1CC1,5.6,IC50,2511.89,nM,1
CHEMBL5805825,Cc1c(N2CCC3(CC2)Cc2ccccc2[C@H]3N)nc(N)n(-c2cccc(Cl)c2Cl)c1=O,5.6,Ki,2500.0,nM,1
CHEMBL1834634,COc1ccc([C@H]2CC[C@@H](N3CC(NC(=O)CNc4n[nH]c5ccc(C(F)(F)F)cc45)C3)CC2)cn1,5.6,IC50,2500.0,nM,1
CHEMBL1834757,Cc1cccc(Nc2nc(N[C@@H]3CCCNC3)ncc2C(N)=O)c1,5.6,IC50,2511.89,nM,1
CHEMBL1835062,Cc1cccc(Nc2nc(NC[C@H]3CCCN3)ncc2C(N)=O)c1,5.6,IC50,2511.89,nM,1
CHEMBL1289618,Cc1ccc2c(N3CCN(CCc4cccc5c4ccc(=O)n5C)C(C)(C)C3)cccc2n1,5.6,Ki,2511.89,nM,1
CHEMBL1762812,Cl.OCCN(CCO)Cc1csc(-c2cn(CC3CCOCC3)c3c(Cl)cccc23)n1,5.6,Ki,2511.89,nM,1
CHEMBL1289283,O=c1cc(OCc2ccccc2)ccn1-c1ccc2c(cnn2CCN2CCCC2)c1,5.6,IC50,2500.0,nM,1
CHEMBL1818821,COc1cc(-c2cn(Cc3ccccc3F)nn2)ccc1-n1cnc(C)c1,5.6,IC50,2490.0,nM,1
CHEMBL1762809,OC1CCN(Cc2csc(-c3cn(CC4CCOCC4)c4c(Cl)cccc34)n2)CC1,5.6,Ki,2511.89,nM,1
CHEMBL1290058,CCN1C[C@H](NS(=O)(=O)C(C)C)[C@@H](c2ccc(-c3cccc(NS(C)(=O)=O)c3)cc2)C1,5.6,IC50,2500.0,nM,1
CHEMBL1289276,Cc1ccc2c(N3CCN(CCc4c(C)ccc5c4ccc(=O)n5C)CC3)cc(F)cc2n1,5.6,Ki,2511.89,nM,1
CHEMBL1834780,CCOC(=O)[C@H]1CC[C@@H](N2CC(NC(=O)CNc3nn(CC(F)(F)F)c4ccc(C(F)(F)F)cc34)C2)CC1,5.6,IC50,2500.0,nM,1
CHEMBL1829617,O=C(CNC(=O)c1cccc(C(F)(F)F)c1)NC1CN([C@H]2CC[C@H](c3ccc4[nH]cnc4c3)CC2)C1,5.6,IC50,2500.0,nM,1
CHEMBL1835058,Cc1cccc(Nc2nc(N[C@H]3CCNC3)ncc2C(N)=O)c1,5.6,IC50,2511.89,nM,1
CHEMBL1835060,Cc1cccc(Nc2nc(NCC3CCCCN3)ncc2C(N)=O)c1,5.6,IC50,2511.89,nM,1
CHEMBL225319,CN1CCN(Cc2ccc3c(c2)Cc2c(-c4csc(C#CCOc5cccc(Cl)c5)c4)n[nH]c2-3)CC1,5.59,IC50,2590.0,nM,1
CHEMBL556648,CCN(CC)C(=O)c1ccc([C@H]2CC3(CCNCC3)Oc3ccccc32)cc1,5.59,IC50,2543.0,nM,1
CHEMBL558260,C[C@@H]1CCCN1CCc1ccc(-c2ccc(S(=O)(=O)NCC3CC3)cc2)cc1,5.59,IC50,2555.56,nM,1
CHEMBL5766044,Cc1cc(Cn2cc(-c3ccc(Cl)c(C(F)(F)F)c3)cn2)n(C)n1,5.59,IC50,2540.0,nM,1
CHEMBL2407173,CCOC(=O)N1CCC(CN2CCC3(CC2)CC(=O)N(C)c2ncccc23)CC1,5.59,IC50,2540.0,nM,1
CHEMBL4755729,CN(C)c1ccc(CC(=O)N[C@@H]2CNC[C@H]2c2ccc(S(F)(F)(F)(F)F)cc2)cc1,5.59,IC50,2572.0,nM,1
CHEMBL4098469,N#Cc1cccc(-c2cccc(Cl)c2CC(c2cccnc2)c2cccnc2)c1,5.59,IC50,2560.0,nM,1
CHEMBL225240,CN1CCN(Cc2ccc3c(c2)Cc2c(-c4csc(C#CCOc5ccc(CN6CCOCC6)cc5)c4)n[nH]c2-3)CC1,5.59,IC50,2560.0,nM,1
CHEMBL657,CN(C)CCOC(c1ccccc1)c1ccccc1,5.59,IC50,2570.4,nM,1
CHEMBL3310799,CCOC(=O)N1CCC(CN2CCC3(CC2)CN(C(=O)N(CC)CC)c2ncccc23)CC1,5.59,IC50,2540.0,nM,1
CHEMBL598659,CN1C[C@H]2C[C@@H](N(Cc3cccc(OC(F)(F)F)c3)C(=O)c3cn(C)cn3)C[C@H]2C1,5.59,Ki,2560.0,nM,1
CHEMBL1671898,Cc1cn2c(N)c(Cl)cc(C(=O)NCC3CCN(CC(C)C)CC3)c2n1,5.59,IC50,2570.4,nM,1
CHEMBL4170683,FCC[C@@H]1Cc2ccccc2C2(CCC(N3CCN(C4CCCCC4)CC3)CC2)O1,5.58,IC50,2620.0,nM,1
CHEMBL215278,CN(C)Cc1ccc2c(c1)CC[C@H](N(C)C(=O)c1ccc(-c3ccc(Cl)cc3)cn1)C2,5.58,IC50,2600.0,nM,1
CHEMBL1935431,CN(C)C(=O)CN1CCCC(c2nc3ccccc3n2Cc2ccc(F)cc2)C1,5.58,Ki,2600.0,nM,1
CHEMBL496065,CN1Cc2cncn2Cc2ccc(C#N)c(c2)Oc2ccc3c(c2)[C@@H](CC3)N2CC[C@@H]1C2=O,5.58,IC50,2600.0,nM,1
CHEMBL3425810,O=c1ccc2ncc(F)c3c2n1C[C@@]3(O)CC12CCC(NCc3cc4c(cn3)OCCO4)(CC1)CO2,5.58,IC50,2600.0,nM,1
CHEMBL6023255,Cn1ccc(Cn2cc(-c3cccc(Br)c3)cn2)n1,5.58,IC50,2620.0,nM,1
CHEMBL4437791,CN1CCN(C(=O)c2cccc(-c3ncnc4ccc(-c5cnc6ccccc6c5)cc34)c2)CC1,5.58,IC50,2600.0,nM,1
CHEMBL3609637,COc1cc(-c2cn(C3CCc4c(F)cccc4N(CC(F)(F)F)C3=O)nn2)ccc1-n1cnc(C)c1,5.58,IC50,2610.0,nM,1
CHEMBL1095364,COc1ccc(Cn2c(C3CCCN(C(C)C)C3)nc3ccccc32)cc1,5.58,Ki,2649.0,nM,1
CHEMBL3735648,CC1(C)c2cc(C3CCN(CC4CCOCC4)CC3)ccc2C(=O)c2c1[nH]c1cc(C#N)ccc21,5.58,IC50,2650.0,nM,1
CHEMBL4642697,COc1cc(C2=CC3=NOC[C@H](c4cc(F)c(F)c(F)c4)N3CCC2)ccc1-n1cnc(C)c1,5.58,IC50,2608.0,nM,1
CHEMBL1813050,CC(=O)Nc1cccc(Nc2ncnc(N3CCC(Oc4ccc(OC(F)(F)F)cc4)CC3)n2)c1C,5.58,IC50,2600.0,nM,1
CHEMBL2010832,CN(C(=O)Cc1ccc(S(C)(=O)=O)cc1F)C1CCN(Cc2ccc(C(F)(F)F)cc2)CC1,5.58,IC50,2600.0,nM,1
CHEMBL1098847,CC(=O)N[C@H]1CC(C)(C)Oc2nc(-c3ccc(Cl)cc3Cl)c(-c3ccc(Cl)cc3)cc21,5.58,IC50,2660.0,nM,1
CHEMBL4796370,Cc1nn(-c2ccnc3[nH]c(-c4cccc5c4ccn5C)nc23)cc1CN(C)C,5.58,IC50,2600.0,nM,1
CHEMBL4855455,Cn1cc(-c2nc3c(-c4ccc(CN5CCc6cc(C(C)(C)C)ccc6C5=O)c(F)c4)ccnc3[nH]2)cn1,5.58,IC50,2600.0,nM,1
CHEMBL237191,Cc1nc(N2CCCC2)ncc1-c1ccc2cc(CCN3CCC[C@H]3C)ccc2n1,5.58,Ki,2600.0,nM,1
CHEMBL5871237,COc1cc(F)c(NCCNCCCF)cc1[C@@H]1c2[nH]c3ccccc3c2C[C@@H](C)N1CC(F)(F)F,5.58,IC50,2600.0,nM,1
CHEMBL575475,Fc1ncccc1-c1cnc2nc(N3CCC(N4CCCCC4)CC3)sc2c1,5.58,IC50,2658.23,nM,1
CHEMBL1915083,Cl.O=C(CCc1ccccc1)c1ccccc1OCC(O)CN1CCN(C(c2ccccc2)c2ccccc2)CC1,5.58,IC50,2600.0,nM,1
CHEMBL3093968,CCCCN(CC)CC#CCc1ccc(Cl)cc1,5.58,IC50,2654.0,nM,1
CHEMBL1289094,CCC(O)(c1cn(Cc2ccc3c(-c4ccccc4)c(C(C)(C)O)sc3c2)nn1)C(F)(F)F,5.58,Ki,2600.0,nM,1
CHEMBL3359236,Cc1nc(-c2ccc(C(F)(F)F)cc2)nc(OCCCN2CCCCC2)c1Cl,5.58,IC50,2610.0,nM,1
CHEMBL2325983,NC1(C(=O)NC(c2ccc(Cl)cc2)C2CC2)CCN(c2ncnc3[nH]ccc23)CC1,5.58,IC50,2600.0,nM,1
CHEMBL5757951,CC1(C)Oc2ccc(Cl)cc2C2OCC3(CCN(Cc4c[nH]cn4)CC3)CC21,5.58,IC50,2600.0,nM,1
CHEMBL5933859,C[C@@H]1Cc2c([nH]c3ccccc23)[C@@H](c2c(F)ccc(OCCNCCCF)c2F)N1CC1(F)COC1,5.58,IC50,2600.0,nM,1
CHEMBL2204939,Cn1cc(C2(c3cnn(C)c3)N[C@@H](c3nc(-c4ccc(F)cc4)c[nH]3)Cc3c2[nH]c2ccccc32)cn1,5.58,Ki,2616.0,nM,1
CHEMBL551921,O=C(NC1CC1c1ccccc1)N1CCC(c2nc(-c3ccc4ccccc4n3)no2)CC1,5.58,IC50,2600.0,nM,1
CHEMBL1771098,O=C(NC1CC1)c1ccc(OCCC2CC2C2CCN(c3ncc(Cl)cn3)CC2)cc1F,5.58,IC50,2600.0,nM,1
CHEMBL5075502,CCC(=O)N(CC1(N2CCN(Cc3ccccc3)CC2)CC1)c1ccccc1F,5.58,IC50,2600.0,nM,1
CHEMBL5073339,C[C@]1(COc2ccc(OC(F)(F)F)cc2)CCn2cc([N+](=O)[O-])nc2O1,5.58,IC50,2600.0,nM,1
CHEMBL524862,N#Cc1ccc2cc1Oc1cccc(c1)-c1ccccc1N1CC[C@@H](NCc3cncn3C2)C1=O,5.58,IC50,2600.0,nM,1
CHEMBL477364,Cc1nc2cc(C(F)(F)F)ccc2c(=O)n1-c1ccc(OCCCN2CCCC2)cc1,5.58,IC50,2600.0,nM,1
CHEMBL1962378,O=C(CCc1ccccc1)c1ccccc1OCC(O)CN1CCN(C(c2ccccc2)c2ccccc2)CC1,5.58,IC50,2600.0,nM,1
CHEMBL4452566,COc1cnc(C(=O)Nc2ccc(F)c([C@]34CN(c5ncc(F)cn5)C[C@H]3CSC(N)=N4)c2)cn1,5.58,IC50,2600.0,nM,1
CHEMBL246634,CC(C(O)c1ccc2[nH]c(=O)oc2c1)N1CCC(O)(c2ccc(F)cc2)CC1,5.58,IC50,2600.0,nM,1
CHEMBL4578975,COc1cc([C@](O)(CCN(C)C)[C@@H](c2cc3cc(Br)ccc3nc2OC)c2ccnc(OC)c2OC)cc(OC)n1,5.58,IC50,2600.0,nM,1
CHEMBL416956,OC(c1cc(C(F)(F)F)nc2c(C(F)(F)F)cccc12)C1CCCCN1,5.58,IC50,2600.0,nM,1
CHEMBL2403836,Cc1cc(Nc2ncc(Cl)c(Nc3ccccc3S(=O)(=O)C(C)C)n2)c(OC(C)C)cc1C1CCN(CCO)CC1,5.58,IC50,2640.0,nM,1
CHEMBL4518483,N#Cc1ccc(COc2cccc(C3CCN(Cc4nc5ccc(C(=O)O)cc5n4C[C@@H]4CCO4)CC3)n2)c(F)c1,5.58,IC50,2600.0,nM,1
CHEMBL1800168,CCS(=O)(=O)c1ccc2c(c1)nc(C(C)(C)C)n2CC1CC1,5.58,IC50,2600.0,nM,1
CHEMBL4204675,Cn1cc(Nc2nc(N)nc(-c3cccc(-n4ccc5cc(C6CC6)cc(F)c5c4=O)c3CO)n2)cc1C#N,5.58,IC50,2600.0,nM,1
CHEMBL4794973,O=C(N[C@H]1CCN(C2CCCCC2)C[C@@H]1C(=O)NC1(c2ncccn2)CC1)c1cc(-c2ccc(F)cc2F)on1,5.58,IC50,2600.0,nM,1
CHEMBL4294617,O=C1CC2(CCCC2)CC(=O)N1CCCCN1CCN(c2cccc3sccc23)CC1,5.58,IC50,2630.0,nM,1
CHEMBL4524503,CNC(=O)CN(CCc1ccc(Cl)cc1)C1CCN(c2nc(N)n[nH]2)CC1,5.58,IC50,2600.0,nM,1
CHEMBL237394,CCOc1ccc(-n2ncc(-c3ccc4cc(CCN5CCC[C@H]5C)ccc4n3)c2C)nn1,5.58,Ki,2600.0,nM,1
CHEMBL3401424,Cl.c1ccc(C2CC3(N4CCCC4)CNCC2C(c2ccccc2)C3)cc1,5.58,IC50,2630.0,nM,1
CHEMBL4088234,C[C@@H]1C[C@@](C)(c2cc(CNC3(C(F)(F)F)CC3)c(F)cc2F)N=C(N)S1,5.58,IC50,2600.0,nM,1
CHEMBL1950489,CC1CCN(C(=O)c2ccc3c(c2)c2c(n3C)CCN(C3CCOCC3)C2)CC1,5.58,IC50,2600.0,nM,1
CHEMBL4566705,CC(C)Cc1cc(CNC(=O)C2C3CN(CCC(C)(C)C)CC32)nn1-c1ccccc1,5.58,IC50,2600.0,nM,1
CHEMBL2179702,CC(C)n1nc(C(=O)NCC2CCN(CCNS(C)(=O)=O)CC2)c2ccccc21.Cl,5.58,IC50,2630.0,nM,1
CHEMBL1738705,Cc1c2c(n3c1CCCN1CCC[C@@H]1CNc1cc-3ccc1C(N)=O)CC(C)(C)CC2=O,5.58,IC50,2600.0,nM,1
CHEMBL5080207,CC(=O)c1c(-c2ccc(O)cc2)oc2ccc(O)c(CN3CCC4(COC4)C3)c12,5.58,IC50,2600.0,nM,1
CHEMBL4741060,COc1nc(-c2csc(Nc3c4c(nn3CCO)CCCC4)n2)ccc1-n1cnc(C)c1,5.58,IC50,2630.0,nM,1
CHEMBL5839498,C[C@@H]1Cc2c([nH]c3cc(F)ccc23)[C@@H](c2c(F)ccc(OCCNCCCF)c2F)N1CC(F)(F)CO,5.57,IC50,2700.0,nM,1
CHEMBL5988920,C[C@@H]1Cc2c([nH]c3ccccc23)[C@@H](c2cccc(OCCNCCCF)c2C#N)N1CC(F)(F)F,5.57,IC50,2700.0,nM,1
CHEMBL4561313,N#Cc1ccc2[nH]c(-c3ccc(-c4ccc(O[C@H]5CC[C@@H](CC(=O)O)CC5)nc4)nc3)nc2c1,5.57,Ki,2700.0,nM,1
CHEMBL4638458,Cc1cc(Cl)cc(-c2ccnc3cc(CN4C(=O)CCC4=O)sc23)c1CN1[C@@H](C)CNC[C@@H]1C,5.57,IC50,2700.0,nM,1
CHEMBL5069637,CNC(=O)c1c(-c2ccc(O)c(F)c2)oc2ccc(O)c(CN3CCC4(COC4)C3)c12,5.57,IC50,2700.0,nM,1
CHEMBL3962108,NCCCCN(Cc1nccc2c3ccccc3n(CC(=O)O)c12)[C@H]1CCCc2cccnc21,5.57,IC50,2700.0,nM,1
CHEMBL453631,CNC(C)c1cc(C)ccc1Oc1ccc(Cl)c(Cl)c1,5.57,IC50,2690.0,nM,1
CHEMBL4846921,CCN1CCN(c2ccc(Nc3ncc4scc(-c5cccc(NS(C)(=O)=O)c5)c4n3)cc2)CC1,5.57,IC50,2700.0,nM,1
CHEMBL3925372,COc1c(Nc2ncc(Cl)c(Nc3ccccc3N3CCCS3(=O)=O)n2)ccc2c1CCCC(N1CCN(CCO)CC1)C2,5.57,IC50,2700.0,nM,1
CHEMBL2441435,N#Cc1cccc(CCN2CCN(C(=O)Cc3ccc(-n4cnnn4)cc3)CC2)c1,5.57,IC50,2700.0,nM,1
CHEMBL5951313,CS(=O)(=O)c1cccc(-c2cnn(Cc3cc[nH]n3)c2)c1,5.57,IC50,2690.0,nM,1
CHEMBL4458197,Cn1cncc1-c1nc(NCc2ccccn2)c2c(-c3ccccc3)cccc2n1,5.57,IC50,2700.0,nM,1
CHEMBL4083333,Cc1nc2n(c(=O)c1CCN1CCN(c3cccc4sccc34)CC1)CCCC2,5.57,IC50,2670.0,nM,1
CHEMBL4061173,Cc1c([C@@H](O)CN2CCC3(CC2)CCN(c2cc(C)c(=O)n(C)n2)C3=O)ccc2c1COC2=O,5.57,IC50,2700.0,nM,1
CHEMBL4642053,Nc1nc(N2CCC(N(CCc3ccc(Cl)cc3)Cc3cccc(C(F)(F)F)c3)CC2)n[nH]1,5.57,IC50,2700.0,nM,1
CHEMBL3577939,CC(C)CC[C@@H]1C[C@H](N(C)C(C)C)CC[C@@H]1NC(=O)CNC(=O)c1cccc(C(F)(F)F)c1,5.57,IC50,2700.0,nM,1
CHEMBL1809055,COc1cc(C(=O)N2CCOCC2)ccc1Nc1ncc(Cl)c(-c2cnc3ccccn23)n1,5.57,IC50,2700.0,nM,1
CHEMBL1093362,Cc1[nH]c2ccccc2c1CCN1CCc2ccc(/C=C/C(=O)NO)cc2C1,5.57,IC50,2700.0,nM,1
CHEMBL4097424,CN(c1ncc(C(N)=O)c2sc(-c3ccccc3)cc12)[C@H]1CCCNC1,5.57,IC50,2700.0,nM,1
CHEMBL5804138,COc1ccc(OCCNCCCF)cc1[C@@H]1c2[nH]c3ccc(F)cc3c2C[C@@H](C)N1CC(F)(F)CO,5.57,IC50,2700.0,nM,1
CHEMBL3975147,Cc1ncoc1-c1nnc(SCCCN2CC[C@@]3(C[C@H]3c3ccc(F)cc3C(F)(F)F)C2)n1C,5.57,IC50,2691.53,nM,1
CHEMBL5846746,COc1ccc(O[C@@H](C)CNCCCF)cc1[C@@H]1c2[nH]c3ccccc3c2C[C@@H](C)N1CC(F)(F)CO,5.57,IC50,2700.0,nM,1
CHEMBL4561491,COC(=O)C1=C(C)NC(C)=C(C(=O)NC[C@H]2CCN(CCc3ccc(C)c(C(F)(F)F)c3)C2)C1c1cccc([N+](=O)[O-])c1,5.57,IC50,2700.0,nM,1
CHEMBL4642165,COc1cc(-c2cncc(-c3ccc(N4CCNCC4)cc3)c2Cl)cc(OC)c1OC,5.57,IC50,2700.0,nM,1
CHEMBL4483435,COc1cc(C(O)(CCN(C)C)C(c2cc3cc(Br)ccc3nc2OC)c2ccnc(OC)c2OC)c(OC)nc1OC,5.57,IC50,2700.0,nM,1
CHEMBL368816,N#Cc1ccc(S(=O)(=O)C2(F)CCN(CCc3ccc(F)cc3F)CC2)cc1,5.57,Ki,2702.0,nM,1
CHEMBL3120274,CNc1nc(NCCCN(C)C)c2sc(-c3ccc(C(F)(F)F)cc3)cc2n1,5.57,IC50,2700.0,nM,1
CHEMBL3609636,COc1cc(-c2cn(C3CCc4cc(F)ccc4N(CC(F)(F)F)C3=O)nn2)ccc1-n1cnc(C)c1,5.57,IC50,2680.0,nM,1
CHEMBL3805216,CC1CCN(CCCOc2ccc(=O)n(-c3ccc(F)c(F)c3)n2)CC1,5.57,IC50,2680.0,nM,1
CHEMBL5908489,CS(=O)(=O)c1cccc(-n2cc(Cn3ccnc3CCF)nn2)c1,5.57,IC50,2680.0,nM,1
CHEMBL523570,N#Cc1ccc2cc1Oc1ccc3c(c1)[C@H](CC3)N1CC[C@H](NCc3cncn3C2)C1=O,5.57,IC50,2700.0,nM,1
CHEMBL5887080,COc1cncc(OCC2(F)CNC2)c1-c1cc(Nc2cnc(C#N)cn2)n[nH]1,5.57,IC50,2700.0,nM,1
CHEMBL4067682,COc1ccc(Cn2c(=O)n3ncnc3c3c4c(sc32)CN(CC2CCOCC2)CC4)c(F)c1,5.57,IC50,2700.0,nM,1
CHEMBL3648680,Cn1ncc(NC(=O)c2nc(-c3c(F)cccc3F)sc2N)c1N1CC[C@@H](N)[C@H](F)CC1,5.57,IC50,2700.0,nM,1
CHEMBL496770,Clc1ccc(-n2c(-c3ccc(Cl)cc3Cl)nc3c(NN4CCCCC4)ncnc32)cc1,5.57,IC50,2700.0,nM,1
CHEMBL2177301,CCn1cc(C2(c3cccc(-c4cncc(F)c4)c3)N=C(N)c3c(F)cccc32)cc(C)c1=O,5.57,IC50,2700.0,nM,1
CHEMBL2147021,Cc1cc(C#N)ccc1-c1ccnc(NCc2n[nH]c3nc(F)ccc23)c1,5.57,IC50,2700.0,nM,1
CHEMBL456808,CCOc1cccc(-c2cccc(-n3cc(C(=O)NC(C)C)c(=O)c4cccnc43)c2)c1,5.57,IC50,2700.0,nM,1
CHEMBL4746586,O=C(NC1CCN(C2CCCCC2)CC1)c1nnc(-c2ccc(F)cc2F)o1,5.57,IC50,2700.0,nM,1
CHEMBL2113086,O=C(O)[C@@H](CC1CCC1)N1C[C@H](CN2CCC(c3cnc4ccccn34)CC2)[C@@H](c2cccc(F)c2)C1,5.57,IC50,2700.0,nM,1
CHEMBL4750452,O=C(NC1CCN(C2CCCCC2)CC1)c1noc(-c2ccc(F)cc2F)n1,5.57,IC50,2700.0,nM,1
CHEMBL3261920,CSc1cc(-c2ccc(C[C@@H](C#N)NC(=O)[C@@H]3CCCCN3)cc2)ccc1C#N,5.57,IC50,2700.0,nM,1
CHEMBL3774851,c1cncc(-c2c[nH]c([C@H]3Cc4c([nH]c5ccccc45)[C@@H](C4CCOCC4)N3)n2)c1,5.57,IC50,2701.0,nM,1
CHEMBL492585,Cc1c(CNC2CCCC2)nn(-c2ncccc2Cl)c1-c1ccc(Cl)nc1,5.57,IC50,2700.0,nM,1
CHEMBL2012837,CCC(NCCCC[C@@H](Oc1cc(C)c(F)c(C)c1)C(=O)NO)c1ccc(F)cc1,5.57,IC50,2700.0,nM,1
CHEMBL4860033,Cc1c(N2CC[C@@H](C3(N)CC3)C2)c(F)cc2cc(C#N)c(=O)n(C3CC3)c12,5.57,IC50,2700.0,nM,1
CHEMBL4170169,CCCC[C@@H](CCO)Nc1nc(N)nc2ccccc12,5.57,IC50,2700.0,nM,1
CHEMBL3605130,O=C1COc2ccc(CNC34CCC(CCc5c(F)cnc6ccc(OC[C@H]7C[C@@H](O)[C@@H](O)C7)nc56)(CC3)OC4)nc2N1,5.57,IC50,2700.0,nM,1
CHEMBL1818822,COc1cc(-c2cn(Cc3cccc(F)c3)nn2)ccc1-n1cnc(C)c1,5.57,IC50,2700.0,nM,1
CHEMBL3605126,O=C1COc2ccc(CNC34CCC(CCc5c(F)cnc6ccc(OCC7(CO)CC7)nc56)(CC3)OC4)nc2N1,5.57,IC50,2700.0,nM,1
CHEMBL472138,O=C1OCCN1C1CCN(CCOc2ccc(Oc3nc4ccccc4s3)cc2)CC1,5.57,IC50,2700.0,nM,1
CHEMBL3703261,NC1=NC2(CO1)c1cc(-c3cncc(OC(F)F)c3)ccc1OCC21CC1,5.56,IC50,2780.0,nM,1
CHEMBL2376797,CCc1ccc2c(N3CC[C@@H](NC)C3)nc(N)nc2c1,5.56,Ki,2754.23,nM,1
CHEMBL1822690,c1cc(C2CCCO2)ccc1OCCCN1CCCCC1,5.56,Ki,2747.0,nM,1
CHEMBL1915619,CC(=O)NC[C@@H]1OC(=O)N2c3ccc(-c4ccc(C#N)nc4)cc3OC[C@@H]12,5.56,IC50,2780.0,nM,1
CHEMBL3289444,CC(C)OC(=O)N1CCC(C)(CN2CCC3(CC2)CN(S(C)(=O)=O)c2ncccc23)CC1,5.56,IC50,2750.0,nM,1
CHEMBL4065208,Oc1ccc(Oc2ccnc3cc(-c4cnn(C5CCNCC5)c4)ccc23)cc1,5.56,IC50,2760.0,nM,1
CHEMBL3941520,Cc1nc(C(N)=O)ccc1-c1nnc(SCCCN2CC[C@]3(C[C@@H]3c3ccc(C(F)(F)F)cc3)C2)n1C,5.56,IC50,2754.23,nM,1
CHEMBL2012267,Cc1ccc(Cn2ccc3c(OC4CCN(Cc5cscn5)CC4)ncnc32)cc1,5.56,Ki,2750.0,nM,1
CHEMBL224968,CN1CCN(Cc2ccc3c(c2)Cc2c(-c4csc(C#CCNC(=O)Oc5ccccc5)c4)n[nH]c2-3)CC1,5.56,IC50,2750.0,nM,1
CHEMBL321494,CSc1nc(-c2ccc(F)cc2)c(-c2ccnc(Nc3ccccc3)c2)[nH]1,5.56,IC50,2760.0,nM,1
CHEMBL5884760,Cc1cc(Cn2cc(-c3cccc(OC(F)(F)F)c3)cn2)n(C)n1,5.56,IC50,2760.0,nM,1
CHEMBL1738990,CCC(=O)O[C@@](Cc1ccccc1)(c1ccccc1)[C@@H](C)CN(C)C,5.56,IC50,2754.23,nM,1
CHEMBL3921885,Cn1c(SCCCN2CC[C@]3(C[C@@H]3c3ccc(F)cc3F)C2)nnc1-c1cccnc1,5.56,IC50,2754.23,nM,1
CHEMBL5081945,O=c1ccc2c([nH]1)CCC(NCCCCCCCCCCNc1c3c(nc4cc(Cl)ccc14)CCCC3)C2,5.56,IC50,2768.0,nM,1
CHEMBL445464,Cc1nnc2c3cc(-c4ccccc4)c(-c4ccc(CN5CCC(c6n[nH]c(-c7ccccn7)n6)CC5)cc4)nc3ccn12,5.56,IC50,2778.0,nM,1
CHEMBL5092574,O=c1ccc2c([nH]1)CCC(NCCCCCCCCCNc1c3c(nc4cc(Cl)ccc14)CCCC3)C2,5.56,IC50,2755.0,nM,1
CHEMBL3355143,NC1=N[C@@]2(CO1)c1cc(-c3cccnc3F)ccc1Oc1c(F)cc(-c3ccccn3)cc12,5.56,Ki,2770.0,nM,1
CHEMBL539475,Cc1cc(C)n(CC(NC(=O)NC2CCN(Cc3ccn(-c4ccc(C(F)(F)F)cc4)c3)CC2)c2ccccc2)n1,5.55,IC50,2840.0,nM,1
CHEMBL1829619,COc1ccc([C@H]2CC[C@H](N3CC(NC(=O)CNC(=O)c4cccc(C(F)(F)F)c4)C3)CC2)cn1,5.55,IC50,2800.0,nM,1
CHEMBL3764650,COc1ccccc1N1CCN(CCCCCC(=O)n2c3ccccc3c3ccccc32)CC1.Cl,5.55,IC50,2830.0,nM,1
CHEMBL2152903,CC#Cc1cncc(-c2cccc([C@@]3(c4cc(C)c(=O)n(CC)c4)N=C(N)c4c(F)cccc43)c2)c1,5.55,IC50,2800.0,nM,1
CHEMBL1258533,O=C1NCc2ccc(OCCCN3CCN(c4cccc5ccccc45)CC3)cc21,5.55,Ki,2810.0,nM,1
CHEMBL1829629,O=C(CNC(=O)c1cccc(C(F)(F)F)c1)NC1CN([C@H]2CC[C@](O)(c3ccc(F)cc3)CC2)C1,5.55,IC50,2800.0,nM,1
CHEMBL5755473,C[C@H](CCc1ccc(OC(=O)N(C)C)c(OC(F)(F)F)c1)N1Cc2cccc(F)c2C1,5.55,IC50,2800.0,nM,1
CHEMBL5866374,COc1cc(CCC(C)(C)N2Cc3cccc(F)c3C2)ccc1O,5.55,IC50,2800.0,nM,1
CHEMBL3970323,Cn1c(SCCCN2CC[C@]3(C[C@@H]3c3ccc(C(F)(F)F)cc3)C2)nnc1-c1cccc(C(N)=O)c1,5.55,IC50,2818.38,nM,1
CHEMBL5849595,Cc1c(OCCNCCCF)ncc(F)c1[C@@H]1c2[nH]c3ccccc3c2C[C@@H](C)N1CC(F)(F)CO,5.55,IC50,2800.0,nM,1
CHEMBL5960929,CC(C)COc1cc(CCC(C)(C)N2Cc3cccc(F)c3C2)ccc1O,5.55,IC50,2800.0,nM,1
CHEMBL4069387,CC(C)C(=O)N1CCC[C@@H](c2nc(-c3ccc(C(=O)Nc4cc(C(F)(F)F)ccn4)cc3F)c3c(N)nccn23)C1,5.55,IC50,2800.0,nM,1
CHEMBL1829605,O=C(CNC(=O)c1cccc(C(F)(F)F)c1)NC1CN([C@H]2CC[C@@H](c3ccc4c(c3)OCO4)CC2)C1,5.55,IC50,2800.0,nM,1
CHEMBL2380438,CC1(c2cccc(-c3cccnc3)c2)N=C(N)c2ccccc2O1,5.55,IC50,2800.0,nM,1
CHEMBL2046888,c1ccc(CCNCCC(c2ccccc2)c2ccccc2)cc1,5.55,IC50,2790.0,nM,1
CHEMBL2207744,O=C1CCCN1C1CCN(CCc2ccc(Oc3nc4ncccc4s3)cc2)CC1,5.55,IC50,2800.0,nM,1
CHEMBL3914287,N[C@H]1CCCN(c2ccncc2Nc2ncc3ccc(-c4ncccc4F)nn23)C1,5.55,IC50,2800.0,nM,1
CHEMBL1829610,O=C(CNC(=O)c1ccccc1)NC1CN([C@H]2CC[C@H](c3ccc4c(c3)OCO4)CC2)C1,5.55,IC50,2800.0,nM,1
CHEMBL1085866,Cc1nc(-c2ccccn2)sc1-c1ccc2cc(CCN3CCC[C@H]3C)ccc2n1,5.55,Ki,2800.0,nM,1
CHEMBL1836040,Cc1nc2ccccc2n1-c1ccc(C(=O)N(C)[C@@H]2CCN(C3CCCCC3)C2)cc1,5.55,IC50,2800.0,nM,1
CHEMBL3612797,COc1cc(CCN2CCN(CC(C)c3ccc4c(c3C)COC4=O)CC2)ccc1C#N,5.55,IC50,2800.0,nM,1
CHEMBL5741828,COc1ccc(OCCNCCCF)c(F)c1[C@@H]1c2[nH]c3ccccc3c2C[C@@H](C)N1CC1(F)COC1,5.55,IC50,2800.0,nM,1
CHEMBL478834,CCOC(=O)N(Cc1ccccc1-c1ccccc1)[C@H]1CCNC1,5.55,Ki,2830.0,nM,1
CHEMBL564935,O=C(c1ccccc1Oc1ccccc1)N(c1ccccc1)[C@H]1CCNC1,5.55,IC50,2810.0,nM,1
CHEMBL240887,[O-][S+](c1ccccc1)c1ccc(/C=C/c2ccc(F)cc2F)nc1,5.55,Ki,2800.0,nM,1
CHEMBL476116,CC(C)C(=O)N(Cc1ccccc1-c1ccccc1)[C@H]1CCNC1,5.55,Ki,2840.0,nM,1
CHEMBL515004,CCCc1nc2ccccc2c(=O)n1-c1ccc(OCCCN2CCCC2)cc1,5.55,IC50,2800.0,nM,1
CHEMBL472442,CC(=O)N1CCC2(CCN(c3ccc(C(=O)Nc4cc(-c5cccs5)ccc4N)cn3)C2)C1,5.55,Ki,2790.0,nM,1
CHEMBL2031976,CC(C)(C)c1cc(C(=O)NCC2CCN(C(=O)CCCCC(c3ccc(F)cc3)c3ccc(F)cc3)C2)cc(C(C)(C)C)c1,5.55,IC50,2800.0,nM,1
CHEMBL1836166,COC(=O)C1(CNC(=O)c2cc(OC)cc(OC)c2)CCN(Cc2cccc(C(F)(F)F)c2)CC1,5.55,IC50,2800.0,nM,1
CHEMBL25211,N[C@H](C(=O)N1CCSC1)[C@H]1CC[C@H](NS(=O)(=O)c2ccc(OC(F)(F)F)cc2)CC1,5.55,Ki,2800.0,nM,1
CHEMBL204573,C[C@@H](OC1CCC2NC1(c1ccccc1)CC2c1nnnn1C)c1cc(C(F)(F)F)cc(C(F)(F)F)c1,5.55,Ki,2800.0,nM,1
CHEMBL1097783,CCOCCn1nc(C)c2nc(NC3CCNCC3)nc(Nc3cc(C)ccn3)c21,5.55,IC50,2800.0,nM,1
CHEMBL4521547,COCCN(CCc1ccc(Cl)cc1)C1CCN(c2nc(N)n[nH]2)CC1,5.55,IC50,2800.0,nM,1
CHEMBL4552140,C[C@@H](Nc1c(C(N)=O)cnc2ccc(-c3cccnc3)cc12)c1ccn(C)n1,5.55,IC50,2800.0,nM,1
CHEMBL3605015,N[C@H]1COC[C@@H]1Oc1ccc2ncc(F)c(CCC34CCC(NCc5ccc6c(n5)NC(=O)CO6)(CC3)CO4)c2n1,5.55,IC50,2800.0,nM,1
CHEMBL1824031,O=C1COc2ccc(CNC3CCN(CCN4C(=O)COc5ccc(Br)cc54)CC3)nc2N1,5.55,IC50,2800.0,nM,1
CHEMBL597737,Fc1ccccc1-c1ccc2oc(N3CCN4CCC3CC4)nc2n1,5.55,IC50,2800.0,nM,1
CHEMBL5924032,CCN(CCN1CCC(c2noc3cc(F)ccc23)CC1)C(=O)CCO,5.55,IC50,2800.0,nM,1
CHEMBL487064,Cn1c(-c2ccc(OCCCN3CCCCC3)cc2)nc2ccccc2c1=O,5.55,IC50,2800.0,nM,1
CHEMBL3120280,CNc1nc(NCCCN(C)C)c2sc(-c3ccc(OC(F)(F)F)cc3)cc2n1,5.55,IC50,2800.0,nM,1
CHEMBL4759278,CN(C)c1ccc(CC(=O)N[C@@H]2CNC[C@H]2c2ccc(C(C)(F)F)cc2)cc1,5.55,IC50,2809.0,nM,1
CHEMBL2016936,O[C@]1(c2ccc(F)c(F)c2)CCNC[C@@H]1c1cc(-c2c(Cl)cccc2Cl)no1,5.55,Ki,2800.0,nM,1
CHEMBL4762625,CC1(N)CCN(c2cnc(Sc3cccc(Cl)c3Cl)c(N)n2)CC1,5.55,IC50,2800.0,nM,1
CHEMBL4636056,CN1C(C)(C)CC(Nc2nc3c(-c4ccc(C(=O)N5C[C@@H]6C[C@H]5CO6)cc4)cnn3c(N)c2-c2ccccc2)CC1(C)C,5.55,IC50,2800.0,nM,1
CHEMBL601500,Cc1ccccc1CN(c1ccc(C#N)c(Cl)c1)[C@H]1CCN(S(C)(=O)=O)C1,5.55,IC50,2800.0,nM,1
CHEMBL2012044,Nc1cncc(Nc2ccc(Oc3ccc(C(F)(F)F)cc3)cc2)n1,5.55,Ki,2800.0,nM,1
CHEMBL4866043,C[C@@H]1Cc2c([nH]c3ccc(F)cc23)[C@@H](c2c(F)cc(NC3CN(CCCF)C3)cc2F)N1CC(F)(F)CO,5.55,IC50,2800.0,nM,1
CHEMBL4743615,Cc1cc(-c2ccc3c(c2)-c2nnc(Oc4ccccc4OC(F)(F)F)n2CCO3)ccn1,5.55,IC50,2840.0,nM,1
CHEMBL111,Cc1c(C(=O)NN2CCCCC2)nn(-c2ccc(Cl)cc2Cl)c1-c1ccc(Cl)cc1,5.55,IC50,2790.0,nM,1
CHEMBL4637728,Nc1ncnc2c1c(-c1ccc3cc[nH]c3c1)cn2-c1ccc(OCCNCCO)cc1,5.55,IC50,2800.0,nM,1
CHEMBL1957791,CCC(=O)NCCc1ccccc1-c1ccc([C@H]2CNCC[C@@H]2c2ccn(C)c(=O)c2)c(Cl)c1,5.55,IC50,2800.0,nM,1
CHEMBL2407172,CCOC(=O)N1CCC(CN2CCC3(CC2)CC(=O)Nc2ncccc23)CC1,5.55,IC50,2800.0,nM,1
CHEMBL2010840,CN(C(=O)Cc1ccc(-n2cnnn2)cc1)C1CCN(Cc2ccc(C(F)(F)F)c(F)c2)CC1,5.55,IC50,2800.0,nM,1
CHEMBL1951596,Cn1c(=O)n(Cc2nccc3ccccc23)c(=O)c2c1c(C#N)c(N1CCC[C@H](N)C1)n2Cc1ccccc1,5.55,IC50,2800.0,nM,1
CHEMBL3323079,CCOC(=O)c1ccc([C@@]2(c3cnn(C)c3)N[C@@H](c3nc(-c4ccc(F)cc4)c[nH]3)Cc3c2[nH]c2ccccc32)nc1,5.55,IC50,2845.0,nM,1
CHEMBL4637257,COc1nc2ccc(Br)cc2cc1[C@@H](c1ccnc(OC)c1OC)[C@@](O)(CCN(C)C)c1cc(SC)nc(SC)c1,5.55,IC50,2800.0,nM,1
CHEMBL4523017,Cn1cc(NC(=O)c2cccc(-c3ccnc(NCC4CC4)c3)n2)c(C(N)=O)n1,5.54,IC50,2900.0,nM,1
CHEMBL2012017,Nc1cncc(Nc2ccc(Oc3ccc(Cl)cc3)cc2)n1,5.54,Ki,2900.0,nM,1
CHEMBL5795064,CCN(CCN1CCC(c2noc3cc(F)c(C)cc23)CC1)C(=O)[C@H](C)O,5.54,IC50,2900.0,nM,1
CHEMBL560863,COc1cccc2c1OC(c1ccc(OCCCN3CCC[C@H]3C)cc1)C(C)S2(=O)=O,5.54,IC50,2900.0,nM,1
CHEMBL4104355,NC(=O)c1cc(Cl)c2c(Cl)c(C3CC3)n([C@H]3CCCNC3)c2n1,5.54,IC50,2900.0,nM,1
CHEMBL488248,Cn1c(-c2ccc(OCCCN3CCCC3)cc2)nc2ccccc2c1=O,5.54,IC50,2900.0,nM,1
CHEMBL3983937,Cc1ncoc1-c1nnc(SCCCN2CC[C@@]3(C[C@H]3c3ccccc3)C2)n1C,5.54,IC50,2884.03,nM,1
CHEMBL4082422,NC(=O)c1cc(Cl)c2c(Cl)c(C3CC3)n(C3CCCNC3)c2n1,5.54,IC50,2900.0,nM,1
CHEMBL455681,Cn1c(-c2ccc(OC3CCN(C4CCCC4)CC3)cc2)nc2ccccc2c1=O,5.54,IC50,2900.0,nM,1
CHEMBL2010833,CN(C(=O)Cc1ccc(S(C)(=O)=O)c(F)c1)C1CCN(Cc2ccc(C(F)(F)F)cc2)CC1,5.54,IC50,2900.0,nM,1
CHEMBL395459,[O-][S+](c1ccc(/C=C/c2ccc(F)cc2)nc1)c1ccccc1F,5.54,Ki,2900.0,nM,1
CHEMBL4094016,CN(C/C=C/c1ccc(C(F)(F)F)cc1)Cc1ccc2c(c1)OCCC2.Cl,5.54,IC50,2900.0,nM,1
CHEMBL1086521,C[C@@H]1CCCN1CCc1ccc2nc(-c3nccs3)ccc2c1,5.54,Ki,2900.0,nM,1
CHEMBL4075203,O=C(O)CC1CCOC2(CCN(c3ccc(-c4nc5cc(C(F)(F)F)ccc5[nH]4)cn3)CC2)C1,5.54,IC50,2900.0,nM,1
CHEMBL3758397,CCC(=S)N1CCC(CN2CC[C@H](NC(=O)c3cc(Cl)c(N)cc3OC)[C@H](OC)C2)CC1,5.54,IC50,2862.0,nM,1
CHEMBL3703301,NC1=NC2(CO1)c1cc(-c3cncc(Cl)c3)ccc1OCC21CC1,5.54,IC50,2910.0,nM,1
CHEMBL5902781,C[C@@H]1Cc2c([nH]c3ccccc23)[C@@H](c2cc(OCCNCCCF)ccc2Cl)N1CC(F)(F)CO,5.54,IC50,2900.0,nM,1
CHEMBL5767531,CC1(C)Oc2ccc(Cl)cc2C2OCC3(CCN(C(=O)Cn4ccnc4C#N)CC3)CC21,5.54,IC50,2900.0,nM,1
CHEMBL4293999,O=C(CCCCN1CCC(c2noc3cc(F)ccc23)CC1)c1cc2c3c(c1)CCN3C(=O)CC2,5.54,IC50,2905.4,nM,1
CHEMBL4635478,Cc1cc(N2C[C@H]3CC[C@@H](C2)[C@@H]3Nc2nc3c(OCC(F)(F)F)cccn3n2)sn1,5.54,IC50,2900.0,nM,1
CHEMBL4061747,CCc1nc2ccc(C3CCN(CC(=O)N4CC(O)C4)CC3)cn2c1N(C)c1nc(-c2ccc(F)cc2)c(C#N)s1,5.54,IC50,2900.0,nM,1
CHEMBL2017563,COc1cc(-c2cn(CC(=O)N(Cc3ccccc3)CC(F)(F)F)nn2)ccc1-n1cnc(C)c1,5.54,IC50,2870.0,nM,1
CHEMBL1097883,N#Cc1ccc(O[C@@H]2CN[C@@H](C(=O)N3CCCN(C4CCCC4)CC3)C2)cc1,5.54,IC50,2900.0,nM,1
CHEMBL3582310,CC1(c2ccccc2)N[C@@H](c2nc(-c3ccc(F)cc3)c[nH]2)Cc2c1[nH]c1ccccc21,5.54,Ki,2870.0,nM,1
CHEMBL2426677,COc1ccc(CC(=O)N2CCC3(CC2)CN([C@@H]2CCc4cc(-c5ncccn5)ccc42)C3)cc1,5.54,IC50,2900.0,nM,1
CHEMBL4644320,Nc1nc(N2CCC(N(Cc3ccccc3)[C@H](CO)Cc3ccc(Cl)cc3)CC2)n[nH]1,5.54,IC50,2900.0,nM,1
CHEMBL2325209,Cc1ccc(OCC#Cc2cccc(CCCOc3ccc(C)cc3)[n+]2C)cc1,5.54,IC50,2908.0,nM,1
CHEMBL5871355,CCN(CCN1CCC(c2c[nH]c3cc(F)ccc23)CC1)C(=O)CCO,5.54,IC50,2900.0,nM,1
CHEMBL1823047,N#Cc1ccc(OC2CNC(C(=O)N3CCCN(C4CCCC4)CC3)C2)cc1,5.54,IC50,2900.0,nM,1
CHEMBL2177915,CC#Cc1cncc(-c2cccc(C3(c4ccnc(C(F)F)c4)N=C(N)c4c(F)cccc43)c2)c1,5.54,IC50,2900.0,nM,1
CHEMBL5080086,CCC(=O)N(CC1(N2CCN(Cc3ccccc3)CC2)COC1)c1ccccc1,5.54,IC50,2900.0,nM,1
CHEMBL2012294,Fc1cccc(CN2CCC(Oc3ncnc4c3ccn4Cc3ccccc3)CC2)n1,5.54,Ki,2900.0,nM,1
CHEMBL4759910,COc1nc(-c2csc(Nc3c4c(nn3CCF)CCC4)n2)ccc1-n1cnc(C)c1,5.54,IC50,2880.0,nM,1
CHEMBL2407174,CCOC(=O)N1CCC(CN2CCC3(CC2)CC(=O)N(CC)c2ncccc23)CC1,5.54,IC50,2890.0,nM,1
CHEMBL468937,Cc1c(CNC2CCCC2)nn(-c2ccc(Cl)cc2Cl)c1-c1cccnc1,5.54,IC50,2900.0,nM,1
CHEMBL4445829,Cc1cc(-c2cnc3ccn(CC(=O)N4CC(F)C4)c3c2)ccc1F,5.54,Ki,2900.0,nM,1
CHEMBL4102707,CN(C/C=C/c1ccc(C(F)(F)F)cc1F)Cc1ccc2c(c1)CCO2.Cl,5.54,IC50,2900.0,nM,1
CHEMBL4443868,Cc1cc(-c2cnc3ccn(CC(=O)N4CCC4)c3c2)ccc1F,5.54,Ki,2900.0,nM,1
CHEMBL3609749,COc1cc(-c2cn([C@H]3CCc4c(F)cccc4N(CC(F)(F)F)C3=O)nn2)ccc1-n1cnc(C)c1,5.54,Ki,2900.0,nM,1
CHEMBL3218908,COc1cccc(-n2cc3nc(C)n(C[C@H]4CCCN(C[C@H]5CCCO5)C4)c(=O)c3n2)c1,5.54,IC50,2900.0,nM,1
CHEMBL3605120,O=C1COc2ccc(CNC34CCC(CCc5c(F)cnc6ccc(OCCO)nc56)(CC3)OC4)nc2N1,5.54,IC50,2900.0,nM,1
CHEMBL4514254,COc1cnc(OC)c(C(O)(CCN(C)C)C(c2cc3cc(Br)ccc3nc2OC)c2cccc(OC)c2F)c1,5.54,IC50,2900.0,nM,1
CHEMBL492301,O=S(=O)(c1ccc2c(c1)CCNCC2)N1CCC(Oc2ccccc2Cl)CC1,5.54,Ki,2900.0,nM,1
CHEMBL4468719,CCC(=O)N(C)CCOc1c(N)ncnc1-c1cc(F)cc(NC(=O)c2ccc(C3CC3)cc2F)c1C,5.54,IC50,2900.0,nM,1
CHEMBL4453859,Cc1ccc(N(C)C(=O)c2ccc3c(c2)CC(c2ccc(Cl)cc2)OC3=O)cc1C,5.54,IC50,2920.0,nM,1
CHEMBL1083706,c1ccc(C(Cc2ccccc2OCC2CC2)N2CCNCC2)cc1,5.53,IC50,2960.0,nM,1
CHEMBL3359749,CC(C)(C)COc1cnc2c(c1)[C@]1(COC(N)=N1)c1cc(-c3cccnc3F)ccc1O2,5.53,Ki,2950.0,nM,1
CHEMBL561878,O=C(c1ccccc1Oc1ccccc1)N(C1CCC1)[C@H]1CCNC1,5.53,IC50,2950.0,nM,1
CHEMBL3948167,Cn1c(SCCCN2CC[C@]3(C[C@@H]3c3ccc(C(F)(F)F)cc3)C2)nnc1C1CCOCC1,5.53,IC50,2951.21,nM,1
CHEMBL3775825,CC(C)(C)c1c[nH]c(C2Cc3c([nH]c4ccccc34)C(C3CCOCC3)N2)n1,5.53,IC50,2944.0,nM,1
CHEMBL3359751,COC(C)(C)COc1cnc2c(c1)[C@]1(COC(N)=N1)c1cc(-c3cccnc3F)ccc1O2,5.53,Ki,2950.0,nM,1
CHEMBL381984,CC1(c2cc(C(F)(F)F)cc(C(F)(F)F)c2)CCN([C@]2(c3ccccc3)CC[C@@H](N3CCN(c4ccccc4Cl)C(=O)C3)CC2)C1=O,5.53,Ki,2987.0,nM,1
CHEMBL58,O=C1c2c(O)ccc(O)c2C(=O)c2c(NCCNCCO)ccc(NCCNCCO)c21,5.53,Ki,2937.0,nM,1
CHEMBL4519939,COc1ccccc1CCN1CCN(CCc2ccccc2)CC1.Cl.Cl,5.53,Ki,2940.0,nM,1
CHEMBL4784373,CC(=O)Nc1ccc(OCCCN2CCC(c3noc4cc(F)ccc34)CC2)cc1,5.53,IC50,2980.0,nM,1
CHEMBL1172999,CC(Oc1ccc(S(C)(=O)=O)cc1C(=O)N1CCN(c2ccc(C#N)cc2F)CC1)C(F)(F)F,5.52,IC50,3000.0,nM,1
CHEMBL446514,OC1CCN(CCc2ccc(Oc3nc4ccccc4s3)cc2)CC1,5.52,IC50,3000.0,nM,1
CHEMBL5904229,CNC[C@H](c1ccc(Cl)c(Cl)c1)[C@H](O)c1cccc(Br)c1,5.52,IC50,3000.0,nM,1
CHEMBL1095845,O=C([C@H]1C[C@H](Oc2cccc(F)c2)CN1)N1CCCN(C2CCC2)CC1,5.52,IC50,3000.0,nM,1
CHEMBL4206313,Cl.Cl.FCCOc1ccc(CCN2CCN(CCc3ccccc3)CC2)cc1,5.52,IC50,3050.0,nM,1
CHEMBL4751083,CNC(=O)c1nn(C)c2ccc(Nc3nccc(-n4cc(CN(C)C)c(C)n4)n3)cc12,5.52,IC50,3000.0,nM,1
CHEMBL3989870,CNCc1ccc(-c2cc(-c3nc(-c4ccc(S(=O)(=O)C(C)C)cc4)cnc3N)on2)cc1,5.52,IC50,3000.0,nM,1
CHEMBL1270269,CC(C)(NCCCc1cc(-c2cccc(C(F)(F)F)c2)nc(C#N)n1)C(N)=O,5.52,Ki,3000.0,nM,1
CHEMBL4857808,COC(=O)NC12CCC(n3cc(-c4ccc(Cl)c(N)c4)c4c(N)ncnc43)(CC1)CC2,5.52,IC50,3000.0,nM,1
CHEMBL4453443,O=C(O)C[C@H]1CC[C@@H](Oc2ccc(-c3ccc(-c4nc5cc(Cl)ccc5[nH]4)cn3)cn2)CC1,5.52,Ki,3000.0,nM,1
CHEMBL1236904,Cc1cc(CN2CCN(c3c(Br)cnc4nc(-c5ccc(N6CCN(C)CC6)cc5)[nH]c34)CC2)no1,5.52,IC50,3000.0,nM,1
CHEMBL4452750,N#Cc1ccc2[nH]c(-c3ccc(N4CCC(O[C@H]5CC[C@H](CC(=O)O)CC5)CC4)nc3)nc2c1,5.52,Ki,3000.0,nM,1
CHEMBL5873948,COc1cncc(OC[C@@]2(F)CCNC2)c1-c1cc(Nc2cnc(C#N)cn2)n[nH]1,5.52,IC50,3000.0,nM,1
CHEMBL510436,Cc1ncc(-c2ccnc(Nc3ccc(C(=O)N(C)C)c(F)c3)n2)n1C(C)C,5.52,IC50,3000.0,nM,1
CHEMBL426714,COC(=O)N(NC(=O)c1c(OC2CCN(C(C)(C)C)CC2)c(-c2ccccc2)nc2ccccc12)c1ccccc1,5.52,Ki,3000.0,nM,1
CHEMBL104,Clc1ccccc1C(c1ccccc1)(c1ccccc1)n1ccnc1,5.52,IC50,3019.95,nM,1
CHEMBL3604800,COc1ccc2ncc(F)c(CCC34CCC(NCc5ccc6c(n5)NC(=O)C(C)(C)O6)(CC3)CO4)c2n1,5.52,IC50,3000.0,nM,1
CHEMBL3618330,CNC1CCN(c2ccc(-n3cnn4cc(-c5ccc(Cl)cc5)cc4c3=O)cn2)C1,5.52,IC50,3000.0,nM,1
CHEMBL2069397,O=C1CC(c2nc(-c3cccc(Cl)c3)no2)CN1c1ccc(F)cc1,5.52,IC50,3000.0,nM,1
CHEMBL2010831,CN(C(=O)Cc1ccc(S(C)(=O)=O)cc1)C1CCN(Cc2ccc(C(F)(F)F)cc2)CC1,5.52,IC50,3000.0,nM,1
CHEMBL1829612,COc1ccc([C@H]2CC[C@H](N3CC(NC(=O)CNC(=O)c4cccc(C(F)(F)F)c4)C3)CC2)cc1,5.52,IC50,3000.0,nM,1
CHEMBL488251,CC(C)n1c(-c2ccc(OCCCN3CCCCC3)cc2)nc2ccccc2c1=O,5.52,IC50,3000.0,nM,1
CHEMBL1927167,COc1ccc2ncc(F)c(CCN3CC[C@H](NCc4cc5c(cn4)OCCO5)[C@H](O)C3)c2n1,5.52,IC50,3000.0,nM,1
CHEMBL551281,O=C(NC1CCN(Cc2ccn(-c3ccc(C(F)(F)F)cc3)c2)CC1)N1CC(N2CCCOCC2)C1,5.52,IC50,3000.0,nM,1
CHEMBL4517101,N#Cc1ccc(O[C@H]2CN(S(=O)(=O)c3ccc(Cl)cc3Cl)C[C@@]2(O)CN)cc1F,5.52,IC50,3000.0,nM,1
CHEMBL1946020,CCN(CC)C(=O)c1ccc(C(=C2CCN(Cc3ccc(F)cc3)CC2)c2cccc(NC(C)=O)c2)cc1,5.52,IC50,3000.0,nM,1
CHEMBL2017408,COc1cc(-c2cn(CC(=O)N(c3ccccc3)c3ccccc3)nn2)ccc1-n1cnc(C)c1,5.52,IC50,3050.0,nM,1
CHEMBL3787237,Cc1oc(-c2ccccc2)nc1C(=O)N1CCC(Oc2ccc(CN3CCCC3)cc2)CC1,5.52,IC50,3000.0,nM,1
CHEMBL2181489,Nc1ncc(-c2ccc(C(=O)N3CCOCC3)cc2)cc1-c1ccc(C(F)(F)F)cc1,5.52,IC50,3000.0,nM,1
CHEMBL4537998,O=C(Nc1ccc(Oc2ccc(F)cc2)cc1)N1CCc2ncccc2[C@@H]1c1ccc(Cl)cc1,5.52,IC50,3000.0,nM,1
CHEMBL1086579,Cc1cc(CN2CCN(c3c(Br)cnc4[nH]c(N5CCN(C)CC5)nc34)CC2)no1,5.52,IC50,3000.0,nM,1
CHEMBL1084560,C[C@@H]1CCCN1CCc1ccc2nc(-c3cccnc3)ccc2c1,5.52,Ki,3000.0,nM,1
CHEMBL3754692,COc1ccc2ncc(F)c(CC(OCC(=O)O)C34CCC(NCc5ccc6c(n5)NC(=O)CO6)(CC3)CO4)c2n1,5.52,IC50,3000.0,nM,1
CHEMBL4533529,NC[C@H](NC(=O)c1ccc(-c2ccc(C(F)(F)F)c(F)c2)[nH]1)c1nc(CO)cs1,5.52,IC50,3000.0,nM,1
CHEMBL3627896,Cc1ncn(-c2cc(Cl)c(C(=O)NC[C@@H](c3cccc(F)c3)c3nc4c(C)cc(Cl)cc4[nH]3)c(Cl)c2)n1,5.52,IC50,3051.0,nM,1
CHEMBL4080797,COc1ccc(-c2cc3c(N[C@@H]4CC[C@](C)(N)C4(C)C)c(C(N)=O)cnn3c2)cn1,5.52,IC50,3000.0,nM,1
CHEMBL1824042,O=C1COc2ccc(CNC3CCN(CCN4C(=O)COc5ccc(Cl)cc54)CC3)nc2N1,5.52,IC50,3000.0,nM,1
CHEMBL4084845,Cc1ccc(-c2ncc(OC[C@H]3CCNC3)cc2-c2ccc(C#N)cc2)cc1,5.52,IC50,3000.0,nM,1
CHEMBL466112,CCN1CCN(c2cc3[nH]c(C(=O)[C@]4(C)CC[C@@H](NC(=O)OC)CC4)nc3cc2C)CC1,5.52,IC50,3000.0,nM,1
CHEMBL5910863,Cn1ccc(Cn2cc(-c3ccc(Cl)cc3)cn2)n1,5.52,IC50,3040.0,nM,1
CHEMBL339457,CCN(CC)C(=O)c1ccc(C(=C2CCNCC2)c2cccc(F)c2)cc1,5.52,IC50,3000.0,nM,1
CHEMBL2403848,Cc1cc(Nc2ncc(Cl)c(Nc3ccccc3S(=O)(=O)C(C)C)n2)c(OC2CCC2)cc1C1CCNCC1,5.52,IC50,3020.0,nM,1
CHEMBL5871639,Cc1nnc(C(C)C)n1C1CC2CCC(C1)N2CC[C@H](NC(=O)C1CCCCC1)c1cccs1,5.52,IC50,3020.0,nM,1
CHEMBL521833,CC(C)(C)CCN1CC[C@@H](CNC(=O)c2cc(Cl)cc(Cl)c2)[C@H](F)C1,5.52,IC50,3034.0,nM,1
CHEMBL4067468,Cc1c([C@@H](O)CN2CCC3(CC2)CCN(c2ccc([S+](C)[O-])nc2)C3)ccc2c1COC2=O,5.52,IC50,3000.0,nM,1
CHEMBL4534171,Cc1c(CCN2CCN(CCc3ccc4c(c3C)COC4=O)CC2)ccc2c1COC2=O,5.52,IC50,3000.0,nM,1
CHEMBL450714,CSc1ccc(Oc2ccccc2CN(C)C)cc1,5.52,IC50,3020.0,nM,1
CHEMBL487223,CNCc1ccc(F)cc1Oc1ccc(Cl)c(Cl)c1,5.52,IC50,3010.0,nM,1
CHEMBL4249236,CC(C)Cc1ccc2nn(C)cc2c1NS(=O)(=O)c1ccc(CCCOC[C@@H]2CCCN2C)cc1,5.52,IC50,3000.0,nM,1
CHEMBL4851978,Cc1cc(C)cc(-c2cncc(-c3nc4ccccc4[nH]3)c2N2CCC(N)CC2)c1,5.52,IC50,3000.0,nM,1
CHEMBL5083122,O=C1c2nc3cccc(C(F)(F)F)c3n2CCN1Cc1ccc(Cl)cc1,5.52,IC50,3000.0,nM,1
CHEMBL5087151,Cc1ccc(NC(=O)c2ccnc(C(F)(F)F)c2)cc1-c1ccc2c(c1)OC1(CCOCC1)CC(=O)N2,5.52,IC50,3000.0,nM,1
CHEMBL550261,O=C(c1ccc(C2=CC3(CCNCC3)Oc3ccccc32)cc1)N1CCCCC1,5.52,IC50,3027.0,nM,1
CHEMBL3703085,CN(C)[C@H]1CC[C@H](n2cc(C(N)=O)c(Nc3ccc(Cl)cc3)n2)[C@@H](C#N)C1,5.52,IC50,3000.0,nM,1
CHEMBL2112075,CC(C)(Cc1ccc2ccccc2c1)NC[C@@H](O)COc1cccc(Cl)c1C#N.Cl,5.52,IC50,3000.0,nM,1
CHEMBL5768755,C[C@H]1OC(=O)[C@]2(N3CC(C(N)=O)C3)CC(F)(F)[C@@H](C)[C@H](/C=C/c3ccc(-c4cccc(F)c4)cn3)[C@H]12,5.52,IC50,3000.0,nM,1
CHEMBL1916532,COc1ccc2ncc(F)c(CCN3CCC(NCc4cc5c(cn4)OCCO5)CC3)c2n1,5.52,IC50,3000.0,nM,1
CHEMBL1091069,COc1cccnc1[C@H](C)c1c(CCN(C)C)sc2ccccc12,5.52,IC50,3000.0,nM,1
CHEMBL4757759,CN1CCN(C(=O)C2CCN(c3nccc4[nH]c(-c5ccc(F)c(F)c5)cc34)CC2)CC1,5.52,IC50,3000.0,nM,1
CHEMBL453630,CNC(C)c1cc(C(F)(F)F)ccc1Oc1ccc(Cl)c(Cl)c1,5.52,IC50,3030.0,nM,1
CHEMBL3393710,Fc1cccnc1-c1ccc2[nH]nc(-c3cncc(O[C@H]4CNCCC45CC5)n3)c2c1,5.52,IC50,3000.0,nM,1
CHEMBL1835149,NC(=O)c1cnc(N[C@H](C2CC2)C(F)(F)F)c2c1[nH]c1cc(-c3cn[nH]c3)ccc12,5.52,IC50,3000.0,nM,1
CHEMBL629,CN(C)CCC=C1c2ccccc2CCc2ccccc21,5.52,IC50,3000.0,nM,1
CHEMBL492556,CN(CC1COc2ccccc21)S(=O)(=O)c1ccc2c(c1)CCNCC2,5.52,Ki,2990.0,nM,1
CHEMBL5879327,CC1(C)Oc2ccc(Cl)cc2C2OCC3(CCN(C(=O)Cn4cnc(C(F)(F)F)c4)CC3)CC21,5.52,IC50,3000.0,nM,1
CHEMBL2441415,O=C1OCc2cc(CCN3CCN(C(=O)Cc4ccc(-n5cnnn5)cc4C4CC4)CC3)ccc21,5.52,IC50,3000.0,nM,1
CHEMBL609857,CS(=O)(=O)Nc1ccc(CCC(=O)NC/C=C/c2ccc(Cl)c(Cl)c2)cc1,5.52,Ki,3000.0,nM,1
CHEMBL4589844,NCC1(c2cccc(-c3ccnc4[nH]nc(C(F)(F)F)c34)c2)CCC1,5.52,IC50,3000.0,nM,1
CHEMBL531475,COc1ccc(-c2cc(-c3ccc(S(C)(=O)=O)cc3)cnc2N)cn1,5.52,IC50,3000.0,nM,1
CHEMBL4228012,COc1cc2ccc(Br)cc2cc1[C@@H](c1cccc(OC)c1F)[C@@](O)(CCN(C)C)c1cccc2c1CCC2,5.52,IC50,3000.0,nM,1
CHEMBL174004,CC[C@H](C)[C@H](C(=O)O)N1C[C@H](CN2CCC(c3cc(Cc4ccc(-c5ccccc5)cc4)nn3CC)CC2)[C@@H](c2cccc(F)c2)C1,5.52,Ki,3000.0,nM,1
CHEMBL1775179,CC(C)OC(=O)N1CCC(Oc2ncnc3c2cnn3-c2ccc(S(C)(=O)=O)cc2F)CC1,5.52,IC50,3000.0,nM,1
CHEMBL4638599,O=c1n(CCCCN2CCN(c3cccc4sccc34)CC2)nc2ccccn12,5.52,IC50,3010.0,nM,1
CHEMBL498729,Fc1cccc2c([C@@H]3CNCC[C@H]3F)c(-c3ccccc3)[nH]c12,5.52,Ki,3000.0,nM,1
CHEMBL455184,CNCc1ccc(Cl)cc1Oc1ccc(F)c(C)c1,5.52,IC50,3040.0,nM,1
CHEMBL253868,Nc1ccc(-c2ccccc2)cc1NC(=O)c1ccc(CNC(=O)OCc2cccnc2)cc1,5.52,IC50,3000.0,nM,1
CHEMBL5093895,O=C1c2nc3cccc(C(F)(F)F)c3n2CCN1CC1CC2CCC1C2,5.52,IC50,3000.0,nM,1
CHEMBL1092678,Cc1ccc(S(=O)(=O)C[C@@H]2C[C@H](N(C)C(C)C)CC[C@@H]2N2CC[C@H](NC(=O)c3cccc(C(F)(F)F)c3)C2=O)cc1,5.52,IC50,3000.0,nM,1
CHEMBL246816,CC(C(O)c1ccc2c(c1)CN(C)C(=O)N2)N1CCC(O)(c2ccc(F)cc2)CC1,5.51,IC50,3100.0,nM,1
CHEMBL4098143,Cn1nc(N2CCC3(CCN(C[C@H](O)c4ccc(-n5cnnn5)nn4)CC3)C2=O)ccc1=O,5.51,IC50,3100.0,nM,1
CHEMBL4588822,CCC(CC)CNc1c(C(N)=O)cnc2ccc(-c3ccc(CO)nc3)cc12,5.51,IC50,3100.0,nM,1
CHEMBL4755446,CCN1CC2(CCN(CCc3ccccc3)CC2)OC(C)C1=O,5.51,IC50,3100.0,nM,1
CHEMBL1956989,Cc1nc2ncc(Oc3ccc(F)cc3)cc2c(=O)n1C[C@H]1CCCN(C(C)C)C1,5.51,IC50,3090.3,nM,1
CHEMBL2180840,COc1cccc(-c2cc(NC(=O)CCCN3CCCCC3)[nH]n2)c1,5.51,IC50,3080.0,nM,1
CHEMBL5931677,CC(C)Oc1cc(CCC(C)(C)N2Cc3ccc(S(C)(=O)=O)cc3C2)ccc1O,5.51,IC50,3100.0,nM,1
CHEMBL5854009,CNCC(Cc1ccc(C)s1)c1ccc2ccccc2c1,5.51,IC50,3100.0,nM,1
CHEMBL5837180,COc1ccc(NCCNCCCF)nc1[C@@H]1c2[nH]c3ccccc3c2C[C@@H](C)N1CC(F)(F)F,5.51,IC50,3100.0,nM,1
CHEMBL4553350,COc1cnc(OC)c([C@H](c2cc3cc(C#N)ccc3nc2OC)[C@@](O)(CCN(C)C)c2cc(OC)nc(OC)c2)c1,5.51,IC50,3100.0,nM,1
CHEMBL1086072,Cc1nc(-c2nc(-c3ccc4cc(CCN5CCC[C@H]5C)ccc4n3)cs2)cs1,5.51,Ki,3100.0,nM,1
CHEMBL5899788,COc1cncc(OC[C@@H]2CNCCO2)c1-c1cc(Nc2cnc(C#N)cn2)n[nH]1,5.51,IC50,3100.0,nM,1
CHEMBL3263286,CNC(=O)c1cccc(C2CCN([C@@H]3C[C@H]4OCC[C@@]4(C(=O)N4COc5ccc(C(F)(F)F)cc5C4)C3)CC2)c1,5.51,IC50,3100.0,nM,1
CHEMBL511742,CCN1CCN(c2cc3[nH]c(C(=O)[C@]4(C)CC[C@](C)(O)CC4)nc3cc2Cl)CC1,5.51,IC50,3100.0,nM,1
CHEMBL3417044,Clc1ccc(-n2cc(NCCN3CCCCC3)nn2)cc1,5.51,IC50,3100.0,nM,1
CHEMBL4103161,COc1ccc(/C=C/CN(C)Cc2ccc3c(c2)OCCC3)c(F)c1.Cl,5.51,IC50,3100.0,nM,1
CHEMBL1950351,CCS(=O)(=O)n1c2c(c3cc(C(=O)N4CCC(C)CC4)ccc31)CN(C1CCOCC1)CC2,5.51,IC50,3100.0,nM,1
CHEMBL505091,CNCc1cc(Cl)ccc1Oc1ccc(Cl)c(Cl)c1,5.51,IC50,3120.0,nM,1
CHEMBL12089,COc1ccc2cc3[n+](cc2c1OC)CCc1cc2c(cc1-3)OCO2.[Cl-],5.51,IC50,3100.0,nM,1
CHEMBL6065133,CC(O)C(=O)N(CCN1CCC(c2noc3cc(F)ccc23)CC1)C(C)C,5.51,IC50,3100.0,nM,1
CHEMBL1224024,CCCC1(C(=O)c2ccc(Cl)c(Cl)c2)CCCN1,5.51,IC50,3100.0,nM,1
CHEMBL558928,O=C(NC1CCN(Cc2ccn(-c3ccc(C(F)(F)F)cc3)c2)CC1)N1CCCCC1CCO,5.51,IC50,3080.0,nM,1
CHEMBL3906863,c1cnc2c(c1)CCCC2N(CCCN1CCNCC1)Cc1nccc2c3ccccc3n(CCN3CCOCC3)c12,5.51,IC50,3100.0,nM,1
CHEMBL1834639,Cn1nc(NCC(=O)NC2CN([C@H]3CC[C@@H](C4CCCCC4)CC3)C2)c2cc(C(F)(F)F)ccc21,5.51,IC50,3100.0,nM,1
CHEMBL3765012,Cl.Cl.NC1(c2cc(C(=O)N[C@@H]3CCc4ccc(Oc5ccnc6c5CCC(=O)N6)cc4C3)cc(C(F)(F)F)c2)CCC1,5.51,IC50,3100.0,nM,1
CHEMBL5930833,Cc1nnc(C(C)C)n1C1CC2CCC(C1)N2CC[C@H](NC(=O)C1CCC(F)(F)CC1)c1cccs1,5.51,IC50,3100.0,nM,1
CHEMBL4744994,CCS(=O)(=O)c1ccc(CNc2nc3cnc(-c4c(OC)ncnc4C4CC4)nc3n([C@@H](C)C3CC3)c2=O)nc1,5.51,IC50,3100.0,nM,1
CHEMBL3605129,O=C1COc2ccc(CNC34CCC(CCc5c(F)cnc6ccc(OC[C@@H]7C[C@@H](O)[C@@H](O)C7)nc56)(CC3)OC4)nc2N1,5.51,IC50,3100.0,nM,1
CHEMBL2177303,CC#Cc1cncc(-c2cccc([C@@]3(c4cc(C)c(=O)n(CC)c4)N=C(N)c4c(F)cc(F)cc43)c2)c1,5.51,IC50,3100.0,nM,1
CHEMBL2333613,CN1CCC(COCc2cc(C(F)(F)F)cc(C3CC3)n2)(c2ccc(Cl)cc2)CC1,5.51,IC50,3100.0,nM,1
CHEMBL459598,CC(C[C@H](NC(=O)C1CCC1)c1ccccc1)N1CCC(c2nnc(CN(C)C)o2)CC1,5.51,IC50,3100.0,nM,1
CHEMBL4644571,COc1cc(-c2cncc(-c3ccc(N4CCN(C(C)C)CC4)cc3)c2C)cc(OC)c1OC,5.51,IC50,3100.0,nM,1
CHEMBL552023,CCN1C[C@@H](N(Cc2cc(F)ccc2Cl)c2ccc(C#N)c(Cl)c2)CC1=O,5.51,IC50,3100.0,nM,1
CHEMBL5995318,CN(C)C[C@H](c1ccc2ccccc2c1)[C@H](O)c1cccs1,5.51,IC50,3100.0,nM,1
CHEMBL560283,O=C(NC1CCN(Cc2ccn(-c3ccc(C(F)(F)F)cc3)c2)CC1)N1CCCC1c1cccnc1,5.51,IC50,3080.0,nM,1
CHEMBL4091441,Cc1ccc(Oc2ccnc3cc(-c4cnn(C5CCNCC5)c4)ccc23)cc1,5.51,IC50,3120.0,nM,1
CHEMBL4247729,CC(C)Cc1ccc2nn(C)cc2c1NS(=O)(=O)c1ccc(CCCOC[C@H]2COCCN2C)cc1,5.51,IC50,3100.0,nM,1
CHEMBL4072833,C=CC(=O)N1CCC(CNc2ncnc(N)c2-c2ccc(Oc3ccccc3)cc2)CC1,5.51,Ki,3100.0,nM,1
CHEMBL2177904,NC1=N[C@](c2ccncc2)(c2cccc(-c3cncnc3)c2)c2cccc(F)c21,5.51,IC50,3100.0,nM,1
CHEMBL4576889,Cc1noc(C)c1-c1nc(NCc2ccccn2)c2c(-c3ccccc3)cccc2n1,5.51,IC50,3100.0,nM,1
CHEMBL1934525,C[C@@H]1CCCN1CCc1ccc(-c2ccc(S(=O)(=O)CC3CCOCC3)cc2)cc1,5.51,IC50,3100.0,nM,1
CHEMBL5861338,CC(C)Oc1ccc(CC[C@@H](C)N2Cc3cccc(F)c3C2)cc1OC(C)C,5.5,IC50,3200.0,nM,1
CHEMBL3764557,Cc1ncoc1-c1nnc(SCCCN2CCOC(c3ccc(C(F)(F)F)cc3)C2)n1C,5.5,Ki,3162.28,nM,1
CHEMBL4749451,CC(C)(CO)Cn1nc(-c2ccc3nc(OC4CC4)ccc3c2)c(C(N)=O)c1N,5.5,IC50,3200.0,nM,1
CHEMBL2012265,Cc1ccccc1Cn1ccc2c(OC3CCN(Cc4cscn4)CC3)ncnc21,5.5,Ki,3200.0,nM,1
CHEMBL3918431,c1ccc2cc(NC3=NC[C@@]4(CN5CCC4CC5)O3)ncc2c1,5.5,IC50,3200.0,nM,1
CHEMBL3765754,Cc1ncoc1-c1nnc(SCCCN2CCOC(c3ccc(F)cc3)C2)n1C,5.5,Ki,3162.28,nM,1
CHEMBL4474294,COC1CCN(Cc2cc(-c3ccc(C(F)(F)F)cc3)n(-c3ccc(F)cc3)n2)CC1,5.5,IC50,3200.0,nM,1
CHEMBL1957793,CCOC(=O)NCCc1ccccc1-c1ccc([C@H]2CNCC[C@@H]2c2ccn(C)c(=O)c2)c(Cl)c1,5.5,IC50,3200.0,nM,1
CHEMBL559856,N#Cc1cccc(N2CCN(CCN3Cc4ccccc4C3)C2=O)c1,5.5,IC50,3162.28,nM,1
CHEMBL556272,O=C1N(CCN2Cc3ccccc3C2)CCN1c1cc(F)cc(Cl)c1,5.5,IC50,3162.28,nM,1
CHEMBL563137,CC(C)CNC(=O)c1ccc(C2=CC3(CCNCC3)Oc3ccccc32)cc1,5.5,IC50,3190.0,nM,1
CHEMBL257517,COc1ccc(-c2nc(CCOc3cccc(C[C@@H]4C(=O)N(c5ccc(C(C)(C)C)cc5)[C@@H]4C(=O)O)c3)c(C)o2)cc1,5.5,IC50,3200.0,nM,1
CHEMBL1271520,O=C(N[C@@H]1CN2CCC1CC2)c1cccc2oc(N3CCOCC3)nc12,5.5,IC50,3200.0,nM,1
CHEMBL4227839,C[C@@H]1c2n[nH]cc2CN1C1=NC(NCc2c(F)cccc2C(F)(F)F)c2cccc(C(N)=O)c2N1,5.5,IC50,3162.28,nM,1
CHEMBL1673440,CC1N=CN=C1CN1CCc2c(c3ccccc3n2C)C1=O,5.5,IC50,3162.28,nM,1
CHEMBL5806518,COc1ccc(O[C@H](C)CNCCCF)cc1[C@@H]1c2[nH]c3ccccc3c2C[C@@H](C)N1CC(F)(F)CO,5.5,IC50,3200.0,nM,1
CHEMBL1836170,CC(C)Oc1ncc(-c2nc(-c3ccc4c(c3)CCNCC4)no2)cc1C#N,5.5,IC50,3162.28,nM,1
CHEMBL563635,CCN(CC)CCN1CCN(c2cccc(Cl)c2)C1=O,5.5,IC50,3162.28,nM,1
CHEMBL5894654,COc1cc(CC[C@@H](C)N2Cc3cc4c(cc3C2)OCO4)ccc1OCCO,5.5,IC50,3200.0,nM,1
CHEMBL3218909,COc1cccc(-n2cc3nc(CC(C)C)n(C[C@H]4CCCN(C[C@H]5CCCO5)C4)c(=O)c3n2)c1,5.5,IC50,3200.0,nM,1
CHEMBL562663,Cc1nc(CNC2CCCC2)n(C(C)C)c1-c1ccc(Cl)cc1,5.5,IC50,3200.0,nM,1
CHEMBL413931,COc1ccc(Br)cc1CCc1c(Cl)cccc1C(=O)N=C(N)N,5.5,Ki,3150.0,nM,1
CHEMBL3827961,COc1ccc(/C=C/CN(C)Cc2ccc3c(c2)CCCCC3)cc1.Cl,5.5,IC50,3200.0,nM,1
CHEMBL1956988,Cc1nc2ccc(Oc3ccc(F)cc3)nc2c(=O)n1C[C@H]1CCCN(C(C)C)C1,5.5,IC50,3200.0,nM,1
CHEMBL552371,CC1CCCN(CCN2CCN(c3cccc(Cl)c3)C2=O)C1,5.5,IC50,3162.28,nM,1
CHEMBL560177,O=C1N(CCN2Cc3ccccc3C2)CCN1c1cccc(Cl)c1,5.5,IC50,3162.28,nM,1
CHEMBL563274,CN(CCN1CCN(c2cccc(Cl)c2)C1=O)C[C@]12CC[C@H](CC1)C2(C)C,5.5,IC50,3162.28,nM,1
CHEMBL2158563,CCN(CC)CCOc1cc(-c2nc(SCC(=O)NC)nc3[nH]cc(C#N)c23)c(Cl)cc1Cl,5.5,IC50,3140.0,nM,1
CHEMBL1290486,Cc1ccc2c(N3CCN(CCc4cccc5c4CCC(=O)N5)CC3)cccc2n1,5.5,Ki,3162.28,nM,1
CHEMBL3774649,Cn1c(SCCCN2CC3CCN(c4ccccc4)C3C2)nnc1C1CCOCC1,5.5,IC50,3162.28,nM,1
CHEMBL4281310,Cc1cc(-c2ccc3c(c2)CC[C@H]3N2CCC(N(C)C(=O)N[C@@H](C)c3ccc(C#CC4CC4)c(Cl)c3Cl)CC2)ncn1,5.5,IC50,3160.0,nM,1
CHEMBL3752550,COc1ccc2ncc(F)c(CC(F)C34CCC(NCc5ccc6c(n5)NC(=O)CO6)(CC3)CO4)c2n1,5.5,IC50,3200.0,nM,1
CHEMBL4098051,CCc1cnc(N2CCC([C@H]3C[C@H]3CCOc3ccc(CC(=O)N4CCC4)c(F)c3)CC2)nc1,5.5,IC50,3200.0,nM,1
CHEMBL5902857,CC(C)Oc1cc(CC[C@@H](C)N2Cc3cc4c(cc3C2)OCO4)ccc1O,5.5,IC50,3200.0,nM,1
CHEMBL6016888,CC(C)Oc1cc(CCC(C)(C)N2Cc3ccc(F)cc3C2)ccc1O,5.5,IC50,3200.0,nM,1
CHEMBL471219,Nc1ccc(-c2cccs2)cc1NC(=O)c1ccc(N2CCC3(CCN(CC(=O)O)C3)CC2)nc1,5.5,Ki,3200.0,nM,1
CHEMBL4647249,NC(=O)[C@H]1CCC[C@@H](c2ccc(OCc3cccc(F)c3)cc2)N1,5.5,IC50,3162.28,nM,1
CHEMBL4644347,NC(=O)[C@@H]1CC[C@H](c2ccc(OCc3cccc(F)c3)cc2)N1,5.5,IC50,3162.28,nM,1
CHEMBL3922838,Cn1c(SCCCN2CC[C@]3(C[C@@H]3c3ccc(C(F)(F)F)cc3)C2)nnc1-c1ccc(=O)n(C)c1,5.5,IC50,3162.28,nM,1
CHEMBL1835119,CC(C)CN1C(=O)CN(Cc2ccc(-c3cccc(CN4CCCCC4)n3)cc2)C1=O,5.5,Ki,3162.28,nM,1
CHEMBL1223600,CC(C)c1ccc(CS(=O)(=O)c2ccc([C@]34CNC[C@H]3C4)cc2)cc1,5.5,IC50,3162.28,nM,1
CHEMBL1089301,Cc1[nH]c2ccccc2c1CCN1CCc2ccc(/C=C/C(=O)NO)cc2CC1,5.5,IC50,3200.0,nM,1
CHEMBL255417,CCc1nc2cc3c(c(Br)c2o1)CCN(C(C)CCSc1nnc(-c2cccc4nc(C)ccc24)n1C)CC3,5.5,IC50,3162.28,nM,1
CHEMBL256471,Cc1nc2cc3c(cc2s1)CCN(CCCSc1nnc(-c2ocnc2C)n1C)CC3,5.5,IC50,3162.28,nM,1
CHEMBL4451408,COc1nc(N[C@@H](C)c2cc3cc(Cl)ccc3[nH]c2=O)ncc1C#N,5.5,IC50,3200.0,nM,1
CHEMBL488436,Cc1ncc(-c2ccnc(Nc3ccc(S(C)(=O)=O)cc3)n2)n1C(C)C,5.5,IC50,3200.0,nM,1
CHEMBL472289,Cc1ccc2c(N3CCN(CCc4ccc5c(c4)OCC(=O)N5C)CC3)cccc2n1,5.5,Ki,3162.28,nM,1
CHEMBL4778342,Cc1cc(Cl)cc(-c2cnc3ncn(-c4cc(O)cc(F)c4)c(=O)c3c2CN(C)C[C@@H]2CCCN2)c1,5.5,IC50,3162.28,nM,1
CHEMBL562836,CN(CCN1CCN(c2ccc(F)cc2)C1=O)C[C@]12CC[C@H](CC1)C2(C)C,5.5,IC50,3162.28,nM,1
CHEMBL2440392,CCCCOc1ccc(S(=O)(=O)NCCc2c[nH]c3ccccc23)cc1,5.5,IC50,3180.0,nM,1
CHEMBL4166919,CCCC[C@@H](CCO)Nc1nc(N)nc2cc(OC)ccc12,5.5,IC50,3200.0,nM,1
CHEMBL1951898,CCN(C(=O)Cc1ccc(S(C)(=O)=O)cc1)C1CCN(CC[C@@H](c2ccccc2)N2CCN(S(=O)(=O)C(F)(F)F)CC2)CC1,5.5,IC50,3200.0,nM,1
CHEMBL271909,Cc1ccc2c(-c3nnc(SCCCN4CCc5ccc6nc(C)sc6c5CC4)n3C)cccc2n1,5.5,IC50,3162.28,nM,1
CHEMBL4524656,CC(C)Cc1cc(C(=O)NCC2C3CN(CCC(C)(C)C)CC23)nn1-c1ccccc1,5.5,IC50,3130.0,nM,1
CHEMBL3134377,Cc1ccc(-c2ncc(OC[C@@H]3CCNC3)cc2-c2ccc(C#N)cc2)cc1,5.5,IC50,3200.0,nM,1
CHEMBL1951894,CCN(C(=O)Cc1ccc(S(C)(=O)=O)cc1)C1CCN(CCC(c2ccccc2)N2CCN(c3cccc(F)c3)CC2)CC1,5.5,IC50,3200.0,nM,1
CHEMBL245642,CO/N=C/COc1ccc(CN2CCC(NC(=O)c3cc(=O)c4ccc(F)cc4o3)CC2)cc1F,5.5,IC50,3200.0,nM,1
CHEMBL403804,CCc1nc2ccc3c(c2s1)CCN(CCCSc1nnc(-c2ocnc2C)n1C)CC3,5.5,IC50,3162.28,nM,1
CHEMBL568350,CS(=O)(=O)N(Cc1ccc2ccccc2c1)C1CCNCC1,5.5,Ki,3200.0,nM,1
CHEMBL5946500,Cn1nccc1-n1cc(-c2ccc(Cl)c(Cl)c2)cn1,5.5,IC50,3170.0,nM,1
CHEMBL4635305,CN1C[C@H](Cc2ccc(Cl)cc2)N(C2CCN(c3n[nH]c(N)n3)CC2)Cc2ccccc21,5.5,IC50,3200.0,nM,1
CHEMBL3582321,Cc1nc([C@]2(c3cnn(CC4CC4)c3)N[C@@H](c3nc(-c4ccc(F)cn4)c[nH]3)Cc3c2[nH]c2ccccc32)no1,5.5,IC50,3200.0,nM,1
CHEMBL3582324,Cc1nnc([C@]2(c3cnn(C)c3)N[C@@H](c3nc(-c4ccc(F)cn4)c[nH]3)Cc3c2[nH]c2ccccc32)o1,5.5,IC50,3200.0,nM,1
CHEMBL4515085,Cc1ccc(-c2cc(S(C)(=O)=O)cc(S(=O)(=O)c3cnc(CN)s3)c2)cc1,5.5,IC50,3200.0,nM,1
CHEMBL1778190,Cc1c2c(n3c1CCCN[C@H](C)CNc1cc-3ccc1C(N)=O)CC(C)(C)CC2=O,5.5,IC50,3200.0,nM,1
CHEMBL1835068,Cc1cccc(Nc2nc(N[C@@H]3CCC(F)(F)C[C@@H]3N)ncc2C(N)=O)c1,5.5,IC50,3162.28,nM,1
CHEMBL513875,Cc1ccc2c(N3CCN(CCc4cccc5c4OCC(=O)N5C)[C@H](C)C3)cc(F)cc2n1,5.5,Ki,3162.28,nM,1
CHEMBL1952141,CN1CCC(CNc2ccc3ncc(-c4cccc(OC(F)(F)F)c4)n3n2)CC1.O=S(=O)(O)O,5.5,IC50,3162.28,nM,1
CHEMBL1079475,Cn1c(SCCCN2C[C@@H]3C[C@]3(c3ccc(C(F)(F)F)cc3)C2)nnc1-c1cncnc1,5.5,IC50,3162.28,nM,1
CHEMBL3670375,C[C@@]1(c2nc(NC(=O)c3ncc(C(F)(F)F)cc3Cl)ccc2F)CO[C@@](C)(C(F)(F)F)C(N)=N1,5.5,IC50,3200.0,nM,1
CHEMBL2207655,CC1(O)CN(S(=O)(=O)c2ccc3c(C(=O)NC[C@@H](O)CN4CCC(Oc5ccc(Cl)c(Cl)c5)CC4)c[nH]c(=O)c3c2)C1,5.5,IC50,3162.28,nM,1
CHEMBL5090595,CCC(=O)N(CC1(N2CCN(Cc3ccccc3)CC2)CCOC(C)(C)C1)c1cccc(C(F)(F)F)n1,5.5,IC50,3200.0,nM,1
CHEMBL470217,Cc1ccc2c(N3CCN(CCCc4cccc5c4OCC(=O)N5C)[C@H](C)C3)cc(F)cc2n1,5.5,Ki,3162.28,nM,1
CHEMBL1235110,Cc1cccc(Nc2nc(N[C@@H]3CCCC[C@@H]3N)ncc2C(N)=O)c1,5.5,IC50,3162.28,nM,1
CHEMBL4065307,CN(C/C=C/c1ccc(C(F)(F)F)cc1F)Cc1ccc2c(c1)OCCC2.Cl,5.5,IC50,3200.0,nM,1
CHEMBL1643361,Nc1nccc2cc(CNCCc3ccccc3)ccc12,5.5,Ki,3162.28,nM,1
CHEMBL2207658,O=C(NC[C@@H](O)CN1CCC(Oc2ccc(Cl)c(Cl)c2)CC1)c1c[nH]nc1C(F)(F)F,5.5,IC50,3162.28,nM,1
CHEMBL99371,N#Cc1ccc(Cn2cncc2CN[C@H]2CCN(c3ccncc3)C2=O)cc1,5.5,IC50,3200.0,nM,1
CHEMBL1271275,CCC(CC)NC(=O)CCc1cc(-c2cccc(C(F)(F)F)c2)nc(C#N)n1,5.5,Ki,3160.0,nM,1
CHEMBL1809053,COc1cc(N2CCOCC2)ccc1Nc1ncc(Cl)c(-c2cnc3ccccn23)n1,5.5,IC50,3200.0,nM,1
CHEMBL455675,CNCc1cc(F)c(Cl)cc1Oc1ccc(Cl)c(Cl)c1,5.49,IC50,3210.0,nM,1
CHEMBL4169479,O[C@H]1Cc2ccccc2C2(CCC(N3CCN(C4CCCCC4)CC3)CC2)O1,5.49,IC50,3207.0,nM,1
CHEMBL4205490,CCCCCCCCn1c(NC2CCN(CCc3ccc(OC)cc3)CC2)nc2ccccc21,5.49,IC50,3270.0,nM,1
CHEMBL1935574,Nc1nc(N2CCNCC2)c2ccc(-c3ccco3)cc2n1,5.49,Ki,3235.94,nM,1
CHEMBL3650848,CC1(C)Oc2ccc(NC(=O)c3ccc(Cl)cn3)cc2[C@@]2(COC(N)=N2)C12CC2,5.49,IC50,3250.0,nM,1
CHEMBL3927915,N#Cc1ccc(OCCCN2CC3CN(CCNS(=O)(=O)c4ccc(F)cc4F)CC(C2)O3)cc1,5.49,IC50,3235.94,nM,1
CHEMBL3609624,COc1cc(-c2cn(C3CCc4ccccc4N(CCF)C3=O)nn2)ccc1-n1cnc(C)c1,5.49,IC50,3220.0,nM,1
CHEMBL1836257,COc1ccc(CN2CCC(C#N)(CNC(=O)c3cc(CC(C)C)n(-c4ccccc4)n3)CC2)cc1,5.49,IC50,3210.0,nM,1
CHEMBL5088737,COc1cc(OC)cc(-c2nn(CCCCCN3CCN(C(=O)/C=C/C(F)(F)F)CC3)c3ncnc(N)c23)c1,5.49,IC50,3211.0,nM,1
CHEMBL1836148,COc1ccc(CN2CCC(C#N)(CNC(=O)c3cc(OC)cc(OC)c3)CC2)cc1,5.49,IC50,3210.0,nM,1
CHEMBL461571,Cc1c(C(=O)c2ccc(Cl)cc2)c2ccc(OC(F)(F)F)cc2n1Cc1cccc(O[C@H](C)C(=O)O)c1,5.49,IC50,3230.0,nM,1
CHEMBL3703298,NC1=NC2(CO1)c1cc(-c3cc(Cl)cnc3F)ccc1OCC21CC1,5.49,IC50,3250.0,nM,1
CHEMBL4062161,CCN1CCc2c(sc(NC(=O)Nc3ccc(Cl)cc3)c2C(N)=O)C1.Cl,5.49,IC50,3260.0,nM,1
CHEMBL1643513,CN[C@@H]1CCN(c2ccc(Cl)c(Cl)c2)c2ccccc21,5.49,IC50,3250.0,nM,1
CHEMBL192,CCCc1nn(C)c2c(=O)[nH]c(-c3cc(S(=O)(=O)N4CCN(C)CC4)ccc3OCC)nc12,5.48,IC50,3300.0,nM,1
CHEMBL4647327,CCOc1cc([C@](O)(CCN(C)C)[C@@H](c2cc3cc(Br)ccc3nc2OC)c2ccnc(OC)c2OC)cc(OC)n1,5.48,IC50,3300.0,nM,1
CHEMBL4567042,CCC(CC)CNc1c(C(N)=O)cnc2ccc(-c3ccc(C)nc3)cc12,5.48,IC50,3300.0,nM,1
CHEMBL247840,Cc1ccc(C2(O)CCN(C(C)C(O)c3ccc4c(c3)CCC(=O)N4)CC2)cc1,5.48,IC50,3300.0,nM,1
CHEMBL2164359,O=C(NCc1ccc(OC(F)(F)F)cc1)C1c2ccccc2C(=O)N1Cc1ccc(C(F)(F)F)cn1,5.48,IC50,3300.0,nM,1
CHEMBL3618331,O=c1c2cc(-c3ccc(Cl)cc3)cn2ncn1-c1ccc(N2CC(O)C2)nc1,5.48,IC50,3300.0,nM,1
CHEMBL3354718,NC1=N[C@@]2(CO1)c1cc(-c3cccnc3F)ccc1Oc1c(F)cc(C3=CCOCC3)cc12,5.48,Ki,3300.0,nM,1
CHEMBL4243933,CC(C)Cc1ccc2nn(C)cc2c1NS(=O)(=O)c1ccc(CCCO[C@@H]2C[C@H]3CC[C@@H](C2)N3C)cc1,5.48,IC50,3300.0,nM,1
CHEMBL3318942,CCOC[C@@H](CC(C)C)NC(=O)[C@@H]1CNC[C@H](C(=O)N(c2ccc(C(C)C)c(OCCCOC)n2)C2CC2)C1.Cl,5.48,IC50,3300.0,nM,1
CHEMBL501701,N=C(N)NC(=O)c1nc(Cl)c(N2CCCCCC2)nc1N,5.48,IC50,3300.0,nM,1
CHEMBL384000,CCN(CC)Cc1ccc2c(c1)CC[C@H](N1CCN(CCC3CCCCC3)CC1=O)C2,5.48,IC50,3300.0,nM,1
CHEMBL5778781,COc1cc(F)ccc1-n1cc(Cn2ccnc2C2CC2)nn1,5.48,IC50,3320.0,nM,1
CHEMBL596699,Cn1cnc(C(=O)N(Cc2ccc(F)c(C(F)(F)F)c2)[C@H]2C[C@H]3CNC[C@H]3C2)c1,5.48,Ki,3310.0,nM,1
CHEMBL384400,CCN(CC)Cc1ccc2c(c1)CC[C@H](N1CCN(CCc3ccc(Cl)cc3)CC1=O)C2,5.48,IC50,3300.0,nM,1
CHEMBL260259,COc1cc(Cl)ccc1O[C@@H](c1ccccc1)[C@@H]1CNCCO1,5.48,Ki,3300.0,nM,1
CHEMBL3608387,COc1c(-n2cnc(C)c2)ccc(-c2cn([C@H]3CCc4c(F)cccc4N(CC(F)(F)F)C3=O)nn2)c1F,5.48,Ki,3300.0,nM,1
CHEMBL4460762,CC1OC2(CCN(CCc3ccccc3)CC2)CN(c2cnccc2C(F)(F)F)C1=O,5.48,IC50,3300.0,nM,1
CHEMBL4472377,CC(=O)NCCN(CCc1ccc(Cl)cc1)C1CCN(c2nc(N)n[nH]2)CC1,5.48,IC50,3300.0,nM,1
CHEMBL3605021,NCC(O)COc1ccc2ncc(F)c(CCC34CCC(NCc5ccc6c(n5)NC(=O)CO6)(CC3)CO4)c2n1,5.48,IC50,3300.0,nM,1
CHEMBL5748389,CNC[C@@H](Cc1ccc(C)s1)c1ccc2ccccc2c1,5.48,IC50,3300.0,nM,1
CHEMBL1289726,CN1CCN=C1Cn1ncc2cc(-n3ccc(OCc4ccccc4)cc3=O)ccc21,5.48,IC50,3300.0,nM,1
CHEMBL550943,O=C(Nc1ccc(Cl)cc1CO)NC1CCN(Cc2ccn(-c3ccc(C(F)(F)F)cc3)c2)CC1,5.48,IC50,3330.0,nM,1
CHEMBL3752949,COc1ccc2ncc(F)c(CC(NS(C)(=O)=O)C34CCC(NCc5ccc6c(n5)NC(=O)CO6)(CC3)CO4)c2n1,5.48,IC50,3300.0,nM,1
CHEMBL597241,Clc1cnc2nc(N3CCN4CCC3CC4)oc2c1,5.48,IC50,3300.0,nM,1
CHEMBL2326479,COc1ccc(CN2CCc3cc4nc(N)sc4cc3CC2)cc1,5.48,IC50,3300.0,nM,1
CHEMBL4278321,C=CC(=O)N[C@H]1CCN(c2ccc(C(N)=O)c(Nc3ccc(N4CCCCC4)cc3)n2)C1,5.48,IC50,3300.0,nM,1
CHEMBL3330653,O=C(NOCCO)c1ncc2cncn2c1Nc1ccc(I)cc1F,5.48,IC50,3300.0,nM,1
CHEMBL3330654,C[C@H](O)CONC(=O)c1ncc2cncn2c1Nc1ccc(I)cc1F,5.48,IC50,3300.0,nM,1
CHEMBL458954,Cc1nc2c(Cl)cccc2c(=O)n1-c1ccc(OC2CCN(C3CCC3)CC2)cc1,5.48,IC50,3300.0,nM,1
CHEMBL240840,O=S(=O)(c1ccc(F)cc1)c1ccc(/C=C/c2ccc(F)cc2)cn1,5.48,Ki,3300.0,nM,1
CHEMBL3605019,N[C@@H]1CO[C@@H]1COc1ccc2ncc(F)c(CCC34CCC(NCc5ccc6c(n5)NC(=O)CO6)(CC3)CO4)c2n1,5.48,IC50,3300.0,nM,1
CHEMBL1950434,COc1cc(/C=C2\CCCN3C2=NO[C@]3(CO)c2ccc(F)cc2)ccc1-n1cnc(C)c1,5.48,IC50,3300.0,nM,1
CHEMBL1829636,O=C(CNC(=O)c1cccc(C(F)(F)F)c1)NC1CN([C@H]2CC[C@](F)(c3ccccc3)CC2)C1,5.48,IC50,3300.0,nM,1
CHEMBL4074914,CC[N+]1(C)Cc2sc(NC(=O)Nc3ccc(Cl)cc3)c(C(N)=O)c2C1.[I-],5.48,IC50,3290.0,nM,1
CHEMBL3904792,Cl.N=C(N)N/N=C/c1ccc(-c2ccc(/C=N/Nc3ccc(F)cc3)cc2)cc1,5.48,IC50,3290.0,nM,1
CHEMBL3986017,C[C@@H]1CC[C@@H]([C@@H](C)C(=O)Nc2ccc(Cl)c(-c3ccccn3)c2)c2nc(CN3CCOCC3)ccc21,5.48,IC50,3310.0,nM,1
CHEMBL1770720,O=C1Nc2ncccc2C2(CCN(C(=O)N[C@@H]3CC[C@@H](c4cccc(F)c4F)Cn4c(CC(F)(F)F)cnc43)CC2)O1,5.48,IC50,3300.0,nM,1
CHEMBL4088721,CN(Cc1ccc(C(F)(F)F)cc1)c1cc(C(=O)Nc2ccccc2)ncn1,5.48,IC50,3300.0,nM,1
CHEMBL3963243,Cn1c(SCCCN2CC[C@]3(C[C@@H]3c3ccc(C(F)(F)F)cc3)C2)nnc1C1CCN(C(N)=O)CC1,5.48,IC50,3311.31,nM,1
CHEMBL3544911,COc1cccc(OCCCN)c1-c1cc(Nc2cnc(C#N)cn2)n[nH]1,5.48,IC50,3300.0,nM,1
CHEMBL4114159,Cc1cnc2c(c1)nnn2-c1ccc(C(=O)N(c2ncccc2Cl)[C@@H]2CCCNC2)cc1,5.48,Ki,3300.0,nM,1
CHEMBL4104464,O=C(Cc1ccc(OCC[C@@H]2C[C@@H]2C2CCN(c3ncc(Cl)cn3)CC2)cc1F)N1CCC1,5.48,IC50,3300.0,nM,1
CHEMBL1173635,CC(C)Oc1ccc(S(C)(=O)=O)cc1C(=O)N1CCN(c2ccc(C#N)cc2F)CC1,5.48,IC50,3300.0,nM,1
CHEMBL4070965,O=C(Cc1ccc(OCC[C@@H]2C[C@@H]2C2CCN(c3ncc(Cl)cn3)CC2)cc1F)N1CCCCC1,5.48,IC50,3300.0,nM,1
CHEMBL1949930,COc1cc(OC(C)C)cc(S(=O)(=O)c2ccc3c(c2)O[C@H]2CNCC[C@@H]32)c1.Cl,5.48,IC50,3300.0,nM,1
CHEMBL3787417,O=C(c1cc(-c2ccccc2)on1)N1CCC(Oc2ccc(CN3CCCC3)cc2)CC1,5.48,IC50,3300.0,nM,1
CHEMBL2017105,CC(=O)NCCc1ccccc1-c1cc([C@H]2CNCC[C@]2(O)c2ccc(F)c(F)c2)no1,5.48,Ki,3300.0,nM,1
CHEMBL4062576,Cc1c([C@@H](O)CN2CCC3(CC2)CCN(c2ccc(-n4cnnn4)cn2)C3)ccc2c1COC2=O,5.48,IC50,3290.0,nM,1
CHEMBL4089640,COc1ccc(N2CCC3(CCN(C[C@H](O)c4ccc5c(c4C)COC5=O)CC3)C2)cn1,5.48,IC50,3300.0,nM,1
CHEMBL4209443,CCc1cc(C(=O)NC[C@H](C)N(CC)CC)cc(-c2cnn3ccc(-c4cccs4)nc23)n1,5.48,IC50,3280.0,nM,1
CHEMBL2017588,Cc1nc(N2CCC(O)CC2)nc2ccc(NC(=O)/C=C/c3ccc(OC(F)(F)F)cc3)cc12,5.48,IC50,3300.0,nM,1
CHEMBL4225190,CCOc1cc([C@H](c2cc3cc(C#N)ccc3cc2OC)[C@@](O)(CCN(C)C)c2cccc3ccoc23)cc(OCC)n1,5.48,IC50,3300.0,nM,1
CHEMBL11,CN(C)CCCN1c2ccccc2CCc2ccccc21,5.47,IC50,3388.44,nM,1
CHEMBL4248282,Cc1ccc([C@H](CCN2[C@@H]3CC[C@H]2C[C@H](n2c(C)nnc2C(C)C)C3)NC(=O)C2CCC(F)(F)CC2)s1,5.47,IC50,3380.0,nM,1
CHEMBL5886475,C[C@@H]1Cc2c([nH]c3ccccc23)[C@@H](c2cccc(OCCNCCCF)n2)N1CC(F)(F)F,5.47,IC50,3400.0,nM,1
CHEMBL3582342,CCn1cc([C@@]2(c3nn(CCN(C)C)c(=O)o3)N[C@@H](c3nc(-c4ccc(F)cn4)c[nH]3)Cc3c2[nH]c2ccccc32)cn1,5.47,IC50,3400.0,nM,1
CHEMBL4743530,Fc1ccc(-c2nc3c(N4CCNCC4)nccc3[nH]2)cc1F,5.47,IC50,3400.0,nM,1
CHEMBL4074997,CC[N+]1(C)CCc2c(sc(NC(=O)Nc3ccc(Cl)cc3)c2C(N)=O)C1.[I-],5.47,IC50,3380.0,nM,1
CHEMBL3903475,Cc1cn(-c2ccc(-c3cn(CC(=O)Nc4cccc(Cl)c4Cl)nn3)cc2F)cn1,5.47,IC50,3400.0,nM,1
CHEMBL1777878,CC#C[C@@H](c1ccc(Oc2ccc(C(F)(F)F)cc2OC(F)F)cc1)[C@H]1OC(=O)NC1=O,5.47,IC50,3400.0,nM,1
CHEMBL1935442,Fc1ccc(Cn2c([C@H]3CNCCO3)nc3ccccc32)cc1,5.47,IC50,3400.0,nM,1
CHEMBL472260,Cc1cccc(C)c1C(=O)N1CCC(N2CCC(N(Cc3ccccc3)C(=O)C3CCC3)CC2)CC1,5.47,IC50,3410.0,nM,1
CHEMBL4793885,COC(=O)N(C)c1c(N)nc(-n2nc(Cc3cc(F)ccc3F)c3ccccc32)nc1N,5.47,IC50,3400.0,nM,1
CHEMBL569832,CCNS(=O)(=O)c1ccc(-c2ccc(CCN3CCC[C@H]3C)cc2)cc1,5.47,IC50,3382.98,nM,1
CHEMBL4755755,C[C@@H](NC(=O)[C@H]1CN(C2CCCCC2)CC[C@@H]1NC(=O)c1cc(-c2ccc(F)cc2F)on1)c1ccccn1,5.47,IC50,3400.0,nM,1
CHEMBL3286735,Nc1ccc(-c2ccccc2)cc1NC(=O)c1ccc(N2CCC3(CC2)CNC(=O)O3)nc1,5.47,Ki,3400.0,nM,1
CHEMBL2059318,O=C1CCc2cc(F)ccc2N1CCCN1CCC(n2c(=O)[nH]c3ccccc32)CC1,5.47,IC50,3400.0,nM,1
CHEMBL2059324,O=C1COc2ccccc2N1CCCN1CCC(n2c(=O)[nH]c3c(F)cccc32)CC1,5.47,IC50,3400.0,nM,1
CHEMBL4793906,Nc1n[nH]c2cccc(C#Cc3cccc(NC(=O)c4ccc(N5CCOCC5)c(C(F)(F)F)c4)c3)c12,5.47,IC50,3405.0,nM,1
CHEMBL2086760,CCN1CCC(Nc2ccc3c(c2)C(=C(c2ccc(Cl)cc2)c2ncc[nH]2)C(=O)N3)CC1,5.47,IC50,3367.0,nM,1
CHEMBL223219,CN1CCN(Cc2ccc3c(c2)Cc2c(-c4csc(C#CCOc5cccnc5)c4)n[nH]c2-3)CC1,5.47,IC50,3390.0,nM,1
CHEMBL524171,O=S(=O)(c1ccc2c(c1)CCNCC2)N1CC(Oc2ccccc2Cl)C1,5.47,Ki,3410.0,nM,1
CHEMBL3794533,Cc1nc(-n2cnnn2)ccc1C(C)C(=O)N1CCN(CCc2ccc3c(c2C)COC3=O)CC1,5.47,IC50,3400.0,nM,1
CHEMBL455511,Cc1ccc(Oc2ccc(Cl)c(Cl)c2)c(CN(C)C)c1,5.47,IC50,3390.0,nM,1
CHEMBL4650360,COc1ccc(-c2c(-c3ccc(C#N)c(F)c3)nc(N3CCC(N)CC3)n(C)c2=O)cc1F.O=S(=O)(O)c1ccccc1,5.47,IC50,3400.0,nM,1
CHEMBL3408396,N#Cc1c(-c2ccccc2)cc(-c2ccccc2)nc1/N=C1\S/C(=C2\SC(C(=O)Nc3ccccc3)=NN2c2ccccc2)C(=O)N1c1ccccc1,5.47,IC50,3400.0,nM,1
CHEMBL5074927,CCC(=O)N(CC1(N2CC3CN(Cc4ccccc4)CC3C2)CCOCC1)c1cccc(C(F)(F)F)n1,5.47,IC50,3400.0,nM,1
CHEMBL5080761,CCCOCCN1CCN(C2(CN(C(=O)CC)c3cccc(C(F)(F)F)n3)CCOCC2)CC1,5.47,IC50,3400.0,nM,1
CHEMBL1835142,Cn1cc(-c2ccc3c(c2)[nH]c2c(C(N)=O)cnc(N[C@H](C4CC4)C(F)(F)F)c23)cn1,5.47,IC50,3400.0,nM,1
CHEMBL176459,CC[C@@H](C)[C@H](C(=O)O)N1C[C@H](CN2CCC(c3cc(Cc4ccc(OC5CCC5)cc4)nn3CC)CC2)[C@@H](c2cccc(F)c2)C1,5.47,Ki,3400.0,nM,1
CHEMBL1779547,Cc1c2c(n3c1CCCN1CCC[C@@H](C1)Nc1cc-3ccc1C(N)=O)CC(C)(C)CC2=O,5.47,IC50,3400.0,nM,1
CHEMBL4634696,COc1cc(C2=CC3=NO[C@H](c4cc(F)c(F)c(F)c4)CN3CCC2)ccc1-n1cnc(C)c1,5.47,IC50,3352.0,nM,1
CHEMBL490937,Fc1ccc(C2(c3ccc(F)cc3)CNC(c3cnccn3)=N2)cc1,5.47,IC50,3400.0,nM,1
CHEMBL2441428,O=C1OCc2cc(CCN3CCN(C(=O)Cc4ccc(-n5cnnn5)cc4)CC3)cc(Cl)c21,5.47,IC50,3400.0,nM,1
CHEMBL4645910,COc1cc([C@](O)(CCN(C)C)[C@@H](c2cc3cc(C#N)ccc3nc2OC)c2ccnc(OC)c2OC)cc(N(C)C)n1,5.47,IC50,3400.0,nM,1
CHEMBL2403849,Cc1cc(Nc2ncc(Cl)c(Nc3ccccc3S(=O)(=O)C(C)C)n2)c(OC(C)C)cc1C1CCN(C)CC1,5.47,IC50,3350.0,nM,1
CHEMBL1090175,COc1ccc2c(c1)CC(CCN(C)C)=C2[C@@H](C)c1cnccn1,5.47,IC50,3400.0,nM,1
CHEMBL4646247,Nc1nc(N2CCC(N(CCc3ccc(Cl)cc3)Cc3cc(F)ccc3F)CC2)n[nH]1,5.47,IC50,3400.0,nM,1
CHEMBL1951612,CC#CCn1c(N2CCCNCC2)c(C#N)c2c1c(=O)n(Cc1nccc3ccccc13)c(=O)n2C,5.47,IC50,3400.0,nM,1
CHEMBL4641530,COc1cc(-c2cncc(-c3ccc(C4=CCNCC4)cc3)c2C)cc(OC)c1OC,5.47,IC50,3400.0,nM,1
CHEMBL2376789,Nc1nc(N2CCNCC2)c2ccc(C3CCCC3)cc2n1,5.47,Ki,3388.44,nM,1
CHEMBL2016937,O[C@]1(c2ccc(F)c(F)c2)CCNC[C@@H]1c1cc(-c2ccc(F)cc2Cl)no1,5.47,Ki,3400.0,nM,1
CHEMBL467279,CCN1CCN(c2cc3[nH]c(S[C@]4(C)CC[C@@H](c5nnco5)CC4)nc3cc2Cl)CC1,5.47,IC50,3400.0,nM,1
CHEMBL1092574,COCCN(C)C(c1ccccc1)C(O)(c1cccnc1)c1cccnc1,5.46,IC50,3450.0,nM,1
CHEMBL528997,O=C([C@@H]1C[C@H]1c1ccc(C(F)(F)F)cc1)N1CCN(S(=O)(=O)c2cc(-c3cn[nH]n3)cc(C(F)(F)F)c2)CC1,5.46,IC50,3500.0,nM,1
CHEMBL4099186,O=C(Cc1ccc(OCC[C@@H]2C[C@@H]2C2CCN(c3ncc(Cl)cn3)CC2)c(F)c1)N1CCC1,5.46,IC50,3500.0,nM,1
CHEMBL3093970,CCCCN(CC)CC#CCc1ccc(C)cc1,5.46,IC50,3470.0,nM,1
CHEMBL3612801,CCOC(CN1CCN(CCc2ccc(C#N)c(OC)c2)CC1)c1ccc2c(c1C)COC2=O,5.46,IC50,3500.0,nM,1
CHEMBL444985,N#Cc1ccc2ccc(OCC3CCNCC3)cc2c1,5.46,Ki,3500.0,nM,1
CHEMBL393718,CCOc1cc(CN2CCC(Nc3nc4cc(S(N)(=O)=O)ccc4o3)CC2)ccc1OC,5.46,IC50,3500.0,nM,1
CHEMBL3703258,NC1=NC2(CO1)c1cc(-c3cncc(C4CC4)c3)ccc1OCC21CC1,5.46,IC50,3480.0,nM,1
CHEMBL1289097,CC(C)[C@@H](Nc1nc2cc[nH]c(=O)c2c2cc(F)ccc12)C(F)(F)F,5.46,IC50,3500.0,nM,1
CHEMBL448971,O=S(=O)(c1ccc2c(c1)CCNCC2)N1CC[C@@H](Oc2ccccc2Cl)C1,5.46,Ki,3430.0,nM,1
CHEMBL503270,CN(C)CCN1CCN(c2ncc3cc(-c4ccccc4)c(-c4ccc(CN5CCC(c6nnc(-c7ccc(N)nc7)[nH]6)CC5)cc4)nc3n2)CC1,5.46,IC50,3500.0,nM,1
CHEMBL5081133,CCC(=O)N(CC1(N2CCN(Cc3ccccc3)CC2)CC1)c1cccc(C(F)(F)F)n1,5.46,IC50,3500.0,nM,1
CHEMBL3289807,Nc1nc2ccc(NCC(F)(F)F)nc2n1CC(O)c1ccc(Cl)cc1Cl,5.46,IC50,3500.0,nM,1
CHEMBL204459,N[C@H](C(=O)N1CC(c2cc(F)ccc2F)=C[C@H]1c1ccccc1)C1CC1,5.46,IC50,3500.0,nM,1
CHEMBL2069511,CS(=O)(=O)N1CCC(C2N[C@@H](c3nc(-c4ccccc4)c[nH]3)Cc3c2[nH]c2ccccc32)CC1,5.46,IC50,3500.0,nM,1
CHEMBL5943322,Cc1ncc(OCCNCCCF)cc1[C@@H]1c2[nH]c3ccccc3c2C[C@@H](C)N1CC(F)(F)F,5.46,IC50,3500.0,nM,1
CHEMBL5974043,CCN(CCN1CCC(c2noc3cc(F)ccc23)CC1)C(=O)C(C)(C)CO,5.46,IC50,3500.0,nM,1
CHEMBL4759692,Cc1cc(-c2ccc3c(c2)-c2nnc(Oc4ccccc4Cl)n2CCO3)ccn1,5.46,IC50,3510.0,nM,1
CHEMBL1170790,O=C(c1ccc(Oc2cccc(F)c2)nc1)N1CCCN(C2CCC2)CC1,5.46,IC50,3500.0,nM,1
CHEMBL5966184,O=C(NCC1CCOCC1)c1n[nH]c2ccc(-c3cncc(CN4CCOCC4)c3)cc12,5.46,IC50,3500.0,nM,1
CHEMBL5998681,Cc1ccc(OCCNCCCF)nc1[C@@H]1c2[nH]c3ccccc3c2C[C@@H](C)N1CC(F)(F)F,5.46,IC50,3500.0,nM,1
CHEMBL567417,CCCC1(CC)Cc2c(CN3CCC4(CC3)CCN(C(=O)c3ccc(N)cn3)CC4)cccc2O1,5.46,IC50,3467.37,nM,1
CHEMBL1915540,CN[C@@H]1CCN(c2cc(NCC3CC3)nc(N)n2)C1,5.46,Ki,3467.37,nM,1
CHEMBL6045344,Cc1nnc(C(C)C)n1C1CC2CCC(C1)N2CC[C@H](NC(=O)C1CCCC1)c1ccsc1,5.46,IC50,3510.0,nM,1
CHEMBL5983169,Cc1sc([C@H](CCN2C3CCC2CC(n2c(C)nnc2C(C)C)C3)NC(=O)C2CCC(F)(F)CC2)c(C)c1C,5.46,IC50,3470.0,nM,1
CHEMBL4085169,NC(=O)c1c(NC(=O)Nc2ccc(Cl)cc2)sc2c1CC[N+]1(CCCC1)C2.[Br-],5.46,IC50,3510.0,nM,1
CHEMBL2336056,CCOC(=O)N1CCC(C)(CN2CC[C@H](N3C(=O)Cc4ccccc43)C2)CC1,5.46,IC50,3500.0,nM,1
CHEMBL567,OCCN1CCN(CCCN2c3ccccc3Sc3ccc(Cl)cc32)CC1,5.46,Ki,3454.1,nM,1
CHEMBL4546929,COC(C)(C)CN(CCc1ccc(Cl)cc1)C1CCN(c2nc(N)n[nH]2)CC1,5.46,IC50,3500.0,nM,1
CHEMBL4098403,C[C@@]1(c2cc(CNC3(C(F)(F)F)CC3)c(F)cc2F)CCSC(N)=N1,5.46,IC50,3500.0,nM,1
CHEMBL468302,CCN1CCN(c2cc3[nH]c(S[C@]4(C)CC[C@@H](NC(=O)OC)CC4)nc3cc2Cl)CC1,5.46,IC50,3500.0,nM,1
CHEMBL4554053,NC(=O)c1ccn(-c2cccc(OC(=O)NCCCN3CCN(c4ccccc4)CC3)c2)c1,5.46,IC50,3500.0,nM,1
CHEMBL1643512,N[C@@H]1CCN(c2ccc(Cl)c(Cl)c2)c2ccccc21,5.46,IC50,3500.0,nM,1
CHEMBL5892652,CC1(C)Oc2ccc(Cl)cc2C2OCC3(CCN(Cc4ncc[nH]4)CC3)CC21,5.46,IC50,3500.0,nM,1
CHEMBL2325985,NC1(C(=O)NC(Cc2ccccc2)c2ccc(Cl)cc2)CCN(c2ncnc3[nH]ccc23)CC1,5.46,IC50,3500.0,nM,1
CHEMBL4169823,COc1nc2ccc(/C=N/O)cc2cc1C(c1ccccc1)C(O)(CCN(C)C)c1cccc2ccccc12,5.46,IC50,3500.0,nM,1
CHEMBL3941307,Cn1cc(-c2ccc(F)c(C(F)(F)F)c2)nc1C1CCN(c2ncnc(N)c2C#N)CC1,5.46,IC50,3500.0,nM,1
CHEMBL3321871,CN1CCN(c2ccc3nc(Nc4ccc(Br)cn4)[nH]c3c2)CC1,5.46,IC50,3500.0,nM,1
CHEMBL3897772,Cn1c(SCCCN2CC[C@]3(C[C@@H]3c3ccc(C(F)(F)F)cc3)C2)nnc1C1=CC=NC(=O)C1,5.46,IC50,3467.37,nM,1
CHEMBL6030256,O=C(NCCN1CC=C(c2cccc(C(F)(F)F)n2)CC1)C1CCC(F)(F)CC1,5.46,IC50,3500.0,nM,1
CHEMBL3218647,Cc1ccccc1-c1nc2cn(-c3ccc(Cl)cc3)nc2c(=O)n1CC1CCCN(C(C)C)C1,5.46,IC50,3500.0,nM,1
CHEMBL3605143,CC(C)CCOc1ccc2ncc(F)c(CCC34CCC(NCc5ccc6c(n5)NC(=O)CO6)(CC3)CO4)c2n1,5.46,IC50,3500.0,nM,1
CHEMBL5831678,FC(F)c1ccc(CCN2CCC(Nc3ncnc4[nH]ncc34)C(F)(F)C2)cc1,5.46,IC50,3500.0,nM,1
CHEMBL560063,O=C(NCc1ccc(Cl)cc1Cl)C1CCN(Cc2ccn(-c3ccc(C(F)(F)F)cn3)c2)CC1,5.46,IC50,3500.0,nM,1
CHEMBL4094125,CC1(C(=O)N2CCC[C@@H](c3nc(-c4ccc(C(=O)Nc5cc(C(F)(F)F)ccn5)cc4)c4c(N)nccn34)C2)COC1,5.46,IC50,3500.0,nM,1
CHEMBL504479,COc1ccc(CC(C)(C)NCC(O)COc2ccccc2C#N)cc1,5.46,IC50,3500.0,nM,1
CHEMBL4075908,CCOC(=O)C1=C(CN2CCOCC2)NC(c2nncs2)=NC1c1ccc(F)cc1Br,5.46,IC50,3490.0,nM,1
CHEMBL2177113,NC1=NC(c2cccc(-c3cncnc3)c2)(c2ccnc(C3CC3)c2)c2cccc(F)c21,5.46,IC50,3500.0,nM,1
CHEMBL1914835,Cl.O=C(CCc1ccccc1)c1ccccc1OCC(O)CN1CCC(c2ccccc2)CC1,5.46,IC50,3460.0,nM,1
CHEMBL4244935,Cc1nnc(C(C)C)n1[C@@H]1C[C@H]2CC[C@@H](C1)N2CC[C@H](NC(=O)C1CCC(F)(F)CC1)c1cccs1,5.46,IC50,3500.0,nM,1
CHEMBL177033,CCn1nc(Cc2ccc(OC3CCC3)cc2)cc1C1CCN(C[C@H]2CN([C@@H](C(=O)O)C(C)(C)C)C[C@@H]2c2cccc(F)c2)CC1,5.46,Ki,3500.0,nM,1
CHEMBL1963280,O=C(CCc1ccccc1)c1ccccc1OCC(O)CN1CCC(c2ccccc2)CC1,5.46,IC50,3460.0,nM,1
CHEMBL562898,CCN(CC)C(=O)c1cc(C2=CC3(CCNCC3)Oc3ccccc32)cs1,5.46,IC50,3463.0,nM,1
CHEMBL2170225,Cc1cc(OCCN2CCOCC2)nn1-c1ccc(Cl)c(Cl)c1,5.46,IC50,3500.0,nM,1
CHEMBL551613,O=C(c1ccc(C2=CC3(CCNCC3)Oc3ccccc32)cc1)N1Cc2ccccc2C1,5.46,IC50,3501.0,nM,1
CHEMBL300907,CCc1cn(-c2ccc(F)cc2)c2ccc(Cl)cc12,5.46,IC50,3500.0,nM,1
CHEMBL4205724,COc1cncc(NC(C(=O)c2c[nH]c3ccccc23)c2ccccc2)c1,5.46,IC50,3500.0,nM,1
CHEMBL1091163,OC(c1cccnc1)(c1cccnc1)C(c1ccccc1)N1CCCOCC1,5.45,IC50,3550.0,nM,1
CHEMBL4554202,O=C(O)C1CCCCC1Nc1ccc(-c2ccc(-c3nc4cc(Cl)ccc4[nH]3)cn2)cn1,5.45,Ki,3560.0,nM,1
CHEMBL551347,Fc1ccc(Cn2c(N3CCC(n4cccn4)CC3)nc3ccccc32)cc1,5.45,Ki,3536.0,nM,1
CHEMBL387929,CN1CCN(Cc2ccc3c(c2)Cc2c(-c4csc(C#CCOc5ccc(Cl)cc5)c4)n[nH]c2-3)CC1,5.45,IC50,3590.0,nM,1
CHEMBL1771145,CC(C)c1cc(C#N)cc2nc(-c3ccc(C(=O)NC[C@H]4CN(c5ccc(-c6ccccc6OC(F)(F)F)cn5)C(=O)O4)cc3)oc12,5.45,IC50,3580.0,nM,1
CHEMBL3093967,CCCCCCCN(CC)CC#CCc1ccccc1,5.45,IC50,3543.0,nM,1
CHEMBL3609626,COc1cc(-c2cn(C3CCc4ccccc4N(CC(F)(F)F)C3=O)nn2)ccc1-n1cnc(C)c1,5.45,IC50,3560.0,nM,1
CHEMBL2408633,O=C(O)[C@H]1CC[C@H](Oc2ccc(-c3ccc(-c4nc5cc(Cl)ccc5[nH]4)cn3)cn2)CC1,5.45,Ki,3520.0,nM,1
CHEMBL4107559,Cc1cnc2c(c1)nnn2-c1ccc(C(=O)N(c2ncccc2Cl)[C@@H]2CCCNC2)nc1,5.44,IC50,3600.0,nM,1
CHEMBL523475,COc1ccc(CC(C)(C)NCC(O)COc2cccc(Cl)c2C#N)cc1,5.44,IC50,3600.0,nM,1
CHEMBL5786654,Nc1ccc(-c2cccs2)cc1NC(=O)c1ncc(N2CCNCC2)s1,5.44,IC50,3600.0,nM,1
CHEMBL6051199,COc1cc(F)c(OCCNCCCF)cc1[C@@H]1c2[nH]c3ccccc3c2C[C@@H](C)N1CC(F)(F)F,5.44,IC50,3600.0,nM,1
CHEMBL5089000,CCC(=O)N(CC1(N2CCN(Cc3ccccc3)CC2)CCSCC1)c1cccc(C(F)(F)F)n1,5.44,IC50,3600.0,nM,1
CHEMBL3919646,N[C@H]1CCCN(c2ccncc2Nc2ncc3ccc(-c4c(F)cccc4F)nn23)C1,5.44,IC50,3600.0,nM,1
CHEMBL3774684,COc1cccc(-c2c[nH]c([C@H]3Cc4c([nH]c5ccccc45)[C@](c4cnn(C)c4)(c4noc(C)n4)N3)n2)n1,5.44,IC50,3619.0,nM,1
CHEMBL3650827,N#Cc1ccc(C(=O)Nc2ccc3c(c2)C2(COC(N)=N2)C2(CC2)CO3)nc1,5.44,IC50,3650.0,nM,1
CHEMBL564380,C[C@@H]1CCCN1CCc1ccc(-c2ccc(S(=O)(=O)N3CCOCC3)cc2)cc1,5.44,IC50,3666.67,nM,1
CHEMBL2164037,COc1cccc2c1C(C(=O)NCc1ccc(OC(F)(F)F)cc1)N(CCc1ccccn1)C2=O,5.44,IC50,3600.0,nM,1
CHEMBL5398790,C[C@@H]1Cc2c([nH]c3ccccc23)[C@@H](c2cc(OCCNCCCF)ccc2F)N1CC(F)(F)F,5.44,IC50,3600.0,nM,1
CHEMBL3804846,O=C1N[C@H](c2cncc(C#Cc3ccccc3)c2)[C@@H](c2cc(F)ccc2F)O1,5.44,IC50,3600.0,nM,1
CHEMBL4528547,NC[C@H](Oc1noc2ccc(-c3ccccc3Cl)nc12)c1ccccc1,5.44,IC50,3600.0,nM,1
CHEMBL5091818,O=C(NCCN1CCCC1)c1cccn2c(=O)c3ccc4ccccc4c3nc12,5.44,IC50,3640.0,nM,1
CHEMBL5890912,CCN(CCN1CCC(c2noc3cc(F)ccc23)CC1)C(=O)CC(C)O,5.44,IC50,3600.0,nM,1
CHEMBL2010844,CN(C(=O)Cc1ccc(-n2cnnn2)cc1)[C@H]1CCN(Cc2ccc(C(F)(F)F)cc2)C[C@H]1F,5.44,IC50,3600.0,nM,1
CHEMBL4521403,COc1cc(C(O)(CCN(C)C)C(c2cc3cc(Br)ccc3nc2OC)c2ccnc(OC)c2OC)cnc1OC,5.44,IC50,3600.0,nM,1
CHEMBL4548199,C[C@H](Nc1c(C(N)=O)cnc2ccc(-c3cccnc3)cc12)C1CCOCC1,5.44,IC50,3600.0,nM,1
CHEMBL3608384,Cc1cn(-c2ccc(-c3cn([C@H]4CCc5c(F)cccc5N(CC(F)(F)F)C4=O)nn3)cc2)cn1,5.44,Ki,3600.0,nM,1
CHEMBL2376794,CNC1CN(c2nc(N)nc3cc(C4CC4)ccc23)C1,5.44,Ki,3630.78,nM,1
CHEMBL1258648,O=C1NCc2ccc(OCCCN3CCN(c4cccc5ccc(F)cc45)CC3)cc21,5.44,Ki,3610.0,nM,1
CHEMBL3970692,N#Cc1ccc(-c2ccc(C[C@@H](C#N)NC(=O)[C@@H]3CCCCC[C@@H]3N)cc2)cc1,5.44,IC50,3600.0,nM,1
CHEMBL1813472,Clc1ccc([C@@]23CCCC[C@@H]2CNC3)cc1Cl,5.44,IC50,3640.0,nM,1
CHEMBL1939739,O=C(Nc1cccc([C@@H](c2ccc(C(=O)N3CCC3)cc2)N2CCN(Cc3ccc(F)cc3)CC2)c1)C1CC1,5.44,IC50,3600.0,nM,1
CHEMBL4753141,CNC(=O)c1nn(C)c2ccc(Nc3nccc(-n4cc(CN(C)C)c(OC)n4)n3)cc12,5.44,IC50,3600.0,nM,1
CHEMBL2158625,CSc1nc(-c2cc(OCCN3CCCC3)c(Cl)cc2Cl)c2c(C#N)c[nH]c2n1,5.44,IC50,3640.0,nM,1
CHEMBL2326477,Nc1nc2cc3c(cc2s1)CCN(Cc1ccc(F)cc1)CC3,5.44,IC50,3600.0,nM,1
CHEMBL4762816,CN1CC2(CCN(CCc3ccccc3)CC2)OC2(CC2)C1=O,5.44,IC50,3600.0,nM,1
CHEMBL3289442,CCOC(=O)N1CCC(C)(CN2CCC3(CC2)CN(S(C)(=O)=O)c2ncccc23)CC1,5.44,IC50,3630.0,nM,1
CHEMBL562780,CN1C(=O)C=C[C@]2(C)[C@H]3CC[C@]4(C)[C@@H](O)/C(=C/c5cccnc5)C[C@H]4[C@@H]3CC[C@@H]12,5.44,Ki,3600.0,nM,1
CHEMBL3901211,Cc1ncoc1-c1nnc(SCCCN2CC[C@@]3(C[C@@H]3c3ccccc3)C2)n1C,5.44,IC50,3630.78,nM,1
CHEMBL3358005,C[C@@H]1CN(c2nc(C(F)(F)F)no2)CCN1c1ncc(OCc2ccc(S(C)(=O)=O)cc2F)cn1,5.44,IC50,3600.0,nM,1
CHEMBL3357996,C[C@@H]1CN(c2nnc(C(F)(F)F)o2)CCN1c1ncc(OCc2ccc(C#N)cc2C#N)cn1,5.44,IC50,3600.0,nM,1
CHEMBL3605014,NC1COCC1Oc1ccc2ncc(F)c(CCC34CCC(NCc5ccc6c(n5)NC(=O)CO6)(CC3)CO4)c2n1,5.44,IC50,3600.0,nM,1
CHEMBL3787614,Nc1ncnc2c1c(-c1cccc(OC[C@@H]3CCCO3)c1)cn2[C@H]1C[C@@H](CN2CCC2)C1,5.44,IC50,3600.0,nM,1
CHEMBL218790,O=C(/C=C/c1ccc(C(F)(F)F)cc1)N1CCC[C@H]1CN1CCCC1,5.43,IC50,3698.63,nM,1
CHEMBL4240867,CC(C)Cc1ccc2nn(C)cc2c1NS(=O)(=O)c1ccc(CCCCC2CCN(C)CC2)cc1,5.43,IC50,3700.0,nM,1
CHEMBL2017575,COc1cc(-c2cn(C3CC(C4CCCCC4)CCNC3=O)nn2)ccc1-n1cnc(C)c1,5.43,IC50,3680.0,nM,1
CHEMBL2381908,CC(C)CN1CCC(COc2ccc(NC(=O)Nc3cccnc3Oc3ccccc3C(C)(C)C)c(F)c2)CC1,5.43,IC50,3700.0,nM,1
CHEMBL1650844,OCC1(N2CCC(n3c(N4CC5CNCC5C4)nc4ccccc43)CC2)CCCCCCC1,5.43,Ki,3700.0,nM,1
CHEMBL6057860,CC(C)Oc1cc(CC[C@@H](C)N2Cc3cccc(F)c3C2)ccc1O,5.43,IC50,3700.0,nM,1
CHEMBL3650838,NC1=NC2(CO1)c1cc(-c3cncc4ccccc34)ccc1OC1(CCC1)C21COC1,5.43,IC50,3700.0,nM,1
CHEMBL380408,CC(C(=O)N[C@]1(c2ccccc2)CC[C@@H](N2CCN(c3ccccc3)C(=O)C2)CC1)c1cc(C(F)(F)F)cc(C(F)(F)F)c1,5.43,Ki,3706.0,nM,1
CHEMBL3934099,COc1c(Nc2ncc(Cl)c(Nc3ccccc3-n3cccn3)n2)ccc2c1CCCC(N1CCN(CCO)CC1)C2,5.43,IC50,3700.0,nM,1
CHEMBL493060,CC(C)(C)CCN1CCC(CNC(=O)C2(c3ccc(F)cc3)CCCCC2)CC1,5.43,IC50,3674.0,nM,1
CHEMBL461631,CNC(C)c1ccc(Cl)cc1Oc1ccc(C)cc1,5.43,IC50,3690.0,nM,1
CHEMBL1917511,CC(C)(C)c1cc(C(=O)Nc2nc(CN)cs2)n(Cc2ccccc2)n1,5.43,IC50,3700.0,nM,1
CHEMBL4795975,CNC(=O)c1nn(C)c2ccc(Nc3nccc(-n4cc(O[C@H]5CNC[C@H]5F)c(C)n4)n3)cc12,5.43,IC50,3700.0,nM,1
CHEMBL3814424,CN(C/C=C/c1ccc(C(F)(F)F)cc1)Cc1cccc2ccoc12.Cl,5.43,IC50,3710.0,nM,1
CHEMBL2031881,CNC(=O)c1ccc(-c2ccc3c(c2)CCN(CCN2CCCC2)C3=O)c(F)c1,5.43,IC50,3700.0,nM,1
CHEMBL3416025,NC(=O)c1nnc(N[C@@H]2CCCC[C@@H]2N)nc1Nc1cccc(-n2nccn2)c1,5.43,IC50,3700.0,nM,1
CHEMBL570274,C[C@@H]1CNCCN1c1ccc(=O)n(CCOc2ccccc2C(F)(F)F)n1,5.43,IC50,3700.0,nM,1
CHEMBL253869,Nc1ccc(-c2ccccc2)cc1NC(=O)c1ccc(CNC(=O)CCc2cccnc2)cc1,5.43,IC50,3700.0,nM,1
CHEMBL4461413,O=C(O)C1CCC(Nc2ccc(-c3ccc(-c4nc5cc(Cl)ccc5[nH]4)cn3)cn2)CC1,5.43,Ki,3750.0,nM,1
CHEMBL3393706,Fc1cccc(F)c1-c1ccc2[nH]nc(-c3cncc(O[C@H]4CNCCC45CC5)n3)c2c1,5.43,IC50,3700.0,nM,1
CHEMBL3582323,Cn1cc([C@@]2(c3noc(CN)n3)N[C@@H](c3nc(-c4ccc(F)cn4)c[nH]3)Cc3c2[nH]c2ccccc32)cn1,5.43,IC50,3700.0,nM,1
CHEMBL585664,CCO/N=C(/c1ccc(F)c(F)c1)c1ccc(CN2CCC3(CC2)OCc2cn(C)c(=O)cc23)cn1,5.43,IC50,3670.0,nM,1
CHEMBL4069225,COC[C@@](C)(N)c1nc(-c2ccc(OC(F)(F)F)cc2)c[nH]1,5.43,IC50,3700.0,nM,1
CHEMBL1834779,C=CCn1nc(NCC(=O)NC2CN([C@H]3CC[C@@H](C(=O)OCC)CC3)C2)c2cc(C(F)(F)F)ccc21,5.43,IC50,3700.0,nM,1
CHEMBL4635883,CC(C)c1cc(Nc2nc(N3CCC[C@H](N)C3)ncc2C(N)=O)cc(C(C)C)n1,5.43,IC50,3700.0,nM,1
CHEMBL1809062,COc1cc(N2CCN(CCO)CC2)ccc1Nc1ncc(Cl)c(-c2cnc3ccccn23)n1,5.43,IC50,3700.0,nM,1
CHEMBL4649081,Nc1nc(N2CCC(N(CCc3ccc(Cl)cc3)Cc3cccc(Cl)c3)CC2)n[nH]1,5.43,IC50,3700.0,nM,1
CHEMBL272493,CNCc1cc(C(=O)N(C)C)ccc1Oc1ccc(Cl)cc1C,5.43,Ki,3751.0,nM,1
CHEMBL3218649,COCCN1CCC[C@@H](Cn2c(-c3ccccc3C)nc3nc(-c4ccc(Cl)cc4)sc3c2=O)C1,5.43,IC50,3700.0,nM,1
CHEMBL2016776,Cc1nc(N2CCC(N3CCCC3=O)CC2)nc2ccc(NC(=O)COc3ccc(OC(F)(F)F)cc3)cc12,5.43,IC50,3700.0,nM,1
CHEMBL289469,CN1C2CCCC1CC(NC(=O)c1nn(C)c3ccccc13)C2,5.43,IC50,3715.35,nM,1
CHEMBL3416027,NC(=O)c1nnc(N[C@@H]2CCCC[C@@H]2N)nc1Nc1cccc2[nH]ccc12,5.43,IC50,3700.0,nM,1
CHEMBL4217428,O=C(Nc1ccc(OC(F)(F)F)cc1)c1cccc(CN2CCOCC2)c1,5.43,IC50,3700.0,nM,1
CHEMBL3605138,NC1(COc2ccc3ncc(F)c(CCC45CCC(NCc6ccc7c(n6)NC(=O)CO7)(CC4)CO5)c3n2)CC1,5.43,IC50,3700.0,nM,1
CHEMBL1922933,CCCCC[C@@H](Cc1ccc(C(=O)NCCC(=O)O)cc1)C(=O)c1cc2cc(Cl)ccc2n1-c1cccc(C(F)(F)F)c1,5.43,IC50,3700.0,nM,1
CHEMBL3124985,CCS(=O)(=O)c1ccc(-c2cnc(N)c(-c3ccc(C(F)(F)F)nc3)n2)cc1,5.43,IC50,3700.0,nM,1
CHEMBL5091051,O=C(NCCN1CCCCC1)c1cccn2c(=O)c3ccc4ccccc4c3nc12,5.43,IC50,3720.0,nM,1
CHEMBL1092598,C[C@H](C1=C(CCN(C)C)Cc2ccccc21)c1nccs1,5.43,IC50,3700.0,nM,1
CHEMBL2403316,O=c1ncn(Cc2c(F)cc(F)cc2F)c2ccc(Oc3ccccc3)cc12,5.43,IC50,3700.0,nM,1
CHEMBL4866325,Cc1cc(C)cc(-c2cncc(-c3nc4cc(F)ccc4[nH]3)c2N2CCC(N)CC2)c1,5.43,IC50,3700.0,nM,1
CHEMBL3759928,COc1cc(N)c(Cl)cc1C(=O)N[C@H]1CCN(CCC(=O)N2CCC(Cc3ccccc3)CC2)C[C@H]1OC,5.43,IC50,3701.0,nM,1
CHEMBL493757,O=S(=O)(c1ccc2c(c1)CCNCC2)N1CC(Oc2cccc(Cl)c2)C1,5.43,Ki,3690.0,nM,1
CHEMBL1761529,COCCCc1cc(CN(C(=O)[C@H]2CN(C(=O)OCc3oc(=O)oc3C)CC[C@@H]2c2ccc(OCCOc3c(Cl)cc(C)cc3Cl)cc2)C2CC2)cc(OC[C@H]2C[C@@H]2C(=O)O)c1,5.43,Ki,3700.0,nM,1
CHEMBL5834633,Cc1cc(Cn2cc(-c3ccc(Cl)cc3Cl)cn2)n(C)n1,5.42,IC50,3810.0,nM,1
CHEMBL5994735,COc1cncc(OC[C@]2(F)CCNC2)c1-c1cc(Nc2cnc(C#N)cn2)n[nH]1,5.42,IC50,3800.0,nM,1
CHEMBL5874010,COc1ccc(OCCNCCCF)cc1[C@@H]1c2[nH]c3ccccc3c2C[C@@H](C)N1CC(F)(F)F,5.42,IC50,3800.0,nM,1
CHEMBL3217125,Cl.Cl.Cl.Cn1cnc(C(=O)N(Cc2cccc(Cl)c2)[C@H]2CC[C@@H](N)CC2)c1,5.42,Ki,3760.0,nM,1
CHEMBL1644612,N#Cc1cc(O[C@@H]2C[C@H]3CC[C@@H](C2)N3)cc(-c2ncccc2C#N)c1,5.42,Ki,3802.0,nM,1
CHEMBL471399,CC(=O)N1CCC2(CCCN(c3ccc(C(=O)Nc4cc(-c5cccs5)ccc4N)cn3)C2)C1,5.42,Ki,3810.0,nM,1
CHEMBL488817,CC1(C)C[C@@H](CN2CCC(F)(CNC(=O)c3cc(Cl)cc(Cl)c3)CC2)CCO1,5.42,IC50,3790.0,nM,1
CHEMBL562873,CCN(CC)C(=O)c1ccc(C2=CC3(CCNCC3)Oc3ccccc32)cc1F,5.42,IC50,3794.0,nM,1
CHEMBL4090758,Cc1ccc(/C=C/CN(C)Cc2ccc3c(c2)OCCC3)cc1.Cl,5.42,IC50,3800.0,nM,1
CHEMBL4780292,COc1ccc2ncc(F)c(CC[C@]3(O)CC[C@H](NCc4ccc(Cl)c(Cl)c4)CC3)c2n1,5.42,IC50,3800.0,nM,1
CHEMBL487221,CNC(C)c1ccccc1Oc1ccc(Cl)c(Cl)c1,5.42,IC50,3850.0,nM,1
CHEMBL6055278,CNC[C@H](c1ccc(Cl)c(Cl)c1)[C@H](O)c1cccc(I)c1,5.42,IC50,3800.0,nM,1
CHEMBL4458847,O=C(O)C[C@H]1CC[C@@H](Oc2ccc(-c3ccc(-c4nc5c(F)cc(F)cc5[nH]4)cn3)cn2)CC1,5.42,Ki,3800.0,nM,1
CHEMBL1289214,CCC(O)(c1cn(Cc2ccc3c(-c4ccccc4)c(C(C)O)sc3c2)nn1)C(F)(F)F,5.42,Ki,3800.0,nM,1
CHEMBL5423660,Cc1c(OCCNCCCF)cccc1[C@@H]1c2[nH]c3ccccc3c2C[C@@H](C)N1CC(F)(F)F,5.42,IC50,3800.0,nM,1
CHEMBL5777854,Cc1ccc(-c2cnn(Cc3ccn(C)n3)c2)cc1F,5.42,IC50,3840.0,nM,1
CHEMBL453654,COc1ccc2nc(-c3ccc(OC4CCN(C5CCC5)CC4)cc3)n(C)c(=O)c2c1,5.42,IC50,3800.0,nM,1
CHEMBL4066553,CC1(COc2ccc(OC(F)(F)F)cc2)CCn2cc([N+](=O)[O-])nc2O1,5.42,IC50,3800.0,nM,1
CHEMBL4229191,COc1ccc2nccc(CCN3CCC(NCc4ccc5c(n4)NC(=O)CO5)CC3)c2c1,5.42,IC50,3800.0,nM,1
CHEMBL4070728,CCOC(=O)C1=C(CN2CCOCC2)NC(c2ccccn2)=NC1c1ccc(F)cc1Br,5.42,IC50,3800.0,nM,1
CHEMBL1813015,CC(=O)Nc1cccc(Nc2ncnc(N3CCc4ccccc4C3)n2)c1,5.42,IC50,3800.0,nM,1
CHEMBL4851754,COc1ccc(-c2ccc(C(=O)O)cc2C)cc1-c1cnc(N(C)C)nc1CN1C(=O)O[C@H](c2ccc(OC(F)(F)F)cc2)[C@@H]1C,5.42,IC50,3800.0,nM,1
CHEMBL1173017,c1ccc(N2CCN(CCCCCCN3CCN(c4ccnc5ccccc45)CC3)CC2)cc1,5.42,Ki,3800.0,nM,1
CHEMBL1172734,Cc1cccc(N2CCN(CCCCCCN3CCN(c4ccccc4)CC3)CC2)c1,5.42,Ki,3800.0,nM,1
CHEMBL4071345,COc1cc(N2CCC3(CCN(C[C@H](O)c4ccc5c(c4C)COC5=O)CC3)C2=O)ccn1,5.42,IC50,3800.0,nM,1
CHEMBL3359230,Cc1nc(-c2ccccc2)nc(OCCCN2CCCC2)c1Cl,5.42,IC50,3760.0,nM,1
CHEMBL1091834,O=C(NCc1ccc(F)cc1)N(c1ccc(Cl)cc1)C1CCN(Cc2ccncc2)CC1,5.42,IC50,3810.0,nM,1
CHEMBL4649473,CC1(C)CN(C(=O)Nc2cc(-c3cn(C4CCOCC4)c4cnccc34)ccn2)C1,5.42,IC50,3800.0,nM,1
CHEMBL1090176,COc1nccnc1[C@H](C)C1=C(CCN(C)C)Cc2cc(C)ccc21,5.42,IC50,3800.0,nM,1
CHEMBL3634813,Fc1ccc2c(C3CCN(CCCOc4ccc(-c5nc6ccccc6o5)cc4)CC3)noc2c1,5.42,IC50,3760.0,nM,1
CHEMBL3359750,CC(C)(C)COc1ccc2c(c1)[C@]1(COC(N)=N1)c1cc(-c3cncnc3)cnc1O2,5.42,Ki,3810.0,nM,1
CHEMBL3741292,O=[N+]([O-])c1ccc(S(=O)(=O)N2CCC(CN3CCC(c4noc5cc(F)ccc45)CC3)CC2)cc1,5.42,IC50,3810.2,nM,1
CHEMBL1829618,O=C(CNC(=O)c1cccc(C(F)(F)F)c1)NC1CN([C@H]2CC[C@H](c3cccnc3)CC2)C1,5.42,IC50,3800.0,nM,1
CHEMBL2177917,COc1c(C)cc(C2(c3cccc(-c4cncnc4)c3)N=C(N)c3c(F)cccc32)nc1C,5.42,IC50,3800.0,nM,1
CHEMBL209821,CC(=O)Nc1cccc(N2CCN(CCCCNS(=O)(=O)CC3CCCCC3)CC2)c1,5.42,IC50,3800.0,nM,1
CHEMBL3099947,O=C(Nc1ccc(O)cc1OC[C@@H](O)CN1CCC2(CC1)Cc1cc(F)ccc1O2)NC1CC1,5.42,IC50,3800.0,nM,1
CHEMBL3358925,Cc1ccc(F)cc1C(C)(C)CC(O)(Cc1cc2cc(-c3ccccc3)ncc2[nH]1)C(F)(F)F,5.42,IC50,3800.0,nM,1
CHEMBL176933,CC[C@H](C)[C@H](C(=O)O)N1C[C@H](CN2CCC(c3cc(Cc4ccc(OCC(F)(F)F)cc4)nn3CC)CC2)[C@@H](c2cccc(F)c2)C1,5.42,Ki,3800.0,nM,1
CHEMBL556247,CN1C[C@@H]2[C@H](C1)[C@H]2CN(Cc1cccc(OC(F)(F)F)c1)C(=O)c1cn(C)cn1,5.42,IC50,3800.0,nM,1
CHEMBL5875051,CNC[C@H](c1ccc(Cl)c(Cl)c1)[C@@H](O)c1cccc(I)c1,5.42,IC50,3800.0,nM,1
CHEMBL563779,COc1cccc2c1OC(c1ccc(OCCCN3CCC[C@@H]3C)cc1)C(C)S2(=O)=O,5.42,IC50,3800.0,nM,1
CHEMBL558052,O=C(NC1CCN(Cc2ccn(-c3ccc(C(F)(F)F)cc3)c2)CC1)NC(c1ccccc1)c1ccccc1,5.42,IC50,3800.0,nM,1
CHEMBL4787096,Cc1n[nH]cc1-c1cnc(N)c(O[C@@H](C)c2cc(F)ccc2-n2cccn2)c1,5.42,Ki,3800.0,nM,1
CHEMBL605744,Cn1cnc(C(=O)N(Cc2cccc(OC(F)(F)F)c2)[C@@H]2C[C@@H]3CN(CC(C)(C)O)C[C@@H]3C2)c1,5.42,Ki,3810.0,nM,1
CHEMBL4535897,CC1OC2(CCN(CCc3ccccc3)CC2)CN(c2cccnc2C(F)(F)F)C1=O,5.42,IC50,3800.0,nM,1
CHEMBL4089699,NC(=O)c1cnc(O[C@H]2CCCNC2)c2cc(-c3ccccc3)sc12,5.42,IC50,3800.0,nM,1
CHEMBL1779006,COc1cc(F)ccc1-c1cc(CNC2CCCC2)ccn1,5.42,IC50,3850.0,nM,1
CHEMBL4218103,Cn1cc(-c2ccc(OC3CCN(C(=O)Nc4ccc(OC(F)(F)F)cc4)CC3)c(C(N)=O)c2)cn1,5.42,IC50,3800.0,nM,1
CHEMBL1938433,O=C(/C=C/c1ccc2c(c1)C(=O)CC1(CCN(Cc3ccccc3)CC1)O2)NO,5.42,IC50,3810.0,nM,1
CHEMBL5959979,CCN(CCN1CCC(c2noc3cc(F)ccc23)CC1)C(=O)C1CN(C)CC1O,5.42,IC50,3800.0,nM,1
CHEMBL453996,c1ccc2cc(OCC3CCNCC3)ccc2c1,5.42,Ki,3800.0,nM,1
CHEMBL1645167,COC(=O)c1coc(CN2CCN(C(=O)CC(c3ccc(F)cc3)c3ccc(C(F)(F)F)cc3)CC2)n1,5.42,IC50,3830.0,nM,1
CHEMBL4227597,COc1cc2ccc(Br)cc2cc1[C@@H](c1ccccc1)[C@@](O)(CCN(C)C)c1cccc2c1CCC2,5.42,IC50,3800.0,nM,1
CHEMBL5074659,CCN(CC)CCNC(=O)c1cccn2c(=O)c3ccc4ccccc4c3nc12,5.42,IC50,3800.0,nM,1
CHEMBL5974706,COc1ccc(OCCNCCCF)c(F)c1[C@@H]1c2[nH]c3ccc(F)cc3c2C[C@@H](C)N1CC(F)(F)CO,5.41,IC50,3900.0,nM,1
CHEMBL1642258,COc1cc2c(cc1Nc1ncc(Cl)c(Nc3ccc(N4CCOCC4)cc3OC)n1)CCN(CC(=O)N(C)C)CC2,5.41,IC50,3900.0,nM,1
CHEMBL4781791,COC(=O)N(C)c1c(N)nc(-n2nc(Cc3c(F)ccc(F)c3F)c3cc(Cl)ccc32)nc1N,5.41,IC50,3900.0,nM,1
CHEMBL5952392,COc1ccc(OCCNCCCF)c(F)c1[C@@H]1c2[nH]c3ccccc3c2C[C@@H](C)N1CC(F)(F)CO,5.41,IC50,3900.0,nM,1
CHEMBL4520823,COc1cccc(C(c2cc3cc(Br)ccc3nc2OC)C(O)(CCN(C)C)c2cnc(C)cc2C)c1OC,5.41,IC50,3900.0,nM,1
CHEMBL4278050,CN(C/C=C/c1ccc(C(F)(F)F)cc1)Cc1ccc2c(c1)OCCO2.Cl,5.41,IC50,3900.0,nM,1
CHEMBL5087069,CNC(=O)c1c(-c2ccccc2)oc2ccc(O)c(CN3CCC4(COC4)C3)c12,5.41,IC50,3900.0,nM,1
CHEMBL594717,Cc1ccc(F)cc1CO[C@H]1CCc2ccc(N3CCNC[C@H]3C)nc21,5.41,IC50,3900.0,nM,1
CHEMBL458953,Cc1nc2cc(Cl)ccc2c(=O)n1-c1ccc(OC2CCN(C3CCC3)CC2)cc1,5.41,IC50,3900.0,nM,1
CHEMBL3109337,COCCOc1ccn2c(-c3ccc4cccc(O[C@@H]5CCNC[C@H]5F)c4n3)cnc2c1,5.41,IC50,3900.0,nM,1
CHEMBL2017099,O[C@]1(c2ccc(F)c(F)c2)CCNC[C@@H]1c1onc(-c2c(Cl)cccc2Cl)c1Br,5.41,Ki,3900.0,nM,1
CHEMBL652,O=C(NCC1CCCCN1)c1cc(OCC(F)(F)F)ccc1OCC(F)(F)F,5.41,IC50,3890.45,nM,1
CHEMBL401819,CNCc1cc(C(N)=O)ccc1Oc1ccc(Cl)cc1C,5.41,Ki,3866.0,nM,1
CHEMBL1683073,CO[C@@H]1COCC[C@@H]1N[C@@H]1CC[C@@](C(=O)N2CCN(c3cccc(C(F)(F)F)n3)CC2)(C(C)C)C1,5.41,IC50,3900.0,nM,1
CHEMBL3417066,Clc1ccc(Cn2cc(NCCN3CCCCCC3)nn2)cc1Cl,5.41,IC50,3900.0,nM,1
CHEMBL5954593,C[C@@H]1Cc2c([nH]c3ccccc23)[C@@H](c2cc(OCCNCCCF)ncc2F)N1CC(F)(F)F,5.41,IC50,3900.0,nM,1
CHEMBL466222,CCOC(=O)N1CCC(C)(Sc2nc3cc(Cl)c(N4CCN(CC)CC4)cc3[nH]2)CC1,5.41,IC50,3900.0,nM,1
CHEMBL147587,CCN(CC)Cc1ccc(Nc2ccnc3cc(Cl)ccc23)cc1O,5.41,IC50,3900.0,nM,1
CHEMBL479036,CC(C)c1nc2ccccc2c(=O)n1-c1ccc(OCCCN2CCCC2)cc1,5.41,IC50,3900.0,nM,1
CHEMBL240886,[O-][S+](c1ccccc1)c1ccc(/C=C/c2ccc(F)cc2)nc1,5.41,Ki,3900.0,nM,1
CHEMBL488912,CNCc1ccccc1Oc1ccc(Cl)c(Cl)c1,5.41,IC50,3880.0,nM,1
CHEMBL5953449,CC(C)n1c(N2CC[C@@H](N)C2)nc2c([N+](=O)[O-])c(Br)c(Br)cc21,5.41,IC50,3880.0,nM,1
CHEMBL2325216,C[n+]1c(C#Cc2ccccc2Cl)cccc1C#Cc1ccccc1Cl,5.41,IC50,3901.0,nM,1
CHEMBL2336057,CCOC(=O)N1CCC(O)(CN2CC[C@H](N3C(=O)Cc4ccccc43)C2)CC1,5.41,IC50,3900.0,nM,1
CHEMBL550535,O=C(NC1CCN(Cc2ccn(-c3ccc(C(F)(F)F)cc3)c2)CC1)N1CC(N2CCC(C(F)(F)F)CC2)C1,5.41,IC50,3870.0,nM,1
CHEMBL4744842,Cc1cc(-c2ccc3c(c2)-c2nnc(Cc4cccc(Cl)c4)n2CCO3)ccn1,5.41,IC50,3860.0,nM,1
CHEMBL1946016,CCN(CC)C(=O)c1ccc(C(=C2CCN(Cc3ccc(F)cc3)CC2)c2ccccn2)cc1,5.41,IC50,3900.0,nM,1
CHEMBL4759184,CC1OC2(CCN(CCc3ccccc3)CC2)CN(C(C)C)C1=O,5.41,IC50,3900.0,nM,1
CHEMBL152069,CC(=N)N1CCC(Oc2ccc(N(Cc3ccc4ccc(C(=N)N)cc4c3)S(C)(=O)=O)cc2)CC1,5.41,Ki,3900.0,nM,1
CHEMBL4208552,CC1=C[C@@](CF)(c2cc(NC(=O)c3ccc(C#N)cn3)ccc2F)N=C(N)O1,5.41,IC50,3900.0,nM,1
CHEMBL1289820,O=C1O[C@]2(CC[C@H](c3nc4cc(C(F)(F)F)ccc4[nH]3)CC2)CN1c1ccccc1,5.4,IC50,3981.07,nM,1
CHEMBL3416051,C=C(F)COc1ccc(Cl)cc1[C@H]1C[C@@H]1CN.Cl,5.4,IC50,3980.0,nM,1
CHEMBL4167669,CN(C)CCC(=O)N[C@H]1c2ccccc2C[C@@H]1NC(=O)c1cc2cc(F)c(F)cc2[nH]1,5.4,IC50,3981.07,nM,1
CHEMBL469345,Cc1ccc2c(N3CCN(CCc4cccc5c4OCC(=O)N5C)CC3)cccc2n1,5.4,Ki,3981.07,nM,1
CHEMBL1645462,Cc1c(NC(=O)OC[C@@H]2COCCN2)cn2ncnc(Nc3ccc4c(cnn4Cc4cccc(F)c4)c3)c12,5.4,IC50,4000.0,nM,1
CHEMBL4546378,C[C@@H]1OCC2(CCN(c3nc(N)c(Sc4cccc(Cl)c4Cl)c(=O)n3C)CC2)[C@@H]1N,5.4,IC50,4000.0,nM,1
CHEMBL5075517,O=C(NC1CNC1)c1cccn2c(=O)c3ccc4ccccc4c3nc12,5.4,IC50,3970.0,nM,1
CHEMBL3290012,O=S(=O)(NCCCCN1CCC(c2noc3cc(F)ccc23)CC1)c1cc2ccccc2s1,5.4,IC50,4000.0,nM,1
CHEMBL529214,O=C1CSC(c2cc(C(F)(F)F)cc(S(=O)(=O)N3CCN(C(=O)[C@@H]4C[C@H]4c4ccc(C(F)(F)F)cc4)CC3)c2)=N1,5.4,IC50,4000.0,nM,1
CHEMBL5775436,COc1ccc(OCCNCCCF)c(F)c1[C@@H]1c2[nH]c3ccccc3c2C[C@@H](C)N1CC1(F)CC1,5.4,IC50,4000.0,nM,1
CHEMBL4241707,COc1cc(OC)cc(C(=O)N[C@H]2CC[C@H](Nc3nc(C)cc(N(C)C)n3)CC2)c1,5.4,IC50,3981.07,nM,1
CHEMBL4521827,CN1CCOc2c1cnn1c(-c3ccc4ccnc(NC5CCCCC5)c4c3)nnc21,5.4,IC50,4000.0,nM,1
CHEMBL2170629,N#Cc1ccc(C(=O)N2CCC(c3ccc(C(=O)NC(=N)N)cc3C(F)(F)F)CC2)cc1,5.4,IC50,4000.0,nM,1
CHEMBL3979322,CN1CCN(c2ccccc2CNC(=O)c2ccc(F)c(NC(=O)c3cnc4cc(-c5ccnn5C)ccn34)c2)CC1,5.4,IC50,4000.0,nM,1
CHEMBL1289714,O=C1O[C@]2(CC[C@H](c3nc4cc(OC(F)(F)F)ccc4[nH]3)CC2)CN1c1cccc(F)n1,5.4,IC50,3981.07,nM,1
CHEMBL3958494,Cc1ncoc1-c1nnc(SCCCN2CC[C@]3(C[C@H]3c3ccccc3)C2)n1C,5.4,IC50,3981.07,nM,1
CHEMBL1951916,CCN(C(=O)Cc1ccc(S(C)(=O)=O)cc1)C1CCN(CC[C@@H](c2cc(C)cc(C)c2)C2CCN(S(C)(=O)=O)CC2)CC1,5.4,IC50,4000.0,nM,1
CHEMBL3128199,Nc1nc2c(s1)CC[C@H]2C(=O)Nc1ccc(C[C@@H]2CC[C@H]([C@H](O)c3cccc(F)c3)N2)cc1,5.4,IC50,4000.0,nM,1
CHEMBL2409310,CCOc1cc2ncc(C(N)=O)c(Nc3cccc(Cl)c3Cl)c2cc1C1CCN(C)CC1,5.4,IC50,4000.0,nM,1
CHEMBL1632206,CC(=O)Nc1cccc(CCN2CCN(c3cccc4nc(C)ccc34)CC2)c1,5.4,Ki,3981.07,nM,1
CHEMBL1290596,Cc1ccc2c(N3CCN(CCc4c(C)ccc5c4CCC(=O)N5)CC3)cccc2n1,5.4,Ki,3981.07,nM,1
CHEMBL3237558,NC(=O)c1nnc(N[C@@H]2CCCC[C@@H]2N)cc1Nc1cccc(C2CC2)n1,5.4,IC50,3981.07,nM,1
CHEMBL214983,O=C1CN(CCc2ccc(F)cc2)CCN1[C@H]1CCc2cc(Cn3ccnc3)ccc2C1,5.4,IC50,4000.0,nM,1
CHEMBL504699,Fc1ccc2c([C@@H]3CNCC[C@H]3F)c(-c3ccccc3)[nH]c2c1,5.4,Ki,4000.0,nM,1
CHEMBL1927161,COc1ccc2nccc([C@@H](O)CN3CCC(NCc4cc5c(cn4)OCCO5)CC3)c2n1,5.4,IC50,4000.0,nM,1
CHEMBL440272,Fc1ccc(C(OC2CC3CCC(C2)N3CC2CC2)c2ccc(F)cc2)cc1,5.4,IC50,3960.0,nM,1
CHEMBL1835065,Cc1cccc(Nc2nc(N[C@@H]3CCOC[C@@H]3N)ncc2C(N)=O)c1,5.4,IC50,3981.07,nM,1
CHEMBL3237574,CCCc1nc(Nc2cc(N[C@@H]3CCCC[C@@H]3N)nnc2C(N)=O)ccc1OC,5.4,IC50,3981.07,nM,1
CHEMBL242598,Cc1cc(-c2ccc3c(c2)CCN(CCCSc2nnc(C4CCOCC4)n2C)CC3)no1,5.4,IC50,3981.07,nM,1
CHEMBL1829609,O=C(CNC(=O)c1cccc(C(F)(F)F)c1)NC1CN([C@H]2CC[C@H](c3ccccc3)CC2)C1,5.4,IC50,4000.0,nM,1
CHEMBL49,O=C1CC2(CCCC2)CC(=O)N1CCCCN1CCN(c2ncccn2)CC1,5.4,IC50,3981.07,nM,1
CHEMBL469374,Cc1ccc2c(N3CCN(CCc4cccc5c4OCC(=O)N5C)CC3)cc(F)cc2n1,5.4,Ki,3981.07,nM,1
CHEMBL4435231,CNC(=O)[C@@H]1C[C@H](N2CCc3c(cccc3OCCc3ccccc3)C2)CN1C(=O)c1ccc(CN)c(OC)c1,5.4,IC50,4000.0,nM,1
CHEMBL1270268,N#Cc1nc(CCCNCC(N)=O)cc(-c2cccc(C(F)(F)F)c2)n1,5.4,Ki,3980.0,nM,1
CHEMBL272478,Cc1ccc2c(-c3nnc(SCCCN4CCc5cc6c(cc5CC4)C(=O)N(C(C)C)C6)n3C)cccc2n1,5.4,IC50,3981.07,nM,1
CHEMBL2147304,COc1ncc(-c2cccc(OC(F)F)c2CCNC(=O)c2ccc(OCCC(F)(F)F)nc2)cn1,5.4,IC50,3981.07,nM,1
CHEMBL2334606,COc1ccccc1N1CCN(C[C@@H](O)COc2ccc(C(F)(F)F)cc2)CC1,5.4,IC50,3950.0,nM,1
CHEMBL270852,Cc1ccc2c(-c3nnc(SCCCCN4CCc5cc6c(cc5CC4)C(=O)N(C(C)C)C6)n3C)cccc2n1,5.4,IC50,3981.07,nM,1
CHEMBL1801191,COC1CN(c2nnc(C)c3c(C)n(-c4ccc(Cl)cc4OC(F)(F)F)nc23)C1,5.4,IC50,4000.0,nM,1
CHEMBL2147223,COc1ncc(-c2cccc(Cl)c2CCNC(=O)c2ccc(OCCC(F)(F)F)nc2)cn1,5.4,IC50,3981.07,nM,1
CHEMBL1241824,Cc1ccc2c(N3CCN(CCc4cccc5c4OCc4c(C(=O)N(C)C)ncn4-5)CC3)cccc2n1,5.4,Ki,3981.07,nM,1
CHEMBL4641082,O=C(NCC1CCOCC1)c1n[nH]c2ccc(-c3cccc(F)c3F)cc12,5.4,IC50,4000.0,nM,1
CHEMBL4102566,c1ccc(-c2cc(NC3=NC[C@@]4(CN5CCC4CC5)O3)ncn2)cc1,5.4,IC50,4000.0,nM,1
CHEMBL2336331,C[C@@H]1CN(c2nc(N3CCOC[C@@H]3C)c3ccc(-c4ccccc4)nc3n2)C[C@H](C)O1,5.4,IC50,4000.0,nM,1
CHEMBL431732,CC(C(=O)N[C@]1(c2ccccc2)CC[C@@H](N2CCC(=O)CC2)CC1)c1cc(C(F)(F)F)cc(C(F)(F)F)c1,5.4,Ki,4000.0,nM,1
CHEMBL4076989,CC(C)CN(CCc1ccc(Cl)cc1)C1CCN(c2nc(N)n[nH]2)CC1,5.4,IC50,4000.0,nM,1
CHEMBL1289936,O=C1O[C@]2(CC[C@H](c3nc4cc(C(F)(F)F)ccc4[nH]3)CC2)CN1c1ccccn1,5.4,IC50,3981.07,nM,1
CHEMBL1835067,Cc1cccc(Nc2nc(N[C@@H]3COC[C@@H]3N)ncc2C(N)=O)c1,5.4,IC50,3981.07,nM,1
CHEMBL3237572,CC(C)C[C@H](CN)Nc1cc(Nc2cccc(C(C)(C)C)n2)c(C(N)=O)nn1,5.4,IC50,3981.07,nM,1
CHEMBL1771103,Cc1cnc(N2CCC([C@H]3C[C@H]3CCOc3nc(C)cc(C#N)n3)CC2)nc1,5.4,IC50,4000.0,nM,1
CHEMBL239744,O=C(c1ccc(Cl)cc1)N1CCN(c2ccc(OC3CCN(C4CCCC4)CC3)cc2)C(=O)C1.O=CO,5.4,IC50,3981.07,nM,1
CHEMBL3103191,CC(=O)Nc1cc(Nc2cc(NC3CC3)n3ncc(C#N)c3n2)ccc1N(C)CCN(C)C,5.4,IC50,4000.0,nM,1
CHEMBL2069416,Cc1nn(-c2ccccc2)nc1C(=O)N[C@@H]1COc2cccc(-c3ccncc3)c2C1,5.4,IC50,3981.07,nM,1
CHEMBL146998,N#Cc1ccccc1S(=O)(=O)C1CCN(CCc2ccc(F)cc2F)CC1,5.4,Ki,4000.0,nM,1
CHEMBL255158,Cc1ncccc1-c1nnc(SCCCN2CCc3ccc4oc(C(F)(F)F)nc4c3CC2)n1C,5.4,IC50,3981.07,nM,1
CHEMBL3699573,Cc1cc2nc(/C=C/c3ccccc3)n(Cc3ccc(Cl)cc3)c2cc1C,5.4,IC50,4000.0,nM,1
CHEMBL2420702,CNCc1cc(-c2cn(C)nc2-c2ccc(F)cc2)ccn1,5.4,IC50,3990.0,nM,1
CHEMBL271844,Cc1ccc2c(-c3nnc(SCCCN4CCc5cc6ncoc6cc5CC4)n3C)cccc2n1,5.4,IC50,3981.07,nM,1
CHEMBL4588384,Nc1n[nH]c(N2CCC(N3CCC[C@@H]3Cc3ccc(Cl)cc3)CC2)n1,5.4,IC50,4000.0,nM,1
CHEMBL1916533,COc1ccc2ncc(F)c(CCN3CCC(NCc4ccc5c(n4)NC(=O)CO5)CC3)c2n1,5.4,IC50,4000.0,nM,1
CHEMBL559780,Cc1nc2cc(N3CCN(CCN4Cc5ccccc5C4)C3=O)ccc2s1,5.4,IC50,3981.07,nM,1
CHEMBL4444105,CS(=O)(=O)c1ccc(-c2ccc3ncc(-c4cccc(S(C)(=O)=O)c4)n3n2)cc1,5.4,IC50,4000.0,nM,1
CHEMBL1084721,CC(O)c1ccccc1S(=O)(=O)c1ccc(/C=C/c2ccc(F)cc2)cc1,5.4,Ki,4000.0,nM,1
CHEMBL4634823,N#Cc1ccccc1Oc1ccc([C@H]2CC[C@@H](C(N)=O)N2)cc1,5.4,IC50,3981.07,nM,1
CHEMBL469724,Cc1nnc(C(C)C)n1C1CCN(C(C)C[C@H](NC(=O)C2CCC2)c2ccccc2)CC1,5.4,IC50,4000.0,nM,1
CHEMBL4778630,CN1CCN(C2CCN(c3nccc4[nH]c(-c5cc(F)cc(F)c5)cc34)CC2)CC1,5.4,IC50,4000.0,nM,1
CHEMBL559386,CC(C)Oc1cccc(N2CCN(CCN3Cc4ccccc4C3)C2=O)c1,5.4,IC50,3981.07,nM,1
CHEMBL256016,Cc1ncoc1-c1nnc(SCCCN2CCc3cc4nc(C(C)C)oc4cc3CC2)n1C,5.4,IC50,3981.07,nM,1
CHEMBL4632547,Nc1nc(N2CCC(N(CCc3ccc(Cl)cc3)Cc3ccc(F)cc3Cl)CC2)n[nH]1,5.4,IC50,4000.0,nM,1
CHEMBL3355624,C[S+]([O-])c1cccc(-c2ccc3ncc(-c4ccc(S(C)(=O)=O)cc4)n3n2)c1,5.4,IC50,4000.0,nM,1
CHEMBL4641455,NCc1ccc(-n2cc(-c3ccc4cc[nH]c4c3)c(C(F)(F)F)n2)cc1,5.4,IC50,4000.0,nM,1
CHEMBL2171016,Cc1c(Cl)ccc(OC2CCN(C3CCN(S(=O)(=O)NC(=O)c4ccccc4)CC3)CC2)c1Cl,5.4,IC50,3981.07,nM,1
CHEMBL3342773,O=C(O)[C@H]1CC[C@H](OC2CCN(c3ccc(-c4nc5cc(Cl)ccc5[nH]4)cn3)CC2)CC1,5.4,Ki,4000.0,nM,1
CHEMBL4646446,COc1cc([C@H]2CC[C@@H](C(N)=O)N2)ccc1OCc1ccccc1F,5.4,IC50,3981.07,nM,1
CHEMBL3355629,C[S+]([O-])c1ccc(-c2cnc3ccc(-c4cccc(S(C)(=O)=O)c4)nn23)cc1,5.4,IC50,4000.0,nM,1
CHEMBL559919,O=C1N(CCN2CCC(C(F)(F)F)CC2)CCN1c1cccc(OC(F)(F)F)c1,5.4,IC50,3981.07,nM,1
CHEMBL6009219,Cc1cccc(C2CCN(CCNC(=O)C3CCC(F)(F)CC3)CC2)n1,5.4,IC50,4000.0,nM,1
CHEMBL4634692,C[C@@H](Oc1ccc([C@H]2CC[C@@H](C(N)=O)N2)cc1)c1ccccc1,5.4,IC50,3981.07,nM,1
CHEMBL1092748,CC(C)N(C)[C@@H]1CC[C@H](N2CC[C@H](NC(=O)c3cc(C(F)(F)F)cc(C(F)(F)F)c3)C2=O)[C@H](CS(=O)(=O)c2ccccc2)C1,5.4,IC50,4000.0,nM,1
CHEMBL1290487,Cc1ccc2c(N3CCN(CCc4cccc5c4CCC(=O)N5C)CC3)cccc2n1,5.4,Ki,3981.07,nM,1
CHEMBL4457118,O=C(c1ccc(-c2ccc(F)c(F)c2)o1)N1CCN(Cc2ccc(OC3CCNCC3)c(Cl)c2)CC1,5.4,IC50,4000.0,nM,1
CHEMBL3936329,CN(C)CCn1cc(-c2ccc(F)c(C(F)(F)F)c2)nc1C1CCN(c2ncnc(N)c2C(N)=O)CC1,5.4,IC50,4000.0,nM,1
CHEMBL439065,Cc1nc2cc3c(cc2o1)CCN(CCCSc1nnc(-c2ccc(C(F)(F)F)cc2)n1C)CC3,5.4,IC50,3981.07,nM,1
CHEMBL562948,CN(CCN1CCN(c2ccccc2)C1=O)C[C@]12CC[C@H](CC1)C2(C)C,5.4,IC50,3981.07,nM,1
CHEMBL3237562,Cc1nc(Nc2cc(N[C@@H]3CCCC[C@@H]3N)nnc2C(N)=O)ccc1Cl,5.4,IC50,3981.07,nM,1
CHEMBL1800137,CC(C)(N)C(=O)N1CCn2c(nc(-c3ccc(F)cc3)c2Nc2ccc(F)cc2)C1,5.4,IC50,3950.0,nM,1
CHEMBL2023930,CCc1cc(NC(=O)c2ccccc2F)ccc1-c1nnc(NCCCN2CCCCC2)o1,5.4,IC50,3981.07,nM,1
CHEMBL2023925,Cc1cc(NC(=O)c2ccccc2F)ccc1-c1nnc(NCCCN2CCCCC2)o1,5.4,IC50,3981.07,nM,1
CHEMBL2023924,O=C(Nc1ccc(-c2nnc(NCCCN3CCCCC3)o2)c(Cl)c1)c1ccccc1F,5.4,IC50,3981.07,nM,1
CHEMBL1290612,CC(C)S(=O)(=O)N[C@H]1CN(C)C[C@@H]1c1ccc(-c2cccc(C(F)(F)F)c2)cc1,5.4,IC50,4000.0,nM,1
CHEMBL3115193,COc1ccccc1N1CCN(CCCC(C(=O)O)(c2ccc(Br)cc2)C(C)C)CC1,5.4,IC50,3960.0,nM,1
CHEMBL3353405,C=CC(=O)Nc1cc(Nc2ncc(Cl)c(-c3cnn4ccccc34)n2)c(OC)cc1N1CC(N(C)C)C1,5.4,IC50,4000.0,nM,1
CHEMBL2325215,C[n+]1c(C#Cc2cccc(Cl)c2)cccc1C#Cc1cccc(Cl)c1,5.4,IC50,4019.0,nM,1
CHEMBL1289048,Cc1ccc2c(N3CCN(CCc4c(C)ccc5c4ccc(=O)n5C)CC3)cccc2n1,5.4,Ki,3981.07,nM,1
CHEMBL2158838,O=C(O)[C@H](Cc1ccc(Cl)cc1)N1CCC(CN2CCC(Oc3ccc(Cl)c(Cl)c3)CC2)CC1,5.4,IC50,3981.07,nM,1
CHEMBL3218481,Cc1cnc(NC(=O)c2cc(Oc3ccc(C#N)cc3)c3cc(C)oc3c2)cn1,5.4,IC50,4000.0,nM,1
CHEMBL1289180,CC(C)S(=O)(=O)N[C@H]1CN(C)C[C@@H]1c1ccc(-c2ccsc2)cc1,5.4,IC50,4000.0,nM,1
CHEMBL559329,O=C(NC[C@H]1CCCC[C@H]1O)NC1CCN(Cc2ccn(-c3ccc(C(F)(F)F)cc3)c2)CC1,5.4,IC50,3960.0,nM,1
CHEMBL571221,CN1CCN(CCN2CCN(c3cccc(Cl)c3)C2=O)CC1,5.4,IC50,3981.07,nM,1
CHEMBL257524,CCc1nc2cc3c(c(C)c2o1)CCN(C(C)CCSc1nnc(-c2cccc4nc(C)ccc24)n1C)CC3,5.4,IC50,3981.07,nM,1
CHEMBL4776924,CCN1CC2(CCN(CCc3ccccc3F)CC2)O[C@H](C)C1=O,5.4,IC50,4000.0,nM,1
CHEMBL1762811,Clc1cccc2c(-c3nc(CN4CCOCC4)cs3)cn(CC3CCOCC3)c12,5.4,Ki,3981.07,nM,1
CHEMBL4864731,CCS(=O)(=O)c1ccc(C(NC(=O)Cc2ccccn2)C(=O)Nc2ccc(C(O)(C(F)(F)F)C(F)(F)F)cc2)nc1,5.39,IC50,4100.0,nM,1
CHEMBL6063379,CNC[C@H](c1ccc(Cl)c(Cl)c1)[C@H](O)c1ccccc1I,5.39,IC50,4100.0,nM,1
CHEMBL3093964,CCCCCCCN(CC)CC#Cc1ccc(Cl)cc1,5.39,IC50,4080.0,nM,1
CHEMBL5424734,Cc1ccc(OCCNCCCF)cc1[C@@H]1c2[nH]c3ccccc3c2C[C@@H](C)N1CC(F)(F)F,5.39,IC50,4100.0,nM,1
CHEMBL4102670,Cc1nc2n(c(=O)c1CCN1CCN(c3cccc4sccc34)CC1)CCCC2O,5.39,IC50,4050.0,nM,1
CHEMBL4062770,CCOC(=O)C1=C(CN2CCOCC2)NC(c2nccs2)=NC1c1ccccc1Cl,5.39,IC50,4040.0,nM,1
CHEMBL3775418,c1ccc(-c2c[nH]c([C@H]3Cc4c([nH]c5ccccc45)[C@@H](C4CCOCC4)N3)n2)nc1,5.39,IC50,4026.0,nM,1
CHEMBL1173077,Cc1cccc(N2CCN(CCCCCCN3CCN(c4cccc(C)n4)CC3)CC2)c1,5.39,Ki,4100.0,nM,1
CHEMBL5855181,C[C@@H]1Cc2c([nH]c3ccccc23)[C@@H](c2c(F)ccc(OCCNCCCF)c2F)N1CC(F)F,5.39,IC50,4100.0,nM,1
CHEMBL1813049,CC(=O)Nc1cccc(Nc2ncnc(N3CCC(Oc4ccc(C(F)(F)F)cc4)CC3)n2)c1C,5.39,IC50,4100.0,nM,1
CHEMBL5908705,COc1ccc(NCCNCCCF)cc1[C@@H]1c2[nH]c3ccccc3c2C[C@@H](C)N1CC(F)(F)F,5.39,IC50,4100.0,nM,1
CHEMBL2017412,COc1cc(-c2cn(CC(=O)NC3C4CC5CC(C4)CC3C5)nn2)ccc1-n1cnc(C)c1,5.39,IC50,4030.0,nM,1
CHEMBL4088719,CC(C)Oc1ccc(NC(=O)c2cc(N(C)Cc3ccc(F)cc3)ncn2)cc1,5.39,IC50,4100.0,nM,1
CHEMBL3903672,NCCCCN(Cc1nccc2c3ccccc3n(CCCN3CCNCC3)c12)[C@H]1CCCc2cccnc21,5.39,IC50,4100.0,nM,1
CHEMBL4534859,O=C(N1CCC(c2ccccc2)CC1)N(c1nccc2ccccc12)[C@@H]1CCCNC1,5.39,Ki,4100.0,nM,1
CHEMBL1083750,Cn1nccc1-c1cc(NC(=O)c2ccc(F)cc2F)ccc1OCCN1CCOCC1,5.39,IC50,4100.0,nM,1
CHEMBL3968881,COc1ccc(C(=O)Oc2cc(O)cc3oc(-c4ccc(OC)cc4)cc(=O)c23)cc1,5.39,IC50,4100.0,nM,1
CHEMBL1834784,CCOC(=O)[C@H]1CC[C@@H](N2CC(NC(=O)CNc3nn(C4CCCC4)c4ccc(C(F)(F)F)cc34)C2)CC1,5.39,IC50,4100.0,nM,1
CHEMBL2170232,CCOC(=O)N1CCN(CCOc2cc(C)n(-c3ccc(Cl)c(Cl)c3)n2)CC1,5.39,IC50,4100.0,nM,1
CHEMBL5967894,COc1ccc(OCCNCCCF)c(C)c1[C@@H]1c2[nH]c3ccccc3c2C[C@@H](C)N1CC(F)(F)F,5.39,IC50,4100.0,nM,1
CHEMBL5844582,CCN(CCN1CCC(C2NOc3cc(F)ccc32)CC1)C(=O)C(O)COC,5.39,IC50,4100.0,nM,1
CHEMBL4105353,NC(=O)c1ccc(N[C@H]2CCCNC2)c2cc(-c3ccc(Cl)cc3)[nH]c12,5.39,IC50,4100.0,nM,1
CHEMBL1085627,CC(=O)N1CCN(CCOc2ccc(NC(=O)c3cccc(F)c3)cc2-c2ccnn2C)CC1,5.39,IC50,4100.0,nM,1
CHEMBL4776009,CC(=O)N1CCN(CCCOCc2cc(C)n(-c3ccc(Cl)c(Cl)c3)n2)CC1,5.39,IC50,4084.0,nM,1
CHEMBL4794362,C[C@H](Oc1cc2cc(C(N)=O)ccc2nc1N)c1cc(F)c(F)cc1-n1cccn1,5.39,Ki,4100.0,nM,1
CHEMBL4515933,C[C@@H]1CCCN1CCCOc1ccc2c(c1)CC[C@H]1[C@@H]3[C@@H](C(=O)NCC4CC4)CC[C@@]3(C)CC[C@H]21,5.39,IC50,4100.0,nM,1
CHEMBL6003284,CNC[C@H](c1ccc(Cl)c(Cl)c1)[C@H](O)c1ccccc1SC,5.39,IC50,4100.0,nM,1
CHEMBL493677,CC(C)(C)CCN1CC[C@H](CNC(=O)c2cc(Cl)cc(Cl)c2)[C@H](F)C1,5.39,IC50,4114.0,nM,1
CHEMBL3218911,COc1ccc(-n2cc3nc(-c4cccnc4C)n(C[C@H]4CCCN(C[C@H]5CCCO5)C4)c(=O)c3n2)cc1,5.39,IC50,4100.0,nM,1
CHEMBL1829613,O=C(CNC(=O)c1cccc(C(F)(F)F)c1)NC1CN([C@H]2CC[C@H](c3ccc(O)cc3)CC2)C1,5.39,IC50,4100.0,nM,1
CHEMBL4096795,CC1(C)[C@H](Nc2c(C(N)=O)cnn3cc(-c4ccc(C#N)nc4)cc23)CC[C@]1(C)N,5.39,IC50,4100.0,nM,1
CHEMBL1270139,O=C(NO)c1cnc(N2C[C@H]3CN(Cc4ccc5ccccc5c4)C[C@H]3C2)nc1,5.39,IC50,4100.0,nM,1
CHEMBL4464262,O=C(O)C[C@H]1CC[C@H](OC2CCN(c3ccc(-c4nc5c(F)cc(F)cc5[nH]4)cn3)CC2)CC1,5.39,Ki,4100.0,nM,1
CHEMBL4788234,CC1(C)C(=O)Nc2nc(-n3nc(CCCC(F)(F)F)c4cc(Cl)ccc43)nc(N)c21,5.39,IC50,4100.0,nM,1
CHEMBL2334271,COc1cccc(N2CCN(C[C@H](O)COc3ccc(C(F)(F)F)cc3)CC2)c1,5.39,IC50,4080.0,nM,1
CHEMBL4466132,CCNC(=O)[C@H]1CC[C@@]2(C)CC[C@@H]3c4ccc(OCCCN5CCC[C@H]5C)cc4CC[C@H]3[C@H]12,5.39,IC50,4100.0,nM,1
CHEMBL5978682,CNCC(Cc1cccs1)c1ccc2ccccc2c1,5.39,IC50,4100.0,nM,1
CHEMBL4458575,O=C(O)C[C@H]1CCCN(C[C@@H](O)c2ccc(-c3noc(-c4onc(-c5ccccc5)c4C(F)(F)F)n3)cc2)C1,5.39,IC50,4100.0,nM,1
CHEMBL4452940,O=C(O)C[C@H]1CC[C@@H](Oc2ccc(-c3ccc(-c4nc5cc(C(F)(F)F)ccc5[nH]4)cn3)cn2)CC1,5.39,Ki,4100.0,nM,1
CHEMBL3609623,COc1cc(-c2cn(C3CCc4ccccc4N(C)C3=O)nn2)ccc1-n1cnc(C)c1,5.39,IC50,4060.0,nM,1
CHEMBL2347996,CC(C)(C)NC(=O)c1c[nH]c2ncc(-c3ncn4c3CCCC4)nc12,5.39,IC50,4100.0,nM,1
CHEMBL2337979,CC(C)(C)NC(=O)NCCN1CCCC(NC(=O)c2cc(Cl)cc(Cl)c2)C1,5.39,IC50,4100.0,nM,1
CHEMBL556927,O=C(NC1CCN(Cc2ccn(-c3ccc(C(F)(F)F)cc3)c2)CC1)NC(Cn1cccn1)c1ccccc1,5.39,IC50,4040.0,nM,1
CHEMBL6014765,CCN(CCN1CCC(c2noc3cc(F)ccc23)CC1)C(=O)C(O)C(C)C,5.38,IC50,4200.0,nM,1
CHEMBL562788,O=C(NCc1c(O)cc(Cl)cc1Cl)C1CCN(Cc2ccn(-c3ccc(C(F)(F)F)cc3)c2)CC1,5.38,IC50,4200.0,nM,1
CHEMBL5972799,C[C@@H]1Cc2c([nH]c3ccccc23)[C@@H](c2cc(OCCNCCCF)ccc2Cl)N1CC(F)(F)F,5.38,IC50,4200.0,nM,1
CHEMBL2010851,CN(C(=O)Cc1ccc(S(C)(=O)=O)cc1)[C@@H]1CCN(Cc2ccc(C(F)(F)F)cc2)C[C@@H]1F,5.38,IC50,4200.0,nM,1
CHEMBL570296,CCCNCc1ccc(CCn2ccc(OCc3ccc(F)cc3)cc2=O)cc1,5.38,IC50,4200.0,nM,1
CHEMBL1084583,CCOC(=O)c1cc(-c2ccc3cc(CCN4CCC[C@H]4C)ccc3n2)on1,5.38,Ki,4200.0,nM,1
CHEMBL566576,CS(=O)(=O)N(Cc1ccc2ccccc2c1)[C@@H]1CCNC1,5.38,Ki,4200.0,nM,1
CHEMBL1672352,CC(C)(C)Cc1c[nH]c(CC(C)(O)c2ccc(-c3ccc(F)cn3)cc2)n1,5.38,Ki,4200.0,nM,1
CHEMBL4212366,C[C@@H](C(=O)N1CCC(Oc2ccc(-c3cn(C)cn3)cc2C(N)=O)CC1)c1ccc(OC(F)(F)F)cc1,5.38,IC50,4200.0,nM,1
CHEMBL5791382,CC(C)n1c(NCC2CNCCO2)nc2c([N+](=O)[O-])c(Br)c(Br)cc21,5.38,IC50,4170.0,nM,1
CHEMBL3582318,Cc1nc([C@]2(c3cn[nH]c3)N[C@@H](c3nc(-c4ccc(F)cn4)c[nH]3)Cc3c2[nH]c2ccccc32)no1,5.38,IC50,4200.0,nM,1
CHEMBL5975525,C[C@@H]1Cc2c([nH]c3ccccc23)[C@@H](c2c(F)ccc(OCCNCCCF)c2F)N1CC1(F)CC1,5.38,IC50,4200.0,nM,1
CHEMBL1774023,O=C(Cc1ccc(Cl)cc1)N[C@H](Cc1ccc(Cl)cc1)C(=O)N[C@H]1C[C@H]2CC[C@@H](C1)N2,5.38,Ki,4168.69,nM,1
CHEMBL3664031,Nc1ccccc1NC(=O)c1cc2ccc(N3CCNCC3)cc2cn1,5.38,IC50,4200.0,nM,1
CHEMBL3954214,O=C(Nc1ccc(OC(F)(F)F)cc1)c1cnc(N2CC[C@H](O)C2)c(-c2cncnc2)c1,5.38,IC50,4200.0,nM,1
CHEMBL4101551,CN(Cc1ccc(F)cc1)c1cc(C(=O)Nc2nncs2)ncn1,5.38,IC50,4200.0,nM,1
CHEMBL2010838,CN(C(=O)Cc1ccc(-n2cnnn2)cc1)C1CCN(Cc2ccc(C(F)(F)F)cn2)CC1,5.38,IC50,4200.0,nM,1
CHEMBL4068707,CCOC(=O)C1=C(CN2CCOCC2)NC(c2ncc(OC)s2)=NC1c1ccc(F)cc1Br,5.38,IC50,4190.0,nM,1
CHEMBL2426288,COc1ccc(NC(=O)/C=C/CN(C)C)cc1Nc1ncc(Cl)c(-c2cnn3ccccc23)n1,5.38,IC50,4200.0,nM,1
CHEMBL1951431,CC(C)=CCn1c(N2CCC[C@H](N)C2)c(C#N)c2ncn(Cc3ccnc4ccccc34)c(=O)c21,5.38,IC50,4200.0,nM,1
CHEMBL4794847,COc1ccc2ncc(F)c(CC[C@@]3(O)CO[C@@H]4[C@@H](NCc5ccc(C)cc5)CO[C@@H]43)c2n1,5.38,IC50,4200.0,nM,1
CHEMBL4647217,Cc1cc(Cl)cc(-c2ccnc3cc(CN4C(=O)C5C(C4=O)C5(C)C)sc23)c1C[C@@H]1CNCCO1,5.38,IC50,4200.0,nM,1
CHEMBL5743400,C[C@@H]1Cc2c([nH]c3ccccc23)[C@@H](c2c(F)ccc(OCCNCCCF)c2Cl)N1CC(F)(F)CO,5.38,IC50,4200.0,nM,1
CHEMBL3787639,O=C(c1nnc(-c2ccc(OC(F)F)cc2)o1)N1CCC(Oc2ccc(CN3CCCC3)cc2)CC1,5.38,IC50,4200.0,nM,1
CHEMBL4071221,Cc1nsc(N2CCC3(CCN(C[C@H](O)c4ccc5c(c4C)COC5=O)CC3)C2)n1,5.38,IC50,4200.0,nM,1
CHEMBL272679,Cc1cc(C)n(-c2cc(NC(=O)CC3CCN(C)CC3)nc(-c3ccc(C)o3)n2)n1,5.38,IC50,4170.0,nM,1
CHEMBL1080485,CNC(=O)Cn1c(=O)n(C2CCN([C@H]3CC[C@@H](C(C)C)CC3)CC2)c2ccccc21,5.38,Ki,4200.0,nM,1
CHEMBL1084877,Cc1cc(C(F)(F)F)cc(-n2ncc(-c3ccc4cc(CCN5CCC[C@H]5C)ccc4n3)c2C)n1,5.38,Ki,4200.0,nM,1
CHEMBL4215300,CCN(CC)[C@@H](C)CNC(=O)c1cc(-c2cnn3ccc(-c4cccs4)nc23)nc(N2CC(OC)C2)c1,5.38,IC50,4160.0,nM,1
CHEMBL4162641,O=C(NC[C@@H]1[C@H]2CN(C(=O)/C=C/c3cc(Cl)cc(Cl)c3)C[C@@H]12)c1ccc2[nH]c(=O)oc2c1,5.38,IC50,4200.0,nM,1
CHEMBL1957795,CC(=O)NCCc1ccccc1-c1ccc([C@H]2CNCC[C@]2(O)c2ccc(F)c(F)c2)c(C)c1,5.38,IC50,4200.0,nM,1
CHEMBL551886,O=C(NC1CCN(Cc2ccn(-c3ccc(C(F)(F)F)cc3)c2)CC1)N1CCC(c2ccccc2O)CC1,5.38,IC50,4120.0,nM,1
CHEMBL240864,O=S(=O)(c1ccc(/C=C/c2ccncc2)nc1)c1ccccc1F,5.38,Ki,4200.0,nM,1
CHEMBL566324,CC1(C)Cc2cccc(CN3CCC4(CC3)CCN(C(=O)c3ncccc3N)CC4)c2O1,5.38,IC50,4168.69,nM,1
CHEMBL608151,CCOC[C@H]1[C@@H]2CNC[C@@]21c1ccc(Cl)c(Cl)c1,5.38,IC50,4200.0,nM,1
CHEMBL2347988,CC(C)(C)NC(=O)c1c[nH]c2ncc(-c3nn(CCC(O)CO)c4ccc(OC(F)F)cc34)nc12,5.38,IC50,4150.0,nM,1
CHEMBL4856218,N#Cc1ccc(CCN2CCC(Nc3nc4ccccc4n3Cc3ccc(C(=O)O)cc3)CC2)cc1,5.38,IC50,4160.0,nM,1
CHEMBL2017100,O[C@]1(c2ccc(F)c(F)c2)CCNC[C@@H]1c1onc(-c2cccc3ccccc23)c1Br,5.38,Ki,4200.0,nM,1
CHEMBL4453994,Cc1cc(Nc2nccc(-c3sc(C4CCNCC4)nc3C3CC3)n2)ccn1,5.38,IC50,4200.0,nM,1
CHEMBL6062980,CCN(CCN1CCC(c2c[nH]c3cc(F)ccc23)CC1)C(=O)[C@H](C)O,5.38,IC50,4200.0,nM,1
CHEMBL1813314,CN1C[C@H]2CCCC[C@@]2(c2ccc(Cl)c(Cl)c2)C1,5.38,IC50,4140.0,nM,1
CHEMBL1077638,CC(C)CN(C(=O)c1cccc(C(F)(F)F)c1Cl)[C@H]1CCNC1,5.38,IC50,4120.0,nM,1
CHEMBL5964913,CCC(C)C(NC(=O)C(Cc1ccccc1)NC(=O)C(CC(C)C)NC(=O)C(CCCNC(=N)N)NC(=O)C(NC(=O)C(C)NC(=O)C(CCC(=O)O)NC(=O)C(CCC(=O)O)NC(=O)C(CCC(=O)O)NC(=O)C(CCSC)NC(=O)C(CCC(N)=O)NC(=O)C(CCCCN)NC(=O)C(CO)NC(=O)C(CC(C)C)NC(=O)C(CC(=O)O)NC(=O)C(CO)NC(=O)C(NC(=O)C(Cc1ccccc1)NC(=O)C(NC(=O)CNC(=O)C(CCC(=O)O)NC(=O)CNC(=O)C(N)Cc1c[nH]cn1)C(C)O)C(C)O)C(C)C)C(=O)NC(CCC(=O)O)C(=O)NC(Cc1c[nH]c2ccccc12)C(=O)NC(CC(C)C)C(=O)NC(CCCCN)C(=O)NC(CC(N)=O)C(=O)NCC(=O)NCC(=O)N1CCCC1C(=O)NC(CO)C(=O)NC(CO)C(=O)NCC(=O)NC(C)C(=O)N1CCCC1C(=O)N1CCCC1C(=O)N1CCCC1C(=O)NC(CO)C(N)=O,5.37,IC50,4300.0,nM,1
CHEMBL2333608,CN1CCC(COCc2cc(C(F)(F)F)cc(C3(F)CC3)n2)(c2ccc(F)cc2)CC1,5.37,IC50,4300.0,nM,1
CHEMBL5978181,COc1ccc(OCCNCCCF)c(F)c1[C@@H]1c2[nH]c3ccccc3c2C[C@@H](C)N1CC(F)F,5.37,IC50,4300.0,nM,1
CHEMBL3613448,CC(C)[C@@H](CN1CCC(C)(c2cccc(F)c2)CC1)NC(=O)[C@H]1Cc2ccc(O)cc2CN1,5.37,Ki,4237.0,nM,1
CHEMBL1914844,Cc1ccc(N2CCN(CC(O)COc3ccccc3C(=O)CCc3ccccc3)CC2)cc1.Cl,5.37,IC50,4310.0,nM,1
CHEMBL498101,N#Cc1ccc2cc1Oc1ccc3c(c1)[C@@H](CC3)N1CC[C@H](NCc3cncn3C2)C1=O,5.37,IC50,4300.0,nM,1
CHEMBL5788221,C[C@@H]1Cc2c([nH]c3ccccc23)[C@@H](c2c(F)ccc(OCCN(C)CCCF)c2F)N1CC1(F)COC1,5.37,IC50,4300.0,nM,1
CHEMBL5969195,Cn1nccc1Cc1cn(-c2ccc(F)c(Cl)c2)nn1,5.37,IC50,4320.0,nM,1
CHEMBL3582325,CCc1nnc([C@]2(c3cnn(C)c3)N[C@@H](c3nc(-c4ccc(F)cn4)c[nH]3)Cc3c2[nH]c2ccccc32)o1,5.37,IC50,4300.0,nM,1
CHEMBL2036750,CCN1CCCC(CN2CCN(C(=O)Nc3ccc(Cl)c(Cl)c3)CC2)C1,5.37,IC50,4300.0,nM,1
CHEMBL5074163,Oc1ccc(-c2cc3c(CN4CCC5(COC5)C4)c(O)ccc3o2)cc1,5.37,IC50,4320.0,nM,1
CHEMBL3696121,Cc1cc2nc(CC3CC4CCC(C3)N4)n(Cc3ccc(Cl)cc3)c2cc1C,5.37,IC50,4300.0,nM,1
CHEMBL3321972,CN1CCC(c2ccc3nc(Nc4ccc(C(F)(F)F)cn4)[nH]c3c2)CC1,5.37,IC50,4300.0,nM,1
CHEMBL4169545,COc1nc2ccc(C)cc2cc1C(c1ccccc1)C(O)(CCN(C)C)c1cccc2ccccc12,5.37,IC50,4300.0,nM,1
CHEMBL2164361,CC(C)(Cc1ccccn1)N1C(=O)c2ccccc2C1C(=O)NCc1ccc(OC(F)(F)F)cc1,5.37,IC50,4300.0,nM,1
CHEMBL3703304,CC#Cc1cncc(-c2cc3c(cc2F)OCC2(CC2)C32COC(N)=N2)c1,5.37,IC50,4320.0,nM,1
CHEMBL1822302,O=C(NCC1(N2CCOCC2)CCCCC1)N1CCC(c2nc(-c3ccc4ccccc4n3)no2)CC1,5.37,IC50,4300.0,nM,1
CHEMBL1649912,Cc1nc(C(C)C)n([C@H]2C[C@H]3CC[C@@H](C2)N3CC[C@H](NC(=O)C2CCC(F)(F)CC2)c2ccccc2)n1,5.37,IC50,4230.0,nM,1
CHEMBL4634867,O=C(NCC1CCOC1)c1n[nH]c2ccc(-c3cccc(F)c3F)cc12,5.37,IC50,4300.0,nM,1
CHEMBL5926652,C[C@@H]1Cc2c([nH]c3ccccc23)[C@@H](c2ccnc(OCCNCCCF)c2Cl)N1CC(F)(F)CO,5.37,IC50,4300.0,nM,1
CHEMBL1963594,Cc1ccc(N2CCN(CC(O)COc3ccccc3C(=O)CCc3ccccc3)CC2)cc1,5.37,IC50,4310.0,nM,1
CHEMBL1951597,Cn1c(=O)c2c(c(C#N)c(N3CCC[C@H](N)C3)n2Cc2ccccc2)n(C)c1=O,5.37,IC50,4300.0,nM,1
CHEMBL454879,COc1ccc2c(=O)n(C)c(-c3ccc(OC4CCN(C5CCC5)CC4)cc3)nc2c1,5.37,IC50,4300.0,nM,1
CHEMBL1809076,COc1ccc(N2CCN(C(C)=O)CC2)cc1Nc1ncc(Cl)c(-c2cnc3ccccn23)n1,5.37,IC50,4300.0,nM,1
CHEMBL3650830,NC1=NC2(c3cc(-c4cncnc4)ccc3OCC23CC3)c2cccc(F)c21,5.37,IC50,4250.0,nM,1
CHEMBL4777282,FC(F)Oc1ccc(-c2nnc3cncc(OCCC45C6C7C8C6C4C8C75)n23)cc1,5.37,IC50,4260.0,nM,1
CHEMBL5800878,CC(C)N(CCN1CCC(c2noc3cc(F)ccc23)CC1)C(=O)CCO,5.37,IC50,4300.0,nM,1
CHEMBL5756427,CN(C)C[C@H](c1ccc2ccccc2c1)[C@H](O)c1ccccc1,5.37,IC50,4300.0,nM,1
CHEMBL3353406,C=CC(=O)Nc1cc(Nc2ncc(C#N)c(-c3cn(C)c4ccccc34)n2)c(OC)cc1N(C)CCN(C)C,5.37,IC50,4300.0,nM,1
CHEMBL556183,CCc1oc(CCc2cc(N3CCOCC3)cc(NCC#N)n2)nc1C,5.37,IC50,4300.0,nM,1
CHEMBL4217431,Cl.Cl.FCCOc1cccc(CCN2CCN(CCc3ccccc3)CC2)c1,5.37,IC50,4310.0,nM,1
CHEMBL4103954,C[C@H]1CC[C@@H](c2nc(-c3ccc(C(=O)Nc4cc(C(F)(F)F)ccn4)cc3F)c3c(N)nccn23)CN1C(=O)C1CC1,5.37,IC50,4300.0,nM,1
CHEMBL5927490,Cc1c([C@@H]2c3[nH]c4ccccc4c3C[C@@H](C)N2CC(F)(F)CO)ccnc1OCCNCCCF,5.37,IC50,4300.0,nM,1
CHEMBL562478,CCN(CC)C(=O)c1ccc(C2=CC3(CCNCC3)Oc3ccccc32)c(C)c1,5.37,IC50,4243.0,nM,1
CHEMBL3422763,COc1ccc2ncc(OC)c(CCC34CCC(NCc5ccc6c(n5)NC(=O)CO6)(CC3)CO4)c2n1,5.37,IC50,4260.0,nM,1
CHEMBL1684059,CC(N(C)C)C1(c2ccc3ccccc3c2)CCCCC1.Cl,5.37,IC50,4300.0,nM,1
CHEMBL4799011,Cl.OCCC/C(=C(\c1ccc(O)cc1)c1ccc(C2CCN(C3CC3)C2)cc1)c1ccccc1,5.37,IC50,4300.0,nM,1
CHEMBL4205471,CS(=O)(=O)c1ccc(N2CCC(F)(F)CC2)c(C(=O)N2Cc3cn(-c4ccccc4F)nc3C2)c1,5.37,IC50,4300.0,nM,1
CHEMBL2207747,CC(=O)NC1CC2CCC(C1)N2CCc1ccc(Oc2nc3ncccc3s2)cc1,5.37,IC50,4300.0,nM,1
CHEMBL4544394,C[C@@H](Nc1c(C(N)=O)cnc2ccc(-c3cccnc3)cc12)C1CCOCC1,5.37,IC50,4300.0,nM,1
CHEMBL3673194,NC1=N[C@@]2(c3cc(CNCC(F)(F)F)c(F)cc3F)CO[C@@H](CF)C[C@H]2CS1,5.37,IC50,4300.0,nM,1
CHEMBL247688,COC(C)(C)CCOc1ccc(CN2CCC(NC(=O)c3cc(=O)c4ccc(F)cc4o3)CC2)cc1,5.37,IC50,4300.0,nM,1
CHEMBL1684055,CC(N(C)C)C1(c2ccc3ccccc3c2)CCCCC1,5.37,IC50,4300.0,nM,1
CHEMBL5806532,COc1ccc(OCCNCCCF)c(F)c1[C@@H]1c2[nH]c3ccccc3c2C[C@@H](C)N1CC(F)(F)F,5.37,IC50,4300.0,nM,1
CHEMBL2147022,Cc1cc(C#N)ccc1-c1ccnc(NCc2n[nH]c3nc(N)ccc23)c1,5.37,IC50,4300.0,nM,1
CHEMBL1802906,Cn1cc(-c2cnc3ccc4ccc(NS(N)(=O)=O)cc4c(=O)c3c2)cn1,5.37,IC50,4300.0,nM,1
CHEMBL6041679,Cn1ccc(Cn2cc(-c3ccc(C(F)(F)F)cc3)cn2)n1,5.37,IC50,4250.0,nM,1
CHEMBL5994098,CCc1ccccc1[C@@H](O)[C@H](CNC)c1ccc(Cl)c(Cl)c1,5.36,IC50,4400.0,nM,1
CHEMBL5796179,COc1cc(CCC(C)(C)N2Cc3ccc(F)cc3C2)ccc1OC(=O)N(C)C,5.36,IC50,4400.0,nM,1
CHEMBL4066339,O=C(O)C[C@@H]1COC2(CCN(c3ccc(-c4nc5cc(C(F)(F)F)ccc5[nH]4)cn3)CC2)C1,5.36,IC50,4400.0,nM,1
CHEMBL255645,CC1(N2CCC(N(c3ccccc3)c3cccnc3)CC2)CCN(C(=O)c2c(Cl)c[n+]([O-])cc2Cl)CC1,5.36,IC50,4400.0,nM,1
CHEMBL1082773,O=S(=O)(c1ccccc1)c1ccc(/C=C/c2ccc(F)cc2F)cc1,5.36,Ki,4342.0,nM,1
CHEMBL5912040,C[C@@H]1Cc2c([nH]c3c(F)cccc23)[C@@H](c2c(F)ccc(OCCNCCCF)c2F)N1CC(F)(F)CO,5.36,IC50,4400.0,nM,1
CHEMBL1951614,CC#CCn1c(N2CCCNCC2)c(C#N)c2c1c(=O)n(Cc1c(C#N)cnc3ccccc13)c(=O)n2C,5.36,IC50,4400.0,nM,1
CHEMBL1910314,Cn1ncnc1Cn1cc(CN(C(=O)[C@H]2CNCC[C@]2(O)c2ccc(F)c(F)c2)C2CC2)c2c(F)cccc21,5.36,Ki,4400.0,nM,1
CHEMBL4440077,Nc1n[nH]c(N2CCC(N(CCc3ccc(Cl)cc3)C3COC3)CC2)n1,5.36,IC50,4400.0,nM,1
CHEMBL463585,CCCCC1(c2ccc3[nH]ccc3c2)CCNC1,5.36,IC50,4400.0,nM,1
CHEMBL1289215,CCC(O)(c1cn(Cc2ccc3c(-c4ccccc4)c(C(C)=O)sc3c2)nn1)C(F)(F)F,5.36,Ki,4400.0,nM,1
CHEMBL5400175,C[C@@H]1Cc2c([nH]c3ccccc23)[C@@H](c2cccc(OCCNCCCF)c2)N1CC1(F)COC1,5.36,IC50,4400.0,nM,1
CHEMBL569628,COc1ccc(CCN2C(=O)N(NS(=O)(=O)Cc3ccccc3)C[C@@H]2c2ccc(OC)cc2)cc1,5.36,IC50,4400.0,nM,1
CHEMBL466448,CCN1CCN(c2cc3[nH]c(S[C@]4(C)CC[C@@H](c5nnn(C)n5)CC4)nc3cc2Cl)CC1,5.36,IC50,4400.0,nM,1
CHEMBL4784517,C[C@H](Oc1cc2cc(F)ccc2nc1N)c1cc(F)c(F)cc1-n1cccn1,5.36,Ki,4400.0,nM,1
CHEMBL3774986,c1ccc2c3c([nH]c2c1)[C@@H](C1CCOCC1)N[C@@H](c1nc(-c2cscn2)c[nH]1)C3,5.36,IC50,4393.0,nM,1
CHEMBL3330650,O=C(NOCCO)c1ccc2cncn2c1Nc1ccc(I)cc1F,5.36,IC50,4400.0,nM,1
CHEMBL3093974,CCCCCCCN(CC)CC#CCCc1ccccc1,5.36,IC50,4394.0,nM,1
CHEMBL4519008,COc1cc([C@](O)(CCN(C)C)[C@@H](c2cc3cc(C#N)ccc3nc2OC)c2cccc3c2OCCO3)cc(OC)n1,5.36,IC50,4400.0,nM,1
CHEMBL2325211,C[n+]1c(C#CC2CCCCC2)cccc1C#CC1CCCCC1,5.36,IC50,4340.0,nM,1
CHEMBL497048,CN1Cc2cncn2Cc2ccc(C#N)c(c2)Oc2ccc3cccc(c3c2)N2CC[C@H]1C2=O,5.36,IC50,4400.0,nM,1
CHEMBL3112960,NC[C@]1(c2cccc(Cl)c2)CC[C@H](n2nc(-c3cccnc3)ccc2=O)CC1,5.36,IC50,4400.0,nM,1
CHEMBL256818,CNCc1ccccc1Oc1ccc(Cl)cc1OC,5.36,Ki,4380.0,nM,1
CHEMBL1813317,CCN1C[C@@H]2CCCC[C@]2(c2ccc(Cl)c(Cl)c2)C1,5.36,IC50,4330.0,nM,1
CHEMBL1084314,Cc1n[nH]cc1-c1ccc2cc(CCN3CCC[C@H]3C)ccc2n1,5.36,Ki,4400.0,nM,1
CHEMBL3909873,O=C(N1CCN(Cc2ccc3c(c2)OCO3)CC1)N1CCSc2ccccc2C1,5.36,IC50,4406.0,nM,1
CHEMBL4787160,CCCN1CC[C@H](NC(=O)c2cc(-c3ccc(F)cc3F)on2)[C@@H](C(=O)NC2(c3ncccn3)CC2)C1,5.36,IC50,4400.0,nM,1
CHEMBL429015,CC(C)[C@@H](N)CN1C2CCC1CC(OC(c1ccc(F)cc1)c1ccc(F)cc1)C2,5.36,IC50,4360.0,nM,1
CHEMBL2059305,O=C1CCc2ccccc2N1CCCN1CCC(c2ccc3[nH]ccc3c2)CC1,5.36,IC50,4400.0,nM,1
CHEMBL4171521,O=S(=O)(CC1CC1)NC1CN(c2ccc3c(c2)[C@@H](Cc2ccccc2)[C@@H](N2CCC2)CC3)C1,5.36,IC50,4400.0,nM,1
CHEMBL521947,C[C@@H]1NC(c2cccc(C#N)c2)=N[C@@]1(c1ccc(F)cc1)c1ccc(F)nc1,5.36,IC50,4330.0,nM,1
CHEMBL2059322,O=C1COc2ccccc2N1CCCN1CCC(n2c(=O)[nH]c3ccc(F)cc32)CC1,5.36,IC50,4400.0,nM,1
CHEMBL5923523,CC(C)n1c(N[C@H]2CCNC2)nc2c([N+](=O)[O-])c(Br)c(Br)cc21,5.36,IC50,4340.0,nM,1
CHEMBL4203948,CCN[C@@H]1CCC=C(c2ccc(F)cc2)[C@H]1COc1cc(F)c(S(=O)(=O)Nc2cscn2)cc1Cl.Cl,5.36,IC50,4400.0,nM,1
CHEMBL845,Clc1ccc2c(c1)N=C(N1CCNCC1)c1ccccc1N2,5.35,IC50,4490.0,nM,1
CHEMBL3703263,NC1=NC2(CO1)c1cc(-c3cnc4[nH]cc(Cl)c4c3)ccc1OCC21CC1,5.35,IC50,4430.0,nM,1
CHEMBL1083462,Cc1c(-c2ccc3cc(CCN4CCC[C@H]4C)ccc3n2)cnn1-c1ccc(N(C)C)nn1,5.35,Ki,4500.0,nM,1
CHEMBL4081764,Cc1c([C@@H](O)CN2CCC3(CC2)CN(c2ccns2)C3)ccc2c1COC2=O,5.35,IC50,4500.0,nM,1
CHEMBL4756756,CC(C)(CCO)n1nc(-c2ccc3cc(OC4CC4)ccc3c2)c(C(N)=O)c1N,5.35,IC50,4500.0,nM,1
CHEMBL1910294,COCCCc1cc(CN(C(=O)C2CNCCC2(O)c2ccc(F)c(F)c2)C2CC2)cc(OCCOC)c1,5.35,Ki,4500.0,nM,1
CHEMBL3965469,Cc1nccn1-c1ccc(-c2cn(CC(=O)Nc3cccc(Cl)c3Cl)nn2)cn1,5.35,IC50,4500.0,nM,1
CHEMBL3794155,O=C1OCc2cc(CCN3CCN(C(=O)Cc4ccc(-n5cnnn5)nc4)CC3)ccc21,5.35,IC50,4500.0,nM,1
CHEMBL3318990,COc1cnc2ccc(=O)n(CCN3CCC(c4nc5cc(C#N)ccc5[nH]4)CC3)c2c1,5.35,IC50,4500.0,nM,1
CHEMBL5407684,Cc1cc(OCCNCCCF)cc([C@@H]2c3[nH]c4ccccc4c3C[C@@H](C)N2CC(F)(F)F)c1,5.35,IC50,4500.0,nM,1
CHEMBL4789005,C[C@H]1OC2(CCN(CCc3ccccc3)CC2)CN(C2CC2)C1=O,5.35,IC50,4500.0,nM,1
CHEMBL4277023,CN(c1ccc(-c2cc3cccnc3cc2O)nn1)C1CC(C)(C)NC(C)(C)C1,5.35,IC50,4500.0,nM,1
CHEMBL5934000,O=C(Nc1ccc([C@H]2CNCCO2)cc1)c1cnc(Cl)c(Cl)c1,5.35,IC50,4460.0,nM,1
CHEMBL4786316,CNC(=O)c1nn(C)c2ccc(Nc3nccc(-n4cc(CN(C)C)cn4)n3)cc12,5.35,IC50,4500.0,nM,1
CHEMBL3703264,CCc1cncc(-c2ccc3c(c2)C2(COC(N)=N2)C2(CC2)CO3)c1,5.35,IC50,4480.0,nM,1
CHEMBL5821714,Fc1ccc(C(F)(F)CN2CCC(Nc3ncnc4[nH]ccc34)CC2)cc1,5.35,IC50,4500.0,nM,1
CHEMBL4159833,CCCS(=O)(=O)N[C@@H]1CCN(c2ccc3c(c2)[C@@H](Cc2ccccc2)[C@@H](N2CCC2)CC3)C1=O,5.35,IC50,4500.0,nM,1
CHEMBL4170320,CCCC[C@@H](CCO)Nc1nc(N)nc2c(F)cccc12,5.35,IC50,4470.0,nM,1
CHEMBL3609631,COc1cc(-c2cn(C3CCc4ccccc4N(Cc4cccnc4)C3=O)nn2)ccc1-n1cnc(C)c1,5.35,IC50,4450.0,nM,1
CHEMBL1688243,CCO[C@@H]1Cc2cc(C(F)(F)F)ccc2[C@H]1N1CCN(C2(C)CCN(C(=O)c3c(C)ncnc3C)CC2)C[C@@H]1C,5.35,IC50,4500.0,nM,1
CHEMBL4204070,Cn1cnc(-c2cnc(OC3CCN(C(=O)Cc4ccc(OC(F)(F)F)cc4)CC3)c(C(N)=O)c2)c1,5.35,IC50,4500.0,nM,1
CHEMBL4064808,CCOC(=O)C1=C(CN2CCOCC2)NC(c2nccs2)=N[C@H]1c1ccc(F)cc1Br,5.35,IC50,4500.0,nM,1
CHEMBL5092554,O=C(NCCCN1CCCC1)c1cccn2c(=O)c3ccc4ccccc4c3nc12,5.35,IC50,4440.0,nM,1
CHEMBL1082496,C[C@@H]1CCCN1CCc1ccc2nc(-c3ccccn3)ccc2c1,5.35,Ki,4500.0,nM,1
CHEMBL4076024,COCC(=O)N1CCC[C@@H](c2nc(-c3ccc(C(=O)Nc4cc(C(F)(F)F)ccn4)cc3F)c3c(N)nccn23)C1,5.35,IC50,4500.0,nM,1
CHEMBL567252,CCCOCCn1c(=O)c(NCCNCCO)nc2cnc(-c3ccc(OC)nc3)cc21,5.35,IC50,4500.0,nM,1
CHEMBL4642178,Cc1cc(N2C[C@H]3CC[C@@H](C2)[C@@H]3Nc2nc3c(OCC(F)F)ccc(C(F)(F)F)n3n2)ncn1,5.35,IC50,4500.0,nM,1
CHEMBL2010835,CC(=O)Nc1ccc(CC(=O)N(C)C2CCN(Cc3ccc(C(F)(F)F)cc3)CC2)cc1,5.35,IC50,4500.0,nM,1
CHEMBL4204174,Cn1cc(-c2ccc(OC3CCN(C(=O)Cc4ccc(OC(F)(F)F)cc4)CC3)c(C(N)=O)c2)cn1,5.35,IC50,4500.0,nM,1
CHEMBL557257,CCN(CC)C(=O)c1ccc(C2=CC3(CCNCC3)Oc3ccccc32)cc1C,5.35,IC50,4485.0,nM,1
CHEMBL2170213,CC(=O)C1CCN(CCOc2ccn(-c3ccc(Cl)c(Cl)c3)n2)CC1,5.35,IC50,4500.0,nM,1
CHEMBL4473500,O=C(O)C[C@H]1CC[C@H](OC2CCN(c3ccc(-c4nc5cc(Cl)ccc5[nH]4)cn3)CC2)CC1,5.35,Ki,4500.0,nM,1
CHEMBL5809105,CN1CCO[C@H](c2ccccc2)[C@@H](c2ccc3ccccc3c2)C1,5.35,IC50,4500.0,nM,1
CHEMBL1834647,CCO[C@H]1CC[C@@H](N2CC(NC(=O)CNc3n[nH]c4ccc(C(F)(F)F)cc34)C2)CC1,5.35,IC50,4500.0,nM,1
CHEMBL4561342,CCOc1cc([C@](O)(CCN(C)C)[C@@H](c2cc3cc(C#N)ccc3nc2OC)c2cccc3c2OCCO3)cc(OCC)n1,5.35,IC50,4500.0,nM,1
CHEMBL4586271,COc1cc([C@](O)(CCN(C)C)[C@@H](c2cc3cc(C#N)ccc3nc2OC)c2cccc3c2CCC3)cc(OC)n1,5.35,IC50,4500.0,nM,1
CHEMBL3639746,CCc1nn2c(C)cc(C)nc2c1Cc1ccc(CCCN2CCN(C(C)C)CC2)cc1,5.35,IC50,4500.0,nM,1
CHEMBL3289797,Nc1nc(C2CC2)cn1CC(O)c1ccc(Cl)cc1Cl,5.35,IC50,4500.0,nM,1
CHEMBL4082637,Cc1c([C@@H](O)CN2CCC3(CC2)CCN(c2ccc(=O)n(C)n2)C3)ccc2c1COC2=O,5.35,IC50,4500.0,nM,1
CHEMBL1910292,COCCCc1cc(CN(C(=O)[C@H]2CNCC[C@]2(O)c2ccc(F)c(F)c2)C2CC2)cc(OCCOC)c1,5.35,IC50,4500.0,nM,1
CHEMBL4218734,COCc1ccc(-c2ccc3ncc(C(N)=O)c(N[C@@H](C)C4CCOCC4)c3c2)cn1,5.35,IC50,4500.0,nM,1
CHEMBL4205995,CS(=O)(=O)c1ccc(-c2cccc(F)c2)c(C(=O)N2Cc3cn(-c4ccccc4F)nc3C2)c1,5.35,IC50,4500.0,nM,1
CHEMBL2420704,Cn1cc(-c2ccnc(C3COCCN3)c2)c(-c2ccc(F)cc2)n1,5.35,IC50,4430.0,nM,1
CHEMBL469810,N#Cc1ccc2cc(CO[C@H]3CCNC3)ccc2c1,5.35,Ki,4500.0,nM,1
CHEMBL4060757,Nc1nccn2c([C@H]3CN(C4CCOCC4)CCO3)nc(-c3ccc(C(=O)Nc4cc(C(F)(F)F)ccn4)cc3F)c12,5.34,IC50,4600.0,nM,1
CHEMBL4564517,Cc1ccc(-c2cc(S(C)(=O)=O)cc(S(=O)(=O)c3ccc(CN)s3)c2)cc1,5.34,IC50,4600.0,nM,1
CHEMBL597032,Cn1cnc(C(=O)N(Cc2cccc(OC(F)(F)F)c2)[C@@H]2C[C@@H]3CN(CCC(F)(F)F)C[C@@H]3C2)c1,5.34,Ki,4530.0,nM,1
CHEMBL4068517,CSc1ccc(N2CCC3(CCN(C[C@H](O)c4ccc5c(c4C)COC5=O)CC3)C2)cn1,5.34,IC50,4600.0,nM,1
CHEMBL1095553,CC1(C)C[C@@H](NC(=O)c2n[nH]c3ccccc23)c2cc(-c3ccc(Cl)cc3)c(-c3ccc(Cl)cc3Cl)nc2O1,5.34,IC50,4600.0,nM,1
CHEMBL3947919,CN(C)CCCNC(=O)c1ccc(Cn2c(Cc3c(Cl)cccc3Cl)nc3ccccc32)cc1,5.34,IC50,4530.0,nM,1
CHEMBL4561733,Cc1nc(NCc2ccccn2)c2c(-c3ccccc3)cccc2n1,5.34,IC50,4600.0,nM,1
CHEMBL5760349,C[C@@H]1Cc2c([nH]c3ccc(F)cc23)[C@@H](c2c(F)ccc(OCCNCCCF)c2F)N1CC(F)(F)CO,5.34,IC50,4600.0,nM,1
CHEMBL3758398,CCOC(=O)N1CCC(CN2CC[C@H](NC(=O)c3cc(Cl)c(N)cc3OC)[C@H](OC)C2)CC1,5.34,IC50,4580.0,nM,1
CHEMBL1809061,COc1cc(N2CCNCC2)ccc1Nc1ncc(Cl)c(-c2cnc3ccccn23)n1,5.34,IC50,4600.0,nM,1
CHEMBL4291436,CNc1nc2ccccc2n1-c1nc(N2CCOC[C@H]2C)cc(C2(S(C)(=O)=O)CC2)n1,5.34,IC50,4600.0,nM,1
CHEMBL4210866,Cl.N[C@@H]1CCC=C(c2ccc(F)cc2)[C@H]1CNc1cc(F)c(S(=O)(=O)Nc2cscn2)cc1Cl,5.34,IC50,4600.0,nM,1
CHEMBL5091256,CN(C)CCNC(=O)c1cccn2c(=O)c3ccc4ccccc4c3nc12,5.34,IC50,4530.0,nM,1
CHEMBL451076,CNCc1cc(C#N)ccc1Oc1ccc(Cl)c(Cl)c1,5.34,IC50,4560.0,nM,1
CHEMBL5432698,COc1ccc(OCCNCCCF)cc1[C@@H]1c2[nH]c3ccccc3c2C[C@@H](C)N1CC(F)(F)CO,5.34,IC50,4600.0,nM,1
CHEMBL4641631,O=C(Nc1cc(-c2cn(C3CCOCC3)c3cnccc23)ccn1)NC1CC1,5.34,IC50,4600.0,nM,1
CHEMBL2164389,O=C(NCc1ccc(OC(F)(F)F)cc1)C1c2ccccc2C(=O)N1CCc1ccccn1,5.34,IC50,4600.0,nM,1
CHEMBL3408395,CCOC(=O)C1=NN(c2ccccc2)/C(=C2/S/C(=N\c3nc(-c4ccccc4)cc(-c4ccccc4)c3C#N)N(c3ccccc3)C2=O)S1,5.34,IC50,4600.0,nM,1
CHEMBL1097882,O=C([C@H]1C[C@H](Oc2ccc(F)cc2)CN1)N1CCCN(C2CCCC2)CC1,5.34,IC50,4600.0,nM,1
CHEMBL2180835,COc1ccc(-c2cc(NC(=O)CCCN3CCCCC3)[nH]n2)cc1,5.34,IC50,4610.0,nM,1
CHEMBL4288709,Cc1ccc(/C=C/CN(C)Cc2ccc3c(c2)OCCO3)cc1.Cl,5.34,IC50,4600.0,nM,1
CHEMBL507721,CCc1cc(Oc2ccc(F)cc2CNC)ccc1Cl,5.34,IC50,4560.0,nM,1
CHEMBL237119,CN(C)C(=O)[C@@H](c1ccc(-c2ccc(F)cc2)cc1)[C@H](N)C(=O)N1CC[C@H](F)C1,5.34,IC50,4600.0,nM,1
CHEMBL218528,CN(C)C(=N)c1ccc(C(=O)Nc2ccc(Sc3ccc(C(=O)O)cc3)cc2C(=O)Nc2ccc(Cl)cn2)cc1,5.34,Ki,4600.0,nM,1
CHEMBL4872371,O=C(NCc1ccc2[nH]ccc2c1)N1CC(COc2ccc(C(F)(F)F)cc2)C1,5.34,IC50,4600.0,nM,1
CHEMBL3099942,CNC(=O)Nc1ccc(O)cc1OC[C@@H](O)CN1CCC2(CC1)Cc1cc(Cl)ccc1O2,5.34,IC50,4600.0,nM,1
CHEMBL524997,N#Cc1ccc2cc1Oc1ccc(Br)c(c1)CN1CC[C@@H](NCc3cncn3C2)C1=O,5.34,IC50,4600.0,nM,1
CHEMBL4447340,CC1=C(c2cccc(O)c2)[C@H](c2ccc(OCCN3CC(CF)C3)cc2)Oc2ccc(O)cc21,5.34,IC50,4600.0,nM,1
CHEMBL3092631,CC(C)(C)CN1CCC(c2ccccc2Oc2ncccc2NC(=O)Nc2ccc(OC(F)(F)F)cc2)CC1,5.34,IC50,4600.0,nM,1
CHEMBL5981380,CNC[C@H](c1ccc2ccccc2c1)[C@H](OCc1cc(C)on1)c1ccccc1,5.34,IC50,4600.0,nM,1
CHEMBL1823048,O=C(C1CC(Oc2ccc(F)cc2)CN1)N1CCCN(C2CCCC2)CC1,5.34,IC50,4600.0,nM,1
CHEMBL52794,CC(O)c1cn(-c2ccc(F)cc2)c2ccc(Cl)cc12,5.34,IC50,4550.0,nM,1
CHEMBL191067,CN(C)C(=O)[C@@H](c1ccc(-c2ccc(F)cc2)cc1)[C@H](N)C(=O)N1CC[C@H](F)C1.O=C(O)C(F)(F)F,5.34,IC50,4600.0,nM,1
CHEMBL2331648,CCNc1nc2c(c(C(N)=O)n1)CN(C(=O)CCc1ccc(OC(F)(F)F)cc1)CC2,5.34,IC50,4600.0,nM,1
CHEMBL492908,CN(C)C(=O)[C@H]1CC2(CCN(c3cc(N)ccn3)CC2)c2ccccc21,5.33,Ki,4710.0,nM,1
CHEMBL1642183,COc1cc(/C=C/c2nc3sc4c(c3c(=O)[nH]2)CCC4)ccc1-n1cnc(C)c1,5.33,IC50,4730.0,nM,1
CHEMBL4797815,Cc1nn(-c2ccnc(Nc3ccc4c(c3)c(C(=O)C(F)(F)F)cn4C)n2)cc1N[C@@H]1CCOC[C@@H]1N,5.33,IC50,4700.0,nM,1
CHEMBL4791571,CN1CCC[C@H]1COc1ccc(/C(=C(/CCCO)c2ccccc2)c2ccc(Br)cc2)cc1.Cl,5.33,IC50,4700.0,nM,1
CHEMBL4749982,CCS(=O)(=O)c1ccc(CNc2nc3cnc(-c4c(OC)ncnc4C4CC4)nc3n([C@@H](C)C(F)(F)F)c2=O)nc1,5.33,IC50,4700.0,nM,1
CHEMBL2010850,CN(C(=O)Cc1ccc(-n2cnnn2)cc1)[C@@H]1CCN(Cc2nc3cc(F)ccc3s2)C[C@@H]1F,5.33,IC50,4700.0,nM,1
CHEMBL1956112,CN1CCC[C@H]1CCN1CCCc2cc(NC(=N)c3cccs3)ccc21,5.33,IC50,4700.0,nM,1
CHEMBL502560,N#Cc1ccc2cc1Oc1cccc(c1)CN1CC[C@@H](NCc3cncn3C2)C1=O,5.33,IC50,4700.0,nM,1
CHEMBL1760324,Cc1cc(C[C@H](CCCCNCc2ccc(F)cc2)C(=O)NO)cc(C)c1F,5.33,IC50,4650.0,nM,1
CHEMBL5825767,COc1cncc(OCC2(C)CNC2)c1-c1cc(Nc2cnc(C#N)cn2)n[nH]1,5.33,IC50,4700.0,nM,1
CHEMBL526656,N#Cc1ccc2cc1Oc1ccc3c(c1)[C@H](CC3)N1CC[C@@H](NCc3cncn3C2)C1=O,5.33,IC50,4700.0,nM,1
CHEMBL4741494,CCN1CC2(CCN(CCc3ccccc3)CC2)O[C@H](C)C1=O,5.33,IC50,4700.0,nM,1
CHEMBL5778932,Cc1cc(Cn2cc(-c3cccc(Br)c3)cn2)n(C)n1,5.33,IC50,4630.0,nM,1
CHEMBL5900491,FC1(F)CC1Cc1nnc2c(Cl)c(-c3ccc4c(c3)OCO4)ccn12,5.33,IC50,4670.0,nM,1
CHEMBL2440410,COC(=O)C(Cc1c[nH]c2ccccc12)NS(=O)(=O)c1ccc(Br)cc1,5.33,IC50,4660.0,nM,1
CHEMBL4075868,Cc1c(CCN2CCC3(CC2)CCN(c2ccc(=O)n(C)n2)C3=O)ccc2c1COC2=O,5.33,IC50,4700.0,nM,1
CHEMBL1946022,CCN(CC)C(=O)c1ccc(C(=C2CCN(Cc3ccc(F)cc3)CC2)c2ccccc2NC(=O)OC)cc1,5.33,IC50,4700.0,nM,1
CHEMBL4170966,O=C(NC[C@@H]1[C@H]2CN(C(=O)C3CC3c3cc(Cl)cc(Cl)c3)C[C@@H]12)c1ccc2[nH]c(=O)oc2c1,5.33,IC50,4700.0,nM,1
CHEMBL519418,CN(C)[C@@H]1CCC[C@H]1Nc1nc(Nc2ccc(S(C)(=O)=O)cc2)ncc1C(F)(F)F,5.33,IC50,4700.0,nM,1
CHEMBL2425952,CCc1nc2c(Cc3ccc(C(=O)NO)cc3)cccc2c(=O)n1CCc1ccccc1,5.33,IC50,4700.0,nM,1
CHEMBL6010382,CNC[C@@H](c1ccc(Cl)c(Cl)c1)[C@@H](OC)c1cccc(NS(=O)(=O)C(F)(F)F)c1,5.33,IC50,4700.0,nM,1
CHEMBL2041173,COc1cc(N2C(=O)N(c3ccc(-c4ccc5[nH]ncc5c4)cc3)C(=O)C23CCN(Cc2ncccc2C)CC3)ncn1,5.33,IC50,4700.0,nM,1
CHEMBL495303,CC(C)(C)C(F)CN1CCC(CNC(=O)c2cc(Cl)cc(Cl)c2)CC1,5.33,IC50,4731.0,nM,1
CHEMBL5085978,O=C1c2nc3cccc(Br)c3n2CCN1Cc1ccc(Cl)cc1,5.33,IC50,4700.0,nM,1
CHEMBL1836152,COc1cc(OC)cc(C(=O)NCC2(C#N)CCN(CC3=Cc4ccccc4OC3(C)C)CC2)c1,5.33,IC50,4730.0,nM,1
CHEMBL2376793,Nc1nc(N2CCNCC2)c2ccc(C3CC3)cc2n1,5.33,Ki,4677.35,nM,1
CHEMBL6007627,Cc1ccc2[nH]c3c(c2c1)C[C@@H](C)N(CC(F)(F)CO)[C@@H]3c1c(F)ccc(OCCNCCCF)c1F,5.33,IC50,4700.0,nM,1
CHEMBL5769554,CNCC(Cc1ccccc1OC)c1ccc2ccccc2c1,5.33,IC50,4700.0,nM,1
CHEMBL4537673,C[C@H](c1ccnc(Nc2nc3ccc(-c4cc(N(C)C)ncn4)cc3[nH]2)c1)N1CCN(C(=O)CC(F)(F)F)CC1,5.33,IC50,4700.0,nM,1
CHEMBL3913062,Cc1ncoc1-c1nnc(SCCCN2CC[C@]3(C[C@@H]3c3ccccc3)C2)n1C,5.33,IC50,4677.35,nM,1
CHEMBL2312148,COc1ccc(C#N)cc1-c1ccnc(Nc2ccc(N3CCOCC3)c(OC)c2)c1,5.33,IC50,4700.0,nM,1
CHEMBL726,OCCN1CCN(CCCN2c3ccccc3Sc3ccc(C(F)(F)F)cc32)CC1,5.33,Ki,4674.6,nM,1
CHEMBL3911908,CC(C)Cc1cc(CNS(=O)(=O)c2cccc3cccnc23)nn1-c1ccccc1,5.33,IC50,4670.0,nM,1
CHEMBL3422008,Cc1cncc(-c2nnc3n2CCN(C(=O)c2ccc(-c4cccs4)cc2)[C@@H]3C)n1,5.33,IC50,4700.0,nM,1
CHEMBL5982233,CNC[C@H](c1ccc2ccccc2c1)[C@H](OCc1cc(C)no1)c1ccccc1,5.33,IC50,4700.0,nM,1
CHEMBL558532,CN1CCN(C(=O)NC2CCN(Cc3ccn(-c4ccc(C(F)(F)F)cc4)c3)CC2)C(c2ccccc2)C1,5.33,IC50,4700.0,nM,1
CHEMBL4558162,Cc1ccc2c(c1)nc(CCN1C(=O)c3cccc4cccc(c34)C1=O)n2-c1ccncc1,5.33,IC50,4700.0,nM,1
CHEMBL2146882,CS(=O)(=O)c1cc(CCN2CCN(CCc3ccc4c(c3)COC4=O)CC2)ccc1C#N,5.33,IC50,4700.0,nM,1
CHEMBL3990823,N=C(N)N/N=C/c1ccc(-c2cccc(/C=N/NC(=N)N)c2)cc1,5.33,IC50,4660.0,nM,1
CHEMBL5892765,CCCN(CCN1CCC(c2noc3cc(F)ccc23)CC1)C(=O)C(C)O,5.33,IC50,4700.0,nM,1
CHEMBL6027714,Cn1ccc(Cn2cc(-c3ccc(Br)cc3)cn2)n1,5.33,IC50,4720.0,nM,1
CHEMBL1760249,COc1ccc([C@H]2CN(CCCN(C)S(C)(=O)=O)C[C@@H]2CC(=O)Nc2cccc(Cl)c2)cc1,5.33,IC50,4620.0,nM,1
CHEMBL1834717,CC(C)(C)NC(=O)n1nc(NCC(=O)NC2CN([C@H]3CC[C@@H](c4ccc5c(c4)OCO5)CC3)C2)c2cc(C(F)(F)F)ccc21,5.33,IC50,4700.0,nM,1
CHEMBL595318,CS(=O)(=O)Nc1ccc(CCC(=O)NCCNc2ccc(Cl)c(Cl)c2)cc1,5.33,Ki,4620.0,nM,1
CHEMBL1813316,CCN1C[C@H]2CCCC[C@@]2(c2ccc(Cl)c(Cl)c2)C1,5.33,IC50,4730.0,nM,1
CHEMBL5844716,COc1cc(CC[C@@H](C)N2Cc3ccc(F)cc3C2)ccc1OCCO,5.33,IC50,4700.0,nM,1
CHEMBL563052,COc1ccc([C@H](C)N[C@@H]2CC[C@@H](C(=O)N3CCC(C(=O)N4CCCC4)(c4ccccc4)CC3)C(C)(C)C2)cc1,5.33,IC50,4700.0,nM,1
CHEMBL3331484,Clc1ccc(CN(C2CC2)C2CNC2)cc1Cl,5.33,IC50,4710.0,nM,1
CHEMBL551270,CN1C(=O)C=C[C@]2(C)[C@H]3CC[C@]4(C)[C@@H](O)/C(=C/c5cnc(C6CC6)nc5)C[C@H]4[C@@H]3CC[C@@H]12,5.33,Ki,4650.0,nM,1
CHEMBL499961,CN1CCN(c2ccc3nc(-c4ccccc4)c(-c4ccc(CN5CCC(c6nnc(-c7ccc(N)nc7)[nH]6)CC5)cc4)nc3n2)CC1,5.33,IC50,4700.0,nM,1
CHEMBL448461,CNCc1cc(F)ccc1Oc1ccc(Cl)c(F)c1,5.33,IC50,4670.0,nM,1
CHEMBL2041980,CS(=O)(=O)c1ccc(-c2cnc(N)c(-c3ccc(C(F)(F)F)nc3)c2)cc1,5.33,IC50,4700.0,nM,1
CHEMBL1836261,CC(C)Cc1cc(C(=O)NCC2(C#N)CCN(CC3=Cc4ccccc4OC3(C)C)CC2)nn1-c1ccccc1,5.33,IC50,4730.0,nM,1
CHEMBL5934302,COc1c(F)cc(OCCNCCCF)cc1[C@@H]1c2[nH]c3ccccc3c2C[C@@H](C)N1CC(F)(F)F,5.32,IC50,4800.0,nM,1
CHEMBL493680,CC(C)(C)CCN1CCC(CNC(=O)c2cccc(Cl)c2)CC1,5.32,IC50,4823.0,nM,1
CHEMBL1836258,CC(C)Cc1cc(C(=O)NCC2(C#N)CCN(Cc3ccccc3C(F)(F)F)CC2)nn1-c1ccccc1,5.32,IC50,4760.0,nM,1
CHEMBL1915364,Cl.O=C(CCc1ccccc1)c1cc(F)ccc1OCC(O)CN1CCN(C(c2ccccc2)c2ccccc2)CC1,5.32,IC50,4840.0,nM,1
CHEMBL4515188,CCN(CC)c1ccc(CNC(=O)[C@@H]2CNC[C@H]2c2ccc(C(F)(F)F)cc2)cc1,5.32,IC50,4740.0,nM,1
CHEMBL4104000,CNC(=O)c1c(-c2ccc(F)cc2)oc2ccc(-c3cc(C(=O)NC4(c5ncccn5)CC4)ccc3C)cc12,5.32,IC50,4800.0,nM,1
CHEMBL3585955,Cc1ncc(OC[C@@]2(c3cc(F)cc(F)c3)C[C@H]2C(=O)Nc2ccc(F)cn2)c(C)n1,5.32,IC50,4800.0,nM,1
CHEMBL4105361,O=C(O)CN1CCC2(CC1)CCN(c1ccc(-c3nc4cc(C(F)(F)F)ccc4[nH]3)cn1)CC2,5.32,IC50,4800.0,nM,1
CHEMBL1795909,COCCCc1cc(Cl)c(Cl)c(CN(C(=O)[C@H]2CNCC[C@@H]2c2ccn(C)c(=O)c2)C2CC2)c1,5.32,Ki,4800.0,nM,1
CHEMBL4476596,CC1(C(=O)O)CCN(c2ccc(-c3ccc(-c4nc5cc(Cl)ccc5[nH]4)cn3)cn2)CC1,5.32,Ki,4800.0,nM,1
CHEMBL1272232,Nc1nc2c(C(=O)N[C@@H]3CN4CCC3CC4)cc(Cl)cc2o1,5.32,IC50,4800.0,nM,1
CHEMBL5969609,C[C@@H]1Cc2c([nH]c3ccccc23)[C@@H](c2c(F)ccc(NCCNCCCF)c2F)N1CC(F)(F)F,5.32,IC50,4800.0,nM,1
CHEMBL1836149,COc1cc(OC)cc(C(=O)NCC2(C#N)CCN(Cc3ccccc3C(F)(F)F)CC2)c1,5.32,IC50,4760.0,nM,1
CHEMBL1630579,CCN(CC)CCOCCC1=CCC2CC1C2(C)C,5.32,Ki,4835.7,nM,1
CHEMBL60889,CCOc1cc(N)c(Cl)cc1C(=O)NCC1CN(Cc2ccc(F)cc2)CCO1,5.32,IC50,4800.0,nM,1
CHEMBL1963307,O=C(CCc1ccccc1)c1cc(F)ccc1OCC(O)CN1CCN(C(c2ccccc2)c2ccccc2)CC1,5.32,IC50,4840.0,nM,1
CHEMBL4226251,COc1ccc2nccc(CC[C@H]3OC[C@H](NCc4ccc(Cl)c(Cl)c4)CO3)c2c1,5.32,IC50,4800.0,nM,1
CHEMBL2177913,NC1=N[C@@](c2cccc(-c3cncnc3)c2)(c2ccnc(C(F)F)c2)c2cccc(F)c21,5.32,IC50,4800.0,nM,1
CHEMBL505848,CN(C)CCN1CCN(c2ncc3cc(-c4ccccc4)c(-c4ccc(CN5CCC(c6nnc(-c7ncccn7)[nH]6)CC5)cc4)nc3n2)CC1,5.32,IC50,4800.0,nM,1
CHEMBL202568,O=C(O)C1CC2(c3ccc(F)cc3)NC1CCC2NCc1cc(OC(F)(F)F)ccc1OC1CC1,5.32,Ki,4800.0,nM,1
CHEMBL3628216,CS(=O)(=O)c1ccc(-c2cnc3ccc(-c4cccc(S(C)(=O)=O)c4)cn23)cc1,5.32,IC50,4800.0,nM,1
CHEMBL4212046,COc1cccc(NC(=O)c2cnc([C@]34CO[C@@H](C)C[C@H]3CSC(N)=N4)s2)n1,5.32,IC50,4800.0,nM,1
CHEMBL1822868,CC1CCCN1CCc1ccc2nc(-c3ccsc3)ccc2c1,5.32,IC50,4800.0,nM,1
CHEMBL3612927,Cc1c([C@@H](O)CN2CCN(CC(O)c3cc(C(F)(F)F)c(C#N)cn3)CC2)ccc2c1COC2=O,5.32,IC50,4800.0,nM,1
CHEMBL223998,CN1CCN(Cc2ccc3c(c2)Cc2c(-c4csc(C#CCCc5ccccc5)c4)n[nH]c2-3)CC1,5.32,IC50,4800.0,nM,1
CHEMBL1957677,CC(=O)NCCc1ccccc1-c1ccc([C@H]2CNCC[C@@H]2c2cccnc2)c(Cl)c1,5.32,IC50,4800.0,nM,1
CHEMBL4742024,CC[C@@H](C)n1c(=O)c(NCc2ccc(S(=O)(=O)CC)cn2)nc2cnc(-c3c(OC)ncnc3C3CC3)nc21,5.32,IC50,4800.0,nM,1
CHEMBL550050,COc1cccc2c1OC(c1ccc(OCCCN3CCCCC3)cc1)C(C)S2(=O)=O,5.32,IC50,4800.0,nM,1
CHEMBL3609634,COc1cc(-c2cn(C3CSc4ccccc4N(CC(F)(F)F)C3=O)nn2)ccc1-n1cnc(C)c1,5.32,IC50,4750.0,nM,1
CHEMBL4166400,COc1nc2ccc(CN(C)C)cc2cc1C(c1ccccc1)C(O)(CCN(C)C)c1cccc2ccccc12,5.32,IC50,4800.0,nM,1
CHEMBL6005366,CNC[C@H](c1ccc2ccccc2c1)[C@H](O)c1cccs1,5.32,IC50,4800.0,nM,1
CHEMBL495302,CC(C)(C)C(O)CN1CCC(CNC(=O)c2cc(Cl)cc(Cl)c2)CC1,5.32,IC50,4810.0,nM,1
CHEMBL4645781,COc1cc([C@](O)(CCN(C)C)[C@@H](c2cc3cc(C#N)ccc3nc2OC)c2cccc3c2OCO3)cc(OC(F)F)n1,5.32,IC50,4800.0,nM,1
CHEMBL1088949,Cc1[nH]c2ccccc2c1CCN1Cc2ccc(/C=C/C(=O)NO)cc2C1,5.32,IC50,4800.0,nM,1
CHEMBL228814,Cc1ccc(C(=O)N(CCCN)[C@@H](c2nc3cc(Cl)ccc3c(=O)n2Cc2ccccc2)C(C)C)cc1,5.32,IC50,4810.0,nM,1
CHEMBL462226,CNCc1cc(Cl)ccc1Oc1ccc(Cl)cc1,5.32,IC50,4790.0,nM,1
CHEMBL1809050,COc1cc(OC2CCNCC2)ccc1Nc1ncc(Cl)c(-c2cnc3ccccn23)n1,5.32,IC50,4800.0,nM,1
CHEMBL4471707,Cc1cnc(Nc2cc(NC3CCN(c4ccc(C#N)cn4)CC3)c(C(N)=O)cn2)cn1,5.32,IC50,4800.0,nM,1
CHEMBL2425059,N[C@H]1C[C@@H](N2Cc3cnc(C(F)(F)F)nc3C2)CC[C@@H]1c1cc(F)c(F)cc1F,5.32,IC50,4800.0,nM,1
CHEMBL4862755,O=C(NC[C@@H]1[C@H]2C[C@H](n3cnc4cc(F)c(F)cc43)C[C@@H]12)c1ccc(Cl)cc1,5.32,IC50,4800.0,nM,1
CHEMBL5753449,CCN(CCN1CCC(c2noc3cc(F)ccc23)CC1)C(=O)[C@@H](C)O,5.32,IC50,4800.0,nM,1
CHEMBL1809077,COc1ccc(N2CCNCC2)cc1Nc1ncc(Cl)c(-c2cnc3ccccn23)n1,5.32,IC50,4800.0,nM,1
CHEMBL5844083,CCN(CCN1CCC(c2noc3cc(F)ccc23)CC1)C(=O)[C@H](C)O,5.32,IC50,4800.0,nM,1
CHEMBL3093949,CCCCN(CC)CC#CCOC(c1ccccc1)c1ccccc1,5.32,IC50,4810.0,nM,1
CHEMBL4869586,NCCCn1nnc(-c2ccc(Oc3ccc(Cl)cc3)cc2)n1,5.32,IC50,4800.0,nM,1
CHEMBL4633241,COc1cc(-c2cncc(-c3ccc(C4CCN(C)CC4)cc3)c2C)cc(OC)c1OC,5.32,IC50,4800.0,nM,1
CHEMBL1800774,CC(C)(N)C(=O)N1CCn2c(nc(-c3ccc(F)cc3)c2Nc2ccc(F)c(F)c2)C1,5.32,IC50,4800.0,nM,1
CHEMBL5089365,CCC(=O)N(CC1(C2CCN(Cc3ccccc3)CC2)CCOCC1)c1cccc(C(F)(F)F)n1,5.32,IC50,4800.0,nM,1
CHEMBL3318982,COc1cnc2ccc(=O)n(CCN3CCC(C4C(=O)Nc5ccc(Cl)cc54)CC3)c2c1,5.32,IC50,4800.0,nM,1
CHEMBL397112,O=S(=O)(c1ccc(/C=C/c2ccc(F)cc2Cl)nc1)c1ccccc1F,5.32,Ki,4800.0,nM,1
CHEMBL455424,CNCc1cc(S(=O)(=O)NC)ccc1Oc1ccc(Cl)c(Cl)c1,5.32,IC50,4800.0,nM,1
CHEMBL3422243,C[C@H]1SC(N)=N[C@@]2(c3ccc(F)cc3F)CO[C@@H](c3cnn(C)c3)C[C@@H]12,5.32,IC50,4800.0,nM,1
CHEMBL3422241,Cc1coc([C@H]2C[C@H]3[C@@H](C)SC(N)=N[C@@]3(c3ccc(F)cc3F)CO2)n1,5.32,IC50,4800.0,nM,1
CHEMBL376779,CN1CCN(Cc2ccc3c(c2)Cc2c(-c4csc(C#CCNS(=O)(=O)c5ccccc5)c4)n[nH]c2-3)CC1,5.31,IC50,4870.0,nM,1
CHEMBL560386,COc1cccc2c1O[C@@H](c1ccc(OCCCN3CCCC3)cc1)[C@H](C)S2(=O)=O,5.31,IC50,4900.0,nM,1
CHEMBL221077,COC(=O)N(NC(=O)c1c(CN2CCCCC2)c(-c2ccccc2)nc2ccccc12)c1ccccc1,5.31,Ki,4900.0,nM,1
CHEMBL3422238,Cn1cc([C@H]2C[C@H]3CSC(N)=N[C@@]3(c3ccc(F)cc3F)CO2)cn1,5.31,IC50,4900.0,nM,1
CHEMBL4079801,O=C(O)C[C@H]1COC2(CCN(c3ccc(-c4nc5cc(C(F)(F)F)ccc5[nH]4)cn3)CC2)C1,5.31,IC50,4900.0,nM,1
CHEMBL4086822,Cc1c([C@@H](O)CN2CCC3(CC2)CCN(c2cnsc2)C3=O)ccc2c1COC2=O,5.31,IC50,4900.0,nM,1
CHEMBL4759218,CC#CCn1c(N2CCC[C@@H](N)C2)nc2c1c(=O)n(CCCN1CCN(c3nc(-c4ccccc4)no3)CC1)c(=O)n2C.Cl,5.31,IC50,4900.0,nM,1
CHEMBL3650825,Cc1cc(Cl)cnc1C(=O)Nc1ccc2c(c1)C1(COC(N)=N1)C1(CC1)CO2,5.31,IC50,4910.0,nM,1
CHEMBL1927168,COc1ccc2ncc(F)c(CCN3CC[C@@H](NCc4cc5c(cn4)OCCO5)[C@@H](O)C3)c2n1,5.31,IC50,4900.0,nM,1
CHEMBL3314349,CN(C)Cc1ccc2c(c1)CCN(C(=O)c1cc3cc(Cl)ccc3n1C)C2,5.31,IC50,4900.0,nM,1
CHEMBL4475155,O=C(Cn1ccc2ncc(-c3cccc(C(F)(F)F)c3)cc21)NC1CC1,5.31,Ki,4900.0,nM,1
CHEMBL5752521,COc1ncc(NCCNCCCF)cc1[C@@H]1c2[nH]c3ccccc3c2C[C@@H](C)N1CC(F)(F)F,5.31,IC50,4900.0,nM,1
CHEMBL42557,c1ccc(-c2[nH]c3ccccc3c2C2CCCNC2)cc1,5.31,Ki,4900.0,nM,1
CHEMBL599482,CN1C[C@H]2C[C@@H](N(Cc3ccc(F)c(OC4CCCC4)c3)C(=O)c3cn(C)cn3)C[C@H]2C1,5.31,Ki,4910.0,nM,1
CHEMBL207850,O=S(=O)(c1ccc(F)cc1)N1CCN(CCc2ccc(F)cc2F)CC1,5.31,Ki,4869.0,nM,1
CHEMBL3754742,COc1ccc2ncc(F)c([C@@H]3OC(=O)O[C@H]3C34CCC(NCc5ccc6c(n5)NC(=O)CO6)(CC3)CO4)c2n1,5.31,IC50,4900.0,nM,1
CHEMBL4878917,NC1CCN(c2c(-c3cc(F)cc(Cl)c3)cncc2-c2nc3cc(F)ccc3[nH]2)CC1,5.31,IC50,4900.0,nM,1
CHEMBL3764870,Cl.Cl.O=C1CCc2c(Oc3ccc4c(c3)C[C@H](NC(=O)c3cc(C(F)(F)F)cc(C5(O)CNC5)c3)CC4)ccnc2N1,5.31,IC50,4900.0,nM,1
CHEMBL4870834,Cc1cc(C(=O)Nc2cncc(-c3cc(Cl)cc(Cl)c3)c2N2CCC(N)CC2)n(C)n1,5.31,IC50,4900.0,nM,1
CHEMBL567620,CC(C)COc1ccccc1CN1CCC2(CC1)CCN(C(=O)c1ccncn1)CC2,5.31,IC50,4897.79,nM,1
CHEMBL2164358,O=C(NCc1ccc(OC(F)(F)F)cc1)C1c2ccccc2C(=O)N1CCOc1ccccn1,5.31,IC50,4900.0,nM,1
CHEMBL1683075,CO[C@@H]1COCC[C@@H]1N[C@@H]1CC[C@@](C(=O)N2CCN(c3nccc(C(F)(F)F)n3)CC2)(C(C)C)C1,5.31,IC50,4900.0,nM,1
CHEMBL4092509,CCOC(=O)C1=C(CN2CCOCC2)NC(c2nccs2)=N[C@@H]1c1ccc(F)cc1Br,5.31,IC50,4880.0,nM,1
CHEMBL3774800,Cc1nc([C@@]2(c3cnn(C)c3)N[C@@H](c3nc(-c4ccccn4)c[nH]3)Cc3c2[nH]c2ccccc32)no1,5.31,IC50,4895.0,nM,1
CHEMBL2031974,COc1c(C(C)(C)C)cc(C(=O)N2CCN(C(=O)CCCCC(c3ccc(F)cc3)c3ccc(F)cc3)C[C@@H]2C)cc1C(C)(C)C,5.31,IC50,4900.0,nM,1
CHEMBL4757567,CN1CCC(CNC2=NC(=O)/C(=C/c3csc(-c4ccc(OC(F)(F)F)cc4)n3)S2)CC1,5.31,IC50,4900.0,nM,1
CHEMBL4163469,CCCC[C@@H](CCO)Nc1nc(N)nc2cc(F)ccc12,5.31,IC50,4900.0,nM,1
CHEMBL466702,CCN1CCN(c2cc3[nH]c(C(=O)[C@]4(C)CC[C@@H](NC(=O)OC)CC4)nc3cc2Cl)CC1,5.31,IC50,4900.0,nM,1
CHEMBL5793230,FC1(F)CC1Cc1nnc2c(Cl)c(-c3ccc4c(c3)CCO4)ccn12,5.31,IC50,4880.0,nM,1
CHEMBL4789308,CC1(C)C(=O)Nc2nc(-n3nc(Cc4ccccc4F)c4ccccc43)nc(N)c21,5.31,IC50,4900.0,nM,1
CHEMBL551543,O=C(NC1CCN(Cc2ccn(-c3ccc(C(F)(F)F)cc3)c2)CC1)N1CCCC(CO)C1,5.31,IC50,4890.0,nM,1
CHEMBL4068572,NC(=O)c1cnc(SC2CCCNC2)c2cc(-c3ccccc3)sc12,5.31,IC50,4900.0,nM,1
CHEMBL4762290,CNC(=O)c1nn(C)c2c(C)cc(Nc3nccc(-n4cc(CN(C)C)cn4)n3)cc12,5.31,IC50,4900.0,nM,1
CHEMBL4068856,Cc1ccccc1-c1cc2c(N[C@@H]3CC[C@](C)(N)C3(C)C)c(C(N)=O)cnn2c1,5.31,IC50,4900.0,nM,1
CHEMBL525368,CN1CCc2cncn2Cc2ccc(C#N)c(c2)Oc2ccc3cccc(c3c2)N2CC[C@H]1C2=O,5.31,IC50,4900.0,nM,1
CHEMBL4572398,O=C(O)C[C@H]1CC[C@H](OC2CCN(c3ccc(-c4nc5cc(C(F)(F)F)ccc5[nH]4)cn3)CC2)CC1,5.31,Ki,4900.0,nM,1
CHEMBL3220879,C[C@@H](N)C(=O)N1CCN(c2cnc3cc(C(F)(F)F)cc(NCc4cccc([N+](=O)[O-])c4)c3c2)CC1,5.31,IC50,4920.0,nM,1
CHEMBL3417043,Clc1ccc(-n2cc(NCCN3CCCCC3)nn2)c(Cl)c1,5.31,IC50,4900.0,nM,1
CHEMBL4094575,COc1ccc(Cn2c(=O)n3ncnc3c3c4c(sc32)CN(C(=O)C2CC2(F)F)CC4)cc1,5.31,IC50,4900.0,nM,1
CHEMBL5756787,CC1(C)Oc2ccc(N=[N+]=[N-])cc2C2OCC3(CCN(C(=O)Cn4ccnc4C#N)CC3)CC21,5.31,IC50,4900.0,nM,1
CHEMBL482057,CC(=O)OCC(=O)NC1CCN(CCc2ccc(Oc3nc4ccccc4s3)cc2)CC1,5.3,IC50,5000.0,nM,1
CHEMBL3765426,Cn1c(SCCCN2CCOC(c3ccc(C(F)(F)F)cc3)C2)nnc1-c1ccc(C(N)=O)cc1,5.3,Ki,5011.87,nM,1
CHEMBL3699572,O=c1ccc(-c2nc3cc(Cl)c(Cl)cc3n2Cc2ccc(Cl)c(Cl)c2)c[nH]1,5.3,IC50,5000.0,nM,1
CHEMBL3775033,Cn1c(SCCCN2CC3CCN(c4ccc(F)cc4)C3C2)nnc1-c1cc[nH]c(=O)c1,5.3,IC50,5011.87,nM,1
CHEMBL4277084,Cc1c(CN2CCOCC2)cc(-c2ccc(C(C)C)cc2)n1Cc1ccc(F)cc1,5.3,IC50,5000.0,nM,1
CHEMBL3699579,COc1ccc2nc(CN3CCC[C@H]3CO)n(Cc3ccc(Cl)cc3)c2c1,5.3,IC50,5000.0,nM,1
CHEMBL1834645,C=CCOC[C@H]1CC[C@@H](N2CC(NC(=O)CNc3nn(C)c4ccc(C(F)(F)F)cc34)C2)CC1,5.3,IC50,5000.0,nM,1
CHEMBL3358687,O=C(NCCN1CCC(O)(Cc2ccc(F)cc2)CC1)Nc1ccnc2ccsc12,5.3,IC50,5000.0,nM,1
CHEMBL1649930,CCC(=O)N1CCc2c(nc(C)n2[C@H]2C[C@H]3CC[C@@H](C2)N3CC[C@H](NC(C)=O)c2cccc(F)c2)C1,5.3,IC50,5000.0,nM,1
CHEMBL478224,CNC(=O)c1c(NCC2CCC3(CCC3)CC2)nc(C#N)nc1OC1CC(C)(C)NC(C)(C)C1,5.3,IC50,5040.0,nM,1
CHEMBL4061934,COc1ccc2ncc(F)c(C[C@H](N)[C@@H]3CC[C@@H](NCc4ccc5c(n4)NC(=O)CO5)CO3)c2n1,5.3,IC50,5000.0,nM,1
CHEMBL4241692,COc1cc(Nc2nc(C)cc(N(C)C)n2)ccc1F,5.3,IC50,5011.87,nM,1
CHEMBL563117,CCN(C(=O)c1ccccc1Oc1ccccc1)[C@H]1CCNC1,5.3,IC50,5030.0,nM,1
CHEMBL4101067,CCc1cc(COc2cc(C(=O)N3CCC[C@@H](N)C3)nn2-c2ccc(C#N)cc2)on1,5.3,IC50,5000.0,nM,1
CHEMBL1649933,CC(=O)N[C@@H](CCN1[C@@H]2CC[C@H]1C[C@@H](n1c(C)nc3c1CCN(C(=O)C(C)(C)C)C3)C2)c1cccc(F)c1,5.3,IC50,5000.0,nM,1
CHEMBL4634427,NC(=O)[C@@H]1CC[C@@H](c2ccc(OCc3ccccc3F)cc2)N1,5.3,IC50,5011.87,nM,1
CHEMBL469375,Cc1ccc2c(N3CCN(CCCc4cccc5c4OCC(=O)N5C)CC3)cccc2n1,5.3,Ki,5011.87,nM,1
CHEMBL469567,Cc1ccc2c(N3CCN(CCc4cccc5c4OCC(=O)N5C(C)C)CC3)cccc2n1,5.3,Ki,5011.87,nM,1
CHEMBL3354699,CC(C)(F)COc1ccc2c(c1)[C@]1(COC(N)=N1)c1cc(-c3cncnc3)ccc1O2,5.3,Ki,4980.0,nM,1
CHEMBL4635537,NC(=O)[C@@H]1CC[C@H](c2ccc(Oc3ccc(F)cc3)cc2)N1,5.3,IC50,5011.87,nM,1
CHEMBL476723,CCc1nc2ccccc2c(=O)n1-c1ccc(OCCCN2CCCC2)cc1,5.3,IC50,5000.0,nM,1
CHEMBL4640297,Cc1ccc(C(=O)Nc2ccc(CN3CCC4C=NNC4C3)c(Cl)c2)cc1C#Cc1cnc2cccnn12,5.3,IC50,5020.0,nM,1
CHEMBL4067663,CCOC(=O)C1=C(CN2CCOCC2)NC(c2nccs2)=NC1c1ccc(F)cc1-c1ccccc1,5.3,IC50,4960.0,nM,1
CHEMBL4746816,Cc1cc(Cl)cc(N2C=Nc3cc(C)c(-c4cccc(F)c4O)cc3C2C(=O)N(C)C[C@@H]2CCCN2)c1,5.3,IC50,5011.87,nM,1
CHEMBL3416026,NC(=O)c1nnc(N[C@@H]2CCCC[C@@H]2N)nc1Nc1cccc2cc[nH]c12,5.3,IC50,5000.0,nM,1
CHEMBL540241,CC(C)c1cccc(N2CCN(CCN3Cc4ccccc4C3)C2=O)c1,5.3,IC50,5011.87,nM,1
CHEMBL3688396,O=C1CCc2cc(OC[C@@H](O)CN3CCN(c4ccc(Cl)cc4)CC3)ccc2N1,5.3,Ki,5000.0,nM,1
CHEMBL4476371,CC1(c2ccc(OC(F)F)cc2)NC(=O)N(CC(=O)c2ccc(F)cc2F)C1=O,5.3,IC50,5011.87,nM,1
CHEMBL4088673,CC1(C)[C@H](Nc2c(C(N)=O)cnn3cc(-c4cncc(F)c4)cc23)CC[C@]1(C)N,5.3,IC50,5000.0,nM,1
CHEMBL4584789,Cc1ccc(-c2cc3nccnc3c(NC[C@H]3CCCNC3)n2)s1,5.3,IC50,5011.87,nM,1
CHEMBL1836165,COC(=O)C1(CNC(=O)c2cc(OC)cc(OC)c2)CCN(Cc2ccccc2C(F)(F)F)CC1,5.3,IC50,4980.0,nM,1
CHEMBL555744,COC[C@@H]1CCCN1N1CCN(c2cccc(Cl)c2)C1=O,5.3,IC50,5011.87,nM,1
CHEMBL4062753,Cc1c([C@@H](O)CN2CCC3(CC2)CCN(c2ccns2)C3=O)ccc2c1COC2=O,5.3,IC50,5000.0,nM,1
CHEMBL3794249,O=C1OCc2cc(CCC3C4CN(C(=O)Cc5ccc(-n6cnnn6)cc5)CC34)ccc21,5.3,IC50,5000.0,nM,1
CHEMBL3734774,O=C(c1ccccn1)[C@]12Cc3cnn(-c4ccc(F)cc4)c3C=C1CCN(S(=O)(=O)c1ccc(C(F)(F)F)cc1)C2,5.3,IC50,5000.0,nM,1
CHEMBL562983,O=C1N(CCN2Cc3ccccc3C2)CCN1c1ccc(F)c(Cl)c1,5.3,IC50,5011.87,nM,1
CHEMBL1649911,CC(=O)N[C@@H](CCN1[C@@H]2CC[C@H]1C[C@@H](n1c(C)nc3c1CCN(C(C)=O)C3)C2)c1cccc(F)c1,5.3,IC50,5000.0,nM,1
CHEMBL1761694,O=C(N[C@@H]1CCC[C@H](O)C1)c1noc(-c2ccc(C(F)(F)F)cc2)c1CNCC1CC1,5.3,Ki,5011.87,nM,1
CHEMBL4858219,CCC(NC(=O)c1ccc(Cl)cc1)[C@H]1[C@@H]2C[C@@H](n3cnc4cc(F)c(F)cc43)C[C@@H]21,5.3,IC50,5000.0,nM,1
CHEMBL2023929,O=C(Nc1ccc(-c2nnc(NCCCN3CCCCC3)o2)c(C(F)(F)F)c1)c1ccccc1F,5.3,IC50,5011.87,nM,1
CHEMBL2036779,CCN1CCOC(C(=O)N2CCN(C(=O)Nc3ccc(Cl)c(Cl)c3)CC2)C1,5.3,IC50,5000.0,nM,1
CHEMBL240680,Cc1cc(F)ccc1/C=C/c1ccc(S(=O)(=O)c2ccccc2F)cn1,5.3,Ki,5000.0,nM,1
CHEMBL2031988,COc1c(C(C)(C)C)cc(C(=O)NC[C@H]2CCN(C(=O)CCCCC(c3ccc(F)cc3)c3ccc(F)cc3)C2)cc1C(C)(C)C,5.3,IC50,5000.0,nM,1
CHEMBL2031986,CC(C)(C)c1cc(C(=O)NC[C@H]2CCN(C(=O)CCCCC(c3ccc(F)cc3)c3ccc(F)cc3)C2)cc(C(C)(C)C)c1,5.3,IC50,5000.0,nM,1
CHEMBL5775252,COc1ccc(NCCNCCCF)c(F)c1[C@@H]1c2[nH]c3ccccc3c2C[C@@H](C)N1CC(F)(F)F,5.3,IC50,5000.0,nM,1
CHEMBL424895,CN(C)C(=O)[C@@H]1CCCN1Cc1ccc2c(c1)CC[C@H](N(C)C(=O)c1ccc(-c3ccc(F)cc3)cc1)C2,5.3,IC50,5000.0,nM,1
CHEMBL5832006,Cc1c(OCCNCCCF)cncc1[C@@H]1c2[nH]c3ccccc3c2C[C@@H](C)N1CC(F)(F)F,5.3,IC50,5000.0,nM,1
CHEMBL5834106,C[C@@H]1Cc2c([nH]c3cccc(F)c23)[C@@H](c2c(F)ccc(OCCNCCCF)c2F)N1CC(F)(F)CO,5.3,IC50,5000.0,nM,1
CHEMBL2022495,COc1cc(NC(=O)c2ccccc2F)ccc1-c1nnc(NCCCN2CCCCC2)o1,5.3,IC50,5011.87,nM,1
CHEMBL2203843,COc1cc(Nc2cnc(C#N)c(O[C@H](C)CN(C)C)n2)ncc1-c1cnn(C)c1,5.3,IC50,5000.0,nM,1
CHEMBL2203847,CNc1cc(Nc2cnc(C#N)c(O[C@H](C)CN(C)C)n2)ncc1C(=O)OC,5.3,IC50,5000.0,nM,1
CHEMBL2036778,CCN1CCC[C@@H](C(=O)N2CCN(C(=O)Nc3ccc(Cl)c(Cl)c3)CC2)C1,5.3,IC50,5000.0,nM,1
CHEMBL1928705,C[C@H](CN(C)C)Oc1nc(Nc2cc3cccc(Cl)c3cn2)cnc1C#N,5.3,IC50,5000.0,nM,1
CHEMBL2207664,Cc1c(Cl)ccc(OC2CCN(C[C@H](O)CNC(=O)c3c[nH]c(=O)cc3C(F)(F)F)CC2)c1Cl,5.3,IC50,5011.87,nM,1
CHEMBL1287827,Cc1ccc2c(N3CCN(CCc4cccc5c4ccc(=O)n5C)[C@@H](C)C3)cccc2n1,5.3,Ki,5011.87,nM,1
CHEMBL2207662,O=C(NC[C@@H](O)CN1CCC(Oc2ccc(Cl)c(Cl)c2)CC1)c1c[nH]c(=O)cc1C(F)(F)F,5.3,IC50,5011.87,nM,1
CHEMBL5831396,CCn1c(N2CCC[C@H](N)C2)nc2c([N+](=O)[O-])c(Br)c(Br)cc21,5.3,IC50,4990.0,nM,1
CHEMBL1796062,COCCCc1cc(Br)cc(CN(C(=O)[C@H]2CNCC[C@@H]2c2ccn(C)c(=O)c2)C2CC2)c1,5.3,Ki,5000.0,nM,1
CHEMBL1257565,Cc1ncoc1-c1nnc(SCCCN2CCC3(c4ccccc4)CC3C2)n1C,5.3,IC50,5011.87,nM,1
CHEMBL4763365,CN1CCCN(C(=O)c2ccc(-c3cnc(N)c(-c4ccc(C(F)(F)F)cc4)n3)cc2)CC1,5.3,IC50,5000.0,nM,1
CHEMBL1951601,CC(C)=CCn1c(N2CCC[C@H](N)C2)c(C#N)c2c1c(=O)n(Cc1cnc3ccccc3n1)c(=O)n2C,5.3,IC50,5000.0,nM,1
CHEMBL1927162,COc1ccc2ncc(F)c(CCN3CCC(NCc4cc5c(cn4)OCCO5)CC3)c2c1,5.3,IC50,5000.0,nM,1
CHEMBL493515,COc1ccc(C(=O)N(c2cc(C)ccn2)C2CCN(c3cc(N)ccn3)CC2)cc1,5.3,Ki,5030.0,nM,1
CHEMBL1683444,C[C@@H](C[C@@H](CS(=O)(=O)N1CCC(OCc2ccc(Cl)cc2Cl)CC1)N(O)C=O)c1ncc(F)cn1,5.3,IC50,5000.0,nM,1
CHEMBL272694,Cc1ccc2c(-c3nnc(SCCCN4CCc5cc6nc(C)oc6c(C)c5CC4)n3C)cccc2n1,5.3,IC50,5011.87,nM,1
CHEMBL1927165,COc1ccc2ncc(F)c([C@@H](O)CN3CCC(NCc4cc5c(cn4)OCCO5)CC3)c2n1,5.3,IC50,5000.0,nM,1
CHEMBL2146808,COCCN1CCC[C@@H]1Cn1nc(Cc2ccc(Cl)cc2)c2cccnc2c1=O,5.3,IC50,5011.87,nM,1
CHEMBL5914083,CN(C)C(=O)c1cccc2c1CN(C(C)(C)CCc1ccc(O)c(OC(F)(F)F)c1)C2,5.3,IC50,5000.0,nM,1
CHEMBL2158815,O=C(O)C(c1ccccc1)N1CCC(N2CCC(Oc3ccc(Cl)c(Cl)c3)CC2)CC1,5.3,IC50,5011.87,nM,1
CHEMBL427836,CCc1nc2c3c(ccc2o1)CCN(CCCSc1nnc(-c2ocnc2C)n1C)CC3,5.3,IC50,5011.87,nM,1
CHEMBL4875851,Cc1cc(C(=O)O)ccc1-c1ccc(Cl)c(-c2ccc(C(F)(F)F)cc2CN2C(=O)O[C@H](c3cc(C(F)(F)F)cc(C(F)(F)F)c3)[C@@H]2C)c1,5.3,IC50,5000.0,nM,1
CHEMBL271729,Cc1ccc2c(-c3nnc(SCCCN4CCc5nc6ccc(C(F)(F)F)cn6c5CC4)n3C)cccc2n1,5.3,IC50,5011.87,nM,1
CHEMBL1084033,Fc1ccc(C(Cc2ccccc2OC(F)(F)F)N2CCNCC2)cc1,5.3,IC50,4950.0,nM,1
CHEMBL1082447,Cc1ccc(-c2ccc3cc(CCN4CCC[C@H]4C)ccc3n2)c(C)n1,5.3,Ki,5000.0,nM,1
CHEMBL272775,Cc1ncoc1-c1nnc(SCCCN2CCc3ccc4nc(C(C)(F)F)oc4c3CC2)n1C,5.3,IC50,5011.87,nM,1
CHEMBL393581,Cc1c(-c2ccc3cc(CCN4CCC[C@H]4C)ccc3n2)cnn1-c1ccccn1,5.3,Ki,5000.0,nM,1
CHEMBL256659,Cc1ncoc1-c1nnc(SCCCN2CCc3ccc4nc(C(F)(F)F)oc4c3CC2)n1C,5.3,IC50,5011.87,nM,1
CHEMBL1910286,COCCCc1cc(CN(C(=O)[C@H]2CNCC[C@]2(O)c2ccccc2)C2CC2)cc(OCCOC)c1,5.3,Ki,5000.0,nM,1
CHEMBL271072,Cc1ccc2c(-c3nnc(SCCCCN4CCc5cc6nc(C)oc6c(Br)c5CC4)n3C)cccc2n1,5.3,IC50,5011.87,nM,1
CHEMBL1924014,O=C(NCCN1CCCCC1)c1ccc(Oc2ncc(Cl)cc2NS(=O)(=O)c2ccc(Cl)c(C(F)(F)F)c2)cc1,5.3,IC50,5011.87,nM,1
CHEMBL1090186,COc1ccc2c(c1)CC(CCN(C)C)=C2[C@@H](C)c1nccnc1OC,5.3,IC50,5000.0,nM,1
CHEMBL193544,CN1CCC(Oc2cccc3ncnc(Nc4ccc(OCc5ccccn5)c(Cl)c4)c23)CC1,5.3,IC50,5000.0,nM,1
CHEMBL256652,Cc1ccc2c(-c3nnc(SCCCN4CCc5cc6c(cc5CC4)N(C)C(=O)CO6)n3C)cccc2n1,5.3,IC50,5011.87,nM,1
CHEMBL255826,Cc1ccc2c(-c3nnc(SCCCN4CCc5cc6nc(N7CCCCC7)oc6cc5CC4)n3C)cccc2n1,5.3,IC50,5011.87,nM,1
CHEMBL2387464,O=C(Nc1c[nH]c2ncc(-c3ccccc3F)cc12)c1cnn2ccc(NC[C@H]3CCNC[C@@H]3F)nc12,5.3,IC50,5000.0,nM,1
CHEMBL2177588,CN1C[C@@H](C(=O)Nc2ccc(Cl)cc2)[C@H](c2ccc(/C=C/C(=O)Nc3ccccc3N)cc2)C1,5.3,IC50,5000.0,nM,1
CHEMBL272545,CCc1nc2cc3c(cc2o1)CCN(CCCSc1nnc(-c2cccc4nc(C)ccc24)n1C)CC3,5.3,IC50,5011.87,nM,1
CHEMBL9387,Cc1cccc(NC(=O)N[C@@H]2N=C(c3ccccc3)c3ccccc3N(C)C2=O)c1,5.3,IC50,5000.0,nM,1
CHEMBL2207281,O=C(NC[C@@H](O)CN1CCC(Oc2ccc(Cl)c(Cl)c2)CC1)c1c[nH]c(=O)c2cc(S(=O)(=O)NCCO)ccc12,5.3,IC50,5011.87,nM,1
CHEMBL2158771,N#Cc1ccc(C[C@@H](C(=O)O)N2CCC(CN3CCC(Oc4ccc(Cl)c(Cl)c4)CC3)CC2)cc1,5.3,IC50,5011.87,nM,1
CHEMBL1086514,C[C@@H]1CCCN1CCc1ccc2nc(-c3ccc(-n4ccc(=O)cc4)cc3)ccc2c1,5.3,Ki,5000.0,nM,1
CHEMBL1097701,O=C(CN1CCCN(Cc2nc3ccccc3[nH]2)CC1)Nc1ccc(C(F)(F)F)cc1,5.3,IC50,4970.0,nM,1
CHEMBL209324,COc1ccccc1N1CCN(CCCCNS(=O)(=O)c2ccc(C)cc2)CC1,5.3,IC50,5000.0,nM,1
CHEMBL4789774,CN1CCN(CC2CCN(c3nccc4[nH]c(-c5cc(F)cc(F)c5)cc34)CC2)CC1,5.3,IC50,5000.0,nM,1
CHEMBL5989415,CNCC(c1ccc(Br)c(Cl)c1)[C@H](O)c1ccccc1,5.3,IC50,5000.0,nM,1
CHEMBL1289164,Cc1ccc2c(N3CCN(CCc4c(Cl)ccc5c4ccc(=O)n5C)CC3)cccc2n1,5.3,Ki,5011.87,nM,1
CHEMBL3237565,COc1ccc(Nc2cc(N[C@@H]3CCCC[C@@H]3N)nnc2C(N)=O)nc1OC,5.3,IC50,5011.87,nM,1
CHEMBL1258034,Cn1c(SCCCN2CCC3CC3(c3ccc(C(F)(F)F)cc3)CC2)nnc1-c1ccnnc1,5.3,IC50,5011.87,nM,1
CHEMBL422,CN1CCN(CCCN2c3ccccc3Sc3ccc(C(F)(F)F)cc32)CC1,5.29,Ki,5100.8,nM,1
CHEMBL5965551,C[C@@H]1Cc2c([nH]c3ccccc23)[C@@H](c2c(F)cnc(OCCNCCCF)c2Cl)N1CC(F)(F)CO,5.29,IC50,5100.0,nM,1
CHEMBL219804,Nc1cc2c(ccc(=O)n2-c2c(F)cccc2F)c(-c2ccc(F)cc2F)n1,5.29,Ki,5100.0,nM,1
CHEMBL2164046,O=C(NCc1ccc(OC(F)(F)F)cc1)C1c2ccccc2C(=O)N1CCc1ccncc1,5.29,IC50,5100.0,nM,1
CHEMBL5930565,COc1c(F)cc(OCCNCCCF)c(F)c1[C@@H]1c2[nH]c3ccccc3c2C[C@@H](C)N1CC(F)(F)F,5.29,IC50,5100.0,nM,1
CHEMBL5787839,CC(C)n1c(N2CC[C@@H](N)C2)nc2c(C#N)c(Br)c(Br)cc21,5.29,IC50,5170.0,nM,1
CHEMBL3093971,CCCCCCCN(CC)CC#CCc1ccc(C)cc1,5.29,IC50,5090.0,nM,1
CHEMBL4581380,NC(=O)c1cnc2ccc(-c3cccnc3)cc2c1SC1CCCC1,5.29,IC50,5100.0,nM,1
CHEMBL1644183,O=C(O)CCNC(=O)c1ccc(Cn2nc(-c3cc(Cl)cc(Cl)c3)cc2-c2ccc(OC(F)(F)F)cc2)cc1,5.29,IC50,5100.0,nM,1
CHEMBL3740472,COCCCN1C[C@@H]2[C@@H](CNC(=O)c3nc(C(C)C)n4ccccc34)[C@@H]2C1,5.29,IC50,5100.0,nM,1
CHEMBL225036,COCC#Cc1cc(-c2n[nH]c3c2Cc2cc(CN4CCN(C)CC4)ccc2-3)cs1,5.29,IC50,5190.0,nM,1
CHEMBL1823052,CCC(CO)NS(=O)(=O)c1ccc(-c2ccc(CCN3CCC[C@H]3C)cc2)cc1,5.29,IC50,5108.11,nM,1
CHEMBL565833,CCCNCc1ccc(CCn2ccc(OCc3ccc(F)cc3)cc2=O)nc1,5.29,IC50,5100.0,nM,1
CHEMBL1084294,C[C@@H]1CCCN1CCc1ccc2nc(-c3csc(-c4cc(Cl)nc(Cl)c4)n3)ccc2c1,5.29,Ki,5100.0,nM,1
CHEMBL5421791,C[C@@H]1Cc2c([nH]c3ccccc23)[C@@H](c2c(F)ccc(OCCNCCCF)c2F)N1CC(F)(F)CO,5.29,IC50,5100.0,nM,1
CHEMBL2203589,N#CC1(c2ccccc2)CCN(Cc2cc(C(=O)N[C@H]3CCCC[C@@H]3O)c(=O)n3ccccc23)CC1,5.29,IC50,5100.0,nM,1
CHEMBL217820,CN(C)Cc1ccc2c(c1)CC[C@H](N(C)C(=O)c1ccc(-c3ccc(Cl)cc3)nc1)C2,5.29,IC50,5100.0,nM,1
CHEMBL507075,CNCc1ccc(C(F)(F)F)cc1Oc1ccc(Cl)cc1,5.29,IC50,5110.0,nM,1
CHEMBL4637995,COc1cccc([C@H](c2cc3cc(C#N)ccc3nc2OC)[C@@](O)(CCN(C)C)c2cc(SC)nc(SC)c2)c1F,5.29,IC50,5100.0,nM,1
CHEMBL2441412,O=C1OCc2cc(CCN3CCN(C(=O)Cc4ccc(-n5cnnn5)c(C(F)(F)F)c4)CC3)ccc21,5.29,IC50,5100.0,nM,1
CHEMBL5843294,COc1cncc(OCC2(CN)CC2)c1-c1cc(Nc2cnc(C#N)cn2)n[nH]1,5.29,IC50,5100.0,nM,1
CHEMBL583212,O=C(c1ccncc1)N1CCC2(CCN(Cc3ccccc3OC(F)(F)C(F)F)CC2)CC1,5.29,IC50,5128.61,nM,1
CHEMBL1084559,Cc1nc(C)c(-c2ccc3cc(CCN4CCC[C@H]4C)ccc3n2)s1,5.29,Ki,5100.0,nM,1
CHEMBL4792105,Cc1cc(COCCN2CCCC2)nn1-c1ccc(Cl)c(Cl)c1,5.29,IC50,5123.0,nM,1
CHEMBL557121,CCN(CC)C(=O)c1ccc(C2CC3(CCNCC3)Oc3ccccc32)cc1,5.29,IC50,5094.0,nM,1
CHEMBL4557670,C[C@H]1SC(N)=N[C@](C)(c2cc(NC(=O)c3cnc(OCF)cn3)ccc2F)[C@H]1F,5.29,IC50,5100.0,nM,1
CHEMBL1086561,Cc1nc(N2CCOCC2)sc1-c1ccc2cc(CCN3CCC[C@H]3C)ccc2n1,5.29,Ki,5100.0,nM,1
CHEMBL550669,CCN(CC)C(=O)c1ccc(C2=CC3(CCNCC3)Oc3ccccc32)o1,5.29,IC50,5132.0,nM,1
CHEMBL5878363,COCCN(C)C(=O)c1cccc2c1CN(C(C)(C)CCc1ccc(O)c(OC)c1)C2,5.29,IC50,5100.0,nM,1
CHEMBL216666,CN(Cc1ccc(-c2ccccc2)cc1)C(=O)N1CCC[C@H]1CN1CCCC1,5.29,IC50,5151.52,nM,1
CHEMBL5974828,Nc1ccc(-c2ccccc2)cc1NC(=O)c1ccc(N2CCNCC2)nc1,5.29,IC50,5100.0,nM,1
CHEMBL4100591,Fc1ccc(C(OC2CC3CCC(C2)N3CCN2CCCCC2)c2ccc(F)cc2)cc1,5.29,IC50,5150.0,nM,1
CHEMBL3422017,Cc1noc(-c2nnc3n2CCN(C(=O)c2ccc(-c4cccs4)cc2)[C@@H]3C)n1,5.29,IC50,5100.0,nM,1
CHEMBL1957788,CC(=O)NCCc1ccccc1-c1ccc([C@H]2CNCC[C@@]23OCc2cc(F)c(F)cc23)c(C)c1,5.29,IC50,5100.0,nM,1
CHEMBL4229089,COc1ccc2nccc(CC[C@H]3OC[C@H](NCc4ccc5c(c4)OCCO5)CO3)c2c1,5.29,IC50,5100.0,nM,1
CHEMBL2069509,c1ccc(-c2c[nH]c([C@H]3Cc4c([nH]c5ccccc45)C(C4CCNCC4)N3)n2)cc1,5.29,IC50,5100.0,nM,1
CHEMBL1099069,CCc1nn(CCOCC(F)(F)F)c2c(Nc3ccncn3)nc(N3CCNCC3)nc12,5.29,IC50,5100.0,nM,1
CHEMBL1809078,COc1ccc(N2CCOCC2)cc1Nc1ncc(Cl)c(-c2cnc3ccccn23)n1,5.29,IC50,5100.0,nM,1
CHEMBL1813475,Clc1ccc([C@@]23CCC[C@@H]2CNC3)cc1Cl,5.28,IC50,5280.0,nM,1
CHEMBL1094510,CN1CCCC(c2nc3ccccc3n2CCOc2ccccc2)C1,5.28,Ki,5291.0,nM,1
CHEMBL3822619,CCc1nn(C2CCN(C(C)=O)CC2)cc1Nc1ncc(Cl)c(-c2cnn3ccccc23)n1,5.28,IC50,5200.0,nM,1
CHEMBL3650834,CC#Cc1cncc(-c2ccc3c(c2)C2(COC(N)=N2)C2(COC2)C(CC2CC2)O3)c1,5.28,IC50,5220.0,nM,1
CHEMBL5933849,C[C@@H]1Cc2c([nH]c3ccccc23)[C@@H](c2cccc(OCCNCCCF)c2Cl)N1CC(F)(F)F,5.28,IC50,5200.0,nM,1
CHEMBL1808645,O=C(/C=C/c1ccc2c(c1)CN(CCc1cnn3ccccc13)C2)NO,5.28,IC50,5200.0,nM,1
CHEMBL4782062,CNC(=O)c1nn(C)c2ccc(Nc3nccc(-n4cc(O[C@@H]5CCNC5)c(C)n4)n3)cc12,5.28,IC50,5200.0,nM,1
CHEMBL3823278,CC(=O)N1CCC(n2cc(Nc3ncc(Cl)c(-c4cnc5ccccn45)n3)c(C)n2)CC1,5.28,IC50,5200.0,nM,1
CHEMBL4853456,CCC(NC(=O)c1ccc(Cl)cc1)[C@H]1[C@@H]2C[C@@H](n3cnc4ncc(C#N)cc43)C[C@@H]21,5.28,IC50,5200.0,nM,1
CHEMBL2178522,Cc1cn(-c2ccc(Nc3cccc4c3nc(-c3ccc(F)cc3)n4C)nc2)cn1,5.28,IC50,5200.0,nM,1
CHEMBL4208267,CCc1nn2c(C)cc(C)nc2c1Cc1ccc(CCC(O)C2CCNCC2)cc1,5.28,IC50,5300.0,nM,1
CHEMBL4564401,COc1cccc(C(c2cc3cc(C#N)ccc3nc2OC)C(O)(CCN(C)C)c2cc(C)nc(C)c2)c1OC,5.28,IC50,5200.0,nM,1
CHEMBL2059317,O=C1CCc2c(F)cccc2N1CCCN1CCC(n2c(=O)[nH]c3ccccc32)CC1,5.28,IC50,5300.0,nM,1
CHEMBL598194,NC1(C(=O)NCc2ccc(Cl)cc2)CCN(c2ncnc3[nH]ccc23)CC1,5.28,IC50,5235.0,nM,1
CHEMBL3415585,Cc1cc(C)nc(Nc2cc(NC[C@@H](N)CC(F)F)cnc2C(N)=O)c1,5.28,IC50,5200.0,nM,1
CHEMBL4447741,C[C@@H]1CN(C(=O)c2ccnc(Nc3nc4cnc(Nc5ccc(F)c(C(F)(F)F)c5)cc4[nH]3)c2)C[C@H](C)O1,5.28,IC50,5300.0,nM,1
CHEMBL4080222,O=C(Cc1ccc(OCC[C@@H]2C[C@@H]2C2CCN(c3ncc(Cl)cn3)CC2)cc1F)N1CC(O)C1,5.28,IC50,5300.0,nM,1
CHEMBL4874648,COC(=O)N[C@H]1CC[C@@H](n2cc(-c3ccc(Cl)c(N)c3)c3c(N)ncnc32)CC1,5.28,IC50,5300.0,nM,1
CHEMBL5926234,COc1ccc(OC[C@@H](C)NCCCF)cc1[C@@H]1c2[nH]c3ccccc3c2C[C@@H](C)N1CC(F)(F)CO,5.28,IC50,5300.0,nM,1
CHEMBL2403845,CC(C)Oc1cc(C2CCNCC2)ccc1Nc1ncc(Cl)c(Nc2ccccc2S(=O)(=O)C(C)C)n1,5.28,IC50,5300.0,nM,1
CHEMBL3290338,Cc1nc(CNC2CCN(CCn3c(=O)ccc4ccc(C#N)cc43)CC2)ccc1C#N,5.28,IC50,5300.0,nM,1
CHEMBL4451760,COc1c(C#N)ccc2[nH]c(-c3cn4c(n3)[C@H](c3cccc(F)c3C)OCC4)cc12,5.28,IC50,5290.0,nM,1
CHEMBL5413311,Cc1c(OCCNCCCF)ccc(F)c1[C@@H]1c2[nH]c3ccccc3c2C[C@@H](C)N1CC(F)(F)F,5.28,IC50,5300.0,nM,1
CHEMBL4473519,NC(=O)c1ccn(-c2cccc(OC(=O)NCCN3CCN(c4ccccc4)CC3)c2)c1,5.28,IC50,5300.0,nM,1
CHEMBL250481,Cc1[nH]nc2c1c(=O)n(CCCN)c1cc(C3CCCCC3)c(C3CCCCC3)cc21,5.28,IC50,5300.0,nM,1
CHEMBL1095158,Cc1c[nH]nc1C(=O)N[C@@H]1CC(C)(C)Oc2nc(-c3ccc(Cl)cc3Cl)c(-c3ccc(Cl)cc3)cc21,5.28,IC50,5300.0,nM,1
CHEMBL3661464,CC(C)n1cc(C(=O)c2cncc(NC(=O)Cc3ccc(Cl)cc3)c2)c2cncnc21,5.28,Ki,5200.0,nM,1
CHEMBL478395,Cc1nc2ccccc2c(=O)n1-c1ccc(OCCCN2CCC[C@H](C)C2)cc1,5.28,IC50,5300.0,nM,1
CHEMBL4649482,O=C(Nc1ncns1)/C(=N/N1CCCC1)c1ccc(S(=O)(=O)C2CC2)cc1,5.28,IC50,5300.0,nM,1
CHEMBL4070136,CC(C)Oc1ccc(-c2cc3c(N[C@@H]4CC[C@](C)(N)C4(C)C)c(C(N)=O)cnn3c2)cn1,5.28,IC50,5300.0,nM,1
CHEMBL5971806,CN1CCN(c2ccc3cc(C(=O)Nc4cc(-c5ccco5)ccc4N)ncc3c2)CC1,5.28,IC50,5200.0,nM,1
CHEMBL423108,N[C@H](C(=O)N1CCC(F)(F)C1)[C@H]1CC[C@H](NS(=O)(=O)c2ccc(OC(F)(F)F)cc2)CC1,5.28,Ki,5300.0,nM,1
CHEMBL4742712,O=C1CCC(N2Cc3cc(CNC(=O)C(F)(F)c4ccc(Cl)cc4)ccc3C2=O)C(=O)N1,5.28,IC50,5300.0,nM,1
CHEMBL4442584,CCN(CC)Cc1ccc(-c2ccc3ncc(-c4ccc(S(C)(=O)=O)cc4)n3n2)cc1F,5.28,IC50,5200.0,nM,1
CHEMBL3703295,NC1=NC2(CO1)c1cc(-c3cncnc3)ccc1OCC21CCC1,5.28,IC50,5280.0,nM,1
CHEMBL3786923,O=C(c1nnc(-c2ccccc2Cl)o1)N1CCC(Oc2ccc(CN3CCCC3)cc2)CC1,5.28,IC50,5300.0,nM,1
CHEMBL2164047,O=C(NCc1ccc(OC(F)(F)F)cc1)C1c2ccccc2C(=O)N1CCc1ccc(F)cn1,5.28,IC50,5300.0,nM,1
CHEMBL2338407,CC(C)(C)NC(=O)NCCN1CCCC(CNC(=O)c2cc(Cl)cc(Cl)c2)C1,5.28,IC50,5300.0,nM,1
CHEMBL1809058,COc1cc(N2CC3CNCC(C2)O3)ccc1Nc1ncc(Cl)c(-c2cnc3ccccn23)n1,5.28,IC50,5300.0,nM,1
CHEMBL3696479,Cc1c(CCN2CCN(CC(O)c3ccc4c(c3C)COC4=O)CC2)ccc2c1COC2=O,5.28,IC50,5200.0,nM,1
CHEMBL470582,CS(=O)(=O)N1CCC2(CCN(c3ccc(C(=O)Nc4cc(-c5cccs5)ccc4N)cn3)CC2)C1,5.28,Ki,5210.0,nM,1
CHEMBL492557,O=S(=O)(c1ccc2c(c1)CCNCC2)N1CC[C@H](Oc2ccccc2Cl)C1,5.28,Ki,5240.0,nM,1
CHEMBL2315920,O=C(CNc1ncnc2ccc(C(F)(F)F)cc12)NC1CN([C@H]2CC[C@@H](c3ccccc3)CC2)C1,5.28,IC50,5200.0,nM,1
CHEMBL1779010,COc1cc(F)ccc1-c1cncc(NCc2ccccc2)c1,5.28,IC50,5200.0,nM,1
CHEMBL4467839,Cn1cc(NC(=O)c2cncc(-c3ccnc(NCC4CC4)c3)c2)c(C(N)=O)n1,5.28,IC50,5200.0,nM,1
CHEMBL457614,CC(C)Oc1cc(Nc2nc(N[C@@H](C)c3ccc(F)cn3)ncc2Cl)n[nH]1,5.28,IC50,5200.0,nM,1
CHEMBL5989678,CCCc1nc2ccc(CN3CCN(c4ccc(C(=O)NC)nc4)CC3)cc2[nH]c1=O,5.28,IC50,5200.0,nM,1
CHEMBL3417045,Fc1cccc(-n2cc(NCCN3CCCCC3)nn2)c1,5.28,IC50,5200.0,nM,1
CHEMBL3577941,CC(C)N(C)[C@@H]1CC[C@H](NC(=O)CNC(=O)c2cccc(C(F)(F)F)c2)[C@H](COc2ccccc2)C1,5.28,IC50,5300.0,nM,1
CHEMBL3605011,O=C1COc2ccc(CNC34CCC(CCc5c(F)cnc6ccc(OCc7cc(=O)c(O)c[nH]7)nc56)(CC3)OC4)nc2N1,5.28,IC50,5300.0,nM,1
CHEMBL3287929,Clc1ccc(Sc2cn(-c3cccnc3)nc2-c2ccc(-c3ncon3)cc2)cc1,5.28,Ki,5214.0,nM,1
CHEMBL1642896,CN[C@@H]1Cc2ccccc2[C@H](c2ccc(Cl)c(Cl)c2)C1,5.28,IC50,5270.0,nM,1
CHEMBL4794205,Cc1nnn(Cc2cc(Cl)ccc2/C=C/C(=O)N2CCC(Cc3ncc(C)o3)CC2)n1,5.28,IC50,5200.0,nM,1
CHEMBL506077,Oc1nnc2c3cc(-c4ccccc4)c(-c4ccc(CN5CCC(c6n[nH]c(-c7ccccn7)n6)CC5)cc4)nc3ccn12,5.28,IC50,5312.0,nM,1
CHEMBL462225,CNCc1cc(Cl)ccc1Oc1ccc(C)c(C)c1,5.28,IC50,5230.0,nM,1
CHEMBL4848514,CC[C@@H](NC(=O)c1ccc(Cl)cc1)[C@H]1[C@@H]2C[C@@H](n3cnc4ccc(C#N)cc43)C[C@@H]21,5.28,IC50,5300.0,nM,1
CHEMBL215660,CN(C)Cc1ccc2c(c1)CC[C@H](N(C)C(=O)c1ccc(-c3ccc(F)cc3)cn1)C2,5.28,IC50,5200.0,nM,1
CHEMBL4169550,O=C(NC[C@@H]1[C@H]2CN(C(=O)OCc3cc(C(F)(F)F)cc(C(F)(F)F)c3)C[C@@H]12)c1ccc2[nH]c(=O)oc2c1,5.28,IC50,5200.0,nM,1
CHEMBL5776050,Cn1ccc(Cn2cc(-c3ccc(Cl)cc3Cl)cn2)n1,5.28,IC50,5210.0,nM,1
CHEMBL216554,O=C(NC1CCN(Cc2ccc3occc3c2)CC1)c1cc(=O)c2ccc(F)cc2o1,5.28,IC50,5280.0,nM,1
CHEMBL2326694,COCCN1CC=CC[C@H](c2ccc(Cl)c(Cl)c2)C1,5.28,IC50,5300.0,nM,1
CHEMBL4208510,Cn1cc(-c2ccc(OC3CCN(C(=O)Cc4ccc(OC(F)(F)F)cc4)CC3)c(C(N)=O)n2)cn1,5.28,IC50,5300.0,nM,1
CHEMBL4848472,O=C(Oc1ccc(OCc2ccccc2)cc1)N(Cc1ccccc1)S(=O)(=O)c1ccc(Cl)cc1,5.28,IC50,5200.0,nM,1
CHEMBL444203,CNC(C)c1cc(F)ccc1Oc1ccc(Cl)cc1,5.28,IC50,5230.0,nM,1
CHEMBL4645820,COc1cc([C@](O)(CCN(C)C)[C@@H](c2cc3cc(C#N)ccc3nc2OC)c2cccc(OC)c2F)cc(OC(F)F)n1,5.28,IC50,5300.0,nM,1
CHEMBL4456312,N#Cc1ccc(S(=O)(=O)N2C[C@H](S(=O)(=O)c3ccc(Cl)cc3)[C@](O)(CN)C2)c(Cl)c1,5.28,IC50,5300.0,nM,1
CHEMBL4450287,O=C(O)CC1CCN(c2ccc(-c3ccc(-c4nc5cc(Cl)ccc5[nH]4)cn3)cn2)CC1,5.28,Ki,5220.0,nM,1
CHEMBL1084616,C[C@@H]1CCCN1CCc1ccc2nc(-c3ccn4ncnc4n3)ccc2c1,5.28,Ki,5200.0,nM,1
CHEMBL4100755,C[C@@H](c1ccc(OC(F)F)cc1)N1CC[C@](CCC(N)=O)(c2ccc(F)cc2)OC1=O,5.28,IC50,5300.0,nM,1
CHEMBL214742,COc1ccc2c(=O)n(C)c(CN(C)C)c(-c3ccccc3)c2c1,5.28,IC50,5300.0,nM,1
CHEMBL4515350,O=C(Cn1ccc2ncc(-c3cccc(C(F)(F)F)c3)cc21)N1CCC1,5.28,IC50,5300.0,nM,1
CHEMBL507898,Fc1ccc2c([C@@H]3CNCC[C@H]3F)c(C3CCCCC3)[nH]c2c1,5.27,Ki,5400.0,nM,1
CHEMBL458359,Cc1nc2ccc(Cl)cc2c(=O)n1-c1ccc(OC2CCN(C3CCC3)CC2)cc1,5.27,IC50,5400.0,nM,1
CHEMBL5973051,C[C@@H]1Cc2c([nH]c3ccccc23)[C@@H](c2c(F)ccc(OCCNCCCF)c2F)N1CC1(S(C)(=O)=O)CC1,5.27,IC50,5400.0,nM,1
CHEMBL499555,Nc1nnc2c3cc(-c4ccccc4)c(-c4ccc(CN5CCC(c6n[nH]c(-c7ccccn7)n6)CC5)cc4)nc3ccn12,5.27,IC50,5319.0,nM,1
CHEMBL5806385,C[C@@H]1Cc2c([nH]c3ccccc23)[C@@H](c2cc(OCCNCCCF)ccc2C#N)N1CC(F)(F)F,5.27,IC50,5400.0,nM,1
CHEMBL5399407,COc1ccc(OCCNCCCF)cc1[C@@H]1c2[nH]c3ccccc3c2C[C@@H](C)N1CC(F)F,5.27,IC50,5400.0,nM,1
CHEMBL6054685,Cc1ccc2[nH]c3c(c2c1)C[C@@H](C)N(CC(F)(F)CO)[C@@H]3c1c(F)cnc(OCCNCCCF)c1F,5.27,IC50,5400.0,nM,1
CHEMBL559251,CN(C)CCC1=C(Cc2cnccn2)c2ccccc2C1,5.27,IC50,5400.0,nM,1
CHEMBL2408632,O=C(O)[C@H]1CC[C@@H](Oc2ccc(-c3ccc(-c4nc5cc(Cl)ccc5[nH]4)cn3)cn2)CC1,5.27,Ki,5390.0,nM,1
CHEMBL4866976,CCC(NC(=O)c1ccc(Cl)cc1)[C@H]1[C@@H]2C[C@@H](n3cnc4ccc(F)cc43)C[C@@H]21,5.27,IC50,5400.0,nM,1
CHEMBL562285,O=C(NC1CCN(Cc2ccn(-c3ccc(C(F)(F)F)cc3)c2)CC1)NC(Cc1cnccn1)c1ccccc1,5.27,IC50,5340.0,nM,1
CHEMBL1939746,CCOC(=O)Nc1cccc([C@@H](c2ccc(C(=O)N(CC)CC)cc2)N2CCN(Cc3cscn3)CC2)c1,5.27,IC50,5400.0,nM,1
CHEMBL4856417,CCC(NC(=O)c1ccc(Cl)cc1)[C@H]1[C@@H]2C[C@@H](n3cnc4ccc(F)c(F)c43)C[C@@H]21,5.27,IC50,5400.0,nM,1
CHEMBL1171756,N#Cc1cccc(Oc2ccc(C(=O)N3CCCN(C4CCC4)CC3)cn2)c1,5.27,IC50,5400.0,nM,1
CHEMBL2017569,COc1cc(-c2cn(C3C(=O)NC4CCC3C4)nn2)ccc1-n1cnc(C)c1,5.27,IC50,5350.0,nM,1
CHEMBL4100640,O=C(O)CC1CCC2(CC1)CCN(c1ccc(-c3nc4cc(C(F)(F)F)ccc4[nH]3)cn1)CC2,5.27,IC50,5400.0,nM,1
CHEMBL6041961,CC(C)Oc1cncc(-c2ccc3[nH]nc(C(=O)NCC4CCS(=O)(=O)C4)c3c2)c1,5.27,IC50,5400.0,nM,1
CHEMBL1771095,Cc1cnc(N2CCC(C3CCN(c4cc(C#N)nc(C)n4)CC3)CC2)cn1,5.27,IC50,5400.0,nM,1
CHEMBL4470355,Cc1cncc(Nc2cc(NC3CCN(c4ccc(C#N)cn4)CC3)c(C(N)=O)cn2)n1,5.27,IC50,5400.0,nM,1
CHEMBL3627895,Cc1ncn(-c2cc(Cl)c(C(=O)NC[C@@H](c3cccc(F)c3)c3nc4ccc(Cl)cc4[nH]3)c(Cl)c2)n1,5.27,IC50,5351.0,nM,1
CHEMBL1271756,Cc1nc(C(=O)NCCCN2CCN(c3cccc(Cl)c3Cl)CC2)cc(C(C)C)n1.Cl,5.27,IC50,5400.0,nM,1
CHEMBL378663,C[C@@H]1C[C@H](O[C@H](C)c2cc(C(F)(F)F)cc(C(F)(F)F)c2)[C@@H](c2ccc(F)cc2)CN(C)C1=O,5.27,Ki,5400.0,nM,1
CHEMBL3927522,N#Cc1ccc(-c2ccc(C[C@@H](C#N)NC(=O)[C@@H]3CCCC[C@@H]3N)cc2)cc1,5.27,IC50,5400.0,nM,1
CHEMBL2381898,CN(C)Cc1ccccc1-c1ccc(NC(=O)Nc2cccnc2Oc2ccccc2C(C)(C)C)c(F)c1,5.27,IC50,5400.0,nM,1
CHEMBL198387,CC(C)(C)C1CCC2(CC1)CCN(c1ccc(OC(F)(F)F)cc1)C(=O)N2Cc1ccc(C(=O)Nc2nn[nH]n2)cc1,5.27,IC50,5400.0,nM,1
CHEMBL225261,NC(=O)N1CCN(Cc2ccc3c(c2)Cc2c(-c4csc(C#CCOc5ccccc5)c4)n[nH]c2-3)CC1,5.27,IC50,5360.0,nM,1
CHEMBL3703289,CC#Cc1cncc(-c2ccc3c(c2)C2(COC(N)=N2)C2(COC2)C(CCC)O3)c1,5.27,IC50,5340.0,nM,1
CHEMBL5836417,CCN(CCN1CCC(c2noc3cc(F)ccc23)CC1)C(=O)C1CCC(O)CC1,5.27,IC50,5400.0,nM,1
CHEMBL4174506,CCCC[C@@H](CCO)Nc1nc(N)nc2ccc(C)cc12,5.27,IC50,5400.0,nM,1
CHEMBL5908106,CCN(CCN1CCC(c2c[nH]c3ccccc23)CC1)C(=O)CCO,5.27,IC50,5400.0,nM,1
CHEMBL2017586,COc1cc(-c2cn([C@H]3C[C@@H](C(C)(C)C)CCN(CC(F)(F)F)C3=O)nn2)ccc1-n1cnc(C)c1,5.27,IC50,5400.0,nM,1
CHEMBL5991784,CCN(CCN1CCC(c2c[nH]c3cc(F)ccc23)CC1)S(=O)(=O)CCO,5.27,IC50,5400.0,nM,1
CHEMBL3823659,CC(=O)N1CCC(n2cc(Nc3ncc(Cl)c(-c4cnc5ccccn45)n3)cn2)CC1,5.27,IC50,5400.0,nM,1
CHEMBL4757503,CN1CCCC1CCOc1ccc(/C(=C(/CCCO)c2ccccc2)c2ccc(O)cc2)cc1.Cl,5.27,IC50,5400.0,nM,1
CHEMBL3754022,COc1ccc2ncc(F)c(C/C(=N/O)C34CCC(NCc5ccc6c(n5)NC(=O)CO6)(CC3)CO4)c2n1,5.27,IC50,5400.0,nM,1
CHEMBL490,Fc1ccc([C@@H]2CCNC[C@H]2COc2ccc3c(c2)OCO3)cc1,5.27,IC50,5400.0,nM,1
CHEMBL4531226,Fc1ccc(-c2nc(N3CCOCC3)sc2-c2ccnc(Nc3ccc(N4CCNCC4)cc3)n2)cc1,5.27,IC50,5400.0,nM,1
CHEMBL4130157,O=C(c1ccc(-c2cnn3cccnc23)cc1)N(c1nccc2ccccc12)[C@@H]1CCCNC1,5.27,Ki,5400.0,nM,1
CHEMBL6011637,CNC[C@H](c1ccc2ccccc2c1)[C@H](OC)c1ccc2c(c1)OCO2,5.27,IC50,5400.0,nM,1
CHEMBL5900752,Fc1cnccc1-c1cc2ccncc2n1-c1ccc(Cl)cc1,5.26,IC50,5500.0,nM,1
CHEMBL6016292,Clc1ccc(-n2c(-c3ccc(N4CCOCC4)nn3)nc3ccncc32)cc1,5.26,IC50,5500.0,nM,1
CHEMBL5850263,Clc1ccc(-n2c(-c3ccncc3Cl)cc3ccncc32)cc1,5.26,IC50,5500.0,nM,1
CHEMBL2177308,NC1=NC(c2cccc(-c3cncnc3)c2)(c2ccnc(C(F)(F)F)c2)c2ccccc21,5.26,IC50,5500.0,nM,1
CHEMBL2181298,Nc1ncc(-c2ccc(C(=O)N3CCNCC3)cc2)cc1-c1ccc(C(F)(F)F)cc1,5.26,IC50,5500.0,nM,1
CHEMBL2164382,O=C(NCc1ccc(OC(F)(F)F)cc1)C1c2ccccc2C(=O)N1CCc1cccnc1,5.26,IC50,5500.0,nM,1
CHEMBL2333605,FC(F)(F)c1cc(COCC2(c3ccccc3)CCNCC2)nc(C2CC2)c1,5.26,IC50,5500.0,nM,1
CHEMBL2204252,CC(C)(C)Oc1ccc([C@]2(O)CC[C@H](N3CC(NC(=O)CNC(=O)c4cccc(C(F)(F)F)c4)C3)CC2)cn1,5.26,IC50,5500.0,nM,1
CHEMBL3618324,COc1cc(-n2cnn3cc(-c4ccc(Cl)cc4)cc3c2=O)ccc1OCCN1CCCC1,5.26,IC50,5500.0,nM,1
CHEMBL2164366,O=C(NCc1ccc(OC(F)(F)F)cc1)C1c2ccccc2C(=O)N1CCc1ncc(F)cn1,5.26,IC50,5500.0,nM,1
CHEMBL3775760,Cc1nc([C@]2(c3cnn(C)c3)N[C@@H](c3nc(-c4ccccn4)c[nH]3)Cc3c2[nH]c2ccccc32)no1,5.26,IC50,5503.0,nM,1
CHEMBL3605025,N#CC1(COc2ccc3ncc(F)c(CCC45CCC(NCc6ccc7c(n6)NC(=O)CO7)(CC4)CO5)c3n2)CC1,5.26,IC50,5500.0,nM,1
CHEMBL5858070,NC(=O)N1CCC(c2c(-c3cccnc3)n(-c3ccc(Cl)cc3)c3cnccc23)CC1,5.26,IC50,5500.0,nM,1
CHEMBL6020463,Nc1cc(-c2cc3ccncc3n2-c2ccc(Cl)cc2)ccn1,5.26,IC50,5500.0,nM,1
CHEMBL5835675,NC(=O)N1CCC(c2c(-c3cc[nH]n3)n(-c3ccc(Cl)cc3)c3cnccc23)CC1,5.26,IC50,5500.0,nM,1
CHEMBL6002939,CN(C)Cc1c(-c2ccncc2)n(-c2ccc(Cl)cc2)c2cnccc12,5.26,IC50,5500.0,nM,1
CHEMBL5991109,Clc1ccc(-n2c(-c3ccncc3)cc3ccncc32)cc1,5.26,IC50,5500.0,nM,1
CHEMBL6013170,Clc1ccc(-n2c(-c3ccncc3)c(C3CCNCC3)c3ccncc32)cc1,5.26,IC50,5500.0,nM,1
CHEMBL5798962,NC(=O)N1CCC(c2c(-n3cccn3)n(-c3ccc(Cl)cc3)c3cnccc23)CC1,5.26,IC50,5500.0,nM,1
CHEMBL5793306,Cn1nccc1-c1c(C2CCN(C(N)=O)CC2)c2ccncc2n1-c1ccc(Cl)cc1,5.26,IC50,5500.0,nM,1
CHEMBL5749111,CS(=O)(=O)NC1CCN(c2ccc(-c3nc4ccncc4n3-c3ccc(Cl)cc3)cn2)CC1,5.26,IC50,5500.0,nM,1
CHEMBL5755360,Cc1ccc(-n2c(-c3ccc(N4CCOCC4)nc3)nc3ccncc32)c(F)c1,5.26,IC50,5500.0,nM,1
CHEMBL5830899,Fc1ccc(-n2c(-c3cnc(NCC4CC4)nc3)nc3ccncc32)cc1,5.26,IC50,5500.0,nM,1
CHEMBL3582332,CCn1cc([C@@]2(c3nnc(N(C)C)o3)N[C@@H](c3nc(-c4ccc(F)cn4)c[nH]3)Cc3c2[nH]c2ccccc32)cn1,5.26,IC50,5500.0,nM,1
CHEMBL5869828,Clc1ccc(-n2c(-c3cnc(N4CCOCC4)nc3)nc3ccncc32)cc1,5.26,IC50,5500.0,nM,1
CHEMBL4532620,CCOc1cc([C@](O)(CCN(C)C)[C@@H](c2cc3cc(Br)ccc3nc2OC)c2cccc(OC)c2OC)cc(OCC)n1,5.26,IC50,5500.0,nM,1
CHEMBL5808397,NC(=O)N1CCC(c2c(-c3ccc(N)nc3)n(-c3ccc(Cl)cc3)c3cnccc23)CC1,5.26,IC50,5500.0,nM,1
CHEMBL5775116,NC(=O)N1CCC(c2c(-c3cncnc3)n(-c3ccc(Cl)cc3)c3cnccc23)CC1,5.26,IC50,5500.0,nM,1
CHEMBL5825800,Clc1ccc(-n2c(-c3ccc(Cn4ccnc4)cc3)nc3ccncc32)cc1,5.26,IC50,5500.0,nM,1
CHEMBL5750839,Clc1ccc(-n2c(-c3ccc(N4CCOCC4)nc3)nc3ccncc32)cc1,5.26,IC50,5500.0,nM,1
CHEMBL5892384,Clc1ccc(-n2c(-c3cccnc3)cc3ccncc32)cc1,5.26,IC50,5500.0,nM,1
CHEMBL5860863,c1ccc(-n2c(-c3cnc(N4CCOCC4)nc3)cc3ccncc32)cc1,5.26,IC50,5500.0,nM,1
CHEMBL6029215,O=c1cc(-c2cc3ccncc3n2-c2ccc(Cl)cc2)cc[nH]1,5.26,IC50,5500.0,nM,1
CHEMBL2164206,CONC(=O)N(Cc1ccsc1)C1CCN([C@H](C)CCNC(=O)c2c(C)cc(Cl)nc2C)CC1,5.26,IC50,5500.0,nM,1
CHEMBL3582341,CCn1cc([C@@]2(c3nn(CC4CC4)c(=O)o3)N[C@@H](c3nc(-c4ccc(F)cn4)c[nH]3)Cc3c2[nH]c2ccccc32)cn1,5.26,IC50,5500.0,nM,1
CHEMBL5888699,Clc1ccc(-n2c(-c3ccncc3)nc3ccncc32)cc1,5.26,IC50,5500.0,nM,1
CHEMBL5785143,Clc1ccc(-n2c(-c3ccc(CN4CCOCC4)nc3)cc3ccncc32)cc1,5.26,IC50,5500.0,nM,1
CHEMBL5786268,O=c1cc(-c2cc3ccncc3n2-c2ccc(Cl)cc2)ccn1C1CC1,5.26,IC50,5500.0,nM,1
CHEMBL5846320,Cn1cncc1-c1cc2ccncc2n1-c1ccc(Cl)cc1,5.26,IC50,5500.0,nM,1
CHEMBL6051179,COc1ccc(OCCNCCCF)cc1[C@@H]1c2[nH]c3ccccc3c2C[C@@H](C)N1CC1(F)CC1,5.26,IC50,5500.0,nM,1
CHEMBL281178,N[C@H](C(=O)N1CC[C@H](F)C1)[C@H]1CC[C@H](NS(=O)(=O)c2ccc(OC(F)(F)F)cc2)CC1,5.26,Ki,5500.0,nM,1
CHEMBL1813484,CN1C[C@H]2CCC[C@@]2(c2ccc(Cl)c(Cl)c2)C1,5.26,IC50,5430.0,nM,1
CHEMBL2017580,COc1cc(-c2cn([C@H]3C[C@@H](C(F)(F)F)CCN(Cc4ccccc4)C3=O)nn2)ccc1-n1cnc(C)c1,5.26,IC50,5480.0,nM,1
CHEMBL4217292,N#Cc1ccc(Cn2ccc(NC(=O)Cc3ccc(C4(C(F)(F)F)CC4)cc3)n2)nc1,5.26,IC50,5500.0,nM,1
CHEMBL477567,Cc1ncc(-c2ccnc(Nc3ccc(N4CCN(S(C)(=O)=O)CC4)cc3)n2)n1C(C)C,5.26,IC50,5500.0,nM,1
CHEMBL4866908,CCS(=O)(=O)c1ccc(C(NC(=O)Cc2nccs2)C(=O)Nc2ccc(C(O)(C(F)(F)F)C(F)(F)F)cc2)nc1,5.26,IC50,5500.0,nM,1
CHEMBL5827826,CCN(CCN1CCC(c2noc3cc(F)ccc23)CC1)C(=O)C1(O)CC1,5.26,IC50,5500.0,nM,1
CHEMBL5917824,O=C(NCCN1CCC(c2cccc(C(F)F)n2)CC1)C1CCOCC1,5.26,IC50,5500.0,nM,1
CHEMBL3331503,CC(C)N(Cc1ccc(Cl)c(Cl)c1)CC1CNC1.Cl,5.26,IC50,5500.0,nM,1
CHEMBL2443262,COc1ccsc1CNCC[C@@]1(c2ccccn2)CCOC2(CCCC2)C1,5.26,IC50,5500.0,nM,1
CHEMBL4175502,CCC[C@@H](CCO)Nc1nc(N)nc2cccc(C)c12,5.26,IC50,5500.0,nM,1
CHEMBL4090416,CN(C)CCN1C2CCC1CC(NC(c1ccc(F)cc1)c1ccc(F)cc1)C2,5.26,IC50,5480.0,nM,1
CHEMBL3318939,CCOC[C@@H](CC(C)C)NC(=O)[C@@H]1CNC[C@H](C(=O)N(c2cc(OCCCOC)c(C(C)C)cc2F)C2CC2)C1.Cl,5.26,IC50,5500.0,nM,1
CHEMBL1818830,COc1cc(-c2cn(Cc3cccc4cccnc34)nn2)ccc1-n1cnc(C)c1,5.26,IC50,5430.0,nM,1
CHEMBL455426,CNCc1cc(C(N)=O)ccc1Oc1ccc(Cl)c(Cl)c1,5.26,IC50,5440.0,nM,1
CHEMBL5774687,O=C(NC[C@@H]1CCOC1)c1n[nH]c2ccc(-c3cccc(F)c3F)cc12,5.26,IC50,5500.0,nM,1
CHEMBL6042720,Nc1nnc(N2CCC(N3CC4CC4C[C@@H]3Cc3ccc(Cl)cc3)CC2)[nH]1,5.26,IC50,5500.0,nM,1
CHEMBL4637576,Nc1nc(N2CCC(N3Cc4cc(Cl)cc(Cl)c4OC[C@@H]3Cc3ccc(Cl)cc3)CC2)n[nH]1,5.26,IC50,5500.0,nM,1
CHEMBL4638897,Nc1nc(N2CCC(N3Cc4cc(Cl)ccc4OC[C@@H]3Cc3ccc(Cl)cc3)CC2)n[nH]1,5.26,IC50,5500.0,nM,1
CHEMBL4218821,Nc1nc(N2CCC(N3C[C@@H]4CCCN4C[C@@H]3Cc3ccc(Cl)cc3)CC2)n[nH]1,5.26,IC50,5500.0,nM,1
CHEMBL5845571,CC(C)CN1CCN(C2CCN(c3nnc(N)[nH]3)CC2)[C@@H](Cc2ccc(Cl)cc2)C1,5.26,IC50,5500.0,nM,1
CHEMBL4204495,C[C@H]1CN(C2CCN(c3n[nH]c(N)n3)CC2)[C@@H](Cc2ccc(Cl)cc2)CN1C,5.26,IC50,5500.0,nM,1
CHEMBL5770288,CCOC(=O)C1CC[C@H](Cc2ccc(Cl)cc2)N(C2CCN(c3nnc(N)[nH]3)CC2)C1,5.26,IC50,5500.0,nM,1
CHEMBL4580568,Nc1n[nH]c(N2CCC(N3CCCC[C@@H]3Cc3ccc(Cl)cc3)CC2)n1,5.26,IC50,5500.0,nM,1
CHEMBL4756869,CC(C)C[C@H]1CN(C2CCN(c3nc(N)n[nH]3)CC2)[C@@H](Cc2ccc(Cl)cc2)CO1,5.26,IC50,5500.0,nM,1
CHEMBL3786375,O=C(c1nnc(-c2ccc(Cl)cc2)o1)N1CCC(Oc2ccc(CN3CCCC3)cc2)CC1,5.26,IC50,5500.0,nM,1
CHEMBL5917447,C[C@H]1CN(C2CCN(c3nnc(N)[nH]3)CC2)[C@@H](Cc2ccc(Br)cc2)CO1,5.26,IC50,5500.0,nM,1
CHEMBL5863295,Nc1nnc(N2CCC(N3C[C@@H]4COCCN4C[C@@H]3Cc3ccc(Cl)cc3)CC2)[nH]1,5.26,IC50,5500.0,nM,1
CHEMBL4747997,CN(C)C(=O)[C@H]1CN(C2CCCCC2)CC[C@@H]1NC(=O)c1cc(-c2ccc(F)cc2F)on1,5.26,IC50,5500.0,nM,1
CHEMBL4206892,CS(=O)(=O)N1CCN(C(=O)c2cnc3ccc(F)cc3c2N2CCC(C#N)(c3ccccc3)CC2)CC1,5.26,IC50,5460.0,nM,1
CHEMBL5845636,Cc1nc([C@H]2CN(C3CCN(c4nnc(N)[nH]4)CC3)[C@@H](Cc3ccc(Cl)cc3)CO2)oc1C,5.26,IC50,5500.0,nM,1
CHEMBL3900554,Cc1c(-c2c(F)cc(C(N)=O)c3[nH]c4c(c23)CC[C@H](C(C)(C)O)C4)cccc1-n1c(=O)c2cccc(F)c2n(C)c1=O,5.26,IC50,5500.0,nM,1
CHEMBL3786169,COc1ccc(-c2nnc(C(=O)N3CC(Oc4ccc(CN5CCCC5)cc4)C3)o2)cc1,5.26,IC50,5500.0,nM,1
CHEMBL5989149,Nc1nnc(N2CCC(N3C[C@H](Cn4cc(Cl)cn4)OC[C@@H]3Cc3ccc(Cl)cc3)CC2)[nH]1,5.26,IC50,5500.0,nM,1
CHEMBL4640515,Cc1cnc(-c2ccc(-c3ccco3)cc2)n1Cc1ccccc1OCCCCCC(=O)O,5.26,IC50,5500.0,nM,1
CHEMBL4212474,Cl.Cl.FCCOc1ccccc1CCN1CCN(CCc2ccccc2)CC1,5.26,IC50,5490.0,nM,1
CHEMBL5816621,Nc1nnc(N2CCC(N3C[C@H](COCC(F)F)OC[C@@H]3Cc3ccc(Cl)cc3)CC2)[nH]1,5.26,IC50,5500.0,nM,1
CHEMBL3898132,Cn1cc(-c2nc3c(N4CCN(Cc5cccnc5)CC4)c(Br)cnc3[nH]2)cn1,5.26,IC50,5500.0,nM,1
CHEMBL5982013,Nc1nnc(N2CCC(N3C[C@H](COCC(F)(F)F)OC[C@@H]3Cc3ccc(Cl)cc3)CC2)[nH]1,5.26,IC50,5500.0,nM,1
CHEMBL4096279,CN1[C@@H]2CC[C@H]1c1c(sc(NC(=O)Nc3ccc(Cl)cc3)c1C(N)=O)C2.Cl,5.25,IC50,5600.0,nM,1
CHEMBL3128200,Nc1nc2c(s1)CC[C@H]2C(=O)Nc1ccc(C[C@@H]2CC[C@H]([C@H](O)c3ccc(F)cc3)N2)cc1,5.25,IC50,5600.0,nM,1
CHEMBL175832,O=S(=O)(c1ccc(F)cc1)C1(F)CCN(CCc2ccc(F)cc2F)CC1,5.25,Ki,5600.0,nM,1
CHEMBL583047,COc1ccc([C@H]2CN(NS(C)(=O)=O)C(=O)N2CCc2ccc(OC(F)(F)F)cc2)cc1,5.25,IC50,5600.0,nM,1
CHEMBL2036777,CC(C)N1CCN[C@@H](CN2CCN(C(=O)Nc3ccc(Cl)c(Cl)c3)CC2)C1,5.25,IC50,5600.0,nM,1
CHEMBL488060,CNCc1cc(F)ccc1Oc1ccc(Cl)c(Cl)c1,5.25,IC50,5570.0,nM,1
CHEMBL4749146,O=C(NO)c1ccc(CCCN2CCC(CN[C@H]3C[C@@H]3c3ccccc3)CC2)cc1,5.25,IC50,5600.0,nM,1
CHEMBL4752825,CCS(=O)(=O)c1ccc(CNc2nc3cnc(-c4c(OC)ncnc4C4CC4)nc3n([C@H](C)C3CC3)c2=O)nc1,5.25,IC50,5600.0,nM,1
CHEMBL5821554,COc1ccc(OC[C@H](C)NCCCF)cc1[C@@H]1c2[nH]c3ccccc3c2C[C@@H](C)N1CC(F)(F)CO,5.25,IC50,5600.0,nM,1
CHEMBL6007833,C[C@@H]1Cc2c([nH]c3ccccc23)[C@@H](c2cc(OCCNCCCF)ccn2)N1CC(F)(F)F,5.25,IC50,5600.0,nM,1
CHEMBL1082489,COc1ncc(-c2ccc3cc(CCN4CCC[C@H]4C)ccc3n2)cn1,5.25,Ki,5600.0,nM,1
CHEMBL4777447,Cc1nc2cc(F)c(-c3cnc(C(C)(C)O)nc3)nc2c(N[C@H](C)c2cc(C#N)ccc2F)c1Cl,5.25,IC50,5600.0,nM,1
CHEMBL1085337,CC1CCN(c2ccc3cc(CCN4CCC[C@H]4C)ccc3n2)CC1,5.25,Ki,5600.0,nM,1
CHEMBL488249,Cn1c(-c2ccc(OC3CCN(C4CCC4)CC3)cc2)nc2ccccc2c1=O,5.25,IC50,5600.0,nM,1
CHEMBL4790083,N#Cc1ccc(N2C3CCC2CN(C(=O)CCS(=O)(=O)c2cccc4ncsc24)C3)nc1,5.25,IC50,5600.0,nM,1
CHEMBL2017593,Cc1nc(N2CCC(O)(C3CC3)CC2)nc2ccc(NC(=O)/C=C/c3ccc(Cl)cc3)cc12,5.25,IC50,5600.0,nM,1
CHEMBL262341,O=C1N=CC=C2N=C(c3ccc(CN4CCC(c5n[nH]c(-c6ccccn6)n5)CC4)cc3)C(c3ccccc3)=CC12,5.25,IC50,5610.0,nM,1
CHEMBL4754834,C=CC(=O)N1CCC[C@@H](n2nc(-c3ccc(Oc4ccccc4)cc3)c3c(N)n[nH]c(=O)c32)C1,5.25,IC50,5600.0,nM,1
CHEMBL4455587,Fc1ccc(-c2nc(N3CCCC3)sc2-c2ccnc(Nc3ccc(N4CCNCC4)cc3)n2)cc1,5.25,IC50,5600.0,nM,1
CHEMBL6002025,Cn1nccc1-n1cc(-c2ccc(F)c(Cl)c2)cn1,5.25,IC50,5600.0,nM,1
CHEMBL4793811,Cc1ccc(NC(=O)c2cccc(C(F)(F)F)c2)cc1C#Cc1nn(CC2CCN(C)CC2)c2ncnc(N)c12,5.25,IC50,5620.0,nM,1
CHEMBL4075071,CN(Cc1ccc(C(F)(F)F)nc1)c1cc(C(=O)Nc2ccccc2)ncn1,5.25,IC50,5600.0,nM,1
CHEMBL4063869,CCc1nc2ccc(C3CCN(CC(=O)N4CC(O)C4)CC3)cn2c1N(C)c1nc(-c2ccc(F)cc2)cs1,5.25,IC50,5600.0,nM,1
CHEMBL206115,N[C@H](C(=O)N1CC(c2cc(F)ccc2F)=C[C@H]1c1cccc(O)c1)C1CC1,5.25,IC50,5600.0,nM,1
CHEMBL3394226,NC1=N[C@@]2(CO1)c1cc(-c3cccnc3F)ccc1Oc1c2cc(N2CCC(F)(F)C2)nc1F,5.25,Ki,5600.0,nM,1
CHEMBL1834720,CCOC(=O)[C@H]1CC[C@@H](N2CC(NC(=O)CNc3noc4ccc(C(F)(F)F)cc34)C2)CC1,5.25,IC50,5600.0,nM,1
CHEMBL2164368,O=C(NCc1ccc(OC(F)(F)F)cc1)C1c2c(F)cccc2C(=O)N1CCc1ccccn1,5.25,IC50,5600.0,nM,1
CHEMBL3765509,CCNCc1cc(C(=O)N[C@@H]2CCc3ccc(Oc4ccnc5c4CCC(=O)N5)cc3C2)cc(C(F)(F)F)c1.Cl.Cl,5.25,IC50,5600.0,nM,1
CHEMBL3786094,O=C(O[C@@H](C(=O)N1N=CC[C@H]1C(=O)NCc1cc(Cl)ccc1-n1cnnn1)c1ccc(F)cc1)c1ccccc1,5.25,IC50,5600.0,nM,1
CHEMBL2441425,COc1cc2c(cc1CCN1CCN(C(=O)Cc3ccc(-n4cnnn4)cc3)CC1)COC2=O,5.25,IC50,5600.0,nM,1
CHEMBL4243499,CC(C)Cc1ccc2nn(C)cc2c1NS(=O)(=O)c1ccc(CCCOC[C@@H]2CN(C)CCO2)cc1,5.25,IC50,5600.0,nM,1
CHEMBL1800776,CC(C)(N)C(=O)N1CCn2c(nc(-c3ccc(F)cc3)c2Nc2ccc(Cl)c(F)c2)C1,5.25,IC50,5600.0,nM,1
CHEMBL3093977,CCCCN(CC)CC#CCCc1ccc(C)cc1,5.25,IC50,5590.0,nM,1
CHEMBL1834644,CCOC[C@H]1CC[C@@H](N2CC(NC(=O)CNc3nn(C)c4ccc(C(F)(F)F)cc34)C2)CC1,5.25,IC50,5600.0,nM,1
CHEMBL5081532,CN(C)CCCNC(=O)c1cccn2c(=O)c3ccc4ccccc4c3nc12,5.25,IC50,5570.0,nM,1
CHEMBL3353403,C=CC(=O)Nc1cc(Nc2ncc(Cl)c(-c3cnn4ccccc34)n2)c(OC)cc1N1CC[C@@H](N(C)C)C1,5.25,IC50,5600.0,nM,1
CHEMBL2164369,Cc1cccc2c1C(C(=O)NCc1ccc(OC(F)(F)F)cc1)N(CCc1ccccn1)C2=O,5.25,IC50,5600.0,nM,1
CHEMBL507130,O=c1[nH]ccc2nc(-c3ccc(CN4CCC(c5n[nH]c(-c6ccccn6)n5)CC4)cc3)c(-c3ccccc3)cc12,5.25,IC50,5610.0,nM,1
CHEMBL6033750,COCC1(C(=O)NCCN2CCC(c3cccc(C(F)(F)F)n3)CC2)CC1,5.25,IC50,5600.0,nM,1
CHEMBL5088821,O=C1c2nc3cccc(Br)c3n2CCN1Cc1ccc(Cl)cc1F,5.25,IC50,5600.0,nM,1
CHEMBL1813478,CN1C[C@@H]2CCC[C@]2(c2ccc(Cl)c(Cl)c2)C1,5.25,IC50,5640.0,nM,1
CHEMBL366328,CC[C@@H](C)[C@H](C(=O)O)N1C[C@H](CN2CCC(c3cc(Cc4ccc(OC(C)(C)C)cc4)nn3CC)CC2)[C@@H](c2cccc(F)c2)C1,5.25,Ki,5600.0,nM,1
CHEMBL535650,Cl.OC(c1cc(C(F)(F)F)nc2c(C(F)(F)F)cccc12)C1CCCCN1,5.25,IC50,5623.41,nM,1
CHEMBL4643920,COCc1cncc(-c2ccc3[nH]nc(C(=O)NCC4CCOCC4)c3c2)c1,5.24,IC50,5700.0,nM,1
CHEMBL4211343,CCc1nn2c(C)cc(C)nc2c1Cc1ccc(CCCC2(O)CCN(C(C)C)CC2)cc1,5.24,IC50,5700.0,nM,1
CHEMBL6004070,C[C@@H]1Cc2c([nH]c3ccc(F)cc23)[C@@H](c2c(F)cnc(OCCN(C)CCCF)c2F)N1CC(F)(F)CO,5.24,IC50,5700.0,nM,1
CHEMBL295559,c1ccc(-c2[nH]c3ccccc3c2C2CCNCC2)cc1,5.24,Ki,5700.0,nM,1
CHEMBL4585644,COc1cc(C(O)(CCn2ccnc2)C(c2cc3cc(Br)ccc3nc2OC)c2ccnc(OC)c2OC)cc(OC)n1,5.24,IC50,5800.0,nM,1
CHEMBL4098434,CCOC(=O)C1=C(CN2CC[S+]([O-])CC2)NC(c2nccs2)=NC1c1ccc(F)cc1Br,5.24,IC50,5740.0,nM,1
CHEMBL3703300,CCOc1cncc(-c2ccc3c(c2)C2(COC(N)=N2)C2(CC2)CO3)c1,5.24,IC50,5750.0,nM,1
CHEMBL5768736,CCN(CCN1CCC(c2noc3cc(F)ccc23)CC1)C(=O)C1CC(O)C1,5.24,IC50,5700.0,nM,1
CHEMBL5752523,CC(C)n1c(N[C@@H]2CCCNC2)nc2c([N+](=O)[O-])c(Br)c(Br)cc21,5.24,IC50,5770.0,nM,1
CHEMBL4853282,Cc1cc(F)cc(-c2cncc(-c3nc4cc(F)ccc4[nH]3)c2N2CCC(N)CC2)c1,5.24,IC50,5700.0,nM,1
CHEMBL3609521,CN(C)C[C@@H]1CCN(C(=O)Nc2nc3c(s2)-c2nc(C(C)(C)C)sc2CC3)[C@@H]1C(N)=O,5.24,IC50,5700.0,nM,1
CHEMBL3810154,CC(C)(C)c1cc(NC(=O)n2ccc3cc(Oc4ncnc5c4CNC5)cnc32)no1,5.24,IC50,5700.0,nM,1
CHEMBL4782111,O=C(N[C@H]1CCN(CC2CC2)C[C@@H]1C(=O)NC1(c2ncccn2)CC1)c1cc(-c2ccc(F)cc2F)on1,5.24,IC50,5700.0,nM,1
CHEMBL23979,N[C@H](C(=O)N1CCCC1)[C@H]1CC[C@H](NS(=O)(=O)c2ccc(OC(F)(F)F)cc2)CC1,5.24,Ki,5700.0,nM,1
CHEMBL4760389,COc1nc(-c2csc(Nc3c4c(nn3CC(C)(C)O)CCCC4)n2)ccc1-n1cnc(C)c1,5.24,IC50,5800.0,nM,1
CHEMBL176571,CC[C@H](C)[C@H](C(=O)O)N1C[C@H](CN2CCC(c3cc(Cc4ccc(OC5CCC5)cc4)nn3CC)CC2)[C@@H](c2cccc(F)c2)C1,5.24,Ki,5700.0,nM,1
CHEMBL5799995,COCc1ccc(OCCNCCCF)cc1[C@@H]1c2[nH]c3ccccc3c2C[C@@H](C)N1CC(F)(F)F,5.24,IC50,5800.0,nM,1
CHEMBL3408394,CC(=O)C1=NN(c2ccccc2)/C(=C2/S/C(=N\c3nc(-c4ccccc4)cc(-c4ccccc4)c3C#N)N(c3ccccc3)C2=O)S1,5.24,IC50,5700.0,nM,1
CHEMBL3263282,O=C(N1CCc2ncc(C(F)(F)F)cc2C1)[C@@]12CCO[C@@H]1C[C@@H](N1CCC(c3ccccc3)CC1)C2,5.24,IC50,5800.0,nM,1
CHEMBL1957790,CC(=O)NCCc1ccccc1-c1ccc([C@H]2CNCC[C@@H]2c2ccn(C)c(=O)c2)c(Cl)c1,5.24,IC50,5800.0,nM,1
CHEMBL1822442,O=C(NCC1(N2CCCCC2)CCCC1)N1CCC(c2nc(-c3ccc4ccccc4n3)no2)CC1,5.24,IC50,5800.0,nM,1
CHEMBL3604687,COc1ccc2ncc(F)c(CCC34CCC(NCc5nc6c(cc5Cl)OCC(=O)N6)(CC3)CO4)c2n1,5.24,IC50,5800.0,nM,1
CHEMBL4640028,CS(=O)(=O)c1ccc(-c2cc(N3CCOCC3)nc3c(-c4ccn[nH]4)nccc23)cc1,5.24,IC50,5800.0,nM,1
CHEMBL4164430,CO[C@H]1C[C@@H](n2c(=O)n(C)c3cnc4cc(F)c(-c5ccc(N(C)CCN(C)C)nc5)cc4c32)C1,5.24,IC50,5700.0,nM,1
CHEMBL4638460,c1ccc(Cn2cc(-c3ccncc3)c3ccncc32)cc1,5.24,IC50,5700.0,nM,1
CHEMBL5832261,C[C@@H]1Cc2c([nH]c3ccccc23)[C@@H](c2c(F)c(F)cc(OCCNCCCF)c2F)N1CC(F)(F)F,5.24,IC50,5800.0,nM,1
CHEMBL601873,CC(C)OC(=O)C1=CN(C(=O)c2ccc(OCCCN3CCOCC3)cc2)CC(C)(C)c2c1[nH]c1ccccc21,5.24,IC50,5740.0,nM,1
CHEMBL4078188,CNC(=O)c1c(-c2ccc(F)cc2)oc2ccc(-c3cc(C(=O)NC4(c5ccccn5)CC4)ccc3C)cc12,5.24,IC50,5800.0,nM,1
CHEMBL317520,N#Cc1ccc(Cn2cncc2CN[C@H]2CCN(C(=O)c3cccc(Cl)c3)C2)cc1,5.24,IC50,5800.0,nM,1
CHEMBL3703259,NC1=NC2(CO1)c1cc(-c3cncc(OCC(F)(F)F)c3)ccc1OCC21CC1,5.24,IC50,5810.0,nM,1
CHEMBL4159383,CCCC[C@@H](CCO)Nc1nc(N)nc2ccc(F)cc12,5.24,IC50,5800.0,nM,1
CHEMBL4851581,Cc1ccc(Oc2ccc(-c3nnn(CCN)n3)cc2)cc1,5.24,IC50,5800.0,nM,1
CHEMBL2375587,O[C@H]1CC[C@H](c2ccc(OCCCN3CCCCC3)cc2)CC1,5.24,Ki,5800.0,nM,1
CHEMBL379010,O=c1nc(C2CC3(c4ccccc4)NC2CCC3NCc2cc(OC(F)(F)F)ccc2OC2CC2)[nH][nH]1,5.24,Ki,5800.0,nM,1
CHEMBL3746204,CNCc1cc(Oc2ccc3c(ccn3C(=O)Nc3ccc(F)c(C(F)(F)F)c3)c2)ncn1,5.24,IC50,5800.0,nM,1
CHEMBL4097247,COCCC(=O)N1CCO[C@@H](c2nc(-c3ccc(C(=O)Nc4cc(C(F)(F)F)ccn4)cc3)c3c(N)nccn23)C1,5.24,IC50,5800.0,nM,1
CHEMBL222863,C[C@@H]1O[C@@H](O[C@H]2C[C@@H](O)[C@]3(CO)[C@H]4[C@H](O)C[C@]5(C)[C@@H](C6=CC(=O)OC6)CC[C@]5(O)[C@@H]4CC[C@]3(O)C2)[C@H](O)[C@H](O)[C@H]1O,5.24,IC50,5800.0,nM,1
CHEMBL3612925,COc1cc(C(O)CN2CCN(C[C@H](O)c3ccc4c(c3C)COC4=O)CC2)nc(C)c1C#N,5.24,IC50,5700.0,nM,1
CHEMBL2380461,CC1(c2cccc(-c3cncnc3)c2)N=C(N)c2ccccc2O1,5.24,IC50,5700.0,nM,1
CHEMBL1951899,CCN(C(=O)Cc1ccc(S(C)(=O)=O)cc1)C1CCN(CC[C@@H](c2ccccc2)N2CCN(S(=O)(=O)CC(F)(F)F)CC2)CC1,5.24,IC50,5800.0,nM,1
CHEMBL4087132,Cc1nc2n(c(=O)c1CCN1CCN(c3cccc4sccc34)CC1)CCCC2(F)F.Cl,5.24,IC50,5800.0,nM,1
CHEMBL513921,CNC(=O)c1c(NCC2CCC3(CC2)OCCO3)nc(C#N)nc1OCC1CCN(C)CC1,5.24,IC50,5770.0,nM,1
CHEMBL4560206,Cn1ccc2ccnc(N(C(=O)N3CCC(c4ccccc4)CC3)[C@@H]3CCCNC3)c21,5.24,Ki,5700.0,nM,1
CHEMBL483964,N#Cc1ccc(Cn2cncc2CN[C@H]2CCN(C(=O)c3cccc(Cl)c3)C2=O)cc1,5.24,IC50,5800.0,nM,1
CHEMBL217233,O=C1COc2ccc(CN3CCC(NC(=O)c4cc(=O)c5ccc(F)cc5o4)CC3)cc2N1,5.24,IC50,5790.0,nM,1
CHEMBL1923120,O=C([C@H]1CNCC[C@@]12OCc1cc(F)c(F)cc12)N(Cc1cccc2ccccc12)C1CC1,5.24,Ki,5700.0,nM,1
CHEMBL370805,COC(=O)[C@H]1[C@@H](OC(=O)c2ccccc2)C[C@@H]2CC[C@H]1N2C,5.24,IC50,5754.4,nM,1
CHEMBL3707392,O=C1c2cc(-c3ccc(OC(F)(F)F)cc3)ccc2OCCN1Cc1ncccn1,5.24,IC50,5700.0,nM,1
CHEMBL3612923,Cc1c([C@@H](O)CN2CCN(CC(O)c3ncc(C#N)cc3Cl)CC2)ccc2c1COC2=O,5.24,IC50,5700.0,nM,1
CHEMBL716,OCCOCCN1CCN(C2=Nc3ccccc3Sc3ccccc32)CC1,5.24,IC50,5754.4,nM,1
CHEMBL273208,CNCc1cnc(C)cc1Oc1ccccc1Oc1ccccc1,5.24,Ki,5800.0,nM,1
CHEMBL2043172,COc1cc(N2C(=O)N(c3ccc(-c4ccc(C(=O)O)c(Cl)c4)cc3)C(=O)C23CCN(Cc2ncccc2C)CC3)ncn1,5.24,IC50,5700.0,nM,1
CHEMBL1819138,Cc1[nH]c2ccccc2c1CCN(CCF)Cc1ccc(/C=C/C(=O)NO)cc1,5.24,IC50,5770.0,nM,1
CHEMBL2338409,CC(C)(C)NC(=O)NCCN1CCC(CNC(=O)c2cc(Cl)cc(Cl)c2)C1,5.24,IC50,5800.0,nM,1
CHEMBL402911,CCOC(=O)C(N)c1ccc(C(=O)Nc2cc(-c3cccs3)ccc2N)cc1,5.24,IC50,5700.0,nM,1
CHEMBL2177309,NC1=NC(c2ccncc2)(c2cccc(-c3cncnc3)c2)c2cccc(F)c21,5.24,IC50,5700.0,nM,1
CHEMBL1800768,CC(C)(N)C(=O)N1CCn2c(nc(-c3cccc(F)c3)c2Nc2ccc(F)cc2)C1,5.24,IC50,5700.0,nM,1
CHEMBL2059319,O=C1CCc2ccc(F)cc2N1CCCN1CCC(n2c(=O)[nH]c3ccccc32)CC1,5.24,IC50,5700.0,nM,1
CHEMBL3358000,C[C@@H]1CN(c2nnc(C(F)(F)F)o2)CCN1c1ncc(OCc2ccc(-n3cnnn3)cc2F)cn1,5.24,IC50,5700.0,nM,1
CHEMBL213754,CCCOc1ccccc1CC(c1ccccc1)N1CCNCC1,5.23,IC50,5840.0,nM,1
CHEMBL22359,N[C@H](C(=O)N1CCSC1)[C@H]1CC[C@H](NC(=O)c2ccc(F)c(F)c2)CC1,5.23,Ki,5900.0,nM,1
CHEMBL319742,O=C(O[C@H]1C[C@@H]2C[C@@H]3C[C@@H](C1)N2CC3=O)C1CNc2ccccc21,5.23,IC50,5888.44,nM,1
CHEMBL1224165,CCCC1(C(=O)c2cc(F)c3[nH]ccc3c2)CCCN1,5.23,IC50,5900.0,nM,1
CHEMBL1214402,NC(=O)c1cnc(-c2cnc3c(Nc4ccc(C(F)(F)F)cn4)ccnc3n2)c(C(F)(F)F)c1,5.23,IC50,5900.0,nM,1
CHEMBL1672351,CC(C)(C)Cc1c[nH]c(C(C)(O)Cc2ccc(-c3ccc(F)cn3)cc2)n1,5.23,Ki,5900.0,nM,1
CHEMBL390353,CN1CCN(CCc2ccc3c(c2)Cc2c(-c4csc(C#CCOc5ccccc5)c4)n[nH]c2-3)CC1,5.23,IC50,5870.0,nM,1
CHEMBL3792542,Cc1c(CCC2CCN(C(=O)Cc3ccc(-n4cnnn4)cc3)CC2)ccc2c1COC2=O,5.23,IC50,5900.0,nM,1
CHEMBL5936875,Cc1c(OCCNCCCF)ncnc1[C@@H]1c2[nH]c3ccccc3c2C[C@@H](C)N1CC(F)(F)F,5.23,IC50,5900.0,nM,1
CHEMBL1271816,Cc1nc(C(=O)NCCCN2CCN(c3cccc(C)c3C)CC2)cc(C(C)(C)C)n1.Cl,5.23,IC50,5900.0,nM,1
CHEMBL4533299,Cc1cnc2c(c1)nnn2-c1ccc(CCC(=O)N(c2ncccc2Cl)[C@@H]2CCCNC2)nc1,5.23,Ki,5900.0,nM,1
CHEMBL4100776,C[C@@H]1NCCC[C@@H]1Nc1ncc(C(N)=O)c2sc(-c3ccccc3)cc12,5.23,IC50,5900.0,nM,1
CHEMBL4302264,Cc1cc(-c2cnc3ccn(CC(=O)N(C)C)c3c2)ccc1F,5.23,Ki,5900.0,nM,1
CHEMBL425257,O=C(NC1CCN(C2CCc3c2ccc2c3OCO2)CC1)c1cc(=O)c2cc(F)ccc2o1,5.23,IC50,5860.0,nM,1
CHEMBL3964482,Cc1c([C@@H]2CN3CCN(C(=O)Cc4cnc(-n5cnnn5)nc4)C[C@H]3CO2)ccc(F)c1C#N,5.23,IC50,5900.0,nM,1
CHEMBL5742873,CC(C)(C)C(=O)NCCN1CCC(c2cccc(C(F)(F)F)n2)CC1,5.23,IC50,5900.0,nM,1
CHEMBL142992,CC(C)N(CCc1c[nH]c2ccccc12)Cc1ccc(/C=C/C(=O)NO)cc1,5.23,IC50,5870.0,nM,1
CHEMBL4634857,COc1cc(-c2cncc(-c3ccc(N4C[C@@H](C)N[C@@H](C)C4)cc3)c2C)cc(OC)c1OC,5.23,IC50,5900.0,nM,1
CHEMBL2087086,C[C@@H]1CN(c2nc(C(F)(F)F)no2)CCN1c1ncc(OCc2ccncc2C#N)cn1,5.23,IC50,5900.0,nM,1
CHEMBL4642317,COc1nc2ccc(C#N)cc2cc1[C@@H](c1cccc2c1OCO2)[C@@](O)(CCN(C)C)c1cc(SC)nc(SC)c1,5.23,IC50,5900.0,nM,1
CHEMBL3585953,Cc1ncc(OC[C@@]2(c3ccccc3F)C[C@H]2C(=O)Nc2ccc(F)cn2)c(C)n1,5.23,IC50,5900.0,nM,1
CHEMBL3415595,Cc1cc(CC(C)(C)O)cc(Nc2cc(N[C@@H]3CCCC[C@@H]3N)cnc2C(N)=O)n1,5.23,IC50,5900.0,nM,1
CHEMBL498572,O=C(OC1CC2CC3CC(C1)N2CC3O)c1c[nH]c2ccccc12,5.23,IC50,5888.44,nM,1
CHEMBL4537029,COc1cc([C@](O)(CCN(C)C)[C@H](c2cc(OC)c(OC)nc2OC)c2cc3cc(Br)ccc3nc2OC)cc(OC)n1,5.23,IC50,5900.0,nM,1
CHEMBL407815,CNCc1ccccc1Oc1ccc(Cl)cc1F,5.23,Ki,5932.0,nM,1
CHEMBL4639102,C[C@H](Oc1ccc(S(C)(=O)=O)cc1C(=O)N1CC(c2ccc(C(F)(F)F)cc2)C1)C(F)(F)F,5.23,IC50,5900.0,nM,1
CHEMBL4750688,CN(C)c1ccc(CC(=O)N[C@@H]2CNC[C@H]2c2ccc(C(F)(F)F)cc2)cc1,5.23,IC50,5910.0,nM,1
CHEMBL1809052,COc1cc(OC2CNC2)ccc1Nc1ncc(Cl)c(-c2cnc3ccccn23)n1,5.23,IC50,5900.0,nM,1
CHEMBL1819137,CCN(CCc1c[nH]c2ccccc12)Cc1ccc(/C=C/C(=O)NO)cc1,5.23,IC50,5920.0,nM,1
CHEMBL5917573,Cc1cc(Cn2cc(-c3cc(F)cc(F)c3)cn2)n(C)n1,5.22,IC50,6020.0,nM,1
CHEMBL4533113,Cn1c(N2CCC(C)(CN)CC2)nc(N)c(Sc2cccc(Cl)c2Cl)c1=O,5.22,IC50,6000.0,nM,1
CHEMBL2333643,CN1CCC(COCc2cc(C(F)(F)F)cc(Cl)n2)(c2ccc(F)cc2)CC1,5.22,IC50,6000.0,nM,1
CHEMBL2409398,COc1cc2nnc(C(N)=O)c(Nc3ccc(C)cc3F)c2cc1N1CCCN(C)CC1,5.22,IC50,6000.0,nM,1
CHEMBL16900,O=C(Cc1ccc(C(F)(F)F)cc1C(F)(F)F)N[C@@H]1N=C(c2ccccc2)c2ccccc2N(CC(F)(F)F)C1=O,5.22,IC50,6000.0,nM,1
CHEMBL4246475,CC(C)Cc1ccc2nn(C)cc2c1N(C(F)F)S(=O)(=O)c1ccc(CCCCC2CCN(C)CC2)cc1,5.22,IC50,6000.0,nM,1
CHEMBL3608322,COc1cc(-c2cn(C3(C)CCc4ccccc4N(CC(F)(F)F)C3=O)nn2)ccc1-n1cnc(C)c1,5.22,IC50,6000.0,nM,1
CHEMBL5841669,FC(F)(F)c1ccc(C(F)(F)CN2CCC(Nc3ncnc4[nH]ccc34)CC2)cn1,5.22,IC50,6000.0,nM,1
CHEMBL476106,Cc1nc2cc(F)ccc2c(=O)n1-c1ccc(OCCCN2CCCC2)cc1,5.22,IC50,6000.0,nM,1
CHEMBL2204588,CNc1cc(Nc2cnc(C#N)c(O[C@H](C)CN(C)C)n2)ncc1C1CC1,5.22,IC50,6000.0,nM,1
CHEMBL4290774,Oc1cc(-n2cccn2)ccc1-c1ccc(OC2CCNCC2)nn1,5.22,IC50,6000.0,nM,1
CHEMBL4283367,CN(c1ccc(-c2ccc(-c3cn[nH]c3)cc2O)nn1)C1CC(C)(C)NC(C)(C)C1,5.22,IC50,6000.0,nM,1
CHEMBL2204267,CSc1ncc([C@]2(O)CC[C@H](N3CC(NC(=O)CNC(=O)c4cccc(C(F)(F)F)c4)C3)CC2)s1,5.22,IC50,6000.0,nM,1
CHEMBL2380442,CC1(c2cccc(-c3cncnc3)c2)N=C(N)c2ccccc2S1,5.22,IC50,6000.0,nM,1
CHEMBL3752587,COc1ccc2ncc(F)c(C[C@H](OC)C34CCC(NCc5ccc6c(n5)NC(=O)CO6)(CC3)CO4)c2n1,5.22,IC50,6000.0,nM,1
CHEMBL3634821,Fc1ccc2c(C3CCN(CCCOc4ccc(Cc5nc6ccccc6o5)cc4)CC3)noc2c1,5.22,IC50,5980.0,nM,1
CHEMBL520431,CCOc1cc2ncc(C(N)=O)c(Nc3ccc(F)cc3F)c2cc1N1CCCN(C)CC1,5.22,IC50,6000.0,nM,1
CHEMBL1784471,Cc1nc2ccccc2n1C1CC2CCC(C1)N2CCC1(c2ccccc2)CCN(C(=O)C(C)(C)CO)CC1,5.22,IC50,6025.6,nM,1
CHEMBL4449598,CN1CCOc2c1cnn1c(-c3ccc4cccc(NC5CCCCC5)c4c3)nnc21,5.22,IC50,6060.0,nM,1
CHEMBL216180,O=C(NC1CCN(Cc2ccc3[nH]ccc3c2)CC1)c1cc(=O)c2ccc(F)cc2o1,5.22,IC50,6080.0,nM,1
CHEMBL1801192,CCOc1ccc(-n2nc3c(N4CC(OC)C4)nnc(C)c3c2C)c(F)c1,5.22,IC50,6000.0,nM,1
CHEMBL311663,O=C(OC1Cc2c(O)cc(O)cc2OC1c1cc(O)c(O)c(O)c1)c1cc(O)c(O)c(O)c1,5.22,IC50,6025.6,nM,1
CHEMBL5760221,Cc1cc(Cn2cc(-c3ccc(Cl)cc3)cn2)n(C)n1,5.22,IC50,6060.0,nM,1
CHEMBL176426,CCn1nc(Cc2ccc(OC(F)(F)F)cc2)cc1C1CCN(C[C@H]2CN([C@@H](C(=O)O)C(C)(C)C)C[C@@H]2c2cccc(F)c2)CC1,5.22,Ki,6000.0,nM,1
CHEMBL3093975,CCCCN(CC)CC#CCCc1ccc(Cl)cc1,5.22,IC50,6007.0,nM,1
CHEMBL4755819,Nc1nc(N2CCC3(CCC[C@H]3N)CC2)cnc1Sc1cccnc1C(F)(F)F,5.22,IC50,6000.0,nM,1
CHEMBL4745141,Cc1cn([C@H](C)[C@@H]2CCNC[C@H]2F)c2nc(C(N)=O)cc(Cl)c12,5.22,IC50,6000.0,nM,1
CHEMBL3703268,CC#Cc1cncc(-c2ccc3c(c2)C2(CSC(N)=N2)C2(COC2)CO3)c1,5.22,IC50,6050.0,nM,1
CHEMBL2017098,Cc1cccc(-c2noc([C@H]3CNCC[C@]3(O)c3ccc(F)c(F)c3)c2Br)c1C,5.22,Ki,6000.0,nM,1
CHEMBL5802422,C[C@@H]1Cc2c([nH]c3ccccc23)[C@@H](c2c(F)cnc(OCCNCCCF)c2F)N1CC1(F)CC1,5.22,IC50,6000.0,nM,1
CHEMBL2368925,O=C(O[C@@H]1C[C@@H]2C[C@H]3C[C@H](C1)N2CC3=O)c1c[nH]c2ccccc12,5.22,IC50,6025.6,nM,1
CHEMBL454648,Cc1ncc(-c2nc(Nc3ccc(C(=O)N(C)C)c(F)c3)ncc2F)n1C(C)C,5.22,IC50,6000.0,nM,1
CHEMBL281561,N[C@H](C(=O)N1CC[C@@H](F)C1)[C@H]1CC[C@H](NS(=O)(=O)c2ccc(OC(F)(F)F)cc2)CC1,5.22,Ki,6000.0,nM,1
CHEMBL3121096,O=C1NN=C(c2ccc(OC3CCN(C4CCC4)CC3)cc2)[C@@H]2C[C@H]12,5.22,IC50,6000.0,nM,1
CHEMBL4076823,CC1(C)[C@H](Nc2c(C(N)=O)cnn3cc(-c4cccc(Cl)c4)cc23)CC[C@]1(C)N,5.22,IC50,6000.0,nM,1
CHEMBL561788,O=C(NC1CC1c1ccccc1)N1CCC(c2nc(-c3ccccc3C(F)(F)F)no2)CC1,5.22,IC50,6000.0,nM,1
CHEMBL550242,O=C(NC1CCc2ccccc2C1)N1CCC(c2nc(-c3ccccn3)no2)CC1,5.22,IC50,6000.0,nM,1
CHEMBL4204909,CCO/N=C1\CCc2cc(OCCCCCN3CCN(c4ccnc(N)c4)S3(=O)=O)ccc21,5.22,IC50,6000.0,nM,1
CHEMBL4638273,COc1cc(-c2cncc(-c3ccc(N4CCNCC4)cc3)c2C#N)cc(OC)c1OC,5.22,IC50,6000.0,nM,1
CHEMBL4859681,COC(=O)NC12CCC(n3cc(-c4cc(N)c(Cl)cc4F)c4c(N)ncnc43)(CC1)CC2,5.22,IC50,6000.0,nM,1
CHEMBL1822865,COC(=O)c1c(C)noc1-c1ccc2cc(CCN3CCC[C@H]3C)ccc2n1,5.22,IC50,6000.0,nM,1
CHEMBL500946,N#Cc1ccc(Cn2cncc2CN[C@H]2CCN(C(=O)c3cncc(Br)c3)C2=O)cc1,5.22,IC50,6000.0,nM,1
CHEMBL4176397,CCCC[C@@H](CCO)Nc1nc(N)nc2ccc(OC)cc12,5.22,IC50,6000.0,nM,1
CHEMBL2069398,Cc1cccc(-c2noc(C3CC(=O)N(c4ccc(F)cc4)C3)n2)c1,5.22,IC50,6000.0,nM,1
CHEMBL3092632,CC(C)CN1CCC(c2ccccc2Oc2ncccc2NC(=O)Nc2ccc(OC(F)(F)F)cc2)CC1,5.22,IC50,6000.0,nM,1
CHEMBL1916536,COc1ccc2c(c1)N(CCN1CCC(NCc3cc4c(cn3)OCCO4)CC1)C(=O)CS2,5.22,IC50,6000.0,nM,1
CHEMBL477360,Cc1nc2ccccc2c(=O)n1-c1ccc(OCCCN2CCC[C@@H]2C)cc1,5.22,IC50,6000.0,nM,1
CHEMBL1671889,N#Cc1ccc(Cn2cncc2CNC2CCN(C(=O)c3cncc(Br)c3)C2=O)cc1,5.22,IC50,6025.6,nM,1
CHEMBL499554,CN(C)CCN1CCN(c2ccc3nc(-c4ccccc4)c(-c4ccc(CN5CCC(c6nnc(-c7ccccn7)[nH]6)CC5)cc4)nc3n2)CC1,5.22,IC50,6000.0,nM,1
CHEMBL1649932,CCCC(=O)N1CCc2c(nc(C)n2[C@H]2C[C@H]3CC[C@@H](C2)N3CC[C@H](NC(C)=O)c2cccc(F)c2)C1,5.22,IC50,6000.0,nM,1
CHEMBL3586433,Cc1cc(C)nc(N2C[C@H]3CN(C(=O)c4cccc(F)c4-n4nccn4)C[C@H]3C2)n1,5.22,IC50,6000.0,nM,1
CHEMBL1096827,CC(=O)N1C[C@@H](Oc2cccc(F)c2)C[C@@H]1C(=O)N1CCCN(C2CCC2)CC1,5.22,IC50,6000.0,nM,1
CHEMBL2016938,O[C@]1(c2ccc(F)c(F)c2)CCNC[C@@H]1c1onc(-c2ccccc2Cl)c1Br,5.21,Ki,6200.0,nM,1
CHEMBL3787131,O=C(c1nnc(-c2ccc(F)cc2)o1)N1CCC(Oc2ccc(CN3CCCC3)cc2)CC1,5.21,IC50,6200.0,nM,1
CHEMBL445212,CN1CCN(c2ncc3cc(-c4ccccc4)c(-c4ccc(CN5CCC(c6nnc(-c7ccc(N)nc7)[nH]6)CC5)cc4)nc3n2)CC1,5.21,IC50,6100.0,nM,1
CHEMBL5874469,C[C@@H]1Cc2c([nH]c3ccc(F)cc23)[C@@H](c2c(F)ccc(NCCNCCCF)c2F)N1CC(F)(F)CO,5.21,IC50,6100.0,nM,1
CHEMBL6047079,COc1cc(CCC(C)(C)N2Cc3cccc(F)c3C2)ccc1OC(=O)N(C)C,5.21,IC50,6100.0,nM,1
CHEMBL4755342,CC(C)C1OC2(CCN(CCc3ccccc3)CC2)CN(C)C1=O,5.21,IC50,6200.0,nM,1
CHEMBL184014,COc1ccc(CCNC(C)COc2c(C)cccc2C)cc1OC,5.21,IC50,6100.0,nM,1
CHEMBL4076563,Cc1c([C@@H](O)CN2CCC3(CC2)CCN(c2cnsn2)C3=O)ccc2c1COC2=O,5.21,IC50,6100.0,nM,1
CHEMBL5769402,CNCC(Cc1ccccc1F)c1ccc2ccccc2c1,5.21,IC50,6200.0,nM,1
CHEMBL5954037,CNC[C@@H](c1ccc2ccccc2c1)[C@@H](O)c1cccs1,5.21,IC50,6100.0,nM,1
CHEMBL1829637,N[C@]1(c2ccccc2)CC[C@H](N2CC(NC(=O)CNC(=O)c3cccc(C(F)(F)F)c3)C2)CC1,5.21,IC50,6200.0,nM,1
CHEMBL3617456,Nc1nc(N2CCC(N)CC2)c2sc(-c3ccc(C(F)(F)F)cc3)cc2n1,5.21,IC50,6100.0,nM,1
CHEMBL4532101,c1ccc(-c2cccc3nc(-c4cncs4)nc(NCc4ccccn4)c23)cc1,5.21,IC50,6200.0,nM,1
CHEMBL5793973,C[C@@H]1Cc2c([nH]c3ccccc23)[C@@H](c2c(F)cnc(OCCNCCCF)c2F)N1CC(F)(F)CO,5.21,IC50,6100.0,nM,1
CHEMBL3609630,COc1cc(-c2cn(C3CCc4ccccc4N(Cc4ccncc4)C3=O)nn2)ccc1-n1cnc(C)c1,5.21,IC50,6220.0,nM,1
CHEMBL4473656,Cn1cc(NC(=O)c2cccc(-c3ccnc(NCC4CC4)c3)c2)c(C(N)=O)n1,5.21,IC50,6100.0,nM,1
CHEMBL3545367,Cc1ncc(OC[C@@]2(c3cccc(F)c3)C[C@H]2C(=O)Nc2ccc(F)cn2)c(C)n1,5.21,IC50,6100.0,nM,1
CHEMBL470633,COc1cc(-n2ccnc(NCCc3ccccc3)c2=O)ccc1OCCN1CCCC1,5.21,IC50,6200.0,nM,1
CHEMBL3409256,NC(=O)c1ccccc1OCCCN1CCN(c2cccc3c2ccn3S(=O)(=O)c2ccccc2)CC1,5.21,IC50,6200.0,nM,1
CHEMBL1083427,Fc1cccc(C(Cc2ccccc2OC(F)(F)F)N2CCNCC2)c1,5.21,IC50,6110.0,nM,1
CHEMBL4104261,Cc1nc2n(c(=O)c1CCN1CCN(c3cccc4sccc34)CC1)CCCC2F,5.21,IC50,6130.0,nM,1
CHEMBL1085964,C[C@@H]1CCCN1CCc1ccc2nc(-c3cnccn3)ccc2c1,5.21,Ki,6200.0,nM,1
CHEMBL4086633,C[C@@]1(c2cc(CNCC(F)(F)F)c(F)cc2F)CCSC(N)=N1,5.21,IC50,6100.0,nM,1
CHEMBL523305,N#Cc1ccnc(C2=NC(c3ccc(F)cc3)(c3ccc(F)cc3)[C@H](CO)N2)c1,5.21,IC50,6100.0,nM,1
CHEMBL2031870,CC(C)NC(=O)c1ccc(-c2ccc3c(c2)CCN(CCN2CCCC2)C3=O)cc1,5.21,IC50,6200.0,nM,1
CHEMBL4794306,COc1ccc2ncc(F)c(CC[C@@]3(O)CO[C@@H]4[C@@H](NCc5ccc(Cl)c(Cl)c5)CO[C@@H]43)c2n1,5.21,IC50,6100.0,nM,1
CHEMBL4203860,COc1cccc(NC(=O)c2cnc([C@]34CO[C@@H](C)C[C@H]3CSC(N)=N4)s2)c1,5.21,IC50,6200.0,nM,1
CHEMBL4650316,C[C@@H]1Cc2c([nH]c3ccccc23)[C@@H](c2c(F)cc(NC3CN(CCCF)C3)cc2F)N1CC(F)(F)CO,5.21,IC50,6100.0,nM,1
CHEMBL1829621,COc1cc([C@H]2CC[C@H](N3CC(NC(=O)CNC(=O)c4cccc(C(F)(F)F)c4)C3)CC2)ccn1,5.21,IC50,6200.0,nM,1
CHEMBL255389,Cc1oc(-c2ccccc2)nc1CCOc1cccc(C[C@@H]2C(=O)N(c3ccc(C(C)(C)C)cc3)[C@@H]2C(=O)O)c1,5.21,IC50,6200.0,nM,1
CHEMBL3604804,COC(=O)N(Cc1ccc2c(n1)NC(=O)CO2)C12CCC(CCc3c(F)cnc4ccc(OC)nc34)(CC1)OC2,5.21,IC50,6100.0,nM,1
CHEMBL2333621,CCN(C)c1cc(C(F)(F)F)cc(COCC2(c3ccc(F)cc3)CCN(C)CC2)n1,5.21,IC50,6100.0,nM,1
CHEMBL4074870,CCS(=O)(=O)c1cnc(N2CC3(CCN(C[C@H](O)c4ccc5c(c4C)COC5=O)CC3)CC2=O)cn1,5.21,IC50,6100.0,nM,1
CHEMBL4746224,CC1(N)CCN(c2cnc(Sc3ccccc3Cl)c(N)n2)CC1,5.21,IC50,6100.0,nM,1
CHEMBL2380444,CC1(c2cccc(-c3cccc(Cl)c3)c2)N=C(N)CCO1,5.21,IC50,6150.0,nM,1
CHEMBL3128178,O=C(Nc1ccc(C[C@@H]2CC[C@H]([C@H](O)c3cccnc3)N2)cc1)[C@@H]1CCc2scnc21,5.21,IC50,6100.0,nM,1
CHEMBL1834637,CC(C)[C@H]1CC[C@@H](N2CC(NC(=O)CNc3n[nH]c4ccc(C(F)(F)F)cc34)C2)CC1,5.21,IC50,6200.0,nM,1
CHEMBL3753613,COc1ccc2ncc(F)c(CC(C)(O)C34CCC(NCc5ccc6c(n5)NC(=O)CO6)(CC3)CO4)c2n1,5.21,IC50,6100.0,nM,1
CHEMBL2204262,O=C(CNC(=O)c1cccc(C(F)(F)F)c1)NC1CN([C@H]2CC[C@@](O)(c3nc4ccccc4s3)CC2)C1,5.21,IC50,6200.0,nM,1
CHEMBL4743440,Cc1c(-c2ccc3[nH]ncc3c2)ccc2c3oc(CN)nc3c(=O)n(C3CC3)c12,5.21,IC50,6200.0,nM,1
CHEMBL442242,Cc1nn(C)cc1-c1ccc2cc(CCN3CCC[C@H]3C)ccc2n1,5.21,Ki,6200.0,nM,1
CHEMBL6011417,CC(C)Oc1cncc(-c2ccc3[nH]nc(C(=O)NCC4CCOC4)c3c2)c1,5.21,IC50,6200.0,nM,1
CHEMBL4460797,C[C@@H](O)CN(CCc1ccc(Cl)cc1)C1CCN(c2nc(N)n[nH]2)CC1,5.21,IC50,6100.0,nM,1
CHEMBL557718,COc1cccc2c1O[C@H](c1ccc(OCCCN3CCCC3)cc1)[C@@H](C)S2(=O)=O,5.21,IC50,6200.0,nM,1
CHEMBL5893791,CNCC(Cc1ccccc1C)c1ccc2ccccc2c1,5.21,IC50,6200.0,nM,1
CHEMBL4754960,N#Cc1cnc(Nc2cc(NC[C@H]3CNCCO3)c(Cl)cn2)cn1,5.21,IC50,6100.0,nM,1
CHEMBL4464246,CCOCc1nnc(N2C[C@@H]3C[C@]3(c3ccc(F)cc3Cl)C2)n1-c1ccc(OC)nc1,5.21,IC50,6100.0,nM,1
CHEMBL2326692,Clc1ccc(C2CCCCNC2)cc1Cl,5.21,IC50,6100.0,nM,1
CHEMBL6001447,CCN(CCN1CCC(n2ccc3cc(F)ccc32)CC1)C(=O)C(C)O,5.21,IC50,6200.0,nM,1
CHEMBL1779005,COc1cc(F)ccc1-c1cccc(CNC2CCCC2)n1,5.21,IC50,6230.0,nM,1
CHEMBL5877069,CNC[C@H](Cc1ccccc1O)c1ccc2ccccc2c1,5.21,IC50,6100.0,nM,1
CHEMBL4286717,CCC1(C)CC(=O)N(CCCCN2CCN(c3cccc4sccc34)CC2)C(=O)C1,5.21,IC50,6210.0,nM,1
CHEMBL2011534,N[C@H]1CN(c2ccc(-n3ccc(OCc4ccccc4)cc3=O)cn2)C[C@@H]1c1cc(F)c(F)cc1F,5.21,IC50,6100.0,nM,1
CHEMBL5862224,CCN(CCN1CCC(c2c[nH]c3ccccc23)CC1)S(=O)(=O)CCO,5.21,IC50,6200.0,nM,1
CHEMBL4169078,N#Cc1cnc(Nc2cc(NC[C@H]3CNCCO3)c(C(F)(F)F)cn2)cn1,5.21,IC50,6200.0,nM,1
CHEMBL4208172,CCN1CCN(Cc2ccc(Nc3ncc(F)c(-c4cc(F)c5nc6n(c5c4)C(C)(C)CC6)n3)nc2)CC1,5.2,IC50,6380.0,nM,1
CHEMBL3326784,CC(C)[C@H](CC(=O)[C@H]1Cc2ccc(O)cc2CN1)CN1CC[C@@](C)(c2cccc(F)c2)[C@@H](C)C1,5.2,Ki,6250.0,nM,1
CHEMBL2347419,CN(C)CCCn1nc(-c2cnc3[nH]cc(C(=O)NC(C)(C)CO)c3n2)c2cc(OC(F)F)ccc21,5.2,IC50,6320.0,nM,1
CHEMBL2069409,O=C(N[C@@H]1COc2cccc(-c3ccncc3)c2C1)c1ccc(OCC(F)(F)F)nc1,5.2,IC50,6309.57,nM,1
CHEMBL5861408,C[C@@H]1Cc2c([nH]c3ccccc23)[C@@H](c2cc(OCCNCCCF)ccc2CO)N1CC(F)(F)F,5.2,IC50,6300.0,nM,1
CHEMBL567919,CN(CCN1CCN(C2COOC2)C1=O)C[C@]12CC[C@H](CC1)C2(C)C,5.2,IC50,6309.57,nM,1
CHEMBL1085591,C[C@@H]1CCCN1CCc1ccc2nc(C3=NCCS3)ccc2c1,5.2,Ki,6300.0,nM,1
CHEMBL2070942,CC(C)(C)c1csc(N2CCN(C(=O)[C@@H]3CCCC[C@H]3C(=O)NC3(C#N)CC3)CC2)n1,5.2,IC50,6309.57,nM,1
CHEMBL1290059,CC(C)N1C[C@H](NS(=O)(=O)C(C)C)[C@@H](c2ccc(-c3cccc(NS(C)(=O)=O)c3)cc2)C1,5.2,IC50,6300.0,nM,1
CHEMBL3805396,O=c1ccc(OCCCN2CCCCC2)nn1-c1ccc(Cl)c(Cl)c1,5.2,IC50,6340.0,nM,1
CHEMBL2069420,O=C(N[C@@H]1COc2cccc(-c3cncnc3)c2C1)c1ccc(OCCC(F)(F)F)nc1,5.2,IC50,6309.57,nM,1
CHEMBL558058,CN(CCN1CCN(c2cccc(C(F)(F)F)c2)C1=O)C[C@]12CC[C@H](CC1)C2(C)C,5.2,IC50,6309.57,nM,1
CHEMBL549639,COc1cccc2c1S(=O)(=O)C(C)C(c1ccc(OCCCN3CCCC3)cc1)O2,5.2,IC50,6300.0,nM,1
CHEMBL2158836,O=C(O)[C@@H](Cc1ccccc1)N1CCC(CN2CCC(Oc3ccc(Cl)c(Cl)c3)CC2)CC1,5.2,IC50,6309.57,nM,1
CHEMBL2147212,O=C(NCCc1ccccc1-c1cnc(OC(F)F)cn1)c1ccc(OCCC(F)(F)F)nc1,5.2,IC50,6309.57,nM,1
CHEMBL3775350,Cn1c(SCCCN2CC3CCN(c4c(F)cc(F)cc4F)C3C2)nnc1-c1ccn(C)c(=O)c1,5.2,IC50,6309.57,nM,1
CHEMBL5084158,O=c1ccc2c([nH]1)CCC(NCCCCCCCNc1c3c(nc4cc(Cl)ccc14)CCCC3)C2,5.2,IC50,6357.0,nM,1
CHEMBL1761688,CC(C)NCc1c(C(=O)N[C@@H]2CCC[C@H](O)C2)noc1-c1ccc(C(F)(F)F)cc1,5.2,Ki,6309.57,nM,1
CHEMBL4577776,Nc1n[nH]c(N2CCC(N(CCO)CCc3ccc(Cl)cc3)CC2)n1,5.2,IC50,6300.0,nM,1
CHEMBL2164552,N#Cc1ccc(-c2noc(-c3cc(F)cc(C#N)c3)n2)nc1,5.2,IC50,6350.0,nM,1
CHEMBL2171015,O=C(NS(=O)(=O)N1CCC(N2CCC(Oc3ccc(Cl)c(Cl)c3)CC2)CC1)c1ccccc1,5.2,IC50,6309.57,nM,1
CHEMBL3736345,CC(C)(C)n1nnc2c1CCC(n1cnc(-c3ccc(F)cc3)n1)C2,5.2,IC50,6309.57,nM,1
CHEMBL4290141,CC1(C)CC(Oc2ccc(-c3ccc(-c4cn[nH]c4)cc3O)nn2)CC(C)(C)N1,5.2,IC50,6300.0,nM,1
CHEMBL3764357,CN(C)Cc1cc(C(=O)N[C@@H]2CCc3ccc(Oc4ccnc5c4CCC(=O)N5)cc3C2)cc(C(F)(F)F)c1.Cl.Cl,5.2,IC50,6300.0,nM,1
CHEMBL1083405,CC(C)Oc1ccccc1CC(c1ccccc1)N1CCNCC1,5.2,IC50,6370.0,nM,1
CHEMBL246051,O=C(NCCN1CCC(F)(F)CC1)c1ccc(CN2CCC(NC(=O)c3cc(=O)c4ccc(F)cc4o3)CC2)cc1,5.2,IC50,6300.0,nM,1
CHEMBL4283104,Cc1cc(Nc2ccnc3ccc(S(=O)(=O)C(C)(C)C)cc23)n[nH]1,5.2,IC50,6371.0,nM,1
CHEMBL4229151,COc1ccc(-n2cc(Cn3ccc4nc(-c5ccccc5F)nc-4c3)nn2)cc1,5.2,IC50,6309.57,nM,1
CHEMBL4224878,N#Cc1cnccc1COc1cnc(N2CCN(c3noc(C(F)(F)F)n3)CC2)nc1,5.2,IC50,6309.57,nM,1
CHEMBL4225726,N#Cc1cnccc1COc1cnc(N2CCN(c3nc(C(F)(F)F)no3)CC2)nc1,5.2,IC50,6309.57,nM,1
CHEMBL560715,CC(C)N1CCN(CCN2CCN(c3cccc(Cl)c3)C2=O)CC1,5.2,IC50,6309.57,nM,1
CHEMBL3613446,CC(C)[C@@H](CN1CC[C@@](C)(c2cccc(F)c2)[C@@H](C)C1)NC(=O)[C@H]1Cc2ccc(O)cc2CN1,5.2,Ki,6251.0,nM,1
CHEMBL2158773,Cc1cccc(C[C@@H](C(=O)O)N2CCC(CN3CCC(Oc4ccc(Cl)c(Cl)c4)CC3)CC2)c1,5.2,IC50,6309.57,nM,1
CHEMBL2158774,Cc1ccc(C[C@@H](C(=O)O)N2CCC(CN3CCC(Oc4ccc(Cl)c(Cl)c4)CC3)CC2)cc1,5.2,IC50,6309.57,nM,1
CHEMBL3741735,Fc1ccc(OCc2cc(OCC3(F)COC3)nc(-c3ccccn3)n2)c(F)c1F,5.2,IC50,6309.57,nM,1
CHEMBL554073,N#Cc1cc(N2CCN(CCN3CCC(C(F)(F)F)CC3)C2=O)ccc1F,5.2,IC50,6309.57,nM,1
CHEMBL2158777,O=C(O)[C@H](Cc1cccc(C(F)(F)F)c1)N1CCC(CN2CCC(Oc3ccc(Cl)c(Cl)c3)CC2)CC1,5.2,IC50,6309.57,nM,1
CHEMBL552366,O=C1N(CCN2Cc3ccccc3C2)CCN1Cc1cccc(C(F)(F)F)c1,5.2,IC50,6309.57,nM,1
CHEMBL506163,COc1ccc([C@]2(c3ccc(F)cc3)N=C(c3cc(C#N)ccn3)N[C@H]2C)cn1.Cl,5.2,IC50,6300.0,nM,1
CHEMBL2147225,COc1ccc(CCNC(=O)c2ccc(OCCC(F)(F)F)nc2)c(-c2cnc(OC)nc2)c1,5.2,IC50,6309.57,nM,1
CHEMBL490902,COc1ccnc(C2=N[C@@](c3ccc(F)cc3)(c3ccc(F)nc3)[C@H](C)N2)c1,5.2,IC50,6330.0,nM,1
CHEMBL2147221,COc1ncc(-c2cccc(C)c2CCNC(=O)c2ccc(OCCC(F)(F)F)nc2)cn1,5.2,IC50,6309.57,nM,1
CHEMBL2147213,O=C(NCCc1ccccc1-c1cccnc1)c1ccc(OCCC(F)(F)F)nc1,5.2,IC50,6309.57,nM,1
CHEMBL442456,CCc1nc2c3c(ccc2o1)CCN(CCCSc1nnc(-c2cccc4nc(C)ccc24)n1C)CC3,5.2,IC50,6309.57,nM,1
CHEMBL2059310,O=C1CCc2cccnc2N1CCCN1CCC(n2c(=O)[nH]c3ccccc32)CC1,5.2,IC50,6300.0,nM,1
CHEMBL2069399,CCCCOc1ccc(C(=O)N[C@@H]2COc3cccc(N4CCN(C)CC4)c3C2)cc1,5.2,IC50,6309.57,nM,1
CHEMBL4859888,Cn1cc(-c2nc3c(-c4ccc5c(c4)CCC[C@H]5NC(=O)c4nc(C(C)(C)C)no4)ccnc3[nH]2)cn1,5.2,IC50,6300.0,nM,1
CHEMBL2022938,O=C(Nc1ccc(-c2nnc(NCCCN3CCCCCC3)o2)cc1)c1ccccc1F,5.2,IC50,6309.57,nM,1
CHEMBL2023921,O=C(Nc1ccc(-c2nnc(NCCCN3CCCCC3)o2)cc1F)c1ccccc1F,5.2,IC50,6309.57,nM,1
CHEMBL4576031,C[C@H]1OC2(CCN(CCc3ccccc3F)CC2)CN(c2cnccc2C(F)(F)F)C1=O,5.2,IC50,6300.0,nM,1
CHEMBL1080189,Cc1ncoc1-c1nnc(SCCCN2CC3CC3(c3ccccc3C(F)(F)F)C2)n1C,5.2,IC50,6309.57,nM,1
CHEMBL2022504,O=C(Nc1ccc(-c2nnc(NCCCN3C[C@@H]4CC[C@H]3C4)o2)cc1)c1ccccc1F,5.2,IC50,6309.57,nM,1
CHEMBL3605132,O=C1COc2ccc(CNC34CCC(CCc5c(F)cnc6ccc(OC7CC(O)CC(O)C7)nc56)(CC3)OC4)nc2N1,5.2,IC50,6300.0,nM,1
CHEMBL4781604,CC#C[C@@H](CC(=O)O)c1ccc(OCc2ccc(CN3CCC4(C=Cc5ccccc54)CC3)c(OC)c2)cc1,5.2,Ki,6300.0,nM,1
CHEMBL4751235,COC(=O)N(C)c1c(N)nc(-n2nc(Cc3ccccc3F)c3cc(Cl)ccc32)nc1N,5.2,IC50,6300.0,nM,1
CHEMBL4099792,C[C@@H](c1ccc(Br)cc1)N1CC[C@](CCC(N)=O)(c2ccc(F)cc2)OC1=O,5.2,IC50,6300.0,nM,1
CHEMBL2207518,Cc1cc(CN2CCN(c3c(Cl)cnc4[nH]c(-c5cn(C)nc5C)nc34)CC2)no1,5.2,IC50,6300.0,nM,1
CHEMBL3917428,O=C(O)CCc1ccc2cc(Cc3ccccc3)cc(N3CCN(CCc4ccc(OCCCN5CCCCCC5)cc4)CC3)c2n1,5.2,IC50,6309.57,nM,1
CHEMBL511205,CCN1CCN(c2cc3[nH]c(S[C@]4(C)CC[C@@H](c5nnnn5C)CC4)nc3cc2Cl)CC1,5.2,IC50,6300.0,nM,1
CHEMBL1241736,CC(=O)c1ncn2c1COc1c(CCN3CCN(c4cccc5nc(C)ccc45)CC3)cccc1-2,5.2,Ki,6309.57,nM,1
CHEMBL469589,Cc1ccc2c(N3CCN(CCCc4cccc5c4OCC(=O)N5C)CC3)cc(F)cc2n1,5.2,Ki,6309.57,nM,1
CHEMBL2207671,CS(=O)(=O)c1ccc2c(C(=O)NC[C@@H](O)CN3CCC(Oc4ccc(Cl)c(Cl)c4)CC3)c[nH]c(=O)c2c1,5.2,IC50,6309.57,nM,1
CHEMBL2207666,O=C(NC[C@@H](O)CN1CCC(Oc2ccc(Cl)c(Cl)c2)CC1)c1c[nH]c(=O)c2ccccc12,5.2,IC50,6309.57,nM,1
CHEMBL1257447,Cc1ncoc1-c1nnc(SCCCN2CCC3CC3(c3ccccc3)C2)n1C,5.2,IC50,6309.57,nM,1
CHEMBL3237556,CCc1cccc(Nc2cc(N[C@@H]3CCCC[C@@H]3N)nnc2C(N)=O)n1,5.2,IC50,6309.57,nM,1
CHEMBL1463540,O=c1n(Cc2ccc(Cl)cc2)c2sc3c(c2c2ncnn12)CCCC3,5.2,IC50,6300.0,nM,1
CHEMBL3237577,Cc1ccc(Nc2cc(NCCN)nnc2C(N)=O)nc1C(C)C,5.2,IC50,6309.57,nM,1
CHEMBL4476275,CCCN(CCC)[C@H](c1ccccn1)[C@@H](c1ccccn1)N(CCC)CCC,5.2,IC50,6300.0,nM,1
CHEMBL1289268,O=C1O[C@]2(CC[C@H](c3nc4cc(OC(F)(F)F)ccc4[nH]3)CC2)CN1c1ccccc1F,5.2,IC50,6309.57,nM,1
CHEMBL3237557,CCCc1cccc(Nc2cc(N[C@@H]3CCCC[C@@H]3N)nnc2C(N)=O)n1,5.2,IC50,6309.57,nM,1
CHEMBL3221522,N#Cc1ccc(NC(=O)[C@H](CN2CC(O)C2)Oc2ncnc3c2cnn3-c2c(Cl)cccc2Cl)nc1,5.2,IC50,6309.57,nM,1
CHEMBL2017574,COc1cc(-c2cn(C3CC([Si](C)(C)C)CCNC3=O)nn2)ccc1-n1cnc(C)c1,5.2,IC50,6270.0,nM,1
CHEMBL472443,CC(=O)N1CC2(CCN(c3ccc(C(=O)Nc4cc(-c5cccs5)ccc4N)cn3)CC2)C1,5.2,Ki,6300.0,nM,1
CHEMBL1257214,Cc1nc(C)c(-c2nnc(SCCCN3CCC4(CCc5ccc(F)cc54)C3)n2C)s1,5.2,IC50,6309.57,nM,1
CHEMBL521193,Nc1ccc(-c2cccs2)cc1NC(=O)c1ccc(N2CCC3(CC2)C(=O)NCN3c2ccccc2)nc1,5.2,Ki,6330.0,nM,1
CHEMBL1258606,Cc1ncoc1-c1nnc(SCCCN2CCC3(CCOc4ccccc43)C2)n1C,5.2,IC50,6309.57,nM,1
CHEMBL1258605,COc1ccc2c(c1)C1(CCC2)CCN(CCCSc2nnc(-c3ocnc3C)n2C)C1,5.2,IC50,6309.57,nM,1
CHEMBL2208435,O=C(NC[C@@H](O)CN1CCC(Oc2ccc(Cl)c(Cl)c2)CC1)c1cnnc2ccccc12,5.2,IC50,6309.57,nM,1
CHEMBL3288030,Cc1ccc(O)c(C(=O)N[C@H]2CC[C@@H](NC(=O)c3cc(F)cnc3Oc3cccc(-c4ccc(CN5C[C@@H](C)N[C@@H](C)C5)cc4CN4CCOCC4)c3)CC2)c1,5.2,IC50,6309.57,nM,1
CHEMBL1289510,Cc1ccc2c(N3CCN(CCc4cccc5c4ccc(=O)n5C)[C@@H](C)C3)cc(F)cc2n1,5.2,Ki,6309.57,nM,1
CHEMBL469376,Cc1ccc2c(N3CCN(CCCc4cccc5c4OCC(=O)N5C)[C@H](C)C3)cccc2n1,5.2,Ki,6309.57,nM,1
CHEMBL5827654,CC1(C)Oc2cc(Cl)ccc2C2OCC3(CCN(CCn4ccnc4CCN)CC3)CC21,5.2,IC50,6300.0,nM,1
CHEMBL255621,Cc1ncoc1-c1nnc(SCCCN2CCc3cc4ncoc4cc3CC2)n1C,5.2,IC50,6309.57,nM,1
CHEMBL4535475,CC1(c2ccc(-n3cnnn3)cc2)NC(=O)N(CC(=O)c2ccc(F)cc2F)C1=O,5.2,IC50,6309.57,nM,1
CHEMBL4167267,Cc1ccc2[nH]c(C(=O)N[C@@H]3Cc4ccccc4[C@@H]3NC(=O)CCN(C)C)cc2c1,5.2,IC50,6309.57,nM,1
CHEMBL4159957,COc1nc2ccc(C(=O)N(C)C)cc2cc1C(c1ccccc1)C(O)(CCN(C)C)c1cccc2ccccc12,5.2,IC50,6300.0,nM,1
CHEMBL2059321,O=C1COc2ccccc2N1CCCN1CCC(n2c(=O)[nH]c3cccc(F)c32)CC1,5.2,IC50,6300.0,nM,1
CHEMBL256475,Cc1ncoc1-c1nnc(SCCCN2CCc3cc4onc(C)c4cc3CC2)n1C,5.2,IC50,6309.57,nM,1
CHEMBL4644276,NC(=O)[C@H]1CC[C@H](c2ccc(OCc3ccccc3F)cc2)N1,5.2,IC50,6309.57,nM,1
CHEMBL3968272,Cc1ncccc1-c1nnc(SCCCN2CC[C@]3(C[C@@H]3c3ccc(C(F)(F)F)cc3)C2)n1C,5.2,IC50,6309.57,nM,1
CHEMBL1290732,CC(C)S(=O)(=O)N[C@H]1CN(C)C[C@@H]1c1ccc(-c2cccnc2F)cc1,5.2,IC50,6300.0,nM,1
CHEMBL429458,O=C(c1ccc(F)cc1)N1CCN(c2ccc(OCCCN3CCCC3)cc2)C(=O)C1.O=CO,5.2,IC50,6309.57,nM,1
CHEMBL272546,CCc1nc2cc3c(cc2o1)CCN(CCCSc1nnc(-c2ocnc2C)n1C)CC3,5.2,IC50,6309.57,nM,1
CHEMBL564347,CN(CCN1CCN(c2ccc3c(c2)OCO3)C1=O)C[C@]12CC[C@H](CC1)C2(C)C,5.2,IC50,6309.57,nM,1
CHEMBL4522177,COC1CCN(Cc2cc(-c3ccc(C(C)C)cc3)n(-c3ccc(F)cc3)n2)CC1,5.2,IC50,6310.0,nM,1
CHEMBL1290649,CCC(O)(c1cn(Cc2ccc3c(-c4ccccc4)c(C(=O)OC)sc3c2)nn1)C(F)(F)F,5.2,Ki,6300.0,nM,1
CHEMBL1835064,Cc1cccc(Nc2nc(N[C@H]3CCCC[C@H]3N)ncc2C(N)=O)c1,5.2,IC50,6309.57,nM,1
CHEMBL2036775,CC(C)N1CCO[C@@H](CN2CCN(C(=O)Nc3ccc(Cl)c(Cl)c3)CC2)C1,5.2,IC50,6300.0,nM,1
CHEMBL2036767,O=C(Nc1ccc(C(F)(F)F)cc1)N1CCN(C[C@@H]2CCCN(C3CC3)C2)CC1,5.2,IC50,6300.0,nM,1
CHEMBL402015,Cc1ccc2c(-c3nnc(SCCN4CCc5cc6nc(C)oc6c(Br)c5CC4)n3C)cccc2n1,5.2,IC50,6309.57,nM,1
CHEMBL2036761,O=C(Nc1ccc(Cl)c(C(F)(F)F)c1)N1CCN(C[C@@H]2CCCN(C3CC3)C2)CC1,5.2,IC50,6300.0,nM,1
CHEMBL3357995,C[C@@H]1CN(c2nnc(C(F)(F)F)o2)CCN1c1ncc(OCc2ccc(S(C)(=O)=O)cc2C#N)cn1,5.19,IC50,6400.0,nM,1
CHEMBL516636,C[C@@H]1CN(CC2(c3ccc(C(N)=O)cc3)CC2)CCN1S(=O)(=O)c1ccc(C(C)(O)C(F)(F)F)cc1,5.19,IC50,6400.0,nM,1
CHEMBL4084875,COC(=O)c1ccc(/C=C/CN(C)Cc2ccc3c(c2)OCCC3)cc1.Cl,5.19,IC50,6500.0,nM,1
CHEMBL3084776,C[C@H]1CNC[C@H](C)N1c1nc2c(C(=O)N[C@@H]3C[C@H]4CCC[C@@H](C3)N4C)cccc2o1,5.19,IC50,6400.0,nM,1
CHEMBL2043168,COc1cc(N2C(=O)N(c3ccc(-c4ccc(C(=O)O)cc4)cc3)C(=O)C23CCN(Cc2ncccc2C)CC3)ncn1,5.19,IC50,6400.0,nM,1
CHEMBL4637250,Nc1nc(N2CCC(N(CCc3ccc(Cl)cc3)Cc3ccncc3Cl)CC2)n[nH]1,5.19,IC50,6400.0,nM,1
CHEMBL3822943,CCOc1nn(C2CCN(C(C)=O)CC2)cc1Nc1ncc(Cl)c(-c2cnn3ccccc23)n1,5.19,IC50,6400.0,nM,1
CHEMBL1084309,Fc1ccccc1C(Cc1ccccc1OC(F)F)N1CCNCC1,5.19,IC50,6500.0,nM,1
CHEMBL3806029,Cc1cc2ncc3c(n2n1)CN([C@H]1CO[C@H](c2cc(F)c(F)cc2F)[C@@H](N)C1)C3,5.19,IC50,6400.0,nM,1
CHEMBL4749664,Cc1noc(C)c1-c1ccc2nc(-c3cnn(CC(C)(C)O)c3)nc(N3CCOC[C@@H]3c3ccccc3)c2c1,5.19,IC50,6500.0,nM,1
CHEMBL1923117,Cc1c(CN(C(=O)[C@H]2CNCC[C@@]23OCc2cc(F)c(F)cc23)C2CC2)cccc1C(F)(F)F,5.19,Ki,6400.0,nM,1
CHEMBL1813471,Clc1ccc([C@]23CCCC[C@H]2CNC3)cc1Cl,5.19,IC50,6480.0,nM,1
CHEMBL1952100,CCN(C(=O)Cc1ccc(S(C)(=O)=O)cc1)C1CCN(CC[C@@H](c2cc(Cl)cc(Cl)c2)C2CCN(S(C)(=O)=O)CC2)CC1,5.19,IC50,6500.0,nM,1
CHEMBL4211826,C[C@H](C(=O)N1CCC(Oc2ccc(-c3cn(C)cn3)cc2C(N)=O)CC1)c1ccc(OC(F)(F)F)cc1,5.19,IC50,6500.0,nM,1
CHEMBL2010841,Cc1nc(-c2ccc(CN3CCC(N(C)C(=O)Cc4ccc(-n5cnnn5)cc4)CC3)cc2)no1,5.19,IC50,6500.0,nM,1
CHEMBL515477,Cc1nc2ccccc2c(=O)n1-c1ccc(OCCCN2CCC(C)C2)cc1,5.19,IC50,6400.0,nM,1
CHEMBL2441441,O=C1CCc2cc(CCN3CCN(C(=O)Cc4ccc(-n5cnnn5)cc4)CC3)ccc21,5.19,IC50,6500.0,nM,1
CHEMBL3793857,O=C1OCc2cc(CCC3CCN(C(=O)Cc4ccc(-n5cnnn5)cc4)CC3)ccc21,5.19,IC50,6400.0,nM,1
CHEMBL3775061,Cc1nc([C@@]2(c3cnn(C)c3)N[C@@H](c3nc(-c4ccc(F)cn4)c[nH]3)Cc3c2[nH]c2ccccc32)no1,5.19,IC50,6481.0,nM,1
CHEMBL1171824,Cc1cccc(N2CCN(CCCCCCN3CCN(c4ccccc4)CC3)CC2)n1,5.19,Ki,6400.0,nM,1
CHEMBL1093044,CNCCc1sc2ccccc2c1[C@@H](C)c1ccccn1,5.19,Ki,6500.0,nM,1
CHEMBL6026858,CC(C)N(CCN1CCC(c2noc3cc(F)ccc23)CC1)C(=O)[C@@H](C)O,5.19,IC50,6400.0,nM,1
CHEMBL6062801,CCN(CCN1CCC(c2noc3cc(F)ccc23)CC1)C(=O)[C@H]1CC[C@@H](O)CC1,5.19,IC50,6400.0,nM,1
CHEMBL1813474,Clc1ccc([C@]23CCC[C@H]2CNC3)cc1Cl,5.19,IC50,6400.0,nM,1
CHEMBL4213206,COc1ccc(Cc2cc3c(=O)n([C@H]4CCCC[C@@H]4O)cnc3c3ccccc23)cn1,5.19,IC50,6400.0,nM,1
CHEMBL556439,CCN(CC)C(=O)c1ccc(C2=CC3(CCNC3)Oc3ccccc32)cc1,5.19,IC50,6429.0,nM,1
CHEMBL2022997,Cc1cccc(C(CCCN)(c2ccccc2)c2ccccc2)c1,5.19,IC50,6480.0,nM,1
CHEMBL4854730,COc1cc2c(cc1OCC(F)(F)F)CCN1CC(CC(C)C)C(O)CC21,5.19,IC50,6510.0,nM,1
CHEMBL1782576,CCO[C@H]1COCC[C@H]1N[C@@H]1CC[C@@](C(=O)N2CCN(c3cc(C(F)(F)F)ccn3)CC2)(C(C)C)C1,5.19,IC50,6500.0,nM,1
CHEMBL2325982,CCC(NC(=O)C1(N)CCN(c2ncnc3[nH]ccc23)CC1)c1ccc(Cl)cc1,5.19,IC50,6495.0,nM,1
CHEMBL2069928,c1cncc(-c2ccc(-c3noc(C4CN5CCC4CC5)n3)o2)c1,5.19,IC50,6400.0,nM,1
CHEMBL3415596,Cc1cc(C(C)(C)O)cc(Nc2cc(N[C@@H]3CCCC[C@@H]3N)cnc2C(N)=O)n1,5.19,IC50,6500.0,nM,1
CHEMBL3792861,O=C1OCc2cc(CCC3(O)CCN(C(=O)Cc4ccc(-n5cnnn5)cc4)CC3)ccc21,5.19,IC50,6500.0,nM,1
CHEMBL1083705,c1ccc(C(Cc2ccccc2OC2CC2)N2CCNCC2)cc1,5.19,IC50,6400.0,nM,1
CHEMBL3609755,COc1c(-c2cn([C@H]3CCc4c(F)cccc4N(CC(F)(F)F)C3=O)nn2)ccc(-n2cnc(C)c2)c1F,5.19,Ki,6500.0,nM,1
CHEMBL563283,CN1C[C@@H](N(Cc2ccccc2F)c2ccc(C#N)c(Cl)c2)CC1=O,5.19,IC50,6500.0,nM,1
CHEMBL5919524,CNC[C@@H](Cc1ccccc1)c1ccc2ccccc2c1,5.19,IC50,6500.0,nM,1
CHEMBL493454,CCN(CC)C(=O)c1ccccc1C1=CC2(CCNCC2)Oc2ccccc21,5.19,IC50,6450.0,nM,1
CHEMBL4517296,Cn1c(C(N)=O)ccc1-c1cccc(OC(=O)NCCN2CCN(c3ccccc3)CC2)c1,5.19,IC50,6400.0,nM,1
CHEMBL220963,COC(=O)N(NC(=O)c1c(CN2CCN(C3CCOCC3)CC2)c(-c2ccccc2)nc2ccccc12)c1ccccc1,5.19,Ki,6500.0,nM,1
CHEMBL1094549,CN1CCC[C@H](c2nc3ccccc3n2Cc2ccc(F)cc2)C1,5.19,Ki,6515.0,nM,1
CHEMBL101740,CN(C)CC/C=C1/c2ccccc2COc2ccccc21,5.19,IC50,6456.54,nM,1
CHEMBL575234,c1ncc(-c2cc3sc(N4CCC(N5CCCCC5)CC4)nc3cn2)cn1,5.19,IC50,6393.44,nM,1
CHEMBL2177910,Cc1cc(C2(c3cccc(-c4cncnc4)c3)N=C(N)c3c(F)cccc32)cc(C)n1,5.19,IC50,6400.0,nM,1
CHEMBL4442416,CO[C@H](C)CN(CCc1ccc(Cl)cc1)C1CCN(c2nc(N)n[nH]2)CC1,5.19,IC50,6400.0,nM,1
CHEMBL3612806,COc1cc(C(O)CN2CCN(CCc3ccc4c(c3C)COC4=O)CC2)ncc1C#N,5.19,IC50,6400.0,nM,1
CHEMBL3754192,COc1ccc2ncc(F)c(C(C)(O)CC34CCC(NCc5ccc6c(n5)NC(=O)CO6)(CC3)CO4)c2n1,5.19,IC50,6500.0,nM,1
CHEMBL5992117,CN(C)C[C@H](c1ccc2ccccc2c1)[C@H](OCCO)c1ccccc1,5.18,IC50,6600.0,nM,1
CHEMBL1082781,Cc1ccc(-c2ccc3cc(CCN4CCC[C@H]4C)ccc3n2)cn1,5.18,Ki,6600.0,nM,1
CHEMBL2315935,O=C(CNc1ncnc2ccc(C(F)(F)F)cc12)NC1CN([C@H]2CC[C@@H](c3ccccc3O)CC2)C1,5.18,IC50,6600.0,nM,1
CHEMBL206249,CN(C(=O)N1CC(c2cc(F)ccc2F)=CC1c1cccc(O)c1)C1CCNCC1,5.18,IC50,6600.0,nM,1
CHEMBL2337978,CC(C)(C)NC(=O)NCCN1CCC(NC(=O)c2cc(Cl)cc(Cl)c2)C1,5.18,IC50,6600.0,nM,1
CHEMBL1092105,CCN1CCC(N(C(=O)NCc2ccc(F)cc2)c2ccc(Cl)cc2)CC1,5.18,IC50,6650.0,nM,1
CHEMBL4527223,O=C(O)C1(COc2ccc(-c3ccc(-c4nc5cc(Cl)ccc5[nH]4)cn3)cn2)COC1,5.18,Ki,6540.0,nM,1
CHEMBL1671890,CC/N=C(\c1ccc(OC)c(OC)c1)N1CCCc2cc(C3=NNC(=O)SC3C)ccc21,5.18,IC50,6606.93,nM,1
CHEMBL2325436,COc1ccc(C(CCCN)(c2ccccc2)c2ccccc2)cc1,5.18,IC50,6600.0,nM,1
CHEMBL549825,Clc1cccc(OC(c2cccnc2)[C@@H]2CCCNC2)c1Cl,5.18,IC50,6610.0,nM,1
CHEMBL246259,COc1cc(C(=O)NCCN2CCCC2)ccc1CN1CCC(NC(=O)c2cc(=O)c3ccc(F)cc3o2)CC1,5.18,IC50,6600.0,nM,1
CHEMBL5787351,C[C@@H]1Cc2c([nH]c3ccccc23)[C@@H](c2nccc(OCCNCCCF)c2Cl)N1CC(F)(F)F,5.18,IC50,6600.0,nM,1
CHEMBL4633607,O=C(NC1CCCOC1)c1n[nH]c2ccc(-c3cccc(F)c3F)cc12,5.18,IC50,6600.0,nM,1
CHEMBL2059311,O=C1COc2ccccc2N1CCCN1CCC(n2c(=O)[nH]c3ccccc32)CC1,5.18,IC50,6600.0,nM,1
CHEMBL3822858,COc1nn(C2CCN(C(C)=O)CC2)cc1Nc1ncc(Cl)c(-c2cnc3ccccn23)n1,5.18,IC50,6600.0,nM,1
CHEMBL4476828,Cc1nc2cc(Nc3cc(NC4CCN(c5ccc(C#N)cn5)CC4)c(C(N)=O)cn3)ccc2o1,5.18,IC50,6600.0,nM,1
CHEMBL1092169,CC(C)(O)C(=O)c1oc2nc(-c3ccccc3Cl)c(-c3ccc(Cl)cc3)cc2c1NC(=O)CO,5.18,IC50,6600.0,nM,1
CHEMBL476579,Cc1nc2ccccc2c(=O)n1-c1ccc(OCCCN2CCCCCC2)cc1,5.18,IC50,6600.0,nM,1
CHEMBL479242,Cc1cccc2nc(C)n(-c3ccc(OCCCN4CCCC4)cc3)c(=O)c12,5.18,IC50,6600.0,nM,1
CHEMBL572737,N#Cc1cncc(-c2cc3sc(N4CCC(N5CCCCC5)CC4)nc3cn2)c1,5.18,IC50,6666.67,nM,1
CHEMBL1779008,COc1cc(F)ccc1-c1cncc(CNC(C)C)c1,5.18,IC50,6670.0,nM,1
CHEMBL2326480,COc1cccc(CN2CCc3cc4nc(N)sc4cc3CC2)c1,5.18,IC50,6600.0,nM,1
CHEMBL261592,Cc1cc2cc(Nc3ncnn4cc(-c5nnc(C)o5)c(C(C)C)c34)cnc2[nH]1,5.18,IC50,6600.0,nM,1
CHEMBL4754130,CCN1CC2(CCN(CCc3cccc(F)c3)CC2)O[C@H](C)C1=O,5.18,IC50,6600.0,nM,1
CHEMBL3946960,CC(C)Cc1cc(CNS(=O)(=O)c2ccc(Cc3ccccc3)cc2)nn1-c1ccccc1,5.18,IC50,6550.0,nM,1
CHEMBL380651,O=C1CN([C@H]2CC[C@](c3ccccc3)(N3CCCC(c4cc(C(F)(F)F)cc(C(F)(F)F)c4)C3=O)CC2)CCN1c1ccccc1,5.18,Ki,6529.0,nM,1
CHEMBL4752386,CC[C@H]1OC2(CCN(CCc3ccccc3)CC2)CN(C)C1=O,5.18,IC50,6600.0,nM,1
CHEMBL4075906,Cc1cc(N2CCC3(CCN(C[C@H](O)c4ccc5c(c4C)COC5=O)CC3)C2=O)sn1,5.18,IC50,6600.0,nM,1
CHEMBL2164356,Cc1cccc(CCN2C(=O)c3ccccc3C2C(=O)NCc2ccc(OC(F)(F)F)cc2)n1,5.18,IC50,6600.0,nM,1
CHEMBL4522004,C[C@H]1OC2(CCN(CCc3ccccc3F)CC2)CN(c2ncccc2C(F)(F)F)C1=O,5.18,IC50,6600.0,nM,1
CHEMBL4641839,C[C@@H]1CN(C(=O)Nc2cc(-c3cn(C4CCOCC4)c4cnccc34)ccn2)C[C@H](C)O1,5.18,IC50,6600.0,nM,1
CHEMBL5988809,COCCNC(=O)c1cccc2c1CN(C(C)(C)CCc1ccc(O)c(OC)c1)C2,5.18,IC50,6600.0,nM,1
CHEMBL4792322,N#Cc1cnc(Nc2cc(NC[C@@H]3CNCCO3)c(C3CC3)cn2)cn1,5.18,IC50,6600.0,nM,1
CHEMBL4471006,Cc1nc(N)ccc1-c1n[nH]c2nc(N3CCC4(CC3)CO[C@@H](C)[C@H]4N)n(C)c(=O)c12,5.18,IC50,6600.0,nM,1
CHEMBL4594429,CC(C)n1c(=O)n(C)c2cnc3cc(F)c(-c4ccc(OCCCN5CCCCC5)nc4)cc3c21,5.18,IC50,6550.0,nM,1
CHEMBL3764101,Cl.Cl.NCc1cc(C(=O)N[C@@H]2CCc3ccc(Oc4ccnc5c4CCC(=O)N5)cc3C2)cc(C(F)(F)F)c1,5.18,IC50,6600.0,nM,1
CHEMBL502113,O=c1ccc(-c2nnc(C3CCN(Cc4ccc(-c5nc6nc(N7CCN(CCO)CC7)ncc6cc5-c5ccccc5)cc4)CC3)[nH]2)c[nH]1,5.17,IC50,6800.0,nM,1
CHEMBL478615,Cc1ccc2c(=O)n(-c3ccc(OCCCN4CCCC4)cc3)c(C)nc2c1,5.17,IC50,6700.0,nM,1
CHEMBL146620,O=C(CN1CCC(S(=O)(=O)c2ccccc2)CC1)c1ccc(F)cc1,5.17,Ki,6800.0,nM,1
CHEMBL5070835,O=C1NC2(CC2)COc2ncc(F)cc2[C@H]2CNCCN2c2ccn3ncc1c3n2,5.17,IC50,6700.0,nM,1
CHEMBL5084344,CCC(=O)N(CC1(N2CCN(Cc3ccccc3)CC2)CCOCC1)c1cccc(C(F)(F)F)n1,5.17,IC50,6800.0,nM,1
CHEMBL177807,O=C(CN1CCC(S(=O)(=O)c2ccccc2)CC1)c1ccc(F)cc1F,5.17,Ki,6800.0,nM,1
CHEMBL5877238,Cc1ccc(COC(=O)N2CC[C@@H](CNc3ncc4cn[nH]c4n3)C(F)(F)C2)cc1,5.17,IC50,6800.0,nM,1
CHEMBL3398175,COc1cc([C@H]2CCN(CCO)C[C@@H]2O)ccc1Nc1ncc2ccc(-c3ccccc3OC)n2n1,5.17,IC50,6800.0,nM,1
CHEMBL4093614,Cc1[nH]c(/C=C2\C(=O)Nc3ccc(F)cc32)c(C)c1NC(=O)[C@H]1CCCN1.Cl,5.17,IC50,6730.0,nM,1
CHEMBL4210353,CS(=O)(=O)c1ccc(N2CCC(F)(F)CC2)c(C(=O)N2Cc3cn(-c4cncc(F)c4)nc3C2)c1,5.17,IC50,6700.0,nM,1
CHEMBL4567515,Cc1cc(F)cc2c(=O)[nH]c(-c3ccc(C4CCNCC4)cc3)nc12.Cl,5.17,Ki,6800.0,nM,1
CHEMBL4211921,Cn1cc(-c2ccc(O[C@@H]3CCN(C(=O)Cc4ccc(OC(F)(F)F)cc4)C3)c(C(N)=O)n2)cn1,5.17,IC50,6800.0,nM,1
CHEMBL4521294,c1ccc(-c2cccc3nc(-c4ccncc4)nc(NCc4ccccn4)c23)cc1,5.17,IC50,6700.0,nM,1
CHEMBL2325743,C[C@H](NC(=O)C1(N)CCN(c2ncnc3[nH]ccc23)CC1)c1ccc(Cl)cc1,5.17,IC50,6747.0,nM,1
CHEMBL209240,C[C@@H](O[C@H]1CCC(=O)N(C)[C@@H](C)[C@@H]1c1ccc(F)cc1)c1cc(C(F)(F)F)cc(C(F)(F)F)c1,5.17,Ki,6700.0,nM,1
CHEMBL3408392,N#Cc1c(-c2ccccc2)cc(-c2ccccc2)nc1/N=c1\scc(-c2ccccc2)n1-c1ccccc1,5.17,IC50,6800.0,nM,1
CHEMBL4858136,CN1CCN(Nc2cccc3c2C[C@@H](CN(C)[C@H]2CCCc4cccnc42)NC3)CC1,5.17,IC50,6800.0,nM,1
CHEMBL2326478,Nc1nc2cc3c(cc2s1)CCN(Cc1cccc(F)c1)CC3,5.17,IC50,6800.0,nM,1
CHEMBL1836212,CC(C)Oc1ccc(-c2nc(-c3cccc4c3OCCN(C(CO)CO)C4)no2)cc1C#N,5.17,IC50,6760.83,nM,1
CHEMBL4102178,CN(C/C=C/c1ccc2ccccc2c1)Cc1ccc2c(c1)CCO2.Cl,5.17,IC50,6700.0,nM,1
CHEMBL4648962,Nc1nc(N2CCC(N3Cc4cc(F)ccc4OC[C@@H]3Cc3ccc(Cl)cc3)CC2)n[nH]1,5.17,IC50,6700.0,nM,1
CHEMBL5424508,C[C@@H]1Cc2c([nH]c3ccccc23)[C@@H](c2cc(F)cc(OCCNCCCF)c2)N1CC(F)(F)F,5.17,IC50,6700.0,nM,1
CHEMBL5827131,CCN(CCN1CCC(c2noc3cc(F)ccc23)CC1)C(=O)C1CN(C(C)=O)CCC1O,5.17,IC50,6700.0,nM,1
CHEMBL5982627,CC(C)N(CCN1CCC(c2noc3cc(F)ccc23)CC1)C(=O)[C@H](C)O,5.17,IC50,6700.0,nM,1
CHEMBL1951600,CC(C)=CCn1c(N2CCC[C@H](N)C2)c(C#N)c2c1c(=O)n(Cc1nc(C)c3ccccc3n1)c(=O)n2C,5.17,IC50,6700.0,nM,1
CHEMBL4791610,COCCOc1cc(NC(=O)N2CCCc3cc(CN(C)C(=O)CN(C)C)c(C=O)nc32)ncc1C#N,5.17,IC50,6800.0,nM,1
CHEMBL3218914,Cc1ncccc1-c1nc2cn(-c3cccc(OC(C)C)c3)nc2c(=O)n1C[C@H]1CCCN(C[C@H]2CCCO2)C1,5.17,IC50,6800.0,nM,1
CHEMBL5969819,Cc1ccc(COC(=O)N2CC[C@H](CNc3ncc4cn[nH]c4n3)C(F)(F)C2)cc1,5.17,IC50,6800.0,nM,1
CHEMBL1819141,CCCN(CCc1c[nH]c2ccccc12)Cc1ccc(/C=C/C(=O)NO)cc1,5.17,IC50,6680.0,nM,1
CHEMBL3609633,COc1cc(-c2cn([C@H]3C[C@H](C)c4ccccc4N(CC(F)(F)F)C3=O)nn2)ccc1-n1cnc(C)c1,5.17,IC50,6680.0,nM,1
CHEMBL258132,CN(C)C(=O)C(N)c1ccc(C(=O)Nc2cc(-c3cccs3)ccc2N)cc1,5.17,IC50,6800.0,nM,1
CHEMBL4088986,NC(=O)c1ccc(N[C@H]2CCCNC2)c2cc(-c3ccc(F)cc3)[nH]c12,5.17,IC50,6700.0,nM,1
CHEMBL488437,CNC(C)c1cc(F)ccc1Oc1ccc(Cl)c(Cl)c1,5.17,IC50,6830.0,nM,1
CHEMBL5839575,CNC[C@@H](c1ccc(Br)c(Cl)c1)[C@@H](O)c1ccccc1,5.17,IC50,6800.0,nM,1
CHEMBL3120281,CNc1nc(NCCCN(C)C)c2sc(-c3ccc(OC)nc3)cc2n1,5.17,IC50,6800.0,nM,1
CHEMBL4469750,CNC(=O)c1cnc(Nc2ccc(C#N)cn2)cc1Nc1cccc(-c2ncn(C)n2)c1OC,5.17,IC50,6700.0,nM,1
CHEMBL519018,Cc1nc2ccccc2c(=O)n1-c1ccc(OC2CCCN(C3CCCC3)CC2)cc1,5.17,IC50,6800.0,nM,1
CHEMBL3353404,C=CC(=O)Nc1cc(Nc2ncc(Cl)c(-c3cnn4ccccc34)n2)c(OC)cc1N(C)CCN(C)C,5.17,IC50,6700.0,nM,1
CHEMBL1795907,COCCCc1cc(CN(C(=O)[C@H]2CNCC[C@@H]2c2cc(=O)n(C)c3cc(Cl)ccc23)C2CC2)cc(OCCOC)c1,5.17,Ki,6800.0,nM,1
CHEMBL1212957,Cc1c(C(=O)NCCCN2CCN(c3cccc(Cl)c3Cl)CC2)cc(-c2cccnc2)n1C,5.17,IC50,6800.0,nM,1
CHEMBL6055928,O=C(NCC1CCOCC1)c1n[nH]c2ccc(-c3cncc(CN4CCCC4)c3)cc12,5.17,IC50,6700.0,nM,1
CHEMBL4443422,Cc1sc(-c2ccccc2Cl)cc1C(=O)N[C@@H](CN)c1ccccc1,5.17,IC50,6700.0,nM,1
CHEMBL4162255,CCC[C@@H](CCO)Nc1nc(N)nc2ccccc12,5.17,IC50,6800.0,nM,1
CHEMBL437728,CN(C(=O)c1ccc(-c2ccc(F)cc2)cc1)[C@H]1CCc2cc(CN3CCN(C(N)=O)CC3)ccc2C1,5.17,IC50,6700.0,nM,1
CHEMBL809,CN[C@H]1CC[C@@H](c2ccc(Cl)c(Cl)c2)c2ccccc21,5.17,Ki,6814.1,nM,1
CHEMBL4174959,CCCS(=O)(=O)NC1CN(c2ccc3c(c2)[C@@H](Cc2ccccc2)[C@@H](N2CCC2)CC3)C1,5.17,IC50,6800.0,nM,1
CHEMBL4577906,Cc1ccc(NC(=O)c2ccc3c(c2)CC(c2ccc(Cl)cc2)OC3=O)cc1C,5.17,IC50,6770.0,nM,1
CHEMBL4645731,COc1c(S(C)(=O)=O)ccc(O[C@@H](C)C(F)(F)F)c1C(=O)N1CC(c2ccccc2)C1,5.17,IC50,6800.0,nM,1
CHEMBL3758932,COc1cc(N)c(Cl)cc1C(=O)N[C@H]1CCN(CCCn2cccc2)C[C@H]1OC,5.17,IC50,6835.0,nM,1
CHEMBL561594,COc1ccc([C@@H](C)N[C@@H]2CC[C@@H](C(=O)N3CCC(c4ccccc4)(N4CCCCC4)CC3)C(C)(C)C2)cc1,5.17,IC50,6700.0,nM,1
CHEMBL561882,CC(C)N(C(=O)c1ccc(C2=CC3(CCNCC3)Oc3ccccc32)cc1)C(C)C,5.17,IC50,6809.0,nM,1
CHEMBL6056346,C[C@H](CCc1ccc(Cl)c(Cl)c1)N1Cc2cccc(F)c2C1,5.17,IC50,6700.0,nM,1
CHEMBL4250740,CC(C)Cc1ccc2nn(C)cc2c1NS(=O)(=O)c1ccc(CCCOC[C@H]2CN(C)CCO2)cc1,5.17,IC50,6700.0,nM,1
CHEMBL3287218,Cc1cc(-c2ccc3c(c2)CC[C@H]3N2CC3(CCN(C(=O)Cc4cn5cc(C)sc5n4)CC3)C2)ncn1,5.16,IC50,6900.0,nM,1
CHEMBL577283,CC(C)CN(C(=O)c1ccc2ccccc2c1)[C@@H]1CCNC1,5.16,Ki,7000.0,nM,1
CHEMBL2010853,CN(C(=O)Cc1ccc(S(C)(=O)=O)cc1)[C@@H]1CCN(Cc2nc3cc(F)ccc3s2)C[C@@H]1F,5.16,IC50,7000.0,nM,1
CHEMBL1923109,COCCCc1cc(CN(C(=O)[C@H]2CNCC[C@@]23OC=Cc2ccccc23)C2CC2)cc(OCCOC)c1,5.16,Ki,7000.0,nM,1
CHEMBL1172199,CC(Oc1ccc(S(C)(=O)=O)cc1C(=O)N1CCN(c2ccc(C(F)(F)F)cc2F)CC1)C(F)(F)F,5.16,IC50,6900.0,nM,1
CHEMBL4744926,C[C@@H](NC(=O)c1ccc(Cl)cc1)c1ccc2c(c1)OCCN2C(=O)c1cccc(Cl)c1,5.16,IC50,6900.0,nM,1
CHEMBL562722,COc1cccc2c1OC(c1ccc(OCCCN3CCCC3)cc1)C(C)S2(=O)=O,5.16,IC50,7000.0,nM,1
CHEMBL1823053,C[C@@H]1CCCN1CCc1ccc(-c2ccc(S(=O)(=O)N3CCC(O)C3)cc2)cc1,5.16,IC50,7000.0,nM,1
CHEMBL575474,Clc1cc2sc(N3CCC(N4CCCCC4)CC3)nc2cn1,5.16,IC50,6949.15,nM,1
CHEMBL5787400,CCN(CCN1CCC(c2noc3cc(F)ccc23)CC1)S(=O)(=O)CCO,5.16,IC50,6900.0,nM,1
CHEMBL6016138,FC(F)(CN1CCC(Nc2ncnc3[nH]ccc23)CC1)c1ccc(Cl)cn1,5.16,IC50,7000.0,nM,1
CHEMBL5978090,CCN(CCN1CCC(c2noc3cc(F)ccc23)CC1)C(=O)[C@H]1CC[C@H](O)CC1,5.16,IC50,7000.0,nM,1
CHEMBL3359239,Cc1nc(-c2ccc(Cl)cc2)nc(OCCCN2CCCCC2)c1Cl,5.16,IC50,6980.0,nM,1
CHEMBL1935425,O=S1(=O)CCC(Oc2ccc3c(c2)CCC2(CCN(C4CCC4)CC2)O3)CC1,5.16,IC50,7000.0,nM,1
CHEMBL3605125,CC(C)(O)CCOc1ccc2ncc(F)c(CCC34CCC(NCc5ccc6c(n5)NC(=O)CO6)(CC3)CO4)c2n1,5.16,IC50,7000.0,nM,1
CHEMBL5427839,C[C@@H]1Cc2c([nH]c3ccccc23)[C@@H](c2cccc(OCCNCCCF)c2F)N1CC(F)(F)F,5.16,IC50,7000.0,nM,1
CHEMBL5083712,CNC(=O)c1c(-c2ccc(O)cc2)oc2ccc(O)c(CN3CCC(F)CC3)c12,5.16,IC50,6900.0,nM,1
CHEMBL4634074,COc1cc([C@](O)(CCN(C)C)[C@@H](c2cc3cc(C#N)ccc3nc2OC)c2ccnc(OC)c2OC)cc(OC(F)F)n1,5.16,IC50,7000.0,nM,1
CHEMBL6000079,CNCCCOc1cncc(OC)c1-c1cc(Nc2cnc(C#N)cn2)n[nH]1,5.16,IC50,6900.0,nM,1
CHEMBL5082225,O=C(c1c(-c2ccc(O)cc2)oc2ccc(O)c(CN3CCC4(COC4)C3)c12)N1CCC1,5.16,IC50,6900.0,nM,1
CHEMBL4211535,Cc1cc(-n2cc3c(n2)CN(C(=O)c2cc(C#N)ccc2N2CCC(F)(F)CC2)C3)ccn1,5.16,IC50,6900.0,nM,1
CHEMBL496852,F[C@@H]1CCNC[C@H]1c1c(-c2ccccc2)[nH]c2ccc(Cl)cc12,5.16,Ki,7000.0,nM,1
CHEMBL550816,O=C(NC1CCN(Cc2ccn(-c3ccc(C(F)(F)F)cc3)c2)CC1)NC(CN1CCOCC1)c1ccccc1,5.16,IC50,6900.0,nM,1
CHEMBL4288964,CCCCc1nc(C(C)C)c(CC(=S)N2CCCC2)c(=O)n1Cc1ccc(-c2ccccc2-c2noc(=O)[nH]2)cc1,5.16,IC50,7000.0,nM,1
CHEMBL497878,Fc1ccc2[nH]c(-c3ccccc3)c([C@@H]3CNCC[C@H]3F)c2c1,5.16,Ki,7000.0,nM,1
CHEMBL2441416,O=C1OCc2cc(CCN3CCN(C(=O)Cc4ccc(-n5cnnn5)cc4C(F)(F)F)CC3)ccc21,5.16,IC50,6900.0,nM,1
CHEMBL43697,CN1CCCCC1c1c(-c2ccccc2)[nH]c2ccccc12,5.16,Ki,7000.0,nM,1
CHEMBL1083406,C[C@@H]1CCCN1CCc1ccc2nc(-c3ccncc3)ccc2c1,5.16,Ki,6900.0,nM,1
CHEMBL3394225,NC1=N[C@@]2(CO1)c1cc(-c3cccnc3F)ccc1Oc1c2cc(N2CCC(F)(F)CC2)nc1F,5.16,Ki,6900.0,nM,1
CHEMBL3786486,CN1C(=O)c2ccccc2CC1CN1CCC2(CCc3ccccc32)CC1,5.16,IC50,6960.0,nM,1
CHEMBL4560579,C#CCOc1cnc(C(=O)Nc2cc(F)c(F)c([C@@]3(C)N=C(N)S[C@@]4(COC)C[C@H]43)c2)cn1,5.16,IC50,6900.0,nM,1
CHEMBL4159307,COc1nc2ccc(Cl)cc2cc1C(c1ccccc1)C(O)(CCN(C)C)c1cccc2ccccc12,5.16,IC50,6900.0,nM,1
CHEMBL3318985,COc1cnc2ccc(=O)n(CCN3CCN(c4nc5ccccc5[nH]4)CC3)c2c1,5.16,IC50,7000.0,nM,1
CHEMBL464804,CC(=O)c1cccc(-c2cccc(-n3cc(C(=O)NC(C)C)c(=O)c4cccnc43)c2)c1,5.16,IC50,6960.0,nM,1
CHEMBL3217922,COC[C@H](C)Oc1cc(Oc2ccc(S(C)(=O)=O)cc2)cc(C(=O)Nc2nccs2)c1,5.16,IC50,6900.0,nM,1
CHEMBL3703260,NC1=NC2(CO1)c1cc(-c3cncc(OCC(F)F)c3)ccc1OCC21CC1,5.16,IC50,6900.0,nM,1
CHEMBL3699574,O=C1CCCN1Cc1nc2ccccc2n1Cc1ccc(Cl)cc1,5.16,IC50,7000.0,nM,1
CHEMBL525369,N#Cc1ccc2cc1Oc1ccc3c(c1)[C@@H](CCC3)N1CC[C@@H](NCc3cncn3C2)C1=O,5.16,IC50,7000.0,nM,1
CHEMBL3895337,Cc1ccc2cc(C(=O)c3cnn(-c4ccc5nc(C)[nH]c5c4)c3N)[nH]c2c1,5.16,IC50,6900.0,nM,1
CHEMBL1945694,Cc1cc2ncn(Cc3ccc(Cl)cc3)c2cc1C,5.16,IC50,7000.0,nM,1
CHEMBL3318928,CCOC[C@@H](CC(C)C)NC(=O)[C@@H]1CNC[C@H](C(=O)N(c2ccc(C(C)C)cn2)C2CC2)C1.Cl,5.16,IC50,7000.0,nM,1
CHEMBL2107383,COc1ccc(CCO[C@@H]2CCCC[C@H]2N2CC[C@@H](O)C2)cc1OC.Cl,5.16,IC50,7000.0,nM,1
CHEMBL4473654,N=C(N)NC(=O)c1nc(-c2cc3ccccc3o2)c(N)nc1N,5.16,IC50,6900.0,nM,1
CHEMBL3907479,Cc1nc2ccc(-n3ncc(C(=O)c4cc5ccccc5[nH]4)c3N)cc2[nH]1,5.16,IC50,6900.0,nM,1
CHEMBL4279547,CCCC[C@@H](CCO)Nc1nc(N)nc2c1CN(C(=O)c1cccs1)CC2,5.16,IC50,6900.0,nM,1
CHEMBL552061,O=C(NC1CC1c1ccccc1)N1CCC(c2nc(-c3nccc4ccccc34)no2)CC1,5.16,IC50,7000.0,nM,1
CHEMBL3342774,O=C(O)[C@H]1CC[C@@H](OC2CCN(c3ccc(-c4nc5cc(C(F)(F)F)ccc5[nH]4)cn3)CC2)CC1,5.16,Ki,7000.0,nM,1
CHEMBL1945845,Cc1n[nH]c(=O)cc1-c1ccc(OC2CCN(C3CCC3)CC2)cc1,5.16,IC50,7000.0,nM,1
CHEMBL4764582,COc1cc(NC(=O)c2cccc(C(F)(F)F)n2)cc2cn(C3CCN(C)CC3)nc12,5.16,IC50,6900.0,nM,1
CHEMBL1214597,Cc1c(C(=O)NCCN2CCN(c3cccc(Cl)c3Cl)CC2)cc(C(C)(C)C)n1C.Cl,5.16,IC50,6900.0,nM,1
CHEMBL454407,CN1C(=O)[C@@H](CN2CCCCC2)C[C@H]1C#Cc1ccccc1,5.16,IC50,6850.0,nM,1
CHEMBL3357994,C[C@@H]1CN(c2nnc(C(F)(F)F)o2)CCN1c1ncc(OCc2ccc(S(C)(=O)=O)cc2F)cn1,5.16,IC50,6900.0,nM,1
CHEMBL487066,Cc1ncc(-c2ccnc(Nc3ccc(C(=O)NC4CC4)cc3)n2)n1C(C)C,5.16,IC50,7000.0,nM,1
CHEMBL2043169,COc1cc(N2C(=O)N(c3ccc(-c4cccc(C(=O)O)c4)cc3)C(=O)C23CCN(Cc2ncccc2C)CC3)ncn1,5.16,IC50,7000.0,nM,1
CHEMBL459176,Cn1ccc2cc(C3(Cc4ccccc4)CCNC3)ccc21,5.16,IC50,7000.0,nM,1
CHEMBL2170611,CC(=O)N1CCC(c2cc(C)c(C(=O)NC(=N)N)cc2C(F)(F)F)CC1,5.16,IC50,7000.0,nM,1
CHEMBL2204250,O=C(CNC(=O)c1cccc(C(F)(F)F)c1)NC1CN([C@H]2CC[C@@](O)(c3ccc(OCC(F)(F)F)nc3)CC2)C1,5.16,IC50,7000.0,nM,1
CHEMBL3912801,CC(=O)NC1CCC(c2nnc(SCCCN3CC[C@]4(C[C@@H]4c4ccc(C(F)(F)F)cc4)C3)n2C)CC1,5.16,IC50,6918.31,nM,1
CHEMBL3099899,COc1ccc(CNC(=O)c2cc(-c3cc(Cl)cc(Cl)c3)cnc2-c2cccnc2)cc1OC,5.16,IC50,6950.0,nM,1
CHEMBL4204606,Cn1cnc(-c2cnc(O[C@@H]3CCN(C(=O)Cc4ccc(OC(F)(F)F)cc4)C[C@H]3F)c(C(N)=O)c2)c1,5.16,IC50,7000.0,nM,1
CHEMBL3586440,Cc1cc(C)nc(N2C[C@H]3CN(C(=O)c4c(C)cccc4-n4nccn4)C[C@H]3C2)n1,5.16,IC50,6900.0,nM,1
CHEMBL4876663,COc1cc(CC[C@@H](C)N2Cc3cccc(F)c3C2)ccc1O,5.16,IC50,7000.0,nM,1
CHEMBL2177582,CN1C[C@H](C(=O)Nc2ccc(Cl)cc2)[C@@H](c2ccc(/C=C/C(=O)Nc3ccccc3N)cc2F)C1,5.16,IC50,7000.0,nM,1
CHEMBL559987,CCc1oc(CCc2cc(N3CCOCC3)cc(NC(C)=O)n2)nc1C,5.16,IC50,7000.0,nM,1
CHEMBL4097638,CC(C)c1noc(N2CCC([C@H]3C[C@H]3CCOc3ccc(CC(=O)N4CCC4)c(F)c3)CC2)n1,5.16,IC50,7000.0,nM,1
CHEMBL403441,CCOc1ccccc1C[C@H](c1ccccc1)N1CCNCC1,5.16,IC50,6950.0,nM,1
CHEMBL3746226,CC(C)(C)c1cc(NC(=O)n2ccc3cc(Oc4ncnc5c4CCNC5)ccc32)no1,5.16,IC50,7000.0,nM,1
CHEMBL240246,O=S(=O)(c1ccc(F)cc1)c1ccc(CCc2ccc(F)cc2)cn1,5.16,Ki,6900.0,nM,1
CHEMBL523821,C[C@@H]1NC(c2cccc(C#N)n2)=N[C@@]1(c1ccc(F)cc1)c1ccc(F)nc1,5.16,IC50,6930.0,nM,1
CHEMBL3747546,CCOC(=O)[C@H]1[C@@H]2CN(C(=O)c3ccc(C[C@@H]4CC[C@H]([C@H](O)c5ccccc5)N4)cc3)C[C@@H]21,5.16,IC50,7000.0,nM,1
CHEMBL4750046,Cc1cn([C@H](C)[C@H]2CCNC[C@@H]2F)c2nc(C(N)=O)cc(Cl)c12,5.16,IC50,7000.0,nM,1
CHEMBL4443524,CNC(=O)c1c(-c2ccc(O)cc2)oc2ccc(O)c(CN3CCCCC3)c12,5.16,IC50,6900.0,nM,1
CHEMBL2180528,CC(C)[C@@H](NC(=O)c1ccccc1)C(=O)N1CCC(c2ccc(Cl)cc2)CC1,5.16,IC50,7000.0,nM,1
CHEMBL4526734,CC(C)C(=O)c1c(Nc2ccc(F)c(F)c2F)[nH]c2c(F)cc(F)cc2c1=O,5.16,IC50,6900.0,nM,1
CHEMBL1779012,COc1cc(F)ccc1-c1cncc(CNC(=O)c2cnccn2)c1,5.15,IC50,7110.0,nM,1
CHEMBL146485,NC(=O)c1cccc(S(=O)(=O)C2CCN(CCc3ccc(F)cc3F)CC2)c1,5.15,Ki,7143.01,nM,1
CHEMBL5882181,CNC[C@H](c1ccc(Br)c(Cl)c1)[C@H](O)c1ccccc1,5.15,IC50,7100.0,nM,1
CHEMBL3326631,CC(C)[C@H](CC(=O)[C@H]1Cc2ccc(O)cc2CN1)CN1CC[C@@](C)(c2ccccc2)[C@@H](C)C1,5.15,Ki,7050.0,nM,1
CHEMBL2426277,C=CC(=O)Nc1cc(Nc2ncc(Cl)c(-c3cnn4ccccc34)n2)c(OC)cc1N1CCN(C)CC1,5.15,IC50,7100.0,nM,1
CHEMBL3301626,Cc1nc(C#Cc2ccnc(Cl)c2)c(C)n1-c1ccc(F)cc1,5.15,IC50,7100.0,nM,1
CHEMBL3613445,CC(C)[C@@H](CN1CC[C@@](C)(c2ccccc2)[C@@H](C)C1)NC(=O)[C@H]1Cc2ccc(O)cc2CN1,5.15,Ki,7048.0,nM,1
CHEMBL2036762,Cc1ccc(NC(=O)N2CCN(C[C@@H]3CCCN(C4CC4)C3)CC2)cc1Cl,5.15,IC50,7100.0,nM,1
CHEMBL5927233,COc1cnc(NCCNCCCF)cc1[C@@H]1c2[nH]c3ccccc3c2C[C@@H](C)N1CC(F)(F)F,5.15,IC50,7100.0,nM,1
CHEMBL2036764,O=C(Nc1ccc(Br)cc1)N1CCN(C[C@@H]2CCCN(C3CC3)C2)CC1,5.15,IC50,7100.0,nM,1
CHEMBL2441411,N#Cc1cc(CC(=O)N2CCN(CCc3ccc4c(c3)COC4=O)CC2)ccc1-n1cnnn1,5.15,IC50,7100.0,nM,1
CHEMBL4443694,Cc1ccc(/C(=C(\CCCO)c2ccccc2)c2ccc(N3CCNCC3)cc2)cc1.Cl.Cl,5.15,IC50,7100.0,nM,1
CHEMBL1080789,O=C(c1cccc(Cl)c1Cl)N(CCC1CC1)[C@H]1CCNC1,5.15,IC50,7140.0,nM,1
CHEMBL1802909,CN(Cc1cnccn1)S(=O)(=O)Nc1ccc2ccc3ncc(-c4cnn(C)c4)cc3c(=O)c2c1,5.15,IC50,7100.0,nM,1
CHEMBL6013533,C[C@@H]1Cc2c([nH]c3ccccc23)[C@@H](c2cncc(OCCNCCCF)c2)N1CC(F)(F)F,5.15,IC50,7100.0,nM,1
CHEMBL2333620,CCC(CC)Nc1cc(C(F)(F)F)cc(COCC2(c3ccc(F)cc3)CCN(C)CC2)n1,5.15,IC50,7100.0,nM,1
CHEMBL3661466,CC(C)n1cc(C(=O)c2cncc(NC(=O)Cc3ccc(C#N)cc3)c2)c2cncnc21,5.15,Ki,7100.0,nM,1
CHEMBL402163,CS(=O)(=O)c1ccc(-c2noc([C@@H](CC3CC3)[C@H](N)C(F)=C3CCCC3)n2)c(Cl)c1.O=C(O)C(F)(F)F,5.15,IC50,7100.0,nM,1
CHEMBL583621,CC1(C)Cc2c(CN3CCC4(CC3)CCN(C(=O)c3ccncc3)CC4)cccc2O1,5.15,IC50,7079.46,nM,1
CHEMBL1822304,O=C(NCC1(N2CCCC2)CCCC1)N1CCC(c2nc(-c3ccc4ccccc4n3)no2)CC1,5.15,IC50,7100.0,nM,1
CHEMBL4636550,Cc1cc(Br)c(NC2=NCCN2)c2ccccc12,5.15,IC50,7100.0,nM,1
CHEMBL4640712,CC(C)(C#N)c1cc(Nc2nc(N3CCC[C@H](N)C3)ncc2C(N)=O)cc(C(C)(C)C#N)c1,5.15,IC50,7100.0,nM,1
CHEMBL1644609,N#Cc1ccccc1-c1cccc(O[C@@H]2C[C@H]3CC[C@@H](C2)N3)n1,5.15,Ki,7080.0,nM,1
CHEMBL3933375,COc1ccc2c(c1)CNCCS2,5.15,IC50,7029.0,nM,1
CHEMBL5928632,CCN(CCN1CCC(c2noc3cc(F)ccc23)CC1)C(=O)C(C)O,5.15,IC50,7100.0,nM,1
CHEMBL4800498,CNC(=O)c1nc(C)n2ccc(Nc3nccc(-n4cc(CN(C)C)cn4)n3)cc12,5.15,IC50,7100.0,nM,1
CHEMBL258175,CC(C)N1CCN(Cc2cnc(-c3ccc(C(=O)Nc4ccccc4N)cc3)c(Cl)c2)CC1,5.15,IC50,7079.46,nM,1
CHEMBL2041181,COc1cc(N2C(=O)N(c3ccc(-c4ccc(C(=O)O)cc4C)nc3)C(=O)C23CCN(Cc2ncccc2C)CC3)ncn1,5.15,IC50,7100.0,nM,1
CHEMBL3422015,CC(C)c1nc(-c2nnc3n2CCN(C(=O)c2ccc(-c4cccs4)cc2)[C@@H]3C)co1,5.14,IC50,7300.0,nM,1
CHEMBL3400821,CO[C@@]1(CC23CCC(NCc4ccc5c(n4)NC(=O)CO5)(CC2)CO3)Cn2c(=O)ccc3ncc(F)c1c32,5.14,IC50,7300.0,nM,1
CHEMBL1823043,O=C(C1CC(Oc2cccc(Cl)c2)CN1)N1CCCN(C2CCC2)CC1,5.14,IC50,7200.0,nM,1
CHEMBL4854548,Cn1ncc(C(=O)Nc2cncc(-c3cc(Cl)cc(Cl)c3)c2N2CCC(N)CC2)c1C(F)(F)F,5.14,IC50,7300.0,nM,1
CHEMBL6033170,CCN(CCN1CCC(c2noc3cc(F)ccc23)CC1)C(=O)C(O)C(F)(F)F,5.14,IC50,7300.0,nM,1
CHEMBL3321968,CN1CCN(c2cc(Cl)c3nc(Nc4ccc(Br)cn4)[nH]c3c2)CC1,5.14,IC50,7300.0,nM,1
CHEMBL4753469,CNC(=O)c1ncn2ccc(Nc3nccc(-n4cc(CN(C)C)cn4)n3)cc12,5.14,IC50,7300.0,nM,1
CHEMBL2164761,CS(=O)(=O)c1ccc([C@@H](CC2CCCC2)C(=O)Nc2cnccn2)cc1Cl,5.14,IC50,7300.0,nM,1
CHEMBL6008481,CC(C)(C)c1nccn1Cc1cn(-c2ccc(Cl)cc2)nn1,5.14,IC50,7200.0,nM,1
CHEMBL2431809,CC1(C)c2nc(-c3ccc(F)cc3)c(Nc3ccc(Cl)cc3)n2CCN1C(=O)CN,5.14,IC50,7200.0,nM,1
CHEMBL5970123,Cc1c(NCCNCCCF)ccnc1[C@@H]1c2[nH]c3ccccc3c2C[C@@H](C)N1CC(F)(F)F,5.14,IC50,7200.0,nM,1
CHEMBL1939747,CCOC(=O)Nc1ccc([C@@H](c2ccc(C(=O)N(CC)CC)cc2)N2CCN(Cc3cscn3)CC2)cc1,5.14,IC50,7300.0,nM,1
CHEMBL3425808,O=C1COc2ccc(CNC34CCC(C[C@]5(O)Cn6c(=O)ccc7ncc(F)c5c76)(CC3)OC4)cc2N1,5.14,IC50,7300.0,nM,1
CHEMBL485242,Cc1nc2ccccc2c(=O)n1-c1ccc(OC2CCCN(C3CCC3)CC2)cc1,5.14,IC50,7300.0,nM,1
CHEMBL316502,N#Cc1ccc(Cn2cncc2CN[C@H]2CCN(Cc3ccccc3)C2=O)cc1,5.14,IC50,7199.99,nM,1
CHEMBL5792644,C[C@@H]1Cc2c([nH]c3ccccc23)[C@@H](c2ccnc(OCCNCCCF)c2)N1CC(F)(F)F,5.14,IC50,7200.0,nM,1
CHEMBL5991143,Cc1c([C@@H]2c3[nH]c4ccccc4c3C[C@@H](C)N2CC(F)(F)F)ccnc1OCCNCCCF,5.14,IC50,7300.0,nM,1
CHEMBL4076794,COc1cccc(-c2cc3c(N[C@@H]4CC[C@](C)(N)C4(C)C)c(C(N)=O)cnn3c2)c1,5.14,IC50,7200.0,nM,1
CHEMBL3758199,COc1cc(N)c(Cl)cc1C(=O)N[C@H]1CCN(CCCn2ccnc2)C[C@H]1OC,5.14,IC50,7261.0,nM,1
CHEMBL19224,COc1ccc(Cc2nccc3cc(OC)c(OC)cc23)cc1OC,5.14,IC50,7244.36,nM,1
CHEMBL4782340,Clc1ccc2c(c1)CCc1nnc([C@H]3CC[C@H](Oc4ccccn4)CC3)n1-2,5.14,IC50,7200.0,nM,1
CHEMBL2382364,COc1ccc2nccc([C@@H](O)CC[C@@H]3CCN(C4CC(c5cc(F)cc(F)c5)C4)C[C@@H]3C(=O)O)c2c1,5.14,IC50,7180.0,nM,1
CHEMBL4759918,COC(=O)N(C)c1c(N)nc(-n2nc(Cc3cccc(F)c3F)c3ccccc32)nc1N,5.14,IC50,7200.0,nM,1
CHEMBL5882802,CCN(CCCN1CCC(c2noc3cc(F)ccc23)CC1)S(=O)(=O)CCO,5.14,IC50,7200.0,nM,1
CHEMBL2177912,NC1=NC(c2cccc(-c3cncnc3)c2)(c2ccnc(C(F)F)c2)c2cccc(F)c21,5.14,IC50,7200.0,nM,1
CHEMBL3822989,CC(=O)N1CCC(n2cc(Nc3ncc(Cl)c(-c4cnn5ccccc45)n3)c(C)n2)CC1,5.14,IC50,7200.0,nM,1
CHEMBL3582319,CCn1cc([C@@]2(c3noc(C)n3)N[C@@H](c3nc(-c4ccc(F)cn4)c[nH]3)Cc3c2[nH]c2ccccc32)cn1,5.14,IC50,7300.0,nM,1
CHEMBL375019,CC1(C)C2=C3C=C4C5=[N+](CCC4OC3CCN2c2ccc(CC(=O)NCCN(CCOc3ccc(NS(C)(=O)=O)cc3)CCc3ccc(NS(C)(=O)=O)cc3)cc21)c1ccc(S(=O)(=O)[O-])cc1C5(C)C,5.14,Ki,7300.0,nM,1
CHEMBL2059306,O=C1CCc2ccccc2N1CCCN1CCC(n2c(=O)[nH]c3ccccc32)CC1,5.14,IC50,7300.0,nM,1
CHEMBL4751769,O=C(N[C@H]1CCN(C2CCCCC2)C[C@@H]1C(=O)N[C@H](CO)c1ccccc1)c1cc(-c2ccc(F)cc2F)on1,5.14,IC50,7200.0,nM,1
CHEMBL4754724,COc1nc(-c2csc(Nc3c4c(nn3C(C)(C)C)CCCC4)n2)ccc1-n1cnc(C)c1,5.14,IC50,7180.0,nM,1
CHEMBL32363,COC(=O)C1C(OC(=O)c2ccccc2)CC2CCC1N2C,5.14,IC50,7244.36,nM,1
CHEMBL4176810,CCC[C@@H](CCO)Nc1nc(N)nc2ccc(C)cc12,5.14,IC50,7200.0,nM,1
CHEMBL4634776,CC(O)CN1[C@H](C)CN(CC[S+]([O-])C(c2ccc(F)cc2)c2ccc(F)cc2)C[C@@H]1C,5.14,IC50,7300.0,nM,1
CHEMBL4457342,CS(=O)(=O)NCCN(CCc1ccc(Cl)cc1)C1CCN(c2nc(N)n[nH]2)CC1,5.14,IC50,7200.0,nM,1
CHEMBL1795901,COCCCc1cc(CN(C(=O)[C@H]2CNCC[C@@H]2c2ccccc2)C2CC2)cc(OCCOC)c1,5.14,Ki,7200.0,nM,1
CHEMBL2325997,CC(NC(=O)C1(N)CCN(c2ncnc3[nH]ccc23)CC1)c1ccc(Cl)cc1,5.14,IC50,7200.0,nM,1
CHEMBL1668239,O=C(N[C@H]1CC[C@H](O)CC1)[C@H](C1CCCCC1)n1c(-c2ccc(Cl)cc2)nc2cc(F)c(F)cc21,5.14,IC50,7300.0,nM,1
CHEMBL5775773,Cc1n[nH]c(C)c1CCn1cc(-c2ccc(Cl)c(C(F)F)c2)cn1,5.14,IC50,7170.0,nM,1
CHEMBL2035183,C1=C/COCc2cc(ccc2OCCN2CCCC2)Nc2nccc(n2)-c2ccc(s2)COC/1,5.14,IC50,7200.0,nM,1
CHEMBL258060,CNCc1cc(NS(C)(=O)=O)ccc1Oc1ccc(Cl)cc1C,5.14,Ki,7250.0,nM,1
CHEMBL2333638,FC(F)(F)c1cc(Cl)cc(COCC2(c3ccccc3)CCNCC2)c1,5.14,IC50,7200.0,nM,1
CHEMBL2041190,Cc1cc(C(=O)O)ccc1-c1ccc(N2C(=O)N(c3cnccn3)C3(CCN(Cc4ncccc4C)CC3)C2=O)cc1,5.14,IC50,7200.0,nM,1
CHEMBL3422007,Cc1cccc(-c2nnc3n2CCN(C(=O)c2ccc(-c4cccs4)cc2)[C@@H]3C)n1,5.14,IC50,7300.0,nM,1
CHEMBL1092931,Cc1ccc(OC(=O)N(CC(=O)O)Cc2cccc(OCc3nc(-c4cccc(Cl)c4)oc3C)c2)cc1,5.14,IC50,7300.0,nM,1
CHEMBL3931791,CN(CCC1CCN(C(=O)OCc2cc(Cl)cc(Cl)c2)CC1)C(=O)c1c[nH]c(=O)o1,5.14,IC50,7300.0,nM,1
CHEMBL3092629,CN1Cc2cccc(Oc3ncccc3NC(=O)Nc3ccc(OC(F)(F)F)cc3)c2C1C(C)(C)C,5.14,IC50,7200.0,nM,1
CHEMBL1095877,O=C([C@H]1C[C@H](Oc2cccc(Cl)c2)CN1)N1CCCN(C2CCC2)CC1,5.14,IC50,7200.0,nM,1
CHEMBL470840,COc1cc(-n2ccnc(CCCc3ccccc3)c2=O)ccc1OCCN1CCCC1,5.14,IC50,7300.0,nM,1
CHEMBL2164393,CC(NC(=O)C1c2ccccc2C(=O)N1CCc1ccccn1)c1ccc(OCC(F)(F)F)cc1,5.14,IC50,7300.0,nM,1
CHEMBL3218913,CCCOc1cccc(-n2cc3nc(-c4cccnc4C)n(C[C@H]4CCCN(C[C@H]5CCCO5)C4)c(=O)c3n2)c1,5.14,IC50,7300.0,nM,1
CHEMBL5088467,Cc1cnc2c(-c3ccc(C(=O)N(c4ncccc4C)[C@@H]4CCCNC4)cc3F)cnn2c1,5.14,Ki,7200.0,nM,1
CHEMBL488434,CNCc1cc(F)ccc1Oc1ccc(Cl)cc1,5.13,IC50,7390.0,nM,1
CHEMBL2170231,Cc1cc(OCCN2CCN(C)CC2)nn1-c1ccc(Cl)c(Cl)c1,5.13,IC50,7400.0,nM,1
CHEMBL3353407,C=CC(=O)Nc1cc(Nc2ncc(Cl)c(-c3cn(C)c4ccccc34)n2)c(OC)cc1N(C)CCN(C)C,5.13,IC50,7400.0,nM,1
CHEMBL3093951,CCCCN(CC)CC#CCOCc1ccc(Cl)cc1,5.13,IC50,7372.0,nM,1
CHEMBL5889007,CCN(CCN1CCC(n2ncc3cc(F)ccc32)CC1)C(=O)CCO,5.13,IC50,7400.0,nM,1
CHEMBL2170070,Cc1cc(OCCN2C[C@@H](C)O[C@@H](C)C2)nn1-c1ccc2ccccc2c1,5.13,IC50,7400.0,nM,1
CHEMBL6033554,COc1cc(CCC(C)(C)N2Cc3cccc(C(=O)N4CCOCC4)c3C2)ccc1O,5.13,IC50,7400.0,nM,1
CHEMBL1934520,COCCS(=O)(=O)c1ccc(-c2ccc(CCN3CCC[C@H]3C)cc2)cc1,5.13,IC50,7400.0,nM,1
CHEMBL3358014,CC(C)c1noc(N2CCN(c3ncc(OCc4ccc(S(C)(=O)=O)cc4F)cn3)[C@H](C)C2)n1,5.13,IC50,7400.0,nM,1
CHEMBL246815,CC(C(O)c1ccc2c(c1)CNC(=O)N2)N1CCC(O)(c2ccc(F)cc2)CC1,5.13,IC50,7400.0,nM,1
CHEMBL1819260,CC(C)(C)c1[nH]c2ccccc2c1CCNCc1ccc(/C=C/C(=O)NO)cc1,5.13,IC50,7450.0,nM,1
CHEMBL503810,Nc1ccc(-c2nnc(C3CCN(Cc4ccc(-c5nc6nc(N7CCN(CCO)CC7)ncc6cc5-c5ccccc5)cc4)CC3)[nH]2)cn1,5.13,IC50,7400.0,nM,1
CHEMBL1683351,N#Cc1ccc(N2CCN(Cc3cc(C(=O)O)c(=O)n4ccccc34)CC2)cc1,5.13,IC50,7400.0,nM,1
CHEMBL225311,CN1CCN(Cc2ccc3c(c2)Cc2c(-c4csc(C#CCNC(=O)c5ccccc5)c4)n[nH]c2-3)CC1,5.13,IC50,7460.0,nM,1
CHEMBL2333624,CN1CCC(COCc2cc(C(F)(F)F)cc(N3CCCC3)n2)(c2ccccc2)CC1,5.13,IC50,7400.0,nM,1
CHEMBL3786768,Cn1nc(C(=O)N2CCC(Oc3ccc(CN4CCCC4)cc3)CC2)cc1-c1ccccc1,5.13,IC50,7400.0,nM,1
CHEMBL6012121,Cn1nccc1Cn1cc(-c2ccc(Cl)cc2)cn1,5.13,IC50,7350.0,nM,1
CHEMBL4060838,O=C(Cc1ccc(OCC[C@@H]2C[C@@H]2C2CCN(c3ncc(Cl)cn3)CC2)cc1)N1CCC1,5.13,IC50,7400.0,nM,1
CHEMBL5080864,O=C(c1c(-c2ccc(O)cn2)oc2ccc(O)c(CN3CCCCC3)c12)N1CC(F)C1,5.13,IC50,7400.0,nM,1
CHEMBL564243,O=C(NC[C@@H]1CCCC[C@H]1O)NC1CCN(Cc2ccn(-c3ccc(C(F)(F)F)cc3)c2)CC1,5.13,IC50,7330.0,nM,1
CHEMBL1834648,C=CCO[C@H]1CC[C@@H](N2CC(NC(=O)CNc3n[nH]c4ccc(C(F)(F)F)cc34)C2)CC1,5.13,IC50,7400.0,nM,1
CHEMBL3764895,CC(C)(N)c1cc(C(=O)N[C@@H]2CCc3ccc(Oc4ccnc5c4CCC(=O)N5)cc3C2)cc(C(F)(F)F)c1.Cl.Cl,5.13,IC50,7400.0,nM,1
CHEMBL3823499,CC(C)(C)S(=O)(=O)c1ccc2nccc(Nc3n[nH]c4ccc(F)cc34)c2c1,5.13,IC50,7445.0,nM,1
CHEMBL2031884,CCNC(=O)c1ccc(-c2ccc3c(c2)CCN(CCN2CCC[C@H]2C)C3=O)cc1,5.13,IC50,7400.0,nM,1
CHEMBL550405,COCCNS(=O)(=O)c1ccc(-c2ccc(CCN3CCC[C@H]3C)cc2)cc1,5.13,IC50,7344.83,nM,1
CHEMBL4102761,CCOC(=O)C1=C(CN2CCOC(CO)C2)NC(c2nccs2)=NC1c1ccc(F)cc1Br,5.13,IC50,7330.0,nM,1
CHEMBL538380,COc1ccc([C@H](N[C@@H]2CC[C@@H](C(=O)N3CCC(C(=O)N4CCCC4)(c4ccccc4)CC3)C(C)(C)C2)C(F)(F)F)cc1,5.13,IC50,7400.0,nM,1
CHEMBL5087053,CN1CCC(NC(=O)c2cccn3c(=O)c4ccc5ccccc5c4nc23)CC1,5.13,IC50,7390.0,nM,1
CHEMBL2313768,COC1COCCC1N[C@@H]1C[C@H]2CCC[C@@]2(C(=O)N2CCc3ccc(OC(F)(F)F)cc3C2)C1,5.13,IC50,7400.0,nM,1
CHEMBL5789483,CCN(CCCN1CCN(c2noc3cc(F)ccc23)CC1)S(=O)(=O)C(C)CO,5.13,IC50,7400.0,nM,1
CHEMBL5889491,CCN(CCCN1CCC(c2noc3ccccc23)CC1)S(=O)(=O)C(C)CO,5.13,IC50,7400.0,nM,1
CHEMBL4751496,COC(=O)N(C)c1c(N)nc(-n2nc(Cc3ccccc3F)c3cc(C#N)ccc32)nc1N,5.13,IC50,7400.0,nM,1
CHEMBL3808921,C[C@H]1Cc2c(ncnc2Oc2ccc3c(ccn3C(=O)Nc3cc(C4(C(F)(F)F)CC4)on3)c2)CN1,5.13,IC50,7400.0,nM,1
CHEMBL4780715,FC(F)Oc1ccc(-c2nnc3cncc(OCCc4ccccc4)n23)cc1,5.13,IC50,7410.0,nM,1
CHEMBL3688395,O[C@H](COc1ccc2[nH]c(=S)[nH]c2c1)CN1CCN(c2ccc(Cl)cc2)CC1,5.12,Ki,7500.0,nM,1
CHEMBL552479,N[C@H]1Cn2c(nc3cc(C(F)(F)F)ccc32)C[C@@H]1c1cc(F)c(F)cc1F.O=C(O)C(F)(F)F,5.12,IC50,7500.0,nM,1
CHEMBL5087842,O=c1ccc2c([nH]1)CCC(NCCCCCNc1c3c(nc4cc(Cl)ccc14)CCCC3)C2,5.12,IC50,7657.0,nM,1
CHEMBL3688392,O=c1ccc2cc(OC[C@@H](O)CN3CCN(c4ccc(Cl)cc4)CC3)ccc2[nH]1,5.12,Ki,7500.0,nM,1
CHEMBL4089937,c1ccc(-c2ccccc2CC(c2cccnc2)c2cccnc2)cc1,5.12,IC50,7620.0,nM,1
CHEMBL5922918,Nc1ccc(-c2ccco2)cc1NC(=O)c1ccc2nc(N3CCNCC3)ccc2c1,5.12,IC50,7600.0,nM,1
CHEMBL2315934,O=C(CNc1ncnc2ccc(C(F)(F)F)cc12)NC1CN([C@H]2CC[C@@H](c3ccccn3)CC2)C1,5.12,IC50,7500.0,nM,1
CHEMBL3981856,Cn1c(SCCCN2CC[C@]3(C[C@@H]3c3ccc(C(F)(F)F)cc3)C2)nnc1-c1ccc(CC(N)=O)cc1,5.12,IC50,7585.78,nM,1
CHEMBL2321995,CN1CC=CCC(c2ccc(Cl)c(Cl)c2)C1,5.12,IC50,7600.0,nM,1
CHEMBL3408382,N#Cc1c(-c2ccccc2)cc(-c2ccccc2)nc1/N=c1\sc(-c2ccccc2)nn1-c1ccccc1,5.12,IC50,7600.0,nM,1
CHEMBL3774903,c1ccc2c3c([nH]c2c1)[C@@H](C1CCOCC1)N[C@@H](c1nc(-c2ccncc2)c[nH]1)C3,5.12,IC50,7518.0,nM,1
CHEMBL1795911,COCCCc1cc(Cl)cc(CN(C(=O)[C@H]2CNCC[C@@H]2c2ccn(C)c(=O)c2)C2CC2)c1,5.12,Ki,7600.0,nM,1
CHEMBL4873077,Cc1ccc(CN2CCN(C(=O)C(=O)Nc3ccc4c(ccn4C)c3)CC2)cc1,5.12,IC50,7500.0,nM,1
CHEMBL4794480,Cc1c(N2CCC3(CC2)Cc2ncccc2[C@@H]3N)nc(C)n(-c2cccc(Cl)c2Cl)c1=O,5.12,Ki,7500.0,nM,1
CHEMBL4071806,CC1(C)[C@H](Nc2c(C(N)=O)cnn3cc(-c4cccc(F)c4)cc23)CC[C@]1(C)N,5.12,IC50,7600.0,nM,1
CHEMBL4291394,CN(C)C(=O)CNCCc1cccc(OCCCC(C)(F)F)c1.Cl,5.12,IC50,7600.0,nM,1
CHEMBL4218135,CSc1ccc(Cc2cc3c(=O)n([C@H]4CCCC[C@@H]4O)cnc3c3ccccc23)cn1,5.12,IC50,7500.0,nM,1
CHEMBL3787166,O=C(c1noc(-c2ccccc2)n1)N1CCC(Oc2ccc(CN3CCCC3)cc2)CC1,5.12,IC50,7500.0,nM,1
CHEMBL147806,CC(C)(C)NCc1ccc(Nc2ccnc3cc(Cl)ccc23)cc1O,5.12,IC50,7500.0,nM,1
CHEMBL4071255,COc1ccccc1-c1cc2c(N[C@@H]3CC[C@](C)(N)C3(C)C)c(C(N)=O)cnn2c1,5.12,IC50,7500.0,nM,1
CHEMBL2380449,COc1cccc(-c2cccc(C3(C)CCSC(N)=N3)c2)c1,5.12,IC50,7600.0,nM,1
CHEMBL5925065,CNC[C@H](c1ccc2ccccc2c1)[C@H](O)c1ccc(Cl)nc1,5.12,IC50,7500.0,nM,1
CHEMBL5927039,FC(F)(F)c1ccc(CCN2CCC(Nc3ncnc4[nH]ncc34)C(F)(F)C2)cc1,5.12,IC50,7600.0,nM,1
CHEMBL4451680,C[C@]12CC[C@@H]3c4ccc(OCCCN5CCCC5)cc4CC[C@H]3[C@@H]1CC[C@@H]2N1CCCC1,5.12,IC50,7500.0,nM,1
CHEMBL3688393,O=c1[nH]c2ccc(OC[C@@H](O)CN3CCN(c4ccc(Cl)cc4)CC3)cc2[nH]1,5.12,Ki,7500.0,nM,1
CHEMBL3217923,COC[C@H](C)Oc1cc(Oc2ccc(S(C)(=O)=O)cc2)cc(C(=O)Nc2nc(C)ns2)c1,5.12,IC50,7500.0,nM,1
CHEMBL3758976,COc1cc(N)c(Cl)cc1C(=O)N[C@H]1CCN(CC2CCN(C(=O)NC(C)C)CC2)C[C@H]1OC,5.12,IC50,7551.0,nM,1
CHEMBL1222240,CC[C@@H](CC(=O)NCC1CCCCC1)n1c(N)nc2cc(Cl)ccc21,5.12,IC50,7500.0,nM,1
CHEMBL4284346,O=C1[C@@H]2[C@H]3CC[C@H](C3)[C@@H]2C(=O)N1CCCCN1CCN(c2cccc3sccc23)CC1,5.12,IC50,7520.0,nM,1
CHEMBL1834721,CCOC(=O)[C@H]1CC[C@@H](N2CC(NC(=O)CNc3nn(CC)c4ccc(C(F)(F)F)cc34)C2)CC1,5.12,IC50,7600.0,nM,1
CHEMBL4643578,COC(=O)N1CCN(C(=O)c2ccc(-c3cnn4c(N)c(-c5ccccc5)c(NC5CC(C)(C)N(C)C(C)(C)C5)nc34)cc2)CC1,5.12,IC50,7500.0,nM,1
CHEMBL1923122,COCCCc1cccc2cccc(CN(C(=O)[C@H]3CNCC[C@@]34OCc3cc(F)c(F)cc34)C3CC3)c12,5.12,Ki,7600.0,nM,1
CHEMBL1834652,O=C(CNc1nn(CCO)c2ccc(C(F)(F)F)cc12)NC1CN([C@H]2CC[C@@H](c3ccc4c(c3)OCO4)CC2)C1,5.12,IC50,7600.0,nM,1
CHEMBL4567098,CN(C)c1ccc(CNC(=O)[C@@H]2CNC[C@H]2c2ccc(C(F)(F)F)c(Cl)c2)cc1,5.12,IC50,7560.0,nM,1
CHEMBL556539,CCSc1ccccc1C(=O)N(CC1CCC1)[C@H]1CCNC1,5.12,IC50,7570.0,nM,1
CHEMBL469950,Nc1ccc(-c2cccs2)cc1NC(=O)c1ccc(N2CCC3(CC2)NCNC3=O)nc1,5.12,Ki,7540.0,nM,1
CHEMBL4745524,Cc1cc([C@H]2CC[C@H](c3nnc4n3-c3ccc(Cl)cc3CC4)CC2)no1,5.12,IC50,7600.0,nM,1
CHEMBL2086693,C[C@@H]1CN(c2noc(C(F)(F)F)n2)CCN1c1ncc(OCc2ccncc2C#N)cn1,5.12,IC50,7600.0,nM,1
CHEMBL4227403,CCOc1cc([C@H](c2cc3cc(Br)ccc3cc2OC)[C@@](O)(CCN(C)C)c2cccc3ccoc23)cc(OC)n1,5.12,IC50,7500.0,nM,1
CHEMBL4473213,CC(C)(C)c1cc(NC(=O)Cc2ccc(-n3cnc4cc(-c5ccc(S(C)(=O)=O)cc5)ccc43)cc2)no1,5.12,IC50,7570.0,nM,1
CHEMBL3609629,COc1cc(-c2cn(C3CCc4ccccc4N(Cc4ccccn4)C3=O)nn2)ccc1-n1cnc(C)c1,5.12,IC50,7570.0,nM,1
CHEMBL1829635,Cc1cccc(C)c1[C@]1(O)CC[C@@H](N2CC(NC(=O)CNC(=O)c3cccc(C(F)(F)F)c3)C2)CC1,5.12,IC50,7600.0,nM,1
CHEMBL574180,Cc1ccc(-c2cnc3nc(N4CCC(N5CCCCC5)CC4)sc3c2)cn1,5.12,IC50,7543.86,nM,1
CHEMBL1819274,CCc1nn2ccccc2c1CCN(Cc1ccc(/C=C/C(=O)NO)cc1)C(C)C,5.12,IC50,7520.0,nM,1
CHEMBL4093121,CCn1nc(N2CCC3(CCN(C[C@H](O)c4ccc5c(c4C)COC5=O)CC3)C2=O)ccc1=O,5.12,IC50,7600.0,nM,1
CHEMBL1668240,O=C(N[C@H]1CC[C@H](C(=O)O)CC1)[C@H](C1CCCCC1)n1c(-c2ccc(Cl)cc2)nc2cc(F)c(F)cc21,5.12,IC50,7600.0,nM,1
CHEMBL4876263,COc1cc(F)cc(-c2cncc(-c3nc4cc(F)ccc4[nH]3)c2N2CCC(N)CC2)c1,5.12,IC50,7500.0,nM,1
CHEMBL1088900,COc1nccnc1CC1=C(CCN(C)C)Cc2ccccc21,5.12,IC50,7600.0,nM,1
CHEMBL1782568,CO[C@@H]1COCC[C@@H]1N[C@@H]1CC[C@@](C(=O)N2CCN(c3cncc(C(F)(F)F)n3)CC2)(C(C)C)C1,5.12,IC50,7600.0,nM,1
CHEMBL2010843,CN(C(=O)Cc1ccc(-n2cnnn2)cc1)C1CCN(Cc2nc3c(s2)CCCC3)CC1,5.12,IC50,7600.0,nM,1
CHEMBL4290212,CCC[C@@H](CCO)Nc1nc(N)nc2c1CN(C(=O)c1cccs1)CC2,5.12,IC50,7600.0,nM,1
CHEMBL511142,CO[C@@]12CC[C@@]3(C[C@@H]1[C@](C)(O)C(C)(C)C)[C@H]1Cc4ccc(O)c5c4[C@@]3(CCN1CC1CC1)[C@H]2O5,5.12,IC50,7585.78,nM,1
CHEMBL1092597,COc1nccnc1[C@H](C)C1=C(CCN(C)C)Cc2ccccc21,5.12,IC50,7600.0,nM,1
CHEMBL3605137,NCC1(COc2ccc3ncc(F)c(CCC45CCC(NCc6ccc7c(n6)NC(=O)CO7)(CC4)CO5)c3n2)CC1,5.12,IC50,7600.0,nM,1
CHEMBL1083999,CN(C)CCCCc1ccc(C(C)(C)C)cc1,5.12,IC50,7500.0,nM,1
CHEMBL1934521,C[C@@H]1CCCN1CCc1ccc(-c2ccc(S(=O)(=O)CCO)cc2)cc1,5.11,IC50,7700.0,nM,1
CHEMBL75880,C1CCC(C(CC2CCCCN2)C2CCCCC2)CC1,5.11,IC50,7762.47,nM,1
CHEMBL4067770,NC(=O)c1ccc(N[C@H]2CCCNC2)c2cc(-c3cccc(F)c3)[nH]c12,5.11,IC50,7700.0,nM,1
CHEMBL1643511,CNC1CCN(c2ccc(Cl)c(Cl)c2)c2ccccc21,5.11,IC50,7800.0,nM,1
CHEMBL3650831,NC1=NC2(CO1)c1cc(-c3cncnc3)ccc1OC(Cc1ccccc1)C21COC1,5.11,IC50,7730.0,nM,1
CHEMBL1668243,O=C(O)c1ccc(NC(=O)[C@H](C2CCCCC2)n2c(-c3ccc(Cl)cc3)nc3cc(F)c(F)cc32)c(Cl)c1,5.11,IC50,7800.0,nM,1
CHEMBL2326476,Nc1nc2cc3c(cc2s1)CCN(Cc1ccccc1)CC3,5.11,IC50,7800.0,nM,1
CHEMBL5818403,C[C@@H]1Cc2c([nH]c3ccccc23)[C@@](C)(c2cccc(OCCNCCCF)c2)N1CC(F)(F)F,5.11,IC50,7700.0,nM,1
CHEMBL256907,Cc1nnc(C(C)C)n1[C@H]1C[C@H]2CC[C@@H](C1)N2CC[C@H](NC(=O)C1CCC(F)(F)CC1)c1ccccc1,5.11,IC50,7750.0,nM,1
CHEMBL2312146,COc1cc(Nc2cc(-c3cccc(C#N)c3)ccn2)ccc1N1CCOCC1,5.11,IC50,7700.0,nM,1
CHEMBL4645301,CCCOc1cc([C@](O)(CCN(C)C)[C@@H](c2cc3cc(Br)ccc3nc2OC)c2ccnc(OC)c2OC)cc(OC)n1,5.11,IC50,7800.0,nM,1
CHEMBL2158224,N#Cc1c[nH]c(C(=O)Nc2ccc(C3CCN(Cc4ccccn4)CC3)cc2C2=CCCCC2)n1,5.11,IC50,7700.0,nM,1
CHEMBL572537,O=C(c1ccncc1)N1CCC2(CCN(Cc3cccc4c3OCC4)CC2)CC1,5.11,IC50,7762.47,nM,1
CHEMBL3823095,Cc1nn(C2CCN(CC(=O)N(C)C)CC2)c(C)c1Nc1ncc(Cl)c(-c2cnn3ccccc23)n1,5.11,IC50,7800.0,nM,1
CHEMBL1080969,CCC(CC)N(C(=O)c1cccc(Cl)c1Cl)[C@H]1CCNC1,5.11,IC50,7740.0,nM,1
CHEMBL512520,Cc1nn(-c2ncccc2Cl)cc1CN1CCC2(CC1)OCc1ccccc12,5.11,IC50,7800.0,nM,1
CHEMBL502288,CSc1ncccc1C(=O)N1CC[C@H](NCc2cncn2Cc2ccc(C#N)cc2)C1=O,5.11,IC50,7800.01,nM,1
CHEMBL3810135,CC(C)(C)c1cc(NC(=O)n2ncc3cc(Oc4ncnc5c4CNC5)ccc32)no1,5.11,IC50,7700.0,nM,1
CHEMBL378547,CC(C)(C)C(=O)N1CC(c2cc(F)ccc2F)=C[C@H]1c1cccc(O)c1,5.11,IC50,7800.0,nM,1
CHEMBL3582339,CCn1cc([C@@]2(c3nn(CC)c(=O)o3)N[C@@H](c3nc(-c4ccc(F)cn4)c[nH]3)Cc3c2[nH]c2ccccc32)cn1,5.11,IC50,7700.0,nM,1
CHEMBL2040894,COCc1nc(-c2ccc(N3C(=O)N(c4cc(O)ncn4)C4(CCN(Cc5ncccc5C)CC4)C3=O)cc2)no1,5.11,IC50,7700.0,nM,1
CHEMBL4790022,CC(C)n1cc(C(=O)c2cncc(NC(=O)Cc3ccc(Cl)cc3)c2)c2c(N)ncnc21,5.11,IC50,7800.0,nM,1
CHEMBL6048577,NCC(Cc1ccccc1F)c1ccc2ccccc2c1,5.11,IC50,7800.0,nM,1
CHEMBL4170867,Cc1ccc(CN2CC[C@@H](N3CC[C@H](c4ccc(O)cc4)[C@H](F)C3)C2=O)cc1,5.11,IC50,7800.0,nM,1
CHEMBL4277101,O=C1[C@@H]2[C@H](C(=O)N1CCCCN1CCN(c3cccc4sccc34)CC1)[C@H]1C=C[C@@H]2C1,5.11,IC50,7850.0,nM,1
CHEMBL1923131,COCCCc1cc(CCCN2CCS(=O)(=O)CC2)c(Cl)c(CN(C(=O)[C@H]2CNCC[C@@]23OCc2cc(F)c(F)cc23)C2CC2)c1,5.11,Ki,7700.0,nM,1
CHEMBL4454640,N#Cc1ccc(N2CCC(Nc3cc(Nc4cnccn4)ncc3C(N)=O)CC2)nc1,5.11,IC50,7700.0,nM,1
CHEMBL4216339,CCn1cc(Nc2nc(N)nc(-c3cccc(-n4ccc5cc(C6CC6)cc(F)c5c4=O)c3CO)n2)cc1C#N,5.11,IC50,7800.0,nM,1
CHEMBL3394051,NC1=N[C@@]2(CO1)c1cc(-c3cccnc3F)ccc1Oc1cnc(N3CC[C@@H](F)C3)cc12,5.11,Ki,7800.0,nM,1
CHEMBL3759601,COc1cc(N)c(Cl)cc1C(=O)N[C@H]1CCN(CCCn2cncn2)C[C@H]1OC,5.11,IC50,7711.0,nM,1
CHEMBL262736,CC(C)(C)[C@H](O)C(=O)N1CC(c2cc(F)ccc2F)=C[C@H]1c1cccc(O)c1,5.11,IC50,7800.0,nM,1
CHEMBL490903,C[C@@H]1NC(c2cc(Cl)ccn2)=N[C@@]1(c1ccc(F)cc1)c1ccc(F)nc1.Cl,5.11,IC50,7800.0,nM,1
CHEMBL5766270,CC(C)Oc1ccc(-c2nnc(-c3ccc4c(c3)CC(N)(CO)CC4)o2)cc1C#N,5.11,IC50,7800.0,nM,1
CHEMBL4216500,Cn1cnc(-c2cnc(N)c(O[C@H]3CN(C(=O)Cc4ccc(OC(F)(F)F)cc4)CC3(F)F)c2)c1,5.11,IC50,7700.0,nM,1
CHEMBL4582849,CCN(CC)Cc1cc(Nc2ccc3ncc(-c4ccc([S+](C)[O-])cc4)n3n2)ccc1O,5.11,IC50,7830.0,nM,1
CHEMBL1095846,O=C([C@H]1C[C@H](Oc2ccc(F)cc2)CN1)N1CCCN(C2CCC2)CC1,5.11,IC50,7800.0,nM,1
CHEMBL4127190,C[C@]12CCCC[C@H]1C[C@@H](N1CCC[C@@H](N)C1)[C@@H]2Oc1ccc(C#N)cc1,5.11,IC50,7700.0,nM,1
CHEMBL2041186,Cc1cc(C(=O)O)ccc1-c1ccc(N2C(=O)N(c3nccnc3C)C3(CCN(Cc4ncccc4C)CC3)C2=O)cc1,5.11,IC50,7800.0,nM,1
CHEMBL4562638,C[S+]([O-])c1ccc(-c2cnc3ccc(Nc4cnccn4)nn23)cc1,5.11,IC50,7840.0,nM,1
CHEMBL4087655,Cc1cccc(-c2cc3c(N[C@@H]4CC[C@](C)(N)C4(C)C)c(C(N)=O)cnn3c2)c1,5.11,IC50,7700.0,nM,1
CHEMBL3093966,CCCCN(CC)CC#CCc1ccccc1,5.11,IC50,7820.0,nM,1
CHEMBL2046894,O=C(Cc1ccccc1)NCCN(c1ccccc1)c1ccccc1,5.11,IC50,7860.0,nM,1
CHEMBL3582340,CCn1cc([C@@]2(c3nn(C(C)C)c(=O)o3)N[C@@H](c3nc(-c4ccc(F)cn4)c[nH]3)Cc3c2[nH]c2ccccc32)cn1,5.11,IC50,7700.0,nM,1
CHEMBL558923,C[C@@H]1CCCN1CCc1ccc(-c2ccc(S(N)(=O)=O)cc2)cc1,5.11,IC50,7714.29,nM,1
CHEMBL2333629,CN1CCC(COCc2cc(C(F)(F)F)cc(N3CCC(C#N)CC3)n2)(c2ccc(F)cc2)CC1,5.11,IC50,7700.0,nM,1
CHEMBL3585946,Cc1ncc(OC[C@@]2(c3ccccc3)C[C@H]2C(=O)Nc2ccc(F)cn2)c(C)n1,5.11,IC50,7700.0,nM,1
CHEMBL3612926,CCOc1cc(C(O)CN2CCN(C[C@H](O)c3ccc4c(c3C)COC4=O)CC2)ncc1C#N,5.11,IC50,7700.0,nM,1
CHEMBL4534128,CCOc1cc(C(O)(CCN(C)C)C(c2cc3cc(Br)ccc3nc2OC)c2ccnc(OC)c2OC)cc(OC(C)C)n1,5.11,IC50,7800.0,nM,1
CHEMBL364912,COc1cccc(C(=O)N2CCCC2)c1OCc1csc(-c2ccc(Cl)cc2)n1,5.11,IC50,7700.0,nM,1
CHEMBL3703299,COc1cncc(-c2ccc3c(c2)C2(COC(N)=N2)C2(CC2)CO3)c1,5.1,IC50,7900.0,nM,1
CHEMBL4067063,Cc1c([C@@H](O)CN2CCC3(CC2)CC(=O)N(c2ccns2)C3)ccc2c1COC2=O,5.1,IC50,8000.0,nM,1
CHEMBL5865081,CNC[C@H](c1ccc(Cl)c(Cl)c1)[C@H](O)c1ccccc1OC,5.1,IC50,8000.0,nM,1
CHEMBL4764598,Cc1c(-c2cc(F)c(N)cc2F)ccc2c3oc(CN)nc3c(=O)n(C3CC3)c12,5.1,IC50,7900.0,nM,1
CHEMBL2022496,O=C(Nc1ccc(-c2nnc(NCCCN3CCCCC3)o2)cc1)c1ccccc1F,5.1,IC50,7943.28,nM,1
CHEMBL3703220,NC1=NC2(CO1)c1cc(Br)ccc1OC(Cc1ccccc1)C21COC1,5.1,IC50,7930.0,nM,1
CHEMBL2022503,O=C(Nc1ccc(-c2nnc(NCCCN3CCC(F)CC3)o2)cc1)c1ccccc1F,5.1,IC50,7943.28,nM,1
CHEMBL3237580,CC(C)c1nc(Nc2cc(N[C@@H]3CCOC[C@@H]3N)nnc2C(N)=O)ccc1F,5.1,IC50,7943.28,nM,1
CHEMBL4443434,CC(C)c1ccc(-c2cc(CN3CC[Si](C)(C)CC3)nn2C2CCCCC2)cc1,5.1,IC50,8000.0,nM,1
CHEMBL1233300,O=S(=O)(c1cccc2c(O)nccc12)N1CCCNCC1,5.1,Ki,7943.28,nM,1
CHEMBL3237581,CC(C)c1nc(Nc2cc(NCCN)nnc2C(N)=O)ccc1F,5.1,IC50,7943.28,nM,1
CHEMBL1085672,O=C1N(CC2CCCCN2)CCN1c1cccc(Cl)c1,5.1,IC50,7943.28,nM,1
CHEMBL3237564,NC(=O)c1nnc(N[C@@H]2CCCC[C@@H]2N)cc1Nc1ccc2c(n1)CCC2,5.1,IC50,7943.28,nM,1
CHEMBL454642,Cn1c(-c2ccc(OC3CCN(C4CCC4)CC3)cc2)nc2c(F)cccc2c1=O,5.1,IC50,7900.0,nM,1
CHEMBL2022499,O=C(Nc1ccc(-c2nnc(NCCCN3CCCC3)o2)cc1)c1ccccc1F,5.1,IC50,7943.28,nM,1
CHEMBL3221525,N#Cc1ccc(NC(=O)[C@H](CN2CC(O)C2)Oc2ncnc3c2cnn3-c2c(Cl)cccc2C#N)nc1,5.1,IC50,7943.28,nM,1
CHEMBL4449815,Cc1ccc(-c2cc3nc[nH]c(=O)c3c(NC[C@H]3CCCNC3)n2)cc1,5.1,IC50,7943.28,nM,1
CHEMBL4067649,Cc1cnsc1N1CCC2(CCN(C[C@H](O)c3ccc4c(c3C)COC4=O)CC2)C1=O,5.1,IC50,7900.0,nM,1
CHEMBL1289715,O=C1O[C@]2(CC[C@H](c3nc4cc(OC(F)(F)F)ccc4[nH]3)CC2)CN1c1cccnc1,5.1,IC50,7943.28,nM,1
CHEMBL3237559,CC(C)c1cccc(Nc2cc(N[C@@H]3CCCC[C@@H]3N)nnc2C(N)=O)n1,5.1,IC50,7943.28,nM,1
CHEMBL5955713,CNC[C@H](c1ccc(Cl)c(Cl)c1)[C@@H](O)c1ccccc1SC,5.1,IC50,8000.0,nM,1
CHEMBL487063,Cc1nc2ccccc2c(=O)n1-c1ccc(OCCCN2CCCCC2)cc1,5.1,IC50,7900.0,nM,1
CHEMBL4093830,Cc1nc(N2CCC3(CCN(C[C@H](O)c4ccc5c(c4C)COC5=O)CC3)C2)ccc1S(C)(=O)=O,5.1,IC50,7900.0,nM,1
CHEMBL2022500,C[C@@H]1CC[C@@H](C)N1CCCNc1nnc(-c2ccc(NC(=O)c3ccccc3F)cc2)o1,5.1,IC50,7943.28,nM,1
CHEMBL1257335,Cc1ncoc1-c1nnc(SCCCNC2CC3CC3(c3ccccc3)C2)n1C,5.1,IC50,7943.28,nM,1
CHEMBL1290504,CC(=O)c1cccc(-c2ccc([C@H]3CN(C)C[C@@H]3NS(=O)(=O)C(C)C)cc2)c1,5.1,IC50,7900.0,nM,1
CHEMBL2380447,COc1cccc(-c2cccc(C3(C)COCC(N)=N3)c2)c1,5.1,IC50,8000.0,nM,1
CHEMBL1085592,Cc1nc(-c2cnccn2)sc1-c1ccc2cc(CCN3CCC[C@H]3C)ccc2n1,5.1,Ki,7900.0,nM,1
CHEMBL3703285,CC#Cc1cncc(-c2ccc3c(c2)C2(COC(N)=N2)C2(COC2)C(CC)O3)c1,5.1,IC50,7940.0,nM,1
CHEMBL1927164,COc1ccc2ncc(C#N)c(CCN3CCC(NCc4cc5c(cn4)OCCO5)CC3)c2n1,5.1,IC50,7900.0,nM,1
CHEMBL4751485,Cc1nc(CN(C)[C@H]2CCCc3cccnc32)cc(N2CCN(C)CC2)n1,5.1,IC50,8000.0,nM,1
CHEMBL3605135,NCCCCOc1ccc2ncc(F)c(CCC34CCC(NCc5ccc6c(n5)NC(=O)CO6)(CC3)CO4)c2n1,5.1,IC50,8000.0,nM,1
CHEMBL1289277,Cc1ccc2c(N3CCN(CCc4c(C)ccc5c4ccc(=O)n5C)[C@H](C)C3)cccc2n1,5.1,Ki,7943.28,nM,1
CHEMBL3422018,Cc1nsc(-c2nnc3n2CCN(C(=O)c2ccc(-c4cccs4)cc2)[C@@H]3C)n1,5.1,IC50,8000.0,nM,1
CHEMBL4448579,COCCN1CCN(c2ccc(OCc3ccccc3)c(C(=O)Nc3ccnnc3)c2)CC1,5.1,IC50,7943.28,nM,1
CHEMBL472290,CCN1C(=O)COc2c(CCN3CCN(c4cccc5nc(C)ccc45)CC3)cccc21,5.1,Ki,7943.28,nM,1
CHEMBL3605134,NCCCOc1ccc2ncc(F)c(CCC34CCC(NCc5ccc6c(n5)NC(=O)CO6)(CC3)CO4)c2n1,5.1,IC50,7900.0,nM,1
CHEMBL2023917,O=C(Nc1ccc(-c2nnc(NCCCN3CCCCC3)o2)cc1)c1c(F)cccc1F,5.1,IC50,7943.28,nM,1
CHEMBL240567,O=C(c1cc(F)cc(F)c1)N1CCN(c2ccc(OC3CCN(C4CCCC4)CC3)cc2)C(=O)C1.O=CO,5.1,IC50,7943.28,nM,1
CHEMBL4748750,C[C@@H]1CN(c2ccc(S(C)(=O)=O)cc2F)CCN1c1nccc(C(=O)NC2C3CC4CC2CC(O)(C4)C3)n1,5.1,IC50,8000.0,nM,1
CHEMBL2023916,O=C(Nc1ccc(-c2nnc(NCCCN3CCCCC3)o2)cc1)c1cccc(F)c1,5.1,IC50,7943.28,nM,1
CHEMBL2022941,Cc1ccccc1C(=O)Nc1ccc(-c2nnc(NCCCN3CCCCC3)o2)cc1,5.1,IC50,7943.28,nM,1
CHEMBL1951917,CCN(C(=O)Cc1ccc(S(C)(=O)=O)cc1)C1CCN(CC[C@@H](c2cccc(Cl)c2)C2CCN(S(C)(=O)=O)CC2)CC1,5.1,IC50,7900.0,nM,1
CHEMBL1951918,CCN(C(=O)Cc1ccc(S(C)(=O)=O)cc1)C1CCN(CC[C@@H](c2cccc(C(F)(F)F)c2)C2CCN(S(C)(=O)=O)CC2)CC1,5.1,IC50,7900.0,nM,1
CHEMBL589833,O=C(c1cc(Cc2c[nH]c(=O)c3cc(Cl)c(Cl)n23)ccc1F)N1CCC(N2CCCC2)CC1,5.1,IC50,8000.0,nM,1
CHEMBL4103004,COc1nccc(N2CCC3(CCN(C[C@H](O)c4ccc5c(c4C)COC5=O)CC3)C2=O)n1,5.1,IC50,7900.0,nM,1
CHEMBL494462,CCN(CC)C(=O)c1ccc(C2=CC3(CCNCC3)Oc3ccccc32)cc1,5.1,IC50,7900.0,nM,1
CHEMBL4171040,Cc1ccc2[nH]c(C(=O)N[C@H]3Cc4ccccc4[C@@H]3NC(=O)CCN(C)C)cc2c1,5.1,IC50,7943.28,nM,1
CHEMBL555347,O=C(Nc1ccc(C(F)(F)F)cc1)N1CCC(c2nc(-c3ccccn3)no2)CC1,5.1,IC50,8000.0,nM,1
CHEMBL1829616,O=C(CNC(=O)c1cccc(C(F)(F)F)c1)NC1CN([C@H]2CC[C@H](c3ccc(N4CCCC4)cc3)CC2)C1,5.1,IC50,7900.0,nM,1
CHEMBL558726,O=C(NC1CCN(Cc2ccn(-c3ccc(C(F)(F)F)cc3)c2)CC1)N1CCC(O)(Cc2ccccc2)CC1,5.1,IC50,7930.0,nM,1
CHEMBL1171786,O=C(O)c1ccccc1Oc1ccc(Cl)cc1NS(=O)(=O)c1ccc(Cl)c(Cl)c1,5.1,IC50,7943.28,nM,1
CHEMBL4868403,CCS(=O)(=O)c1ccc(C(CC(=O)N(C)C)C(=O)Nc2ccc(C(O)(C(F)(F)F)C(F)(F)F)cc2)cc1,5.1,IC50,8000.0,nM,1
CHEMBL4060444,Cc1ccc(-c2cc3c(N[C@@H]4CC[C@](C)(N)C4(C)C)c(C(N)=O)cnn3c2)cn1,5.1,IC50,8000.0,nM,1
CHEMBL2177909,NC1=N[C@](c2ccnc(C(F)(F)F)c2)(c2ccc(F)c(-c3cncnc3)c2)c2cccc(F)c21,5.1,IC50,7900.0,nM,1
CHEMBL1784519,Cc1nc2ccccc2n1C1CC2CCC(C1)N2CCC1(c2cccc(F)c2)CCN(C(=O)c2cc(S(=O)(=O)NCC(F)(F)F)c(F)cc2Cl)CC1,5.1,IC50,7943.28,nM,1
CHEMBL4644773,NC(=O)[C@@H]1CC[C@H](c2ccc(OCc3ccccc3)cc2)N1,5.1,IC50,7943.28,nM,1
CHEMBL4642930,NC(=O)[C@@H]1CC[C@H](c2ccc(OCc3ccc(F)cc3)cc2)N1,5.1,IC50,7943.28,nM,1
CHEMBL4461475,N#Cc1ccc(S(=O)(=O)N2C[C@H](S(=O)(=O)c3ccc(Cl)cn3)[C@@](O)(CN)C2)c(Cl)c1,5.1,IC50,8000.0,nM,1
CHEMBL4645734,N#Cc1ccc(COc2ccc([C@H]3CC[C@@H](C(N)=O)N3)cc2)cc1,5.1,IC50,7943.28,nM,1
CHEMBL563247,O=C1N(CCN2Cc3ccccc3C2)CCN1c1csc2ccccc12,5.1,IC50,7943.28,nM,1
CHEMBL3894853,Cn1c(SCCCN2CC[C@]3(C[C@@H]3c3ccc(C(F)(F)F)cc3)C2)nnc1-c1ccn(C)c(=O)c1,5.1,IC50,7943.28,nM,1
CHEMBL2041164,COc1cc(N2C(=O)N(c3ccc(-c4csc(C(=O)O)c4)cc3)C(=O)C23CCN(Cc2ncccc2C)CC3)ncn1,5.1,IC50,8000.0,nM,1
CHEMBL559004,O=C1N(CCN2Cc3ccccc3C2)CCN1c1ccc2occc2c1,5.1,IC50,7943.28,nM,1
CHEMBL1083409,CNC[C@@H](O)CCN1c2ccccc2N(c2ccccc2)S1(=O)=O,5.1,IC50,8000.0,nM,1
CHEMBL1082467,NC(=O)c1ccc(S(=O)(=O)c2ccc(/C=C/c3ccc(F)cc3F)cc2)cc1,5.1,Ki,7919.0,nM,1
CHEMBL3980825,COc1c(Nc2ncc(Cl)c(N[C@H]3[C@@H](C(N)=O)[C@@H]4C=C[C@H]3C4)n2)ccc2c1CCC[C@@H](N1CCN(C)CC1)C2,5.1,IC50,7900.0,nM,1
CHEMBL225336,CN1CCN(Cc2ccc3c(c2)Cc2c(-c4csc(C#CCNC(=O)Nc5ccccc5)c4)n[nH]c2-3)CC1,5.1,IC50,7910.0,nM,1
CHEMBL4648552,NC(=O)[C@@H]1CC[C@H](c2ccc(Oc3cccc(F)c3)cc2)N1,5.1,IC50,7943.28,nM,1
CHEMBL3793060,O=C1OCc2cc(CCC3CCN(C(=O)Cc4ccc(-n5cnnn5)cn4)CC3)ccc21,5.1,IC50,7900.0,nM,1
CHEMBL4242732,O=C(O)C[C@H](CN1CC[C@@H](CCc2ccc3c(n2)NCCC3)C1)c1cccc(OC2CCOCC2)c1,5.1,IC50,7943.28,nM,1
CHEMBL4877264,CC(=O)N1CCN([C@H]2C[C@@H](n3cc(-c4ccc(Cl)c(N)c4)c4c(N)ncnc43)C2)CC1,5.1,IC50,7900.0,nM,1
CHEMBL3417505,C[C@H](COc1ccc(C2=NNC(=O)C3CC23)cc1)CN1CCC[C@H]1C,5.1,IC50,8000.0,nM,1
CHEMBL2069403,Cc1nn(-c2ccccc2)nc1C(=O)N[C@@H]1COc2cccc(N3CCN(C)CC3)c2C1,5.1,IC50,7943.28,nM,1
CHEMBL2069401,CN1CCN(c2cccc3c2C[C@H](NC(=O)c2ccc(OCC(F)(F)F)nc2)CO3)CC1,5.1,IC50,7943.28,nM,1
CHEMBL2069400,CN1CCN(c2cccc3c2C[C@H](NC(=O)c2ccc(OC(F)(F)F)cc2)CO3)CC1,5.1,IC50,7943.28,nM,1
CHEMBL2070937,N#CC1(NC(=O)[C@@H]2CCCC[C@H]2C(=O)N2CCN(c3nc4ccccc4s3)CC2)CC1,5.1,IC50,7943.28,nM,1
CHEMBL214585,O=C(NC1CCN(C2CCc3cc4c(cc32)OCO4)CC1)c1cc(=O)c2cc(F)ccc2o1,5.1,IC50,7870.0,nM,1
CHEMBL577497,CC(=O)N(Cc1ccc2ccccc2c1)[C@@H]1CCNC1,5.1,Ki,8000.0,nM,1
CHEMBL256362,Cc1ccc(Oc2ccc(Nc3ncnc4cccc(O[C@H](C)C(=O)N(C)C)c34)cc2C)cn1,5.1,IC50,8000.0,nM,1
CHEMBL4877359,COc1ccc2ncc(F)c(C(O)C[C@H]3OC[C@H](NCc4ccc5c(c4)OCCO5)CO3)c2c1,5.1,IC50,8000.0,nM,1
CHEMBL4288827,Cc1c(CN2CCOCC2)cc(-c2ccc(C(C)C)cc2)n1-c1ccc(F)cn1,5.1,IC50,8000.0,nM,1
CHEMBL272379,Cc1ccc2c(-c3nnc(SCCCN4CCc5cc6c(cc5CC4)N(S(C)(=O)=O)CCO6)n3C)cccc2n1,5.1,IC50,7943.28,nM,1
CHEMBL4290873,Cc1c(CN2CCOCC2)cc(-c2ccc(C(C)C)cc2)n1C1CC1,5.1,IC50,8000.0,nM,1
CHEMBL3634342,C[C@]1(c2cc(NC(=O)c3ccc(C#N)cn3)ccc2F)N=C(N)CO[C@@H]1F,5.1,IC50,8000.0,nM,1
CHEMBL1079264,O=C(c1cccc(Cl)c1Cl)N(c1ccccc1)[C@H]1CCNC1,5.1,IC50,7920.0,nM,1
CHEMBL2059320,O=C1CCc2cccc(F)c2N1CCCN1CCC(n2c(=O)[nH]c3ccccc32)CC1,5.1,IC50,7900.0,nM,1
CHEMBL4162513,CC#Cc1ccc2nc(OC)c(C(c3ccccc3)C(O)(CCN(C)C)c3cccc4ccccc34)cc2c1,5.1,IC50,7900.0,nM,1
CHEMBL4290458,Cc1c(CN2CCOCC2)cc(-c2ccc(C(C)C)cc2)n1C1CCC1,5.1,IC50,8000.0,nM,1
CHEMBL1172205,c1ccc(N2CCN(CCCCCCN3CCN(c4ccccc4)CC3)CC2)cc1,5.1,Ki,8000.0,nM,1
CHEMBL221444,COC(=O)N(NC(=O)c1c(CC2CCN(C3CCOCC3)CC2)c(-c2ccccc2)nc2ccccc12)c1ccccc1,5.1,Ki,8000.0,nM,1
CHEMBL394015,O=C(c1cc(F)cc(F)c1)N1CCN(c2ccc(OCCCN3CCCC3)cc2)C(=O)C1,5.1,IC50,7943.28,nM,1
CHEMBL1241640,CCOC(=O)c1ncn2c1COc1c(CCN3CCN(c4cccc5nc(C)ccc45)CC3)cccc1-2,5.1,Ki,7943.28,nM,1
CHEMBL4864037,Cc1c(N2CC[C@@H](C3(N)CC3)C2)c(F)cc2cc(-c3nnco3)c(=O)n(C3CC3)c12,5.1,IC50,8000.0,nM,1
CHEMBL4634092,Cc1cc(Cl)cc(-c2ccnc3cc(CN4C(=O)C5CC5C4=O)sc23)c1C[C@@H]1CNCCO1,5.1,IC50,8000.0,nM,1
CHEMBL1834350,CCN/C(=N\S(=O)(=O)c1cccc(Cl)c1)N1CC2(C=N1)CCNCC2,5.1,IC50,7943.28,nM,1
CHEMBL2415095,COc1cc(-c2nc3n(n2)CCC[C@H]3c2ccc(F)cc2C)ccc1-n1cnc(C)c1,5.1,IC50,7900.0,nM,1
CHEMBL1950643,O=c1ccc(-c2ccc(OC3CCN(C4CCC4)CC3)cc2)n[nH]1,5.1,IC50,8000.0,nM,1
CHEMBL552373,N#Cc1cccc(N2CCN(CCN3CCC(C(F)(F)F)CC3)C2=O)c1,5.1,IC50,7943.28,nM,1
CHEMBL3947980,c1cnc2c(N3CCN(CCc4ccc(OCCCN5CCCCCC5)cc4)CC3)cccc2c1,5.1,IC50,7943.28,nM,1
CHEMBL1835069,Cc1cccc(Nc2nc(N[C@@H]3CC(F)(F)CC[C@@H]3N)ncc2C(N)=O)c1,5.1,IC50,7943.28,nM,1
CHEMBL455071,CN(C)CCN1CCN(c2ncc3cc(-c4ccccc4)c(-c4ccc(CN5CCC(c6nnc(-c7cc[n+]([O-])cc7)[nH]6)CC5)cc4)nc3n2)CC1,5.1,IC50,7900.0,nM,1
CHEMBL1089078,O=C(NCc1ccc(F)cc1)N(c1ccc(Br)cc1)C1CCN(CCO)CC1,5.1,IC50,7880.0,nM,1
CHEMBL521022,Cc1nc2ccccc2c(=O)n1-c1ccc(O[C@H]2CC[C@@H](N3CCCC3)CC2)cc1,5.1,IC50,8000.0,nM,1
CHEMBL4777291,COc1ccc2ncc(F)c(CC[C@H]3OC[C@H](NCc4ccc(Cl)c(Cl)c4)CO3)c2n1,5.1,IC50,7900.0,nM,1
CHEMBL481008,CCOc1cc2ncc(C(N)=O)c(Nc3cccc(Cl)c3Cl)c2cc1N1CCN(C)CC1,5.1,IC50,8000.0,nM,1
CHEMBL2336332,COc1ccc(-c2ccc3c(N4CCOC[C@@H]4C)nc(N4CC[C@@H](O)C4)nc3n2)cc1CO,5.1,IC50,8000.0,nM,1
CHEMBL4782430,COc1ccc2ncc(F)c(CC[C@H]3OC[C@H](NCc4ccc5c(c4)OCCO5)CO3)c2n1,5.1,IC50,8000.0,nM,1
CHEMBL4542155,Nc1n[nH]c(N2CCC(N(CCc3ccc(Cl)cc3)CC(=O)O)CC2)n1,5.1,IC50,8000.0,nM,1
CHEMBL2069421,COc1ncc(-c2cccc3c2C[C@H](NC(=O)c2ccc(OCC(F)(F)F)nc2)CO3)cn1,5.1,IC50,7943.28,nM,1
CHEMBL1835066,Cc1cccc(Nc2nc(N[C@@H]3COCC[C@@H]3N)ncc2C(N)=O)c1,5.1,IC50,7943.28,nM,1
CHEMBL4215244,COc1ccc(NC(=O)N2CCN(c3nc(N)nc4sccc34)[C@@H](C)C2)c(C)c1,5.1,IC50,8000.0,nM,1
CHEMBL2204589,C#Cc1cnc(Nc2cnc(C#N)c(O[C@H](C)CN(C)C)n2)cc1NC,5.1,IC50,8000.0,nM,1
CHEMBL2147222,COc1ncc(-c2cccc(F)c2CCNC(=O)c2ccc(OCCC(F)(F)F)nc2)cn1,5.1,IC50,7943.28,nM,1
CHEMBL1834640,CCOC(=O)[C@H]1CC[C@@H](N2CC(NC(=O)CNc3nn(C)c4ccc(C(F)(F)F)cc34)C2)CC1,5.1,IC50,8000.0,nM,1
CHEMBL4460676,CN(C)c1ccc(-c2cc3nccnc3c(NC[C@@H]3CNCCC3(F)F)n2)cn1,5.1,IC50,7943.28,nM,1
CHEMBL4203566,COc1ccc(NC(=O)N2CCN(c3nc(N)nc4sncc34)[C@@H](C)C2)c(C)c1,5.1,IC50,8000.0,nM,1
CHEMBL559878,COc1ncc(/C=C2\C[C@H]3[C@@H]4CC[C@H]5N(C)C(=O)C=C[C@]5(C)[C@H]4CC[C@]3(C)[C@H]2O)cn1,5.1,Ki,7900.0,nM,1
CHEMBL2203846,CSc1cc(Nc2cnc(C#N)c(O[C@H](C)CN(C)C)n2)ncc1-c1cnn(C)c1,5.1,IC50,8000.0,nM,1
CHEMBL4547537,N#Cc1ccc(S(=O)(=O)N2C[C@H](S(=O)(=O)c3ccc(Cl)cn3)[C@](O)(CN)C2)c(Cl)c1,5.1,IC50,8000.0,nM,1
CHEMBL2036773,CCN1CCO[C@@H](CN2CCN(C(=O)Nc3ccc(Cl)c(Cl)c3)CC2)C1,5.1,IC50,7900.0,nM,1
CHEMBL1615186,C[C@@H](C[C@@](C)(CS(=O)(=O)N1CCC(OCc2ccc(Cl)cc2Cl)CC1)N(O)C=O)c1ncc(F)cn1,5.1,IC50,8000.0,nM,1
CHEMBL5089279,O=c1ccc2c([nH]1)CCC(NCCCCNc1c3c(nc4cc(Cl)ccc14)CCCC3)C2,5.09,IC50,8069.0,nM,1
CHEMBL477363,Cc1nc2cccc(Cl)c2c(=O)n1-c1ccc(OCCCN2CCCC2)cc1,5.09,IC50,8100.0,nM,1
CHEMBL2164039,O=C(NCc1ccc(OC(F)(F)F)cc1)C1c2cccc(F)c2C(=O)N1CCc1ccccn1,5.09,IC50,8200.0,nM,1
CHEMBL1809070,COc1cc(N2CCN(C(=O)[C@H](C)O)CC2)ccc1Nc1ncc(Cl)c(-c2cnc3ccccn23)n1,5.09,IC50,8100.0,nM,1
CHEMBL6039551,COc1cnc(OCCNCCCF)cc1[C@@H]1c2[nH]c3ccccc3c2C[C@@H](C)N1CC(F)(F)F,5.09,IC50,8200.0,nM,1
CHEMBL1833986,NC(=O)c1cnc(NC(C2CC2)C2CC2)c2c1[nH]c1cc(-c3cnc(N)nc3)ccc12,5.09,IC50,8200.0,nM,1
CHEMBL4740741,C#Cc1cnc(Nc2cnc(C#N)cn2)cc1NC[C@@H]1CNCCO1,5.09,IC50,8200.0,nM,1
CHEMBL2181490,CN1CCN(C(=O)c2ccc(-c3cnc(N)c(-c4ccc(C(F)(F)F)nc4)c3)cc2)CC1,5.09,IC50,8200.0,nM,1
CHEMBL4546437,CCCCc1nc(C(C)C)c(CC(=O)OCC)c(=O)n1Cc1ccc(-c2ccccc2-c2noc(=O)[nH]2)cc1,5.09,IC50,8100.0,nM,1
CHEMBL3416024,NC(=O)c1ncc(N[C@@H]2CCCC[C@@H]2N)nc1Nc1cccc2cc[nH]c12,5.09,IC50,8100.0,nM,1
CHEMBL507727,COC(=O)c1[nH]c2cc(F)ccc2c1[C@@H]1CNCC[C@H]1F,5.09,Ki,8200.0,nM,1
CHEMBL568296,CC1Cc2cccc(CN3CCC4(CC3)CCN(C(=O)c3ccncc3)CC4)c2O1,5.09,IC50,8128.31,nM,1
CHEMBL4745794,N#Cc1cnc(Nc2cc(NC[C@@H]3CNCCO3)c(-c3cccc(F)c3)cn2)cn1,5.09,IC50,8100.0,nM,1
CHEMBL240839,O=S(=O)(c1ccc(F)cc1)c1ccc(CCc2ccc(F)cc2)nc1,5.09,Ki,8200.0,nM,1
CHEMBL3262625,Cc1c[nH]c2c(Nc3nc(N[C@@H]4CCCC[C@@H]4N)cc4cc[nH]c(=O)c34)cccc12,5.09,IC50,8200.0,nM,1
CHEMBL558655,C[C@@H]1CCCN1CCc1ccc(-c2ccc(S(=O)(=O)NCc3ccncc3)cc2)cc1,5.09,IC50,8111.11,nM,1
CHEMBL3216098,Cc1nc(C(=O)NCCCN2CCN(c3cccc(Cl)c3Cl)CC2)c(C)n1-c1ccccc1.Cl.Cl.Cl.Cl,5.09,IC50,8110.0,nM,1
CHEMBL1236391,CSc1nn(-c2ccccc2)c2cc(NC(=O)C3CCNCC3)ccc12,5.09,IC50,8130.0,nM,1
CHEMBL2441410,COc1cc(CC(=O)N2CCN(CCc3ccc4c(c3)COC4=O)CC2)ccc1-n1cnnn1,5.09,IC50,8200.0,nM,1
CHEMBL366868,CC[C@H](C)[C@H](C(=O)O)N1C[C@H](CN2CCC(c3cc(Cc4ccc(C(C)C)cc4)nn3CC)CC2)[C@@H](c2cccc(F)c2)C1,5.09,Ki,8100.0,nM,1
CHEMBL4216391,CC(C)(C)Oc1ccc(S(C)(=O)=O)cc1C(=O)N1Cc2cn(-c3ccccc3F)nc2C1,5.09,IC50,8100.0,nM,1
CHEMBL4474647,Cc1cc2nccn2cc1Nc1ncc2c(n1)n(C1CCOCC1)c(=O)n2C,5.09,IC50,8100.0,nM,1
CHEMBL4591633,Cc1nccc(Nc2cc(NC3CCN(c4ccc(C#N)cn4)CC3)c(C(N)=O)cn2)n1,5.09,IC50,8100.0,nM,1
CHEMBL557116,C/C=C1\C[C@H]2[C@@H]3CC[C@H]4N(C)C(=O)C=C[C@]4(C)[C@H]3CC[C@]2(C)[C@H]1O,5.09,Ki,8050.0,nM,1
CHEMBL2041169,Cc1cccnc1CN1CCC2(CC1)C(=O)N(c1ccc(-c3ccc(-c4ccn[nH]4)cc3)cc1)C(=O)N2c1cc(O)ncn1,5.09,IC50,8100.0,nM,1
CHEMBL6064944,Cc1cccc(C2=CCN(CCNC(=O)C3CCC(F)(F)CC3)CC2)n1,5.09,IC50,8100.0,nM,1
CHEMBL24778,C[C@H](Cc1cc2c(c(C(N)=O)c1)N(CCCO)CC2)NCCOc1ccccc1OCC(F)(F)F,5.09,IC50,8200.0,nM,1
CHEMBL1823339,C=C(N(C)Cc1ccc(-c2ccccc2)cc1)N1CCN(C(C)C)CC1,5.09,IC50,8181.82,nM,1
CHEMBL55826,N#Cc1ccc2cc1Oc1ccc3cccc(c3c1)N1CC[C@H](NCCc3cncn3C2)C1=O,5.09,IC50,8100.0,nM,1
CHEMBL214629,CCN(CC)Cc1ccc2c(c1)CC[C@H](N1CCN(CCc3ccc(F)cc3)CC1=O)C2,5.09,IC50,8100.0,nM,1
CHEMBL3124980,CS(=O)(=O)c1ccc(-c2cnc(N)c(-c3ccc(C(F)(F)F)nc3)n2)cc1,5.09,IC50,8100.0,nM,1
CHEMBL100566,N#Cc1ccc(Cn2cncc2CN[C@H]2CCN(c3cccc4ncccc34)C2=O)cc1,5.09,IC50,8200.0,nM,1
CHEMBL4448670,CC1OC2(CCN(CCc3ccccc3)CC2)CN(c2ncccc2C(F)(F)F)C1=O,5.09,IC50,8200.0,nM,1
CHEMBL3586441,COc1ccc(-n2nccn2)c(C(=O)N2C[C@@H]3CN(c4nc(C)cc(C)n4)C[C@@H]3C2)c1,5.09,IC50,8100.0,nM,1
CHEMBL5926142,C[C@@H]1Cc2c([nH]c3ccccc23)[C@@H](c2c(F)cnc(OCCNCCCF)c2F)N1CC(F)(F)F,5.09,IC50,8100.0,nM,1
CHEMBL4293735,CC(C)(C)c1ccc(CN2CCC3(CCCCO3)CC2)cc1,5.09,IC50,8100.0,nM,1
CHEMBL572559,Cc1ccc(-c2cc3sc(N4CCC(N5CCCCC5)CC4)nc3cn2)cn1,5.09,IC50,8181.82,nM,1
CHEMBL2031873,O=C(NC1CCCC1)c1ccc(-c2ccc3c(c2)CCN(CCN2CCCC2)C3=O)cc1,5.09,IC50,8200.0,nM,1
CHEMBL231293,N[C@H]1CN(c2ccc3nc(C(F)(F)F)nn3n2)CC[C@@H]1c1cc(F)c(F)cc1F.O=C(O)C(F)(F)F,5.09,IC50,8100.0,nM,1
CHEMBL1818833,COc1cc(-c2cn(Cc3ccc(-c4noc(C)n4)cc3)nn2)ccc1-n1cnc(C)c1,5.09,IC50,8100.0,nM,1
CHEMBL2207733,Cc1ccnc2nc(Oc3ccc(CN4CCCCC4)cc3)sc12,5.09,IC50,8100.0,nM,1
CHEMBL1829620,COc1cnccc1[C@H]1CC[C@H](N2CC(NC(=O)CNC(=O)c3cccc(C(F)(F)F)c3)C2)CC1,5.09,IC50,8200.0,nM,1
CHEMBL4648102,COc1cc(-c2cncc(-c3ccc(OC4CCNCC4)cc3)c2C)cc(OC)c1OC,5.09,IC50,8100.0,nM,1
CHEMBL1819275,CC(C)N(CCc1c(-c2ccccc2)nn2ccccc12)Cc1ccc(/C=C/C(=O)NO)cc1,5.09,IC50,8160.0,nM,1
CHEMBL4173341,O=C(NC[C@@H]1[C@H]2CN(C(=O)CCc3cc(Cl)cc(Cl)c3)C[C@@H]12)c1ccc2[nH]c(=O)oc2c1,5.09,IC50,8100.0,nM,1
CHEMBL4168533,CCC[C@@H](CCO)Nc1nc(N)nc2cc(C)ccc12,5.09,IC50,8100.0,nM,1
CHEMBL375222,COC(=O)N(NC(=O)c1c(CN2CCNCC2)c(-c2ccccc2)nc2c(F)cccc12)c1ccccc1,5.09,Ki,8200.0,nM,1
CHEMBL4483357,O=C(O)C[C@H]1CC[C@@H](Oc2ccc(-c3ccc(-c4nc5cc(F)ccc5[nH]4)cn3)cn2)CC1,5.09,Ki,8200.0,nM,1
CHEMBL4741828,CC(C)N1CC=C(c2ccc(/C(=C(/CCCO)c3ccccc3)c3ccc(O)cc3)cc2)CC1.Cl,5.09,IC50,8200.0,nM,1
CHEMBL1923129,COCCCc1cc(CCCCNS(C)(=O)=O)c(Cl)c(CN(C(=O)[C@H]2CNCC[C@@]23OCc2cc(F)c(F)cc23)C2CC2)c1,5.09,Ki,8200.0,nM,1
CHEMBL552402,O=C(NC1CC1c1ccccc1)N1CCC(c2nc3ccccc3o2)CC1,5.09,IC50,8200.0,nM,1
CHEMBL4585408,CC(C)(COc1ccc(-c2ccc(-c3nc4cc(Cl)ccc4[nH]3)cn2)cn1)C(=O)O,5.09,Ki,8140.0,nM,1
CHEMBL454085,O=C(Nc1ccc(S(=O)(=O)Nc2ccccc2C(=O)c2ccccc2)cc1)OCC1CCCO1,5.09,IC50,8200.0,nM,1
CHEMBL5964807,Cc1cc(/C=C/C(=O)c2cc3ccccc3s2)cc(C)c1OC(C)(C)C(=O)O,5.08,IC50,8240.0,nM,1
CHEMBL1822867,CC1CCCN1CCc1ccc2nc(-c3ccoc3)ccc2c1,5.08,IC50,8400.0,nM,1
CHEMBL4062435,CN(C)CCN1C2CCC1CC(OC(c1ccc(F)cc1)c1ccc(F)cc1)C2,5.08,IC50,8230.0,nM,1
CHEMBL4093952,C[C@@H]1CC[C@H](Nc2ncc(C(N)=O)c3sc(-c4ccccc4)cc23)[C@H](C)N1,5.08,IC50,8400.0,nM,1
CHEMBL4441783,O=C(CSc1nc2cc([N+](=O)[O-])ccc2[nH]1)Nc1ccc(Oc2ccccc2)cc1,5.08,IC50,8240.0,nM,1
CHEMBL1822863,Cc1nc(C)c(-c2ccc3cc(CCN4CCCC4C)ccc3n2)cc1C#N,5.08,IC50,8400.0,nM,1
CHEMBL4778780,C[C@H](Oc1cc2cc(F)ccc2nc1N)c1cc2c(cnn2CCO)cc1-n1cccn1,5.08,Ki,8300.0,nM,1
CHEMBL6065344,Cn1cc(Cn2cc(-c3ccc(Cl)cc3)cn2)cn1,5.08,IC50,8280.0,nM,1
CHEMBL1795913,Cn1ccc([C@H]2CCNC[C@@H]2C(=O)N(Cc2cc(CCCC#N)cc(Cl)c2Cl)C2CC2)cc1=O,5.08,Ki,8400.0,nM,1
CHEMBL381145,C[C@@H](c1ccc(-c2ccc(O)nc2)cc1)[C@H](N)C(=O)N1CC[C@H](F)C1.O=C(O)C(F)(F)F,5.08,IC50,8300.0,nM,1
CHEMBL4873269,COc1cc(F)cc(-c2cncc(-c3nc4cc(C)ccc4[nH]3)c2N2CCC(N)CC2)c1,5.08,IC50,8300.0,nM,1
CHEMBL4517408,COc1cc(-c2cncc(-c3ccc(N4CCNCC4)cc3)c2C)cc(OC)c1OC,5.08,IC50,8300.0,nM,1
CHEMBL498042,CC1c2ccc(C#N)c(c2)Oc2cccc(c2)CN2CC[C@@H](NCc3cncn31)C2=O,5.08,IC50,8399.99,nM,1
CHEMBL4748010,CC(C)n1cc(C(=O)c2ccnc(NC(=O)Cc3ccc(F)cc3F)c2)c2c(N)ncnc21,5.08,Ki,8300.0,nM,1
CHEMBL508098,CN1CCN(c2ccc3nc(-c4ccccc4)c(-c4ccc(CN5CCC(c6nnc(-c7ncccn7)[nH]6)CC5)cc4)nc3n2)CC1,5.08,IC50,8300.0,nM,1
CHEMBL496879,N#Cc1ccc2cc1Oc1ccc3cccc(c3c1)N1CC[C@@H](NCc3cncn3C2)C1=O,5.08,IC50,8300.0,nM,1
CHEMBL1760248,COc1ccc([C@H]2CN(CCC3(O)CCOCC3)C[C@@H]2CC(=O)Nc2cccc(Cl)c2)cc1,5.08,IC50,8240.0,nM,1
CHEMBL5092328,CCS(=O)(=O)[C@]1(C)CC[C@@](CF)(c2cc(NC(=O)c3cc4c(cn3)OC(F)(F)O4)ccc2F)N=C1N,5.08,IC50,8300.0,nM,1
CHEMBL5089676,O=C(NCCN1CC[C@@H](F)C1)c1cccn2c(=O)c3ccc4ccccc4c3nc12,5.08,IC50,8260.0,nM,1
CHEMBL5969329,CNC[C@H](c1ccc2ccccc2c1)[C@H](O)c1ccncc1,5.08,IC50,8400.0,nM,1
CHEMBL402542,CCN1CCN(Cc2cnc(-c3ccc(C(=O)Nc4ccccc4N)cc3)c(Cl)c2)CC1,5.08,IC50,8317.64,nM,1
CHEMBL4449766,COc1cncc(-c2nc(NCc3ccccn3)c3c(-c4ccccc4)cccc3n2)c1,5.08,IC50,8400.0,nM,1
CHEMBL4084050,CCc1ccn2ccnc2c1N1CCCN([C@@H](CC(N)=O)C2CCN(C(=O)[C@H]3C[C@@H]4CC[C@H]3O4)CC2)CC1,5.08,IC50,8300.0,nM,1
CHEMBL4293701,CC(C)(C)S(=O)(=O)c1ccc2nccc(Nc3cc[nH]n3)c2c1,5.08,IC50,8305.0,nM,1
CHEMBL442923,CNCc1cc(F)ccc1Oc1ccc(F)c(Cl)c1,5.08,IC50,8290.0,nM,1
CHEMBL514384,COCCS(=O)(=O)N1CCN(c2ccc(Nc3nccc(-c4cnc(C)n4C(C)C)n3)cc2)CC1,5.08,IC50,8400.0,nM,1
CHEMBL2391803,O=C(c1cc(Cl)c(O)cc1OC[C@@H](O)CN1CCC2(CC1)Cc1cc(Cl)ccc1O2)N1CC[C@H](O)C1,5.08,IC50,8300.0,nM,1
CHEMBL3753081,CCOC(=O)C(CC12CCC(NCc3ccc4c(n3)NC(=O)CO4)(CC1)CO2)c1c(F)cnc2ccc(OC)nc12,5.08,IC50,8400.0,nM,1
CHEMBL3218915,Cc1ncccc1-c1nc2cn(-c3cccc(OC(F)F)c3)nc2c(=O)n1C[C@H]1CCCN(C[C@H]2CCCO2)C1,5.08,IC50,8400.0,nM,1
CHEMBL3356239,COc1ccccc1CCNCC(=O)N1CCc2ccccc2C1C1CCCCC1,5.08,IC50,8300.0,nM,1
CHEMBL1910307,CONC(=O)Cn1cc(CN(C(=O)[C@H]2CNCC[C@]2(O)c2ccc(F)c(F)c2)C2CC2)c2c(F)cccc21,5.08,Ki,8400.0,nM,1
CHEMBL3408389,CCOC(=O)c1nn(-c2ccc(Cl)cc2)/c(=N/c2nc(-c3ccccc3)cc(-c3ccccc3)c2C#N)s1,5.08,IC50,8400.0,nM,1
CHEMBL3408390,N#Cc1c(-c2ccccc2)cc(-c2ccccc2)nc1/N=c1\sc(C(=O)Nc2ccccc2)nn1-c1ccccc1,5.08,IC50,8400.0,nM,1
CHEMBL3085780,O=C(NC(c1ccncc1)c1ccc(F)cc1)[C@@H]1CC[C@@H](N2CCOCC2)C[C@H]1c1ccc(Br)cc1,5.08,IC50,8400.0,nM,1
CHEMBL583254,COc1ccc(CCN2C(=O)N(NS(C)(=O)=O)CC2c2ccc(C3CC3)cc2)cc1,5.08,IC50,8400.0,nM,1
CHEMBL1091919,CSc1nn2c3c(c(C)nc2c1S(=O)(=O)c1ccccc1)CCCC3,5.08,IC50,8400.0,nM,1
CHEMBL3703271,COc1cncc(-c2ccc3c(c2)C2(COC(N)=N2)C2(COC2)C2(CCC2)O3)c1,5.08,IC50,8220.0,nM,1
CHEMBL3609754,Cc1cn(-c2ccc(-c3cn([C@H]4CCc5c(F)cccc5N(CC(F)(F)F)C4=O)nn3)c(F)c2)cn1,5.08,Ki,8300.0,nM,1
CHEMBL3747487,CCOC(=O)C1CCN(C(=O)c2ccc(C[C@@H]3CC[C@H]([C@H](O)c4ccccc4)N3)cc2)CC1,5.08,IC50,8300.0,nM,1
CHEMBL1084976,C[C@H](O)c1ccccc1S(=O)(=O)c1ccc(/C=C/c2ccc(F)cc2)cc1,5.08,Ki,8252.0,nM,1
CHEMBL1078983,COc1ccc(-c2ccc3c(N4CCOCC4)nc(N4C[C@@H](C)O[C@@H](C)C4)nc3n2)cc1CO,5.08,IC50,8300.0,nM,1
CHEMBL2315933,Nc1cccnc1[C@H]1CC[C@@H](N2CC(NC(=O)CNc3ncnc4ccc(C(F)(F)F)cc34)C2)CC1,5.08,IC50,8300.0,nM,1
CHEMBL2333627,CN1CCC(COCc2cc(C(F)(F)F)cc(N3CCC(C#N)C3)n2)(c2ccc(F)cc2)CC1,5.08,IC50,8300.0,nM,1
CHEMBL2333617,CN(C)c1cc(C(F)(F)F)cc(COCC2(c3ccc(F)cc3)CCNCC2)n1,5.08,IC50,8400.0,nM,1
CHEMBL1084577,Fc1cccc(C(Cc2ccccc2OC(F)F)N2CCNCC2)c1,5.08,IC50,8240.0,nM,1
CHEMBL551197,CCc1oc(SCc2cc(N3CCOCC3)cc(NCC#N)n2)nc1C,5.08,IC50,8300.0,nM,1
CHEMBL2164219,COCC(=O)N(Cc1ccsc1)C1CCN([C@H](C)CCNC(=O)c2c(C)cc(Cl)nc2C)CC1,5.08,IC50,8400.0,nM,1
CHEMBL404851,CC(C(O)c1ccc2c(c1)CCC(=O)N2)N1CCC(O)(c2ccc(F)cc2)CC1,5.07,IC50,8600.0,nM,1
CHEMBL1289053,O=c1cc(OCc2ccccc2)ccn1-c1ccc2c(cnn2CC2=NCCN2)c1,5.07,IC50,8500.0,nM,1
CHEMBL272022,COc1ccccc1Oc1cccc(CN2CCC3(CC2)CCN(C(=O)c2cc[n+]([O-])cc2)CC3)c1,5.07,IC50,8511.38,nM,1
CHEMBL209407,C[C@@H]1C[C@H](O[C@H](C)c2cc(C(F)(F)F)cc(C(F)(F)F)c2)[C@@H](c2ccc(F)cc2)CC(=O)N1,5.07,Ki,8500.0,nM,1
CHEMBL466307,CCN1CCN(c2cc3[nH]c(C(=O)C4(C)CCC(=O)CC4)nc3cc2Cl)CC1,5.07,IC50,8500.0,nM,1
CHEMBL729,Cc1cccc(C)c1OCC(=O)N[C@@H](Cc1ccccc1)[C@@H](O)C[C@H](Cc1ccccc1)NC(=O)[C@H](C(C)C)N1CCCNC1=O,5.07,IC50,8511.38,nM,1
CHEMBL3120265,CNc1nc(NCCCN(C)C)c2sc(-c3ccccc3)cc2n1,5.07,IC50,8500.0,nM,1
CHEMBL4853871,O=C(c1ccc(CCN2CCC(Nc3nc4ccccc4n3Cc3ccc(F)cc3)CC2)cc1)N1CCNCC1,5.07,IC50,8610.0,nM,1
CHEMBL4129456,C[C@]12CCC(F)=C[C@H]1C[C@@H](N1CCC[C@@H](N)C1)[C@@H]2Oc1ccc(C#N)cc1,5.07,IC50,8600.0,nM,1
CHEMBL4862195,COc1cc(OC)cc(-c2cncc(-c3nc4cc(C)ccc4[nH]3)c2N2CCC(N)CC2)c1,5.07,IC50,8600.0,nM,1
CHEMBL2331678,CCNC(=O)Nc1ccc(-c2nc3c(c(N4CCOC[C@@H]4C)n2)CCN(C(C)C)C3)cc1,5.07,IC50,8500.0,nM,1
CHEMBL5922640,Cc1ccc([C@H](CCN2C3CCC2CC(n2c(C)nnc2C(C)C)C3)NC(=O)C2CCC(F)(F)CC2)s1,5.07,IC50,8440.0,nM,1
CHEMBL5069547,O=C1c2nc3cccc(Br)c3n2CCN1Cc1ccc(F)cc1,5.07,IC50,8600.0,nM,1
CHEMBL5077961,Nc1nc(-c2cccc(-n3ccc4cc(C5CC5)cc(F)c4c3=O)c2CO)c2cc(C3=CCN(C4COC4)CC3)[nH]c2n1,5.07,IC50,8540.0,nM,1
CHEMBL4752511,COCCOc1cc(NC(=O)N2CCCc3cc(CN4CC[C@@H](N(C)C)C4=O)c(C=O)nc32)ncc1C#N,5.07,IC50,8500.0,nM,1
CHEMBL1090189,COc1ccc(-c2nc(COc3cccc(CN(CC(=O)O)C(=O)Oc4ccc(C)cc4)c3)c(C)o2)cc1,5.07,IC50,8600.0,nM,1
CHEMBL2380451,COc1ccc(C2(c3cccc(-c4cncnc4)c3)N=C(N)n3nc(C)cc32)cc1,5.07,IC50,8600.0,nM,1
CHEMBL245844,O=C(NC1CCN(Cc2ccc(OCCCN3C(=O)CSC3=O)c(F)c2)CC1)c1cc(=O)c2ccc(F)cc2o1,5.07,IC50,8500.0,nM,1
CHEMBL1824043,O=C1COc2ccc(CNC3CCN(CCN4C(=O)COc5ccc(F)cc54)CC3)nc2N1,5.07,IC50,8500.0,nM,1
CHEMBL4445443,CCn1nc2c(c1Nc1nc(-c3ccc(-n4cnc(C)c4)c(OC)n3)cs1)CCCC2,5.07,IC50,8600.0,nM,1
CHEMBL1819257,COc1ccncc1-c1[nH]c2ccccc2c1CCNCc1ccc(/C=C/C(=O)NO)cc1,5.07,IC50,8480.0,nM,1
CHEMBL444136,O=c1[nH]ccc2nc(-c3ccc(CN4CCC(c5nnc(-c6cnccn6)[nH]5)CC4)cc3)c(-c3ccccc3)cc12,5.07,IC50,8428.0,nM,1
CHEMBL3681314,Cc1nc2cc(-n3ncc(C(=O)c4cc5ccc(CN6CCC(F)(F)CC6)cc5[nH]4)c3N)ccc2[nH]1,5.07,IC50,8600.0,nM,1
CHEMBL3582317,Cc1nc([C@]2(c3cnn(C)c3)N[C@@H](c3nc(-c4ccc(F)cn4)c[nH]3)Cc3c2[nH]c2ccccc32)no1,5.07,IC50,8544.0,nM,1
CHEMBL3786350,COc1ccc(-c2nnc(C(=O)N3CC(Oc4ccc(CN5CC(OC)C5)cc4)C3)o2)cc1,5.07,IC50,8500.0,nM,1
CHEMBL3787333,Cc1cc(CN(C)C)ccc1OC1CN(C(=O)c2nnc(-c3ccccc3)o2)C1,5.07,IC50,8600.0,nM,1
CHEMBL4104658,C=CC(=O)Nc1cc(Nc2nccc(-c3cn4c5c(cccc35)CCC4)n2)c(OC)cc1N(C)CCN(C)C,5.07,IC50,8460.0,nM,1
CHEMBL3793685,Cc1nc(-n2cnnn2)ccc1CC(=O)N1CCN(CCc2ccc3c(c2C)COC3=O)CC1,5.07,IC50,8500.0,nM,1
CHEMBL4790962,Cn1cc(-c2cnc(Nc3cnc(C#N)cn3)cc2NC[C@H]2CNCCO2)cn1,5.07,IC50,8600.0,nM,1
CHEMBL563251,CN1C[C@@H]2[C@H](C1)[C@H]2CN(Cc1ccc(F)c(Cl)c1)C(=O)c1cn(C)cn1,5.07,IC50,8500.0,nM,1
CHEMBL4089164,CC1(C)[C@H](Nc2c(C(N)=O)cnn3cc(-c4cncnc4)cc23)CC[C@]1(C)N,5.07,IC50,8500.0,nM,1
CHEMBL4164658,CC(OC(=O)N1C[C@@H]2[C@@H](CNC(=O)c3ccc4[nH]c(=O)oc4c3)[C@@H]2C1)c1cc(Cl)cc(Cl)c1,5.07,IC50,8500.0,nM,1
CHEMBL3809643,C[C@H]1Cc2c(ncnc2Oc2ccc3ccn(C(=O)Nc4cc(C5(C(F)(F)F)CC5)on4)c3c2)CN1,5.07,IC50,8600.0,nM,1
CHEMBL452864,C1=C(CS/C(=N\C2CCCCC2)NC2CCCCC2)N2CCN=C2S1,5.07,IC50,8500.0,nM,1
CHEMBL4109308,O=C(c1ccc(-n2nnc3cccnc32)cc1)N(c1ncccc1Cl)[C@@H]1CCCNC1,5.07,IC50,8500.0,nM,1
CHEMBL4476063,C[S+]([O-])c1cccc(-c2ccc3ncc(-c4cccc([S+](C)[O-])c4)n3n2)c1,5.07,IC50,8450.0,nM,1
CHEMBL465515,Fc1ccc2cc(CCN3CCNCC3)ccc2c1,5.07,Ki,8500.0,nM,1
CHEMBL3605026,CCOC(=O)COc1ccc2ncc(F)c(CCC34CCC(NCc5ccc6c(n5)NC(=O)CO6)(CC3)CO4)c2n1,5.07,IC50,8500.0,nM,1
CHEMBL4483725,CN(C)c1ccc(CNC(=O)[C@@H]2CNC[C@H]2c2ccc(C(F)(F)F)c(F)c2)cc1,5.07,IC50,8540.0,nM,1
CHEMBL4592144,O=C(O)C[C@H]1CC[C@@H](Oc2ccc(-c3ccc(-c4nc5cc(Cl)cnc5[nH]4)cn3)cn2)CC1,5.07,Ki,8600.0,nM,1
CHEMBL3582326,CCn1cc([C@@]2(c3nnc(C)o3)N[C@@H](c3nc(-c4ccc(F)cn4)c[nH]3)Cc3c2[nH]c2ccccc32)cn1,5.07,IC50,8500.0,nM,1
CHEMBL575693,CC(=O)Nc1ccc(-c2cc3sc(N4CCC(N5CCCCC5)CC4)nc3cn2)cn1,5.07,IC50,8518.52,nM,1
CHEMBL1643514,CN(C)[C@@H]1CCN(c2ccc(Cl)c(Cl)c2)c2ccccc21,5.07,IC50,8600.0,nM,1
CHEMBL2177736,NC(=O)c1cnc(N[C@@H]2CCCC[C@@H]2N)nc1Nc1cccc(-n2nccn2)c1,5.07,IC50,8600.0,nM,1
CHEMBL3416021,NC(=O)c1ccc(N[C@@H]2CCCC[C@@H]2N)nc1Nc1cccc(-n2nccn2)c1,5.07,IC50,8500.0,nM,1
CHEMBL2151164,COc1nc(Nc2cccc3c2nc(-c2ccc(F)cc2)n3C)ccc1-n1cnc(C)c1,5.07,IC50,8500.0,nM,1
CHEMBL381526,CC(C)[C@H](N)C(=O)N1CC(c2cc(F)ccc2F)=C[C@H]1c1cccc(O)c1,5.07,IC50,8500.0,nM,1
CHEMBL4879150,NCCn1nnc(-c2ccc(Oc3ccc(Cl)cc3)cc2)n1,5.07,IC50,8500.0,nM,1
CHEMBL5974311,Nc1ccc(-c2cccs2)cc1NC(=O)c1ccc(N2CCNCC2)nc1,5.07,IC50,8600.0,nM,1
CHEMBL2177304,CCn1cc([C@]2(c3cccc(C#CC4CC4)c3)N=C(N)c3c(F)cccc32)cc(C)c1=O,5.07,IC50,8500.0,nM,1
CHEMBL2010816,Nc1cncc(Nc2ccc(Oc3ccc(OC(F)(F)F)cc3)cc2)n1,5.07,IC50,8500.0,nM,1
CHEMBL2041178,CNC(=O)c1ccc(-c2ccc(N3C(=O)N(c4cc(OC)ncn4)C4(CCN(Cc5ncccc5C)CC4)C3=O)cc2)cc1,5.07,IC50,8500.0,nM,1
CHEMBL4062339,CC1(OC(=O)N2CCC([C@H]3C[C@H]3CCOc3ccc(CC(=O)N4CCC4)c(F)c3)CC2)CC1,5.07,IC50,8600.0,nM,1
CHEMBL2062563,CC(=O)Nc1ccc2ccn(-c3cc(NC4CC4)n4ncc(C#N)c4n3)c2c1,5.07,IC50,8600.0,nM,1
CHEMBL2164360,CC(Cc1ccccn1)N1C(=O)c2ccccc2C1C(=O)NCc1ccc(OC(F)(F)F)cc1,5.07,IC50,8600.0,nM,1
CHEMBL1782577,CCO[C@@H]1COCC[C@@H]1N[C@@H]1CC[C@@](C(=O)N2CCN(c3cc(C(F)(F)F)ccn3)CC2)(C(C)C)C1,5.07,IC50,8600.0,nM,1
CHEMBL2164387,O=C(NCc1ccc(C(F)(F)F)cc1)C1c2ccccc2C(=O)N1CCc1ccccn1,5.07,IC50,8600.0,nM,1
CHEMBL1086274,COc1cccc(F)c1CC(c1ccccc1)N1CCNCC1,5.07,IC50,8550.0,nM,1
CHEMBL3974814,CN(CCC1CCN(C(=O)OCc2cc(Cl)cc(Cl)c2)CC1)C(=O)c1c[nH]nn1,5.07,IC50,8600.0,nM,1
CHEMBL5850426,COc1ncc(OCCNCCCF)cc1[C@@H]1c2[nH]c3ccccc3c2C[C@@H](C)N1CC(F)(F)F,5.06,IC50,8700.0,nM,1
CHEMBL1779009,COc1cc(F)ccc1-c1cncc(C2CCCN2)c1,5.06,IC50,8620.0,nM,1
CHEMBL4463663,Nc1cc(F)c(S(=O)(=O)N2CCC(O)CC2)cc1C(=O)Nc1cc(F)c(F)c(F)c1,5.06,IC50,8780.0,nM,1
CHEMBL4103771,CCOC(=O)C1=C(CNC(Cc2ccccc2)C(=O)O)NC(c2nccs2)=NC1c1ccc(F)cc1Br,5.06,IC50,8680.0,nM,1
CHEMBL4783619,CCS(=O)(=O)c1cnc(CNc2nc3cnc(-c4c(C)ncnc4C4CC4)nc3n([C@@H](C)C3CC3)c2=O)nc1,5.06,IC50,8800.0,nM,1
CHEMBL3699564,Cc1cc2nc(C(C)Cc3ccncc3)n(Cc3ccc(Cl)cc3)c2cc1C,5.06,IC50,8800.0,nM,1
CHEMBL87045,c1ccc(C2(c3ccccc3)CC2C2=NCCN2)cc1,5.06,IC50,8800.0,nM,1
CHEMBL511984,Nc1ccc(-c2cccs2)cc1NC(=O)c1ccc(N2CCC3(CC2)CNC(=O)C3)nc1,5.06,Ki,8699.0,nM,1
CHEMBL469514,Nc1ccc(-c2cccs2)cc1NC(=O)c1ccc(N2CCC3(CCNC3=O)CC2)nc1,5.06,Ki,8620.0,nM,1
CHEMBL4530872,O=C1CN(c2cn[nH]c(=O)c2Cl)CCN1Cc1ccccc1C(F)(F)F,5.06,IC50,8700.0,nM,1
CHEMBL3323080,Cn1cc([C@@]2(c3cccc(C(=O)O)n3)N[C@@H](c3nc(-c4ccc(F)cc4)c[nH]3)Cc3c2[nH]c2ccccc32)cn1,5.06,IC50,8703.0,nM,1
CHEMBL4286477,CC(C)(C)S(=O)(=O)c1ccc2nccc(Nc3n[nH]c4c3CCCC4)c2c1,5.06,IC50,8635.0,nM,1
CHEMBL4284707,CN(C/C=C/C=C/C=C/c1ccc(C(F)(F)F)cc1)Cc1ccc2c(c1)OCCO2.Cl,5.06,IC50,8700.0,nM,1
CHEMBL1809056,COc1cc(CC(=O)N2CCOCC2)ccc1Nc1ncc(Cl)c(-c2cnc3ccccn23)n1,5.06,IC50,8800.0,nM,1
CHEMBL4649550,Cc1noc(N2C[C@H]3CC[C@@H](C2)[C@@H]3Nc2nc3c(OCC(F)(F)F)ccc(C(F)(F)F)n3n2)n1,5.06,IC50,8750.0,nM,1
CHEMBL5084395,CCC(=O)N(CC1(N2CCN(CCOCC(F)(F)F)CC2)CCOCC1)c1cccc(C(F)(F)F)n1,5.06,IC50,8700.0,nM,1
CHEMBL3321980,Cc1nc(Nc2nc3cnc(N4CCN(C)CC4)cc3[nH]2)cc(C2CC2)c1F,5.06,IC50,8800.0,nM,1
CHEMBL2011528,N[C@H]1CN(c2ccc(-n3ccc(OCc4ccccc4)cc3=O)cn2)C[C@@H]1c1cc(F)ccc1F,5.06,IC50,8800.0,nM,1
CHEMBL597440,Fc1cnc2nc(N3CCN4CCC3CC4)oc2c1,5.06,IC50,8700.0,nM,1
CHEMBL4206650,N#Cc1ccc(-c2cccc(F)c2)c(C(=O)N2Cc3cn(-c4cncc(F)c4)nc3C2)c1,5.06,IC50,8800.0,nM,1
CHEMBL3919158,CC(C)Cc1cc(CNS(=O)(=O)c2ccc(CCc3ccccc3)cc2)nn1-c1ccccc1,5.06,IC50,8730.0,nM,1
CHEMBL4755227,C[C@@H](NC(=O)c1ccc(Cl)cc1)c1ccc2c(n1)CCCN2C(=O)c1cccc(Cl)c1,5.06,IC50,8700.0,nM,1
CHEMBL2031875,O=C(c1ccc(-c2ccc3c(c2)CCN(CCN2CCCC2)C3=O)cc1)N1CCCC1,5.06,IC50,8800.0,nM,1
CHEMBL3218645,Cc1ccccc1-c1nc2ccc(-c3ccc(Cl)cc3)cc2c(=O)n1C[C@H]1CCCN(C(C)C)C1,5.06,IC50,8700.0,nM,1
CHEMBL1095476,Cc1[nH]nc(C(=O)N[C@@H]2CC(C)(C)Oc3nc(-c4ccc(Cl)cc4Cl)c(-c4ccc(Cl)cc4)cc32)c1C,5.06,IC50,8700.0,nM,1
CHEMBL2031879,O=C(c1ccc(-c2ccc3c(c2)CCN(CCN2CCCC2)C3=O)cc1F)N1CCCC1,5.06,IC50,8800.0,nM,1
CHEMBL583465,COc1ccc(CCN2C(=O)N(NS(C)(=O)=O)CC2c2ccc(Cl)cc2)cc1,5.06,IC50,8700.0,nM,1
CHEMBL1939745,CCOC(=O)Nc1ccccc1[C@@H](c1ccc(C(=O)N(CC)CC)cc1)N1CCN(Cc2cscn2)CC1,5.06,IC50,8700.0,nM,1
CHEMBL3215864,Cc1cccc(N2CCN(CCCNC(=O)c3nc(C)n(-c4ccc5c(c4)OCCO5)c3C)CC2)c1C.Cl.Cl,5.06,IC50,8700.0,nM,1
CHEMBL1173018,Cc1cccc(N2CCN(CCCCCCN3CCN(c4ccccn4)CC3)CC2)c1,5.06,Ki,8700.0,nM,1
CHEMBL4227444,CNC[C@H](c1ccc2ccccc2c1)[C@H](O)c1ccccc1,5.06,IC50,8800.0,nM,1
CHEMBL3906229,O=C(CCc1c[nH]nn1)NC1CCN(C(=O)OCc2cc(Cl)cc(Cl)c2)CC1,5.06,IC50,8800.0,nM,1
CHEMBL2333626,CN1CCC(COCc2cc(C(F)(F)F)cc(N3CC=CC3)n2)(c2ccc(F)cc2)CC1,5.06,IC50,8700.0,nM,1
CHEMBL3609641,COc1cc(-c2cn(C3CCc4cccnc4N(CC(F)(F)F)C3=O)nn2)ccc1-n1cnc(C)c1,5.06,IC50,8740.0,nM,1
CHEMBL5857899,CN[C@@H]1CC[C@@H](Oc2cncc(OC)c2-c2cc(Nc3cnc(C#N)cn3)n[nH]2)C1,5.06,IC50,8700.0,nM,1
CHEMBL4741023,N#Cc1cnc(Nc2cc(NC[C@H]3CNCCO3)c(-c3cccc(F)c3)cn2)cn1,5.06,IC50,8800.0,nM,1
CHEMBL6064033,O=C(Nc1ccc([C@H]2CNCCO2)cc1)c1csc(-c2ccccc2)n1,5.05,IC50,8980.0,nM,1
CHEMBL3609642,COc1cc(-c2cn(C3CC[C@@H]4CCCC[C@H]4N(Cc4ccccc4)C3=O)nn2)ccc1-n1cnc(C)c1,5.05,IC50,9000.0,nM,1
CHEMBL1784526,Cc1nc2ccccc2n1C1CC2CCC(C1)N2CCC1(c2cccc(F)c2)CCN(C(=O)c2cc(NS(=O)(=O)C(C)C)c(F)cc2F)CC1,5.05,IC50,8912.51,nM,1
CHEMBL4215848,Cn1cnc(-c2cnc(O[C@@H]3CCN(C(=O)Cc4ccc(OC(F)(F)F)cc4)C[C@@H]3F)c(C(N)=O)c2)c1,5.05,IC50,9000.0,nM,1
CHEMBL3612800,COc1cc(CCN2CCN(CC(OC)c3ccc4c(c3C)COC4=O)CC2)ccc1C#N,5.05,IC50,9000.0,nM,1
CHEMBL552762,COc1ccc([C@@H](C)N[C@@H]2CC[C@@H](C(=O)N3CCC(C(=O)N4CCCCC4)(c4ccccc4)CC3)C(C)(C)C2)cc1,5.05,IC50,9000.0,nM,1
CHEMBL3612799,COc1cc(CCN2CCN(CC(O)c3ccc4c(c3C)COC4=O)CC2)ccc1C#N,5.05,IC50,9000.0,nM,1
CHEMBL519193,CC(=O)c1ccc(-c2cccc(-n3cc(C(=O)NC(C)C)c(=O)c4cccnc43)c2)cc1,5.05,IC50,8950.0,nM,1
CHEMBL4066520,CC(C)(N)c1nc(-c2cccc(OC(F)(F)F)c2)c[nH]1,5.05,IC50,9000.0,nM,1
CHEMBL1956195,CC(Oc1ccccc1CC1CC1)C1=NCCN1,5.05,IC50,8900.0,nM,1
CHEMBL3921834,Cc1c([C@@H]2CN3CCN(C(=O)Cc4ccc(-n5cnnn5)nc4)C[C@H]3CS2)ccc2c1COC2=O,5.05,IC50,8900.0,nM,1
CHEMBL3219108,C[C@@H](CO)Oc1cc(Oc2ccc(C(=O)N3CCC3)cc2)cc(C(=O)Nc2nccs2)c1,5.05,IC50,9000.0,nM,1
CHEMBL4740488,CCCCCc1nn(-c2nc(N)c3c(n2)NC(=O)C3(C)C)c2ccc(Cl)cc12,5.05,IC50,9000.0,nM,1
CHEMBL4857979,CNC(=O)c1cc(-n2ncc3cc(Nc4c(F)cccc4Cl)cnc32)cs1,5.05,IC50,9000.0,nM,1
CHEMBL4095422,Cc1nsc(N2CCC3(CCN(C[C@H](O)c4ccc5c(c4C)COC5=O)CC3)C2=O)n1,5.05,IC50,9000.0,nM,1
CHEMBL3747226,O=C(Nc1cccc(C(F)(F)F)c1)n1ccc2cc(Oc3ncnc4c3CCNC4)ccc21,5.05,IC50,8900.0,nM,1
CHEMBL1289515,O=c1cc(OCc2ccccc2)ccn1-c1ccc2c(cnn2CCN2CC[C@H](O)C2)c1,5.05,IC50,9000.0,nM,1
CHEMBL4756634,COc1ncc(NC(=O)Nc2cnc3ccc(F)cc3c2N(C)C2CCCN(C)C2)cc1Cl,5.05,IC50,9000.0,nM,1
CHEMBL3786346,O=C(c1nnc(-c2ccccc2)o1)N1CC(Oc2ccc(CN3CC4(CCCO4)C3)cc2)C1,5.05,IC50,8900.0,nM,1
CHEMBL2029566,O=C(C1CCN(c2cccc(C(F)(F)F)c2)CC1)N1CC[C@H](N[C@H]2CC[C@@](O)(c3ccc(-c4ncccn4)cn3)CC2)C1,5.05,IC50,9000.0,nM,1
CHEMBL1829632,COc1ccc([C@]2(O)CC[C@@H](N3CC(NC(=O)CNC(=O)c4cccc(C(F)(F)F)c4)C3)CC2)cc1,5.05,IC50,8900.0,nM,1
CHEMBL3609625,COc1cc(-c2cn(C3CCc4ccccc4N(CC(F)F)C3=O)nn2)ccc1-n1cnc(C)c1,5.05,IC50,8960.0,nM,1
CHEMBL415247,CC(C)[C@@H](CN1CC[C@@](C)(c2cccc(O)c2)[C@@H](C)C1)NC(=O)[C@H]1Cc2ccc(O)cc2CN1,5.05,Ki,8820.0,nM,1
CHEMBL4747780,CN(C)Cc1cnn(-c2ccnc3[nH]c(-c4cccc5c4ccn5C)nc23)c1,5.05,IC50,8900.0,nM,1
CHEMBL3261924,N#Cc1ccc(-c2ccc(C[C@@H](C#N)NC(=O)C3(N)CCCCC3)cc2)cc1,5.05,IC50,9000.0,nM,1
CHEMBL5091959,O=c1ccc2c([nH]1)CCC(NCCCNc1c3c(nc4cc(Cl)ccc14)CCCC3)C2,5.05,IC50,8975.0,nM,1
CHEMBL487355,c1ccc(CC2(c3ccc4[nH]ccc4c3)CCNC2)cc1,5.05,IC50,9000.0,nM,1
CHEMBL6009419,C[C@H]1C[C@H]2CSC(NC(=O)c3ccccc3)=N[C@@]2(c2nc(NC(=O)c3ccc(Cl)cn3)cs2)CO1,5.05,IC50,9000.0,nM,1
CHEMBL494406,Cc1cncc(-c2c(C)c(CNC3CCCC3)nn2-c2ncccc2Cl)c1,5.05,IC50,9000.0,nM,1
CHEMBL1957797,COC[C@H](C)COCc1ccc([C@@]2(O)CCNC[C@@H]2c2ccc(-c3ccccc3CCNC(C)=O)cc2C)cc1,5.05,IC50,9000.0,nM,1
CHEMBL4064619,C[C@@H]1CN(CC(=O)N2CC(C)(C)c3ncc(Cc4ccc(F)cc4)cc32)[C@@H](CN2CCOC[C@H]2C)CN1,5.05,IC50,9000.0,nM,1
CHEMBL3091687,NCCCCN(C[C@H]1Cc2ccccc2CN1)[C@H]1CCCc2cccnc21,5.05,IC50,8920.0,nM,1
CHEMBL1784520,CCCNS(=O)(=O)c1cc(C(=O)N2CCC(CCN3C4CCC3CC(n3c(C)nc5ccccc53)C4)(c3cccc(F)c3)CC2)c(Cl)cc1F,5.05,IC50,8912.51,nM,1
CHEMBL4160664,COCc1ccc(-c2cc3c(cc2F)ncc2c3n([C@H]3C[C@@H](OC)C3)c(=O)n2C)cn1,5.05,IC50,9000.0,nM,1
CHEMBL6050298,NCCCNc1nc2c([N+](=O)[O-])c(Br)c(Br)cc2n1CC1CC1,5.05,IC50,8930.0,nM,1
CHEMBL5974489,Nc1ccc(-c2ccoc2)cc1NC(=O)c1cnc2cc(N3CCNCC3)ccc2c1,5.05,IC50,8900.0,nM,1
CHEMBL4168290,COCc1ccc(-c2cc3c(cc2F)ncc2c3n([C@H]3C[C@H](OC)C3)c(=O)n2C)cn1,5.05,IC50,8900.0,nM,1
CHEMBL520942,CC(=O)NC1CCN(CCc2ccc(Oc3nc4ccccc4s3)cc2)CC1,5.05,IC50,9000.0,nM,1
CHEMBL2333604,CN1CCC(COCc2cc(C(F)(F)F)cc(C3CC3)n2)(c2ccccc2)CC1,5.05,IC50,9000.0,nM,1
CHEMBL2041179,COc1cc(N2C(=O)N(c3ccc(-c4ccc(C(=O)N(C)C)cc4)cc3)C(=O)C23CCN(Cc2ncccc2C)CC3)ncn1,5.05,IC50,8900.0,nM,1
CHEMBL2333607,CN1CCC(COCc2cc(C(F)(F)F)cc(C3CC3(C)C)n2)(c2ccc(F)cc2)CC1,5.05,IC50,9000.0,nM,1
CHEMBL4533539,COCc1ccc(-c2cc3c(N[C@@H](C)C4CCOCC4)c(C(N)=O)cnc3cc2F)cn1,5.05,IC50,8900.0,nM,1
CHEMBL2333615,CN1CCC(COCc2cc(C(F)(F)F)cc(C3CC3)n2)(c2cccc(F)c2)CC1,5.05,IC50,9000.0,nM,1
CHEMBL2040895,Cc1cccnc1CN1CCC2(CC1)C(=O)N(c1ccc(-n3cccn3)cc1)C(=O)N2c1cc(O)ncn1,5.05,IC50,9000.0,nM,1
CHEMBL513258,Fc1ccc(CC2(c3ccc4[nH]ccc4c3)CCNC2)cc1,5.05,IC50,9000.0,nM,1
CHEMBL4527011,CN1C[C@H]2CCN(c3ccc(-c4ccc(-n5ncccc5=O)cc4)cc3)[C@H]2C1,5.05,Ki,8830.0,nM,1
CHEMBL4173454,CCC[C@@H](CCO)Nc1nc(N)nc2cccc(F)c12,5.05,IC50,8900.0,nM,1
CHEMBL551058,CS(=O)(=O)c1ccc(-c2noc(C3CCN(C(=O)NC4CC4c4ccccc4)CC3)n2)cc1,5.05,IC50,9000.0,nM,1
CHEMBL1950736,O=c1ccc(-c2ccc(OC3CCN(C4CCC4)CC3)nc2)n[nH]1,5.05,IC50,9000.0,nM,1
CHEMBL2036776,CCN1CCNC(CN2CCN(C(=O)Nc3ccc(Cl)c(Cl)c3)CC2)C1,5.05,IC50,8900.0,nM,1
CHEMBL2207752,NC(=O)C1CCN(Cc2ccc(Oc3nc4ncccc4s3)cc2)CC1,5.05,IC50,8900.0,nM,1
CHEMBL3967984,C[C@H]1C[C@H]2CSC(N)=N[C@@]2(c2nc(NC(=O)c3ccc(Cl)cn3)cs2)CO1,5.05,IC50,9000.0,nM,1
CHEMBL4536433,Cc1ccc(CNC(=O)[C@@H]2CNC[C@H]2c2ccc(C(F)(F)F)cc2)cc1,5.05,IC50,8950.0,nM,1
CHEMBL1951599,CC(C)=CCn1c(N2CCC[C@H](N)C2)c(C#N)c2c1c(=O)n(Cc1nccc3ccccc13)c(=O)n2C,5.05,IC50,9000.0,nM,1
CHEMBL3605024,N#CCCCOc1ccc2ncc(F)c(CCC34CCC(NCc5ccc6c(n5)NC(=O)CO6)(CC3)CO4)c2n1,5.05,IC50,8900.0,nM,1
CHEMBL3326630,CC(C)[C@H](CC(=O)[C@H]1Cc2ccc(O)cc2CN1)CN1CC[C@@](C)(c2cccc(O)c2)[C@@H](C)C1,5.05,Ki,8820.0,nM,1
CHEMBL4064760,Cc1c([C@@H](O)CN2CCC3(CC2)CCN(c2cnc(S(C)(=O)=O)cn2)C3)ccc2c1COC2=O,5.05,IC50,8900.0,nM,1
CHEMBL1782571,CO[C@@H]1COCC[C@@H]1N[C@@H]1CC[C@@](C(=O)N2CCN(c3nncc(C(F)(F)F)n3)CC2)(C(C)C)C1,5.05,IC50,8900.0,nM,1
CHEMBL2380440,CC1(c2cccc(-c3cncnc3)c2)N=C(N)c2c(F)cccc2O1,5.05,IC50,9000.0,nM,1
CHEMBL2031968,COc1c(C(C)(C)C)cc(C(=O)N2CCN(C(=O)CCCCC(c3ccc(F)cc3)c3ccc(F)cc3)CC2)cc1C(C)(C)C,5.05,IC50,9000.0,nM,1
CHEMBL2380448,COc1cccc(-c2cccc(C3(C)CSCC(N)=N3)c2)c1,5.05,IC50,9000.0,nM,1
CHEMBL218321,COC(=O)N(NC(=O)c1c(OC2CCN(C3CCOCC3)CC2)c(-c2ccccc2)nc2ccccc12)c1ccccc1,5.05,Ki,8900.0,nM,1
CHEMBL3401350,CC(C)[C@]1(C)CC(=O)N(Cc2cc(F)cc(C(=O)N[C@@H](C)c3ccccc3)c2)C(=N)N1,5.05,IC50,9000.0,nM,1
CHEMBL2164392,O=C(NCc1ccc(OCC(F)(F)F)cc1)C1c2ccccc2C(=O)N1CCc1ccccn1,5.05,IC50,8900.0,nM,1
CHEMBL1162962,O=S(=O)(c1ccccc1)c1ccc(/C=C/c2ccc(F)cc2F)nc1,5.05,Ki,9000.0,nM,1
CHEMBL412663,COC(=O)C1=CCC2CCC1N2C,5.05,IC50,8912.51,nM,1
CHEMBL2409311,COCCOc1cc2ncc(C(N)=O)c(Nc3ccc(C)cc3F)c2cc1N1CCOCC1,5.05,IC50,9000.0,nM,1
CHEMBL4215737,CCO/N=C/c1ccc(OCCCCCN2CCN(c3ccnc(N)c3)S2(=O)=O)cc1,5.05,IC50,9000.0,nM,1
CHEMBL4093284,COCc1cnc(N2CCC([C@H]3C[C@H]3CCOc3cc(F)c(CC(=O)N4CCC4)c(F)c3)CC2)nc1,5.04,IC50,9100.0,nM,1
CHEMBL554336,CN(C(=O)c1ccccc1Oc1ccccc1)[C@H]1CCNC1,5.04,IC50,9210.0,nM,1
CHEMBL571041,COc1ccc(CCN2C(=O)N(NS(C)(=O)=O)CC2c2ccc(C(F)(F)F)cc2)cc1,5.04,IC50,9100.0,nM,1
CHEMBL3580774,Cc1cn(-c2ccc3n(c2=O)CCN([C@@H](C)COc2ccc(F)cc2[C@@H](C)C(F)(F)F)C3=O)cn1,5.04,IC50,9200.0,nM,1
CHEMBL4781060,CN(c1cnn(-c2ccnc3[nH]c(-c4cccc5c4ccn5C)nc23)c1)[C@@H]1CCOC[C@@H]1N,5.04,IC50,9200.0,nM,1
CHEMBL465417,N#Cc1ccc2cc1Oc1ccc3c(c1)[C@@H](CCO3)N1CC[C@H](NCc3cncn3C2)C1=O,5.04,IC50,9099.99,nM,1
CHEMBL4647399,CCSc1cc([C@](O)(CCN(C)C)[C@@H](c2cc3cc(Br)ccc3nc2OC)c2ccnc(OC)c2OC)cc(SCC)n1,5.04,IC50,9200.0,nM,1
CHEMBL513027,Nc1ccc(-c2cccs2)cc1NC(=O)c1ccc(N2CCC3(CC2)NC(=O)NC3=O)nc1,5.04,Ki,9070.0,nM,1
CHEMBL3605010,NC(=O)C(F)(F)CCOc1ccc2ncc(F)c(CCC34CCC(NCc5ccc6c(n5)NC(=O)CO6)(CC3)CO4)c2n1,5.04,IC50,9200.0,nM,1
CHEMBL2426279,C=CC(=O)Nc1cc(Nc2nccc(-c3c[nH]c4ccccc34)n2)c(OC)cc1N1CCN(C)CC1,5.04,IC50,9100.0,nM,1
CHEMBL2164365,O=C(NCc1ccc(OC(F)(F)F)cc1)C1c2ccccc2C(=O)N1CCc1cnccn1,5.04,IC50,9200.0,nM,1
CHEMBL4740065,Cn1ccc2c(-c3nc4c(-n5cc(N[C@@H]6CCOC[C@@H]6N)cn5)ccnc4[nH]3)cccc21,5.04,IC50,9200.0,nM,1
CHEMBL1092106,CCN1CCC(N(C(=O)NCc2ccc(F)cc2)c2ccc(Cl)cn2)CC1,5.04,IC50,9190.0,nM,1
CHEMBL4859647,COc1cc2c(cc1OC)C(=O)C(CC1(F)CCN(Cc3ccccc3F)CC1)C2,5.04,IC50,9230.0,nM,1
CHEMBL3703262,NC1=NC2(CO1)c1cc(-c3cnc4[nH]ccc4c3)ccc1OCC21CC1,5.04,IC50,9220.0,nM,1
CHEMBL2380454,COc1cccc(-c2cccc(C3(C)N=C(N)CS3)c2)c1,5.04,IC50,9200.0,nM,1
CHEMBL246464,O=C(CCN1CCCCC1)Nc1ccc(CN2CCC(NC(=O)c3cc(=O)c4ccc(F)cc4o3)CC2)cc1F,5.04,IC50,9180.0,nM,1
CHEMBL3792700,Cc1cc(-n2cnnn2)ncc1CC(=O)N1CCN(CCc2ccc3c(c2C)COC3=O)CC1,5.04,IC50,9100.0,nM,1
CHEMBL2334610,O[C@@H](COc1ccc(C(F)(F)F)cc1)CN1CCN(Cc2ccc(Cl)c(Cl)c2)CC1,5.04,IC50,9200.0,nM,1
CHEMBL4168028,CCC[C@@H](CCO)Nc1nc(N)nc2cc(F)ccc12,5.04,IC50,9100.0,nM,1
CHEMBL2333614,CN1CCC(COCc2cc(C(F)(F)F)cc(C3CC3)n2)(c2cccc(Cl)c2)CC1,5.04,IC50,9200.0,nM,1
CHEMBL2325742,C[C@@H](NC(=O)C1(N)CCN(c2ncnc3[nH]ccc23)CC1)c1ccc(Cl)cc1,5.04,IC50,9092.0,nM,1
CHEMBL3808450,CC(C)(C)c1cc(NC(=O)c2cnc3cc(Oc4ncnc5c4CNC5)ccn23)no1,5.04,IC50,9200.0,nM,1
CHEMBL5915068,CNC[C@H](c1ccc(Cl)c(Cl)c1)[C@H](O)c1ccccc1,5.04,IC50,9100.0,nM,1
CHEMBL225193,COCCOCC#Cc1cc(-c2n[nH]c3c2Cc2cc(CN4CCN(C)CC4)ccc2-3)cs1,5.04,IC50,9190.0,nM,1
CHEMBL5090267,CNC(=O)c1c(-c2ccc3[nH]ccc3c2)oc2ccc(O)c(CN3CCC4(COC4)C3)c12,5.04,IC50,9100.0,nM,1
CHEMBL1089359,Cc1[nH]c2ccccc2c1CC1CCCCN1Cc1ccc(/C=C/C(=O)NO)cc1,5.04,IC50,9100.0,nM,1
CHEMBL1809046,COc1cc(C2CCNCC2)ccc1Nc1ncc(Cl)c(-c2cnc3ccccn23)n1,5.04,IC50,9100.0,nM,1
CHEMBL511658,Cc1ccccc1[C@@H]1CCN(C[C@@H]2CCc3cccnc3[C@@H](O)C2)C[C@H]1C,5.04,IC50,9200.0,nM,1
CHEMBL4456204,O=C(N1CCN(c2ccccc2)CC1)N(c1nccc2ccccc12)[C@@H]1CCCNC1,5.04,Ki,9200.0,nM,1
CHEMBL4095097,COc1ccc(Cn2c(=O)n3ncnc3c3c4c(sc32)CN(CC2CCOCC2)CC4(F)F)cc1,5.04,IC50,9200.0,nM,1
CHEMBL3121151,CCN(CC)[C@@H](C(=O)N1CCC[C@H]1c1ncc(-c2ccc(-c3ccc(-c4cnc([C@@H]5CCCN5C(=O)[C@H](C)NC(=O)OC)[nH]4)cc3)cc2)[nH]1)c1ccccc1,5.04,IC50,9100.0,nM,1
CHEMBL443620,CN1CCN(c2ccc3nc(-c4ccccc4)c(-c4ccc(CN5CCC(c6nnc(-c7ccccn7)[nH]6)CC5)cc4)nc3n2)CC1,5.04,IC50,9100.0,nM,1
CHEMBL1083425,Fc1ccc(C(Cc2ccccc2OC(F)F)N2CCNCC2)cc1,5.04,IC50,9120.0,nM,1
CHEMBL3936443,COc1c(Nc2ncc(Cl)c(N[C@H]3[C@@H](C(N)=O)[C@@H]4C=C[C@H]3C4)n2)ccc2c1CCC[C@H](N1CCN(C)CC1)C2,5.04,IC50,9100.0,nM,1
CHEMBL1822525,COc1cc(N2CCN(C[C@H](C)O)CC2)ccc1Nc1ncc2ccc(-c3ccccc3N(C)S(C)(=O)=O)n2n1,5.04,IC50,9100.0,nM,1
CHEMBL3769968,C=CCOc1cc(F)c(F)cc1C1CC1CN.Cl,5.04,IC50,9100.0,nM,1
CHEMBL5074682,O=C1c2nc3cccc(-c4cccc(F)c4)c3n2CCN1CC1CC1,5.04,IC50,9100.0,nM,1
CHEMBL1834719,CCOC(=O)[C@H]1CC[C@@H](N2CC(NC(=O)CNc3n[nH]c4ccc(C(F)(F)F)cc34)C2)CC1,5.04,IC50,9100.0,nM,1
CHEMBL4435264,CN(C)c1ccc(CNC(=O)[C@H]2CNC[C@@H]2c2ccc(C(F)(F)F)cc2)cc1,5.03,IC50,9410.0,nM,1
CHEMBL470148,Nc1ccc(-c2cccs2)cc1NC(=O)c1ccc(N2CCC3(CCCC3O)CC2)nc1,5.03,Ki,9420.0,nM,1
CHEMBL4215837,C[C@H]1C[C@H]2CSC(N)=N[C@@]2(c2nc(NC(=O)c3ccn(C(F)F)n3)cs2)CO1,5.03,IC50,9300.0,nM,1
CHEMBL5808293,C[C@@H]1Cc2c([nH]c3ccc(F)cc23)[C@@H](c2c(F)cnc(OCCNCCCF)c2F)N1CC(F)(F)CO,5.03,IC50,9400.0,nM,1
CHEMBL551269,CN1C(=O)C=C[C@]2(C)[C@H]3CC[C@]4(C)[C@@H](O)/C(=C/c5cncnc5)C[C@H]4[C@@H]3CC[C@@H]12,5.03,Ki,9400.0,nM,1
CHEMBL4286909,CCCCOc1cccc(CCNCC(=O)N(C)C)c1.Cl,5.03,IC50,9400.0,nM,1
CHEMBL4166593,CCC[C@@H](CCO)Nc1nc(N)nc2ccc(F)cc12,5.03,IC50,9300.0,nM,1
CHEMBL3824323,Cc1nn(C2CCN(CCO)CC2)c(C)c1Nc1ncc(Cl)c(-c2cnn3ccccc23)n1,5.03,IC50,9300.0,nM,1
CHEMBL1957002,Cc1nc2cnc(Oc3ccc(F)c4cccnc34)cc2c(=O)n1C[C@H]1CCCN(C(C)C)C1,5.03,IC50,9400.0,nM,1
CHEMBL3890736,O=C(CCCCc1c[nH]nn1)NC1CCN(C(=O)OCc2cc(Cl)cc(Cl)c2)CC1,5.03,IC50,9300.0,nM,1
CHEMBL2031880,O=C(c1ccc(-c2ccc3c(c2)CCN(CCN2CCCC2)C3=O)cc1Cl)N1CCCC1,5.03,IC50,9300.0,nM,1
CHEMBL3754299,COc1ccc2ncc(F)c(CC(=O)C34CCC(NCc5ccc6c(n5)NC(=O)CO6)(CC3)CO4)c2n1,5.03,IC50,9400.0,nM,1
CHEMBL387971,COCCOCC#Cc1cc(-c2n[nH]c3c2C(=O)c2cc(CN4CCN(C)CC4)ccc2-3)cs1,5.03,IC50,9400.0,nM,1
CHEMBL1822443,CCN(CC)C1(CNC(=O)N2CCC(c3nc(-c4ccc5ccccc5n4)no3)CC2)CCCC1,5.03,IC50,9400.0,nM,1
CHEMBL2164384,O=C(NCc1ccc(Br)cc1)C1c2ccccc2C(=O)N1CCc1ccccn1,5.03,IC50,9300.0,nM,1
CHEMBL1809064,COc1cc(N2CCN(CCS(C)(=O)=O)CC2)ccc1Nc1ncc(Cl)c(-c2cnc3ccccn23)n1,5.03,IC50,9400.0,nM,1
CHEMBL4862137,CCS(=O)(=O)c1ccc(C(NC(=O)OC)C(=O)Nc2ccc(C(O)(C(F)(F)F)C(F)(F)F)cc2)nc1,5.03,IC50,9300.0,nM,1
CHEMBL4078730,CNc1nccc(N2CCC3(CCN(C[C@H](O)c4ccc5c(c4C)COC5=O)CC3)C2=O)n1,5.03,IC50,9400.0,nM,1
CHEMBL1779011,COc1cc(F)ccc1-c1cncc(NC2CCCOC2)c1,5.03,IC50,9400.0,nM,1
CHEMBL1923114,O=C([C@H]1CNCC[C@@]12OCc1cc(F)c(F)cc12)N(Cc1ccc(Cl)cc1Cl)C1CC1,5.03,Ki,9300.0,nM,1
CHEMBL3703255,CC#Cc1cncc(-c2ccc3c(c2)C2(COC(N)=N2)C2(COC2)CO3)c1,5.03,IC50,9400.0,nM,1
CHEMBL2059312,O=C1CCc2ccccc2N1OCCN1CCC(n2c(=O)[nH]c3ccccc32)CC1,5.03,IC50,9300.0,nM,1
CHEMBL5909111,Cn1cc(Cn2cc(-c3cccc(S(C)(=O)=O)c3)cn2)cn1,5.03,IC50,9330.0,nM,1
CHEMBL3357997,C[C@@H]1CN(c2nnc(C(F)(F)F)o2)CCN1c1ncc(OCc2ccc(S(C)(=O)=O)cc2)cn1,5.03,IC50,9400.0,nM,1
CHEMBL5907652,CC(=O)N[C@@H](CCN1C2CCC1CC(n1c(C)nnc1C(C)C)C2)c1cccs1,5.03,IC50,9450.0,nM,1
CHEMBL239099,N#Cc1ccc(C(=O)N2CCN(c3ccc(OC4CCN(C5CCC5)CC4)cc3)C(=O)C2)cc1.O=CO,5.03,IC50,9332.54,nM,1
CHEMBL1809074,COc1cc(N2CCN(C(=O)[C@H](C)N)CC2)ccc1Nc1ncc(Cl)c(-c2cnc3ccccn23)n1,5.03,IC50,9400.0,nM,1
CHEMBL2325740,COCCC(NC(=O)C1(N)CCN(c2ncnc3[nH]ccc23)CC1)c1ccc(Cl)cc1,5.03,IC50,9369.0,nM,1
CHEMBL4591849,COc1cc([C@](O)(CCN(C)C)[C@H](c2cc(OC)nc(N(C)C)c2)c2cc3cc(C#N)ccc3nc2OC)cc(OC)n1,5.03,IC50,9400.0,nM,1
CHEMBL3408388,CCOC(=O)c1nn(-c2ccc(C)cc2)/c(=N/c2nc(-c3ccccc3)cc(-c3ccccc3)c2C#N)s1,5.03,IC50,9300.0,nM,1
CHEMBL5940672,CCN(CCN1CCC(c2noc3ccc(C)cc23)CC1)C(=O)[C@H](C)O,5.02,IC50,9600.0,nM,1
CHEMBL5929452,CNC[C@H](c1ccc2ccccc2c1)[C@H](F)c1ccccc1,5.02,IC50,9500.0,nM,1
CHEMBL5081320,O=C1c2nc3cccc(-c4ccc(F)cc4)c3n2CCN1CC1CC1,5.02,IC50,9600.0,nM,1
CHEMBL4228258,COc1ccc2nccc(CC[C@H]3OC[C@H](NCc4cc5c(cn4)OCCO5)CO3)c2c1,5.02,IC50,9500.0,nM,1
CHEMBL5978538,C[C@@H]1Cc2c([nH]c3ccccc23)[C@@H](c2c(F)ccc(OCCNCCCF)c2F)N1CC(F)(F)F,5.02,IC50,9600.0,nM,1
CHEMBL5091768,O=C1c2nc3cccc(-c4ccc(Cl)cc4)c3n2CCN1CC1CC1,5.02,IC50,9500.0,nM,1
CHEMBL5087458,CCC(=O)N(CC1(N2CCN(CCOCC(C)C)CC2)CCOCC1)c1cccc(C(F)(F)F)n1,5.02,IC50,9500.0,nM,1
CHEMBL5877282,CNCC(Cc1ccccc1O)c1ccc2ccccc2c1,5.02,IC50,9500.0,nM,1
CHEMBL4870761,COc1ccc(-c2ccc(C(=O)O)cc2C)cc1-c1cnc(N(C)C)nc1CN1C(=O)O[C@H](c2cccc(C(F)(F)F)c2)[C@@H]1C,5.02,IC50,9600.0,nM,1
CHEMBL559045,COc1ccc([C@@H](C)N[C@@H]2CC[C@@H](C(=O)N3CCC(c4ccccc4)(c4cccnc4)CC3)C(C)(C)C2)cc1,5.02,IC50,9600.0,nM,1
CHEMBL2440407,COC(=O)C(Cc1c[nH]c2ccccc12)NS(=O)(=O)c1ccc(OC2CCCC2)cc1,5.02,IC50,9560.0,nM,1
CHEMBL6006180,FC(F)(F)c1ccc(C(F)(F)CN2CCC(Nc3ncnc4[nH]ccc34)CC2)nc1,5.02,IC50,9500.0,nM,1
CHEMBL4862584,CCC(NC(=O)c1ccc(Cl)cc1)[C@H]1[C@@H]2C[C@@H](n3cnc4cc(Cl)c(Cl)cc43)C[C@@H]21,5.02,IC50,9600.0,nM,1
CHEMBL4216862,Nc1nc(Nc2cnn(C3CC3)c2)nc(-c2cccc(-n3ccc4cc(C5CC5)cc(F)c4c3=O)c2CO)n1,5.02,IC50,9500.0,nM,1
CHEMBL3964512,Cn1c(SCCCN2CC[C@]3(C[C@@H]3c3ccc(C(F)(F)F)cc3)C2)nnc1C1=CCC(=O)N=C1,5.02,IC50,9549.93,nM,1
CHEMBL4215846,Cn1cnc(-c2ccc(OC3CCN(C(=O)Cc4ccc(OC(F)(F)F)cc4)CC3)c(C(N)=O)c2)c1,5.02,IC50,9500.0,nM,1
CHEMBL2414773,O=C(N[C@@H]1CC[C@H]2CN(Cc3cccc(C(F)(F)F)c3)C[C@H]21)C(C1CCCCC1)C1CCCCC1,5.02,Ki,9520.0,nM,1
CHEMBL4075319,COc1nsc(N2CCC3(CCN(C[C@H](O)c4ccc5c(c4C)COC5=O)CC3)C2=O)n1,5.02,IC50,9600.0,nM,1
CHEMBL4867297,CC(C)Oc1cc(CCC(C)(C)N2Cc3cccc(F)c3C2)ccc1O,5.02,IC50,9600.0,nM,1
CHEMBL3972449,Cc1cc(OC(F)F)cnc1C(=O)Nc1csc([C@]23CO[C@@H](C)C[C@H]2CSC(N)=N3)n1,5.02,IC50,9600.0,nM,1
CHEMBL2207501,Cc1nc(CN2CCN(c3c(Cl)cnc4[nH]c(-c5cn(C)nc5C)nc34)CC2)no1,5.02,IC50,9500.0,nM,1
CHEMBL240841,O=S(=O)(c1ccc(F)cc1)c1ccc(/C=C/c2ccc(F)cc2)nc1,5.02,Ki,9500.0,nM,1
CHEMBL2333622,CC(C)CN(CC(C)C)c1cc(C(F)(F)F)cc(COCC2(c3ccc(F)cc3)CCN(C)CC2)n1,5.02,IC50,9500.0,nM,1
CHEMBL4076191,CC1(C)[C@H](Nc2c(C(N)=O)cnn3cc(-c4ccccc4F)cc23)CC[C@]1(C)N,5.02,IC50,9600.0,nM,1
CHEMBL1809073,CNCC(=O)N1CCN(c2ccc(Nc3ncc(Cl)c(-c4cnc5ccccn45)n3)c(OC)c2)CC1,5.02,IC50,9500.0,nM,1
CHEMBL2203775,Cc1cc(CN2CCN(c3c(Cl)cnc4[nH]c(-c5cccc(N6CCN(C)CC6)c5)nc34)CC2)no1,5.02,IC50,9500.0,nM,1
CHEMBL4741307,O=C(N[C@H]1CCN(C2CCCC2)C[C@@H]1C(=O)NC1(c2ncccn2)CC1)c1cc(-c2ccc(F)cc2F)on1,5.02,IC50,9600.0,nM,1
CHEMBL2031885,C[C@@H]1CCCN1CCN1CCc2cc(-c3ccc(C(=O)N4CCCC4)cc3)ccc2C1=O,5.02,IC50,9600.0,nM,1
CHEMBL560140,C[C@@H]1CCCN1CCc1ccc(-c2ccc(S(=O)(=O)N3CCS(=O)(=O)CC3)cc2)cc1,5.02,IC50,9500.0,nM,1
CHEMBL560667,Cc1c(CN[C@H]2CC[C@@H](F)C2)nn(CCC#N)c1-c1cc(F)cc(F)c1,5.02,IC50,9500.0,nM,1
CHEMBL43819,CN1CCCC(c2c(-c3ccccc3)[nH]c3ccccc23)C1,5.02,Ki,9600.0,nM,1
CHEMBL4778917,CCCc1nn(-c2nc(N)c3c(n2)NC(=O)C3(C)C)c2ccc(Cl)cc12,5.02,IC50,9600.0,nM,1
CHEMBL575023,Fc1ccc(-c2cc3sc(N4CCC(N5CCCCC5)CC4)nc3cn2)cn1,5.02,IC50,9607.84,nM,1
CHEMBL4592805,N=C(N)NC[C@H](Oc1noc2ccc(-c3ccccc3Cl)cc12)c1ccccc1,5.02,IC50,9500.0,nM,1
CHEMBL4864480,O=C(Oc1ccc(OCc2ccccc2)cc1)N(Nc1ccccc1)S(=O)(=O)c1ccc(Cl)cc1,5.02,IC50,9600.0,nM,1
CHEMBL1935601,O=S(=O)(c1cccc(F)c1)c1ccc2c3c(oc2c1)C1(CCCOC1)NCC3,5.02,IC50,9600.0,nM,1
CHEMBL1235,CCNCc1cc(Nc2ccnc3cc(Cl)ccc23)ccc1O,5.02,IC50,9500.0,nM,1
CHEMBL1813065,C[C@@H]1CCCN1CCCOc1ccc(-c2cn[nH]c(=O)c2)cc1,5.02,IC50,9500.0,nM,1
CHEMBL368204,CCn1nc(Cc2ccc(OC(C)C)cc2)cc1C1CCN(C[C@H]2CN([C@@H](C(=O)O)C(C)(C)C)C[C@@H]2c2cccc(F)c2)CC1,5.02,Ki,9600.0,nM,1
CHEMBL4555166,CN(C)C(=O)CNCCc1cccc(OCCCCC(F)(F)F)c1.Cl,5.02,IC50,9600.0,nM,1
CHEMBL5759354,CC(C)Oc1cc(CC[C@@H](C)N2Cc3ccc(S(C)(=O)=O)cc3C2)ccc1O,5.02,IC50,9500.0,nM,1
CHEMBL594752,Cc1cc(Nc2ccccc2)nc(NCc2ccc3c(c2)OCO3)n1,5.02,IC50,9500.0,nM,1
CHEMBL1834633,NC(=O)Cc1ccc([C@H]2CC[C@@H](N3CC(NC(=O)CNc4n[nH]c5ccc(C(F)(F)F)cc45)C3)CC2)cc1,5.02,IC50,9500.0,nM,1
CHEMBL3582320,CCc1nc([C@]2(c3cnn(C)c3)N[C@@H](c3nc(-c4ccc(F)cn4)c[nH]3)Cc3c2[nH]c2ccccc32)no1,5.02,IC50,9600.0,nM,1
CHEMBL4107759,O=C(Nc1ccc([C@H]2CNCCO2)cc1)c1ccc(OCC(F)(F)F)nc1,5.01,IC50,9840.0,nM,1
CHEMBL565829,CCc1n[nH]c(CC)c1Oc1cc(C#N)cc(C#N)c1,5.01,IC50,9800.0,nM,1
CHEMBL471414,CC(=O)N1CCC2(CCN(c3ccc(C(=O)Nc4cc(-c5cccs5)ccc4N)cn3)CC2)C1,5.01,Ki,9790.0,nM,1
CHEMBL472252,Cn1cnc(-c2ccc(N)c(NC(=O)c3ccc(N4CCC5(CCNC5)CC4)nc3)c2)c1,5.01,Ki,9800.0,nM,1
CHEMBL2181492,COc1ccc(-c2cc(-c3ccc(S(=O)(=O)N(C)C)cc3)cnc2N)cn1,5.01,IC50,9700.0,nM,1
CHEMBL5817730,CNCC(c1ccc(Cl)c(Cl)c1)[C@H](O)c1ccccc1,5.01,IC50,9800.0,nM,1
CHEMBL5994278,CNC[C@H](c1ccc2ccccc2c1)[C@@H](Cl)c1ccccc1,5.01,IC50,9800.0,nM,1
CHEMBL5925044,O=C(Nc1ccc([C@H]2CNCCO2)cc1)c1coc(-c2ccccc2)n1,5.01,IC50,9650.0,nM,1
CHEMBL246819,O=C1CCc2cc(C(O)CN3CCC(O)(c4cccc(F)c4)CC3)ccc2N1,5.01,IC50,9800.0,nM,1
CHEMBL3330823,COc1ccc(-n2cnc3c(-c4ccccc4C)csc3c2=O)cc1,5.01,IC50,9870.0,nM,1
CHEMBL2017103,O[C@]1(c2ccc(F)c(F)c2)CCNC[C@@H]1c1cc(-c2c(Cl)cccc2Cl)on1,5.01,Ki,9800.0,nM,1
CHEMBL2164363,O=C(NCc1ccc(OC(F)(F)F)cc1)C1c2ccccc2C(=O)N1CC(F)(F)c1ccccn1,5.01,IC50,9700.0,nM,1
CHEMBL2159347,COc1ccc2cc(-c3cc(-c4cc(Cl)ccc4Cl)nn3[C@@H](C)c3ccc(C(=O)NCCC(=O)O)cc3)ccc2c1,5.01,IC50,9700.0,nM,1
CHEMBL507204,CN1CCN(c2ncc3cc(-c4ccccc4)c(-c4ccc(CN5CCC(c6nnc(-c7cc[n+]([O-])cc7)[nH]6)CC5)cc4)nc3n2)CC1,5.01,IC50,9800.0,nM,1
CHEMBL4527910,Cc1cccnc1N(C(=O)N1CCC(c2ccccc2F)CC1)[C@@H]1CCCNC1,5.01,Ki,9800.0,nM,1
CHEMBL2204253,O=C(CNC(=O)c1cccc(C(F)(F)F)c1)NC1CN([C@H]2CC[C@@](O)(c3ccc(OC4CCC4)nc3)CC2)C1,5.01,IC50,9800.0,nM,1
CHEMBL3785102,COc1ccc(-c2nnc(C(=O)N3CC(Oc4ccc(CN5CCOCC5)c(OC)c4)C3)o2)cc1,5.01,IC50,9800.0,nM,1
CHEMBL3218118,N#Cc1ccc(OCC2(O)CN(S(=O)(=O)c3ccc(Cl)cc3Cl)C2)cc1F,5.01,IC50,9670.0,nM,1
CHEMBL3329684,COc1ccc(C(=O)NC(=O)Nc2ccc3c(c2)NC(=O)/C3=C\c2[nH]c(C)c(C(=O)NCCN3CCCC3)c2C)c(F)c1,5.01,IC50,9670.0,nM,1
CHEMBL493517,COc1cccc(C(=O)N(c2ccccn2)C2CCN(c3cc(N)ccn3)CC2)c1,5.01,Ki,9690.0,nM,1
CHEMBL186482,COC(=O)Cc1ccc(CNC(=O)[C@@H]2CSCN2C(=O)CC(N)Cc2ccccc2F)cc1.O=C(O)C(F)(F)F,5.01,IC50,9700.0,nM,1
CHEMBL3215850,Cc1c(Cl)cccc1N1CCN(CCCNC(=O)c2nc(-c3ccccc3)n(-c3ccccc3)c2Cn2cncn2)CC1.Cl.Cl.Cl,5.01,IC50,9800.0,nM,1
CHEMBL195235,O=C(c1ccccc1OCc1csc(-c2ccc(Cl)cc2)n1)N1CCCC1,5.01,IC50,9800.0,nM,1
CHEMBL2069510,CC(=O)N1CCC(C2N[C@@H](c3nc(-c4ccccc4)c[nH]3)Cc3c2[nH]c2ccccc32)CC1,5.01,IC50,9800.0,nM,1
CHEMBL4578698,C[C@@H]1OCC2(CCN(c3nc(N)c(Sc4ccnc(C5CC5)c4Cl)c(=O)n3C)CC2)[C@@H]1N,5.01,IC50,9800.0,nM,1
CHEMBL4794903,CC(C)n1cc(C(=O)c2cncc(NC(=O)Cc3ccc(C#N)cc3)c2)c2c(N)ncnc21,5.01,Ki,9700.0,nM,1
CHEMBL651,CCC(=O)C(CC(C)N(C)C)(c1ccccc1)c1ccccc1,5.01,IC50,9772.37,nM,1
CHEMBL1957789,COCC(F)(F)COCc1ccc([C@@]2(O)CCNC[C@@H]2c2ccc(-c3ccccc3CCNC(C)=O)cc2C)cc1,5.01,IC50,9800.0,nM,1
CHEMBL3703266,COc1ccnc(-c2ccc3c(c2)C2(COC(N)=N2)C2(COC2)C(C)(C)O3)c1,5.01,IC50,9770.0,nM,1
CHEMBL471623,Cc1cccc(C)c1C(=O)N1CCC(N2CC[C@@H](N(Cc3ccccc3)C(=O)C3CC3)C2)CC1,5.01,IC50,9800.0,nM,1
CHEMBL1829623,CN(C)c1ncc([C@H]2CC[C@H](N3CC(NC(=O)CNC(=O)c4cccc(C(F)(F)F)c4)C3)CC2)cn1,5.01,IC50,9800.0,nM,1
CHEMBL1809049,COc1cc(OC2CCN(C(C)=O)CC2)ccc1Nc1ncc(Cl)c(-c2cnc3ccccn23)n1,5.0,IC50,10000.0,nM,1
CHEMBL3926999,COC1CCC2(CC1)Cc1ccc(C#N)cc1C21N=C(N)N(CC2CCCO2)C1=O,5.0,IC50,10000.0,nM,1
CHEMBL484740,Cc1nc2ccccc2c(=O)n1-c1ccc(OC2CCC(N3CCCC3)C2)cc1,5.0,IC50,10000.0,nM,1
CHEMBL3964723,CC[C@@H](NC(=O)c1cc(C(=O)N2CCC[C@@H]2C)n2c1COCC2)c1ccc(Cl)c(Cl)c1,5.0,IC50,10000.0,nM,1
CHEMBL5094466,CO[C@]1(C)C[C@H](O[C@H]2[C@H](C)[C@@H](O[C@@H]3O[C@H](C)C[C@H](N(C)C)[C@H]3O)[C@](C)(O)C[C@@H](C)CN(C)C(=O)C[C@@H](Cc3ccc(NC(=O)[C@H](Cc4ccccc4Cl)NC(=O)Nc4ccccc4)cc3)NC(=O)[C@H](C(C)C)NC(=O)[C@@H]2C)O[C@@H](C)[C@@H]1O,5.0,IC50,10000.0,nM,1
CHEMBL5091803,O=C(c1c(-c2ccc(O)cc2)oc2ccc(O)c(CN3CCC4(COC4)C3)c12)N1CC(F)C1,5.0,IC50,10100.0,nM,1
CHEMBL1834785,Cn1nc(NCC(=O)NC2CN([C@H]3CC[C@@H](c4ccccc4)CC3)C2)c2cc(C(F)(F)F)ccc21,5.0,IC50,10000.0,nM,1
CHEMBL403774,C[C@@H](Oc1cccc2ncnc(Nc3ccc(OCc4ccccn4)c(Cl)c3)c12)C(=O)N1CCOCC1,5.0,IC50,10000.0,nM,1
CHEMBL2017291,COc1cc2c(cc1-c1c(C)noc1C)ncc1[nH]c(=O)n([C@H](C)c3ccccn3)c12,5.0,IC50,10000.0,nM,1
CHEMBL1809054,COc1cc(CN2CCOCC2)ccc1Nc1ncc(Cl)c(-c2cnc3ccccn23)n1,5.0,IC50,9900.0,nM,1
CHEMBL3908640,O=S1(=O)CCC(CNc2ccc3ncc(-c4cccc(OC(F)(F)F)c4)n3n2)CC1,5.0,IC50,10000.0,nM,1
CHEMBL255968,C[C@H](Oc1cccc2ncnc(Nc3ccc(OCc4ccccn4)c(Cl)c3)c12)C(=O)N(C)C,5.0,IC50,10000.0,nM,1
CHEMBL5896826,Fc1cc(Cl)cnc1C(F)(F)CN1CCC(Nc2ncnc3[nH]ncc23)CC1,5.0,IC50,10000.0,nM,1
CHEMBL1091664,Cc1ccc(OC(=O)N(CC(=O)O)Cc2cccc(OCc3nc(-c4ccc(Cl)cc4)sc3C)c2)cc1,5.0,IC50,10000.0,nM,1
CHEMBL3688394,O=C1Cc2cc(OC[C@@H](O)CN3CCN(c4ccc(Cl)cc4)CC3)ccc2N1,5.0,Ki,10000.0,nM,1
CHEMBL17350,C[C@@H]([C@@H](O)c1ccc(O)cc1)N1CCC(O)(c2ccccc2)CC1,5.0,IC50,10000.0,nM,1
CHEMBL404852,CC(C(O)c1ccc2c(c1)CCC(=O)N2)N1CCC(O)(c2cccc(F)c2)CC1,5.0,IC50,10000.0,nM,1
CHEMBL2435853,Cc1nc(Oc2ccc(C(=O)O)cc2)ccc1CN1CCC(N2C(=O)N(C3CCOCC3)C[C@H]2c2cccc(Cl)c2)CC1,5.0,IC50,9900.0,nM,1
CHEMBL4873416,COc1ccc(-c2ccc(C(=O)O)cc2C)cc1-c1ccc(C(F)(F)F)cc1CN1C(=O)O[C@H](c2cc(C(F)(F)F)cc(C(F)(F)F)c2)[C@@H]1C,5.0,IC50,10000.0,nM,1
CHEMBL1822862,CN(C)C1CCC(c2ccc(OCCCN3CCCCC3)cc2)CC1,5.0,Ki,10000.0,nM,1
CHEMBL4798032,Nc1ncc(-c2ccc(C(=O)N3CCNCC3)cc2)nc1-c1ccc(C(F)(F)F)cc1,5.0,IC50,10000.0,nM,1
CHEMBL4785725,CN1CCC(COc2cc(NC(=O)N3CCCc4cc(C(F)F)c(C=O)nc43)ncc2C#N)CC1,5.0,IC50,10000.0,nM,1
CHEMBL561396,Cc1ccc(-n2c(-c3ncccc3Cl)nc(CNC3CCCC3)c2C(C)C)cn1,5.0,IC50,9900.0,nM,1
CHEMBL3218885,Cc1ccccc1-c1nc2cn(-c3cccc(Cl)c3)nc2c(=O)n1CC1CCCN(C(C)C)C1,5.0,IC50,10000.0,nM,1
CHEMBL1823042,O=C(C1CC(Oc2cccc(F)c2)CN1)N1CCCN(C2CCC2)CC1,5.0,IC50,10000.0,nM,1
CHEMBL4788347,COc1cc(F)ccc1-c1nc(Nc2ccc3c(N4CCOCC4)c(C(C)=O)c(=O)oc3c2)ncc1F,5.0,IC50,10080.0,nM,1
CHEMBL4875315,Cc1c(N2CC[C@@H](C3(N)CC3)C2)c(F)cc2cc(C(N)=O)c(=O)n(C3CC3)c12,5.0,IC50,10000.0,nM,1
CHEMBL4867915,Cc1c(N2CC[C@@H](C3(N)CC3)C2)c(F)cc2cc(-c3n[nH]c(=O)o3)c(=O)n(C3CC3)c12,5.0,IC50,10000.0,nM,1
CHEMBL273165,Cc1ccc2c(-c3nnc(SCCC(C)N4CCc5cc6nc(C)oc6c(Br)c5CC4)n3C)cccc2n1,5.0,IC50,10000.0,nM,1
CHEMBL4247149,Cc1ccn(-c2cccc([C@H](CC(=O)O)CN3CC[C@@H](CCc4ccc5c(n4)NCCC5)C3)c2)n1,5.0,IC50,10000.0,nM,1
CHEMBL269995,Cc1nc2cc3c(cc2o1)CCN(CCCSc1nnc(-c2ccc(F)c(F)c2)n1C)CC3,5.0,IC50,10000.0,nM,1
CHEMBL4247617,Cc1cnn(-c2cccc([C@H](CC(=O)O)CN3CC[C@@H](CCc4ccc5c(n4)NCCC5)C3)c2)c1,5.0,IC50,10000.0,nM,1
CHEMBL272702,CC(=O)N1CCOc2cc3c(cc21)CCN(CCCSc1nnc(-c2cccc4nc(C)ccc24)n1C)CC3,5.0,IC50,10000.0,nM,1
CHEMBL4845770,Cc1nc2c(cnn2-c2csc(C(=O)NC3COC3)c2)cc1Nc1c(F)cccc1Cl,5.0,IC50,10000.0,nM,1
CHEMBL1809060,COc1cc(N2CC3COCC(C2)N3)ccc1Nc1ncc(Cl)c(-c2cnc3ccccn23)n1,5.0,IC50,10000.0,nM,1
CHEMBL4859064,CC[C@@H](NC(=O)c1ccc(Cl)cc1)[C@H]1[C@@H]2C[C@@H](n3cnc4ccc(F)cc43)C[C@@H]21,5.0,IC50,9900.0,nM,1
CHEMBL2441426,Cc1cc(CCN2CCN(C(=O)Cc3ccc(-n4cnnn4)cc3)CC2)cc2c1C(=O)OC2,5.0,IC50,10000.0,nM,1
CHEMBL2380455,COc1ccc(C2(c3cccc(-c4cccnc4)c3)N=C(N)CS2)cc1,5.0,IC50,10000.0,nM,1
CHEMBL2382414,N#Cc1cnccc1COc1cnc(N2CCN(C(=O)OCC(F)(F)F)CC2)nc1,5.0,IC50,10000.0,nM,1
CHEMBL2382345,COc1ccc2nccc([C@@H](O)CC[C@@H]3CCN(C4CC(c5cc(F)ccc5F)C4)C[C@@H]3C(=O)O)c2c1,5.0,IC50,9970.0,nM,1
CHEMBL1084827,Cc1c(-c2ccc3cc(CCN4CCC[C@H]4C)ccc3n2)cnn1C,5.0,Ki,10000.0,nM,1
CHEMBL1085828,C[C@@H]1CCCN1CCc1ccc2nc(-c3cncnc3)ccc2c1,5.0,Ki,10000.0,nM,1
CHEMBL4212425,Cc1cc(-n2cc3c(n2)CN(C(=O)c2cc(C#N)ccc2-c2cccc(F)c2)C3)ccn1,5.0,IC50,10000.0,nM,1
CHEMBL3964649,Cc1nc(C(=O)O)ccc1-c1nnc(SCCCN2CC[C@]3(C[C@@H]3c3ccc(C(F)(F)F)cc3)C2)n1C,5.0,IC50,10000.0,nM,1
CHEMBL4207171,Cc1cc(-n2cc3c(n2)CN(C(=O)c2cc(C#N)ccc2OC(C)C)C3)ccn1,5.0,IC50,10000.0,nM,1
CHEMBL4215015,Cc1cc(-n2cc3c(n2)CN(C(=O)c2cc(C#N)ccc2O[C@@H](C)C(F)(F)F)C3)ccn1,5.0,IC50,10000.0,nM,1
CHEMBL455427,Cc1ncc(-c2ccnc(Nc3ccc(C(N)=O)c(F)c3)n2)n1C(C)C,5.0,IC50,10000.0,nM,1
CHEMBL3786272,COc1ccc(-c2nnc(C(=O)N3CC(Oc4ccc(CN(C)C)c(C)c4)C3)o2)cc1,5.0,IC50,10000.0,nM,1
CHEMBL549759,CC(=O)n1ccc2cc(N3CCN(CCN4Cc5ccccc5C4)C3=O)ccc21,5.0,IC50,10000.0,nM,1
CHEMBL2207663,Cc1cc(Cl)ccc1OC1CCN(C[C@H](O)CNC(=O)c2c[nH]c(=O)cc2C(F)(F)F)CC1,5.0,IC50,10000.0,nM,1
CHEMBL1084384,C[C@@H]1CCCN1CCc1ccc2nc(-c3cn4c(n3)SCC4)ccc2c1,5.0,Ki,10000.0,nM,1
CHEMBL562176,N#Cc1cc(N2CCN(CCN3Cc4ccccc4C3)C2=O)ccc1F,5.0,IC50,10000.0,nM,1
CHEMBL479383,O=C(CO)NC1CCN(Cc2ccc(Oc3nc4ccccc4s3)cc2)CC1,5.0,IC50,9900.0,nM,1
CHEMBL231196,N[C@H]1CN(c2cnc3nccnc3n2)CC[C@@H]1c1cc(F)c(F)cc1F.O=C(O)C(F)(F)F,5.0,IC50,9900.0,nM,1
CHEMBL5771198,Clc1ccc(-n2cc(Cn3ccnc3Cl)nn2)cc1,5.0,IC50,9930.0,nM,1
CHEMBL263101,Cc1nc2ncccc2cc1-c1ccc2cc(CCN3CCC[C@H]3C)ccc2n1,5.0,Ki,10000.0,nM,1
CHEMBL1822852,c1cc(C2=NCCO2)ccc1OCCCN1CCCCC1,5.0,Ki,10000.0,nM,1
CHEMBL1084826,Cc1n[nH]c(C)c1-c1ccc2cc(CCN3CCC[C@H]3C)ccc2n1,5.0,Ki,10000.0,nM,1
CHEMBL4211426,CS(=O)(=O)c1ccc(OCC2CC2)c(C(=O)N2Cc3cn(-c4ccccc4F)nc3C2)c1,5.0,IC50,9900.0,nM,1
CHEMBL4069395,Cc1c(CN2CCOCC2)cc(-c2ccc(C(C)C)cc2)n1-c1ccc(F)cc1,5.0,IC50,10000.0,nM,1
CHEMBL1084582,C[C@@H]1CCCN1CCc1ccc2nc(-c3cn[nH]c3)ccc2c1,5.0,Ki,10000.0,nM,1
CHEMBL1802602,Cn1cc(-c2cnc3ccc4ccc(NS(C)(=O)=O)cc4c(=O)c3c2)cn1,5.0,IC50,10100.0,nM,1
CHEMBL1923119,COCCCc1cc(C)c(C)c(CN(C(=O)[C@H]2CNCC[C@@]23OCc2cc(F)c(F)cc23)C2CC2)c1,5.0,Ki,10000.0,nM,1
CHEMBL3952064,C[C@H]1C[C@H]2CSC(N)=N[C@@]2(c2nc(NC(=O)c3ccc(OC(F)F)cn3)cs2)CO1,5.0,IC50,9900.0,nM,1
CHEMBL1093351,CC(C)(C)c1[nH]c2ccccc2c1C1CCCN(Cc2ccc(/C=C/C(=O)NO)cc2Cl)C1,5.0,IC50,9900.0,nM,1
CHEMBL1092921,O=C(CNC(=O)c1cccc(C(F)(F)F)c1)N[C@@H]1CCN(CCC2CCN(C(=O)c3cc(F)ccc3F)CC2)C1,5.0,IC50,10000.0,nM,1
CHEMBL5828499,C[C@H]1C[C@H]2CSC(NC(=O)c3ccccc3)=N[C@@]2(c2nc(NC(=O)c3ccc(OC(F)F)cn3)cs2)CO1,5.0,IC50,9900.0,nM,1
CHEMBL3979144,O[C@H]1CC[C@H](Nc2ccc3ncc(-c4cccc(C(F)(F)F)c4)n3n2)CC1,5.0,IC50,10000.0,nM,1
CHEMBL2333632,COc1cc(C(F)(F)F)cc(COCC2(c3ccc(F)cc3)CCN(C)CC2)n1,5.0,IC50,9900.0,nM,1
CHEMBL2321996,CN1CC=CC[C@H](c2ccc(Cl)c(Cl)c2)C1,5.0,IC50,10000.0,nM,1
CHEMBL6056553,Cc1ccc(OCCNCCCF)c(C)c1[C@@H]1c2[nH]c3ccccc3c2C[C@@H](C)N1CC(F)(F)F,5.0,IC50,10000.0,nM,1
CHEMBL5424726,Cc1ccc(OCCNCCCF)c(F)c1[C@@H]1c2[nH]c3ccccc3c2C[C@@H](C)N1CC(F)(F)F,5.0,IC50,10000.0,nM,1
CHEMBL2326691,CN1CCCCC(c2ccc(Cl)c(Cl)c2)C1,5.0,IC50,10000.0,nM,1
CHEMBL2326693,OCCN1CC=CC[C@H](c2ccc(Cl)c(Cl)c2)C1,5.0,IC50,10000.0,nM,1
CHEMBL3787462,COc1ccc(-c2nnc(C(=O)N3CCC(Oc4ccc(CN5CC(O)C(C)(C)C5)cc4)CC3)o2)cc1,5.0,IC50,10000.0,nM,1
CHEMBL5765975,C[C@@H]1Cc2c([nH]c3ccccc23)[C@@H](c2nccc(NCCNCCCF)c2F)N1CC(F)(F)F,5.0,IC50,9900.0,nM,1
CHEMBL5766240,Cc1c(OCCNCCCF)ccnc1[C@@H]1c2[nH]c3ccccc3c2C[C@@H](C)N1CC(F)(F)CO,5.0,IC50,10000.0,nM,1
CHEMBL1084581,C[C@@H]1CCCN1CCc1ccc2nc(-c3ccn[nH]3)ccc2c1,5.0,Ki,10000.0,nM,1
CHEMBL4291770,Cc1c(CN2CCOCC2)cc(-c2ccc(C(C)C)cc2)n1C1CCCOC1,5.0,IC50,10000.0,nM,1
CHEMBL4530341,Nc1ncc(-c2ccc(C(=O)N3CCC(N)C3)cc2)nc1-c1ccc(C(F)(F)F)cc1,5.0,IC50,10000.0,nM,1
CHEMBL2204270,O=C(CNC(=O)c1cccc(C(F)(F)F)c1)NC1CN([C@H]2CC[C@@](O)(c3ccc(F)nc3)CC2)C1,5.0,IC50,10000.0,nM,1
CHEMBL3422245,Cc1cc([C@H]2C[C@H]3[C@@H](CF)SC(N)=N[C@@]3(c3ccc(F)cc3F)CO2)on1,5.0,IC50,10100.0,nM,1
CHEMBL4521058,FC(F)(F)c1nc(NCc2ccccn2)c2c(-c3ccccc3)cccc2n1,5.0,IC50,10000.0,nM,1
CHEMBL3740291,CC1(C#N)CN(c2cc(COc3ccc(F)c(F)c3F)nc(-c3ccccn3)n2)C1,5.0,IC50,10000.0,nM,1
CHEMBL4576165,CCOc1ccc2cc(-c3nn(CC4CCN(C)CC4)c4ncnc(N)c34)ccc2n1,5.0,IC50,10000.0,nM,1
CHEMBL4558168,CC(C)Cn1nc(-c2ccc3nc(OC4CC4)ccc3c2)c2c(N)ncnc21,5.0,IC50,10000.0,nM,1
CHEMBL4570737,Cc1ccc(-c2cc3ncncc3c(NC[C@H]3CCCNC3)n2)cc1,5.0,IC50,10000.0,nM,1
CHEMBL3546703,CN(C)c1ccc(-c2cc3nccnc3c(OC[C@H]3CCCNC3)n2)cn1,5.0,IC50,10000.0,nM,1
CHEMBL476373,Cc1nc2ccccc2c(=O)n1-c1ccc(OCCCN2CCCC2)cc1,5.0,IC50,10000.0,nM,1
CHEMBL558,Cc1cccc(C)c1OCC(C)N,5.0,IC50,10000.0,nM,1
CHEMBL478406,Cc1ccc2nc(C)n(-c3ccc(OCCCN4CCCC4)cc3)c(=O)c2c1,5.0,IC50,10000.0,nM,1
CHEMBL477152,COc1cccc2c(=O)n(-c3ccc(OCCCN4CCCC4)cc3)c(C)nc12,5.0,IC50,10000.0,nM,1
CHEMBL475534,CCOC(=O)C1=C(C)NC(C)=C(C(=O)OC)C1c1cccc([N+](=O)[O-])c1,5.0,IC50,10000.0,nM,1
CHEMBL4584911,NC(=O)c1cnc2c(F)cc(-c3cccnc3)cc2c1NC1CCOCC1,5.0,IC50,10000.0,nM,1
CHEMBL477201,COc1ccc2c(=O)n(-c3ccc(OCCCN4CCCC4)cc3)c(C)nc2c1,5.0,IC50,10000.0,nM,1
CHEMBL477991,COc1ccc2nc(C)n(-c3ccc(OCCCN4CCCC4)cc3)c(=O)c2c1,5.0,IC50,10000.0,nM,1
CHEMBL477990,COc1cccc2nc(C)n(-c3ccc(OCCCN4CCCC4)cc3)c(=O)c12,5.0,IC50,10000.0,nM,1
CHEMBL4565089,CCOc1cc([C@](O)(CCN(C)C)[C@@H](c2cc3cc(Br)ccc3nc2OC)c2cccc(OC)c2F)cc(OCC)n1,5.0,IC50,10000.0,nM,1
CHEMBL477356,Cc1nc2cccc(F)c2c(=O)n1-c1ccc(OCCCN2CCCC2)cc1,5.0,IC50,10000.0,nM,1
CHEMBL1671901,CC(C)(CN1CCC(=C2c3ccc(F)cc3COc3ccccc32)CC1)C(=O)O,5.0,IC50,10000.0,nM,1
CHEMBL3918580,Cc1c(-c2ccc(C(N)=O)c3[nH]c4cc(C(C)(C)O)ccc4c23)cccc1-n1cnc2ccccc2c1=O,5.0,IC50,10000.0,nM,1
CHEMBL521523,C[C@H]1CN(Cc2cccc(-c3cc(CNC(=O)c4cccc(CC5CCNCC5)c4)ccc3F)c2)CCN1,5.0,IC50,10000.0,nM,1
CHEMBL3612924,Cc1c([C@@H](O)CN2CCN(CC(O)c3cc(C4CC4)c(C#N)cn3)CC2)ccc2c1COC2=O,5.0,IC50,10000.0,nM,1
CHEMBL443090,Cc1c(CCN2CCNCC2)ccc2cc(F)ccc12,5.0,Ki,10100.0,nM,1
CHEMBL301992,CC(=O)c1cn(-c2ccc(F)cc2)c2ccc(Cl)cc12,5.0,IC50,10000.0,nM,1
CHEMBL487188,CNCc1cc(OC)c(OC)cc1Oc1ccc(Cl)c(Cl)c1,5.0,IC50,10100.0,nM,1
CHEMBL299590,CC(C)(C)c1ccc2c(ccn2-c2ccc(F)cc2)c1,5.0,IC50,10000.0,nM,1
CHEMBL511815,Cc1ccc2c(N3CCN(CCc4cccc5c4OCC(=O)N5C)[C@H](C)C3)cccc2n1,5.0,Ki,10000.0,nM,1
CHEMBL3911740,Cc1c([C@@H]2CN3CCN(C(=O)Cc4ccc(-n5cnnn5)nc4)C[C@H]3CO2)ccc(F)c1C#N,5.0,IC50,10000.0,nM,1
CHEMBL3891108,Cc1c([C@H]2CN3CCN(C(=O)Cc4ccc(-n5cnnn5)nc4)C[C@H]3CO2)ccc2nonc12,5.0,IC50,10000.0,nM,1
CHEMBL3974889,Cc1c([C@@H]2CN3CCN(C(=O)Cc4cnc(-n5cnnn5)cn4)C[C@H]3CO2)ccc(F)c1C#N,5.0,IC50,10000.0,nM,1
CHEMBL4540341,COC(=O)c1ccc(COc2ccc3nc(N)sc3c2)cc1,5.0,IC50,10000.0,nM,1
CHEMBL95463,Nc1nc2ccc(SC(F)(F)F)cc2s1,5.0,IC50,10000.0,nM,1
CHEMBL55,N=C(N)c1ccc(OCCCCCOc2ccc(C(=N)N)cc2)cc1,5.0,IC50,10000.0,nM,1
CHEMBL592374,Clc1ccc([C@]23CNC[C@H]2C3)cc1Cl,5.0,IC50,10000.0,nM,1
CHEMBL53089,CC(C)c1cn(-c2ccc(F)cc2)c2ccc(Cl)cc12,5.0,IC50,10000.0,nM,1
CHEMBL4568508,CS(=O)(=O)c1cc(-c2ccccc2)cc(S(=O)(=O)c2cnc(CN)s2)c1,5.0,IC50,10000.0,nM,1
CHEMBL4466590,Cc1cnc(Nc2cccnc2F)nc1-c1c[nH]c2c(NC(=O)[C@@H](C)N3CCN(C)CC3)cccc12,5.0,IC50,10000.0,nM,1
CHEMBL1671897,COc1ccc(CC(=O)NCc2ccccc2-c2ccccc2C(=O)NCCc2cccnc2)cc1,5.0,IC50,10000.0,nM,1
CHEMBL4534204,CCOc1cc([C@](O)(CCN(C)C)[C@H](c2ccc(N(CC)CC)nc2)c2cc3cc(Br)ccc3nc2OC)cc(OCC)n1,5.0,IC50,9900.0,nM,1
CHEMBL1819273,Cc1nn2ccccc2c1CCN(Cc1ccc(/C=C/C(=O)NO)cc1)C(C)C,5.0,IC50,10030.0,nM,1
CHEMBL3759969,COC(=O)N1CCC(CN2CC[C@H](NC(=O)c3cc(Cl)c(N)cc3OC)[C@H](OC)C2)CC1,5.0,IC50,10000.0,nM,1
CHEMBL523080,N#Cc1ccc2cc1Oc1ccc3cccc(c3c1)N1CC[C@H](NC(=O)Cc3cncn3C2)C1=O,5.0,IC50,10000.0,nM,1
CHEMBL3758433,COc1cc(N)c(Cl)cc1C(=O)N[C@H]1CCN(CC2CCN(C(=O)CC(C)C)CC2)C[C@H]1OC,5.0,IC50,10000.0,nM,1
CHEMBL4787938,CCS(=O)(=O)c1ccc(CNc2nc3cnc(-c4c(C)ncnc4C4CC4)nc3n([C@@H](C)C3CC3)c2=O)nc1,5.0,IC50,10000.0,nM,1
CHEMBL3290342,COc1ccc2c(ccc(=O)n2CCN2CCC(NCc3cnc(C)c(C#N)c3)CC2)n1,5.0,IC50,10000.0,nM,1
CHEMBL4282893,C=CC(=O)N[C@H]1CCN(c2ccc(C(N)=O)c(Nc3ccc(N4C[C@@H](C)O[C@@H](C)C4)nc3)n2)C1,5.0,IC50,10000.0,nM,1
CHEMBL1822294,O=C(NCC1(N2CCOCC2)CCCC1)N1CCC(c2nc(-c3ccc4ccccc4n3)no2)CC1,5.0,IC50,10000.0,nM,1
CHEMBL1823049,COC(=O)N1CC(Oc2cccc(F)c2)CC1C(=O)N1CCCN(C2CCC2)CC1,5.0,IC50,10000.0,nM,1
CHEMBL3764238,CNCc1cc(C(=O)N[C@@H]2CCc3ccc(Oc4ccnc5c4CCC(=O)N5)cc3C2)cc(C(F)(F)F)c1.Cl.Cl,5.0,IC50,10000.0,nM,1
CHEMBL1823046,N#Cc1ccc(OC2CNC(C(=O)N3CCCN(C4CCC4)CC3)C2)cc1,5.0,IC50,10000.0,nM,1
CHEMBL3237579,CCCc1nc(Nc2cc(NCCN)nnc2C(N)=O)ccc1OC,5.0,IC50,10000.0,nM,1
CHEMBL1823044,O=C(C1CC(Oc2ccc(F)cc2)CN1)N1CCCN(C2CCC2)CC1,5.0,IC50,10000.0,nM,1
CHEMBL4759685,Cc1cn([C@@H](C)[C@H]2CCNC[C@H]2F)c2nc(C(N)=O)cc(Cl)c12,5.0,IC50,10000.0,nM,1
CHEMBL4746428,Cc1cn([C@@H](C)[C@@H]2CCNC[C@@H]2F)c2nc(C(N)=O)cc(Cl)c12,5.0,IC50,10000.0,nM,1
CHEMBL3233058,Cc1cccc(Nc2cc(N[C@@H]3CCCC[C@@H]3N)nnc2C(N)=O)n1,5.0,IC50,10000.0,nM,1
CHEMBL3221519,N#Cc1ccc(NC(=O)[C@H](CN2CC(O)C2)Oc2ncnc3c2cnn3-c2ccccc2Cl)nc1,5.0,IC50,10000.0,nM,1
CHEMBL3221517,O=C(Nc1ccc(Cl)cn1)[C@H](CN1CC(O)C1)Oc1ncnc2c1cnn2-c1ccccc1Cl,5.0,IC50,10000.0,nM,1
CHEMBL3221495,CCOC[C@H](Oc1ncnc2c1cnn2-c1ncccc1Cl)C(=O)Nc1ccc(Cl)cn1,5.0,IC50,10000.0,nM,1
CHEMBL524082,N#Cc1ccc2cc1Oc1ccc3cccc(c3c1)N1CC[C@@H](NC(=O)Cc3cncn3C2)C1=O,5.0,IC50,9900.0,nM,1
CHEMBL4792651,CNC(=O)c1nc(C)n2ccc(Nc3nccc(-n4cc([C@@H]5C[C@@H](F)CN5C)cn4)n3)cc12,5.0,IC50,10000.0,nM,1
CHEMBL502393,Nc1ccc(-c2nnc(C3CCN(Cc4ccc(-c5nc6cc[nH]c(=O)c6cc5-c5ccccc5)cc4)CC3)[nH]2)cn1,5.0,IC50,10000.0,nM,1
CHEMBL1823050,COC(=O)N1CC(Oc2ccc(F)cc2)CC1C(=O)N1CCCN(C2CCC2)CC1,5.0,IC50,10000.0,nM,1
CHEMBL515150,Cc1nc2c(F)cccc2c(=O)n1-c1ccc(OCCCN2CCCC2)cc1,5.0,IC50,10000.0,nM,1
CHEMBL3416023,NC(=O)c1ncc(N[C@@H]2CCCC[C@@H]2N)nc1Nc1cccc(-n2nccn2)c1,5.0,IC50,10000.0,nM,1
CHEMBL476323,Cc1nc2cccc(C(F)(F)F)c2c(=O)n1-c1ccc(OCCCN2CCCC2)cc1,5.0,IC50,10000.0,nM,1
CHEMBL4649683,Cc1cnc(-c2ccc(OC(F)(F)F)cc2)n1Cc1ccccc1OCCC[C@@H](C)CC(=O)O,5.0,IC50,10000.0,nM,1
CHEMBL453653,COc1cccc2nc(-c3ccc(OC4CCN(C5CCC5)CC4)cc3)n(C)c(=O)c12,5.0,IC50,10000.0,nM,1
CHEMBL1829624,O=C(CNC(=O)c1cccc(C(F)(F)F)c1)NC1CN([C@H]2CC[C@H](c3ccc(O)cn3)CC2)C1,5.0,IC50,10000.0,nM,1
CHEMBL453892,COc1cccc2c(=O)n(C)c(-c3ccc(OC4CCN(C5CCC5)CC4)cc3)nc12,5.0,IC50,10000.0,nM,1
CHEMBL3342775,O=C(O)[C@H]1CC[C@H](OC2CCN(c3ccc(-c4nc5cc(C(F)(F)F)ccc5[nH]4)cn3)CC2)CC1,5.0,Ki,10000.0,nM,1
CHEMBL507360,COc1nccc2c(=O)n(C)c(-c3ccc(OC4CCN(C5CCC5)CC4)cc3)nc12,5.0,IC50,10000.0,nM,1
CHEMBL3358509,O=C(NCCCCN1CCN(c2ccccc2)CC1)c1ccc2ncccc2c1,5.0,IC50,10000.0,nM,1
CHEMBL4647983,NC(=O)[C@H]1CC[C@@H](c2ccc(OCc3ccccc3F)cc2)N1,5.0,IC50,10000.0,nM,1
CHEMBL4448494,Cc1nc2c(F)cc(-c3nc(Nc4ccc5c(n4)CCN(CCN(C)C)C5)ncc3F)cc2n1C(C)C,5.0,IC50,10000.0,nM,1
CHEMBL1829628,O=C(CNC(=O)c1cccc(C(F)(F)F)c1)NC1CN([C@H]2CC[C@](O)(c3ccccc3)CC2)C1,5.0,IC50,10000.0,nM,1
CHEMBL3318997,COc1cnc2ccc(=O)n(CCN3CCC(c4nc5cc(C#N)c(C)cc5[nH]4)CC3)c2c1,5.0,IC50,10000.0,nM,1
CHEMBL483805,Cc1ncccc1C(=O)N1CC[C@H](NCc2cncn2Cc2ccc(C#N)cc2)C1=O,5.0,IC50,10000.0,nM,1
CHEMBL3318995,COc1cnc2ncc(=O)n(CCN3CCC(c4nc5cc(Cl)c(C)cc5[nH]4)CC3)c2c1,5.0,IC50,10000.0,nM,1
CHEMBL3318984,COc1cnc2ccc(=O)n(CCN3CCN(c4nc5cc(C(F)(F)F)ccc5[nH]4)CC3)c2c1,5.0,IC50,10000.0,nM,1
CHEMBL1784522,Cc1nc2ccccc2n1C1CC2CCC(C1)N2CCC1(c2cccc(F)c2)CCN(C(=O)c2ccc(NS(C)(=O)=O)cc2Cl)CC1,5.0,IC50,10000.0,nM,1
CHEMBL2158776,COc1ccc(C[C@@H](C(=O)O)N2CCC(CN3CCC(Oc4ccc(Cl)c(Cl)c4)CC3)CC2)cc1,5.0,IC50,10000.0,nM,1
CHEMBL4170272,COc1nc2ccc(C(=O)O)cc2cc1C(c1ccccc1)C(O)(CCN(C)C)c1cccc2ccccc12,5.0,IC50,10000.0,nM,1
CHEMBL4159990,COc1nc2ccc(CC(C)=O)cc2cc1C(c1ccccc1)C(O)(CCN(C)C)c1cccc2ccccc12,5.0,IC50,10000.0,nM,1
CHEMBL2158775,COc1ccccc1C[C@@H](C(=O)O)N1CCC(CN2CCC(Oc3ccc(Cl)c(Cl)c3)CC2)CC1,5.0,IC50,10000.0,nM,1
CHEMBL176109,O=S(=O)(c1ccc(N2CCC2)cc1)C1(F)CCN(CCc2ccc(F)cc2F)CC1,5.0,Ki,9971.0,nM,1
CHEMBL360861,Cn1c(NCCN(CCO)CCCc2ccc([N+](=O)[O-])cc2)cc(=O)n(C)c1=O,5.0,IC50,10000.0,nM,1
CHEMBL4167910,COc1nc2ccc(CO)cc2cc1C(c1ccccc1)C(O)(CCN(C)C)c1cccc2ccccc12,5.0,IC50,10000.0,nM,1
CHEMBL2158830,O=C(O)COc1ccc(N2CCC(CN3CCC(Oc4ccc(Cl)c(Cl)c4)CC3)CC2)cc1,5.0,IC50,10000.0,nM,1
CHEMBL2158829,O=C(O)COc1cccc(N2CCC(CN3CCC(Oc4ccc(Cl)c(Cl)c4)CC3)CC2)c1,5.0,IC50,10000.0,nM,1
CHEMBL5861158,COc1cc(CCC(C)(C)N2Cc3cccc(C(=O)N4CCN(C(C)=O)CC4)c3C2)ccc1O,5.0,IC50,10000.0,nM,1
CHEMBL6015969,COc1cc(CCC(C)(C)N2Cc3cccc(C(=O)N(C)CCN(C)C)c3C2)ccc1O,5.0,IC50,10000.0,nM,1
CHEMBL1822849,c1c[nH]c(-c2ccc(OCCCN3CCCCC3)cc2)n1,5.0,Ki,10000.0,nM,1
CHEMBL2171033,O=C(NS(=O)(=O)c1ccccc1)N1CCC(N2CCC(Oc3ccc(Cl)c(Cl)c3)CC2)CC1,5.0,IC50,10000.0,nM,1
CHEMBL2029567,O=C(C1CCN(c2cccc(C(F)(F)F)n2)CC1)N1CC[C@H](N[C@H]2CC[C@@](O)(c3ccc(-c4ncccn4)cn3)CC2)C1,5.0,IC50,10000.0,nM,1
CHEMBL556487,O=C(NC1CC1c1ccccc1)N1CCC(c2nc(-c3ccncc3)no2)CC1,5.0,IC50,10000.0,nM,1
CHEMBL2023928,O=C(Nc1ccc(-c2nnc(NCCCN3CCCCC3)o2)c(F)c1)c1ccccc1F,5.0,IC50,10000.0,nM,1
CHEMBL2021948,O=C(Nc1ccc(-c2nnc(NCCCN3CCCCC3)o2)cc1)c1ccc(F)cc1,5.0,IC50,10000.0,nM,1
CHEMBL2177587,CN1C[C@H](C(=O)Nc2ccc(Cl)cc2)[C@@H](c2ccc(/C=C/C(=O)Nc3ccccc3N)cc2)C1,5.0,IC50,10000.0,nM,1
CHEMBL559237,O=C(C1CCCCN1C(=O)CC1CCN(Cc2ccn(-c3ccc(C(F)(F)F)cc3)c2)CC1)N1CCCC1,5.0,IC50,10000.0,nM,1
CHEMBL3823522,COc1nn(C2CCN(C(C)=O)CC2)cc1Nc1ncc(Cl)c(-c2cnn3ccccc23)n1,5.0,IC50,10000.0,nM,1
CHEMBL1289394,Cc1ccc2c(N3CCN(CCc4cccc5c4ccc(=O)n5C)[C@H](C)C3)cc(F)cc2n1,5.0,Ki,10000.0,nM,1
CHEMBL1171499,CC(Oc1ccc(S(C)(=O)=O)cc1C(=O)N1CCN(c2ccc(C(F)(F)F)cc2)CC1)C(F)(F)F,5.0,IC50,10000.0,nM,1
CHEMBL1169701,CC(Oc1ccc(S(C)(=O)=O)cc1C(=O)N1CCN(c2ncc(C(F)(F)F)cc2Cl)CC1)C(F)(F)F,5.0,IC50,10000.0,nM,1
CHEMBL2069424,Cc1ncc(-c2cccc3c2C[C@H](NC(=O)c2ccc(OCC(F)(F)F)nc2)CO3)cn1,5.0,IC50,10000.0,nM,1
CHEMBL2069411,O=C(N[C@@H]1COc2cccc(-c3ccc(CO)nc3)c2C1)c1ccc(OCC(F)(F)F)nc1,5.0,IC50,10000.0,nM,1
CHEMBL2086690,CC(C)c1nc(N2CCN(c3ncc(OCc4ccncc4C#N)cn3)[C@H](C)C2)no1,5.0,IC50,10000.0,nM,1
CHEMBL1939748,CCOC(=O)Nc1ccccc1[C@@H](c1ccc(C(=O)N(CC)CC)cc1)N1CCN(Cc2ccccn2)CC1,5.0,IC50,9900.0,nM,1
CHEMBL2069404,Cc1ccc(-n2nc(C)c(C(=O)N[C@@H]3COc4cccc(N5CCN(C)CC5)c4C3)n2)c(C)c1,5.0,IC50,10000.0,nM,1
CHEMBL1083274,Cc1nc(C)c(-c2ccc3cc(CCN4CCC[C@H]4C)ccc3n2)o1,5.0,Ki,10000.0,nM,1
CHEMBL563495,Clc1cccc(OC(c2ccccn2)[C@H]2CCNC2)c1Cl,5.0,IC50,10000.0,nM,1
CHEMBL1085783,C[C@@H]1CCCN1CCc1ccc2nc(-c3c(O)ccnc3C(F)(F)F)ccc2c1,5.0,Ki,10000.0,nM,1
CHEMBL1085782,Cc1nc(C)c(-c2ccc3cc(CCN4CCC[C@H]4C)ccc3n2)cc1C(N)=O,5.0,Ki,10000.0,nM,1
CHEMBL1086032,C[C@@H]1CCCN1CCc1ccc2ncccc2c1,5.0,Ki,10000.0,nM,1
CHEMBL1224701,O=S(=O)(Nc1ccc([C@]23CNC[C@H]2C3)cc1)c1ccc(OC(F)(F)F)cc1,5.0,IC50,10000.0,nM,1
CHEMBL4096468,NC1(Cc2nc(-c3ccc(OC(F)(F)F)cc3)c[nH]2)COC1,5.0,IC50,10000.0,nM,1
CHEMBL2147210,COc1ncc(-c2ccccc2CCNC(=O)c2ccc(OCCC(F)(F)F)nc2)cn1,5.0,IC50,10000.0,nM,1
CHEMBL4084347,OC(Cc1cccnc1-c1cccc(C(F)(F)F)c1)(c1cccnc1F)c1cccnc1F,5.0,IC50,10000.0,nM,1
CHEMBL2036780,CCN1CCN[C@@H](C(=O)N2CCN(C(=O)Nc3ccc(Cl)c(Cl)c3)CC2)C1,5.0,IC50,10000.0,nM,1
CHEMBL5774136,CCN(CCN1CCC(c2noc3cc(F)ccc23)CC1)C(=O)C1(O)CCCN(C(C)=O)C1,5.0,IC50,9900.0,nM,1
CHEMBL1288689,CC(C)(O)C(=O)N1CCC(CCN2CCC(N(C(=O)NCc3ccc(C#N)cc3)c3cccc(F)c3)CC2)(c2cccc(F)c2)CC1,5.0,IC50,10000.0,nM,1
CHEMBL3947194,C[C@H]1C[C@H]2CSC(N)=N[C@@]2(c2nc(NC(=O)c3ccc(OC(F)(F)F)cn3)cs2)CO1,5.0,IC50,10100.0,nM,1
CHEMBL1290037,N#Cc1ccc2[nH]c([C@H]3CC[C@]4(CC3)CN(c3ccccc3)C(=O)O4)nc2c1,5.0,IC50,10000.0,nM,1
CHEMBL560584,O=C(NCCc1ccccn1)C1CCN(Cc2ccn(-c3ccc(C(F)(F)F)cc3)c2)CC1,5.0,IC50,10000.0,nM,1
CHEMBL214553,COc1ccc2c(=O)n(CC(CO)NCc3cccnc3)c(C#N)c(-c3ccccc3)c2c1,5.0,IC50,10000.0,nM,1
CHEMBL2179674,Cn1cc2c(OCC3CCN(CCc4ccc(C(=O)O)cc4)CC3)nc3ccccc3c2c1,5.0,IC50,9960.0,nM,1
CHEMBL216314,CN(C)Cc1ccc2c(c1)CC[C@H](N(C)C(=O)c1ccc(-c3ccc(F)cc3)nc1)C2,5.0,IC50,10000.0,nM,1
CHEMBL1762472,CNCC[C@@H](Oc1cc(Cl)ccc1C#N)c1ccccc1.Cl,5.0,IC50,10000.0,nM,1
CHEMBL1086074,C[C@@H]1CCCN1CCc1ccc2nc(-c3cnc4c(c3)OCO4)ccc2c1,5.0,Ki,10000.0,nM,1
CHEMBL2012838,CCC(NCCCC[C@@H](C[C@@H](OC)c1ccc(F)cc1)C(=O)NO)c1ccc(F)cc1,5.0,IC50,10000.0,nM,1
CHEMBL2010848,CN(C(=O)Cc1ccc(-n2cnnn2)cc1)[C@@H]1CCN(Cc2ccc(C(F)(F)F)cn2)C[C@@H]1F,5.0,IC50,10000.0,nM,1
CHEMBL1952113,FC(F)(F)Oc1cccc(-n2nnc3ccc(NCC4CCNCC4)nc32)c1,5.0,IC50,10000.0,nM,1
CHEMBL1290716,Cc1ccc2c(N3CCN(CCc4cccc5c4ccc(=O)n5C)CC3)cccc2n1,5.0,Ki,10000.0,nM,1
CHEMBL2382342,COc1ccc2nccc([C@@H](O)CC[C@@H]3CCN(C4CC(c5cccc(F)c5)C4)C[C@@H]3C(=O)O)c2c1,4.99,IC50,10300.0,nM,0
CHEMBL356066,O=C(/C=C/c1ccc(CN(CCO)CCc2c[nH]c3ccccc23)cc1)NO,4.99,IC50,10300.0,nM,0
CHEMBL4067665,Nc1cccc(C(Cc2cccnc2-c2cc(Cl)cc(Cl)c2)c2cccnc2)n1,4.99,IC50,10200.0,nM,0
CHEMBL2440395,COc1ccc(NC(=O)Cn2cc(CCNS(=O)(=O)c3ccc(OC)cc3)c3ccccc32)cc1,4.99,IC50,10230.0,nM,0
CHEMBL3289799,Nc1nc2ccccc2n1CC(O)c1ccc(Cl)cc1Cl,4.99,IC50,10300.0,nM,0
CHEMBL511625,Nc1ccc(-c2cccs2)cc1NC(=O)c1ccc(N2CCC3(CC2)CNc2ccccc23)nc1,4.99,Ki,10250.0,nM,0
CHEMBL5850711,COc1cncc(OC[C@H]2CCNC2)c1-c1cc(Nc2cnc(C#N)cn2)n[nH]1,4.99,IC50,10300.0,nM,0
CHEMBL4102635,O=S(=O)(Nc1cscn1)c1cc(Cl)c(OCC2NCCC=C2c2ccc(F)cc2)cc1F,4.99,IC50,10300.0,nM,0
CHEMBL4077508,CC1(C)[C@H](Nc2c(C(N)=O)cnn3cc(-c4ccc(F)cc4)cc23)CC[C@]1(C)N,4.99,IC50,10200.0,nM,0
CHEMBL2017562,COc1cc(-c2cn(CC(=O)N3CCC(c4nc5ccccc5o4)CC3)nn2)ccc1-n1cnc(C)c1,4.99,IC50,10300.0,nM,0
CHEMBL1957792,COC(=O)NCCc1ccccc1-c1ccc([C@H]2CNCC[C@@H]2c2ccn(C)c(=O)c2)c(Cl)c1,4.99,IC50,10300.0,nM,0
CHEMBL469811,Fc1ccc2cc(CO[C@@H]3CCNC3)ccc2c1,4.99,Ki,10300.0,nM,0
CHEMBL1080968,O=C(c1cccc(Cl)c1Cl)N(C1CCCC1)[C@H]1CCNC1,4.99,IC50,10300.0,nM,0
CHEMBL4076061,N[C@@H]1CCC=C(c2ccc(F)cc2)[C@H]1COc1cc(F)c(S(=O)(=O)Nc2cscn2)cc1Cl,4.99,IC50,10300.0,nM,0
CHEMBL4793030,CC(C)N1CC=C(c2ccc(/C(=C(/CCCO)c3ccccc3)c3cccc(O)c3)cc2)CC1.Cl,4.99,IC50,10300.0,nM,0
CHEMBL4068841,N#Cc1cccc(-c2cc(F)ccc2CC(c2cccnc2)c2cccnc2)c1,4.99,IC50,10200.0,nM,0
CHEMBL1095200,CN1CCC[C@@H](c2nc3ccccc3n2Cc2ccccn2)C1,4.99,Ki,10336.0,nM,0
CHEMBL595944,Cc1occc1-c1nc(N)c(OC[C@@H](N)Cc2c[nH]c3ccccc23)cc1-c1cnc2[nH]nc(C)c2n1,4.98,IC50,10400.0,nM,0
CHEMBL1223259,CC(C)(C)c1nnc(-c2nn(-c3ccccc3Cl)c(-c3ccc(Br)cc3)c2Cn2cncn2)s1,4.98,IC50,10500.0,nM,0
CHEMBL2181497,COc1ccc(-c2cc(-c3ccc(S(=O)(=O)N4CCN(C)CC4)cc3)cnc2N)cn1,4.98,IC50,10400.0,nM,0
CHEMBL3582328,CCn1cc([C@@]2(c3nnc(S)o3)N[C@@H](c3nc(-c4ccc(F)cn4)c[nH]3)Cc3c2[nH]c2ccccc32)cn1,4.98,IC50,10400.0,nM,0
CHEMBL3950251,N[C@@H]1CN(c2ccncc2Nc2ncc3ccc(-c4c(F)cccc4F)nn23)C[C@H](N)[C@H]1O,4.98,IC50,10400.0,nM,0
CHEMBL4087753,Cc1c([C@@H](O)CN2CCC3(CC2)CN(c2ccc(C#N)cn2)C3)ccc2c1COC2=O,4.98,IC50,10500.0,nM,0
CHEMBL218974,C[C@]1(COc2ccc(OC(F)(F)F)cc2)Cn2cc([N+](=O)[O-])nc2O1,4.98,IC50,10500.0,nM,0
CHEMBL1819272,O=C(/C=C/c1ccc(CNCCc2c(-c3ccccc3)nn3ccccc23)cc1)NO,4.98,IC50,10400.0,nM,0
CHEMBL3605128,O=C1COc2ccc(CNC34CCC(CCc5c(F)cnc6ccc(OCC(CO)CO)nc56)(CC3)OC4)nc2N1,4.98,IC50,10500.0,nM,0
CHEMBL294029,C[C@@H](c1nc(-c2ccc(C#N)cc2)cs1)[C@](O)(Cn1cncn1)c1ccc(F)cc1F,4.98,IC50,10370.0,nM,0
CHEMBL5799344,COc1cncc(OC[C@H](F)CN)c1-c1cc(Nc2cnc(C#N)cn2)n[nH]1,4.98,IC50,10400.0,nM,0
CHEMBL564922,O=C(c1ccc(C2=CC3(CCNCC3)Oc3ccccc32)cc1)N1CCCC1,4.98,IC50,10566.0,nM,0
CHEMBL53821,N#Cc1ccc2cc1Oc1ccc3cccc(c3c1)N1CC[C@H](NCc3cncn3C2)C1=O,4.98,IC50,10499.99,nM,0
CHEMBL4092262,Cc1c([C@@H](O)CN2CCC3(CC2)CCN(c2ccncc2)C3=O)ccc2c1COC2=O,4.98,IC50,10400.0,nM,0
CHEMBL472388,CNCc1cc(C(F)(F)F)ccc1Oc1ccc(C)cc1,4.98,IC50,10400.0,nM,0
CHEMBL5810758,Cc1nnc(C(C)C)n1C1CC2CCC(C1)N2CC[C@H](NC(=O)C1CCC(F)(F)CC1)c1ccsc1,4.98,IC50,10580.0,nM,0
CHEMBL4641354,C[C@H](CN[C@@H](C(=O)Nc1ccc(-c2cnn(C)c2)cn1)c1ccccc1)c1ccc(C#N)cc1,4.98,IC50,10400.0,nM,0
CHEMBL2031876,C[C@@H]1CCCN1C(=O)c1ccc(-c2ccc3c(c2)CCN(CCN2CCCC2)C3=O)cc1,4.98,IC50,10500.0,nM,0
CHEMBL1086275,Fc1cccc(OC(F)F)c1CC(c1ccccc1)N1CCNCC1,4.98,IC50,10400.0,nM,0
CHEMBL2017101,CC(=O)NCCc1ccccc1-c1noc([C@H]2CNCC[C@]2(O)c2ccc(F)c(F)c2)c1Br,4.98,Ki,10500.0,nM,0
CHEMBL4169575,CCc1cc2c(s1)CCN1Cc3ccccc3CC21,4.98,IC50,10500.0,nM,0
CHEMBL3408387,CCOC(=O)c1nn(-c2ccccc2)/c(=N/c2nc(-c3ccccc3)cc(-c3ccccc3)c2C#N)s1,4.98,IC50,10400.0,nM,0
CHEMBL5758329,CCN(CCN1CCC(c2noc3cc(F)ccc23)CC1)C(=O)C1(O)CCOCC1,4.98,IC50,10500.0,nM,0
CHEMBL1083708,FC(F)Oc1ccccc1CC(c1ccccc1)N1CCNCC1,4.97,IC50,10700.0,nM,0
CHEMBL3422235,NC1=N[C@@]2(c3ccc(F)cc3F)CO[C@@H](c3ncco3)C[C@H]2CS1,4.97,IC50,10600.0,nM,0
CHEMBL2164210,CONC(=O)N(Cc1ccsc1)C1CCN([C@H](C)CCNC(=O)c2c(C)cc(C#N)nc2Cl)CC1,4.97,IC50,10800.0,nM,0
CHEMBL4550410,COc1cc([C@](O)(CCN(C)C)[C@H](c2cc(OC)nc(OC(C)C)c2)c2cc3cc(C#N)ccc3nc2OC)cc(OC)n1,4.97,IC50,10600.0,nM,0
CHEMBL2346968,Fc1ccc(CN2CCN(c3ccc4nnc(C(F)(F)F)n4n3)CC2)cc1,4.97,IC50,10715.19,nM,0
CHEMBL6009948,O=C(Nc1ccc([C@H]2CNCCO2)cc1)c1ccn(-c2ccccc2)n1,4.97,IC50,10750.0,nM,0
CHEMBL4082602,COc1ccc2ncc(F)c([C@@H](O)CC[C@@H]3CCN(C4CC(c5ncccc5F)C4)C[C@@H]3C(=O)O)c2c1,4.97,IC50,10700.0,nM,0
CHEMBL3747266,C[C@H]1Cc2c(ncnc2Oc2ccc3c(ccn3C(=O)Nc3cccc(C(F)(F)F)c3)c2)CN1,4.97,IC50,10700.0,nM,0
CHEMBL5753959,COC(=O)c1ccc(-c2ccn3c(CC4CC4(F)F)nnc3c2Cl)c(Cl)c1,4.97,IC50,10750.0,nM,0
CHEMBL1771096,Cc1cnc(N2CCC(C3CCN(c4cc(C)nc(C#N)n4)CC3)CC2)cn1,4.97,IC50,10600.0,nM,0
CHEMBL6010651,COc1cc(Cl)nc(OCCCN)c1-c1cc(Nc2cnc(C#N)cn2)n[nH]1,4.97,IC50,10700.0,nM,0
CHEMBL3663684,Cc1c(-c2ccccc2)n[nH]c1C(=O)Nc1ccc([C@H]2CNCCO2)cc1,4.97,IC50,10780.0,nM,0
CHEMBL4461148,O=C(O)C1(COc2ccc(-c3ccc(-c4nc5cc(Cl)ccc5[nH]4)cn3)cn2)CC1,4.97,Ki,10750.0,nM,0
CHEMBL3354693,NC1=N[C@]2(CO1)c1cc(C3=CCOCC3)ccc1Oc1ccc(-c3cncnc3)cc12,4.97,Ki,10700.0,nM,0
CHEMBL5069500,CN(C)C(=O)c1c(-c2ccc(O)cc2)oc2ccc(O)c(CN3CCC4(COC4)C3)c12,4.97,IC50,10700.0,nM,0
CHEMBL4461166,O=C(O)C[C@H]1CC[C@H](OC2CCN(c3ccc(-c4nc5c(F)cccc5[nH]4)cn3)CC2)CC1,4.97,Ki,10700.0,nM,0
CHEMBL3891461,Cc1nn(C)c(C)c1-c1nc2c(N3CCN(Cc4cccnc4)CC3)c(Br)cnc2[nH]1,4.97,IC50,10800.0,nM,0
CHEMBL2017102,CC(=O)NCCc1ccccc1-c1onc([C@H]2CNCC[C@]2(O)c2ccc(F)c(F)c2)c1Br,4.97,Ki,10700.0,nM,0
CHEMBL3979124,C[C@H]1C[C@H]2CSC(N)=N[C@@]2(c2nc(NC(=O)c3ccc(F)cn3)cs2)CO1,4.97,IC50,10700.0,nM,0
CHEMBL3330811,COc1ccc(-n2cnc3c(-c4ccccc4)csc3c2=O)cc1,4.97,IC50,10800.0,nM,0
CHEMBL4458424,O=C(Nc1cnc(Oc2ccc(F)cc2)nc1)N1CCc2ncccc2[C@@H]1c1ccc(F)cc1,4.97,IC50,10600.0,nM,0
CHEMBL4740533,Cc1nnc(-c2nn(C)c3ccc(Nc4nccc(-n5cc(N[C@@H]6CCOC[C@@H]6N)c(C)n5)n4)cc23)o1,4.96,IC50,11000.0,nM,0
CHEMBL4581355,Cc1c(F)c(Nc2ccc(-c3cn(C)cn3)cn2)cc2c1ncn2CC1CC1,4.96,IC50,11000.0,nM,0
CHEMBL6004869,C[C@@H]1Cc2c([nH]c3ccccc23)[C@@H](c2cc(F)cc(OCCNCCCF)c2F)N1CC(F)(F)F,4.96,IC50,11000.0,nM,0
CHEMBL4748041,CNC(=O)c1nn(C)c2ccc(Nc3nccc(-n4cc(NCC5(N)CC5)c(C)n4)n3)cc12,4.96,IC50,11000.0,nM,0
CHEMBL3753978,COc1ccc2ncc(F)c(C(CO)CC34CCC(NCc5ccc6c(n5)NC(=O)CO6)(CC3)CO4)c2n1,4.96,IC50,11000.0,nM,0
CHEMBL1939752,CCOC(=O)Nc1cccc([C@@H](c2ccc(C(=O)N3CCC3)cc2)N2CCN(Cc3cccnc3)CC2)c1,4.96,IC50,11000.0,nM,0
CHEMBL5959655,Cc1c(OCCNCCCF)ncnc1[C@@H]1c2[nH]c3ccccc3c2C[C@@H](C)N1CC(F)(F)CO,4.96,IC50,11000.0,nM,0
CHEMBL3764377,O=C(O)CN(Cc1cccc(-c2ccccc2OC(F)(F)F)c1)S(=O)(=O)c1ccc(OC(F)F)cc1,4.96,IC50,11000.0,nM,0
CHEMBL4467868,COc1ncc(-c2ccc3ncnc(-c4cccc(C(=O)N5CCN(C)CC5)c4)c3c2)cc1C#N,4.96,IC50,11000.0,nM,0
CHEMBL4758009,CC1(CN2CC[C@H](NC(=O)c3cc(-c4ccc(F)cc4F)on3)[C@@H](C(=O)NC3(c4ncccn4)CC3)C2)CC1,4.96,IC50,11000.0,nM,0
CHEMBL570033,O=C(O)c1ccc(CCCCN2CCC(C(O)(c3ccccc3)c3ccccc3)CC2)cc1,4.96,IC50,11000.0,nM,0
CHEMBL4591401,C[C@H](Nc1c(C(N)=O)cnc2ccc(-c3cccnc3)cc12)c1ccn(C)n1,4.96,IC50,11000.0,nM,0
CHEMBL4482864,COC[C@H]1Cn2cc(-c3nc(Nc4ccnn4C)ncc3C)nc2C(=O)N1Cc1ccc(F)c(F)c1,4.96,IC50,11000.0,nM,0
CHEMBL4755698,C=CC(=O)N1CCC(Cn2cc(-c3ccc4c(c3)OCO4)c3c(N)ncnc32)CC1,4.96,IC50,11100.0,nM,0
CHEMBL4780066,COCCOc1cc(NC(=O)N2CCCc3cc(CN(CCN(C)C)C(C)=O)c(C=O)nc32)ncc1C#N,4.96,IC50,11000.0,nM,0
CHEMBL1951914,CCN(C(=O)Cc1ccc(S(C)(=O)=O)cc1)C1CCN(CC[C@@H](c2cc(F)cc(F)c2)C2CCN(S(C)(=O)=O)CC2)CC1,4.96,IC50,11000.0,nM,0
CHEMBL4791214,O=C(NCc1ccc2c(c1)CCCN2C(=O)c1cccc(Cl)c1)c1ccc(Cl)cc1,4.96,IC50,11000.0,nM,0
CHEMBL487827,O[C@H]1C[C@H](CN2CCC(c3ccccc3)CC2)CCc2cccnc21,4.96,IC50,11000.0,nM,0
CHEMBL567943,CS(=O)(=O)N(Cc1ccc2ccccc2c1)[C@H]1CCNC1,4.96,Ki,11000.0,nM,0
CHEMBL3342770,O=C(O)[C@H]1CC[C@@H](OC2CCN(c3ccc(-c4nc5cc(F)ccc5[nH]4)cn3)CC2)CC1,4.96,Ki,11000.0,nM,0
CHEMBL4297674,CC#CC(=O)N[C@H]1CCCN(c2c(F)cc(C(N)=O)c3[nH]c(C)c(C)c23)C1,4.96,IC50,11000.0,nM,0
CHEMBL4635900,O=C(NCC1CCCO1)c1n[nH]c2ccc(-c3cccc(F)c3F)cc12,4.96,IC50,11000.0,nM,0
CHEMBL3627894,COc1cc2nc([C@@H](CNC(=O)c3c(Cl)cc(-n4cnc(C)n4)cc3Cl)c3cccc(F)c3)[nH]c2cc1Cl,4.96,IC50,10930.0,nM,0
CHEMBL3358012,C[C@@H]1CN(C(=O)OC2(C(F)(F)F)COC2)CCN1c1ncc(OCc2ccc(S(C)(=O)=O)cc2F)cn1,4.96,IC50,11000.0,nM,0
CHEMBL3357999,C[C@@H]1CN(c2nnc(C(F)(F)F)o2)CCN1c1ncc(OCc2ccc(C#N)cc2F)cn1,4.96,IC50,11000.0,nM,0
CHEMBL4464754,Nc1n[nH]c(N2CCC(N(CCc3ccc(Cl)cc3)CC3CCCCO3)CC2)n1,4.96,IC50,11000.0,nM,0
CHEMBL486537,c1ccc(CC2(c3ccc4sccc4c3)CCNC2)cc1,4.96,IC50,11000.0,nM,0
CHEMBL1289203,CCO[C@H]1CN([C@H]2CC[C@@](O)(c3ccc(C)cc3)CC2)C[C@@H]1NC(=O)CNC(=O)c1cccc(C(F)(F)F)c1,4.96,IC50,11000.0,nM,0
CHEMBL4528713,CNC(=O)[C@@H]1C[C@H](N2CCc3c(cccc3OCCC3CC3)C2)CN1C(=O)c1ccc(CN)c(OC)c1,4.96,IC50,11000.0,nM,0
CHEMBL4779699,COC(=O)N(C)c1c(N)nc(-n2nc(Cc3ccccc3Cl)c3ccccc32)nc1N,4.96,IC50,10900.0,nM,0
CHEMBL4641672,O=C(Nc1cc(-c2cn(C3CCOCC3)c3cnccc23)ccn1)N1CCOCC1,4.96,IC50,11000.0,nM,0
CHEMBL4752008,CNC(=O)c1nn(C)c2ccc(Nc3nccc(-n4cc(CN(C)C)c(F)n4)n3)cc12,4.96,IC50,11000.0,nM,0
CHEMBL2031874,CN(C)C(=O)c1ccc(-c2ccc3c(c2)CCN(CCN2CCCC2)C3=O)cc1,4.96,IC50,11000.0,nM,0
CHEMBL470791,Nc1ccc(-c2cccs2)cc1NC(=O)c1ccc(N2CCC3(CC2)CNC3=O)nc1,4.96,Ki,10980.0,nM,0
CHEMBL3747669,C[C@H]1Cc2c(ncnc2Oc2ccc3c(ccn3C(=O)Nc3cc(C(C)(C)C)on3)c2)CN1,4.96,IC50,11100.0,nM,0
CHEMBL4590996,COc1cc(C(O)(CCn2ccnc2)C(c2cc3cc(Br)ccc3nc2OC)c2cccc(OC)c2OC)cc(OC)n1,4.96,IC50,11000.0,nM,0
CHEMBL2031871,O=C(NC1CC1)c1ccc(-c2ccc3c(c2)CCN(CCN2CCCC2)C3=O)cc1,4.96,IC50,11000.0,nM,0
CHEMBL4790838,CCS(=O)(=O)c1ccc(CNc2nc3cnc(-c4c(C)ncnc4C4CC4)nc3n(C(C)C)c2=O)nc1,4.96,IC50,11000.0,nM,0
CHEMBL4783407,O=C(NCCN1CCCC1)c1cc(-c2ccc(S(=O)(=O)N3CCOCC3)cc2)nc2ccc(F)cc12,4.96,IC50,11000.0,nM,0
CHEMBL483810,N#Cc1ccc(Cn2cncc2CN[C@H]2CCN(C(=O)c3cccnc3S)C2=O)cc1,4.96,IC50,11000.01,nM,0
CHEMBL4439823,CC(C)Oc1cc([C@@](Cc2ccccc2)(NC(=O)C(O)C(O)(C(F)(F)F)C(F)(F)F)c2cc(F)cc(OC(F)(F)C(F)F)c2)ccc1F,4.96,IC50,11000.0,nM,0
CHEMBL590791,CNC(C)(C)C(=O)N1CCN(C(=O)c2cc(Cc3c[nH]c(=O)c4cc(Cl)c(Cl)n34)ccc2F)CC1,4.96,IC50,11000.0,nM,0
CHEMBL518922,CC1(c2ccccc2)CCN(C[C@@H]2CCc3cccnc3[C@@H](O)C2)CC1,4.96,IC50,11000.0,nM,0
CHEMBL524909,N#Cc1ccc2cc1Oc1cccc(c1)CN1CC[C@H](NCc3cncn3C2)C1=O,4.96,IC50,11000.01,nM,0
CHEMBL4644729,C[C@@H](Nc1nc2c(cnn2C(C)(C)C)c(=O)n1Cc1ccc(F)cc1)c1ccc(Cl)cc1,4.96,IC50,11000.0,nM,0
CHEMBL515001,Cc1ncc(-c2nc(Nc3ccc(N4CCOCC4)cc3)ncc2F)n1C(C)C,4.96,IC50,11000.0,nM,0
CHEMBL4850005,COc1ccc(-c2ccc(C(=O)O)cc2C)cc1-c1cnc(N(C)C)nc1CN1C(=O)O[C@H](c2cc(F)cc(F)c2)[C@@H]1C,4.96,IC50,11000.0,nM,0
CHEMBL4862077,COc1ccc(-c2ccc(C(=O)O)cc2C)cc1-c1cnc(N2CCOCC2)nc1CN1C(=O)O[C@H](c2cc(C(F)(F)F)cc(C(F)(F)F)c2)[C@@H]1C,4.96,IC50,11000.0,nM,0
CHEMBL3218884,COc1ccc(-n2cc3nc(-c4ccccc4C)n(CC4CCCN(C(C)C)C4)c(=O)c3n2)cc1,4.96,IC50,11000.0,nM,0
CHEMBL6051349,COc1cc(CCC(C)(C)N2Cc3cccc(C(=O)NCCO)c3C2)ccc1O,4.96,IC50,11000.0,nM,0
CHEMBL172806,CCn1nc(Cc2ccc(OC)c(OC)c2)cc1C1CCN(C[C@H]2CN([C@@H](C(=O)O)C(C)(C)C)C[C@@H]2c2cccc(F)c2)CC1,4.96,Ki,11000.0,nM,0
CHEMBL5859046,C[C@H](CCc1ccc(O)c(OC(C)(C)C)c1)N1Cc2ccc(S(C)(=O)=O)cc2C1,4.96,IC50,11000.0,nM,0
CHEMBL2316378,COc1ccc(NC(=O)c2ccc(Cn3ccnn3)c3ccccc23)c(C(=O)NCC2CCOCC2)n1,4.96,IC50,11000.0,nM,0
CHEMBL4877654,CCC(NC(=O)c1ccc(Cl)cc1)[C@H]1[C@@H]2C[C@@H](n3cnc4cccnc43)C[C@@H]21,4.96,IC50,11000.0,nM,0
CHEMBL256060,C[C@H](Oc1cccc2ncnc(Nc3ccc(OCc4ccccn4)c(Cl)c3)c12)C(=O)N(C)CCO,4.96,IC50,11000.0,nM,0
CHEMBL1939737,CCN(CC)C(=O)c1ccc([C@H](c2cccc(NC(=O)C3CC3)c2)N2CCN(Cc3ccc(F)cc3)CC2)cc1,4.96,IC50,11000.0,nM,0
CHEMBL1084617,COc1cccc(C(=O)Nc2ccc(OCCN3CCOCC3)c(-c3ccnn3C)c2)c1,4.96,IC50,11000.0,nM,0
CHEMBL246818,COc1cccc(C2(O)CCN(C(C)C(O)c3ccc4c(c3)CCC(=O)N4)CC2)c1,4.96,IC50,11000.0,nM,0
CHEMBL3301610,CCN1CCN(Cc2ccc(Nc3ncc(F)c(-c4cc(F)c5nc(C)n(C(C)C)c5c4)n3)nc2)CC1,4.96,IC50,10900.0,nM,0
CHEMBL4792482,COc1cc(NC2CN(CCCF)C2)ccc1[C@@H]1c2ccc3[nH]ncc3c2C[C@@H](C)N1CC(F)(F)CO,4.96,IC50,11000.0,nM,0
CHEMBL1923113,O=C([C@H]1CNCC[C@@]12OCc1cc(F)c(F)cc12)N(Cc1cccc(Cl)c1Cl)C1CC1,4.96,Ki,11000.0,nM,0
CHEMBL2164367,CC1(C(=O)NCc2ccc(OC(F)(F)F)cc2)c2ccccc2C(=O)N1CCc1ccccn1,4.96,IC50,11000.0,nM,0
CHEMBL4206272,CS(=O)(=O)N1CCN(C(=O)c2cnc3ccc(F)cc3c2-c2ccc(C3(C#N)CC3)cc2)CC1,4.96,IC50,10940.0,nM,0
CHEMBL4169828,Cn1c(=O)n(C2CCOCC2)c2c3cc(-c4cccnc4)ccc3ncc21,4.96,IC50,11000.0,nM,0
CHEMBL5074531,CNC(=O)c1c(-c2ccc(O)cc2)oc2ccc(O)c(CN3CCC3)c12,4.96,IC50,11000.0,nM,0
CHEMBL382165,O=C([C@@H](O)C1CC1)N1CC(c2cc(F)ccc2F)=C[C@H]1c1ccccc1,4.96,IC50,11000.0,nM,0
CHEMBL2409409,COc1cc2nnc(C(N)=O)c(Nc3ccc(C)cc3F)c2cc1C1CCN(C(C)C)CC1,4.96,IC50,11000.0,nM,0
CHEMBL2409309,CCOc1cc2ncc(C(N)=O)c(Nc3ccc(F)cc3F)c2cc1C1CCN(C)CC1,4.96,IC50,11000.0,nM,0
CHEMBL1289664,CC[C@@](O)(c1cn(Cc2ccc3c(-c4ccc(F)cc4)c(C(N)=O)sc3c2)nn1)C(F)(F)F,4.96,Ki,11000.0,nM,0
CHEMBL429760,Cc1ccc(Oc2ccc(Nc3ncnc4cccc(O[C@@H](C)C(=O)N(C)C)c34)cc2C)cn1,4.96,IC50,11000.0,nM,0
CHEMBL1809048,COc1cc(N2CCCN(C(C)=O)CC2)ccc1Nc1ncc(Cl)c(-c2cnc3ccccn23)n1,4.96,IC50,11000.0,nM,0
CHEMBL6032995,CNC[C@H](c1ccc2ccccc2c1)[C@@H](F)c1ccccc1,4.96,IC50,11000.0,nM,0
CHEMBL2409181,CC(=O)Nc1cc(Nc2cc(NC3CCC3)n3ncc(C#N)c3n2)ccc1C,4.96,IC50,11000.0,nM,0
CHEMBL1934523,COCCCS(=O)(=O)c1ccc(-c2ccc(CCN3CCC[C@H]3C)cc2)cc1,4.96,IC50,11000.0,nM,0
CHEMBL453862,Cc1ncc(-c2nc(Nc3ccc(C(=O)N(C)C)cc3)ncc2F)n1C(C)C,4.96,IC50,11000.0,nM,0
CHEMBL5924087,CCCNC(=O)CO[C@H](c1ccccc1)[C@H](CNC)c1ccc2ccccc2c1,4.96,IC50,11000.0,nM,0
CHEMBL2177906,NC1=NC(c2cccc(-c3cncnc3)c2)(c2ccnc(C(F)(F)F)c2)c2cccc(F)c21,4.96,IC50,11000.0,nM,0
CHEMBL1800769,Cc1ccc(Nc2c(-c3ccc(F)cc3)nc3n2CCN(C(=O)CN)C3)cc1,4.96,IC50,11100.0,nM,0
CHEMBL5885108,CN1CO[C@H](c2ccccc2)[C@@H](c2ccc3ccccc3c2)C1,4.96,IC50,11000.0,nM,0
CHEMBL1086034,C[C@@H]1CCCN1CCc1ccc2nc(C3CC3)ccc2c1,4.96,Ki,11000.0,nM,0
CHEMBL246258,O=C(NCCN1CCCC1)c1ccc(CN2CCC(NC(=O)c3cc(=O)c4ccc(F)cc4o3)CC2)c(Cl)c1,4.96,IC50,11000.0,nM,0
CHEMBL2207500,Cc1nn(C)cc1-c1nc2c(N3CCN(Cc4ncon4)CC3)c(Cl)cnc2[nH]1,4.96,IC50,11000.0,nM,0
CHEMBL1795912,COCCc1cc(Cl)c(Cl)c(CN(C(=O)[C@H]2CNCC[C@@H]2c2ccn(C)c(=O)c2)C2CC2)c1,4.96,Ki,11000.0,nM,0
CHEMBL217875,O=C1CN(CCc2ccc(F)cc2)CCN1[C@H]1CCc2cc(CN3CCOCC3)ccc2C1,4.96,IC50,11000.0,nM,0
CHEMBL1939735,CCN(CC)C(=O)c1ccc([C@H](c2cccc(NC(=O)OC)c2)N2CCN(Cc3cccnc3)CC2)cc1,4.96,IC50,11000.0,nM,0
CHEMBL1796071,COCCCn1cc(CN(C(=O)[C@H]2CNCC[C@@H]2c2ccn(C)c(=O)c2)C2CC2)c2c(Br)cccc21,4.96,Ki,11000.0,nM,0
CHEMBL375131,FC(F)(F)Oc1ccccc1CC(c1ccccc1)N1CCNCC1,4.96,IC50,10900.0,nM,0
CHEMBL2380446,COc1cccc(-c2cccc(C3(C)N=C(N)CCS3)c2)c1,4.96,IC50,11000.0,nM,0
CHEMBL2321998,Clc1ccc(C2CC=CCNC2)cc1Cl,4.96,IC50,11000.0,nM,0
CHEMBL3786572,COc1ccc(-c2nnc(C(=O)N3CCC(Oc4ccc(CN5CCCC5)cc4)CC3)o2)cc1,4.96,IC50,11000.0,nM,0
CHEMBL3787457,O=C(c1nnc(-c2ccccc2)o1)N1CCC(Oc2ccc(CN3CCCC3)cc2)CC1,4.96,IC50,11000.0,nM,0
CHEMBL3099716,CC1(C)OC(=O)N([C@H]2CC[C@H](c3cnc(N)c(-c4ncccn4)c3)CC2)[C@H]1c1ccccc1,4.96,IC50,10900.0,nM,0
CHEMBL4777349,O=C1NCCC12CCN(c1c(Cl)cncc1-c1cc3ccccc3o1)CC2,4.96,IC50,10900.0,nM,0
CHEMBL3219109,Cc1nsc(NC(=O)c2cc(Oc3ccc(C(=O)N4CCC4)cc3)cc(O[C@@H](C)CO)c2)n1,4.96,IC50,11000.0,nM,0
CHEMBL5796076,CNC[C@@H](c1ccc2ccccc2c1)[C@@H](O)c1ccc2c(c1)OCCO2,4.96,IC50,11000.0,nM,0
CHEMBL467533,CCN1CCN(c2cc3[nH]c(C(=O)[C@]4(CC)CC[C@@](C)(O)CC4)nc3cc2Cl)CC1,4.96,IC50,11000.0,nM,0
CHEMBL5838051,CNC[C@@H](c1ccc(Cl)c(Cl)c1)[C@@H](O)c1ccccc1,4.96,IC50,11000.0,nM,0
CHEMBL2164375,CC(C)(C)OC(=O)N1CC(N2C(=O)c3ccccc3C2C(=O)NCc2ccc(OC(F)(F)F)cc2)C1,4.96,IC50,11000.0,nM,0
CHEMBL2031878,O=C(c1ccc(-c2ccc3c(c2)CCN(CCN2CCCC2)C3=O)c(F)c1)N1CCCC1,4.95,IC50,11300.0,nM,0
CHEMBL4293473,O=C(Nc1ccc(Cl)c(Cl)c1)Nc1nccnc1OCc1ccccc1,4.95,IC50,11300.0,nM,0
CHEMBL2204251,CC(C)Oc1ccc([C@]2(O)CC[C@H](N3CC(NC(=O)CNC(=O)c4cccc(C(F)(F)F)c4)C3)CC2)cn1,4.95,IC50,11200.0,nM,0
CHEMBL572153,COc1ccc(CCN2C(=O)N(NS(C)(=O)=O)CC2c2ccc(C)cc2)cc1,4.95,IC50,11200.0,nM,0
CHEMBL3605016,N[C@@H]1COC[C@H]1Oc1ccc2ncc(F)c(CCC34CCC(NCc5ccc6c(n5)NC(=O)CO6)(CC3)CO4)c2n1,4.95,IC50,11300.0,nM,0
CHEMBL1684585,Nc1nc(CC(=O)Nc2ccc(C[C@@H]3CC[C@H]([C@H](O)c4ccccc4)N3)cc2)cs1,4.95,IC50,11200.0,nM,0
CHEMBL3754125,COc1ccc2ncc(F)c([C@H]3OC(=O)O[C@@H]3C34CCC(NCc5ccc6c(n5)NC(=O)CO6)(CC3)CO4)c2n1,4.95,IC50,11200.0,nM,0
CHEMBL1771129,Cc1cccc([C@H]2CC[C@@H](CNC(=O)c3ccc(-c4nc5cc(C#N)cc(C(C)C)c5o4)cc3)CC2)c1,4.95,IC50,11330.0,nM,0
CHEMBL4075121,CN(C/C=C/c1ccc(-c2ccccc2)cc1)Cc1ccc2c(c1)CCO2.Cl,4.95,IC50,11300.0,nM,0
CHEMBL5810858,COc1cncc(OC[C@@H](F)CN)c1-c1cc(Nc2cnc(C#N)cn2)n[nH]1,4.95,IC50,11200.0,nM,0
CHEMBL568294,CC(C)(C)C1(C)Cc2c(CN3CCC4(CC3)CCN(C(=O)c3ccc(N)cn3)CC4)cccc2O1,4.95,IC50,11220.18,nM,0
CHEMBL5968695,COc1cncc(O[C@@H]2CCC[C@H](N)C2)c1-c1cc(Nc2cnc(C#N)cn2)n[nH]1,4.95,IC50,11300.0,nM,0
CHEMBL4094377,CC(C)(NCc1cc([C@]2(C)CCSC(N)=N2)c(F)cc1F)C(F)(F)F,4.95,IC50,11200.0,nM,0
CHEMBL2315941,O=C(CNc1ccnc2ccc(C(F)(F)F)cc12)NC1CN([C@H]2CC[C@@](O)(c3cncs3)CC2)C1,4.95,IC50,11200.0,nM,0
CHEMBL5822809,Cc1cc(F)ccc1-c1ccn2c(CC3CC3(F)F)nnc2c1Cl,4.95,IC50,11210.0,nM,0
CHEMBL4744702,NC(=O)c1cc(Cl)c2cc(-c3cc4c(s3)CNCC4)cnn12,4.95,IC50,11310.0,nM,0
CHEMBL568503,CC1(C)CCc2cc(CN3CCC4(CC3)CCN(C(=O)c3ccncn3)CC4)ccc2O1,4.95,IC50,11220.18,nM,0
CHEMBL2346974,CC(=O)N1CCN(CCOc2ccc(C3CCN(c4ccc5nnc(C(F)(F)F)n5n4)CC3)cc2)CC1,4.95,IC50,11220.18,nM,0
CHEMBL3982112,CC(C)n1cc(C(=O)c2cncc(NC(=O)Cn3ccc(C4CC4)n3)c2)c2cncc(F)c21,4.95,Ki,11300.0,nM,0
CHEMBL4096683,NC(=O)c1ccc(N[C@H]2CCCNC2)c2cc(-c3ccccc3)[nH]c12,4.94,IC50,11600.0,nM,0
CHEMBL4110584,O=C(Nc1ccc([C@H]2CNCCO2)cc1)c1cc(Cl)nc(Cl)c1,4.94,IC50,11390.0,nM,0
CHEMBL6043476,Fc1cc(C(F)(F)F)cnc1C(F)(F)CN1CCC(Nc2ncnc3[nH]ncc23)CC1,4.94,IC50,11500.0,nM,0
CHEMBL5812119,Cc1ccc(C(F)(F)CN2CCC(Nc3ncnc4[nH]ccc34)CC2)nc1,4.94,IC50,11400.0,nM,0
CHEMBL100454,CN1CCN(C2=Nc3ccccc3Nc3sc(CO)cc32)CC1,4.94,IC50,11481.54,nM,0
CHEMBL3407783,CNC(=O)[C@@]12C[C@@H]1[C@@H](n1cnc3c(NC)nc(C#Cc4cccs4)nc31)[C@H](O)[C@@H]2O,4.94,IC50,11500.0,nM,0
CHEMBL3408386,CC(=O)c1nn(-c2ccc(Cl)cc2)/c(=N/c2nc(-c3ccccc3)cc(-c3ccccc3)c2C#N)s1,4.94,IC50,11500.0,nM,0
CHEMBL3904539,N[C@@H]1CN(c2ccncc2Nc2ncc3ccc(-c4ncccc4F)nn23)C[C@H](N)[C@H]1O,4.94,IC50,11500.0,nM,0
CHEMBL4447048,CCNC(=O)[C@H]1C[C@H](OC)[C@@]2(C)CC[C@@H]3c4ccc(OCCCN5CCC[C@H]5C)cc4CC[C@H]3[C@H]12,4.94,IC50,11400.0,nM,0
CHEMBL2087084,CC(C)c1noc(N2CCN(c3ncc(OCc4ccncc4C#N)cn3)[C@H](C)C2)n1,4.94,IC50,11600.0,nM,0
CHEMBL4164312,O=S(=O)(CC1CC1)NC1CN(c2ccc3c(c2)[C@@H](Cc2ccccc2)[C@@H](N2CCC2)CO3)C1,4.94,IC50,11400.0,nM,0
CHEMBL559535,O=C(CC1CCN(Cc2ccn(-c3ccc(C(F)(F)F)cc3)c2)CC1)NC(c1ccccc1)c1cnc[nH]1,4.94,IC50,11400.0,nM,0
CHEMBL550063,NC(=O)c1ccc(C2=CC3(CCNCC3)Oc3ccccc32)cc1,4.94,IC50,11589.0,nM,0
CHEMBL4750723,COc1nc(-c2csc(Nc3c4c(nn3CCF)CCCC4)n2)ccc1-n1cnc(C)c1,4.94,IC50,11400.0,nM,0
CHEMBL2440396,COc1ccc(S(=O)(=O)NCCc2cn(CC(=O)Nc3ccc(Cl)cc3)c3ccccc23)cc1,4.94,IC50,11490.0,nM,0
CHEMBL5749870,COc1ccnc(OCCCNC(=O)OC(C)(C)C)c1-c1cc(Nc2cnc(C#N)cn2)n[nH]1,4.94,IC50,11500.0,nM,0
CHEMBL1774835,Cc1cc(-c2c(Cl)cc(Cl)cc2OCCCC(F)(F)F)nc(N)n1,4.94,Ki,11600.0,nM,0
CHEMBL2069926,C[C@@H](Oc1nnc(-c2ccncc2)n1C)c1noc(-c2cccc(Cl)c2)n1,4.94,IC50,11600.0,nM,0
CHEMBL2204276,Cc1ccc(N2CCN(Cc3cc(C(=O)N[C@H]4CCCC[C@@H]4O)c(=O)n4ccccc34)CC2)nc1,4.94,IC50,11500.0,nM,0
CHEMBL557715,O=C(NCC1(O)CCCCC1)C1CCN(Cc2ccn(-c3ccc(C(F)(F)F)cc3)c2)CC1,4.93,IC50,11700.0,nM,0
CHEMBL3425806,O=C1COc2cnc(CNC34CCC(C[C@]5(O)Cn6c(=O)ccc7ncc(F)c5c76)(CC3)OC4)cc2N1,4.93,IC50,11700.0,nM,0
CHEMBL1829634,O=C(CNC(=O)c1cccc(C(F)(F)F)c1)NC1CN([C@H]2CC[C@](O)(c3ccc4c(c3)OCC4)CC2)C1,4.93,IC50,11700.0,nM,0
CHEMBL3354700,CC(C)(C#N)COc1ccc2c(c1)[C@]1(COC(N)=N1)c1cc(-c3cncnc3)ccc1O2,4.93,Ki,11700.0,nM,0
CHEMBL1214595,Cc1cccc(N2CCN(CCNC(=O)c3cc(C(C)(C)C)n(C)c3C)CC2)c1C,4.93,IC50,11800.0,nM,0
CHEMBL4098260,Cc1c([C@@H](O)CN2CCC3(CC2)CCN(c2ccc(S(C)(=O)=O)cn2)C3)ccc2c1COC2=O,4.93,IC50,11700.0,nM,0
CHEMBL5084050,O=c1ccc2c([nH]1)CCC(NCCCCCCNc1c3c(nc4cc(Cl)ccc14)CCCC3)C2,4.93,IC50,11637.0,nM,0
CHEMBL3917530,C[C@H]1C[C@H]2CSC(N)=N[C@@]2(c2nc(NC(=O)c3ccc(C(F)(F)F)cn3)cs2)CO1,4.93,IC50,11700.0,nM,0
CHEMBL563893,CCN(CC)C(=O)c1ccc(C2=CC3(CCCNCC3)Oc3ccccc32)cc1,4.93,IC50,11784.0,nM,0
CHEMBL551684,O=C(NC1CCN(Cc2ccn(-c3ccc(C(F)(F)F)cc3)c2)CC1)N1CCCC(C(=O)N2CCCC2)C1,4.93,IC50,11700.0,nM,0
CHEMBL1951613,CC#CCn1c(N2CCCNCC2)c(C#N)c2c1c(=O)n(Cc1nc(C)c3ccccc3n1)c(=O)n2C,4.92,IC50,12000.0,nM,0
CHEMBL6059551,CNC[C@H](c1ccc(Cl)c(Cl)c1)[C@H](O)c1cccc(OC)n1,4.92,IC50,12000.0,nM,0
CHEMBL1836263,COc1cc(OC)cc(C(=O)NCC2(C(=O)O)CCN(Cc3ccc(C(F)(F)F)cc3)CC2)c1.Cl,4.92,IC50,12080.0,nM,0
CHEMBL5394023,C[C@@H]1Cc2c([nH]c3ccccc23)[C@@H](c2ccc(F)c(OCCNCCCF)c2)N1CC(F)(F)F,4.92,IC50,12000.0,nM,0
CHEMBL2326481,CN(C)C(=O)c1ccc(CN2CCc3cc4nc(N)sc4cc3CC2)cc1,4.92,IC50,12000.0,nM,0
CHEMBL1923128,CCN(CC)CCCc1cc(CCCOC)cc(CN(C(=O)[C@H]2CNCC[C@@]23OCc2cc(F)c(F)cc23)C2CC2)c1Cl,4.92,Ki,12000.0,nM,0
CHEMBL2204592,CNc1cc(Nc2cnc(C#N)c(O[C@H](C)CN(C)C)n2)ncc1-c1cnn(C)c1,4.92,IC50,12000.0,nM,0
CHEMBL2333610,CN1CCC(COCc2cc(C(F)(F)F)cc(C3CCCC3)n2)(c2ccc(F)cc2)CC1,4.92,IC50,12000.0,nM,0
CHEMBL2333609,CN1CCC(COCc2cc(C(F)(F)F)cc(C3(F)CC3)n2)(c2ccccc2)CC1,4.92,IC50,12000.0,nM,0
CHEMBL4552555,CC(C)Oc1cc([C@@](Cc2ccccc2)(NCC(O)C(O)(C(F)(F)F)C(F)(F)F)c2cc(F)cc(OC(F)(F)C(F)F)c2)ccc1F,4.92,IC50,12000.0,nM,0
CHEMBL5783622,CNC[C@@H](c1ccc2ccccc2c1)[C@@H](O)c1ccccc1F,4.92,IC50,12000.0,nM,0
CHEMBL4071991,Cc1ccc([C@@H]2CN(C(=O)[C@H]3CC[C@H](CN)CC3)C[C@H]2c2ccc(C#N)cc2)cc1,4.92,IC50,12100.0,nM,0
CHEMBL4441232,COc1cc(C(=O)N2C[C@@H](n3cc(C4CC4)nn3)C[C@H]2C(=O)N[C@H]2CCCC[C@@H]2c2ccccc2)ccc1CN,4.92,IC50,12000.0,nM,0
CHEMBL4471453,O=C1c2ccccc2C(Cc2c(F)cncc2F)(Cc2c(F)cncc2F)c2ccccc21,4.92,IC50,12000.0,nM,0
CHEMBL4466893,CN1CCCC(CNC(=O)c2nn(C)cc2NC(=O)c2cccc(-c3ccnc(NCC4CC4)c3)n2)C1,4.92,IC50,12000.0,nM,0
CHEMBL6033654,CNC[C@H](c1ccc2ccccc2c1)[C@H](O)c1ccccc1F,4.92,IC50,12000.0,nM,0
CHEMBL5888883,Cc1nc(N2CCNCC2)sc1C(=O)Nc1cc(-c2cccs2)ccc1N,4.92,IC50,12000.0,nM,0
CHEMBL5784006,Nc1ccc(-c2ccncc2)cc1NC(=O)c1cnc(N2CCNCC2)s1,4.92,IC50,12000.0,nM,0
CHEMBL4531344,O=C(O)C[C@H]1CC[C@H](OC2CCN(c3ccc(-c4nc5cc(C(F)(F)F)cnc5[nH]4)cn3)CC2)CC1,4.92,Ki,12000.0,nM,0
CHEMBL6048972,CNCC(Cc1ccccc1CO)c1ccc2ccccc2c1,4.92,IC50,12000.0,nM,0
CHEMBL5987298,CNCC(c1ccc2ccccc2c1)C(OC)c1ccccc1,4.92,IC50,12000.0,nM,0
CHEMBL3912135,C[C@]1(O)CC[C@H](Nc2ccc3ncc(-c4cccc(C(F)(F)F)c4)n3n2)CC1,4.92,IC50,12000.0,nM,0
CHEMBL4577468,O=C(O)c1ccc(CNc2ccc(-c3ccc(-c4nc5cc(Cl)ccc5[nH]4)cn3)cn2)cc1,4.92,Ki,11890.0,nM,0
CHEMBL4534257,O=C(O)C1(CNc2ccc(-c3ccc(-c4nc5cc(Cl)ccc5[nH]4)cn3)cn2)CC1,4.92,Ki,12120.0,nM,0
CHEMBL1951416,CC#CCn1c(N2CCCNCC2)c(C#N)c2c1c(=O)n(Cc1ncc3ccccc3c1C#N)c(=O)n2C,4.92,IC50,12000.0,nM,0
CHEMBL4581278,COc1ccc(-c2ccc3ncnc(-c4cccc(C(=O)N5CCN(C)CC5)c4)c3c2)cn1,4.92,IC50,12000.0,nM,0
CHEMBL1649931,CC(=O)N[C@@H](CCN1[C@@H]2CC[C@H]1C[C@@H](n1c(C)nc3c1CCN(C(=O)C(C)C)C3)C2)c1cccc(F)c1,4.92,IC50,12000.0,nM,0
CHEMBL3218910,Cc1ncccc1-c1nc2cn(-c3ccccc3)nc2c(=O)n1C[C@H]1CCCN(C[C@H]2CCCO2)C1,4.92,IC50,12000.0,nM,0
CHEMBL2333634,CC(C)Cc1cc(C(F)(F)F)cc(COCC2(c3ccc(F)cc3)CCN(C)CC2)n1,4.92,IC50,12000.0,nM,0
CHEMBL4075427,Cc1c([C@@H](O)CN2CCC3(CC2)CCN(c2cnn(C)c(=O)c2)C3=O)ccc2c1COC2=O,4.92,IC50,12000.0,nM,0
CHEMBL1946019,CCN(C)C(=O)c1ccc(C(=C2CCN(Cc3ccc(F)cc3)CC2)c2ccccc2NC(C)=O)cc1,4.92,IC50,12000.0,nM,0
CHEMBL4848062,COc1nc(C2=NOC(C3CC3)C(c3ccc(Cl)cc3)N2)ccc1-n1cnc(C)c1,4.92,IC50,12000.0,nM,0
CHEMBL1078231,CCCC[C@H]1CN(CC2CCOCC2)C(=O)OC12CCN(C1(C)CCN(C(=O)c3c(C)ncnc3C)CC1)CC2,4.92,IC50,11900.0,nM,0
CHEMBL2041010,COc1cc(N2C(=O)N(c3ccc(-c4ccc(C(=O)O)s4)cc3)C(=O)C23CCN(Cc2ncccc2C)CC3)ncn1,4.92,IC50,12000.0,nM,0
CHEMBL606029,O=C(c1cc(Cc2c[nH]c(=O)c3cc(Cl)c(Cl)n23)ccc1F)N1CCC2(CCCN2)CC1,4.92,IC50,12000.0,nM,0
CHEMBL3661485,CC(C)n1cc(C(=O)c2cncc(NC(=O)Cn3ccc(C4CC4)n3)c2)c2cncnc21,4.92,Ki,11900.0,nM,0
CHEMBL2441419,O=C1OCc2c1ccc(CCN1CCN(C(=O)Cc3ccc(-n4cnnn4)cc3)CC1)c2C1CC1,4.92,IC50,12000.0,nM,0
CHEMBL1809063,COc1cc(N2CCN(CC(=O)N(C)C)CC2)ccc1Nc1ncc(Cl)c(-c2cnc3ccccn23)n1,4.92,IC50,12000.0,nM,0
CHEMBL2441420,O=C1OCc2c1ccc(CCN1CCN(C(=O)Cc3ccc(-n4cnnn4)cc3)CC1)c2F,4.92,IC50,12000.0,nM,0
CHEMBL4785102,CNS(=O)(=O)c1ccc(CNc2nc3cnc(-c4c(C)ncnc4C4CC4)nc3n([C@@H](C)C3CC3)c2=O)nc1,4.92,IC50,12000.0,nM,0
CHEMBL3290345,COc1cnc2ccc(=O)n(CCN3CCC(NCc4cnc(OC)c(C#N)c4)CC3)c2c1,4.92,IC50,12000.0,nM,0
CHEMBL4782227,Cc1cc(CN2CCN(C(=O)/C=C/c3ccc(Cl)cc3Cn3nnc(C)n3)CC2)on1,4.92,IC50,12000.0,nM,0
CHEMBL3647052,C[C@H]1CC[C@H](Cn2c(N3CCO[C@@H]4CCC[C@H]43)nc3cc(-c4noc(=O)[nH]4)nc(-c4cncc(Cl)c4)c32)CC1,4.92,IC50,12000.0,nM,0
CHEMBL4763213,Nc1nccc(Sc2cnc(N3CCC4(CCC[C@H]4N)CC3)cn2)c1Cl,4.92,IC50,11900.0,nM,0
CHEMBL4798088,CCCCCN(CCCCC)Cc1cc(C(=O)O)ccc1NC(=O)c1cc2cc(F)cc(NC)c2[nH]c1=O,4.92,IC50,11900.0,nM,0
CHEMBL3234895,CC(C)(O)COCc1cccc(Nc2sc(-c3c(F)cc(C(C)(C)O)cc3F)cc2C(N)=O)n1,4.92,IC50,12000.0,nM,0
CHEMBL3125749,COc1ccccc1S(=O)(=O)/C=C/c1ccccc1Cl,4.92,IC50,12000.0,nM,0
CHEMBL4779862,CN(C)CC(C)(C)COc1cc(NC(=O)N2CCCc3cc(C(F)F)c(C=O)nc32)ncc1C#N,4.92,IC50,12000.0,nM,0
CHEMBL1404,COc1ccccc1OCC(O)CN1CCN(CC(=O)Nc2c(C)cccc2C)CC1,4.92,IC50,12000.0,nM,0
CHEMBL4792607,COc1ccc2ncc(F)c(CC[C@@]3(O)CO[C@@H]4[C@@H](NCc5ccc6c(n5)NC(=O)CO6)CO[C@@H]43)c2n1,4.92,IC50,12000.0,nM,0
CHEMBL4741793,C[C@H](NC(=O)c1cc(C(F)(F)F)nn1C)c1nc(-c2ccnc(C(F)(F)F)c2)no1,4.92,IC50,11900.0,nM,0
CHEMBL4746975,CC(C)N1CCC(c2ccc(/C(=C(/CCCO)c3ccc(F)cc3)c3ccc(O)cc3)cc2)CC1.Cl,4.92,IC50,11900.0,nM,0
CHEMBL4878164,Cc1c(N2CC[C@@H](C3(N)CC3)C2)c(F)cc2cc(-c3ncon3)c(=O)n(C3CC3)c12,4.92,IC50,12000.0,nM,0
CHEMBL3128180,Cc1nc2c(s1)CC[C@H]2C(=O)Nc1ccc(C[C@@H]2CC[C@H]([C@H](O)c3cccnc3)N2)cc1,4.92,IC50,12000.0,nM,0
CHEMBL4776200,CN1CCN(C(=O)C2CCN(c3nccc4[nH]c(-c5ccc(F)c(F)c5)nc34)CC2)CC1,4.92,IC50,12000.0,nM,0
CHEMBL4112613,Cc1nc(-c2nnc3n2CCN(C(=O)c2ccc(-c4cccs4)cc2)[C@@H]3C)sc1C,4.92,IC50,12000.0,nM,0
CHEMBL1087269,Cc1cnc(Nc2cc(N3CCOCC3)nc(N[C@@H](C)c3ccc(F)cn3)n2)s1,4.92,IC50,12000.0,nM,0
CHEMBL2333625,CN1CCC(COCc2cc(C(F)(F)F)cc(N3CCC4CC43)n2)(c2ccc(F)cc2)CC1,4.92,IC50,12000.0,nM,0
CHEMBL3355633,C[S+]([O-])c1ccc(-c2cnc3ccc(-c4cccc([S+](C)[O-])c4)nn23)cc1,4.92,IC50,12000.0,nM,0
CHEMBL2031877,C[C@H]1CCCN1C(=O)c1ccc(-c2ccc3c(c2)CCN(CCN2CCCC2)C3=O)cc1,4.92,IC50,12000.0,nM,0
CHEMBL1923118,O=C([C@H]1CNCC[C@@]12OCc1cc(F)c(F)cc12)N(Cc1cccc(C(F)(F)F)c1Cl)C1CC1,4.92,Ki,12000.0,nM,0
CHEMBL3398280,COc1ccc(-c2cc(-c3ccc4c(c3)CN(C(C)C)C4=O)on2)cn1,4.92,IC50,12000.0,nM,0
CHEMBL5872171,CC(C)(C)Oc1cc(CCC(C)(C)N2Cc3cccc(F)c3C2)ccc1O,4.92,IC50,12000.0,nM,0
CHEMBL4640840,Cc1ncc(-c2cc(NC(=O)c3ccc(OCc4ccccn4)cc3)c(C)cc2C)[nH]1,4.92,IC50,12000.0,nM,0
CHEMBL4638981,Cc1ccc(C(=O)Nc2ccc(CN3Cc4cn[nH]c4C3)c(Cl)c2)cc1C#Cc1cnc2cccnn12,4.92,IC50,12100.0,nM,0
CHEMBL2380456,COc1cccc(-c2cccc(C3(c4ccncc4)N=C(N)CS3)c2)c1,4.92,IC50,12000.0,nM,0
CHEMBL2086687,C[C@@H]1CN(C(=O)OCC(F)(F)F)CCN1c1ncc(OCc2ccncc2C#N)cn1,4.92,IC50,12000.0,nM,0
CHEMBL1923121,COCCCc1cc(CN(C(=O)[C@H]2CNCC[C@@]23OCc2cc(F)c(F)cc23)C2CC2)c2ccccc2c1,4.92,Ki,12000.0,nM,0
CHEMBL1796077,Cn1ccc([C@H]2CCNC[C@@H]2C(=O)N(Cc2cn(Cc3cccnc3)c3cccc(F)c23)C2CC2)cc1=O,4.92,Ki,12000.0,nM,0
CHEMBL2333616,CN1CCC(COCc2cc(Cl)cc(C(F)(F)F)n2)(c2ccccc2)CC1,4.92,IC50,12000.0,nM,0
CHEMBL567288,CCC(=O)N(Cc1ccc2ccccc2c1)C1CCNCC1,4.92,Ki,12000.0,nM,0
CHEMBL4061345,Cc1c([C@@H](O)CN2CCC3(CC2)CN(c2ccns2)C(=O)O3)ccc2c1COC2=O,4.92,IC50,12000.0,nM,0
CHEMBL1221915,CC(C)N1C[C@H](C(=O)Nc2ccc(Cl)cn2)[C@@H](C(=O)Nc2ccc(-n3ccccc3=O)cc2F)C1,4.92,IC50,12000.0,nM,0
CHEMBL4780257,CNC(=O)c1nn(C)c2ccc(Nc3nccc(-n4cc(CN5CC(O)C5)c(C)n4)n3)cc12,4.92,IC50,12000.0,nM,0
CHEMBL3323084,Cn1cc([C@@]2(c3cncc(C(=O)O)c3)N[C@@H](c3nc(-c4ccc(F)cc4)c[nH]3)Cc3c2[nH]c2ccccc32)cn1,4.92,IC50,12000.0,nM,0
CHEMBL526521,N#Cc1ccc2cc1Oc1ccc3c(c1)[C@@H](CCC3)N1CC[C@H](NCc3cncn3C2)C1=O,4.92,IC50,11999.99,nM,0
CHEMBL1809045,COc1cc(C2CCN(C(C)=O)CC2)ccc1Nc1ncc(Cl)c(-c2cnc3ccccn23)n1,4.92,IC50,12000.0,nM,0
CHEMBL258313,C[C@@H](Oc1cccc2ncnc(Nc3ccc(OCc4ccccn4)c(Cl)c3)c12)C(=O)N(C)CCO,4.92,IC50,12000.0,nM,0
CHEMBL257478,Cc1ccc(Oc2ccc(Nc3ncnc4cccc(O[C@H](C)C(=O)N(C)CCO)c34)cc2C)cn1,4.92,IC50,12000.0,nM,0
CHEMBL4079636,c1cncc(C(Cc2ccccc2-c2cncc3ccccc23)c2cccnc2)c1,4.92,IC50,12000.0,nM,0
CHEMBL1093696,O=C(NCc1ccc(F)cc1)N(c1ccc(Cl)cc1)C1CCN(Cc2ccnnc2)CC1,4.92,IC50,12000.0,nM,0
CHEMBL185434,CCN(CC)CC#CCOC(=O)[C@](O)(c1ccccc1)C1CCCCC1,4.92,IC50,12000.0,nM,0
CHEMBL517,CC(C)N(CCC(C(N)=O)(c1ccccc1)c1ccccn1)C(C)C,4.92,IC50,12000.0,nM,0
CHEMBL6037827,Cc1c(F)cccc1-c1ccc(/C=C/[C@@H]2[C@@H]3[C@@H](C)OC(=O)[C@]3(C(N)=O)CC(F)(F)[C@H]2C)nc1,4.92,IC50,12000.0,nM,0
CHEMBL1784518,Cc1nc2ccccc2n1C1CC2CCC(C1)N2CCC1(c2cccc(F)c2)CCN(C(=O)c2cc(S(=O)(=O)NC3CC3)c(F)cc2Cl)CC1,4.92,IC50,12022.64,nM,0
CHEMBL1289400,CN(C)CC(O)Cn1ncc2cc(-n3ccc(OCc4ccccc4)cc3=O)ccc21,4.92,IC50,12100.0,nM,0
CHEMBL1829622,O=C(CNC(=O)c1cccc(C(F)(F)F)c1)NC1CN([C@H]2CC[C@H](c3cnccn3)CC2)C1,4.92,IC50,12000.0,nM,0
CHEMBL4278565,CC(C)(C)S(=O)(=O)c1ccc2nccc(Nc3n[nH]c4ncc(F)cc34)c2c1,4.92,IC50,12140.0,nM,0
CHEMBL4277264,Cc1cc(Oc2nccc3occc23)ccc1-c1c(C)ncc2nccn12,4.92,IC50,12000.0,nM,0
CHEMBL3814418,CC(C)Oc1cc([C@@](Cc2ccccc2)(NC[C@H](O)C(F)(F)F)c2cc(F)cc(OC(F)(F)C(F)F)c2)ccc1F,4.92,IC50,12000.0,nM,0
CHEMBL1830042,CN1CC(c2c[nH]c3cc(-n4ccc(OCc5ccccc5)cc4=O)ccc23)C1,4.92,IC50,12000.0,nM,0
CHEMBL4288408,CN(C/C=C/C=C/c1ccc(C(F)(F)F)cc1)Cc1ccc2c(c1)OCCO2.Cl,4.92,IC50,12100.0,nM,0
CHEMBL4091582,CC1(C)[C@H](Nc2c(C(N)=O)cnn3cc(-c4ccc(C#N)cc4)cc23)CC[C@]1(C)N,4.92,IC50,12000.0,nM,0
CHEMBL4229223,COc1ccc2nccc(CC[C@H]3OC[C@H](NCc4cc5c(cn4)OCCC5)CO3)c2c1,4.92,IC50,12000.0,nM,0
CHEMBL3793143,Cc1c(CCN2CCN(C(=O)Cc3cnc(-n4cnnn4)cn3)CC2)ccc2c1COC2=O,4.92,IC50,12000.0,nM,0
CHEMBL551412,CCNC(=O)c1ccc(C2=CC3(CCNCC3)Oc3ccccc32)cc1,4.92,IC50,11989.0,nM,0
CHEMBL1834718,NC(=O)n1nc(NCC(=O)NC2CN([C@H]3CC[C@@H](c4ccc5c(c4)OCO5)CC3)C2)c2cc(C(F)(F)F)ccc21,4.92,IC50,12000.0,nM,0
CHEMBL4211913,C[C@H]1C[C@H]2CSC(N)=N[C@@]2(c2nc(NC(=O)c3ccc(C#N)cn3)cs2)CO1,4.92,IC50,12100.0,nM,0
CHEMBL4227218,COc1cc2ccc(Br)cc2cc1[C@@H](c1ccccc1)[C@@](O)(CCN(C)C)c1cccc2ccsc12,4.92,IC50,12000.0,nM,0
CHEMBL453655,CNC(=O)c1ccc(Nc2ncc(F)c(-c3cnc(C)n3C(C)C)n2)cc1,4.92,IC50,12000.0,nM,0
CHEMBL1834790,COc1ccc([C@H]2CC[C@@H](N3CC(NC(=O)CNc4nn(C)c5ccc(C(F)(F)F)cc45)C3)CC2)cn1,4.92,IC50,12000.0,nM,0
CHEMBL4205624,O=c1c2cc(Cc3cccnc3)c3ccccc3c2ncn1[C@H]1CCCC[C@@H]1O,4.92,IC50,12000.0,nM,0
CHEMBL3670644,COc1ccc(-c2nnc(C(=O)N3CC(Oc4ccc(CN5CCCC56COC6)cc4)C3)o2)cc1,4.92,IC50,12000.0,nM,0
CHEMBL3823962,CNC(=O)CN1CCC(n2nc(C)c(Nc3ncc(Cl)c(-c4cnn5ccccc45)n3)c2C)CC1,4.92,IC50,12000.0,nM,0
CHEMBL1834786,CN(C)c1cccc([C@H]2CC[C@@H](N3CC(NC(=O)CNc4nn(C)c5ccc(C(F)(F)F)cc45)C3)CC2)c1,4.92,IC50,12000.0,nM,0
CHEMBL4461925,Nc1n[nH]c(N2CCC(N3CCOC[C@@H]3Cc3ccc(Cl)cc3)CC2)n1,4.92,IC50,12000.0,nM,0
CHEMBL124754,O=C(OC1CC2CC3CC(C1)N2CC3=O)c1c[nH]c2ccccc12,4.92,IC50,12022.64,nM,0
CHEMBL4574502,C[C@H]1C[C@H]2CSC(N)=N[C@@]2(c2ncc(NC(=O)c3ccc(OC(F)F)cn3)s2)CO1,4.92,IC50,11970.0,nM,0
CHEMBL3746885,CCOC(=O)[C@@H]1[C@@H]2CN(C(=O)c3ccc(C[C@@H]4CC[C@H]([C@H](O)c5ccccc5)N4)cc3)C[C@@H]21,4.92,IC50,12000.0,nM,0
CHEMBL3651966,C[C@@H]1C[C@H](N)C[C@H](c2ccncc2NC(=O)c2ccc(F)c(-c3c(F)cccc3F)n2)C1,4.92,IC50,12000.0,nM,0
CHEMBL3612807,Cc1c([C@@H](O)CN2CCN(C[C@H](O)c3ccc(C#N)cn3)CC2)ccc2c1COC2=O,4.92,IC50,12000.0,nM,0
CHEMBL4860202,CS(=O)(=O)c1nccc(-c2c(-c3cccc(OCc4ccccc4)c3)nc3sccn23)n1,4.91,IC50,12410.0,nM,0
CHEMBL3400819,O=C1COc2ccc(CNC34CCC(CC5Cn6c(=O)ccc7ncc(F)c5c76)(CC3)OC4)nc2N1,4.91,IC50,12300.0,nM,0
CHEMBL2064657,CNC(=O)[C@@]12C[C@@H]1[C@@H](n1cnc3c(NCc4cccc(Cl)c4)nc(C#Cc4ccc(F)c(F)c4)nc31)[C@H](O)[C@@H]2O,4.91,IC50,12200.0,nM,0
CHEMBL2180033,CC1=NC(c2cccc(-c3cncc(Cl)c3)c2)(C2CC2)N=C1N,4.91,IC50,12400.0,nM,0
CHEMBL4101606,NC(=O)c1c(NC(=O)Nc2ccc(Cl)cc2)sc2c1CC[N+]1(CCOCC1)C2.[I-],4.91,IC50,12400.0,nM,0
CHEMBL441705,O=C(N1CCN(C2CCCC2)CC1)N1Cc2ccccc2C1,4.91,IC50,12222.22,nM,0
CHEMBL4070003,Cc1c([C@@H](O)CN2CCC3(CC2)CCN(c2ncns2)C3=O)ccc2c1COC2=O,4.91,IC50,12300.0,nM,0
CHEMBL4105584,COc1ccc2c(c1)[C@@H]1C[C@]1(C(=O)N1[C@@H]3CC[C@H]1CN(C)C3)Cn1c-2c(C2CCCCC2)c2ccc(C(=O)NS(=O)(=O)N(C)C)cc21,4.91,IC50,12400.0,nM,0
CHEMBL570805,CCOc1ccc(CCN2C(=O)N(NS(C)(=O)=O)C[C@@H]2c2ccc(OC)cc2)cc1,4.91,IC50,12200.0,nM,0
CHEMBL4095018,COc1ccc(CN(CC(=O)N2CCC(CN)CC2)c2ccc(C#N)cc2)cc1F,4.91,IC50,12400.0,nM,0
CHEMBL255857,Cc1nc(CN(c2ccccc2)C2CCN(C3(C)CCN(C(=O)c4c(C)cc[n+]([O-])c4C)CC3)CC2)cs1,4.91,IC50,12200.0,nM,0
CHEMBL2382341,COc1ccc2nccc([C@@H](O)CC[C@@H]3CCN(C4CC(c5ccccc5F)C4)C[C@@H]3C(=O)O)c2c1,4.91,IC50,12200.0,nM,0
CHEMBL3605131,O=C1COc2ccc(CNC34CCC(CCc5c(F)cnc6ccc(OCC7(O)COC7)nc56)(CC3)OC4)nc2N1,4.91,IC50,12200.0,nM,0
CHEMBL5094563,CC(=O)c1c(-c2cc(C)c(O)cn2)oc2ccc(O)c(CN3CCC3)c12,4.91,IC50,12400.0,nM,0
CHEMBL473484,Nc1ccc(-c2ccccc2)cc1NC(=O)c1ccc(C(=O)N2CCC3(CCCN3)CC2)cc1,4.91,IC50,12390.0,nM,0
CHEMBL4750422,CC1(CN)CCN(c2cnc(Sc3cccnc3C(F)(F)F)c(N)n2)CC1,4.91,IC50,12300.0,nM,0
CHEMBL3289806,CN1CCN(c2ccc3nc(N)n(CC(O)c4ccc(C(F)(F)F)cc4Cl)c3n2)CC1,4.91,IC50,12200.0,nM,0
CHEMBL4749020,CCn1nc(C2(C)CC2)cc1Nc1nc(-c2ccc(-n3cnc(C)c3)c(OC)n2)cs1,4.91,IC50,12300.0,nM,0
CHEMBL3928945,Cc1c([C@H]2CN3CCN(C(=O)Cc4cnc(-n5cnnn5)cn4)C[C@H]3CO2)ccc(F)c1C#N,4.91,IC50,12300.0,nM,0
CHEMBL4751724,CC(C)(CO)Cn1nc(-c2ccc3cc(OC4CC4)ccc3c2)c(C(N)=O)c1N,4.91,IC50,12300.0,nM,0
CHEMBL4752891,CCCCc1nn(-c2nc(N)c3c(n2)NC(=O)C3(C)C)c2ccc(Cl)cc12,4.91,IC50,12300.0,nM,0
CHEMBL3185736,Cc1cccc(C(=O)Nc2cccc(NC(=O)c3cccc(C)c3)c2)c1,4.91,IC50,12400.0,nM,0
CHEMBL5744600,COc1nccnc1C(O)c1cc(-c2ncnc3cc(N4CCOCC4)ccc23)ccc1Cl,4.9,Ki,12500.0,nM,0
CHEMBL5804401,OC(c1cc(-c2ncnc3cc(N4CCOCC4)ccc23)c(F)cc1Cl)c1ncnc2ccoc12,4.9,Ki,12500.0,nM,0
CHEMBL5991362,Cc1nc(C(O)c2cc(-c3ncnc4cc(N5CCOCC5)ncc34)cnc2F)sc1C,4.9,Ki,12500.0,nM,0
CHEMBL5967736,COc1nccnc1C(O)c1cc(-c2ncnc3cc(N4CCOCC4)ccc23)c(F)cc1F,4.9,Ki,12500.0,nM,0
CHEMBL5942478,CC(O)(c1ccc(F)c(-c2ncnc3cc(N4CCOCC4)ccc23)c1)c1nccs1,4.9,Ki,12500.0,nM,0
CHEMBL6040614,COc1nccnc1[C@@H](O)c1cc(-c2ncnc3cc(N4CCOCC4)ccc23)c(F)cc1F,4.9,Ki,12500.0,nM,0
CHEMBL5947717,COc1ccc(C(O)c2cc(-c3ncnc4cc(N5CCOCC5)ccc34)ccc2Cl)nn1,4.9,Ki,12500.0,nM,0
CHEMBL5763465,OC(c1cccc(-c2ncnc3cc(N4CCOCC4)ccc23)c1)c1nccs1,4.9,Ki,12500.0,nM,0
CHEMBL5907528,OC(c1ccc(-c2ncnc3cc(N4CCOCC4)ccc23)s1)c1nccs1,4.9,Ki,12500.0,nM,0
CHEMBL5860861,CNCc1csc(C(O)c2cc(-c3ncnc4cc(N5CCOCC5)ccc34)c(F)cc2Cl)n1,4.9,Ki,12500.0,nM,0
CHEMBL5768114,COc1ccc(C(O)c2cc(-c3ncnc4cc(N5CCOCC5)ccc34)c(F)cc2Cl)nn1,4.9,Ki,12500.0,nM,0
CHEMBL5749492,CCOc1ccc(C(O)c2ccc(F)c(-c3ncnc4cc(N5CCOCC5)ccc34)c2)nn1,4.9,Ki,12500.0,nM,0
CHEMBL5800084,COc1ccc(C(O)c2cc(-c3ncnc4cc(N5CCOCC5)sc34)c(F)cc2Cl)nn1,4.9,Ki,12500.0,nM,0
CHEMBL5887376,OC(c1cccnn1)c1cc(-c2ncnc3cc(N4CCOCC4)ccc23)ccc1Cl,4.9,Ki,12500.0,nM,0
CHEMBL5761754,C#CC(O)(c1ccc(OC)nn1)c1cc(-c2ncnc3cc(N4CCOCC4)ccc23)c(F)cc1Cl,4.9,Ki,12500.0,nM,0
CHEMBL6057597,OC(c1ccc(OCC(F)(F)F)nn1)c1cc(-c2ncnc3cc(N4CCOCC4)ccc23)c(F)cc1Cl,4.9,Ki,12500.0,nM,0
CHEMBL5929612,COc1nnc(C(O)c2cc(-c3ncnc4cc(N5CCOCC5)ccc34)c(F)cc2Cl)cc1C,4.9,Ki,12500.0,nM,0
CHEMBL5926851,CC(C#N)Oc1ccc(C(O)c2cc(-c3ncnc4cc(N5CCOCC5)ccc34)c(F)cc2Cl)nn1,4.9,Ki,12500.0,nM,0
CHEMBL5869725,OC(c1ccc(OC2COC2)nn1)c1cc(-c2ncnc3cc(N4CCOCC4)ccc23)c(F)cc1Cl,4.9,Ki,12500.0,nM,0
CHEMBL6055613,CCn1nc(C(O)c2cc(-c3ncnc4cc(N5CCOCC5)ccc34)c(F)cc2Cl)ccc1=O,4.9,Ki,12500.0,nM,0
CHEMBL5981733,OC(c1cc(-c2ncnc3cc(N4CCOCC4)ccc23)ccc1Cl)c1ncnc2ccsc12,4.9,Ki,12500.0,nM,0
CHEMBL6000039,OC(c1ccc(F)c(-c2ncnc3cc(N4CCOCC4)ccc23)c1)c1c(F)cncc1Cl,4.9,Ki,12500.0,nM,0
CHEMBL6053505,Cc1nc(C(O)c2cnc(F)c(-c3ncnc4cc(N5CCOCC5)ncc34)c2)sc1C,4.9,Ki,12500.0,nM,0
CHEMBL5858570,C#Cc1nc(-c2cc(C(O)c3nccs3)ccc2F)c2ccc(N3CCOCC3)cc2n1,4.9,Ki,12500.0,nM,0
CHEMBL5902129,Cc1nc(C(O)c2cc(-c3ncnc4cc(N5CCOCC5)ccc34)cnc2F)sc1C,4.9,Ki,12500.0,nM,0
CHEMBL5828867,OC(c1cc(-c2ncnc3cc(N4CCOCC4)ccc23)ccc1Cl)c1ncnc2occc12,4.9,Ki,12500.0,nM,0
CHEMBL6050666,OC(c1cc(-c2ncnc3cc(N4CCOCC4)ccc23)ccc1Cl)c1ncnc2ccoc12,4.9,Ki,12500.0,nM,0
CHEMBL5895768,Cc1nccnc1C(O)c1cc(-c2ncnc3cc(N4CCOCC4)ccc23)ccc1Cl,4.9,Ki,12500.0,nM,0
CHEMBL6055346,COc1cncnc1C(O)c1cc(-c2ncnc3cc(N4CCOCC4)ccc23)ccc1Cl,4.9,Ki,12500.0,nM,0
CHEMBL5866182,OC(c1cc(-c2ncnc3cc(N4CCOCC4)ccc23)ccc1F)c1ncnc2sccc12,4.9,Ki,12500.0,nM,0
CHEMBL5803245,Cn1c(C(O)c2cc(-c3ncnc4cc(N5CCOCC5)ccc34)ccc2F)cccc1=O,4.9,Ki,12500.0,nM,0
CHEMBL5857402,OC(c1cc(-c2ncnc3cc(N4CCOCC4)ccc23)ccc1Cl)c1ncncc1F,4.9,Ki,12500.0,nM,0
CHEMBL5983762,OC(c1ccc(F)c(-c2ncnc3cc(N4CCOCC4)ccc23)c1)c1ncnc2c1CCNC2,4.9,Ki,12500.0,nM,0
CHEMBL4583779,CN(C)c1ccc(-c2cc3nccnc3c(OC[C@@H]3CCCNC3)n2)cn1,4.9,IC50,12589.25,nM,0
CHEMBL6051468,Cn1cnc2c(C(O)c3cc(-c4ncnc5cc(N6CCOCC6)ccc45)ccc3Cl)ncnc21,4.9,Ki,12500.0,nM,0
CHEMBL6019177,OC(c1cc(-c2ncnc3cc(N4CCOCC4)ccc23)c(F)cc1F)c1nccn2cccc12,4.9,Ki,12500.0,nM,0
CHEMBL6039429,OC(c1ccc(F)c(-c2ncnc3cc(N4CCOCC4)ccc23)c1)c1ncnc2sccc12,4.9,Ki,12500.0,nM,0
CHEMBL5899195,NC(=O)C(c1cc(-c2ncnc3cc(N4CCOCC4)ccc23)c(F)cc1F)c1nncn2cccc12,4.9,Ki,12500.0,nM,0
CHEMBL5944654,NC(=O)C(c1ccc(F)c(-c2ncnc3cc(N4CCOCC4)ccc23)c1)c1cncc(F)c1Cl,4.9,Ki,12500.0,nM,0
CHEMBL6014328,NC(=O)C(c1cc(-c2ncnc3cc(N4CCOCC4)ccc23)ccc1Cl)c1nccnc1Cl,4.9,Ki,12500.0,nM,0
CHEMBL5755271,OC(c1ccc2nccn2n1)c1cc(-c2ncnc3cc(N4CCOCC4)ccc23)c(F)cc1Cl,4.9,Ki,12500.0,nM,0
CHEMBL5795860,NC(=O)C(c1cncc(Cl)c1)c1ccc(F)c(-c2ncnc3cc(N4CCOCC4)ccc23)c1,4.9,Ki,12500.0,nM,0
CHEMBL6012455,OC(c1ccc(F)c(-c2ncnc3cc(N4CCOCC4)ccc23)c1)c1ncnc2ccsc12,4.9,Ki,12500.0,nM,0
CHEMBL5972912,OC(c1cc(-c2ncnc3cc(N4CCOCC4)ccc23)c(F)cc1F)c1ncnc2ccsc12,4.9,Ki,12500.0,nM,0
CHEMBL5977882,COc1nccnc1C(O)c1cc(-c2ncnc3cc(N4CCOCC4)ccc23)c(F)cc1Cl,4.9,Ki,12500.0,nM,0
CHEMBL5815339,COc1cncnc1C(O)c1cc(-c2ncnc3cc(N4CCOCC4)ccc23)c(F)cc1Cl,4.9,Ki,12500.0,nM,0
CHEMBL6006289,COc1cncnc1C(O)c1cc(-c2ncnc3cc(N4CCOCC4)ccc23)c(F)cc1F,4.9,Ki,12500.0,nM,0
CHEMBL5970203,Cc1nccnc1C(O)c1ccc(F)c(-c2ncnc3cc(N4CCOCC4)cnc23)c1,4.9,Ki,12500.0,nM,0
CHEMBL5799485,OC(c1cc(-c2ncnc3cc(N4CCOCC4)ccc23)c(F)cc1Cl)c1nccnc1Cl,4.9,Ki,12500.0,nM,0
CHEMBL238871,O=C(c1cc(F)cc(F)c1)N1CCN(c2ccc(OCCCN3CCCCCC3)cc2)C(=O)C1.O=CO,4.9,IC50,12589.25,nM,0
CHEMBL3221491,Cc1cnc(NC(=O)[C@H](COC2CCC2)Oc2ncnc3c2cnn3-c2ccccc2Cl)cn1,4.9,IC50,12589.25,nM,0
CHEMBL3115194,COC(=O)C(CCC(=O)N(C)CCCc1nc2ccccc2[nH]1)(c1ccc(Br)cc1)C(C)C,4.9,IC50,12500.0,nM,0
CHEMBL4241824,Cc1cc(C)n(-c2cccc([C@H](CC(=O)O)CN3CC[C@@H](CCc4ccc5c(n4)NCCC5)C3)c2)n1,4.9,IC50,12589.25,nM,0
CHEMBL270239,Cc1ccc2c(-c3nnc(SCCC(C)N4CCc5cc6nc(C)oc6c(C)c5CC4)n3C)cccc2n1,4.9,IC50,12589.25,nM,0
CHEMBL3544912,Cl.NC(=O)[C@@H]1CC[C@H](c2ccc(OCc3ccccc3F)cc2)N1,4.9,IC50,12589.25,nM,0
CHEMBL257901,Cc1ccc2c(-c3nnc(SCCN4CCc5cc6nc(C)oc6c(C)c5CC4)n3C)cccc2n1,4.9,IC50,12589.25,nM,0
CHEMBL4250148,Cc1cnn(C)c1-c1cccc([C@H](CC(=O)O)CN2CC[C@@H](CCc3ccc4c(n3)NCCC4)C2)c1,4.9,IC50,12589.25,nM,0
CHEMBL3128194,Nc1nc2c(s1)CC[C@H]2C(=O)Nc1ccc(C[C@@H]2CC[C@H]([C@H](O)c3ccccc3)N2)cc1,4.9,IC50,12700.0,nM,0
CHEMBL4244784,O=C(O)C[C@H](CN1CC[C@@H](CCc2ccc3c(n2)NCCC3)C1)c1cccc(C2CCOC2)c1,4.9,IC50,12589.25,nM,0
CHEMBL1631540,Cc1ccc2c(N3CCN(CCc4cccc(N5CCNC5=O)c4)CC3)cccc2n1,4.9,Ki,12589.25,nM,0
CHEMBL4637902,N#Cc1cccc(COc2ccc([C@H]3CC[C@@H](C(N)=O)N3)cc2)c1,4.9,IC50,12589.25,nM,0
CHEMBL4634636,NC(=O)[C@@H]1CC[C@H](c2ccc(OCc3ccccc3F)cc2F)N1,4.9,IC50,12589.25,nM,0
CHEMBL4743534,Cl.OCCC/C(=C(\c1ccc(O)cc1)c1ccc(C2CCNCC2)cc1)c1ccccc1,4.9,IC50,12700.0,nM,0
CHEMBL3221503,CC(C)OC[C@H](Oc1ncnc2c1cnn2-c1ccccc1Cl)C(=O)Nc1ccc(C#N)cn1,4.9,IC50,12589.25,nM,0
CHEMBL3933212,COc1cnc(O[C@@H]2C[C@@H](C(=O)N[C@]3(C(=O)NS(=O)(=O)C4CC4)C[C@H]3C3CC3)N(C(=O)[C@@H](NC(=O)O[C@H](C)C(F)(F)F)C3CCCCC3)C2)c2cc(Cl)ccc12,4.9,IC50,12500.0,nM,0
CHEMBL3237578,COc1ccc(Nc2cc(NCCN)nnc2C(N)=O)nc1C(C)C,4.9,IC50,12589.25,nM,0
CHEMBL1836213,Cc1c(-c2noc(-c3ccc(OC(C)C)c(C#N)c3)n2)cnc2c1CCN(C(CO)CO)C2,4.9,IC50,12589.25,nM,0
CHEMBL4635448,NC(=O)[C@@H]1CC[C@H](c2ccc(Oc3ccccc3)cc2)N1,4.9,IC50,12589.25,nM,0
CHEMBL1125,Cc1cc2c(s1)Nc1ccccc1N=C2N1CCNCC1,4.9,IC50,12589.25,nM,0
CHEMBL3321873,Cc1ccc(Nc2nc3ccc(N4CCN(C)CC4)cc3[nH]2)nc1,4.9,IC50,12700.0,nM,0
CHEMBL3355074,C[C@@H]1Cn2ncc(C3CCN(S(C)(=O)=O)CC3)c2CN1c1cc(Cl)nc2[nH]ccc12,4.9,IC50,12500.0,nM,0
CHEMBL563860,O=C1N(CCN2C[C@H]3CC[C@@H]2C3)CCN1c1cccc(Cl)c1,4.9,IC50,12589.25,nM,0
CHEMBL1289294,CC(C)S(=O)(=O)N[C@@H]1COC[C@@H]1c1ccc(-c2ccc(F)nc2)cc1,4.9,IC50,12600.0,nM,0
CHEMBL1289181,CC(C)S(=O)(=O)N[C@@H]1COC[C@@H]1c1ccc(-c2ccc(C#N)cc2)cc1,4.9,IC50,12600.0,nM,0
CHEMBL563700,CCN(CC)C(=O)c1ccc(C2=CC3(CCCNC3)Oc3ccccc32)cc1,4.9,IC50,12653.0,nM,0
CHEMBL255220,Cc1nc2ccc3c(c2s1)CCN(CCCSc1nnc(-c2ocnc2C)n1C)CC3,4.9,IC50,12589.25,nM,0
CHEMBL6017954,COc1nnc(C(O)c2cc(-c3ncnc4cc(N5CCOCC5)ccc34)c(F)cc2Cl)c2ccncc12,4.9,Ki,12500.0,nM,0
CHEMBL5826481,OC(c1ccc(F)c(-c2ncnc3cc(N4CCOCC4)sc23)c1)c1nccnc1Cl,4.9,Ki,12500.0,nM,0
CHEMBL5798926,OC(c1ccc(F)c(-c2ncnc3cc(N4CCOCC4)ccc23)c1)c1nc(Cl)cnc1Cl,4.9,Ki,12500.0,nM,0
CHEMBL5982773,COc1cnc(C(O)c2ccc(F)c(-c3ncnc4cc(N5CCOCC5)ccc34)c2)c(Cl)c1,4.9,Ki,12500.0,nM,0
CHEMBL5842333,OC(c1ccc(F)c(-c2ncnc3cc(N4CCOCC4)ccc23)c1)c1c(Cl)cncc1Cl,4.9,Ki,12500.0,nM,0
CHEMBL6053796,CC(C)(C)Oc1nccnc1C(O)c1ccc(F)c(-c2ncnc3cc(N4CCOCC4)ccc23)c1,4.9,Ki,12500.0,nM,0
CHEMBL5900906,COc1nnccc1C(O)c1ccc(F)c(-c2ncnc3cc(N4CCOCC4)ccc23)c1,4.9,Ki,12500.0,nM,0
CHEMBL6019675,COc1cc(Cl)nnc1C(O)c1cc(-c2ncnc3cc(N4CCOCC4)ccc23)c(F)cc1Cl,4.9,Ki,12500.0,nM,0
CHEMBL4528662,COc1cc(NC(=O)[C@@H]2CCCC[C@H]2C(=O)c2ccc(-c3cc[nH]n3)cc2)ncn1,4.9,IC50,12589.25,nM,0
CHEMBL5759810,OC(c1ccc(F)c(-c2ncnc3cc(N4CCOCC4)ccc23)c1)c1cncc(F)c1Cl,4.9,Ki,12500.0,nM,0
CHEMBL392713,C[C@H]1CCCN1CCCOc1ccc(N2CCN(C(=O)c3cc(F)cc(F)c3)CC2=O)cc1.O=CO,4.9,IC50,12589.25,nM,0
CHEMBL400612,N#Cc1ccc(C(=O)N2CCN(c3ccc(OCCCN4CCCCCC4)cc3)C(=O)C2)cc1.O=CO,4.9,IC50,12589.25,nM,0
CHEMBL238870,O=C(c1ccc(F)cc1)N1CCN(c2ccc(OCCCN3CCCCCC3)cc2)C(=O)C1.O=CO,4.9,IC50,12589.25,nM,0
CHEMBL550849,O=C1N(CCN2CCC(C(F)(F)F)CC2)CCN1c1cccc(Cl)c1F,4.9,IC50,12589.25,nM,0
CHEMBL571456,CC(C)N1CCN(CCN2CCN(c3cccc(C#N)c3)C2=O)CC1,4.9,IC50,12589.25,nM,0
CHEMBL1093113,O=C(NCc1ccc(F)cc1)N(c1ccc(Cl)cc1)C1CCN(CCO)CC1,4.9,IC50,12700.0,nM,0
CHEMBL4226243,Cc1n[nH]c2c1CN(C1=NC(NCc3c(F)cccc3C(F)(F)F)c3cccc(C(N)=O)c3N1)C2,4.9,IC50,12589.25,nM,0
CHEMBL565638,CCCN(C(=O)c1ccc2ccccc2c1)C1CCNCC1,4.9,Ki,12700.0,nM,0
CHEMBL402422,Cc1nc2c3c(ccc2o1)CCN(CCCSc1nnc(-c2ocnc2C)n1C)CC3,4.9,IC50,12589.25,nM,0
CHEMBL5744383,OC(c1cn2ccsc2n1)c1cc(-c2ncnc3cc(N4CCOCC4)ccc23)c(F)cc1F,4.9,Ki,12500.0,nM,0
CHEMBL5796119,COc1nnc(Cl)cc1C(O)c1cc(-c2ncnc3cc(N4CCOCC4)ccc23)c(F)cc1Cl,4.9,Ki,12500.0,nM,0
CHEMBL2158770,N#Cc1cccc(C[C@@H](C(=O)O)N2CCC(CN3CCC(Oc4ccc(Cl)c(Cl)c4)CC3)CC2)c1,4.9,IC50,12589.25,nM,0
CHEMBL2158831,O=C(O)c1ccccc1CN1CCC(CN2CCC(Oc3ccc(Cl)c(Cl)c3)CC2)CC1,4.9,IC50,12589.25,nM,0
CHEMBL1779533,Cc1c2c(n3c1CCCN1CCOC[C@@H]1CNc1cc-3ccc1C(N)=O)CC(C)(C)CC2=O,4.9,IC50,12500.0,nM,0
CHEMBL2158825,O=C(O)Cc1ccccc1N1CCC(CN2CCC(Oc3ccc(Cl)c(Cl)c3)CC2)CC1,4.9,IC50,12589.25,nM,0
CHEMBL2171035,O=C(NS(=O)(=O)c1ccc(Cl)cc1)N1CCC(N2CCC(Oc3ccc(Cl)c(Cl)c3)CC2)CC1,4.9,IC50,12589.25,nM,0
CHEMBL3924012,Cc1c([C@H]2CN3CCN(C(=O)Cc4ccc(-n5cnnn5)nc4)C[C@H]3CO2)ccc(F)c1C#N,4.9,IC50,12500.0,nM,0
CHEMBL6010490,Clc1ccc(-n2cc(Cn3ncnc3C3CCCC3)nn2)cc1,4.9,IC50,12500.0,nM,0
CHEMBL1290503,CC(=O)Nc1cccc(-c2ccc([C@H]3CN(C)C[C@@H]3NS(=O)(=O)C(C)C)cc2)c1,4.9,IC50,12600.0,nM,0
CHEMBL2204242,N#Cc1ccc([C@]2(O)CC[C@H](N3CC(NC(=O)CNC(=O)c4cccc(C(F)(F)F)c4)C3)CC2)cn1,4.9,IC50,12500.0,nM,0
CHEMBL2207665,Cn1cc(C(=O)NC[C@@H](O)CN2CCC(Oc3ccc(Cl)c(Cl)c3)CC2)c(C(F)(F)F)cc1=O,4.9,IC50,12589.25,nM,0
CHEMBL6005452,COc1nccnc1[C@@H](O)c1cc(-c2ncnc3cc(N4CCOCC4)ccc23)c(F)cc1Cl,4.9,Ki,12500.0,nM,0
CHEMBL298475,CN([C@H]1c2cc(OCCCC(F)(F)F)ccc2OC(C)(C)[C@@H]1O)S(C)(=O)=O,4.9,IC50,12600.0,nM,0
CHEMBL2147306,COc1ncc(-c2c(C)ccc(F)c2CCNC(=O)c2ccc(OCC(F)(F)F)nc2)cn1,4.9,IC50,12589.25,nM,0
CHEMBL2147214,Cc1ncc(-c2ccccc2CCNC(=O)c2ccc(OCCC(F)(F)F)nc2)cn1,4.9,IC50,12589.25,nM,0
CHEMBL1290147,N#Cc1ccc2[nH]c([C@H]3CC[C@]4(CC3)CN(c3ccccn3)C(=O)O4)nc2c1,4.9,IC50,12589.25,nM,0
CHEMBL5887139,COc1ncnc(OCCCN)c1-c1cc(Nc2cnc(C#N)cn2)n[nH]1,4.9,IC50,12600.0,nM,0
CHEMBL1771138,Cc1ccc(-c2ccc(N3CC(CNC(=O)c4ccc(-c5nc6cc(C#N)cc(C(C)C)c6o5)cc4)OC3=O)nc2)s1,4.9,IC50,12650.0,nM,0
CHEMBL2022935,CCN(CC)CCCNc1nnc(-c2ccc(NC(=O)c3ccccc3F)cc2)o1,4.9,IC50,12589.25,nM,0
CHEMBL2022940,O=C(Nc1ccc(-c2nnc(NCCCN3CCCCC3)o2)cc1)c1ccccc1Cl,4.9,IC50,12589.25,nM,0
CHEMBL4128560,O=C(c1ccc(-n2nnc3cccnc32)nc1)N(c1ncccc1Cl)[C@@H]1CCCNC1,4.9,Ki,12700.0,nM,0
CHEMBL2023927,CCOc1cc(NC(=O)c2ccccc2F)ccc1-c1nnc(NCCCN2CCCCC2)o1,4.9,IC50,12589.25,nM,0
CHEMBL2021936,O=C(Nc1ccc(-c2nnc(NCCCN3CCN4CCC3CC4)o2)cc1)c1ccccc1F,4.9,IC50,12589.25,nM,0
CHEMBL2022730,O=C(Nc1ccc(-c2nnc(NCCCCN3CCCOCC3)o2)cc1)c1ccccc1F,4.9,IC50,12589.25,nM,0
CHEMBL2022731,O=C(Nc1ccc(-c2nnc(NCCCCN3CCCC3)o2)cc1)c1ccccc1F,4.9,IC50,12589.25,nM,0
CHEMBL2022733,O=C(Nc1ccc(-c2nnc(NCCCCN3CCCCC3)o2)cc1)c1ccccc1F,4.9,IC50,12589.25,nM,0
CHEMBL1241738,Cc1ccc2c(N3CCN(CCc4cccc5c4OCc4nnc(C)n4-5)CC3)cccc2n1,4.9,Ki,12589.25,nM,0
CHEMBL4075394,FC(F)(F)Oc1cccc(-c2ncccc2CC(c2cccnc2)c2cccnc2)c1,4.9,IC50,12700.0,nM,0
CHEMBL471047,Cc1ccc2c(N3CCN(CCc4cccc5c4OCC(=O)N5C)[C@@H](C)C3)cccc2n1,4.9,Ki,12589.25,nM,0
CHEMBL4172217,CN(C)CCNC(=O)[C@@H]1c2ccccc2C[C@H]1NC(=O)c1cc2ccccc2[nH]1,4.9,IC50,12589.25,nM,0
CHEMBL6051413,O=C(NCCN1CCC(c2cccc(C(F)(F)F)n2)CC1)C1CCOCC1,4.9,IC50,12700.0,nM,0
CHEMBL2069402,CN1CCN(c2cccc3c2C[C@H](NC(=O)c2ccc(OCCC(F)(F)F)nc2)CO3)CC1,4.9,IC50,12589.25,nM,0
CHEMBL2069422,COc1ncc(-c2cccc3c2C[C@H](NC(=O)c2ccc(OCCC(F)(F)F)nc2)CO3)cn1,4.9,IC50,12589.25,nM,0
CHEMBL2069427,COc1cnc(-c2cccc3c2C[C@H](NC(=O)c2ccc(COCC(F)(F)F)nc2)CO3)cn1,4.9,IC50,12589.25,nM,0
CHEMBL2069921,c1ccc(CN2CCN(Cc3nc(-c4ccccc4)no3)CC2)cc1,4.9,IC50,12700.0,nM,0
CHEMBL1223753,Cc1cc2c(cc1F)[nH]c(=O)n2C1CCN(C2CCOCC2)CC1,4.9,IC50,12589.25,nM,0
CHEMBL3622958,Cc1nn(-c2ccnc(Nc3ccc4c(c3)c(C)c(C)n4C)n2)cc1CN1CC(O)C1,4.9,IC50,12500.0,nM,0
CHEMBL5900529,NC(=O)C(c1cc(-c2ncnc3cc(N4CCOCC4)ccc23)c(F)cc1F)c1nccn2cccc12,4.9,Ki,12500.0,nM,0
CHEMBL563791,O=C(NC1CCN(Cc2ccn(-c3ccc(C(F)(F)F)cc3)c2)CC1)NC(c1ccccc1)c1ncc[nH]1,4.9,IC50,12700.0,nM,0
CHEMBL513423,O[C@H]1C[C@H](CN2CC[C@H](c3ccc(F)cc3Cl)[C@@H](O)C2)CCc2cccnc21,4.89,IC50,13000.0,nM,0
CHEMBL4748518,CCS(=O)(=O)c1ccc(CNc2nc3cnc(-c4c(OC)ncnc4C4CC4)nc3n(C(C)C)c2=O)nc1,4.89,IC50,13000.0,nM,0
CHEMBL2036766,O=C(Nc1cccc(C(F)(F)F)c1)N1CCN(C[C@@H]2CCCN(C3CC3)C2)CC1,4.89,IC50,13000.0,nM,0
CHEMBL472304,Cc1cc(F)ccc1[C@@H]1CCN(C[C@@H]2CCc3cccnc3[C@@H](O)C2)C[C@H]1O,4.89,IC50,13000.0,nM,0
CHEMBL2043325,COc1cc(N2C(=O)N(c3ccc(-c4ccc(C(=O)O)cc4C)cc3)C(=O)C23CCN(Cc2ncccc2C)CC3)ncn1,4.89,IC50,13000.0,nM,0
CHEMBL4795990,Cc1nc(NC(=O)NCCc2cn(CC(F)F)cn2)sc1C#Cc1cccnc1,4.89,IC50,13000.0,nM,0
CHEMBL566543,CC1(C)Cc2c(CN3CCC4(CC3)CCN(C(=O)c3ccc(N)cn3)CC4)cccc2O1,4.89,IC50,12882.5,nM,0
CHEMBL1289093,CCC(O)(c1cn(Cc2ccc3c(-c4ccccc4)c(CO)sc3c2)nn1)C(F)(F)F,4.89,Ki,13000.0,nM,0
CHEMBL2041170,Cc1cccnc1CN1CCC2(CC1)C(=O)N(c1ccc(-c3ccc(N4CCOCC4)cc3)cc1)C(=O)N2c1cc(O)ncn1,4.89,IC50,13000.0,nM,0
CHEMBL3290347,COc1ccc2ncc(=O)n(CCN3CCC(NCc4cnc(C)c(C#N)c4)CC3)c2n1,4.89,IC50,13000.0,nM,0
CHEMBL2036784,CN1CCN(C)C(C(=O)N2CCN(C(=O)Nc3ccc(Cl)c(Cl)c3)CC2)C1,4.89,IC50,13000.0,nM,0
CHEMBL4575250,C[C@@H]1CN(C(=O)c2ccnc(Nc3nc4cnc(Nc5ccc(F)c(C(F)(F)F)c5)cc4[nH]3)c2)C[C@H](C)N1,4.89,IC50,13000.0,nM,0
CHEMBL4532124,NC(=O)c1cnc2ccc(-c3cccnc3)c(F)c2c1NC1CCOCC1,4.89,IC50,13000.0,nM,0
CHEMBL1289316,CCO[C@H]1CN([C@H]2CC[C@@](O)(c3ccc4c(c3)OCO4)CC2)C[C@@H]1NC(=O)CNC(=O)c1cccc(C(F)(F)F)c1,4.89,IC50,13000.0,nM,0
CHEMBL2010839,CN(C(=O)Cc1ccc(-n2cnnn2)cc1)C1CCN(Cc2ccc(C(F)(F)F)nc2)CC1,4.89,IC50,13000.0,nM,0
CHEMBL3403995,COCCCOc1cc(C(=O)N(C[C@@H]2CNC[C@H]2OC(=O)NCc2ccccc2)C(C)C)ccc1OC,4.89,IC50,13000.0,nM,0
CHEMBL3314362,Cc1cc2c(cc1CN(C)C)CCN(C(=O)c1cc3cc(Cl)ccc3n1C)C2,4.89,IC50,12900.0,nM,0
CHEMBL4633141,O=C(NC1CCOC1)c1n[nH]c2ccc(-c3cccc(F)c3F)cc12,4.89,IC50,13000.0,nM,0
CHEMBL4529465,COc1cc([C@](O)(CCN(C)C)[C@@H](c2cc3cc(Br)ccc3nc2OC)c2cccc(OC)c2F)cc(OC)n1,4.89,IC50,13000.0,nM,0
CHEMBL3407784,CNC(=O)[C@@]12C[C@@H]1[C@@H](n1cnc3c(NC)nc(C#Cc4ccc(Cl)s4)nc31)[C@H](O)[C@@H]2O,4.89,IC50,12900.0,nM,0
CHEMBL3220615,COc1ccc(N2C(=O)C(C)(C)C2c2ccccc2OC)cc1,4.89,IC50,13000.0,nM,0
CHEMBL4750942,CN(C)Cc1cc(-c2ccnc3[nH]c(-c4cccc5c4ccn5C)nc23)nn1C,4.89,IC50,13000.0,nM,0
CHEMBL1950487,CCCS(=O)(=O)n1c2c(c3cc(C(=O)N4CCC(C)CC4)ccc31)CN(C1CCOC1)CC2,4.89,IC50,13000.0,nM,0
CHEMBL4128250,COc1ccc(CCC(=O)N(c2nccc3ccccc23)[C@@H]2CCCNC2)cc1,4.89,Ki,13000.0,nM,0
CHEMBL3235396,CCCCCCCc1[nH]c2ccc([N+](=O)[O-])cc2c(=O)c1CO,4.89,IC50,12870.0,nM,0
CHEMBL2029419,O=C(NCC(=O)N1CC[C@H](N[C@H]2CC[C@@](O)(c3ccc(-c4ccncc4)cn3)CC2)C1)c1cccc(C(F)(F)F)c1,4.89,IC50,13000.0,nM,0
CHEMBL4128079,C[C@]12CCC(F)(F)C[C@H]1C[C@@H](N1CCC[C@@H](N)C1)[C@@H]2Oc1ccc(C#N)cc1,4.89,IC50,13000.0,nM,0
CHEMBL1951893,CCN(C(=O)Cc1ccc(S(C)(=O)=O)cc1)C1CCN(CCC(c2ccccc2)N2CCN(c3ccccc3)CC2)CC1,4.89,IC50,13000.0,nM,0
CHEMBL1923126,O=C1O[C@@]2(CCNC[C@@H]2C(=O)N(Cc2cccc(C(F)(F)F)c2Cl)C2CC2)c2cc(F)c(F)cc21,4.89,Ki,13000.0,nM,0
CHEMBL1957796,CC(=O)NCCc1ccccc1-c1ccc([C@H]2CNCC[C@@]23OC(=O)c2cc(F)c(F)cc23)c(C)c1,4.89,IC50,12900.0,nM,0
CHEMBL1956107,CN[C@H]1CC[C@@H](N2CCc3ccc(NC(=N)c4cccs4)cc32)CC1,4.89,IC50,13000.0,nM,0
CHEMBL4780809,C[C@@H]1Cc2c(ccc3[nH]ncc23)[C@@H](c2ccc(N[C@H]3CCN(CCCF)C3)cn2)N1CC(F)(F)F,4.89,IC50,13000.0,nM,0
CHEMBL1951032,COc1c(Nc2ccc(S(C)(=O)=O)nc2C)ncnc1OC1CCN(C(=O)OC(C)C)CC1,4.89,IC50,13000.0,nM,0
CHEMBL1939744,CCN(C)C(=O)c1ccc([C@H](c2cccc(NC(=O)C3CC3)c2)N2CCN(CCCOC)CC2)cc1,4.89,IC50,13000.0,nM,0
CHEMBL5766304,COCC(C)(C)C(=O)NCCN1CCC(c2cccc(C(F)(F)F)n2)CC1,4.89,IC50,12800.0,nM,0
CHEMBL5975800,CCOC(=O)CO[C@H](c1ccccc1)[C@H](CNC)c1ccc2ccccc2c1,4.89,IC50,13000.0,nM,0
CHEMBL5923194,Cc1cccc(-c2ccc(/C=C/[C@@H]3[C@@H]4[C@@H](C)OC(=O)[C@]4(C(N)=O)CC(F)(F)[C@H]3C)nc2)c1F,4.89,IC50,13000.0,nM,0
CHEMBL3688390,NC(=O)Nc1ccc(OC[C@@H](O)CN2CCN(c3ccc(Cl)cc3)CC2)cc1,4.89,Ki,13000.0,nM,0
CHEMBL2315932,O=C(CNc1ncnc2ccc(C(F)(F)F)cc12)NC1CN([C@H]2CC[C@@H](c3ccc(O)cn3)CC2)C1,4.89,IC50,12900.0,nM,0
CHEMBL5828171,CNC[C@H](C[C@H](O)c1ccccc1)c1ccc2ccccc2c1,4.89,IC50,13000.0,nM,0
CHEMBL2382415,N#Cc1cnccc1COc1cnc(N2CC3CCC(C2)N3C(=O)OCC(F)(F)F)nc1,4.89,IC50,13000.0,nM,0
CHEMBL1939753,CCN(C)C(=O)c1ccc([C@H](c2cccnc2)N2CCN(Cc3ccccn3)CC2)cc1,4.89,IC50,13000.0,nM,0
CHEMBL2376805,CNC1CN(c2nc(N)nc3cc(C(C)C)cnc23)C1,4.89,Ki,12882.5,nM,0
CHEMBL4206036,O=c1c2cc(Cc3ccc(Cl)nc3)c3ccccc3c2ncn1[C@H]1CCCC[C@@H]1O,4.89,IC50,13000.0,nM,0
CHEMBL3670638,COc1ccc(-c2nnc(C(=O)N3CC(Oc4ccc(CN5CC6(CCCO6)C5)cc4)C3)o2)cc1,4.89,IC50,13000.0,nM,0
CHEMBL1795908,Cn1ccc([C@H]2CCNC[C@@H]2C(=O)N(Cc2cccc(Cl)c2Cl)C2CC2)cc1=O,4.89,Ki,13000.0,nM,0
CHEMBL2326483,Nc1nc2cc3c(cc2s1)CCN(Cc1ccccn1)CC3,4.89,IC50,13000.0,nM,0
CHEMBL2326490,Nc1nc2cc3c(cc2s1)CCN(C1CC1)CC3,4.89,IC50,13000.0,nM,0
CHEMBL2338406,CC(C)(C)NC(=O)NCCN1CCC(CNC(=O)c2cc(Cl)cc(Cl)c2)CC1,4.89,IC50,13000.0,nM,0
CHEMBL2337977,CC(C)(C)NC(=O)NCCN1CC(NC(=O)c2cc(Cl)cc(Cl)c2)C1,4.89,IC50,13000.0,nM,0
CHEMBL2336328,C[C@@H]1CN(c2nc(N3CCOCC3)c3ccc(-c4cccc(CNCCO)c4)nc3n2)C[C@H](C)O1,4.89,IC50,13000.0,nM,0
CHEMBL2333637,CN1CCC(COCc2cc(C(F)(F)F)cc(C3CC3)n2)(c2ccc(F)cc2)CC1,4.89,IC50,13000.0,nM,0
CHEMBL2333635,C/C=C/c1cc(C(F)(F)F)cc(COCC2(c3ccc(F)cc3)CCN(C)CC2)n1,4.89,IC50,13000.0,nM,0
CHEMBL2441417,Cc1c(CCN2CCN(C(=O)Cc3ccc(-n4cnnn4)cc3)CC2)ccc2c1COC2=O,4.89,IC50,13000.0,nM,0
CHEMBL1784517,Cc1nc2ccccc2n1C1CC2CCC(C1)N2CCC1(c2cccc(F)c2)CCN(C(=O)c2cc(S(=O)(=O)NC(C)C)c(F)cc2Cl)CC1,4.89,IC50,12882.5,nM,0
CHEMBL2333646,CN1CCC(COCc2cncc(Br)c2)(c2ccccc2)CC1,4.89,IC50,13000.0,nM,0
CHEMBL5080010,O=C1NC2(CC2)COc2ncc(F)cc2[C@H]2COCCN2c2ccn3ncc1c3n2,4.89,IC50,13000.0,nM,0
CHEMBL2059313,O=C1COc2ccccc2N1CCCN1CCC(n2c(=O)[nH]c3cccnc32)CC1,4.89,IC50,13000.0,nM,0
CHEMBL301692,COc1ccc(-c2cc(=O)c3cc(Cl)ccc3o2)cc1,4.89,IC50,13000.0,nM,0
CHEMBL4752290,COCCOc1cc(NC(=O)N2CCCc3cc(CN4C[C@@H](C)N[C@@H](C)C4)c(C=O)nc32)ncc1C#N,4.89,IC50,13000.0,nM,0
CHEMBL4764126,COc1nc2ccccc2cc1-c1nnc([C@H](CCCCNC(=O)c2ccccc2SC)NC(=O)c2cncs2)o1,4.89,IC50,13000.0,nM,0
CHEMBL1200749,CCCCN1CCCC[C@H]1C(=O)Nc1c(C)cccc1C.Cl,4.89,IC50,13000.0,nM,0
CHEMBL4781765,C[C@H](Oc1cc2cc(C(N)=O)ccc2nc1N)c1cc2[nH]ncc2cc1-n1cccn1,4.89,Ki,13000.0,nM,0
CHEMBL2069924,c1ccc(-c2noc(CN3CCN(Cc4nc5ccccc5s4)CC3)n2)cc1,4.89,IC50,13000.0,nM,0
CHEMBL1824044,COc1ccc2c(c1)N(CCN1CCC(NCc3ccc4c(n3)NC(=O)CO4)CC1)C(=O)CO2,4.89,IC50,12900.0,nM,0
CHEMBL4875871,Cc1c(N2CCC(C3(N)CC3)C2)c(F)cc2c(-c3n[nH]c(=O)o3)cc(=O)n(C3CC3)c12,4.89,IC50,13000.0,nM,0
CHEMBL1171646,c1ccc(N2CCN(CCCCCCN3CCN(c4ccccn4)CC3)CC2)cc1,4.89,Ki,13000.0,nM,0
CHEMBL1813057,C[C@@H]1CCCN1CCCOc1ccc(-c2ccc(=O)n(C)n2)cc1,4.89,IC50,13000.0,nM,0
CHEMBL1673437,CCCC1NC(C)C2C(=O)N=C(c3cc(S(=O)(=O)N4CCN(CC)CC4)ccc3OCC)NN12,4.89,IC50,12882.5,nM,0
CHEMBL4866102,c1ccc(COc2cccc(-c3nc4sccn4c3-c3ccncn3)c2)cc1,4.89,IC50,12830.0,nM,0
CHEMBL1087268,Cc1cnc(Nc2cc(N3CCN(C)CC3)nc(N[C@@H](C)c3ccc(F)cn3)n2)s1,4.89,IC50,13000.0,nM,0
CHEMBL1078169,CC(C)CN(C(=O)c1ccccc1C(C)C)[C@H]1CCNC1,4.89,IC50,12900.0,nM,0
CHEMBL1916534,COc1ccc2c(c1)N(CCN1CCC(NCc3cc4c(cn3)OCCO4)CC1)C(=O)CO2,4.89,IC50,13000.0,nM,0
CHEMBL2441427,O=C1OCc2cc(CCN3CCN(C(=O)Cc4ccc(-n5cnnn5)cc4)CC3)cc(F)c21,4.89,IC50,13000.0,nM,0
CHEMBL1289558,CC[C@](O)(c1cn(Cc2ccc3c(-c4ccc(F)cc4)c(C(N)=O)sc3c2)nn1)C(F)(F)F,4.89,Ki,13000.0,nM,0
CHEMBL2203713,N=C(Nc1ccc2c(c1)CCN2C1CCNCC1)c1cccs1,4.89,IC50,13000.0,nM,0
CHEMBL1083118,CNC[C@@H](O)CCN1c2ccccc2N(c2cc(F)ccc2F)S1(=O)=O,4.89,IC50,13000.0,nM,0
CHEMBL384030,CS(=O)(=O)N1CCN(Cc2ccc3c(c2)CC[C@H](N2CCN(CCc4ccc(F)cc4)CC2=O)C3)CC1,4.89,IC50,13000.0,nM,0
CHEMBL470951,Cc1cccnc1-n1cc(CN2CCC3(CC2)OCc2ccccc23)c(C)n1,4.89,IC50,13000.0,nM,0
CHEMBL4545593,CNC(C(=O)N[C@](Cc1ccccc1)(c1ccc(F)cc1)c1cc(F)cc(C(F)(F)F)c1)C(O)(C(F)(F)F)C(F)(F)F,4.89,IC50,13000.0,nM,0
CHEMBL1836215,Cc1c(-c2noc(-c3ccc(OC(C)C)c(C#N)c3)n2)ccc2c1CCN(C(CO)CO)C2,4.89,IC50,12882.5,nM,0
CHEMBL559118,C[C@@H]1CCCN1CCc1ccc(-c2ccc(S(=O)(=O)NC3CCOCC3)cc2)cc1,4.89,IC50,12789.47,nM,0
CHEMBL523374,CNc1noc2c(-c3ccc4c(N5CCOC[C@@H]5C)nncc4c3)c(C)ccc12,4.89,IC50,13000.0,nM,0
CHEMBL3622175,COCc1cnc(N2CCC([C@H]3C[C@H]3COCc3ccc(S(C)(=O)=O)cc3F)CC2)nc1,4.89,IC50,13000.0,nM,0
CHEMBL4442663,Nc1n[nH]c(N2CCC(N3C[C@@H](O)C[C@@H]3Cc3ccc(Cl)cc3)CC2)n1,4.88,IC50,13200.0,nM,0
CHEMBL2017583,COc1cc(-c2cn([C@H]3C[C@@H](C(F)(F)F)CN(CC(F)(F)F)C3=O)nn2)ccc1-n1cnc(C)c1,4.88,IC50,13100.0,nM,0
CHEMBL460491,CC1(C)CN2C(CS/C(=N\C3CCCCC3)NC3CCCCC3)=CSC2=N1,4.88,IC50,13240.0,nM,0
CHEMBL4554862,CCOc1cc([C@](O)(CCN(C)C)[C@@H](c2cc3cc(Br)ccc3nc2OC)c2cccc3c2OCCO3)cc(OCC)n1,4.88,IC50,13300.0,nM,0
CHEMBL3099961,CNC(=O)Nc1ccc(O)cc1OC[C@@H](O)CN1CCC2(CC1)Cc1cc(F)ccc1O2,4.88,IC50,13100.0,nM,0
CHEMBL4574644,FC(F)(F)c1ccc2[nH]c(-c3ccc(-c4ccc(N5CCOCC5)nc4)cc3)nc2c1,4.88,Ki,13040.0,nM,0
CHEMBL4553144,COc1ccc(-c2nn(-c3cccc(NC(=O)c4cccc(C(F)(F)F)c4)c3)cc2-c2ccncc2)cc1Cl,4.88,IC50,13070.0,nM,0
CHEMBL3892879,COc1ccc2[nH]c3c(c2c1)C[C@H]1c2cc4c(cc2CCN1C3)OCO4,4.88,IC50,13200.0,nM,0
CHEMBL1951766,Cc1ccc([C@]2(O)CC[C@H](N3CC[C@@H](NC(=O)CNC(=O)c4cccc(C(F)(F)F)c4)C3)CC2)cc1,4.88,IC50,13200.0,nM,0
CHEMBL3922902,COc1ccc(C(=O)Nc2csc([C@]34CO[C@@H](C)C[C@H]3CSC(N)=N4)n2)nc1,4.88,IC50,13100.0,nM,0
CHEMBL1642912,NCC[C@@H]1Cc2ccccc2[C@H](c2ccc(Cl)c(Cl)c2)C1,4.88,IC50,13100.0,nM,0
CHEMBL2331605,C[C@@H]1CN(c2nc(N3CCOC[C@@H]3C)c3ncc(-c4ccccc4)nc3n2)C[C@H](C)O1,4.88,IC50,13200.0,nM,0
CHEMBL4096821,N#C[C@H]1CCOC[C@@H]1n1cc(C(N)=O)c(Nc2ccc(-n3ccnn3)cc2)n1,4.88,IC50,13200.0,nM,0
CHEMBL5091583,O=C(c1c(-c2ccc(O)cn2)oc2ccc(O)c(CN3CCCCC3)c12)N1CCC1,4.88,IC50,13200.0,nM,0
CHEMBL215526,CCN(CC)Cc1ccc2c(c1)CC[C@H](N1CCN(CCC3CCCS3)CC1=O)C2,4.88,IC50,13200.0,nM,0
CHEMBL2204278,O=C(N[C@H]1CCCC[C@@H]1O)c1cc(CN2CCN(c3cc4scnc4cn3)CC2)c2ccccn2c1=O,4.88,IC50,13100.0,nM,0
CHEMBL398612,Cc1[nH]nc2c1c(=O)n(C[C@H](F)CN)c1cc(C3CCCCC3)c(C3CCCCC3)cc21,4.88,IC50,13200.0,nM,0
CHEMBL4531058,CN1CCN(c2ccc(Nc3nccc(-c4sc(C5CCNCC5)nc4-c4ccc(F)cc4)n3)cc2)CC1,4.88,IC50,13200.0,nM,0
CHEMBL2010824,CCC(NCCCC[C@@H](Cc1cc(C)c(F)c(C)c1)C(=O)NO)c1ccc(F)cc1,4.88,IC50,13300.0,nM,0
CHEMBL2058831,CC(C)[C@@H]1c2nc(-c3ccc(F)cc3)c(Nc3ccc(F)c(Cl)c3)n2CCN1C(=O)CN,4.87,IC50,13400.0,nM,0
CHEMBL2058833,CC1(C)c2nc(-c3ccc(F)cc3)c(Nc3ccc(F)cc3)n2CCN1C(=O)CN,4.87,IC50,13400.0,nM,0
CHEMBL5797760,COC(=O)c1ccc(-c2ccn3c(CC4CC4(F)F)nnc3c2Cl)c(F)c1,4.87,IC50,13440.0,nM,0
CHEMBL551615,CCN1CCc2cc(C3=CC4(CCNCC4)Oc4ccccc43)ccc2C1=O,4.87,IC50,13500.0,nM,0
CHEMBL2024382,NS(=O)(=O)c1ccc(OCCCCN2CCCCC2)cc1,4.87,IC50,13600.0,nM,0
CHEMBL1956995,COc1ccc2cccc(Oc3ccc4nc(C)n(C[C@H]5CCCN(C(C)C)C5)c(=O)c4n3)c2n1,4.87,IC50,13600.0,nM,0
CHEMBL1829633,O=C(CNC(=O)c1cccc(C(F)(F)F)c1)NC1CN([C@H]2CC[C@](O)(c3ccc4c(c3)OCO4)CC2)C1,4.87,IC50,13500.0,nM,0
CHEMBL4071141,Cc1c([C@@H](O)CN2CCC3(CC2)CCN(c2ccc(=O)n(C4CCCC4)n2)C3=O)ccc2c1COC2=O,4.87,IC50,13500.0,nM,0
CHEMBL484931,CS(=O)(=O)c1ccc(-c2cccc(-n3cc(C(=O)NC4CC4)c(=O)c4cccnc43)c2)cn1,4.87,IC50,13600.0,nM,0
CHEMBL3593771,N#Cc1ccc(N2CCC(Nc3c(C(N)=O)cnc4[nH]ccc34)CC2)nc1,4.87,IC50,13400.0,nM,0
CHEMBL1956992,Cc1nc2ccc(Oc3ccc4c(c3)OCO4)nc2c(=O)n1C[C@H]1CCCN(C(C)C)C1,4.87,IC50,13598.78,nM,0
CHEMBL5765113,COc1nccc(OCCCN)c1-c1cc(Nc2cnc(C#N)cn2)n[nH]1,4.87,IC50,13600.0,nM,0
CHEMBL4211893,CC(C1CC1)n1cc(Nc2nc(N)nc(-c3cccc(-n4ccc5cc(C6CC6)cc(F)c5c4=O)c3CO)n2)cn1,4.87,IC50,13500.0,nM,0
CHEMBL1089344,Cc1[nH]c2ccccc2c1C1CCN(Cc2ccc(/C=C/C(=O)NO)cc2)C1,4.87,IC50,13400.0,nM,0
CHEMBL1094042,CC(C)(C)c1[nH]c2ccccc2c1C1CCCN(Cc2ccc(/C=C/C(=O)NO)cc2)C1,4.87,IC50,13500.0,nM,0
CHEMBL2315928,COc1cccc([C@]2(O)CC[C@H](N3CC(NC(=O)CNc4ncnc5ccc(C(F)(F)F)cc45)C3)CC2)n1,4.87,IC50,13400.0,nM,0
CHEMBL3400820,O=C1COc2ccc(CNC34CCC(CC5(F)Cn6c(=O)ccc7ncc(F)c5c76)(CC3)OC4)nc2N1,4.86,IC50,13800.0,nM,0
CHEMBL4062728,C[C@@]1(c2cc(CNC3(C(F)F)CC3)c(F)cc2F)CCSC(N)=N1,4.86,IC50,13700.0,nM,0
CHEMBL2322000,Clc1ccc([C@@H]2CC=CCNC2)cc1Cl,4.86,IC50,13700.0,nM,0
CHEMBL6052945,Cc1cnc(C(F)(F)CN2CCC(Nc3ncnc4[nH]ccc34)CC2)cn1,4.86,IC50,13800.0,nM,0
CHEMBL3422246,Cn1cc([C@H]2C[C@H]3[C@@H](CF)SC(N)=N[C@@]3(c3ccc(F)cc3F)CO2)cn1,4.86,IC50,13800.0,nM,0
CHEMBL4781849,CC[C@@H](c1nc2cccc(F)c2c(=O)n1C1CC1)n1nc(-c2ccc(OC)c(F)c2)c2c(N)ncnc21,4.86,IC50,13800.0,nM,0
CHEMBL516,CN1CCC(=C2c3ccccc3C=Cc3ccccc32)CC1,4.86,Ki,13967.9,nM,0
CHEMBL481920,CN(C(=O)N1CC(c2cc(F)ccc2F)=C[C@@]1(CO)c1ccccc1)C1CCN(CCF)CC1,4.86,IC50,13800.0,nM,0
CHEMBL3763999,Cl.N[C@H](CO)c1cc(C(=O)N[C@@H]2CCc3ccc(Oc4ccnc5c4CCC(=O)N5)cc3C2)cc(C(F)(F)F)c1,4.86,IC50,13800.0,nM,0
CHEMBL5994427,COc1cncc(OC[C@@H](C)CN)c1-c1cc(Nc2cnc(C#N)cn2)n[nH]1,4.86,IC50,13900.0,nM,0
CHEMBL2017107,CC(=O)NCCc1ccccc1-c1onc([C@H]2CNCC[C@]2(O)c2ccc(F)c(F)c2)c1C(C)=O,4.86,Ki,13700.0,nM,0
CHEMBL1836253,COC(=O)C1(CNC(=O)c2cc(Cl)cc(Cl)c2)CCN(CC2=Cc3ccccc3OC2(C)C)CC1,4.86,IC50,13830.0,nM,0
CHEMBL1092109,O=C(NCc1ccccc1)N(c1ccc(Br)cc1)C1CCN(Cc2ccnnc2)CC1,4.86,IC50,13800.0,nM,0
CHEMBL4078773,COc1ccc(-c2cc3c(N[C@@H]4CC[C@](C)(N)C4(C)C)c(C(N)=O)cnn3c2)cc1,4.86,IC50,13800.0,nM,0
CHEMBL2334275,O[C@H](COc1ccc(C(F)(F)F)cc1)CN1CCN(Cc2c(F)cccc2Cl)CC1,4.86,IC50,13970.0,nM,0
CHEMBL4061602,C[C@@H](NCc1cc([C@]2(C)CCSC(N)=N2)c(F)cc1F)C(F)(F)F,4.86,IC50,13900.0,nM,0
CHEMBL1829335,C[C@@H]1CCCN1CCCOc1ccc(-c2ccc(=O)[nH]n2)cc1,4.86,IC50,13800.0,nM,0
CHEMBL2164374,CC(C)(C)OC(=O)N1CCC(N2C(=O)c3ccccc3C2C(=O)NCc2ccc(OC(F)(F)F)cc2)CC1,4.85,IC50,14000.0,nM,0
CHEMBL2164373,O=C(NCc1ccc(OC(F)(F)F)cc1)C1c2ccccc2C(=O)N1C1CCC(F)(F)CC1,4.85,IC50,14000.0,nM,0
CHEMBL4097890,COc1ccc2ncc(F)c([C@@H](O)CC[C@@H]3CCN(C4CC(c5cc(F)cc(F)c5)C4)C[C@@H]3C(=O)O)c2c1,4.85,IC50,14100.0,nM,0
CHEMBL5955495,O=C(Nc1ccc([C@H]2CNCCO2)cc1)c1ccc(Cl)cn1,4.85,IC50,14260.0,nM,0
CHEMBL4784783,CNC(=O)c1nc(C)n2ccc(Nc3nccc(-n4cc([C@@H]5C[C@H](O)CN5C)cn4)n3)cc12,4.85,IC50,14000.0,nM,0
CHEMBL4751607,Cc1noc(C2CCN(C(=O)/C=C/c3ccc(C(F)(F)F)cc3Cn3nnc(C)n3)CC2)n1,4.85,IC50,14000.0,nM,0
CHEMBL1951915,CCN(C(=O)Cc1ccc(S(C)(=O)=O)cc1)C1CCN(CC[C@@H](c2cc(F)cc(Cl)c2)C2CCN(S(C)(=O)=O)CC2)CC1,4.85,IC50,14000.0,nM,0
CHEMBL562870,COc1cccc2c1OC(c1ccc(OC3CCN(C4CCC4)CC3)cc1)C(C)S2(=O)=O,4.85,IC50,14000.0,nM,0
CHEMBL5838279,C[C@@H]1Cc2c(ccc3[nH]nc(F)c23)[C@@H](c2ccc(NC3CN(CCCF)C3)cn2)N1CC(F)(F)F,4.85,IC50,14000.0,nM,0
CHEMBL4799793,Clc1ccc2c(c1)CCCc1nnc([C@H]3CC[C@H](Oc4ccccn4)CC3)n1-2,4.85,IC50,14000.0,nM,0
CHEMBL1939736,CCN(CC)C(=O)c1ccc([C@H](c2cccc(NC(=O)OC)c2)N2CCN(Cc3cncs3)CC2)cc1,4.85,IC50,14000.0,nM,0
CHEMBL2164391,O=C(NCc1ccc(CC(F)(F)F)cc1)C1c2ccccc2C(=O)N1CCc1ccccn1,4.85,IC50,14000.0,nM,0
CHEMBL1818303,CN(C)CCC1CCN(c2cc(C(=O)NC[C@H]3CC[C@H](CNC(=O)OCC(C)(C)C)CC3)c3ccccc3n2)CC1,4.85,IC50,14000.0,nM,0
CHEMBL3354691,CC(C)(O)C#Cc1ccc2c(c1)[C@]1(COC(N)=N1)c1cc(-c3cncnc3)ccc1O2,4.85,Ki,14000.0,nM,0
CHEMBL428777,C[C@@H](Oc1cccc2ncnc(Nc3ccc(OCc4ccccn4)c(Cl)c3)c12)C(=O)N(C)C,4.85,IC50,14000.0,nM,0
CHEMBL4104889,C[C@](N)(CF)c1nc(-c2ccc(OC(F)(F)F)cc2)c[nH]1,4.85,IC50,14000.0,nM,0
CHEMBL500945,CCSc1ncccc1C(=O)N1CC[C@H](NCc2cncn2Cc2ccc(C#N)cc2)C1=O,4.85,IC50,14000.0,nM,0
CHEMBL3787686,CCCCC(=O)O[C@@H](C(=O)N1N=CC[C@H]1C(=O)NCc1cc(Cl)ccc1-n1cnnn1)c1ccc(F)cc1,4.85,IC50,14000.0,nM,0
CHEMBL1289557,CC[C@](O)(c1cn(Cc2ccc3c(-c4cccc(F)c4)c(C(N)=O)sc3c2)nn1)C(F)(F)F,4.85,Ki,14000.0,nM,0
CHEMBL216741,CN(C)Cc1ccc2c(c1)CC[C@H](N(C)C(=O)c1ccc(-c3ccc(Cl)cn3)cc1)C2,4.85,IC50,14000.0,nM,0
CHEMBL3330655,C[C@H](CO)CONC(=O)c1ncc2cncn2c1Nc1ccc(I)cc1F,4.85,IC50,14000.0,nM,0
CHEMBL3577942,CCC[C@@H]1C[C@H](N(C)C(C)C)CC[C@@H]1N1CC[C@H](NC(=O)c2cc(C(F)(F)F)ccc2NC(=O)NCC)C1=O,4.85,IC50,14000.0,nM,0
CHEMBL4172761,CO[C@H]1C[C@@H](n2c(=O)n(C)c3cnc4cc(F)c(-c5ccc(CS(C)(=O)=O)nc5)cc4c32)C1,4.85,IC50,14000.0,nM,0
CHEMBL172854,CCn1nc(Cc2ccccc2)cc1C1CCN(C[C@H]2CN([C@@H](C(=O)O)C(C)(C)C)C[C@@H]2c2cccc(F)c2)CC1,4.85,Ki,14000.0,nM,0
CHEMBL4634827,CO[C@H]1CCN(Cc2c(C)cc(C)c3[nH]ccc23)[C@H](CO)C1,4.85,IC50,14000.0,nM,0
CHEMBL4098878,NC(=O)c1cnc(N[C@H]2CCCNC2)c2cc(-c3cccc(F)c3)sc12,4.85,IC50,14200.0,nM,0
CHEMBL4109904,O=C(Nc1ccc([C@H]2CNCCO2)cc1)c1ccc(Cl)nc1,4.85,IC50,14260.0,nM,0
CHEMBL1090160,OC(c1cccnc1)(c1cccnc1)C(c1ccccc1)N1CCCCC1,4.85,IC50,14000.0,nM,0
CHEMBL4210892,Cn1cnc(-c2cnc(O[C@H]3CCN(C(=O)Cc4ccc(OC(F)(F)F)cc4)C[C@H]3F)c(C(N)=O)c2)c1,4.85,IC50,14000.0,nM,0
CHEMBL3218912,CCOc1cccc(-n2cc3nc(-c4cccnc4C)n(C[C@H]4CCCN(C[C@H]5CCCO5)C4)c(=O)c3n2)c1,4.85,IC50,14000.0,nM,0
CHEMBL4085107,CCOC(=O)[C@@H]1C2CCC(C[C@@H]1OC(c1ccc(F)cc1)c1ccc(F)cc1)N2CCc1c[nH]c2ccccc12,4.85,IC50,14000.0,nM,0
CHEMBL186873,COc1cc2c(cc1OC)C1Cc3ccc(OC)c(OC)c3C(Cc3ccccc3)N1CC2,4.85,IC50,14000.0,nM,0
CHEMBL1909986,Cc1nc2cn(Cc3ccccc3)cc2c(-c2ccc(Cl)cc2Cl)c1CN,4.85,IC50,14000.0,nM,0
CHEMBL2333618,CCN(CC)c1cc(C(F)(F)F)cc(COCC2(c3ccc(F)cc3)CCN(C)CC2)n1,4.85,IC50,14000.0,nM,0
CHEMBL2036759,O=C(Nc1ccc(F)c(Cl)c1)N1CCN(C[C@@H]2CCCN(C3CC3)C2)CC1,4.85,IC50,14000.0,nM,0
CHEMBL3960323,CO[C@H]1C[C@@H](n2c(=O)n(C)c3cnc4ccc(-c5ccc(OCCCN6CCCCC6)nc5)cc4c32)C1,4.85,IC50,14000.0,nM,0
CHEMBL409849,O=C(c1cc[n+]([O-])cc1)N1CCC2(CCN(Cc3cccc(Oc4ccccc4)c3)CC2)CC1,4.85,IC50,14125.38,nM,0
CHEMBL220360,C[C@H](NC(=O)C(C)(C)Oc1ccc(C(F)(F)F)cn1)[C@@H](Cc1ccc(Cl)cc1)c1cccc(C#N)c1,4.85,IC50,14200.0,nM,0
CHEMBL3121095,O=C1NN=C(c2ccc(OC3CCN(C4CCC4)CC3)cc2)[C@H]2C[C@@H]12,4.85,IC50,14000.0,nM,0
CHEMBL2035000,O=C(Nc1ccc(Cl)cc1)N1CCN(C[C@@H]2CCCN(C3CC3)C2)CC1,4.85,IC50,14000.0,nM,0
CHEMBL4475317,COc1cc(C(=O)N2C[C@@H](n3cc(C4CC4)nn3)C[C@H]2C(=O)N2CC[C@H](c3ccccc3)C2)ccc1CN,4.85,IC50,14000.0,nM,0
CHEMBL4083549,CN(Cc1ccc(C(F)(F)F)nc1)c1cc(C(=O)Nc2nncs2)ncn1,4.85,IC50,14000.0,nM,0
CHEMBL1809075,COc1cc(N2CCN(C(=O)[C@@H](C)N)CC2)ccc1Nc1ncc(Cl)c(-c2cnc3ccccn23)n1,4.85,IC50,14000.0,nM,0
CHEMBL1809069,COc1cc(N2CCN(C(=O)CO)CC2)ccc1Nc1ncc(Cl)c(-c2cnc3ccccn23)n1,4.85,IC50,14000.0,nM,0
CHEMBL2441423,Cc1cc2c(cc1CCN1CCN(C(=O)Cc3ccc(-n4cnnn4)cc3)CC1)COC2=O,4.85,IC50,14000.0,nM,0
CHEMBL4871068,CC[C@H](NC(=O)c1ccc(Cl)cc1)[C@@H]1[C@@H]2C[C@@H](n3cnc4ccc(F)cc43)C[C@@H]21,4.85,IC50,14000.0,nM,0
CHEMBL188678,O=c1cc(N2CCOCC2)oc2c(-c3cccc4c3sc3ccccc34)cccc12,4.85,IC50,14000.0,nM,0
CHEMBL5076356,O=C1c2nc3cccc(-c4ccccc4)c3n2CCN1CC1CC1,4.85,IC50,14000.0,nM,0
CHEMBL2409402,COc1cc2nnc(C(N)=O)c(Nc3ccc(C)cc3F)c2cc1N1CCCN(CCO)CC1,4.85,IC50,14000.0,nM,0
CHEMBL2409410,COc1cc2nnc(C(N)=O)c(Nc3ccc(C)cc3F)c2cc1C1CCN(CCO)CC1,4.85,IC50,14000.0,nM,0
CHEMBL2325217,C[n+]1c(C#CCOc2ccccc2)cccc1C#CCOc1ccccc1,4.85,IC50,14014.0,nM,0
CHEMBL3785343,CN(Cc1ccc(OC2CN(C(=O)c3nnc(-c4ccccc4)o3)C2)cc1)CC1(C)COC1,4.85,IC50,14000.0,nM,0
CHEMBL4279018,CN(c1ccc(-c2cc3cnccc3cc2O)nn1)C1CC(C)(C)NC(C)(C)C1,4.85,IC50,14000.0,nM,0
CHEMBL4127311,CN(C)c1cncc(-c2ccc(C(=O)N(c3ncccc3Cl)[C@@H]3CCCNC3)cc2)n1,4.85,Ki,14100.0,nM,0
CHEMBL2403338,Cc1ccc(Cn2cnc(=O)c3cc(Oc4ncccc4C(F)(F)F)ccc32)c(F)c1,4.85,IC50,14000.0,nM,0
CHEMBL562905,O=C(CC1CCN(Cc2ccn(-c3ccc(C(F)(F)F)cc3)c2)CC1)N1CCN(C(=O)N2CCCC2)CC1,4.85,IC50,14000.0,nM,0
CHEMBL4464943,C[C@H](O)CN(CCc1ccc(Cl)cc1)C1CCN(c2nc(N)n[nH]2)CC1,4.85,IC50,14000.0,nM,0
CHEMBL3612814,Cc1nc(C(O)CN2CCN(C[C@H](O)c3ccc4c(c3C)COC4=O)CC2)ccc1C#N,4.85,IC50,14000.0,nM,0
CHEMBL4059723,CC1(C(=O)N2CCO[C@@H](c3nc(-c4ccc(C(=O)Nc5cc(C(F)(F)F)ccn5)cc4F)c4c(N)nccn34)C2)CCC1,4.85,IC50,14000.0,nM,0
CHEMBL4548927,COCc1ccc(-c2ccc3ncc(C(N)=O)c(N[C@@H](C)c4ccn(C)n4)c3c2)c(F)n1,4.85,IC50,14000.0,nM,0
CHEMBL3415591,Cc1cc(C)nc(Nc2cc(NC[C@@H](N)CCS(C)(=O)=O)cnc2C(N)=O)c1,4.85,IC50,14000.0,nM,0
CHEMBL4639022,CN1C(C)(C)CC(Nc2nc3c(-c4ccc(C(=O)N5CCN(S(C)(=O)=O)CC5)cc4)cnn3c(N)c2-c2ccccc2)CC1(C)C,4.85,IC50,14000.0,nM,0
CHEMBL583430,COc1ccc(CCCN2C(=O)N(NS(C)(=O)=O)C[C@@H]2c2ccc(OC)cc2)cc1,4.85,IC50,14100.0,nM,0
CHEMBL5978414,Cc1ncnn1Cc1cn(-c2ccc(Cl)cc2)nn1,4.84,IC50,14300.0,nM,0
CHEMBL2325203,Cc1ccc(CCOCC#Cc2cccc(C#CCOCCc3ccc(C)cc3)[n+]2C)cc1,4.84,IC50,14426.0,nM,0
CHEMBL4293287,COc1cc2nccc(Nc3n[nH]c(C)c3C)c2cc1S(=O)(=O)C(C)(C)C,4.84,IC50,14500.0,nM,0
CHEMBL3093981,CCCCN(CC)CC#CCOc1ccc(Cl)cc1,4.84,IC50,14443.0,nM,0
CHEMBL5888503,CCN(CCN1CCC(n2ncc3cc(F)ccc32)CC1)S(=O)(=O)CCO,4.84,IC50,14500.0,nM,0
CHEMBL2322611,COCCCOc1cc(C(=O)N(C[C@@H]2CNC[C@H]2Cc2ccccc2)C(C)C)ccc1OC.Cl,4.84,IC50,14500.0,nM,0
CHEMBL2204249,CCOc1ccc([C@]2(O)CC[C@H](N3CC(NC(=O)CNC(=O)c4cccc(C(F)(F)F)c4)C3)CC2)cn1,4.84,IC50,14500.0,nM,0
CHEMBL3409588,O=c1cc(-c2ccnc(NC3CCOCC3)n2)ccn1[C@H](CO)c1ccc(Cl)c(F)c1,4.84,IC50,14500.0,nM,0
CHEMBL5416410,Cc1nc(Nc2ncc(C(=O)Nc3c(C)cccc3Cl)s2)cc(N2CCN(CCO)CC2)n1.O,4.84,IC50,14300.0,nM,0
CHEMBL6042341,C[C@H]1OC(=O)[C@]2(CCC(N)=O)CC(F)(F)[C@@H](C)[C@H](/C=C/c3ccc(-c4ccccc4C#N)cn3)[C@H]12,4.84,IC50,14400.0,nM,0
CHEMBL479796,CN1CCC(N(C)C(=O)N2CC(c3cc(F)ccc3F)=C[C@@]2(CO)c2ccccc2)CC1,4.84,IC50,14600.0,nM,0
CHEMBL4633136,O=C(NC1CCS(=O)(=O)C1)c1n[nH]c2ccc(-c3cccc(F)c3F)cc12,4.84,IC50,14500.0,nM,0
CHEMBL486152,Nc1ccc(-c2cccs2)cc1NC(=O)c1ccc(N2CCC3(CC2)CNC(=O)N3)nc1,4.84,Ki,14560.0,nM,0
CHEMBL384919,O=C1COc2cc3c(cc2N1)C(N1CCC(NC(=O)c2cc(=O)c4ccc(F)cc4o2)CC1)CC3,4.84,IC50,14600.0,nM,0
CHEMBL6016733,CCC1CCC(C(=O)N[C@@H](CCN2C3CCC2CC(n2c(C)nnc2C(C)C)C3)c2ccsc2)CC1,4.84,IC50,14420.0,nM,0
CHEMBL560289,Cn1cnc(C(=O)N(Cc2ccc(F)c(Cl)c2)C[C@H]2[C@@H]3CNC[C@@H]32)c1,4.84,IC50,14600.0,nM,0
CHEMBL95,Nc1c2c(nc3ccccc13)CCCC2,4.84,IC50,14312.0,nM,0
CHEMBL5829693,COc1cncc(O[C@H](C)C2CNC2)c1-c1cc(Nc2cnc(C#N)cn2)n[nH]1,4.84,IC50,14500.0,nM,0
CHEMBL2180037,CC#Cc1cncc(-c2cccc(C3(C4CC4)N=C(C)C(N)=N3)c2)c1,4.84,IC50,14400.0,nM,0
CHEMBL570360,COc1ccc(CCCN2C(=O)N(NS(C)(=O)=O)C[C@H]2c2ccc(OC)cc2)cc1,4.84,IC50,14300.0,nM,0
CHEMBL3973288,CC(C)Cc1cc(CNS(=O)(=O)c2cccc(F)c2)nn1-c1ccccc1,4.84,IC50,14500.0,nM,0
CHEMBL4446635,O=C(N1CCC(c2ccccc2)CC1)N(c1ncccc1Cl)[C@@H]1CCCNC1,4.84,Ki,14300.0,nM,0
CHEMBL4075605,CC1(C(=O)N2CCO[C@@H](c3nc(-c4ccc(C(=O)Nc5cc(C(F)(F)F)ccn5)cc4)c4c(N)nccn34)C2)COC1,4.84,IC50,14400.0,nM,0
CHEMBL4069786,O=C(O)C1CCC2(CCN(c3ccc(-c4nc5cc(C(F)(F)F)ccc5[nH]4)cn3)CC2)OC1,4.83,IC50,14700.0,nM,0
CHEMBL4066885,C[C@@]1(c2cc(CNCC(F)F)c(F)cc2F)CCSC(N)=N1,4.83,IC50,14700.0,nM,0
CHEMBL4102649,CC(C)c1cc(CN2Cc3ccccc3S2(=O)=O)nn1-c1ccc(F)cc1,4.83,IC50,14700.0,nM,0
CHEMBL2314058,O=C(N1CCc2ncc(C(F)(F)F)cc2C1)[C@@]12CCC[C@@H]1C[C@@H](NC1CCCCCC1)C2,4.83,IC50,14700.0,nM,0
CHEMBL4451354,Cc1c(C#N)cccc1[C@@H]1CN2CCN(C(=O)Cc3ccc(-n4cnnn4)cc3)C[C@H]2CO1,4.83,IC50,14800.0,nM,0
CHEMBL3964139,Cc1c(C#N)cccc1[C@@H]1CN2CCN(C(=O)Cc3ccc(-n4cnnn4)nc3)C[C@@H]2CO1,4.83,IC50,14800.0,nM,0
CHEMBL3353408,C=CC(=O)Nc1cc(Nc2ncc(Cl)c(-c3c[nH]c4ccccc34)n2)c(OC)cc1N(C)CCN(C)C,4.83,IC50,14800.0,nM,0
CHEMBL4870856,COC(=O)N1Cc2cc(S(C)(=O)=O)ccc2C1C(=O)Nc1ccc(C(O)(C(F)(F)F)C(F)(F)F)cc1,4.83,IC50,14700.0,nM,0
CHEMBL558533,O=C(NCc1nc2ccccc2[nH]1)NC1CCN(Cc2ccn(-c3ccc(C(F)(F)F)cc3)c2)CC1,4.83,IC50,14700.0,nM,0
CHEMBL1824034,COC(=O)c1ccc2c(c1)N(CCN1CCC(NCc3ccc4c(n3)NC(=O)CO4)CC1)C(=O)CO2,4.83,IC50,14800.0,nM,0
CHEMBL4791586,O=C1NCCC12CCN(c1c(Cl)cncc1-c1cc3ccccc3s1)CC2,4.83,IC50,14700.0,nM,0
CHEMBL1089701,Cc1[nH]c2ccccc2c1CCN1CCc2cc(/C=C/C(=O)NO)ccc2C1,4.83,IC50,14800.0,nM,0
CHEMBL4875842,CCS(=O)(=O)c1ccc2c(c1)CN(C(C)=O)[C@@H]2C(=O)Nc1ccc(C(O)(C(F)(F)F)C(F)(F)F)cc1,4.82,IC50,15000.0,nM,0
CHEMBL2010849,CN(C(=O)Cc1ccc(-n2cnnn2)cc1)[C@@H]1CCN(Cc2ccc(C(F)(F)F)nc2)C[C@@H]1F,4.82,IC50,15000.0,nM,0
CHEMBL3787036,CC(C)(C)NC(=O)C1c2ccc(NS(C)(=O)=O)cc2C(=O)N1Cc1ccccc1-c1ccccc1,4.82,IC50,15000.0,nM,0
CHEMBL1090818,OC(c1cccnc1)(c1cccnc1)C(c1ccccc1)N1CCC1,4.82,IC50,15000.0,nM,0
CHEMBL1795916,COC(=O)NCCc1cc(Cl)c(Cl)c(CN(C(=O)[C@H]2CNCC[C@@H]2c2ccn(C)c(=O)c2)C2CC2)c1,4.82,Ki,15000.0,nM,0
CHEMBL569185,COc1ccc(CCN2C(=O)N(NS(C)(=O)=O)C[C@H]2c2ccc(OC)cc2)cc1,4.82,IC50,15100.0,nM,0
CHEMBL2041933,NC(=O)Nc1cc(-c2cccc(F)c2)sc1C(=O)N[C@H]1CCCNC1,4.82,IC50,15000.0,nM,0
CHEMBL1091880,OC(c1cccnc1)(c1cccnc1)C(Cc1ccccc1)N1CCOCC1,4.82,IC50,15190.0,nM,0
CHEMBL4787520,COC(=O)N(C)c1c(N)nc(-n2nc(Cc3ccccc3F)c3cc(F)ccc32)nc1N,4.82,IC50,15100.0,nM,0
CHEMBL214876,COc1ccc2c(NC[C@H](O)CO)nc(C#N)c(-c3ccccc3)c2c1,4.82,IC50,15000.0,nM,0
CHEMBL3828074,CCc1nc2c(C)cc(N3CCN(CC(=O)N4CC(O)C4)CC3)cn2c1N(C)c1nc(-c2ccc(F)cc2)c(C#N)s1,4.82,IC50,15000.0,nM,0
CHEMBL481921,CN(C(=O)N1CC(c2cc(F)ccc2F)=C[C@@]1(CO)c1ccccc1)C1CCN(C2CC2)CC1,4.82,IC50,15200.0,nM,0
CHEMBL4281240,C[C@@H]1COCCN1c1cc(C2(S(C)(=O)=O)CC2)nc(-c2cncc3[nH]ccc23)n1,4.82,IC50,15000.0,nM,0
CHEMBL4170883,COCc1ccc(-c2cc3c(cc2F)ncc2c3n([C@@H](C)C3CCOCC3)c(=O)n2C)cn1,4.82,IC50,15000.0,nM,0
CHEMBL2333645,Brc1cncc(COCC2(c3ccccc3)CCNCC2)c1,4.82,IC50,15000.0,nM,0
CHEMBL2041174,COc1cc(N2C(=O)N(c3ccc(-c4ccc5nc[nH]c5c4)cc3)C(=O)C23CCN(Cc2ncccc2C)CC3)ncn1,4.82,IC50,15000.0,nM,0
CHEMBL549375,Cc1ncc(/C=C2\C[C@H]3[C@@H]4CC[C@H]5N(C)C(=O)C=C[C@]5(C)[C@H]4CC[C@]3(C)[C@H]2O)cn1,4.82,Ki,15000.0,nM,0
CHEMBL4463242,CC(C)Cc1cc(CNC(=O)C2C3CN(C(=O)c4ccccc4)CC32)nn1-c1ccccc1,4.82,IC50,15000.0,nM,0
CHEMBL1938410,CCN(C)C(=O)c1ccc([C@H](c2cccnc2)N2CCN(Cc3cscn3)CC2)cc1,4.82,IC50,15000.0,nM,0
CHEMBL4786007,CNC(=O)c1nn(C)c2ccc(Nc3nccc(-n4cc(N[C@@H]5CCOC[C@@H]5N)cn4)n3)cc12,4.82,IC50,15000.0,nM,0
CHEMBL521096,CCOc1cc2ncc(C(N)=O)c(Nc3ccc(C)cc3F)c2cc1N1CCN(C)CC1,4.82,IC50,15000.0,nM,0
CHEMBL5070158,CNC(=O)c1c(-c2ccc(O)cc2)oc2ccc(O)c(CN3CCCC3)c12,4.82,IC50,15000.0,nM,0
CHEMBL5925642,CNC[C@H](c1ccc2ccccc2c1)[C@H](OCc1nc(C)no1)c1ccccc1,4.82,IC50,15000.0,nM,0
CHEMBL5998115,CNCC(CCc1ccccc1)[C@H](O)c1ccccc1,4.82,IC50,15000.0,nM,0
CHEMBL6065442,CNC[C@H](c1ccc2ccccc2c1)[C@H](OCc1noc(C)n1)c1ccccc1,4.82,IC50,15000.0,nM,0
CHEMBL4098822,O=C(c1cc(F)cc(Cl)c1)N1CCn2nc(-c3ccc(F)cn3)cc2C1,4.82,IC50,15000.0,nM,0
CHEMBL4860733,COc1ccc(-c2ccc(C(=O)O)cc2C)cc1-c1cnc(N(C)C)nc1CN1C(=O)O[C@H](c2cccc(Cl)c2)[C@@H]1C,4.82,IC50,15000.0,nM,0
CHEMBL5083384,O=C1c2nc3cccc(Br)c3n2CCN1Cc1ccccc1,4.82,IC50,15000.0,nM,0
CHEMBL5992805,CNC[C@H](c1ccc2ccccc2c1)[C@H](O)c1ccccc1C,4.82,IC50,15000.0,nM,0
CHEMBL3787170,COc1ccc(-c2nnc(C(=O)N3CC(Oc4ccc(CN(C)C)c(F)c4)C3)o2)cc1,4.82,IC50,15000.0,nM,0
CHEMBL3650851,CC1(C)Oc2ccc(NC(=O)c3cnc(C(F)F)cn3)cc2[C@@]2(COC(N)=N2)C12CC2,4.82,IC50,15100.0,nM,0
CHEMBL4641666,COc1nn(C)cc1C(=O)Nc1cccc(-c2cncn2C(C)C)n1,4.82,IC50,15000.0,nM,0
CHEMBL2017106,CC(=O)NCCc1ccccc1-c1onc([C@H]2CNCC[C@]2(O)c2ccc(F)c(F)c2)c1Cl,4.82,Ki,15300.0,nM,0
CHEMBL206798,CN(CCO)C(=O)N1CC(c2cc(F)ccc2F)=C[C@H]1c1cccc(O)c1,4.82,IC50,15000.0,nM,0
CHEMBL5837462,Fc1cccc(-c2ccn3c(CC4CC4(F)F)nnc3c2Cl)c1,4.82,IC50,15040.0,nM,0
CHEMBL3787636,CC(=O)N1CCN([C@H]2C[C@@H](n3cc(-c4cccc(OCC56CCC(CC5)O6)c4)c4c(N)ncnc43)C2)CC1,4.82,IC50,15000.0,nM,0
CHEMBL4277106,CCOc1cc(CN2CC[C@H]3C(Nc4nc5ccc(C(=O)O)cc5o4)CC[C@H]32)cc(OCC)c1-c1ccc(F)cc1,4.82,IC50,15000.0,nM,0
CHEMBL5864724,C[C@H](CCc1ccc(F)cc1)N1Cc2cccc(F)c2C1,4.82,IC50,15000.0,nM,0
CHEMBL3648329,CNc1nc2ccccc2n1-c1nc(N2CCOC[C@H]2C)cc(C2([S@](C)(=N)=O)CC2)n1,4.82,IC50,15000.0,nM,0
CHEMBL2164745,COc1ccc2ncc(=O)n(CCN3CC[C@@H](NCc4cc5c(cn4)OCCO5)[C@@H](O)C3)c2c1,4.82,IC50,15000.0,nM,0
CHEMBL5866440,CNC[C@H](c1ccc2ccccc2c1)[C@H](Cl)c1ccccc1,4.82,IC50,15000.0,nM,0
CHEMBL5920469,CNC[C@H](c1ccc2ccccc2c1)[C@H](O)c1ccc2c(c1)OCCO2,4.82,IC50,15000.0,nM,0
CHEMBL1809071,COc1cc(N2CCN(C(=O)[C@@H](C)O)CC2)ccc1Nc1ncc(Cl)c(-c2cnc3ccccn23)n1,4.82,IC50,15000.0,nM,0
CHEMBL4575754,CN(C)C(=O)CNCCc1cccc(OCCCC(F)(F)CF)c1.Cl,4.82,IC50,15000.0,nM,0
CHEMBL5953904,CCN(CCN1CCC(n2ncc3cc(F)ccc32)CC1)C(=O)[C@H](C)O,4.82,IC50,15300.0,nM,0
CHEMBL4176135,COCc1ccc(-c2cc3c(cc2F)ncc2c3n([C@H]3C[C@@H](O)C3)c(=O)n2C)cn1,4.82,IC50,15000.0,nM,0
CHEMBL4793854,Cc1nnn(Cc2cc(Cl)ccc2/C=C/C(=O)N2CCN(Cc3cnn(C)c3)CC2)n1,4.82,IC50,15000.0,nM,0
CHEMBL4101809,COc1nc(C2=NOC[C@H](c3cc4ccccc4o3)N2)ccc1-n1cnc(C)c1,4.82,IC50,15000.0,nM,0
CHEMBL3765022,O=C(O)CN(C1(c2ccc(-c3ccccc3OC(F)(F)F)cc2)CCC1)S(=O)(=O)c1ccc(OC(F)F)cc1,4.82,IC50,15000.0,nM,0
CHEMBL3218886,COc1cccc(-n2cc3nc(-c4ccccc4C)n(CC4CCCN(C(C)C)C4)c(=O)c3n2)c1,4.82,IC50,15000.0,nM,0
CHEMBL3787339,CCCC(=O)O[C@@H](C(=O)N1N=CC[C@H]1C(=O)NCc1cc(Cl)ccc1-n1cnnn1)c1ccc(F)cc1,4.82,IC50,15000.0,nM,0
CHEMBL1093051,O=C(/C=C/c1ccc(CN2CCCC(c3c[nH]c4ccccc34)C2)c(F)c1)NO,4.82,IC50,15300.0,nM,0
CHEMBL3785118,COc1ccc(-c2nnc(C(=O)N3CCC(Oc4ccc(CN5CCN(C)CC5)cc4)CC3)o2)cc1,4.82,IC50,15000.0,nM,0
CHEMBL561397,Cc1ccc(-n2c(-c3ncccc3Cl)nc(CN[C@H]3CC[C@@H](F)C3)c2C(C)C)cn1,4.82,IC50,15000.0,nM,0
CHEMBL480130,O=C1CCCN1C1CCN(Cc2ccc(Oc3nc4ccccc4s3)cc2)CC1,4.82,IC50,15000.0,nM,0
CHEMBL4080659,NC(CF)(CF)c1nc(-c2ccc(OC(F)(F)F)cc2)c[nH]1,4.82,IC50,15000.0,nM,0
CHEMBL4075954,CC(C)C(=O)N1CCO[C@@H](c2nc(-c3ccc(C(=O)Nc4cc(C(F)(F)F)ccn4)cc3F)c3c(N)nccn23)C1,4.82,IC50,15000.0,nM,0
CHEMBL4088118,COc1ccc2ccc(=O)n(C[C@H](O)[C@@H]3CC[C@@H](NCc4ccc5c(n4)NC(=O)CO5)CO3)c2n1,4.82,IC50,15000.0,nM,0
CHEMBL2326469,Nc1nc2cc3c(cc2s1)CCN(Cc1cscn1)CC3,4.82,IC50,15000.0,nM,0
CHEMBL564812,CCc1c(CN[C@H]2CC[C@@H](F)C2)nc(-c2ncccc2Cl)n1-c1ccc(C)nc1,4.82,IC50,15000.0,nM,0
CHEMBL4541589,CC(C)N1CCN(c2ccc(/C(=C(/CCCO)c3ccccc3)c3ccc(Br)cc3)cc2)CC1.Cl.Cl,4.82,IC50,15300.0,nM,0
CHEMBL411651,COc1ccccc1Oc1cccc(CN2CCC3(CC2)CCN(C(=O)c2cccc[n+]2[O-])CC3)c1,4.82,IC50,15135.61,nM,0
CHEMBL1224138,NC(=O)c1cncc(O[C@H]2C[C@H]3CC[C@@H](C2)N3Cc2ccccc2)n1,4.82,IC50,15000.0,nM,0
CHEMBL1796078,Cn1ccc([C@H]2CCNC[C@@H]2C(=O)N(Cc2cn(Cc3ccncc3)c3cccc(F)c23)C2CC2)cc1=O,4.82,Ki,15000.0,nM,0
CHEMBL2204255,Cn1ccnc1[C@]1(O)CC[C@H](N2CC(NC(=O)CNC(=O)c3cccc(C(F)(F)F)c3)C2)CC1,4.82,IC50,15000.0,nM,0
CHEMBL4577393,COc1nn(C)cc1Nc1ncc(Br)c(-c2c[nH]c3c(NC(=O)[C@@H](C)N4CCN(C)CC4)cccc23)n1,4.82,IC50,15000.0,nM,0
CHEMBL2326689,CN1CC=CCC(c2cc3ccccc3o2)C1,4.82,IC50,15000.0,nM,0
CHEMBL4169829,Cn1cnc(S(=O)(=O)NCCOc2ccc3c(c2)[C@@H](Cc2ccccc2)[C@@H](N2CCC2)CC3)c1,4.82,IC50,15000.0,nM,0
CHEMBL4213038,Cn1cnc(-c2cnc(N)c(O[C@@H]3CN(C(=O)Cc4ccc(OC(F)(F)F)cc4)C[C@H]3F)c2)c1,4.82,IC50,15000.0,nM,0
CHEMBL4218854,CNC(=O)c1nnc2ccc(-c3ccc(OCCCN(C)C)nc3)cc2c1N[C@@H](C)C1CCOCC1,4.82,IC50,15000.0,nM,0
CHEMBL4541831,Nc1n[nH]c(N2CCC(N(CCc3ccc(Cl)cc3)CC3CCCO3)CC2)n1,4.82,IC50,15000.0,nM,0
CHEMBL1939738,CN(CCO)C(=O)c1ccc([C@H](c2cccc(NC(=O)C3CC3)c2)N2CCN(Cc3ccc(F)cc3)CC2)cc1,4.82,IC50,15000.0,nM,0
CHEMBL4777423,COc1ccc2ncc(F)c(CC[C@H]3OC[C@H](NCc4cc5c(cn4)OCCO5)CO3)c2n1,4.82,IC50,15000.0,nM,0
CHEMBL2178221,Nc1ccccc1NC(=O)/C=C/c1ccc([C@H]2CN(CCO)C[C@@H]2C(=O)Nc2ccc(Cl)cc2)cc1,4.82,IC50,15000.0,nM,0
CHEMBL2177920,CCn1cc(C2(c3cccc(-c4cncnc4)c3)N=C(N)c3c(F)cccc32)cc(C)c1=O,4.82,IC50,15000.0,nM,0
CHEMBL3342772,O=C(O)[C@H]1CC[C@@H](OC2CCN(c3ccc(-c4nc5cc(Cl)ccc5[nH]4)cn3)CC2)CC1,4.82,Ki,15000.0,nM,0
CHEMBL4129002,C[C@]12CC[C@H](C(F)F)C[C@H]1C[C@@H](N1CCC[C@@H](N)C1)[C@@H]2Oc1ccc(C#N)cc1,4.82,IC50,15000.0,nM,0
CHEMBL1269885,Cc1ncnc(C)c1C(=O)N1C[C@H]2CN(CCC(c3cccc(F)c3)C3CCN(S(C)(=O)=O)CC3)C[C@H]2C1,4.81,IC50,15400.0,nM,0
CHEMBL3747481,O=C(Nc1cccc(C(F)(F)F)c1)n1ccc2cc(Oc3ncnc4c3CNC4)ccc21,4.81,IC50,15600.0,nM,0
CHEMBL4648945,c1cc(-c2cn(CC3CC3)c3cnccc23)ccn1,4.81,IC50,15500.0,nM,0
CHEMBL4285462,Cc1[nH]nc(Nc2ccnc3ccc(S(=O)(=O)C(C)(C)C)cc23)c1C,4.81,IC50,15500.0,nM,0
CHEMBL5817627,Cc1ccc(CCN2CCC(Nc3ncnc4[nH]ncc34)C(F)(F)C2)cc1,4.81,IC50,15500.0,nM,0
CHEMBL215661,CC(=O)Nc1ccc2c(c1)C(N1CCC(NC(=O)c3cc(=O)c4ccc(F)cc4o3)CC1)CC2,4.81,IC50,15600.0,nM,0
CHEMBL5758218,C[C@H]1OC(=O)[C@]2(C(N)=O)CC(F)(F)[C@@H](C)[C@H](/C=C/c3ccc(-c4cccc5c4OC(F)(F)O5)cn3)[C@H]12,4.81,IC50,15400.0,nM,0
CHEMBL4280986,Cc1cn(-c2ccc3n(c2=O)CCN(C[C@@]24C[C@@H]2C(C)(C)Oc2ccc(C(F)(F)F)cc24)C3=O)cn1,4.81,IC50,15600.0,nM,0
CHEMBL1716297,CCOC(=O)N1CCN(Cc2nc(-c3cccc(Cl)c3)no2)CC1,4.81,IC50,15500.0,nM,0
CHEMBL3353409,C=CC(=O)Nc1cc(Nc2ncc(C)c(-c3cn(C)c4ccccc34)n2)c(OC)cc1N(C)CCN(C)C,4.81,IC50,15600.0,nM,0
CHEMBL2322001,C1=CCC(c2ccc3ccccc3c2)CNC1,4.81,IC50,15400.0,nM,0
CHEMBL2031869,CCNC(=O)c1ccc(-c2ccc3c(c2)CCN(CCN2CCCC2)C3=O)cc1,4.8,IC50,16000.0,nM,0
CHEMBL4548200,CNC(=O)c1cnc(Nc2cc(C)ccn2)cc1Nc1ccccc1S(C)(=O)=O,4.8,IC50,16000.0,nM,0
CHEMBL4286948,CN(c1ccc(-c2ccc(-n3ccc(N)n3)cc2O)nn1)C1CC(C)(C)NC(C)(C)C1,4.8,IC50,16000.0,nM,0
CHEMBL3601397,COc1cc2c(cc1OC(C)C)[C@H](c1ccc(Cl)cc1)N(c1ccc(N(C)C[C@H]3CC[C@H](N4CCNC(=O)C4)CC3)cc1)C(=O)C2,4.8,IC50,16000.0,nM,0
CHEMBL4453964,CNS(=O)(=O)CCN(CCc1ccc(Cl)cc1)C1CCN(c2nc(N)n[nH]2)CC1,4.8,IC50,16000.0,nM,0
CHEMBL53871,CCC(O)(CC)c1cn(-c2ccc(F)cc2)c2ccc(Cl)cc12,4.8,IC50,15848.93,nM,0
CHEMBL3965204,O[C@H]1CC[C@H](Nc2ccc3ncc(-c4cccc(OC(F)(F)F)c4)n3n2)CC1,4.8,IC50,16000.0,nM,0
CHEMBL2158785,Cc1c(OC2CCN(CC3CCN([C@@H](Cc4ccc(F)cc4)C(=O)O)CC3)CC2)ccc(C#N)c1Cl,4.8,IC50,15848.93,nM,0
CHEMBL1289819,O=C1O[C@]2(CC[C@H](c3nc4cc(OC(F)(F)F)ccc4[nH]3)CC2)CN1c1cccnc1F,4.8,IC50,15848.93,nM,0
CHEMBL5879938,Cc1nnc(-c2c(N)ncnc2N[C@@H](C)c2nc3cccc(C#CCO)c3c(=O)n2-c2ccccc2)o1,4.8,IC50,16000.0,nM,0
CHEMBL505914,CN1CC(C)(NC(=O)Nc2cccc(-c3nnnn3C)c2)C(CN2CCC[C@@H](Cc3ccc(F)cc3)C2)OC1=O.Cl,4.8,IC50,15700.0,nM,0
CHEMBL2315931,O=C(CNc1ncnc2ccc(C(F)(F)F)cc12)NC1CN([C@H]2CC[C@@H](c3cccnc3)CC2)C1,4.8,IC50,16000.0,nM,0
CHEMBL1809072,COc1cc(N2CCN(C(=O)CN)CC2)ccc1Nc1ncc(Cl)c(-c2cnc3ccccn23)n1,4.8,IC50,16000.0,nM,0
CHEMBL4291213,CN(c1ccc(-c2ccc(-n3cc(CO)cn3)cc2O)nn1)C1CC(C)(C)NC(C)(C)C1,4.8,IC50,16000.0,nM,0
CHEMBL1084132,c1ccc(N2CCN(CC3CCCCN3)C2)cc1,4.8,IC50,15848.93,nM,0
CHEMBL4126894,O=C(c1ccc(-n2nnc3cccnc32)cc1)N(c1nccc2ccccc12)[C@@H]1CCCNC1,4.8,Ki,15800.0,nM,0
CHEMBL1934835,CC(=O)Nc1cccc(C2CCN(CCCn3nc(-c4ccc(F)c(F)c4)c4ccccc4c3=O)CC2)c1,4.8,IC50,16000.0,nM,0
CHEMBL594534,Cc1cc(Nc2ccccc2)nc(NCc2ccccn2)n1,4.8,IC50,15800.0,nM,0
CHEMBL4758420,C[C@H]1COCCN1c1c(NC(=O)Nc2cnc(OC3CCN(C)CC3)c(Cl)c2)cnc2ccc(F)cc12,4.8,IC50,16000.0,nM,0
CHEMBL4854376,COc1ccc(-c2ccc(C(=O)O)cc2C)cc1-c1cnc(N(C)C)nc1CN1C(=O)O[C@H](c2cc(C(F)(F)F)cc(C(F)(F)F)c2)[C@@H]1C,4.8,IC50,16000.0,nM,0
CHEMBL2333628,CN1CCN(c2cc(C(F)(F)F)cc(COCC3(c4ccccc4)CCNCC3)n2)CC1,4.8,IC50,16000.0,nM,0
CHEMBL4876430,COc1ccc(-c2ccc(C(=O)O)cc2C)cc1-c1cnc(N(C)C)nc1CN1C(=O)O[C@H](c2cc(Cl)cc(Cl)c2)[C@@H]1C,4.8,IC50,16000.0,nM,0
CHEMBL2409182,CC(=O)Nc1cc(Nc2cc(NC3CCC3)n3ncc(C#N)c3n2)c(F)cc1C,4.8,IC50,16000.0,nM,0
CHEMBL2409178,CC(=O)Nc1cc(Nc2cc(NC3CC3)n3ncc(C#N)c3n2)c(F)cc1C,4.8,IC50,16000.0,nM,0
CHEMBL4468195,CN(C)c1ccc(-c2cc3nccnc3c(NC[C@H]3CNCCN3C)n2)cn1,4.8,IC50,15848.93,nM,0
CHEMBL2041189,Cc1cccnc1CN1CCC2(CC1)C(=O)N(c1ccc(-c3ccc(C(=O)O)cc3)cc1)C(=O)N2c1cnccn1,4.8,IC50,16000.0,nM,0
CHEMBL4082282,O=C(O)CC1CCC2(CCN(c3ccc(-c4nc5cc(C(F)(F)F)ccc5[nH]4)cn3)CC2)O1,4.8,IC50,16000.0,nM,0
CHEMBL5090853,O=C1c2nc3cccc(Br)c3n2CCN1Cc1ccccc1F,4.8,IC50,16000.0,nM,0
CHEMBL442717,COc1cc2c(cc1OC)[C@@H](Cc1ccc(Oc3cc(C[C@@H]4c5cc(OC)c(OC)cc5CCN4C)ccc3O)cc1)N(C)CC2,4.8,IC50,16000.0,nM,0
CHEMBL489095,C[C@H]1CN(Cc2ccc(CC(=O)N3CCC(Nc4cccc(F)c4)CC3)cc2)CCN1,4.8,IC50,15848.93,nM,0
CHEMBL4777831,C[C@@H](NC(=O)c1ccc(Cl)cc1)c1cc2c(cn1)N(C(=O)c1cccc(Cl)c1)CCC2,4.8,IC50,16000.0,nM,0
CHEMBL4455268,Cc1ccc(-c2cc3ncccc3c(NC[C@H]3CCCNC3)n2)cc1,4.8,IC50,15848.93,nM,0
CHEMBL455428,CNC(=O)c1ccc(Nc2nccc(-c3cnc(C)n3C(C)C)n2)cc1F,4.8,IC50,16000.0,nM,0
CHEMBL2022939,O=C(Nc1ccc(-c2nnc(NCCCN3CCCCC3)o2)cc1)c1ccccc1,4.8,IC50,15848.93,nM,0
CHEMBL534723,CCOc1ccccc1C[C@H](c1ccccc1)N1CCNCC1.Cl,4.8,IC50,16000.0,nM,0
CHEMBL3291062,Cc1onc(C(=O)N2[C@@H]3CC[C@H]2C[C@@H](Nc2cc(=O)n(C)c4cc(F)c(F)cc24)C3)c1C,4.8,IC50,16000.0,nM,0
CHEMBL569846,O=C1N(CCN2CCC(C(F)(F)F)CC2)CCN1c1cccc(O)c1,4.8,IC50,15848.93,nM,0
CHEMBL564108,CC(C)N1CCN(CCN2CCN(c3ccc(F)c(C#N)c3)C2=O)CC1,4.8,IC50,15848.93,nM,0
CHEMBL2177307,NC1=NC(c2ccncc2)(c2cccc(-c3cncnc3)c2)c2ccccc21,4.8,IC50,16000.0,nM,0
CHEMBL4208124,Cn1cnc(-c2cnc(N)c(O[C@H]3CN(C(=O)Cc4ccc(OC(F)(F)F)cc4)C[C@@H]3F)c2)c1,4.8,IC50,16000.0,nM,0
CHEMBL1809068,COc1cc(N2CCN(C(=O)N(C)C)CC2)ccc1Nc1ncc(Cl)c(-c2cnc3ccccn23)n1,4.8,IC50,16000.0,nM,0
CHEMBL4760304,Cc1ncnc(C2CC2)c1-c1ncc2nc(NCc3ccc(S(C)(=O)=O)cn3)c(=O)n([C@@H](C)C3CC3)c2n1,4.8,IC50,16000.0,nM,0
CHEMBL2177908,NC1=NC(c2ccnc(C(F)(F)F)c2)(c2ccc(F)c(-c3cncnc3)c2)c2cccc(F)c21,4.8,IC50,16000.0,nM,0
CHEMBL1650511,FC(F)(F)c1ccccc1-c1cc(C(F)(F)F)c2[nH]c(C3=NOC4(CCCCC4)C3)nc2c1,4.8,IC50,16000.0,nM,0
CHEMBL4280239,Cc1c(CN2CCOCC2)cc(-c2ccc(C(C)C)cc2)n1CC(C)C,4.8,IC50,16000.0,nM,0
CHEMBL4294266,Cc1c(CN2CCOCC2)cc(-c2ccc(C(C)C)cc2)n1C(C)C,4.8,IC50,16000.0,nM,0
CHEMBL4091762,O=C(NCCN1CCCC1)c1cc(-c2ccc(CN3CCOCC3)cc2)nc2ccc(F)cc12,4.8,IC50,16000.0,nM,0
CHEMBL2409405,COc1cc2nnc(C(N)=O)c(Nc3ccc(C)cc3F)c2cc1N1CCS(=O)(=O)CC1,4.8,IC50,16000.0,nM,0
CHEMBL4591825,COCc1nnc(N2C[C@@H]3C[C@]3(c3ccc(F)cc3Cl)C2)n1-c1ccc(OC)nc1,4.8,IC50,16000.0,nM,0
CHEMBL3414707,C[C@H]1C[C@H]2CSC(N)=N[C@@]2(c2ccc(F)cc2F)CO1,4.8,IC50,15800.0,nM,0
CHEMBL3935303,O=C(O)CCc1ccc2cccc(N3CCN(CCc4ccc(OCCCN5CCCCCC5)cc4)CC3)c2n1,4.8,IC50,15848.93,nM,0
CHEMBL1778867,COc1cc(F)ccc1-c1cncc(CNC2CCCC2)n1,4.8,IC50,16000.0,nM,0
CHEMBL2164364,O=C(NCc1ccc(OC(F)(F)F)cc1)C1c2ccccc2C(=O)N1CCc1ncccn1,4.8,IC50,16000.0,nM,0
CHEMBL2069413,O=C(N[C@@H]1COc2cccc(-c3ccc(CO)nc3)c2C1)c1ccc(OCCOCC(F)(F)F)nc1,4.8,IC50,15848.93,nM,0
CHEMBL2164395,O=C(NCc1ccc(OCC(F)(F)F)nc1)C1c2ccccc2C(=O)N1CCc1ccccn1,4.8,IC50,16000.0,nM,0
CHEMBL367700,CCOc1ccc(Cc2cc(C3CCN(C[C@H]4CN([C@@H](C(=O)O)[C@@H](C)CC)C[C@@H]4c4cccc(F)c4)CC3)n(CC)n2)cc1,4.8,Ki,16000.0,nM,0
CHEMBL4560963,CN(C)c1ccc(-c2cc3nccnc3c(CCC3CCCNC3)n2)cn1,4.8,IC50,15848.93,nM,0
CHEMBL2322875,COc1cc(N2CCN(C(=O)Cn3nc(C(F)(F)F)c(Cl)c3C)CC2)ccc1Cl,4.8,IC50,16000.0,nM,0
CHEMBL2022736,COc1cc(NC(=O)c2ccccc2F)ccc1-c1nnc(NCCCCN2CCCCC2)o1,4.8,IC50,15848.93,nM,0
CHEMBL4249172,O=C(O)C[C@H](CN1CC[C@@H](CCc2ccc3c(n2)NCCC3)C1)c1cccc(O[C@H]2CCOC2)c1,4.8,IC50,15848.93,nM,0
CHEMBL2010852,CN(C(=O)Cc1ccc(S(C)(=O)=O)cc1)[C@@H]1CCN(Cc2nc3ccccc3s2)C[C@@H]1F,4.8,IC50,16000.0,nM,0
CHEMBL4847134,CCS(=O)(=O)c1ccc(C(NC(C)=O)C(=O)Nc2ccc(C(O)(C(F)(F)F)C(F)(F)F)cc2)nc1,4.8,IC50,16000.0,nM,0
CHEMBL4852138,CCS(=O)(=O)c1ccc(C(NC(=O)Cc2ccccc2)C(=O)Nc2ccc(C(O)(C(F)(F)F)C(F)(F)F)cc2)nc1,4.8,IC50,16000.0,nM,0
CHEMBL2424930,O=c1ccc2ncc(F)c3c2n1C[C@@]3(F)CN1CCC(NCc2cc3c(cn2)OCCO3)CC1,4.8,IC50,16000.0,nM,0
CHEMBL4748552,CCNC(=O)c1n[nH]c2cc(-c3ccc(-n4cccc(C)c4=O)cc3Cl)ccc12,4.8,IC50,16000.0,nM,0
CHEMBL2036774,O=C(Nc1ccc(Cl)c(Cl)c1)N1CCN(C[C@H]2CN(C3CC3)CCO2)CC1,4.8,IC50,16000.0,nM,0
CHEMBL2164220,Cc1cc(Cl)nc(C)c1C(=O)NCC[C@@H](C)N1CCC(N(Cc2ccsc2)C(=O)CC#N)CC1,4.8,IC50,16000.0,nM,0
CHEMBL3786662,COc1ccc(-c2nnc(C(=O)N3CCC(Oc4ccc(CN5CCOCC5)cc4)CC3)o2)cc1,4.8,IC50,16000.0,nM,0
CHEMBL4468680,CN(C)C(C(=O)N[C@](Cc1ccccc1)(c1ccc(F)cc1)c1cc(F)cc(C(F)(F)F)c1)C(O)(C(F)(F)F)C(F)(F)F,4.8,IC50,16000.0,nM,0
CHEMBL3601377,COc1ccc(COc2cnn(CC(=O)c3ccc(CN(C)C)cc3C)c(=O)c2)nc1,4.8,IC50,16000.0,nM,0
CHEMBL1271309,Cc1cc(C)cc(NC(=O)c2cncc(-c3ccc(C#N)cc3)c2)c1,4.8,IC50,16000.0,nM,0
CHEMBL2022740,O=C(Nc1ccc(-c2nnc(NCCCCN3CCOCC3)o2)c(F)c1)c1ccccc1,4.8,IC50,15848.93,nM,0
CHEMBL2203848,CNc1cc(Nc2cnc(C#N)c(O[C@@H]3CCNC3)n2)ncc1C(=O)OC,4.8,IC50,16000.0,nM,0
CHEMBL2022741,O=C(Nc1ccc(-c2nnc(NCCCCN3CCC(F)CC3)o2)cc1)c1ccccc1F,4.8,IC50,15848.93,nM,0
CHEMBL4635121,N#Cc1ccccc1COc1ccc([C@H]2CC[C@@H](C(N)=O)N2)cc1,4.8,IC50,15848.93,nM,0
CHEMBL1289833,O=c1cc(OCc2ccccc2)ccn1-c1ccc2c(cnn2CCN2CC3CC2CO3)c1,4.8,IC50,16000.0,nM,0
CHEMBL561463,CCN(CC)C(=O)C1CCCN(C(=O)CC2CCN(Cc3ccn(-c4ccc(C(F)(F)F)cc4)c3)CC2)C1,4.8,IC50,16000.0,nM,0
CHEMBL246817,CC(C(O)c1ccc2c(c1)CCC(=O)N2)N1CCC(O)(c2ccc3c(c2)COCC3)CC1,4.8,IC50,16000.0,nM,0
CHEMBL494767,Cc1ccc(-c2c(C)c(CNC3CCCC3)nn2-c2ncccc2Cl)cn1,4.8,IC50,16000.0,nM,0
CHEMBL4637843,N#Cc1cc([C@H]2CC[C@@H](C(N)=O)N2)ccc1OCc1ccccc1F,4.8,IC50,15848.93,nM,0
CHEMBL4648908,NC(=O)[C@@H]1CC[C@H](c2ccc(OCc3ccccc3F)cn2)N1,4.8,IC50,15848.93,nM,0
CHEMBL2203845,COc1cc(Nc2cnc(C#N)c(O[C@@H]3CCN(C)C3)n2)ncc1-c1cnn(C)c1,4.8,IC50,16000.0,nM,0
CHEMBL4740334,Cn1cc2cc(-c3cnc(Nc4cnc(C#N)cn4)cc3NC[C@H]3CNCCO3)ccc2n1,4.8,IC50,16000.0,nM,0
CHEMBL4784718,N#Cc1cnc(Nc2cc(NC[C@@H]3CNCCO3)c(C#CC3(O)CCCC3)cn2)cn1,4.8,IC50,16000.0,nM,0
CHEMBL2180842,O=C(CCCN1CCCCC1)Nc1cc(-c2cncc(F)c2)n[nH]1,4.8,IC50,15800.0,nM,0
CHEMBL3221508,O=C(Nc1ccc(Cl)cn1)[C@H](COCCO)Oc1ncnc2c1cnn2-c1ccccc1Cl,4.8,IC50,15848.93,nM,0
CHEMBL3221494,CC(C)OC[C@H](Oc1ncnc2c1cnn2-c1ccccc1Cl)C(=O)Nc1ccc(Cl)cn1,4.8,IC50,15848.93,nM,0
CHEMBL1085567,COc1ccccc1CC(c1ccc(F)cc1)N1CCNCC1,4.8,IC50,16000.0,nM,0
CHEMBL1289447,CC[C@](O)(c1cn(Cc2ccc3c(-c4ccccc4)c(C(N)=O)sc3c2)nn1)C(F)(F)F,4.8,Ki,16000.0,nM,0
CHEMBL2070944,Cc1sc(N2CCN(C(=O)[C@@H]3CCCC[C@H]3C(=O)NC3(C#N)CC3)CC2)nc1C(F)(F)F,4.8,IC50,15848.93,nM,0
CHEMBL4740515,CCOc1ccc2cc(-c3nn(CC4CC4)c(N)c3C(N)=O)ccc2c1,4.8,IC50,15700.0,nM,0
CHEMBL216168,COc1ccc2c(=O)n(CC(O)CO)c(C#N)c(-c3cccc(C(F)(F)F)c3)c2c1,4.8,IC50,16000.0,nM,0
CHEMBL3786841,COc1ccc(-c2nnc(C(=O)N3CC(Oc4ccc(CN5CC6(CCOC6)C5)cc4)C3)o2)cc1,4.8,IC50,16000.0,nM,0
CHEMBL3670640,O=C(c1nnc(-c2ccccc2)o1)N1CC(Oc2ccc(CN3CC4(CCOC4)C3)cc2)C1,4.8,IC50,16000.0,nM,0
CHEMBL2023926,COc1cc(NC(=O)c2ccccc2F)ccc1-c1nnc(NCCCN2CCOCC2)o1,4.8,IC50,15848.93,nM,0
CHEMBL2069423,COc1ncc(-c2cccc3c2C[C@H](NC(=O)c2ccc(COCC(F)(F)F)nc2)CO3)cn1,4.8,IC50,15848.93,nM,0
CHEMBL4470253,CO[C@@H]1C[C@H](Cc2ccc(Cl)cc2)N(C2CCN(c3nc(N)n[nH]3)CC2)C1,4.8,IC50,15800.0,nM,0
CHEMBL4559585,CNC(=O)c1cnc(Nc2ccc(C(F)(F)F)cn2)cc1Nc1cccc(-c2ncn(C)n2)c1OC,4.8,IC50,16000.0,nM,0
CHEMBL5837030,O=C(NCC1CCOCC1)c1n[nH]c2ccc(-c3cnccc3CN3CCCC3)cc12,4.8,IC50,16000.0,nM,0
CHEMBL2023923,Cc1cc(-c2nnc(NCCCN3CCCCC3)o2)ccc1NC(=O)c1ccccc1F,4.8,IC50,15848.93,nM,0
CHEMBL2069412,O=C(N[C@@H]1COc2cccc(-c3ccnc(CO)c3)c2C1)c1ccc(OCC(F)(F)F)nc1,4.8,IC50,15848.93,nM,0
CHEMBL2158835,O=C(O)[C@H](Cc1ccccc1)N1CCC(CN2CCC(Oc3ccc(Cl)c(Cl)c3)CC2)CC1,4.8,IC50,15848.93,nM,0
CHEMBL585163,COc1ccc(CCN2C(=O)N(NS(C)(=O)=O)CC2c2ccc(C)c(C)c2)cc1,4.8,IC50,15800.0,nM,0
CHEMBL2158821,O=C(O)[C@@H](c1ccccc1)N1CCC(CN2CCC(Oc3ccc(Cl)c(Cl)c3)CC2)CC1,4.8,IC50,15848.93,nM,0
CHEMBL4128388,Cn1cc(-c2ccc(C(=O)N(c3nccc4ccccc34)[C@@H]3CCCNC3)cc2)cn1,4.8,Ki,16000.0,nM,0
CHEMBL445794,c1ccc2cc(CO[C@H]3CCNC3)ccc2c1,4.8,Ki,15700.0,nM,0
CHEMBL4436576,Cc1ccc(-c2cc3nccnc3c(NCCCCN)n2)cc1,4.8,IC50,15848.93,nM,0
CHEMBL240923,CN(C)C(=O)N1CC(c2cc(F)ccc2F)=C[C@@]1(CC[C@@H](N)C(F)F)c1ccccc1,4.8,IC50,15900.0,nM,0
CHEMBL3221487,CCOC[C@H](Oc1ncnc2c1cnn2-c1ncccc1Cl)C(=O)Nc1cnc(C)cn1,4.8,IC50,15848.93,nM,0
CHEMBL1946620,CCN(CC)C(=O)c1ccc(C(=C2CCN(Cc3cscn3)CC2)c2ccccn2)cc1,4.8,IC50,16000.0,nM,0
CHEMBL272302,CCc1nc2cc3c(cc2o1)CCN(CCCSc1nnc(-c2cccnc2)n1C)CC3,4.8,IC50,15848.93,nM,0
CHEMBL3786311,COc1ccc(-c2nnc(C(=O)N3CC(Oc4ccc(CN(C)CC5(C)COC5)cc4)C3)o2)cc1,4.8,IC50,16000.0,nM,0
CHEMBL3237560,Cc1nc(Nc2cc(N[C@@H]3CCCC[C@@H]3N)nnc2C(N)=O)ccc1F,4.8,IC50,15848.93,nM,0
CHEMBL23110,N[C@H](C(=O)N1CCC(F)(F)C1)[C@H]1CC[C@H](NC(=O)c2ccc(F)c(F)c2)CC1,4.8,Ki,16000.0,nM,0
CHEMBL4467259,CNC(=O)c1c(-c2ccc(F)cc2)oc2cc(N(c3cc(Cl)c4c(c3)COB4O)S(C)(=O)=O)c(C3CC3)cc12,4.8,IC50,16000.0,nM,0
CHEMBL3237576,COc1ccc(Nc2cc(N[C@@H]3CCOC[C@@H]3N)nnc2C(N)=O)nc1C(C)C,4.8,IC50,15848.93,nM,0
CHEMBL4864514,CNC(=O)c1cc(-n2ncc3cc(Oc4ccccc4Cl)ccc32)cs1,4.8,IC50,15700.0,nM,0
CHEMBL563593,COCCc1nc(CN[C@H]2CC[C@@H](F)C2)n(C(C)C)c1-c1ccc(Cl)cc1,4.8,IC50,16000.0,nM,0
CHEMBL1289834,O=c1cc(OCc2ccccc2)ccn1-c1ccc2c(cnn2CCN2CCNCC2)c1,4.79,IC50,16400.0,nM,0
CHEMBL1957004,Cc1nc2ncc(Oc3ccc(F)cc3)nc2c(=O)n1C[C@H]1CCCN(C(C)C)C1,4.79,IC50,16218.1,nM,0
CHEMBL5812198,Fc1ccc(CCN2CCC(Nc3ncnc4[nH]ncc34)C(F)(F)C2)cc1,4.79,IC50,16300.0,nM,0
CHEMBL469809,c1ccc2cc(CO[C@@H]3CCNC3)ccc2c1,4.79,Ki,16400.0,nM,0
CHEMBL2036275,CCN[C@H]1CCC[C@@H](c2c[nH]c3ccc(NC(=N)c4cccs4)cc23)C1.Cl,4.79,IC50,16300.0,nM,0
CHEMBL1779539,Cc1c2c(n3c1CCCN1C[C@@H](F)C[C@@H]1CNc1cc-3ccc1C(N)=O)CC(C)(C)CC2=O,4.79,IC50,16400.0,nM,0
CHEMBL5871206,COc1ccc(-c2ccn3c(CC4CC4(F)F)nnc3c2Cl)cc1F,4.79,IC50,16130.0,nM,0
CHEMBL5895211,C[C@H]1OC(=O)[C@]2(N3CC(C(N)=O)C3)CC(F)(F)[C@@H](C)[C@H](/C=C/c3ccc(-c4ccccc4C#N)cn3)[C@H]12,4.79,IC50,16300.0,nM,0
CHEMBL603052,Cc1nc2nc(N3CCN4CCC3CC4)oc2cc1Cl,4.79,IC50,16200.0,nM,0
CHEMBL2181296,CN1CCN(C(=O)c2ccc(-c3cnc(N)c(-c4ccc(C(F)(F)F)cc4)c3)cc2)CC1,4.79,IC50,16300.0,nM,0
CHEMBL4645216,O=C(O)c1cc(-c2ccc(C34CCN(CC3)CC4)cc2)c2ccc(-c3ccc(C(F)(F)F)cc3)cc2c1,4.79,IC50,16400.0,nM,0
CHEMBL2203585,N#CC1(c2ccccn2)CCN(Cc2cc(C(=O)N[C@H]3CCCC[C@@H]3O)c(=O)n3ccccc23)CC1,4.79,IC50,16400.0,nM,0
CHEMBL4088312,CN(C/C=C/c1ccc2ccccc2c1)Cc1ccc2c(c1)OCCC2.Cl,4.79,IC50,16200.0,nM,0
CHEMBL4763259,COC(=O)N(C)c1c(N)nc(-c2nc(Cc3ccccc3F)n3ncccc23)nc1N,4.79,IC50,16100.0,nM,0
CHEMBL4086237,Cc1c([C@@H](O)CN2CCC3(CC2)CC(=O)N(c2cnc(S(C)(=O)=O)cn2)C3)ccc2c1COC2=O,4.79,IC50,16100.0,nM,0
CHEMBL4641678,O=C(Nc1ncc(Cl)s1)/C(=N/N1CCCC1)c1ccc(S(=O)(=O)C2CC2)cc1,4.78,IC50,16700.0,nM,0
CHEMBL521509,O=C(NC1CC1)c1cn(-c2cccc(C#Cc3cccnc3)c2)c2ncccc2c1=O,4.78,IC50,16700.0,nM,0
CHEMBL4080380,C[C@@]1(c2cc(CNC3(C(F)(F)F)COC3)c(F)cc2F)CCSC(N)=N1,4.78,IC50,16500.0,nM,0
CHEMBL5085116,CNC(=O)c1c(-c2ccc(O)c(C)c2)oc2ccc(O)c(CN3CCC4(COC4)C3)c12,4.78,IC50,16600.0,nM,0
CHEMBL4646514,O=C(O)c1cc(-c2ccc(C34CCN(CC3)CC4)cc2)cc(-n2cc(-c3ccc(C(F)(F)F)cc3)nn2)c1,4.78,IC50,16800.0,nM,0
CHEMBL4791626,CN(C)CCn1cc2cc(NC(=O)c3cccc(C(F)(F)F)n3)c(C(C)(C)O)cc2n1,4.78,IC50,16500.0,nM,0
CHEMBL3760108,COc1ccc2c(c1)[C@@H]1C[C@]1(C(=O)N1C3CCC1CN(C)C3)Cn1c-2c(C2CCCCC2)c2ccc(C(=O)NS(=O)(=O)CC(C)C)cc21,4.78,IC50,16600.0,nM,0
CHEMBL4202587,CC(C)OCc1ccccc1CNC(=O)c1c2c(c(Cl)n1C)CC(C)(C)CC2,4.78,IC50,16500.0,nM,0
CHEMBL2180018,COc1cccc(-c2cccc(C3(C)N=C(C)C(N)=N3)c2)c1,4.78,IC50,16700.0,nM,0
CHEMBL597,Cc1ccc(N(CC2=NCCN2)c2cccc(O)c2)cc1,4.78,Ki,16448.0,nM,0
CHEMBL3115195,COC(=O)C(CCC(=O)N1CCN(c2ccccc2OC)CC1)(c1ccc(Br)cc1)C(C)C,4.78,IC50,16800.0,nM,0
CHEMBL4447439,COCCN1CCN(CCNc2nonc2/C(=N/O)Nc2ccc(F)c(Br)c2)S1(=O)=O,4.78,IC50,16630.0,nM,0
CHEMBL4289783,Fc1ccc(N2CCN(CCCc3c[nH]c4ccc(F)cc34)CC2)c(-c2ccccc2)c1,4.78,IC50,16660.0,nM,0
CHEMBL1080790,CC(C)(C)CN(C(=O)c1cccc(Cl)c1Cl)[C@H]1CCNC1,4.78,IC50,16800.0,nM,0
CHEMBL3916182,COc1ccc2[nH]c3c(c2c1)CC1c2cc4c(cc2CCN1C3)OCO4,4.78,IC50,16500.0,nM,0
CHEMBL3289811,Nc1nc2ccc(OC3CCOC3)nc2n1CC(O)c1ccc(C(F)(F)F)cc1Cl,4.78,IC50,16600.0,nM,0
CHEMBL3425822,O=c1ccc2ncc(F)c3c2n1C[C@@]3(O)CC12CCC(NCc3ccc4c(c3)OCCO4)(CC1)CO2,4.78,IC50,16500.0,nM,0
CHEMBL1822866,COC(=O)c1cc(-c2ccc3cc(CCN4CCC[C@H]4C)ccc3n2)on1,4.78,IC50,16800.0,nM,0
CHEMBL377734,O=C(NC1CC1)c1cc(NCc2cnc(Nc3ccccn3)s2)c(F)cc1F,4.78,IC50,16600.0,nM,0
CHEMBL5931727,COc1cncc(OC[C@H](C)CN)c1-c1cc(Nc2cnc(C#N)cn2)n[nH]1,4.78,IC50,16700.0,nM,0
CHEMBL471400,CC(=O)N1CCCC12CCN(c1ccc(C(=O)Nc3cc(-c4cccs4)ccc3N)cn1)CC2,4.78,Ki,16740.0,nM,0
CHEMBL488084,Cc1ncc(-c2ccnc(Nc3ccc(C(N)=O)cc3)n2)n1C(C)C,4.77,IC50,17000.0,nM,0
CHEMBL3084944,N[C@H](C(=O)N1CCCC1)[C@H]1CC[C@H](NC(=O)c2cccc3ccccc23)CC1,4.77,Ki,17000.0,nM,0
CHEMBL4648844,Nc1nc(N2CCC(N3Cc4cnccc4OC[C@@H]3Cc3ccc(Cl)cc3)CC2)n[nH]1,4.77,IC50,17000.0,nM,0
CHEMBL4444606,CNC(=O)c1cnc(Nc2ccc(OC)cn2)cc1Nc1ccccc1S(C)(=O)=O,4.77,IC50,17000.0,nM,0
CHEMBL4580171,CCN1CCN(c2ccc(/C(=C(/CCCO)c3ccccc3)c3ccc(C)cc3)cc2)CC1.Cl.Cl,4.77,IC50,17000.0,nM,0
CHEMBL1830698,c1ccc(Nc2nc3c(s2)CCc2n[nH]cc2-3)nc1,4.77,IC50,17000.0,nM,0
CHEMBL1782377,CO[C@@H]1COCC[C@@H]1N(C)[C@@H]1CC[C@@](C(=O)N2CCN(c3cc(C(F)(F)F)ccn3)CC2)(C(C)C)C1,4.77,IC50,17000.0,nM,0
CHEMBL2031883,CNC(=O)c1ccc(-c2ccc3c(c2)CCN(CCN2CCC[C@H]2C)C3=O)cc1,4.77,IC50,17000.0,nM,0
CHEMBL4439006,C[C@@H]1OCC2(CCN(c3nc4[nH]nc(-c5ccnc(NC6CC6)c5Cl)c4c(=O)n3C)CC2)[C@@H]1N,4.77,IC50,17000.0,nM,0
CHEMBL4059848,CC(=O)N1CCN(c2cccc(-c3cc(-c4ccnn4CC(F)(F)F)c4c(N)ncnn34)c2)C(=O)C1(C)C,4.77,IC50,17000.0,nM,0
CHEMBL1796065,COCCCc1cc(CN(C(=O)[C@H]2CNCC[C@@H]2c2ccn(C)c(=O)c2)C2CC2)c2ccccc2c1,4.77,Ki,17000.0,nM,0
CHEMBL3822962,CCc1c(Nc2ncc(Cl)c(-c3cnn4ccccc34)n2)cnn1C1CCN(C(C)=O)CC1,4.77,IC50,17000.0,nM,0
CHEMBL1651717,O=C(O)C1CN(Cc2ccc(-c3cc4cc(Cc5ccccc5)ccc4o3)c(F)c2)C1,4.77,IC50,17000.0,nM,0
CHEMBL1123,CCN(CC)CCOC(=O)C1(C2CCCCC2)CCCCC1,4.77,Ki,16869.7,nM,0
CHEMBL2336334,COCC(C)Nc1nc(N2CCOC[C@@H]2C)c2ccc(-c3ccc(OC)c(CO)c3)nc2n1,4.77,IC50,17000.0,nM,0
CHEMBL1834799,CC(C)c1ncc([C@H]2CC[C@@H](N3CC(NC(=O)CNc4nn(C)c5ccc(C(F)(F)F)cc45)C3)CC2)s1,4.77,IC50,17000.0,nM,0
CHEMBL3422016,Cc1csc(-c2nnc3n2CCN(C(=O)c2ccc(-c4cccs4)cc2)[C@@H]3C)n1,4.77,IC50,17000.0,nM,0
CHEMBL3822651,COCC(=O)N1CCC(n2nc(C)c(Nc3ncc(Cl)c(-c4cnn5ccccc45)n3)c2C)CC1,4.77,IC50,17000.0,nM,0
CHEMBL1289083,CCO[C@H]1CN([C@H]2CC[C@@](O)(c3ccccc3)CC2)C[C@@H]1NC(=O)CNC(=O)c1cccc(C(F)(F)F)c1,4.77,IC50,17000.0,nM,0
CHEMBL4640836,COc1cc([C@](O)(CCN(C)C)[C@@H](c2cc3cc(Br)ccc3nc2OC)c2ccnc(OC)c2OC)cc(OC(C)C)n1,4.77,IC50,17000.0,nM,0
CHEMBL495095,C=CCc1ccccc1OC(C)C1=NCCN1,4.77,IC50,16900.0,nM,0
CHEMBL4129805,N#Cc1ccc(O[C@@H]2[C@@H]3[C@H](C[C@H]2N2CCC[C@@H](N)C2)[C@@H]2CC(=O)[C@H]3C2)cc1,4.77,IC50,17000.0,nM,0
CHEMBL3692706,Cc1c(CCN2CCN(C(=O)Cc3ccc(-n4cnnn4)nc3)CC2)ccc2c1COC2=O,4.77,IC50,17000.0,nM,0
CHEMBL4637559,N[C@@H]1CC[C@@H](n2cc(-c3ccc4cc[nH]c4c3)c(C(F)(F)F)n2)C1,4.77,IC50,17000.0,nM,0
CHEMBL4852170,Cc1c(N2CCC(C3(N)CC3)C2)c(F)cc2c(-c3cc(O)no3)cc(=O)n(C3CC3)c12,4.77,IC50,17000.0,nM,0
CHEMBL4646396,CN1CCN(Cc2cnc(NC(=O)/C(=N/N3CCCC3)c3ccc(S(=O)(=O)C4CC4)cc3)s2)CC1,4.77,IC50,16900.0,nM,0
CHEMBL571952,COc1ccc(CCN2C(=O)N(NS(C)(=O)=O)CC2c2ccc(OC(C)C)cc2)cc1,4.77,IC50,17000.0,nM,0
CHEMBL471299,Cc1nn(-c2c(Cl)cccc2NS(C)(=O)=O)cc1CN1CCC2(CC1)OCc1ccccc12,4.77,IC50,17000.0,nM,0
CHEMBL4463043,N#Cc1ccc(N2CCC(Nc3cc(Nc4ccncn4)ncc3C(N)=O)CC2)nc1,4.77,IC50,17000.0,nM,0
CHEMBL4115154,O=C(Nc1ccc(OC(F)(F)F)cc1)c1cnc(N2CC[C@@H](O)C2)c(-c2cncnc2)c1,4.77,IC50,17000.0,nM,0
CHEMBL3745890,Cn1nnc([C@H]2[C@@H]3CN(C(=O)c4ccc(C[C@@H]5CC[C@H]([C@H](O)c6ccccc6)N5)cc4)C[C@@H]32)n1,4.77,IC50,17000.0,nM,0
CHEMBL2333611,CN1CCC(COCc2cc(C3CC3)cc(C3CC3)n2)(c2ccc(F)cc2)CC1,4.77,IC50,17000.0,nM,0
CHEMBL3358002,C[C@@H]1CN(c2nnc(C(F)(F)F)o2)CCN1c1ncc(OCc2ccc(OS(C)(=O)=O)cc2F)cn1,4.77,IC50,17000.0,nM,0
CHEMBL2333612,CN1CCC(COCc2cc(C#N)cc(C3CC3)n2)(c2ccc(F)cc2)CC1,4.77,IC50,17000.0,nM,0
CHEMBL4203041,COc1ccc(NC(=O)N2CCN(c3nc(N)nc4scnc34)[C@@H](C)C2)cc1,4.77,IC50,17000.0,nM,0
CHEMBL2036782,CC(C)N1CCN[C@@H](C(=O)N2CCN(C(=O)Nc3ccc(Cl)c(Cl)c3)CC2)C1,4.77,IC50,17000.0,nM,0
CHEMBL560669,N[C@H]1Cn2c(nc3ccc(F)cc32)C[C@@H]1c1cc(F)c(F)cc1F.O=C(O)C(F)(F)F,4.77,IC50,17000.0,nM,0
CHEMBL1939751,CCN(C)C(=O)c1ccc([C@H](c2cccc(NC(=O)OC)c2)N2CCN(Cc3cscn3)CC2)cc1,4.77,IC50,17000.0,nM,0
CHEMBL3612810,COc1cc([C@@H](O)CN2CCN(C[C@H](O)c3ccc4c(c3C)COC4=O)CC2)ncc1C#N,4.77,IC50,17000.0,nM,0
CHEMBL3623278,COc1cc2ncnc(Nc3cccc(Cl)c3F)c2cc1CN1CCOCC1,4.77,IC50,17000.0,nM,0
CHEMBL1289446,CCC(O)(c1cn(Cc2ccc3c(-c4ccccc4)c(C(N)=O)sc3c2)nn1)C(F)(F)F,4.77,Ki,17000.0,nM,0
CHEMBL4747057,Cc1cc(CN2CCN(C(=O)/C=C/c3ccc(Cl)cc3Cn3nnc(C)n3)CC2=O)on1,4.77,IC50,17000.0,nM,0
CHEMBL5939079,CNC[C@H](c1ccc2ccccc2c1)[C@H](N)c1ccccc1,4.77,IC50,17000.0,nM,0
CHEMBL4864066,COc1ccc(-c2ccc(C(=O)O)cc2C)cc1-c1cnc(N(C)C)nc1CN1C(=O)O[C@H](c2cccc(OC(F)(F)F)c2)[C@@H]1C,4.77,IC50,17000.0,nM,0
CHEMBL3666254,CC(C)n1cc(C(=O)c2cncc(NC(=O)Cc3ccc(Cl)cc3)c2)c2cnc(N)nc21,4.77,Ki,16900.0,nM,0
CHEMBL2441421,O=C1OCc2c1ccc(CCN1CCN(C(=O)Cc3ccc(-n4cnnn4)cc3)CC1)c2Cl,4.77,IC50,17000.0,nM,0
CHEMBL2164372,O=C(NCc1ccc(OC(F)(F)F)cc1)C1c2ccccc2C(=O)N1C[C@@H]1CCCO1,4.77,IC50,17000.0,nM,0
CHEMBL4461911,COc1ccc(Oc2nc(Nc3ccc(N4CCOCC4)nc3)ncc2NC(=O)c2cc(OC)cc(OC)c2)cc1,4.77,IC50,17100.0,nM,0
CHEMBL4279463,CC1(C)CC(Cc2ccc(-c3ccc(-c4cn[nH]c4)cc3O)nn2)CC(C)(C)N1,4.77,IC50,17000.0,nM,0
CHEMBL1951602,CC(C)=CCn1c(N2CCC[C@H](N)C2)c(C#N)c2c1c(=O)n(Cc1ncccc1C#N)c(=O)n2C,4.77,IC50,16900.0,nM,0
CHEMBL2403327,Cc1ccc(Cn2cnc(=O)c3cc(Oc4ncccc4C(F)(F)F)ccc32)cc1,4.77,IC50,17000.0,nM,0
CHEMBL2021600,C[C@H](Oc1ccc(S(C)(=O)=O)cc1C(=O)N1CCN(c2ncc(C(F)(F)F)cc2F)CC1)C(C)(C)C,4.77,IC50,17000.0,nM,0
CHEMBL4091096,CCOc1ccc(-c2cc3c(N[C@@H]4CC[C@](C)(N)C4(C)C)c(C(N)=O)cnn3c2)cn1,4.77,IC50,17000.0,nM,0
CHEMBL4215266,COCc1ccc(-c2cc3c(N[C@@H](C)c4nn(C)cc4C)c(C(N)=O)cnc3cc2F)cn1,4.77,IC50,17000.0,nM,0
CHEMBL3289443,COC(=O)N1CCC(C)(CN2CCC3(CC2)CN(S(C)(=O)=O)c2ncccc23)CC1,4.77,IC50,17000.0,nM,0
CHEMBL2315921,O=C(CNc1ncnc2ccc(C(F)(F)F)cc12)NC1CN([C@H]2CC[C@@](O)(c3ccccc3)CC2)C1,4.77,IC50,16900.0,nM,0
CHEMBL3927609,N#Cc1ccc(-c2ccc(C[C@@H](C#N)NC(=O)[C@@H]3CNCCCO3)cc2)cc1,4.77,IC50,17000.0,nM,0
CHEMBL365062,NCc1ccc(F)c(C2CCN(C(=O)c3cc(C(N)=O)cc(-c4nc(-c5cccs5)no4)c3)CC2)c1,4.77,IC50,17100.0,nM,0
CHEMBL2316385,C[S+]([O-])Cc1ccc(C(=O)Nc2nccnc2C(=O)NCC2CCC2)c2ccccc12,4.77,IC50,17000.0,nM,0
CHEMBL1822458,CC(C)N1CCCC1CNC(=O)N1CCC(c2nc(-c3ccc4ccccc4n3)no2)CC1,4.77,IC50,17000.0,nM,0
CHEMBL3596506,COc1cccc2c1nc(N)n1nc(CN3CCN(c4ccccc4)C[C@H]3C)nc21,4.77,IC50,16940.0,nM,0
CHEMBL4742918,CNC(=O)c1nn(C)c2ccc(Nc3nccc(-n4cc(N[C@@H]5CCOC[C@@H]5N)c(C)n4)n3)cc12,4.77,IC50,17000.0,nM,0
CHEMBL1795914,Cn1ccc([C@H]2CCNC[C@@H]2C(=O)N(Cc2cc(CCC#N)cc(Cl)c2Cl)C2CC2)cc1=O,4.77,Ki,17000.0,nM,0
CHEMBL6004223,CNC[C@H](c1ccc2ccccc2c1)[C@H](OCC(=O)N1CCCC1)c1ccccc1,4.77,IC50,17000.0,nM,0
CHEMBL481717,CCOc1cc2ncc(C(N)=O)c(Nc3ccc(F)cc3F)c2cc1N1CCC(O)CC1,4.77,IC50,17000.0,nM,0
CHEMBL2409397,COc1cc2nnc(C(N)=O)c(Nc3ccc(C)cc3F)c2cc1N1CCN(C(C)C)CC1,4.77,IC50,17000.0,nM,0
CHEMBL2041171,COc1cc(N2C(=O)N(c3ccc(-c4ccc(-c5cc(=O)[nH][nH]5)cc4)cc3)C(=O)C23CCN(Cc2ncccc2C)CC3)ncn1,4.77,IC50,17000.0,nM,0
CHEMBL567627,CC1(C)Cc2c(CN3CCC4(CC3)CCN(C(=O)c3ccnc(N)c3)CC4)cccc2O1,4.77,IC50,16982.44,nM,0
CHEMBL4456157,COc1cc(F)cc2c1nnc1c2c(-c2ccncc2C)nn1C,4.76,IC50,17300.0,nM,0
CHEMBL4756767,CC1(N)CCN(c2cnc(Sc3cccnc3C(F)(F)F)c(N)n2)CC1,4.76,IC50,17400.0,nM,0
CHEMBL2204247,COc1cccc([C@]2(O)CC[C@H](N3CC(NC(=O)CNC(=O)c4cccc(C(F)(F)F)c4)C3)CC2)n1,4.76,IC50,17500.0,nM,0
CHEMBL1078742,CC(C)CN(C(=O)c1ccc(Cl)c(Cl)c1)[C@H]1CCNC1,4.76,IC50,17200.0,nM,0
CHEMBL6006221,Nc1nnc(N2CCC(N3C[C@H](Cn4cc(F)cn4)OC[C@@H]3Cc3ccc(Cl)cc3)CC2)[nH]1,4.76,IC50,17500.0,nM,0
CHEMBL4066256,Cc1c([C@@H](O)CN2CCC3(CC2)CC(=O)N(c2ccc(S(C)(=O)=O)cn2)C3)ccc2c1COC2=O,4.76,IC50,17400.0,nM,0
CHEMBL3605133,NCCOc1ccc2ncc(F)c(CCC34CCC(NCc5ccc6c(n5)NC(=O)CO6)(CC3)CO4)c2n1,4.76,IC50,17500.0,nM,0
CHEMBL5800932,Cc1coc([C@H]2CN(C3CCN(c4nnc(N)[nH]4)CC3)[C@@H](Cc3ccc(Cl)cc3)CO2)n1,4.76,IC50,17500.0,nM,0
CHEMBL4537828,CO[C@H]1C[C@H](Cc2ccc(Cl)cc2)N(C2CCN(c3nc(N)n[nH]3)CC2)C1,4.76,IC50,17500.0,nM,0
CHEMBL4457100,CCNC(=O)[C@H]1CC(=O)[C@@]2(C)CC[C@@H]3c4ccc(OCCCN5CCC[C@H]5C)cc4CC[C@H]3[C@H]12,4.76,IC50,17500.0,nM,0
CHEMBL3605148,COCCOc1ccc2ncc(F)c(CCC34CCC(NCc5ccc6c(n5)NC(=O)CO6)(CC3)CO4)c2n1,4.76,IC50,17300.0,nM,0
CHEMBL23,COc1ccc([C@@H]2Sc3ccccc3N(CCN(C)C)C(=O)[C@@H]2OC(C)=O)cc1,4.76,IC50,17378.01,nM,0
CHEMBL5746607,COC(C)(C)[C@H]1CN(C2CCN(c3nnc(N)[nH]3)CC2)[C@@H](Cc2ccc(Cl)cc2)CO1,4.76,IC50,17500.0,nM,0
CHEMBL5918018,Nc1nnc(N2CCC(N3C[C@@H]4CC(F)(F)CN4C[C@@H]3Cc3ccc(C(F)(F)F)cc3)CC2)[nH]1,4.76,IC50,17500.0,nM,0
CHEMBL4645293,O=C(Nc1nccs1)/C(=N/N1CCCC1)c1ccc(S(=O)(=O)C2CC2)cc1,4.76,IC50,17500.0,nM,0
CHEMBL2152252,CNC(=O)c1nc(-c2ccc(Cl)c(S(=O)(=O)Nc3cccc(F)c3F)c2)cnc1N,4.76,IC50,17318.0,nM,0
CHEMBL2180031,CC#Cc1cncc(-c2cccc(C3(c4cc(C)c(OC)c(C)c4)N=C(C)C(N)=N3)c2)c1,4.76,IC50,17500.0,nM,0
CHEMBL5786700,COC(=O)c1ccc(-c2ccn3c(CC4CC4(F)F)nnc3c2)c(F)c1,4.76,IC50,17260.0,nM,0
CHEMBL4107878,O=C(Nc1ccc([C@H]2CNCCO2)cc1)c1ccc(C(F)(F)F)nc1,4.76,IC50,17420.0,nM,0
CHEMBL5790424,Nc1nnc(N2CCC(N3C[C@H](Cn4ccnc4)OC[C@@H]3Cc3ccc(Cl)cc3)CC2)[nH]1,4.76,IC50,17500.0,nM,0
CHEMBL4516798,COc1ccccc1-c1n[nH]c2nc(N[C@H]3CC[C@H](NS(=O)(=O)CCC(F)(F)F)CC3)nc(OC)c12,4.76,IC50,17500.0,nM,0
CHEMBL2336329,CNCc1cccc(-c2ccc3c(N4CCOCC4)nc(N4C[C@@H](C)O[C@@H](C)C4)nc3n2)c1,4.76,IC50,17400.0,nM,0
CHEMBL6063010,Nc1nnc(N2CCC(N3Cc4cncn4C[C@@H]3Cc3ccc(C(F)(F)F)cc3)CC2)[nH]1,4.76,IC50,17500.0,nM,0
CHEMBL4451860,O=S1(=O)CCCN1CCNc1nonc1/C(=N/O)Nc1ccc(F)c(Br)c1,4.76,IC50,17270.0,nM,0
CHEMBL5925390,Nc1nnc(N2CCC(N3C[C@H](COC(F)F)OC[C@@H]3Cc3ccc(Cl)cc3)CC2)[nH]1,4.76,IC50,17500.0,nM,0
CHEMBL4848094,CC[C@@H](NC(=O)c1ccc(OC)nc1)[C@H]1CC[C@@H](c2ccnc(OC)c2C(F)F)CC1,4.76,IC50,17400.0,nM,0
CHEMBL6043338,Nc1nnc(N2CCC(N3C[C@H](CN4CCC(F)(F)CC4)OC[C@@H]3Cc3ccc(Cl)cc3)CC2)[nH]1,4.76,IC50,17500.0,nM,0
CHEMBL1697,COc1ccc([C@@H]2Sc3ccccc3N(CCN(C)C)C(=O)[C@@H]2OC(C)=O)cc1.Cl,4.76,IC50,17378.01,nM,0
CHEMBL6030940,Nc1nnc(N2CCC(N3C[C@H](N4CCOCC4)CC[C@@H]3Cc3ccc(Cl)cc3)CC2)[nH]1,4.76,IC50,17500.0,nM,0
CHEMBL3949501,NC(=O)c1c(N)ncnc1N1CCC(c2nc(-c3ccc(F)c(C(F)(F)F)c3)cn2CCN2CCC2)CC1,4.76,IC50,17400.0,nM,0
CHEMBL3353411,C=CC(=O)Nc1cc(Nc2nccc(-c3c[nH]c4ccccc34)n2)c(OC)cc1N(C)CCN(C)C,4.76,IC50,17500.0,nM,0
CHEMBL4071084,Cc1nc(-n2cnnn2)ccc1[C@@H](O)CN1CCC2(CC1)CCN(c1ccc(=O)n(C)n1)C2=O,4.76,IC50,17200.0,nM,0
CHEMBL3972724,Cn1c(=O)n([C@H]2CCCOC2)c2c3cc(-c4ccc(OCCCN5CCCCC5)nc4)c(F)cc3ncc21,4.75,IC50,18000.0,nM,0
CHEMBL4071603,Cc1nccc(N2CCC3(CCN(C[C@H](O)c4ccc5c(c4C)COC5=O)CC3)C2=O)n1,4.75,IC50,17600.0,nM,0
CHEMBL1836172,CC(C)Oc1ccc(-c2nc(-c3ccc4c(c3)CCN(C(CO)CO)CC4)no2)cc1C#N,4.75,IC50,17782.79,nM,0
CHEMBL2346973,Cn1nccc1CCOc1ccc(C2CCN(c3ccc4nnc(C(F)(F)F)n4n3)CC2)cc1,4.75,IC50,17782.79,nM,0
CHEMBL3596516,COc1cccc2c1nc(N)n1nc(CN3CCN(c4cnc(C)s4)C[C@H]3C)nc21,4.75,IC50,17880.0,nM,0
CHEMBL3219123,COC[C@H](C)Oc1cc(Oc2ncc(C(=O)N3CCC3)cc2Cl)cc(C(=O)Nc2cnc(C)cn2)c1,4.75,IC50,18000.0,nM,0
CHEMBL4448093,Oc1ccc(Cn2c(-c3cscn3)nc3ccccc32)c2cccnc12,4.75,IC50,18000.0,nM,0
CHEMBL2441408,O=C1OCCc2cc(CCN3CCN(C(=O)Cc4ccc(-n5cnnn5)cc4)CC3)ccc21,4.75,IC50,18000.0,nM,0
CHEMBL2031477,O=C1CC2CCc3cc(OC4CCN(C5CCC5)CC4)ccc3C2=NN1,4.75,IC50,18000.0,nM,0
CHEMBL850,C[C@@H]1CN(c2c(F)c(N)c3c(=O)c(C(=O)O)cn(C4CC4)c3c2F)C[C@H](C)N1,4.75,IC50,18000.0,nM,0
CHEMBL3219120,COC[C@H](C)Oc1cc(Oc2ccc(C(=O)N3CCC3)cc2)cc(C(=O)Nc2cnc(C)cn2)c1,4.75,IC50,18000.0,nM,0
CHEMBL377596,O=C([C@@H](O)C1CC1)N1CC(c2cc(F)ccc2F)=C[C@H]1c1cccc(O)c1,4.75,IC50,18000.0,nM,0
CHEMBL1796063,COCCCc1cc(CN(C(=O)[C@H]2CNCC[C@@H]2c2ccn(C)c(=O)c2)C2CC2)cc(Br)c1C,4.75,Ki,18000.0,nM,0
CHEMBL4865552,CC(=O)NC[C@@H]1OC(=O)N2Cc3cc(-c4ccc(C#N)nc4)c(F)cc3O[C@@H]12,4.75,IC50,17820.0,nM,0
CHEMBL1796060,COCCNc1cc(Cl)c(Cl)c(CN(C(=O)[C@H]2CNCC[C@@H]2c2ccn(C)c(=O)c2)C2CC2)c1,4.75,Ki,18000.0,nM,0
CHEMBL1946621,CN(C)C(=O)c1ccc(C(=C2CCN(Cc3cscn3)CC2)c2ccccn2)cc1,4.75,IC50,18000.0,nM,0
CHEMBL4865776,COCC(=O)N1Cc2cc(S(=O)(=O)CC3CC3)ccc2C1C(=O)Nc1ccc(C(O)(C(F)(F)F)C(F)(F)F)cc1,4.75,IC50,18000.0,nM,0
CHEMBL4877500,CC(=O)N1Cc2cc(S(=O)(=O)CC3CC3)ccc2C1C(=O)Nc1ccc(C(O)(C(F)(F)F)C(F)(F)F)cc1,4.75,IC50,18000.0,nM,0
CHEMBL611,COc1cc2nc(N3CCN(C(=O)C4CCCO4)CC3)nc(N)c2cc1OC,4.75,IC50,17782.79,nM,0
CHEMBL3671805,Cc1ccncc1-c1cc2c(N[C@@H]3CC[C@](C)(N)C3(C)C)c(C(N)=O)cnn2c1,4.75,IC50,18000.0,nM,0
CHEMBL2435858,Cc1nc(Oc2ccc(C(N)=O)cc2)ccc1CN1CCC(N2C(=O)N(C3CCOCC3)C[C@H]2c2ccccc2)CC1,4.75,IC50,18000.0,nM,0
CHEMBL1837037,CN1Cc2cc(Cl)ccc2-n2c(nnc2C2CCN(c3ccccn3)CC2)C1,4.75,IC50,17900.0,nM,0
CHEMBL5794076,C[C@@H]1Cc2c([nH]c3ccccc23)[C@@H](c2nccc(OCCNCCCF)c2F)N1CC(F)(F)CO,4.75,IC50,18000.0,nM,0
CHEMBL3609622,COc1cc(-c2cn(C3CCc4ccccc4NC3=O)nn2)ccc1-n1cnc(C)c1,4.75,IC50,17600.0,nM,0
CHEMBL476993,Cc1ncc(-c2nc(Nc3ccc(N4CCN(C(=O)CO)CC4)cc3)ncc2F)n1C(C)C,4.75,IC50,18000.0,nM,0
CHEMBL4161022,CO[C@H]1C[C@@H](n2c(=O)n(C)c3cnc4cc(F)c(-c5ccc(NC(=O)CCCN(C)C)nc5)cc4c32)C1,4.75,IC50,18000.0,nM,0
CHEMBL4861495,Cc1c(N2CCC(C3(N)CC3)C2)c(F)cc2c(-c3noc(=S)[nH]3)cc(=O)n(C3CC3)c12,4.75,IC50,18000.0,nM,0
CHEMBL4551177,CCC(CC)CNc1c(C(N)=O)cnc2ccc(-c3ccc(COC)cc3)cc12,4.75,IC50,18000.0,nM,0
CHEMBL3218816,C[C@@H]1CN(c2nnc(C(F)(F)F)o2)CCN1c1ncc(OCc2ccncc2C#N)cn1,4.75,IC50,18000.0,nM,0
CHEMBL1939742,CCN(C)C(=O)c1ccc([C@H](c2cccc(NC(=O)C3CC3)c2)N2CCN(Cc3nc(C)cs3)CC2)cc1,4.75,IC50,18000.0,nM,0
CHEMBL477785,Cc1ncc(-c2ccnc(Nc3ccc(N4CCN(S(=O)(=O)CCN(C)C)CC4)cc3)n2)n1C(C)C,4.75,IC50,18000.0,nM,0
CHEMBL3805400,Cc1ccn2nc3c(c2n1)CN([C@H]1CO[C@H](c2cc(F)ccc2F)[C@@H](N)C1)C3,4.75,IC50,18000.0,nM,0
CHEMBL484528,Cc1cc2ncc(C(=O)N3CCC([C@H](N)Cc4cc(F)c(F)cc4F)CC3)c(C)n2n1,4.75,IC50,18000.0,nM,0
CHEMBL3983988,Cc1cc(F)cnc1C(=O)Nc1csc([C@]23CO[C@@H](C)C[C@H]2CSC(N)=N3)n1,4.75,IC50,17900.0,nM,0
CHEMBL4276884,O=C(NCc1ccc(OC(F)(F)F)c(Cl)c1)c1ccc(S(=O)(=O)Nc2nccs2)c(F)c1,4.75,IC50,17700.0,nM,0
CHEMBL3288811,COc1ccc2ncc(F)c(C[C@H](O)C34CCC(NCc5ccc6c(n5)NC(=O)CO6)(CC3)CO4)c2n1.Cl,4.75,IC50,18000.0,nM,0
CHEMBL4520755,CO[C@@H](C)CN(CCc1ccc(Cl)cc1)C1CCN(c2nc(N)n[nH]2)CC1,4.75,IC50,17600.0,nM,0
CHEMBL4779248,Cc1nccc(N2CCCc3nc([C@@H](C)NC(=O)c4ccc(F)cc4)ccc32)n1,4.75,IC50,18000.0,nM,0
CHEMBL1950490,Cn1c2c(c3cc(C(=O)N4CCCCC4)ccc31)CN(C1CCOCC1)CC2,4.75,IC50,18000.0,nM,0
CHEMBL1834791,Cc1ccc([C@H]2CC[C@@H](N3CC(NC(=O)CNc4nn(C)c5ccc(C(F)(F)F)cc45)C3)CC2)cn1,4.75,IC50,18000.0,nM,0
CHEMBL4762103,C[C@@H](c1cc(OCC(F)F)ccn1)n1cnc2c(N)nc(Cl)nc21,4.75,IC50,18000.0,nM,0
CHEMBL4463136,CN(C)C(=O)CNCCc1cccc(OCCCC(F)(F)F)c1.Cl,4.75,IC50,18000.0,nM,0
CHEMBL4763134,C[C@H]1C[C@H](C(=O)O)CC[C@H]1C(=O)N1CC[C@@]2(S(=O)(=O)c3ccccc3)c3cc(F)c(C(F)(C(F)(F)F)C(F)(F)F)cc3CC[C@@H]12,4.75,IC50,18000.0,nM,0
CHEMBL4528812,C[S+]([O-])c1ccc(-c2ccc3ncc(-c4ccc(S(C)(=O)=O)cc4)n3n2)cc1,4.75,IC50,17900.0,nM,0
CHEMBL3605017,N[C@@H]1CO[C@H]1COc1ccc2ncc(F)c(CCC34CCC(NCc5ccc6c(n5)NC(=O)CO6)(CC3)CO4)c2n1,4.75,IC50,17700.0,nM,0
CHEMBL6064287,CN(C)C(=O)c1cccc2c1CN(C(C)(C)CCc1ccc(O)c(OC(C)(C)C)c1)C2,4.75,IC50,18000.0,nM,0
CHEMBL488085,Cc1ncc(-c2ccnc(Nc3ccc(C(=O)N(C)C)cc3)n2)n1C(C)C,4.75,IC50,18000.0,nM,0
CHEMBL4791981,CN1CCC[C@H]1COc1ccc(/C(=C(/CCCO)c2ccccc2)c2ccc(O)cc2)cc1.Cl,4.75,IC50,18000.0,nM,0
CHEMBL2333636,CC(C)=Cc1cc(C(F)(F)F)cc(COCC2(c3ccc(F)cc3)CCN(C)CC2)n1,4.75,IC50,18000.0,nM,0
CHEMBL3408385,COc1ccc(-n2nc(C(C)=O)s/c2=N\c2nc(-c3ccccc3)cc(-c3ccccc3)c2C#N)cc1,4.75,IC50,17600.0,nM,0
CHEMBL3612809,COc1cc([C@H](O)CN2CCN(C[C@H](O)c3ccc4c(c3C)COC4=O)CC2)ncc1C#N,4.75,IC50,18000.0,nM,0
CHEMBL3794064,O=C(O)C1CN(Cc2ccc(-c3noc(-c4onc(-c5ccccc5)c4C(F)(F)F)n3)cc2)C1,4.75,IC50,18000.0,nM,0
CHEMBL4093031,CNC(=O)c1c(-c2ccc(F)cc2)oc2ccc(-c3cc(C(=O)NC4(c5ncccn5)CC4)ccc3C)c(F)c12,4.75,IC50,18000.0,nM,0
CHEMBL4745615,COCCOc1cc(NC(=O)N2CCCc3cc(CN4CC[C@H](N(C)C)C4=O)c(C=O)nc32)ncc1C#N,4.75,IC50,18000.0,nM,0
CHEMBL3415597,Cc1nc(Nc2cc(N[C@@H]3CCCC[C@@H]3N)cnc2C(N)=O)cc(OCC(C)(C)O)n1,4.75,IC50,18000.0,nM,0
CHEMBL3896006,Cc1c(C#N)cccc1[C@H]1CN2CCN(C(=O)Cc3ccc(-n4cnnn4)nc3)C[C@H]2CO1,4.75,IC50,17600.0,nM,0
CHEMBL3220877,NCC(=O)N1CCN(c2cnc3cc(C(F)(F)F)cc(NCc4cccc([N+](=O)[O-])c4)c3c2)CC1,4.74,IC50,18300.0,nM,0
CHEMBL4574496,O=C(CCc1ccc(-n2nnc3cccnc32)cc1)N(c1ncccc1Cl)[C@@H]1CCCNC1,4.74,Ki,18100.0,nM,0
CHEMBL4217023,COc1ccc(C(=O)Nc2csc([C@]34CO[C@@H](C)C[C@H]3CSC(N)=N4)n2)cc1,4.74,IC50,18400.0,nM,0
CHEMBL2346970,OC1(c2ccc(F)cc2)CCN(c2ccc3nnc(C(F)(F)F)n3n2)CC1,4.74,IC50,18197.01,nM,0
CHEMBL4562181,C[S+]([O-])c1ccc(-c2cnc3ccc(Nc4cccc([S+](C)[O-])c4)nn23)cc1,4.74,IC50,18200.0,nM,0
CHEMBL523507,CCN(CC)C(=O)c1ccc(C2=CC3(CCNCC3)Oc3c(O)cccc32)cc1,4.74,IC50,18310.0,nM,0
CHEMBL1784465,Cc1nc2ccccc2n1C1CC2CCC(C1)N2CCC1(c2ccccc2)CCN(C(=O)C(C)(C)c2nnn[nH]2)CC1,4.74,IC50,18197.01,nM,0
CHEMBL2323191,N#Cc1ccc(-c2ccc3c(c2)OC[C@H]2[C@H](CO)OC(=O)N32)cn1,4.74,IC50,18350.0,nM,0
CHEMBL256468,Cc1oc(-c2ccccc2)nc1CCOc1ccc(C[C@@H]2C(=O)N(c3ccc(C(C)(C)C)cc3)[C@@H]2C(=O)O)cc1,4.74,IC50,18100.0,nM,0
CHEMBL3753230,COc1ccc2ncc(F)c(CC(NOC(C)=O)C34CCC(NCc5ccc6c(n5)NC(=O)CO6)(CC3)CO4)c2n1,4.74,IC50,18200.0,nM,0
CHEMBL3609632,COc1cc(-c2cn(C3CCc4ccccc4N(CC4(C)COC4)C3=O)nn2)ccc1-n1cnc(C)c1,4.74,IC50,18100.0,nM,0
CHEMBL4436391,CC(C)N1CCN(c2ccc(/C(=C(/CCCO)c3ccccc3)c3ccc(O)cc3)cc2)CC1.Cl.Cl,4.73,IC50,18700.0,nM,0
CHEMBL5934477,Cc1cccc(CNCC[C@@]2(c3ccc(F)cn3)CCO[C@]3(CCOC3)C2)c1,4.73,IC50,18800.0,nM,0
CHEMBL5954007,N#Cc1ccc(COc2cccc(N3CCN(Cc4nc5ccc(C(=O)O)cc5n4CC4(F)CC4)CC3)c2)c(F)c1,4.73,IC50,18500.0,nM,0
CHEMBL520050,Nc1ccccc1NC(=O)c1ccc(N2CCC3(CC2)CNc2ccccc23)nc1,4.73,Ki,18540.0,nM,0
CHEMBL550471,CCN(CC)C(=O)c1ccc([C@@H]2CC3(CCNCC3)Oc3ccccc32)cc1,4.73,IC50,18471.0,nM,0
CHEMBL2024383,CCOC(=O)C1CCN(CCCCOc2ccc(S(N)(=O)=O)cc2)CC1,4.73,IC50,18800.0,nM,0
CHEMBL484754,O=C(NC1CC1)c1cn(-c2cccc(-c3ccncc3)c2)c2ncccc2c1=O,4.73,IC50,18600.0,nM,0
CHEMBL2022739,O=C(Nc1ccc(-c2nnc(NCCCCN3CCOCC3)o2)c(F)c1)c1ccccc1F,4.73,IC50,18620.87,nM,0
CHEMBL1779014,COc1cc(F)ccc1-c1cncc(CNC(=O)c2ccccc2)c1,4.73,IC50,18800.0,nM,0
CHEMBL1779016,COc1cc(F)ccc1-c1cncc(CNC(=O)C2CCC2)c1,4.73,IC50,18600.0,nM,0
CHEMBL2440383,Cc1ccc(S(=O)(=O)N/N=C/c2cn(CC(=O)Nc3ccccc3Cl)c3ccccc23)cc1,4.73,IC50,18660.0,nM,0
CHEMBL5924664,COc1cncc(OCC[C@@H](C)N)c1-c1cc(Nc2cnc(C#N)cn2)n[nH]1,4.73,IC50,18700.0,nM,0
CHEMBL2177914,NC1=N[C@@](c2cccc(-c3cncnc3)c2)(c2ccnc(C(F)F)c2)c2cc(F)cc(F)c21,4.72,IC50,19000.0,nM,0
CHEMBL5929354,COc1cncc(OCC2CNC2)c1-c1cc(Nc2cnc(C#N)cn2)n[nH]1,4.72,IC50,18900.0,nM,0
CHEMBL6021270,COc1nnc(OCCNCCCF)cc1[C@@H]1c2[nH]c3ccccc3c2C[C@@H](C)N1CC(F)(F)F,4.72,IC50,19000.0,nM,0
CHEMBL470156,Cn1cc(-c2ccc(N)c(NC(=O)c3ccc(N4CCC5(CCNC5)CC4)nc3)c2)cn1,4.72,Ki,19250.0,nM,0
CHEMBL2326690,C1=CCC(c2cc3ccccc3o2)CNC1,4.72,IC50,19000.0,nM,0
CHEMBL4446970,CC(C)(O)CN(CCc1ccc(Cl)cc1)C1CCN(c2nc(N)n[nH]2)CC1,4.72,IC50,19000.0,nM,0
CHEMBL4874855,COc1ccc(-c2ccc(CO[C@H]3C[C@@H](N=C=S)C3)nc2)cc1F,4.72,IC50,19000.0,nM,0
CHEMBL1916542,COc1ccc2ncc(=O)n(CCN3CCC(NCc4cc5c(cn4)OCCO5)CC3)c2c1,4.72,IC50,19000.0,nM,0
CHEMBL3221523,O=C(Nc1ccc(F)cn1)[C@H](CN1CC(O)C1)Oc1ncnc2c1cnn2-c1c(Cl)cccc1Cl,4.72,IC50,19000.0,nM,0
CHEMBL455651,CNC(=O)c1ccc(Nc2ncc(F)c(-c3cnc(C)n3C(C)C)n2)cc1F,4.72,IC50,19000.0,nM,0
CHEMBL258177,CC(C)N1CCN(Cc2cnc(-c3ccc(C(=O)Nc4ccccc4N)cc3)c(C#N)c2)CC1,4.72,IC50,19054.61,nM,0
CHEMBL23660,N[C@H](C(=O)N1CC[C@H](F)C1)[C@H]1CC[C@H](NC(=O)c2ccc(F)c(F)c2)CC1,4.72,Ki,19000.0,nM,0
CHEMBL2409177,CC(=O)Nc1cc(Nc2cc(NC3CC3)n3ncc(C#N)c3n2)ccc1C1CC1,4.72,IC50,19000.0,nM,0
CHEMBL4077033,COCc1cnc(N2CCC([C@H]3C[C@H]3CCOc3ccc(CC(=O)N4CCC4)c(F)c3)CC2)nc1,4.72,IC50,19000.0,nM,0
CHEMBL2180026,COc1ccc(C2(c3cccc(-c4cccnc4)c3)N=C(C)C(N)=N2)cc1,4.72,IC50,19000.0,nM,0
CHEMBL602875,COc1cc2c(c(N3CCN(C)CC3)c1)O[C@@H](C(=O)Nc1ccc(N3CCOCC3)cc1)CC2,4.72,IC50,19000.0,nM,0
CHEMBL5743773,C[C@@H]1Cc2c([nH]c3ccccc23)[C@@H](c2nccc(OCCNCCCF)c2F)N1CC1(F)COC1,4.72,IC50,19000.0,nM,0
CHEMBL3408274,C[C@H](c1cc(C(=O)N(C)C)cc2c(=O)cc(N3CCOCC3)oc12)N(C)c1cc(F)cc(F)c1,4.72,IC50,19000.0,nM,0
CHEMBL4527253,O=C(O)C1CC1COc1ccc(-c2ccc(-c3nc4cc(Cl)ccc4[nH]3)cn2)cn1,4.72,Ki,18980.0,nM,0
CHEMBL4065907,CC(=O)N1CCO[C@@H](c2nc(-c3ccc(C(=O)Nc4cc(C(F)(F)F)ccn4)cc3F)c3c(N)nccn23)C1,4.72,IC50,19000.0,nM,0
CHEMBL2409180,CC(=O)Nc1cc(Nc2cc(NC3CC3)n3ncc(C#N)c3n2)ncc1C,4.72,IC50,19000.0,nM,0
CHEMBL4848688,CCc1ncc(-c2cc(-c3ccc(C(=O)O)cc3C)ccc2OC)c(CN2C(=O)O[C@H](c3cc(C(F)(F)F)cc(C(F)(F)F)c3)[C@@H]2C)n1,4.72,IC50,19000.0,nM,0
CHEMBL1214731,Cn1cc(Br)c(C(=O)N2CCN(CC(=O)c3ccc(F)cc3)CC2)n1,4.72,IC50,19000.0,nM,0
CHEMBL4795515,Cc1nnn(Cc2cc(C(F)(F)F)ccc2/C=C/C(=O)N2CCC(C(F)(F)F)CC2)n1,4.72,IC50,19000.0,nM,0
CHEMBL5800254,CNC[C@H](c1ccc(Cl)c(Cl)c1)[C@@H](O)c1ccccc1[N+](=O)[O-],4.72,IC50,19000.0,nM,0
CHEMBL257023,CC(c1nc(-c2ccc(S(C)(=O)=O)cc2Cl)no1)[C@H](N)C(F)=C1CCCC1.O=C(O)C(F)(F)F,4.72,IC50,19000.0,nM,0
CHEMBL4543944,O=C(O)C[C@H]1CC[C@@H](Oc2ccc(-c3ccc(-c4nc5cc(F)c(F)cc5[nH]4)cn3)cn2)CC1,4.72,Ki,19000.0,nM,0
CHEMBL2041187,Cc1cccnc1CN1CCC2(CC1)C(=O)N(c1ccc(-c3ccc(C(=O)O)cc3)cc1)C(=O)N2c1ncccn1,4.72,IC50,19000.0,nM,0
CHEMBL4872545,COc1ccc(-c2ccc(C(=O)O)cc2C)cc1-c1cnc(N2CC(F)C2)nc1CN1C(=O)O[C@H](c2cc(C(F)(F)F)cc(C(F)(F)F)c2)[C@@H]1C,4.72,IC50,19000.0,nM,0
CHEMBL4763513,CCn1nc(C(F)(F)F)cc1Nc1nc(-c2ccc(-n3cnc(C)c3)c(OC)n2)cs1,4.72,IC50,18900.0,nM,0
CHEMBL601821,NCC(=O)N1CCn2c(nc(-c3ccccc3)c2Nc2ccc3c(c2)OCO3)C1,4.72,IC50,19000.0,nM,0
CHEMBL518148,CN(C(=O)N1CC(c2cc(F)ccc2F)=C[C@@]1(CO)c1ccccc1)C1CCNCC1,4.72,IC50,19200.0,nM,0
CHEMBL1784521,CNS(=O)(=O)c1cc(C(=O)N2CCC(CCN3C4CCC3CC(n3c(C)nc5ccccc53)C4)(c3cccc(F)c3)CC2)c(Cl)cc1F,4.72,IC50,19054.61,nM,0
CHEMBL1270208,O=C(NCc1cccnc1OCC(F)(F)F)c1cncc(-c2ccc(Cl)cc2)c1,4.72,IC50,19000.0,nM,0
CHEMBL2441636,Cc1cc(N2CC[C@H](N3CCC[C@@H]3C)C2)ccc1NC(=O)C1CCOCC1,4.72,IC50,18900.0,nM,0
CHEMBL2203842,CNc1cc(Nc2cnc(C#N)c(O[C@H]3CCN(C)C3)n2)ncc1-c1cnn(C)c1,4.72,IC50,19000.0,nM,0
CHEMBL4070542,Cc1c([C@@H](O)CN2CCC3(CC2)CCN(c2ccc(=O)n(C(F)F)n2)C3=O)ccc2c1COC2=O,4.72,IC50,19100.0,nM,0
CHEMBL3792410,COc1c(C(O)CN2CCN(C(=O)Cc3ccc(-n4cnnn4)nc3)CC2)ccc2c1COC2=O,4.72,IC50,19000.0,nM,0
CHEMBL1923107,COCCCc1cc(CN(C(=O)[C@H]2CNCC[C@@]23OC(=O)c2ccccc23)C2CC2)cc(OCCOC)c1,4.72,Ki,19000.0,nM,0
CHEMBL5834274,O=C(NC[C@H]1CCOC1)c1n[nH]c2ccc(-c3cccc(F)c3F)cc12,4.72,IC50,19000.0,nM,0
CHEMBL4776734,CNC(=O)c1nn(C)c2ccc(Nc3nccc(-n4cc(N[C@H]5CNC[C@@H]5F)c(C)n4)n3)cc12,4.72,IC50,19000.0,nM,0
CHEMBL3288854,Cc1[nH]c(/C=C2\C(=O)Nc3ccc(F)cc32)c(C)c1NC(=O)CCN1CCN(C)CC1,4.72,IC50,18830.0,nM,0
CHEMBL5877774,CNC[C@H](c1ccc2ccccc2c1)[C@H](OCC(=O)NC1CC1)c1ccccc1,4.72,IC50,19000.0,nM,0
CHEMBL2164739,COc1ccc2ncc(=O)n(CCN3CC[C@H](NCc4ccc5c(n4)NC(=O)CO5)[C@@H](F)C3)c2c1,4.72,IC50,19000.0,nM,0
CHEMBL5992787,CN(C)C[C@H](c1ccc2ccccc2c1)[C@H](N)c1ccccc1,4.72,IC50,19000.0,nM,0
CHEMBL2036781,O=C(Nc1ccc(Cl)c(Cl)c1)N1CCN(C(=O)[C@H]2CN(C3CC3)CCN2)CC1,4.72,IC50,19000.0,nM,0
CHEMBL5899919,CC(C)(C)Oc1cc(CCC(C)(C)N2Cc3cccc(S(C)(=O)=O)c3C2)ccc1O,4.72,IC50,19000.0,nM,0
CHEMBL3675743,CCc1nn2c(C)cc(C)nc2c1Cc1ccc(-c2nnc(C3CCNCC3)o2)cc1,4.72,IC50,19000.0,nM,0
CHEMBL4087545,O=C(c1cc(F)cc(Cl)c1)N1CCc2oc(-c3ccc(F)cn3)nc2C1,4.72,IC50,19000.0,nM,0
CHEMBL3609759,COc1cc(-c2cn([C@H]3CCc4c(F)cccc4N(CC(F)(F)F)C3=O)nn2)ccc1-n1cnc(C)n1,4.72,Ki,19000.0,nM,0
CHEMBL4434717,COc1cc(-c2cncc(-c3ccc(N4C[C@@H](C)N(C)[C@@H](C)C4)cc3)c2C)cc(F)c1C(N)=O,4.72,IC50,19000.0,nM,0
CHEMBL4472718,Cc1ccc(/C(=C(\CCCO)c2ccccc2)c2ccc(N3CCN(C)CC3)cc2)cc1.Cl.Cl,4.72,IC50,18900.0,nM,0
CHEMBL1771101,Clc1cnc(N2CCC([C@H]3C[C@H]3CCOc3ccc(-n4ccnn4)cc3)CC2)nc1,4.72,IC50,19000.0,nM,0
CHEMBL554299,Cc1ccc(-n2c(-c3ncccc3Cl)nc(CNC3CCCC3)c2C)cn1,4.72,IC50,19000.0,nM,0
CHEMBL4778108,C[C@H](Oc1cc2cc(C#N)ccc2nc1N)c1cc(F)c(F)cc1-n1cccn1,4.72,Ki,19000.0,nM,0
CHEMBL4761772,CC(C)(O)C(=O)N[C@@H]1CC[C@@]2(S(=O)(=O)c3ccc(F)cc3)c3ccc(C(F)(C(F)(F)F)C(F)(F)F)cc3CC[C@@H]12,4.72,IC50,19000.0,nM,0
CHEMBL1771100,CS(=O)(=O)c1ccc(OCC[C@@H]2C[C@@H]2C2CCN(c3ncc(Cl)cn3)CC2)nc1,4.72,IC50,19000.0,nM,0
CHEMBL4102628,O=C1CCc2ccc(OCCCCN3CCCN(c4ccc(O)c5[nH]c(=O)ccc45)CC3)cc2N1,4.71,IC50,19700.0,nM,0
CHEMBL1093052,O=C(/C=C/c1ccc(CN2CCCC(c3c(-c4ccccc4)[nH]c4ccccc34)C2)c(F)c1)NO,4.71,IC50,19300.0,nM,0
CHEMBL3929578,Cc1c([C@@H]2CN3CCN(C(=O)Cc4ccc(-n5cnnn5)nc4)C[C@H]3CO2)ccc2c1COC2=O,4.71,IC50,19700.0,nM,0
CHEMBL1287920,NC(=O)c1cnc(N[C@H]2CCCNC2)c2cc(-c3ccccc3)sc12,4.71,IC50,19700.0,nM,0
CHEMBL4087688,O=C(O)CC1COC2(CCN(c3ccc(-c4nc5cc(C(F)(F)F)ccc5[nH]4)cn3)CC2)C1,4.71,IC50,19500.0,nM,0
CHEMBL3323082,Cn1cc([C@@]2(c3cc(C(=O)O)ccn3)N[C@@H](c3nc(-c4ccc(F)cc4)c[nH]3)Cc3c2[nH]c2ccccc32)cn1,4.71,IC50,19560.0,nM,0
CHEMBL219592,CC(C)N1CCN(C(=O)N2Cc3ccccc3C2)CC1,4.71,IC50,19411.76,nM,0
CHEMBL3422244,Cc1coc([C@H]2C[C@H]3[C@@H](CF)SC(N)=N[C@@]3(c3ccc(F)cc3F)CO2)n1,4.71,IC50,19600.0,nM,0
CHEMBL575241,Nc1ccc(-c2cnc3nc(N4CCC(N5CCCCC5)CC4)sc3c2)cn1,4.71,IC50,19411.76,nM,0
CHEMBL567202,CC1(C)CCc2cc(CN3CCC4(CC3)CCN(C(=O)c3ccc(N)cn3)CC4)ccc2O1,4.71,IC50,19498.45,nM,0
CHEMBL3965757,C[C@@H]1CC[C@H](N)CN1c1ccncc1Nc1ncc2ccc(-c3c(F)cccc3F)nn12,4.71,IC50,19700.0,nM,0
CHEMBL5074920,CNC(=O)c1c(-c2ccc(O)cc2)oc2ccc(O)c(CN3CCC4(CCO4)C3)c12,4.71,IC50,19400.0,nM,0
CHEMBL1089700,Cc1[nH]c2ccccc2c1CCN1CCCC1c1ccc(/C=C/C(=O)NO)cc1,4.71,IC50,19400.0,nM,0
CHEMBL2159976,COc1ccc2nccc([C@@H](O)CC[C@@H]3CCN(CCSc4cccs4)C[C@@H]3C(=O)O)c2c1,4.71,IC50,19700.0,nM,0
CHEMBL4576509,CN1CCOc2c1cnn1c(-c3ccc4cccc(NCC5(F)CCNCC5)c4n3)nnc21,4.71,IC50,19700.0,nM,0
CHEMBL559691,O=C(NC1CCN(Cc2ccn(-c3ccc(C(F)(F)F)cc3)c2)CC1)c1c[nH]c(=O)c(Cl)c1,4.71,IC50,19600.0,nM,0
CHEMBL2017109,CC(=O)NCCc1ccccc1-c1onc([C@H]2CNCC[C@@H]2c2ccc(F)c(F)c2)c1Br,4.71,Ki,19500.0,nM,0
CHEMBL4586512,Cc1ccc2oc(-c3c4c(N)n[nH]c(=O)c4nn3-c3ccccc3)c(C)c2c1,4.71,IC50,19530.0,nM,0
CHEMBL4080064,CC(C)c1cc(CN2Cc3ccccc3S2(=O)=O)nn1C(C)(C)C,4.71,IC50,19300.0,nM,0
CHEMBL5078176,Cc1ccc(NC(=O)c2cc(C(F)(F)F)cnn2)cc1-c1ccc2c(c1)OC1(CCOCC1)CC(=O)N2,4.71,IC50,19400.0,nM,0
CHEMBL2181297,Nc1ncc(-c2ccc(C(=O)N3CCNCC3)cc2)cc1-c1ccc(C(F)(F)F)nc1,4.71,IC50,19700.0,nM,0
CHEMBL402624,CC(C)(O)[C@]1(C(=O)NCc2cc(C(F)(F)F)cc(C(F)(F)F)c2)CC[C@@H](N2CCC(c3cccc(C(=O)O)c3)CC2)C1,4.71,IC50,19720.0,nM,0
CHEMBL565031,O=C1N(CCN2Cc3ccccc3C2)CCN1c1cc(Cl)ccc1F,4.7,IC50,19952.62,nM,0
CHEMBL6056182,OC(c1ccc(F)c(-c2ncnc3cc(N4CCOCC4)ccc23)c1)c1c(F)cncc1F,4.7,Ki,20000.0,nM,0
CHEMBL6058376,O=c1[nH]ccnc1C(O)c1ccc(F)c(-c2ncnc3cc(N4CCOCC4)ccc23)c1,4.7,Ki,20000.0,nM,0
CHEMBL4102775,COc1ccc(CN(CC(=O)N2CCC3(CC2)CNC3)c2ccc(C#N)cc2)cc1F,4.7,IC50,20100.0,nM,0
CHEMBL2333642,Fc1ccc(C2(COCc3cc(C(F)(F)F)cc(Cl)n3)CCNCC2)cc1,4.7,IC50,20000.0,nM,0
CHEMBL2069929,c1cncc(-c2ccc(-c3nnc(C4CN5CCC4CC5)o3)o2)c1,4.7,IC50,20200.0,nM,0
CHEMBL4127396,CC(=O)Nc1nc(C)c(-c2cc3c(c(NS(C)(=O)=O)c2)C(=O)N([C@@H](C)C2CC2)C3)s1,4.7,IC50,19952.62,nM,0
CHEMBL3967709,O=C(O)c1cnc2c(N3CCN(CCc4ccc(OCCCN5CCCCCC5)cc4)CC3)cccc2c1,4.7,IC50,19952.62,nM,0
CHEMBL5969254,CC(O)(c1cccc(-c2ncnc3cc(N4CCOCC4)ccc23)c1)c1nccs1,4.7,Ki,20000.0,nM,0
CHEMBL6058437,OC(c1ccc(F)c(-c2ncnc3cc(N4CCOCC4)sc23)c1)c1nccs1,4.7,Ki,20000.0,nM,0
CHEMBL6037677,OCc1csc(C(O)c2cc(-c3ncnc4cc(N5C6CCC5COC6)ccc34)c(F)cc2Cl)n1,4.7,Ki,20000.0,nM,0
CHEMBL3314430,CNc1ccc(/C=C/c2c(F)cccc2Cl)cn1,4.7,IC50,19900.0,nM,0
CHEMBL5848898,NC(=O)C(c1cc(-c2ncnc3cc(N4CCOCC4)ccc23)c(F)cc1Cl)c1ncccc1Cl,4.7,Ki,20000.0,nM,0
CHEMBL2017684,NC(=O)CN1CCN(Cc2nc(-c3cn(CC4CCOCC4)c4c(Cl)cccc34)no2)CC1,4.7,Ki,19952.62,nM,0
CHEMBL2164396,O=C(NCc1ccc(OCCC(F)(F)F)nc1)C1c2ccccc2C(=O)N1CCc1ccccn1,4.7,IC50,20000.0,nM,0
CHEMBL5872585,OC(c1ccc(F)c(-c2ncnc3cc(N4CCOCC4)ccc23)c1)c1ncccc1OC(F)(F)F,4.7,Ki,20000.0,nM,0
CHEMBL494479,CCN(CC)C(=O)c1ccc(C2=CC3(CCNCC3)Oc3ccc(O)cc32)cc1,4.7,IC50,19750.0,nM,0
CHEMBL4101684,NC(=O)c1c(NC(=O)Nc2ccc(Cl)cc2)sc2c1CCN(CCCNC(=O)CCc1c[nH]c3ccccc13)C2,4.7,IC50,20100.0,nM,0
CHEMBL5800793,N#CCOc1ccc(C(O)c2cc(-c3ncnc4cc(N5CCOCC5)ccc34)c(F)cc2Cl)nn1,4.7,Ki,20000.0,nM,0
CHEMBL2386636,C[C@@H](O)c1nc2cnc3[nH]ccc3c2n1[C@H]1CC[C@H](CCC#N)CC1,4.7,IC50,20000.0,nM,0
CHEMBL5805827,OC(c1ccc(F)c(-c2ncnc3cc(N4CCOCC4)ccc23)c1)c1ccc(OC(F)F)nn1,4.7,Ki,20000.0,nM,0
CHEMBL239963,O=C(c1ccc(F)cc1)N1CCN(c2ccc(OC3CCN(C4CCCC4)CC3)cc2)C(=O)C1.O=CO,4.7,IC50,19952.62,nM,0
CHEMBL5881471,COc1ccc(C(C)(O)c2cc(-c3ncnc4cc(N5CCOCC5)ccc34)c(F)cc2Cl)nn1,4.7,Ki,20000.0,nM,0
CHEMBL1923112,O=C([C@H]1CNCC[C@@]12OCc1cc(F)c(F)cc12)N(Cc1ccccc1Cl)C1CC1,4.7,Ki,20000.0,nM,0
CHEMBL5981326,COc1ccc(C(O)c2cc(-c3ncnc4cc(N5CCOCC5)ccc34)c(F)cc2F)nn1,4.7,Ki,20000.0,nM,0
CHEMBL5959053,CC(O)(c1cncc(-c2ncnc3cc(N4CCOCC4)ccc23)c1)c1nccs1,4.7,Ki,20000.0,nM,0
CHEMBL5889518,OC(c1ccc(F)c(-c2ncnc3cc(N4CCOCC4)ncc23)c1)c1nccs1,4.7,Ki,20000.0,nM,0
CHEMBL5896422,OCc1csc(C(O)c2cc(-c3ncnc4cc(N5CCOCC5)ncc34)c(F)cc2Cl)n1,4.7,Ki,20000.0,nM,0
CHEMBL2010872,CC(C)Cn1c2ccc(Nc3ncccn3)cc2c2c3c(c4c(c21)CCc1nn(C)cc1-4)C(=O)NC3,4.7,IC50,20000.0,nM,0
CHEMBL5854342,COc1nccnc1C(O)c1ccc(F)c(-c2ncnc3cc(N4CCOCC4)ccc23)c1,4.7,Ki,20000.0,nM,0
CHEMBL5982671,COc1cc(C(O)c2ccc(F)c(-c3ncnc4cc(N5CCOCC5)ccc34)c2)c(Cl)nn1,4.7,Ki,20000.0,nM,0
CHEMBL5846761,OC(c1cccnn1)c1cc(-c2ncnc3cc(N4CCOCC4)ccc23)c(F)cc1F,4.7,Ki,20000.0,nM,0
CHEMBL5883008,OC(c1ccc2nccn2n1)c1cc(-c2ncnc3cc(N4CCOCC4)ccc23)c(F)cc1F,4.7,Ki,20000.0,nM,0
CHEMBL5876088,OC(c1ccc(F)c(-c2ncnc3cc(N4CCOCC4)ccc23)c1)c1nccnc1Cl,4.7,Ki,20000.0,nM,0
CHEMBL384043,CCc1nc2cc(CN3CCC(NC(=O)c4cc(=O)c5ccc(F)cc5o4)CC3)ccc2o1,4.7,IC50,20000.0,nM,0
CHEMBL1242923,O=C(Cc1ccccc1)NC1CCN(CCCN2C(=O)COc3ccccc32)CC1,4.7,IC50,20000.0,nM,0
CHEMBL5971496,Cn1nc(C(O)c2cc(-c3ncnc4cc(N5CCOCC5)ccc34)c(F)cc2Cl)ccc1=O,4.7,Ki,20000.0,nM,0
CHEMBL5801138,Cc1cc(F)c(-c2ncnc3cc(N4CCOCC4)ccc23)cc1C(O)c1nccs1,4.7,Ki,20000.0,nM,0
CHEMBL5775380,COc1cnc(C(O)c2ccc(F)c(-c3ncnc4cc(N5CCOCC5)ccc34)c2)cn1,4.7,Ki,20000.0,nM,0
CHEMBL2315930,COc1cnccc1[C@H]1CC[C@@H](N2CC(NC(=O)CNc3ncnc4ccc(C(F)(F)F)cc34)C2)CC1,4.7,IC50,20200.0,nM,0
CHEMBL5781990,Cc1nccnc1C(O)c1ccc(F)c(-c2ncnc3cc(N4CCOCC4)ccc23)c1,4.7,Ki,20000.0,nM,0
CHEMBL4114218,C[C@@H]1c2nnc(-c3cccc(O)n3)n2CCN1C(=O)c1ccc(-c2cccs2)cc1,4.7,IC50,20000.0,nM,0
CHEMBL5789812,Cn1nccc1C(O)c1ccc(F)c(-c2nc(Cl)nc3cc(N4CCOCC4)ccc23)c1,4.7,Ki,20000.0,nM,0
CHEMBL5891111,CCOc1cnnc(C(O)c2ccc(F)c(-c3ncnc4cc(N5CCOCC5)ccc34)c2)c1,4.7,Ki,20000.0,nM,0
CHEMBL5798593,OC(c1ccccn1)c1cc(-c2ncnc3cc(N4CCOCC4)ccc23)c(F)cc1F,4.7,Ki,20000.0,nM,0
CHEMBL5822977,Cc1nccnc1C(O)c1cc(-c2ncnc3cc(N4CCOCC4)ccc23)c(F)cc1F,4.7,Ki,20000.0,nM,0
CHEMBL5741788,Cn1nc(C(O)c2cc(-c3ncnc4cc(N5CCOCC5)ccc34)c(F)cc2F)ccc1=O,4.7,Ki,20000.0,nM,0
CHEMBL455429,Cc1ncc(-c2nc(Nc3ccc(C(N)=O)c(F)c3)ncc2F)n1C(C)C,4.7,IC50,20000.0,nM,0
CHEMBL5980115,COc1ccc(C(O)c2cc(-c3ncnc4cc(N5CCOCC5)ccc34)c(F)cc2F)cn1,4.7,Ki,20000.0,nM,0
CHEMBL6040207,COc1cncnc1C(O)c1ccc(F)c(-c2ncnc3cc(N4CCOCC4)ccc23)c1,4.7,Ki,20000.0,nM,0
CHEMBL5781489,COc1ccc(C(O)c2cc(-c3ncnc4cc(N5CCOCC5)ccc34)c(F)cc2F)nc1,4.7,Ki,20000.0,nM,0
CHEMBL5787834,Cc1cnc(C)c(C(O)c2cc(-c3ncnc4cc(N5CCOCC5)ccc34)c(F)cc2F)n1,4.7,Ki,20000.0,nM,0
CHEMBL5981428,CNC(=O)C(c1ccc(F)c(-c2ncnc3cc(N4CCOCC4)ccc23)c1)c1ncccc1Cl,4.7,Ki,20000.0,nM,0
CHEMBL5816995,Cc1cnnc(C(O)c2cc(-c3ncnc4cc(N5CCOCC5)ccc34)c(F)cc2Cl)c1,4.7,Ki,20000.0,nM,0
CHEMBL5781609,OC(c1cccnn1)c1cc(-c2ncnc3cc(N4CCOCC4)ccc23)c(F)cc1Cl,4.7,Ki,20000.0,nM,0
CHEMBL1170071,CC(Oc1ccc(S(C)(=O)=O)cc1C(=O)N1CCN(c2ccc(C(F)(F)F)cn2)CC1)C(F)(F)F,4.7,IC50,20000.0,nM,0
CHEMBL5831440,OC(c1cnc(F)c(-c2ncnc3cc(N4CCOCC4)ccc23)c1)c1nccs1,4.7,Ki,20000.0,nM,0
CHEMBL1171649,CC(Oc1ccc(S(C)(=O)=O)cc1C(=O)N1CCN(c2ncc(C(F)(F)F)cc2F)CC1)C(F)(F)F,4.7,IC50,20000.0,nM,0
CHEMBL5992260,N#Cc1ccc(C(O)c2cc(-c3ncnc4cc(N5CCOCC5)ccc34)c(F)cc2Cl)nn1,4.7,Ki,20000.0,nM,0
CHEMBL1090211,Cc1ccc(OC(=O)N(CC(=O)O)Cc2cccc(OCc3oc(-c4ccc(Cl)cc4)nc3C)c2)cc1,4.7,IC50,20000.0,nM,0
CHEMBL5761266,COc1ccnnc1C(O)c1ccc(F)c(-c2ncnc3cc(N4CCOCC4)ccc23)c1,4.7,Ki,20000.0,nM,0
CHEMBL5876441,O[C@@H](c1ccc(F)c(-c2ncnc3cc(N4CCOCC4)ccc23)c1)c1nccnc1Cl,4.7,Ki,20000.0,nM,0
CHEMBL5804021,CCNCc1csc(C(O)c2cc(-c3ncnc4cc(N5CCOCC5)ccc34)c(F)cc2Cl)n1,4.7,Ki,20000.0,nM,0
CHEMBL4099807,c1ccc(-c2cccc3nc(-c4cccnc4)nc(NCc4ccccn4)c23)cc1,4.7,IC50,20000.0,nM,0
CHEMBL5900493,OC(c1ccc(F)c(-c2ncnc3cc(N4CCOCC4)ccc23)c1)c1nccnc1OC1COC1,4.7,Ki,20000.0,nM,0
CHEMBL5742984,CCn1cc(C(O)c2cc(-c3ncnc4cc(N5CCOCC5)ccc34)c(F)cc2Cl)cn1,4.7,Ki,20000.0,nM,0
CHEMBL3358937,CC(C)(CC(O)(Cc1cc2cc(N3CCOCC3)ncc2[nH]1)C(F)(F)F)c1ccccc1S(C)(=O)=O,4.7,IC50,20000.0,nM,0
CHEMBL5789323,C[C@@H]1Cc2c([nH]c3ccccc23)[C@@H](c2nccc(OCCNCCCF)c2F)N1CC1(F)CC1,4.7,IC50,20000.0,nM,0
CHEMBL5849363,OC(c1cnccn1)c1cc(-c2ncnc3cc(N4CCOCC4)ccc23)c(F)cc1Cl,4.7,Ki,20000.0,nM,0
CHEMBL5896258,OC(c1ccn2nccc2n1)c1cc(-c2ncnc3cc(N4CCOCC4)ccc23)c(F)cc1Cl,4.7,Ki,20000.0,nM,0
CHEMBL6032229,Cc1csc(C(O)c2cnc(F)c(-c3ncnc4cc(N5CCOCC5)ncc34)c2)n1,4.7,Ki,20000.0,nM,0
CHEMBL509881,Cc1ncc(-c2nc(Nc3ccc(C(N)=O)cc3)ncc2F)n1C(C)C,4.7,IC50,20000.0,nM,0
CHEMBL5883518,OC(c1ccc(Cl)nn1)c1cc(-c2ncnc3cc(N4CCOCC4)ccc23)c(F)cc1Cl,4.7,Ki,20000.0,nM,0
CHEMBL5954562,OC(c1ccc(F)c(-c2ncnc3cc(N4CCOCC4)ccc23)c1)c1ncccc1Cl,4.7,Ki,20000.0,nM,0
CHEMBL5864604,CC(O)c1csc(C(O)c2cc(-c3ncnc4cc(N5CCOCC5)ccc34)c(F)cc2Cl)n1,4.7,Ki,20000.0,nM,0
CHEMBL6054325,OC(c1ccc(F)c(-c2ncnc3cc(N4CCOCC4)ccc23)c1)c1nccnc1OC(F)F,4.7,Ki,20000.0,nM,0
CHEMBL5890288,COc1cnc(C(O)c2ccc(F)c(-c3ncnc4cc(N5CCOCC5)ccc34)c2)c(Br)c1,4.7,Ki,20000.0,nM,0
CHEMBL5806887,OC(c1cc(-c2ncnc3cc(N4CCOCC4)ccc23)ccc1Cl)c1nccn2ccnc12,4.7,Ki,20000.0,nM,0
CHEMBL5880312,O=c1[nH]nc(C(O)c2ccc(F)c(-c3ncnc4cc(N5CCOCC5)ccc34)c2)c2sccc12,4.7,Ki,20000.0,nM,0
CHEMBL5800518,OC(c1cc(-c2ncnc3cc(N4CCOCC4)ccc23)c(F)cc1F)c1nncc2sccc12,4.7,Ki,20000.0,nM,0
CHEMBL4453218,Cc1ccc(-c2cc3nccnc3c(NC[C@H]3CCCNC3)n2)o1,4.7,IC50,19952.62,nM,0
CHEMBL2147219,Cc1ncc(-c2ccccc2CCNC(=O)c2ccc(C(=O)NCCCC(F)(F)F)nc2)cn1,4.7,IC50,19952.62,nM,0
CHEMBL5808833,OC(c1ccc(F)c(-c2ncnc3cc(N4CCOCC4)ccc23)c1)c1nnc2ccccn12,4.7,Ki,20000.0,nM,0
CHEMBL1288677,N#Cc1ccc(CNC(=O)N(c2cccc(F)c2)C2CCN(CCC3(c4cccc(F)c4)CCN(C(=O)c4cccc(C(N)=O)c4)CC3)CC2)cc1,4.7,IC50,20000.0,nM,0
CHEMBL5777694,Cn1cnc2c(C(O)c3cc(-c4ncnc5cc(N6CCOCC6)ccc45)c(F)cc3F)ncnc21,4.7,Ki,20000.0,nM,0
CHEMBL5842038,Cc1cnc(C(O)c2cc(-c3ncnc4cc(N5CCOCC5)ccc34)c(F)cc2F)c(C)n1,4.7,Ki,20000.0,nM,0
CHEMBL5962444,Cn1c(C(O)c2cc(-c3ncnc4cc(N5CCOCC5)ccc34)ccc2Cl)cccc1=O,4.7,Ki,20000.0,nM,0
CHEMBL6016532,NC(=O)C(c1ccc(F)c(-c2ncnc3cc(N4CCOCC4)ccc23)c1)c1nncc2sccc12,4.7,Ki,20000.0,nM,0
CHEMBL5757448,OC(c1cc(-c2ncnc3cc(N4CCOCC4)ccc23)ccc1F)c1cccc2nncn12,4.7,Ki,20000.0,nM,0
CHEMBL5789113,OC(c1cc(-c2ncnc3cc(N4CCOCC4)ccc23)ccc1F)c1ncnc2ccoc12,4.7,Ki,20000.0,nM,0
CHEMBL5998631,Cc1cncnc1C(C(N)=O)c1cc(-c2ncnc3cc(N4CCOCC4)ccc23)ccc1Cl,4.7,Ki,20000.0,nM,0
CHEMBL5979219,Cn1c(C(O)c2cc(-c3ncnc4cc(N5CCOCC5)ccc34)c(F)cc2Cl)cccc1=O,4.7,Ki,20000.0,nM,0
CHEMBL2147211,COc1cnc(-c2ccccc2CCNC(=O)c2ccc(OCCC(F)(F)F)nc2)cn1,4.7,IC50,19952.62,nM,0
CHEMBL1083429,CNC[C@@H](O)CCN1c2ccccc2N(c2c(F)cccc2F)S1(=O)=O,4.7,IC50,20000.0,nM,0
CHEMBL5842348,OC(c1ccc(F)c(-c2ncnc3cc(N4CCOCC4)ccc23)c1)c1nncc2sccc12,4.7,Ki,20000.0,nM,0
CHEMBL394144,C[C@@H]1CCCN1CCCOc1ccc(N2CCN(C(=O)c3ccc(F)cc3)CC2=O)cc1.O=CO,4.7,IC50,19952.62,nM,0
CHEMBL5956084,OC(c1cc(-c2ncnc3cc(N4CCOCC4)ccc23)c(F)cc1F)c1ncnc2c1CCNC2,4.7,Ki,20000.0,nM,0
CHEMBL5896712,COc1nccnc1C(C(N)=O)c1cc(-c2ncnc3cc(N4CCOCC4)ccc23)ccc1F,4.7,Ki,20000.0,nM,0
CHEMBL5998261,Cc1nccnc1C(C(N)=O)c1cc(-c2ncnc3cc(N4CCOCC4)ccc23)ccc1Cl,4.7,Ki,20000.0,nM,0
CHEMBL6022047,COc1ccc(C(C(N)=O)c2cc(-c3ncnc4cc(N5CCOCC5)ccc34)ccc2Cl)nn1,4.7,Ki,20000.0,nM,0
CHEMBL2147303,COc1ncc(-c2ccccc2C(F)(F)CNC(=O)c2ccc(COCC(F)(F)F)nc2)cn1,4.7,IC50,19952.62,nM,0
CHEMBL5856476,NC(=O)C(c1ccc(F)c(-c2ncnc3cc(N4CCOCC4)ccc23)c1)c1ncccc1Cl,4.7,Ki,20000.0,nM,0
CHEMBL5781853,Cc1ncc(C(O)c2ccc(F)c(-c3ncnc4cc(N5CCOCC5)ccc34)c2)nc1C,4.7,Ki,20000.0,nM,0
CHEMBL5813635,Cn1nc(C(C(N)=O)c2ccc(F)c(-c3ncnc4cc(N5CCOCC5)ccc34)c2)ccc1=O,4.7,Ki,20000.0,nM,0
CHEMBL5935914,NC(=O)C(c1ccc(F)c(-c2ncnc3cc(N4CCOCC4)ccc23)c1)c1c(F)cncc1F,4.7,Ki,20000.0,nM,0
CHEMBL2147308,COc1cnc(-c2c(F)ccc(F)c2CCNC(=O)c2ccc(COCC(F)(F)F)nc2)cn1,4.7,IC50,19952.62,nM,0
CHEMBL2147317,COc1cnc(-c2cccc(F)c2C(F)(F)CNC(=O)c2ccc(COCC(F)(F)F)nc2)cn1,4.7,IC50,19952.62,nM,0
CHEMBL5980137,NC(=O)C(c1ccc2nccn2n1)c1cc(-c2ncnc3cc(N4CCOCC4)ccc23)c(F)cc1Cl,4.7,Ki,20000.0,nM,0
CHEMBL5770264,COc1ccc(C(C(N)=O)c2cc(-c3ncnc4cc(N5CCOCC5)ccc34)c(F)cc2Cl)nn1,4.7,Ki,20000.0,nM,0
CHEMBL2147307,COc1cnc(-c2c(C)ccc(F)c2CCNC(=O)c2ccc(COCC(F)(F)F)nc2)cn1,4.7,IC50,19952.62,nM,0
CHEMBL5819507,OC(c1ccc(F)c(-c2ncnc3cc(N4CCOCC4)ccc23)c1)c1nncc2ccsc12,4.7,Ki,20000.0,nM,0
CHEMBL5849893,Nc1nccnc1C(O)c1cc(-c2ncnc3cc(N4CCOCC4)ccc23)c(F)cc1Cl,4.7,Ki,20000.0,nM,0
CHEMBL5787148,OC(c1cc(-c2ncnc3cc(N4CCOCC4)ccc23)c(F)cc1F)c1nccnc1OC(F)F,4.7,Ki,20000.0,nM,0
CHEMBL5992485,COc1nccnc1C(O)c1cc(-c2ncnc3cc(N4CCOCC4)cnc23)c(F)cc1Cl,4.7,Ki,20000.0,nM,0
CHEMBL4550510,N#Cc1ccc(O[C@H]2CN(S(=O)(=O)c3ccc(Cl)cn3)C[C@@]2(O)CN)cc1F,4.7,IC50,20000.0,nM,0
CHEMBL5832128,OCCNc1nccnc1C(O)c1ccc(F)c(-c2ncnc3cc(N4CCOCC4)ccc23)c1,4.7,Ki,20000.0,nM,0
CHEMBL4069245,Cc1c([C@@H](O)CN2CCC3(CC2)CCN(c2ccc(=O)n(C)n2)C3=O)ccc2c1COC2=O,4.7,IC50,20000.0,nM,0
CHEMBL5746940,CSc1ccc(C(O)c2cc(-c3ncnc4cc(N5CCOCC5)ccc34)c(F)cc2Cl)nn1,4.7,Ki,20000.0,nM,0
CHEMBL5822629,Cc1cncnc1C(O)c1cc(-c2ncnc3cc(N4CCOCC4)ccc23)ccc1Cl,4.7,Ki,20000.0,nM,0
CHEMBL5751337,COc1nccnc1[C@H](O)c1cc(-c2ncnc3cc(N4CCOCC4)ccc23)c(F)cc1F,4.7,Ki,20000.0,nM,0
CHEMBL5975635,CCc1nccnc1C(O)c1ccc(F)c(-c2ncnc3cc(N4CCOCC4)ccc23)c1,4.7,Ki,20000.0,nM,0
CHEMBL5993979,CCOc1cccnc1C(O)c1ccc(F)c(-c2ncnc3cc(N4CCOCC4)ccc23)c1,4.7,Ki,20000.0,nM,0
CHEMBL5790750,COCCOc1ccc(C(O)c2cc(-c3ncnc4cc(N5CCOCC5)ccc34)c(F)cc2Cl)nn1,4.7,Ki,20000.0,nM,0
CHEMBL3627897,Cc1ncn(-c2cc(Cl)c(C(=O)NC[C@@H](c3cccc(F)c3)c3ccc4[nH]c(C)nc4c3)c(Cl)c2)n1,4.7,IC50,19900.0,nM,0
CHEMBL1836214,CC(C)Oc1ccc(-c2nc(-c3ccc4c(c3)CCN(C(CO)CO)C4)no2)cc1C#N,4.7,IC50,19952.62,nM,0
CHEMBL5929065,Cn1ncc2c(C(O)c3cc(-c4ncnc5cc(N6CCOCC6)ccc45)ccc3F)ncnc21,4.7,Ki,20000.0,nM,0
CHEMBL6059111,Cc1cncnc1C(O)c1cc(-c2ncnc3cc(N4CCOCC4)ccc23)ccc1F,4.7,Ki,20000.0,nM,0
CHEMBL5789087,Cc1nccnc1C(O)c1cc(-c2ncnc3cc(N4CCOCC4)ccc23)ccc1F,4.7,Ki,20000.0,nM,0
CHEMBL5995294,OC(c1cc(-c2ncnc3cc(N4CCOCC4)ccc23)c(F)cc1Cl)c1nccn2ccnc12,4.7,Ki,20000.0,nM,0
CHEMBL2348780,C[C@@H]1C[C@H]2[C@@H]3CCC4=CC(=O)C=C[C@]4(C)C3=CC[C@]2(C)[C@@]1(O)C(=O)CO,4.7,IC50,20000.0,nM,0
CHEMBL216406,CN(C)Cc1ccc2c(c1)CC[C@H](N(C)C(=O)c1ccc(-c3ccccc3)cn1)C2,4.7,IC50,20000.0,nM,0
CHEMBL3612928,[2H]C([2H])([2H])Oc1cc(C(O)CN2CCN(C[C@H](O)c3ccc4c(c3C)COC4=O)CC2)ncc1C#N,4.7,IC50,20000.0,nM,0
CHEMBL488021,CNCc1cc(F)ccc1Oc1ccc(C)c(C)c1,4.7,IC50,20000.0,nM,0
CHEMBL5927173,COc1nccnc1C(C(N)=O)c1cc(-c2ncnc3cc(N4CCOCC4)cc(F)c23)c(F)cc1Cl,4.7,Ki,20000.0,nM,0
CHEMBL5836101,Cn1ncc2c(C(O)c3cc(-c4ncnc5cc(N6CCOCC6)ccc45)c(F)cc3Cl)ncnc21,4.7,Ki,20000.0,nM,0
CHEMBL5831533,Cn1ncc2c(C(O)c3cc(-c4ncnc5cc(N6CCOCC6)ccc45)c(F)cc3F)ncnc21,4.7,Ki,20000.0,nM,0
CHEMBL480131,CC(=O)NC1CCN(Cc2ccc(Oc3nc4ccccc4s3)cc2)CC1,4.7,IC50,20000.0,nM,0
CHEMBL1939740,CCN(CC)C(=O)c1ccc([C@H](c2cccc(NC(=O)C3CC3)c2)N2CCN(Cc3ccccn3)CC2)cc1,4.7,IC50,20000.0,nM,0
CHEMBL5896081,Cc1nccnc1[C@H](O)c1cc(-c2ncnc3cc(N4CCOCC4)ccc23)c(F)cc1F,4.7,Ki,20000.0,nM,0
CHEMBL1935114,C[C@@H]1CCCN1CCCOc1ccc(C2=NNC(=O)C(C)(C)C2)cc1,4.7,IC50,20000.0,nM,0
CHEMBL3237561,Cc1ccc(Nc2cc(N[C@@H]3CCCC[C@@H]3N)nnc2C(N)=O)nc1C,4.7,IC50,19952.62,nM,0
CHEMBL4526887,CCc1c(-c2ccc(N3CCC(N(C)C)C3)cc2)[nH]c(=O)c2c(=O)[nH]sc12,4.7,IC50,20000.0,nM,0
CHEMBL5934134,COc1nccnc1[C@H](O)c1cc(-c2ncnc3cc(N4CCOCC4)ccc23)c(F)cc1Cl,4.7,Ki,20000.0,nM,0
CHEMBL4448986,CC(NC(=O)c1ccc(C(F)(F)F)cc1Cl)C1(N2CCN(S(=O)(=O)c3cn(C)nn3)CC2)CCC(F)(F)CC1.Cl,4.7,IC50,20200.0,nM,0
CHEMBL6026313,COc1cc(CCC(C)(C)N2Cc3cccc(S(C)(=O)=O)c3C2)ccc1O,4.7,IC50,20000.0,nM,0
CHEMBL1077647,CC(C)CN(C(=O)c1cc(Cl)ccc1Cl)[C@H]1CCNC1,4.7,IC50,19800.0,nM,0
CHEMBL4749009,C[C@@H](NC(=O)c1ccc(F)cc1)c1ccc2c(n1)CCCN2C(=O)OC1CC1,4.7,IC50,20000.0,nM,0
CHEMBL1080787,CC(C)CN(C(=O)c1cccc(Cl)c1Cl)[C@H]1CCNC1,4.7,IC50,20000.0,nM,0
CHEMBL4797208,COc1ccc2ncc(F)c(CC[C@@]3(O)CO[C@@H]4[C@@H](NCc5ccc6c(c5)OCCO6)CO[C@@H]43)c2n1,4.7,IC50,20000.0,nM,0
CHEMBL5989068,COc1nccnc1C(C(N)=O)c1cc(-c2ncnc3cc(N4CCOCC4)ccc23)c(F)cc1F,4.7,Ki,20000.0,nM,0
CHEMBL2040854,Cc1cc(C(=O)O)ccc1-c1ccc(N2C(=O)N(c3cc(O)ncn3)C3(CCN(Cc4ncccc4C)CC3)C2=O)cn1,4.7,IC50,20000.0,nM,0
CHEMBL4750629,C[C@@H](NC(=O)c1ccc(F)cc1)c1ccc2c(n1)CCCN2c1ncccn1,4.7,IC50,20000.0,nM,0
CHEMBL4856008,COc1ccc(-c2ccc(C(=O)O)cc2C)cc1-c1cnc(N(C)C)nc1CN1C(=O)O[C@H](c2cc(Cl)cc(C(F)(F)F)c2)[C@@H]1C,4.7,IC50,20000.0,nM,0
CHEMBL4779920,C[C@@H](NC(=O)c1ccc(F)cc1)c1ccc2c(n1)CCCN2c1ccncn1,4.7,IC50,20000.0,nM,0
CHEMBL2042321,CC(C)(C)Oc1cccc2nc(N)nc(N)c12,4.7,IC50,20200.0,nM,0
CHEMBL255620,Cc1ccc2c(-c3nnc(SCCCN4CCc5cc6nc(N(C)C)oc6cc5CC4)n3C)cccc2n1,4.7,IC50,19952.62,nM,0
CHEMBL2036783,CN1CCN[C@@H](C(=O)N2CCN(C(=O)Nc3ccc(Cl)c(Cl)c3)CC2)C1,4.7,IC50,20000.0,nM,0
CHEMBL1916535,O=C1COc2ccccc2N1CCN1CCC(NCc2cc3c(cn2)OCCO3)CC1,4.7,IC50,20000.0,nM,0
CHEMBL3892013,Cc1c([C@H]2CN3CCN(C(=O)Cc4ccc(-n5cnnn5)cn4)C[C@H]3CO2)ccc(F)c1C#N,4.7,IC50,19900.0,nM,0
CHEMBL3221504,CCOC[C@H](Oc1ncnc2c1cnn2-c1ncccc1Cl)C(=O)Nc1ccc(C#N)cn1,4.7,IC50,19952.62,nM,0
CHEMBL2023920,O=C(Nc1ccc(-c2nnc(NCCCN3CCCCC3)o2)cc1)C1CCCCCC1,4.7,IC50,19952.62,nM,0
CHEMBL538137,C[C@@H]1C[C@H]2[C@@H]3CC[C@H]4N(C)C(=O)C=C[C@]4(C)[C@H]3CC[C@]2(C)[C@H]1O,4.7,Ki,20000.0,nM,0
CHEMBL1923106,COCCCc1cc(CN(C(=O)[C@H]2CNCC[C@@]23OCc2ccccc23)C2CC2)cc(OCCOC)c1,4.7,Ki,20000.0,nM,0
CHEMBL2206790,COCC[C@H](Oc1ncnc2c1cnn2-c1ccccc1Cl)C(=O)Nc1ccc(C)cn1,4.7,IC50,19952.62,nM,0
CHEMBL2023919,O=C(Nc1ccc(-c2nnc(NCCCN3CCCCC3)o2)cc1)C1CCCCC1,4.7,IC50,19952.62,nM,0
CHEMBL408479,CN(C)S(=O)(=O)N(C)[C@@H]1CCCn2c1nc(C(=O)NCc1ccc(F)cc1)c(O)c2=O,4.7,IC50,20000.0,nM,0
CHEMBL5973977,Cn1ccnc1C(O)c1ccc(F)c(-c2nc(Cl)nc3cc(N4CCOCC4)ccc23)c1,4.7,Ki,20000.0,nM,0
CHEMBL5901567,COc1ccc(C(O)c2cc(-c3ncnc4cc(N5CCOCC5)ccc34)c(F)cc2Cl)cc1,4.7,Ki,20000.0,nM,0
CHEMBL2029422,O=C(NCC(=O)N1CC[C@H](N[C@H]2CC[C@@](O)(c3ccc(-c4ncccn4)cn3)CC2)C1)c1cccc(C(F)(F)F)c1,4.7,IC50,20000.0,nM,0
CHEMBL4551714,COC[C@H]1Cn2cc(-c3nc(Nc4ccnn4C)ncc3C)cc2C(=O)N1Cc1cccc(C)n1,4.7,IC50,20000.0,nM,0
CHEMBL2181488,Nc1ncc(-c2ccc(C(=O)N3CCOCC3)cc2)cc1-c1ccc(C(F)(F)F)nc1,4.7,IC50,20200.0,nM,0
CHEMBL3764044,CC1(C)CCc2cc(S(=O)(=O)N(CC(=O)O)Cc3cccc(-c4ccccc4)c3)ccc2O1,4.7,IC50,20000.0,nM,0
CHEMBL1089159,OC(c1cccnc1)(c1cccnc1)C(c1ccccc1)N1CCCC1,4.7,IC50,20000.0,nM,0
CHEMBL3262358,N[C@H]1CCCC[C@H]1Nc1cc2nc[nH]c(=O)c2c(Nc2cccc3c(Cl)c[nH]c23)n1,4.7,IC50,20000.0,nM,0
CHEMBL1643368,Nc1nccc2cc(O[C@H]3CCCNC3)ccc12,4.7,Ki,19952.62,nM,0
CHEMBL6057078,c1ccc([C@@H]2OCCNC[C@H]2c2ccc3ccccc3c2)cc1,4.7,IC50,20000.0,nM,0
CHEMBL3288029,Cc1csc(C(=O)N[C@H]2CC[C@@H](NC(=O)c3cc(F)cnc3Oc3cccc(-c4ccc(CN5C[C@@H](C)N[C@@H](C)C5)cc4CN4CCOCC4)c3)CC2)n1,4.7,IC50,19952.62,nM,0
CHEMBL4229220,N#Cc1cnccc1COc1cnc(N2CCN(c3nnc(C(F)(F)F)o3)CC2)nc1,4.7,IC50,19952.62,nM,0
CHEMBL1223955,NC(=O)c1cccc([S+]([O-])[C@H]2C[C@H]3CC[C@@H](C2)N3Cc2ccccc2)c1,4.7,IC50,20000.0,nM,0
CHEMBL4850078,CS(=O)(=O)c1nc(Nc2ccc(F)c(Cl)c2)cc(NC2CCC(N)CC2)n1,4.7,IC50,19800.0,nM,0
CHEMBL1834781,CCOC(=O)[C@H]1CC[C@@H](N2CC(NC(=O)CNc3nn(C(N)=O)c4ccc(C(F)(F)F)cc34)C2)CC1,4.7,IC50,20000.0,nM,0
CHEMBL5984831,CNC[C@H](c1ccc2ccccc2c1)[C@H](OC)c1ccccc1,4.7,IC50,20000.0,nM,0
CHEMBL1835071,Cc1ccc(Nc2nc(N[C@@H]3CCOC[C@@H]3N)ncc2C(N)=O)cc1,4.7,IC50,19952.62,nM,0
CHEMBL4279774,COc1ccccc1-n1nc(C2CC(C)(C)OC(C)(C)C2)cc1-c1ccc(Cl)cc1,4.7,IC50,20000.0,nM,0
CHEMBL3124982,Nc1ncc(-c2ccc(C(=O)N3CCOCC3)cc2)nc1-c1ccc(C(F)(F)F)nc1,4.7,IC50,20200.0,nM,0
CHEMBL2409399,COc1cc2nnc(C(N)=O)c(Nc3ccc(C)cc3F)c2cc1N1C[C@@H](C)N[C@@H](C)C1,4.7,IC50,20000.0,nM,0
CHEMBL1493,Cc1c(-c2ccccc2)oc2c(C(=O)OCCN3CCCCC3)cccc2c1=O,4.7,Ki,19750.3,nM,0
CHEMBL4745832,COc1ccc2c3c([nH]c2c1)[C@@H]1N(CC3)C(=O)c2c(OC)cccc2N1C,4.7,IC50,20000.0,nM,0
CHEMBL5798072,CNCC(Cc1cccnc1)c1ccc2ccccc2c1,4.7,IC50,20000.0,nM,0
CHEMBL4556378,CN(C)c1ccc(-c2cc3nccnc3c(NC[C@H]3CNCCC3(F)F)n2)cn1,4.7,IC50,19952.62,nM,0
CHEMBL570998,CC(C)N1CCN(CCN2CCN(c3cccc(Cl)c3F)C2=O)CC1,4.7,IC50,19952.62,nM,0
CHEMBL4777580,COCCOc1cc(NC(=O)N2CCCc3cc(CN(CCN(C)C)S(C)(=O)=O)c(C=O)nc32)ncc1C#N,4.7,IC50,20000.0,nM,0
CHEMBL3221524,O=C(Nc1ccc(F)cn1)[C@H](COCCO)Oc1ncnc2c1cnn2-c1c(Cl)cccc1Cl,4.7,IC50,19952.62,nM,0
CHEMBL466308,CCN1CCN(c2cc3[nH]c(C(=O)[C@]4(C)CC[C@@](C)(O)CC4)nc3cc2Cl)CC1,4.7,IC50,20000.0,nM,0
CHEMBL2312150,COc1ccc(Cl)cc1-c1ccnc(Nc2ccc(N3CCOCC3)c(OC)c2)c1,4.7,IC50,20000.0,nM,0
CHEMBL2022498,O=C(Nc1ccc(-c2nnc(NCCCN3CCCOCC3)o2)cc1)c1ccccc1F,4.7,IC50,19952.62,nM,0
CHEMBL4746616,CC(C)N1CCC(c2ccc(/C(=C(/CCCO)c3ccc(F)cc3F)c3ccc(O)cc3)cc2)CC1.Cl,4.7,IC50,20200.0,nM,0
CHEMBL4460750,O=C(O)C1(COc2ccc(-c3ccc(-c4nc5cc(Cl)ccc5[nH]4)cn3)cn2)CCC1,4.7,Ki,20050.0,nM,0
CHEMBL2158832,O=C(O)c1cccc(CN2CCC(CN3CCC(Oc4ccc(Cl)c(Cl)c4)CC3)CC2)c1,4.7,IC50,19952.62,nM,0
CHEMBL2022734,O=C(Nc1ccc(-c2nnc(NCCCCN3CCCCC3)o2)cc1)c1ccccc1,4.7,IC50,19952.62,nM,0
CHEMBL472125,Cc1ccccc1[C@@H]1CCN(C[C@@H]2CCc3cccnc3[C@@H](O)C2)C[C@H]1CO,4.7,IC50,20000.0,nM,0
CHEMBL2022732,CCN(CC)CCCCNc1nnc(-c2ccc(NC(=O)c3ccccc3F)cc2)o1,4.7,IC50,19952.62,nM,0
CHEMBL4589017,O=C(CCCC(=O)c1cccc([N+](=O)[O-])c1)NC1CCCC1,4.69,IC50,20380.0,nM,0
CHEMBL4876457,Cc1c(C2(c3ccc(C(F)(F)F)c(C#N)c3)CC2)c[nH]c1C(=O)NC(C)c1nc[nH]n1,4.69,IC50,20400.0,nM,0
CHEMBL383997,COc1ccc2c(OC[C@H](O)CO)nc(C#N)c(-c3ccccc3)c2c1,4.69,IC50,20500.0,nM,0
CHEMBL1760230,COc1ccc([C@H]2CN(CCCC3CCNCC3)C[C@@H]2CNC(=O)c2cccc(Cl)c2)cc1,4.69,IC50,20300.0,nM,0
CHEMBL3933749,Cc1c([C@@H]2CN3CCN(C(=O)Cc4ccc(-n5cnnn5)cn4)C[C@H]3CO2)ccc(F)c1C#N,4.69,IC50,20300.0,nM,0
CHEMBL4084170,C[C@@]1(c2cc(CNCCC(F)(F)F)c(F)cc2F)CCSC(N)=N1,4.69,IC50,20400.0,nM,0
CHEMBL2335291,C(#Cc1ccc2ccccc2n1)c1ccccn1,4.69,IC50,20300.0,nM,0
CHEMBL163238,Cc1cccc(C)c1NC(=O)CC12CCCN1CCC2,4.69,IC50,20417.38,nM,0
CHEMBL4524803,COc1ccc2[nH]c(-c3ccc(N4CCC(O[C@H]5CC[C@H](CC(=O)O)CC5)CC4)nc3)nc2n1,4.69,Ki,20500.0,nM,0
CHEMBL2029180,CN=[S+](C)([O-])c1ccc(Nc2ncc(C(F)(F)F)c(N[C@@H]3CCC[C@H]3N(C)C)n2)cc1,4.69,IC50,20300.0,nM,0
CHEMBL4172669,CN(C[C@H]1Cc2c(cccc2N2CCNCC2)CN1)[C@H]1CCCc2cccnc21,4.69,IC50,20300.0,nM,0
CHEMBL231497,Cc1nnc2ccc(N3CC[C@H](c4cc(F)c(F)cc4F)[C@@H](N)C3)nn12.O=C(O)C(F)(F)F,4.69,IC50,20300.0,nM,0
CHEMBL5741564,C[C@H]1OC(=O)[C@]2(CC(N)=O)CC(F)(F)[C@@H](C)[C@H](/C=C/c3ccc(-c4cccc(F)c4)cn3)[C@H]12,4.69,IC50,20400.0,nM,0
CHEMBL2181486,COc1ccc(-c2cc(-c3ccc(C(=O)N4CCN(C)CC4)cc3)cnc2N)cn1,4.69,IC50,20500.0,nM,0
CHEMBL481931,CN1CC[C@H](N(C)C(=O)N2CC(c3cc(F)ccc3F)=C[C@@]2(CO)c2ccccc2)[C@H](F)C1,4.69,IC50,20500.0,nM,0
CHEMBL4467830,O=C(O)C1CC(Oc2ccc(-c3ccc(-c4nc5cc(Cl)ccc5[nH]4)cn3)cn2)C1,4.69,Ki,20230.0,nM,0
CHEMBL5080306,CC(=O)c1c(-c2ccc(O)cn2)oc2ccc(O)c(CN3CCCC3)c12,4.69,IC50,20500.0,nM,0
CHEMBL2314053,COC1COCCC1N[C@@H]1C[C@H]2CCC[C@@]2(C(=O)N2CCc3ccc(Br)cc3C2)C1,4.69,IC50,20300.0,nM,0
CHEMBL5827773,CCCc1nc2ccc(CN3CCN(c4ccc(C(=O)NC)nc4Cl)CC3)cc2[nH]c1=O,4.68,IC50,21000.0,nM,0
CHEMBL3359261,CC(C)(C)n1ncc2c1C(=O)CC1(CCN(C(=O)c3ccc4[nH]ncc4c3)CC1)C2,4.68,IC50,21000.0,nM,0
CHEMBL2017573,COc1cc(-c2cn(C3CC[C@H]4CCCC[C@@H]4NC3=O)nn2)ccc1-n1cnc(C)c1,4.68,IC50,20800.0,nM,0
CHEMBL3735329,N[C@H]1C[C@@H](N2Cc3cn(S(=O)(=O)C4CC4)nc3C2)CO[C@@H]1c1cc(F)ccc1F,4.68,IC50,21000.0,nM,0
CHEMBL2017572,COc1cc(-c2cn(C3CC(C)(C)CCNC3=O)nn2)ccc1-n1cnc(C)c1,4.68,IC50,20800.0,nM,0
CHEMBL4637222,Cc1cc(C)c(-c2cn(C)cn2)cc1NC(=O)c1ccc(OCc2ccccn2)cc1,4.68,IC50,21000.0,nM,0
CHEMBL3314423,CN(C)c1ccc(/C=C/c2c(F)cccc2F)nc1,4.68,IC50,21100.0,nM,0
CHEMBL3596513,COc1ccc(N2CCN(Cc3nc4c5cccc(OC)c5nc(N)n4n3)[C@H](C)C2)cc1,4.68,IC50,20750.0,nM,0
CHEMBL2436978,CN1CCN(Cc2ccc(-c3cnc4[nH]cc(-c5ccc6[nH]ccc6c5)c4c3)cc2)CC1,4.68,IC50,21000.0,nM,0
CHEMBL4211534,Cn1cnc(-c2cnc(N)c(O[C@@H]3CN(C(=O)Cc4ccc(OC(F)(F)F)cc4)CC3(F)F)c2)c1,4.68,IC50,21000.0,nM,0
CHEMBL3596512,COc1cccc(N2CCN(Cc3nc4c5cccc(OC)c5nc(N)n4n3)[C@H](C)C2)c1,4.68,IC50,21060.0,nM,0
CHEMBL3793411,Cc1c(CCN2CCN(C(=O)Cc3cncc(-n4cnnn4)c3)CC2)ccc2c1COC2=O,4.68,IC50,21000.0,nM,0
CHEMBL2409175,CC(=O)Nc1cc(Nc2cc(NC3CC3)n3ncc(C#N)c3n2)ccc1C,4.68,IC50,21000.0,nM,0
CHEMBL2112296,[O-][n+]1ccc(CC(c2ccc(OC(F)F)c(OC3CC3)c2)c2cnc(C(O)(C(F)(F)F)C(F)(F)F)s2)cc1,4.68,Ki,21000.0,nM,0
CHEMBL2321999,Clc1ccc([C@H]2CC=CCNC2)cc1Cl,4.68,IC50,21000.0,nM,0
CHEMBL2409400,COc1cc2nnc(C(N)=O)c(Nc3ccc(C)cc3F)c2cc1N1CCC(N(C)C)CC1,4.68,IC50,21000.0,nM,0
CHEMBL3787134,COc1ccc(-c2nnc(C(=O)N3CC(Oc4ccc(CN(C)C)cc4)C3)o2)cc1,4.68,IC50,21000.0,nM,0
CHEMBL3808957,CC(C)(C)c1cc(NC(=O)n2ccc3ccc(Oc4ncnc5c4CNC5)cc32)no1,4.68,IC50,21000.0,nM,0
CHEMBL4451905,CC(C)Cc1cc(CNC(=O)C2C3CN(C(=O)Cc4ccccc4)CC32)nn1-c1ccccc1,4.68,IC50,20800.0,nM,0
CHEMBL3127708,O=C(C1CC12CCN(C1CCCCC1)CC2)N1CCN(C2CCCCC2)CC1,4.68,IC50,20800.0,nM,0
CHEMBL5932959,CNCC(C[C@H](O)c1ccccc1)c1ccc2ccccc2c1,4.68,IC50,21000.0,nM,0
CHEMBL3218888,COCCN1CCCC(Cn2c(-c3cccnc3C)nc3cn(-c4ccc(C#N)cc4)nc3c2=O)C1,4.68,IC50,21000.0,nM,0
CHEMBL215818,COc1ccc2c(-n3cnc(C)c3)nc(C#N)c(-c3cccc(F)c3)c2c1,4.68,IC50,21000.0,nM,0
CHEMBL3290336,COc1ccc2ccc(=O)n(CCN3CCC(NCc4ccc5c(n4)NC(=O)CO5)CC3)c2n1,4.68,IC50,21000.0,nM,0
CHEMBL561344,CC(C)C(Cn1ccnc1)NC(=O)NC1CCN(Cc2ccn(-c3ccc(C(F)(F)F)cc3)c2)CC1,4.68,IC50,20900.0,nM,0
CHEMBL1950743,CC1(C)CC(c2ccc(OC3CCN(C4CCC4)CC3)cc2)=NNC1=O,4.68,IC50,21000.0,nM,0
CHEMBL5812253,CNC[C@H](c1ccc(Cl)c(Cl)c1)[C@@H](O)c1ccccc1-c1cccs1,4.68,IC50,21000.0,nM,0
CHEMBL1086273,COc1c(F)cccc1CC(c1ccccc1)N1CCNCC1,4.68,IC50,20800.0,nM,0
CHEMBL5987269,CNC[C@@H](Cc1cccnc1)c1ccc(Cl)c(Cl)c1,4.68,IC50,21000.0,nM,0
CHEMBL2041183,Cc1cc(C(=O)O)ccc1-c1ccc(N2C(=O)N(c3cc(C(F)(F)F)ncn3)C3(CCN(Cc4ncccc4C)CC3)C2=O)cc1,4.68,IC50,21000.0,nM,0
CHEMBL3314424,CN(C)c1ccc(/C=C/c2c(F)cccc2Cl)nc1,4.68,IC50,20700.0,nM,0
CHEMBL1800775,NCC(=O)N1CCn2c(nc(-c3ccc(F)cc3)c2Nc2ccc(Cl)c(F)c2)C1,4.68,IC50,21000.0,nM,0
CHEMBL3651854,Cc1cc(Nc2nc(Nc3ccccc3S(=O)(=O)C(C)C)c3c(C)[nH]nc3n2)c(OC(C)C)cc1C1CCN(C)CC1,4.68,IC50,20800.0,nM,0
CHEMBL485162,COc1ncccc1C(=O)N1CC[C@H](NCc2cncn2Cc2ccc(C#N)cc2)C1=O,4.68,IC50,20999.99,nM,0
CHEMBL3822583,CC(=O)N1CCC(n2ncc(Nc3ncc(Cl)c(-c4cnc5ccccn45)n3)c2C)CC1,4.68,IC50,21000.0,nM,0
CHEMBL2164390,O=C(NCc1cccc(OC(F)(F)F)c1)C1c2ccccc2C(=O)N1CCc1ccccn1,4.68,IC50,21000.0,nM,0
CHEMBL3650845,CC1(C)Oc2ccc(NC(=O)c3ccc(Cl)cn3)cc2[C@@]2(COC(N)=N2)C12COC2,4.68,IC50,20670.0,nM,0
CHEMBL4102137,Cc1cc(=O)n(C)nc1N1CCC2(CCN(C[C@H](O)c3ccc4c(c3C)COC4=O)CC2)C1=O,4.68,IC50,21000.0,nM,0
CHEMBL4171419,O=C1S/C(=C\c2ccc3c(cnn3Cc3ccc(Cl)cc3C(F)(F)F)c2)C(=O)N1[C@@H]1CCNC[C@H]1F,4.68,IC50,21000.0,nM,0
CHEMBL3902262,CC(C)Cc1cc(CNS(=O)(=O)c2ccccc2)nn1-c1ccccc1,4.68,IC50,21000.0,nM,0
CHEMBL2326484,Nc1nc2cc3c(cc2s1)CCN(Cc1cccnc1)CC3,4.68,IC50,21000.0,nM,0
CHEMBL4451616,C[S+]([O-])c1ccc(-c2ccc3ncc(-c4cccc([S+](C)[O-])c4)n3n2)cc1,4.68,IC50,21100.0,nM,0
CHEMBL3650850,COc1cnc(C(=O)Nc2ccc3c(c2)[C@@]2(COC(N)=N2)C2(CC2)C(C)(C)O3)cn1,4.68,IC50,20770.0,nM,0
CHEMBL2180035,COc1cccc(-c2cccc(C3(C4CCOCC4)N=C(C)C(N)=N3)c2)c1,4.68,IC50,21000.0,nM,0
CHEMBL3813836,CC(C)Oc1cc([C@@](Cc2ccccc2)(NC[C@@H](O)C(F)(F)F)c2cc(F)cc(OC(F)(F)C(F)F)c2)ccc1F,4.68,IC50,21000.0,nM,0
CHEMBL1201193,CCCCN1CCCC[C@H]1C(=O)Nc1c(C)cccc1C,4.68,IC50,20892.96,nM,0
CHEMBL2324520,CC(C#N)=C1CCN(c2ccc(N3C[C@H](Cn4cc(F)nn4)OC3=O)cc2F)CC1,4.68,IC50,21000.0,nM,0
CHEMBL468518,Cc1ccc(-c2c(C)c(CNC3CCC(F)(F)C3)nn2-c2ncccc2Cl)cn1,4.68,IC50,21000.0,nM,0
CHEMBL4742230,CNC(=O)c1n[nH]c2cc(-c3ccc(-n4cccc(C)c4=O)cc3Cl)ccc12,4.68,IC50,21000.0,nM,0
CHEMBL557458,CCN(CC)C(=O)c1ccc(C2=CC3(CCNCC3)Oc3ccccc32)cc1O,4.68,IC50,21079.0,nM,0
CHEMBL1683445,C[C@@H](C[C@@](C)(CS(=O)(=O)N1CCN(c2ccc(F)cc2)CC1)N(O)C=O)c1ncc(F)cn1,4.68,IC50,21000.0,nM,0
CHEMBL2028019,CN(C)C(=O)N[C@H]1CC[C@H](CCN2CCN(c3cccc(Cl)c3Cl)CC2)CC1,4.68,IC50,20720.0,nM,0
CHEMBL3827512,O=C(CCCc1c[nH]nn1)NC1CCN(C(=O)OCc2cc(Cl)cc(Cl)c2)CC1,4.68,IC50,20900.0,nM,0
CHEMBL2325728,NC1(C(=O)N[C@@H](CCN2CCCC2)c2ccc(Cl)cc2)CCN(c2ncnc3[nH]ccc23)CC1,4.68,IC50,21030.0,nM,0
CHEMBL6049140,CNC[C@H](c1ccc2ccccc2c1)[C@H](OCC(=O)N1CCOCC1)c1ccccc1,4.68,IC50,21000.0,nM,0
CHEMBL4544141,O=C1OCc2cc(C3CN4CCN(C(=O)Cc5ccc(-n6cnnn6)cc5)CC4CO3)ccc21,4.68,IC50,21100.0,nM,0
CHEMBL3582333,Cn1nc([C@]2(c3cn[nH]c3)N[C@@H](c3nc(-c4ccc(F)cn4)c[nH]3)Cc3c2[nH]c2ccccc32)oc1=O,4.67,IC50,21500.0,nM,0
CHEMBL914,CC(C)(C(=O)O)c1ccc(C(O)CCCN2CCC(C(O)(c3ccccc3)c3ccccc3)CC2)cc1,4.67,IC50,21379.62,nM,0
CHEMBL3321963,CN1CCN(Cc2ccc3nc(Nc4ccc(C(F)(F)F)cn4)[nH]c3c2)CC1,4.67,IC50,21500.0,nM,0
CHEMBL2204246,COc1ncc([C@]2(O)CC[C@H](N3CC(NC(=O)CNC(=O)c4cccc(C(F)(F)F)c4)C3)CC2)cc1C,4.67,IC50,21600.0,nM,0
CHEMBL5086050,CNC(=O)c1c(-c2ccc(O)cc2)oc2ccc(O)c(CN3CC4(CCO4)C3)c12,4.67,IC50,21600.0,nM,0
CHEMBL2017110,CO[C@]1(c2ccc(F)c(F)c2)CCNC[C@@H]1c1noc(-c2ccccc2CCNC(C)=O)c1Br,4.67,Ki,21200.0,nM,0
CHEMBL499776,Nc1ccccc1NC(=O)c1ccc(N2CCC3(CCNC3)CC2)nc1,4.67,Ki,21450.0,nM,0
CHEMBL5978598,COc1cncc(OCC[C@H](C)N)c1-c1cc(Nc2cnc(C#N)cn2)n[nH]1,4.67,IC50,21600.0,nM,0
CHEMBL1083707,c1ccc(C(Cc2cccc3c2OCC3)N2CCNCC2)cc1,4.67,IC50,21400.0,nM,0
CHEMBL4063658,CN(C)c1ccc(C(=O)N(CC(=O)NC2CCCCC2)Cc2ccc(C(=O)NO)cc2)cc1,4.67,IC50,21527.82,nM,0
CHEMBL4297463,COc1cc(C)[nH]c(=O)c1CNC(=O)c1c(C)n([C@H](C)C2CCN(CC(F)(F)F)CC2)c2ccccc12,4.67,IC50,21300.0,nM,0
CHEMBL4161395,c1ccc(Cc2cc3c(s2)CCN2Cc4ccccc4CC32)cc1,4.67,IC50,21300.0,nM,0
CHEMBL2069927,C[C@@H](Oc1nnc(-c2ccncc2)n1C)c1nnc(-c2cccc(Cl)c2)o1,4.67,IC50,21500.0,nM,0
CHEMBL3218887,Cc1ccccc1-c1nc2cn(-c3cccc(C#N)c3)nc2c(=O)n1CC1CCCN(C(C)C)C1,4.66,IC50,22000.0,nM,0
CHEMBL6014944,COc1cncc(O[C@H]2C[C@H](N)[C@H]3C[C@H]32)c1-c1cc(Nc2cnc(C#N)cn2)n[nH]1,4.66,IC50,22000.0,nM,0
CHEMBL4064366,COc1nn(C)cc1Nc1ncc(Cl)c(-c2c[nH]c3c(NC(=O)[C@@H](C)N4CCN(C)CC4)cccc23)n1,4.66,IC50,22000.0,nM,0
CHEMBL4750724,CC(C)N1CCC(c2ccc(/C(=C(/CCCO)c3ccccc3)c3ccc(O)cc3)cc2)CC1.Cl,4.66,IC50,22000.0,nM,0
CHEMBL3822587,Cc1nn(C2CCN(C(=O)CO)CC2)c(C)c1Nc1ncc(Cl)c(-c2cnn3ccccc23)n1,4.66,IC50,22000.0,nM,0
CHEMBL1923130,COCCCc1cc(CCCNS(C)(=O)=O)c(Cl)c(CN(C(=O)[C@H]2CNCC[C@@]23OCc2cc(F)c(F)cc23)C2CC2)c1,4.66,Ki,22000.0,nM,0
CHEMBL4778828,COCCOc1cc(NC(=O)N2CCCc3cc(CN4CCN(C)C(=O)C4)c(C=O)nc32)ncc1C#N,4.66,IC50,22000.0,nM,0
CHEMBL3301620,COc1cnc(-n2cnc(C)n2)c2[nH]cc(C(=O)C(=O)N3CCN(C(=O)c4ccccc4)CC3)c12,4.66,IC50,21900.0,nM,0
CHEMBL3218480,Cc1cnc(NC(=O)c2cc(Oc3ccc(S(C)(=O)=O)cc3)c3cc(C)oc3c2)cn1,4.66,IC50,22000.0,nM,0
CHEMBL1200396,CCCCN1CCCCC1C(=O)Nc1c(C)cccc1C.Cl,4.66,IC50,22000.0,nM,0
CHEMBL4087512,c1cncc(C(Cc2ccccc2-c2ccncc2)c2cccnc2)c1,4.66,IC50,22100.0,nM,0
CHEMBL3084949,N[C@H](C(=O)N1CCSC1)[C@H]1CC[C@H](NC(=O)c2cccc3ccccc23)CC1,4.66,Ki,22000.0,nM,0
CHEMBL172090,CC[C@H](C)[C@H](C(=O)O)N1C[C@H](CN2CCC(c3cc(Cc4ccc(OC)c(OC)c4)nn3CC)CC2)[C@@H](c2cccc(F)c2)C1,4.66,Ki,22000.0,nM,0
CHEMBL1808643,O=C(/C=C/c1ccc2c(c1)CN(CCC1CCCCC1)C2)NO,4.66,IC50,22000.0,nM,0
CHEMBL4475207,CN(C)c1ccc(CNC(=O)[C@H]2CNC[C@@H]2c2ccc(C(F)(F)F)nc2)cc1,4.66,IC50,21700.0,nM,0
CHEMBL16312,COc1ccc(-c2cc(=O)c3ccccc3o2)cc1,4.66,IC50,21900.0,nM,0
CHEMBL3696475,Cc1c([C@@H](O)CN2CCN(C[C@H](O)c3ccc4c(c3C)COC4=O)CC2)ccc2c1COC2=O,4.66,IC50,22000.0,nM,0
CHEMBL4466010,COc1cc(C(=O)N2C[C@@H](n3cc(C4CC4)nn3)C[C@H]2C(=O)N[C@@H]2C[C@H]2c2ccccc2)ccc1CN,4.66,IC50,22000.0,nM,0
CHEMBL3289794,Nc1nccn1CC(O)c1cccc(Cl)c1Cl,4.66,IC50,22000.0,nM,0
CHEMBL3415610,COc1cccc2[nH]c(-c3nc(N[C@@H]4CCOC[C@@H]4N)cnc3C(N)=O)cc12,4.66,IC50,22000.0,nM,0
CHEMBL2164397,O=C(NCc1ccc(OC(F)(F)F)cc1)C1c2ccccc2C(=O)N1CCC1CCOCC1,4.66,IC50,22000.0,nM,0
CHEMBL4864329,COc1ccc(-c2ccc(C(=O)O)cc2C)cc1-c1cnc(N(C)C)nc1CN1C(=O)O[C@H](c2cccc(C(F)(F)F)n2)[C@@H]1C,4.66,IC50,22000.0,nM,0
CHEMBL3314426,CN(C)c1ccc(/C=C/c2c(F)cccc2F)cn1,4.66,IC50,22000.0,nM,0
CHEMBL2041184,Cc1nccc(N2C(=O)N(c3ccc(-c4ccc(C(=O)O)cc4C)cc3)C(=O)C23CCN(Cc2ncccc2C)CC3)n1,4.66,IC50,22000.0,nM,0
CHEMBL2041193,Cc1cc(C(=O)O)ccc1-c1ccc(N2C(=O)N(c3ccncn3)C3(CCN(Cc4ncccc4C)CC3)C2=O)cc1,4.66,IC50,22000.0,nM,0
CHEMBL4436115,O=C(CC(O)(C(F)(F)F)C(F)(F)F)N[C@@](Cc1ccccc1)(c1cc(F)cc(C(F)(F)F)c1)c1ccc(Cl)cn1,4.66,IC50,22000.0,nM,0
CHEMBL5747720,CNC[C@H](c1ccc2ccccc2c1)[C@H](OCCO)c1ccccc1,4.66,IC50,22000.0,nM,0
CHEMBL4857071,CCc1cc2cnc(CN3CCN(c4ccc(C(=O)NC)nc4Cl)CC3)cc2[nH]c1=O,4.66,IC50,22000.0,nM,0
CHEMBL1951605,CC#CCn1c(N2CCC[C@@H](N)C2)c(C#N)c2c1c(=O)n(Cc1nc(C)c3ccccc3n1)c(=O)n2C,4.66,IC50,21700.0,nM,0
CHEMBL4748177,CC(C)CC(=O)N1CCCc2cc(CNC(=O)c3ccc(Cl)cc3)ccc21,4.66,IC50,22000.0,nM,0
CHEMBL5885431,C[C@H]1OC(=O)[C@]2(CC(N)=O)CC(F)(F)[C@@H](C)[C@H](/C=C/c3ccc(-c4cccnc4C#N)cn3)[C@H]12,4.66,IC50,21900.0,nM,0
CHEMBL4072014,Cc1c([C@@H](O)CN2CCC3(CC2)CCN(c2ccncn2)C3=O)ccc2c1COC2=O,4.66,IC50,21900.0,nM,0
CHEMBL4518465,O=[N+]([O-])c1ccc2c(c1)ncn2Cc1ccc(O)c2ncccc12,4.66,IC50,22000.0,nM,0
CHEMBL2017584,COc1cc(-c2cn([C@H]3CCCCN(CC(F)(F)F)C3=O)nn2)ccc1-n1cnc(C)c1,4.66,IC50,21900.0,nM,0
CHEMBL2058837,CC(C)(N)C(=O)N1CCn2c(nc(-c3ccc(F)cc3)c2Nc2ccc(F)cc2)C1(C)C,4.66,IC50,21900.0,nM,0
CHEMBL2059316,O=C1COc2ccccc2N1CCCN1CCC(n2c(=O)[nH]c3ncccc32)CC1,4.66,IC50,22000.0,nM,0
CHEMBL3596505,COc1cccc2c1nc(N)n1nc(CN3CCN(c4ccc(F)cn4)C[C@H]3C)nc21,4.66,IC50,21870.0,nM,0
CHEMBL4276988,CCC[C@@H](CCO)Nc1nc(N)nc2c1CN(C(=O)c1csc(C)n1)CC2,4.66,IC50,22000.0,nM,0
CHEMBL4761472,CCS(=O)(=O)c1ccc(CNc2nc3cnc(-c4c(C)ncnc4C4CC4)nc3n([C@@H](C)C3CC3)c2=O)cn1,4.66,IC50,22000.0,nM,0
CHEMBL5870216,Cc1c(N)cccc1C[C@@H](C)NC(=O)C(F)(F)F,4.66,IC50,22000.0,nM,0
CHEMBL3696476,Cc1c([C@H](O)CN2CCN(C[C@@H](O)c3ccc4c(c3C)COC4=O)CC2)ccc2c1COC2=O,4.66,IC50,22000.0,nM,0
CHEMBL4778578,Cc1cn([C@@H](C)[C@]2(F)CCNC2)c2nc(C(N)=O)cc(Cl)c12,4.66,IC50,22000.0,nM,0
CHEMBL3898579,Cc1c([C@H]2CN3CCN(C(=O)Cc4ccc(-n5cnnn5)nc4)C[C@@H]3CN2)ccc2c1COC2=O,4.66,IC50,22000.0,nM,0
CHEMBL2040896,Cc1cccnc1CN1CCC2(CC1)C(=O)N(c1ccc(-c3ccno3)cc1)C(=O)N2c1cc(O)ncn1,4.66,IC50,22000.0,nM,0
CHEMBL4640857,Nc1nc(N2CCC(N3Cc4ccccc4OC[C@@H]3Cc3ccc(Cl)cc3)CC2)n[nH]1,4.66,IC50,22000.0,nM,0
CHEMBL4166405,COCc1ccc(-c2cc3c(N[C@@H](C)c4ccn(C)n4)c(C(N)=O)cnc3cc2F)cn1,4.66,IC50,22000.0,nM,0
CHEMBL3898577,CO[C@H]1C[C@@H](n2c(=O)n(C)c3cnc4cc(F)c(-c5ccc(OCCCN(C)C)nc5F)cc4c32)C1,4.66,IC50,22000.0,nM,0
CHEMBL4635680,O=C(NCC1CCCOC1)c1n[nH]c2ccc(-c3cccc(F)c3F)cc12,4.66,IC50,22000.0,nM,0
CHEMBL3792978,Cc1c(C(F)CN2CCN(C(=O)Cc3ccc(-n4cnnn4)nc3)CC2)ccc2c1COC2=O,4.66,IC50,22000.0,nM,0
CHEMBL1835153,NC(=O)c1cnc(N[C@H](C2CC2)C(F)(F)F)c2c1[nH]c1cc(-c3cnc(N)nc3)ccc12,4.66,IC50,22000.0,nM,0
CHEMBL3785810,Cc1c(OC(F)F)ccc2c1C(=O)N(Cc1ccccc1-c1ccccc1)C2C(=O)NC(C)(C)C,4.66,IC50,22000.0,nM,0
CHEMBL4789820,Cn1cc(-c2cnc(Nc3cnc(C#N)cn3)cc2NC[C@@H]2CNCCO2)cn1,4.66,IC50,22000.0,nM,0
CHEMBL1093623,COc1ccc2c(c1)CC(CCN(C)C)=C2[C@@H](C)c1nccs1,4.66,IC50,22000.0,nM,0
CHEMBL3787394,COc1ccc(-c2nnc(C(=O)N3CC(Oc4ccc(CN5CC6(COC6)C5)cc4)C3)o2)cc1,4.66,IC50,22000.0,nM,0
CHEMBL1092941,CC(C)N(C)[C@@H]1CC[C@H](N2CC[C@H](NC(=O)c3cc(F)cc(C(F)(F)F)c3)C2=O)[C@H](CS(=O)(=O)c2ccccc2)C1,4.66,IC50,22000.0,nM,0
CHEMBL2112294,CC(C)(O)c1ccc(C(Cc2cc[n+]([O-])cc2)c2ccc(OC(F)F)c(OC3CCC3)c2)cc1,4.65,Ki,22400.0,nM,0
CHEMBL3582327,CCn1cc([C@@]2(c3nnc(O)o3)N[C@@H](c3nc(-c4ccc(F)cn4)c[nH]3)Cc3c2[nH]c2ccccc32)cn1,4.65,IC50,22400.0,nM,0
CHEMBL255245,Nc1ccccc1NC(=O)c1ccc(-c2ncc(CN3CCC3)cc2Cl)cc1,4.65,IC50,22387.21,nM,0
CHEMBL3216126,CC(C)n1nc(C(=O)NCC2CCN(CCc3ccc(N)cc3)CC2)c2ccccc21.Cl.Cl,4.65,IC50,22600.0,nM,0
CHEMBL375571,CC(C)N1CCN(C(=O)N2CC=C(c3ccccc3)CC2)CC1,4.65,IC50,22258.06,nM,0
CHEMBL2204245,CN(C)c1ccc([C@]2(O)CC[C@H](N3CC(NC(=O)CNC(=O)c4cccc(C(F)(F)F)c4)C3)CC2)cn1,4.65,IC50,22500.0,nM,0
CHEMBL4103746,COc1ccc2ncc(F)c([C@@H](O)CC[C@@H]3CCN(C4CC(c5ccccc5)C4)C[C@@H]3C(=O)O)c2c1,4.65,IC50,22300.0,nM,0
CHEMBL563597,CNc1ncc(/C=C2\C[C@H]3[C@@H]4CC[C@H]5N(C)C(=O)C=C[C@]5(C)[C@H]4CC[C@]3(C)[C@H]2O)cn1,4.65,Ki,22500.0,nM,0
CHEMBL4460028,CC1(C)CCN1Cc1cccc(F)c1CNc1cc(F)c(S(=O)(=O)Nc2cscn2)c(F)c1,4.65,IC50,22200.0,nM,0
CHEMBL3581788,O=C(NCCCNc1nc2ccccc2[nH]1)c1ccnc(C(F)(F)F)c1,4.65,IC50,22390.0,nM,0
CHEMBL3596508,COc1cccc2c1nc(N)n1nc(CN3CCN(c4cccnc4)C[C@H]3C)nc21,4.65,IC50,22290.0,nM,0
CHEMBL2314059,O=C(N1CCc2ncc(C(F)(F)F)cc2C1)[C@@]12CCC[C@@H]1C[C@@H](NC1CCSCC1)C2,4.64,IC50,23100.0,nM,0
CHEMBL5838979,CNC[C@H](c1ccc(Br)c(Cl)c1)[C@@H](O)c1ccccc1,4.64,IC50,23000.0,nM,0
CHEMBL2164443,CS(=O)(=O)c1ccc(C(CC2CCCC2)C(=O)Nc2nccs2)cc1F,4.64,IC50,23000.0,nM,0
CHEMBL4097298,COc1cncc(Cc2cc(-c3ccccc3)no2)c1,4.64,IC50,23000.0,nM,0
CHEMBL2326686,Fc1ccc(C2CC=CCNC2)cc1Cl,4.64,IC50,23000.0,nM,0
CHEMBL1189841,NC[C@@H](c1ccc2ccccc2c1)[C@@H](O)c1ccccc1,4.64,IC50,23000.0,nM,0
CHEMBL2164376,O=C(NCc1ccc(OC(F)(F)F)cc1)C1c2ccccc2C(=O)N1C1CC(F)(F)C1,4.64,IC50,23000.0,nM,0
CHEMBL1796070,COCCCn1cc(CN(C(=O)[C@H]2CNCC[C@@H]2c2ccn(C)c(=O)c2)C2CC2)c2c(Cl)cccc21,4.64,Ki,23000.0,nM,0
CHEMBL1923127,COCCCc1cc(CCCN2CCOCC2)c(Cl)c(CN(C(=O)[C@H]2CNCC[C@@]23OCc2cc(F)c(F)cc23)C2CC2)c1,4.64,Ki,23000.0,nM,0
CHEMBL2333641,CN1CCC(COCc2cc(C(F)(F)F)cc(Cl)n2)(c2ccc(Cl)cc2)CC1,4.64,IC50,23000.0,nM,0
CHEMBL4212656,CCc1nn2c(C)cc(C)nc2c1Cc1ccc(CCC(=O)N2CCNCC2)cc1,4.64,IC50,23000.0,nM,0
CHEMBL1726,COC(=O)C1=C(C)NC(C)=C(C(=O)OCC(C)C)C1c1ccccc1[N+](=O)[O-],4.64,IC50,23000.0,nM,0
CHEMBL5741566,C[C@@H]1Cc2c([nH]c3ccccc23)[C@@H](c2nccc(OCCNCCCF)c2F)N1CC(F)(F)F,4.64,IC50,23000.0,nM,0
CHEMBL1834798,CCc1ncc([C@H]2CC[C@@H](N3CC(NC(=O)CNc4nn(C)c5ccc(C(F)(F)F)cc45)C3)CC2)s1,4.64,IC50,23000.0,nM,0
CHEMBL1684057,CNC(C)C1(c2ccc(Cl)c(Cl)c2)CCCCC1.Cl,4.64,IC50,23000.0,nM,0
CHEMBL1829615,O=C(CNC(=O)c1cccc(C(F)(F)F)c1)NC1CN([C@H]2CC[C@H](c3ccc(C(=O)O)cc3)CC2)C1,4.64,IC50,23000.0,nM,0
CHEMBL2043326,COc1cc(N2C(=O)N(c3ccc(-c4ccc(C(=O)O)c(C)c4)cc3)C(=O)C23CCN(Cc2ncccc2C)CC3)ncn1,4.64,IC50,23000.0,nM,0
CHEMBL2048870,CC(C)COc1cccc(/C=C2\SC(=O)NC2=O)c1N1CCC[C@@H](N)C1,4.64,IC50,23000.0,nM,0
CHEMBL4647895,N#Cc1ccc2c(c1)CN(C1CCN(c3n[nH]c(N)n3)CC1)[C@@H](Cc1ccc(Cl)cc1)CO2,4.64,IC50,23000.0,nM,0
CHEMBL2335295,Brc1cccc2nc(C#Cc3ccccn3)ccc12,4.64,IC50,22700.0,nM,0
CHEMBL2425060,N[C@H]1C[C@@H](N2Cc3cnc(C(F)(F)F)nc3C2)CO[C@@H]1c1cc(F)c(F)cc1F,4.64,IC50,23000.0,nM,0
CHEMBL3822947,Cc1nn(C2CCN(C(=O)[C@H](C)O)CC2)c(C)c1Nc1ncc(Cl)c(-c2cnn3ccccc23)n1,4.64,IC50,23000.0,nM,0
CHEMBL484753,CC(C)NC(=O)c1cn(-c2cccc(-c3ccc(S(C)(=O)=O)cc3)c2)c2ncccc2c1=O,4.64,IC50,23000.0,nM,0
CHEMBL1829625,O=C(CNC(=O)c1cccc(C(F)(F)F)c1)NC1CN([C@H]2CC[C@H](c3ccncc3O)CC2)C1,4.64,IC50,23000.0,nM,0
CHEMBL2041188,Cc1cc(C(=O)O)ccc1-c1ccc(N2C(=O)N(c3ncccn3)C3(CCN(Cc4ncccc4C)CC3)C2=O)cc1,4.64,IC50,23000.0,nM,0
CHEMBL214335,COc1ccccc1CC(c1ccccc1)N1CCNCC1,4.64,IC50,22900.0,nM,0
CHEMBL561805,CN(C)C(=O)c1ccc(C2=CC3(CCNCC3)Oc3ccccc32)cc1,4.64,IC50,23070.0,nM,0
CHEMBL3972563,Cn1c(=O)sc2ccc(-c3ccc(C[C@@H](C#N)NC(=O)[C@@H]4CNCCCO4)cc3)cc21,4.64,IC50,23000.0,nM,0
CHEMBL3823914,CC(=O)N1CCC(n2nc(C)c(Nc3ncc(Cl)c(-c4cnn5ccccc45)n3)c2C)CC1,4.64,IC50,23000.0,nM,0
CHEMBL1684045,CNC(C)C1(c2ccc(Cl)c(Cl)c2)CCCCC1,4.64,IC50,23000.0,nM,0
CHEMBL3806052,N[C@H]1C[C@@H](N2Cc3nn4nccnc4c3C2)CO[C@@H]1c1cc(F)ccc1F,4.64,IC50,23000.0,nM,0
CHEMBL4559965,Cc1c(C(O)CN2CCN(CC(O)c3ccc4c(c3C)COC4=O)CC2)ccc2c1COC2=O,4.64,IC50,23000.0,nM,0
CHEMBL4445556,NC[C@H](Oc1noc2ccc(-c3ccccc3Cl)cc12)c1ccccc1,4.64,IC50,23000.0,nM,0
CHEMBL417776,CC(C)(O)c1ccc(C(Cc2cc[n+]([O-])cc2)c2ccc(OC(F)F)c(OC(F)F)c2)cn1,4.64,Ki,22700.0,nM,0
CHEMBL1834650,CS(=O)(=O)N[C@H]1CC[C@@H](N2CC(NC(=O)CNc3n[nH]c4ccc(C(F)(F)F)cc34)C2)CC1,4.64,IC50,23000.0,nM,0
CHEMBL1814154,CCc1c(C(=O)NC(C)(C)c2nnnn2C)nn(-c2ccc(Cl)cc2Cl)c1-c1ccc(Br)cc1,4.64,IC50,22700.0,nM,0
CHEMBL3814963,CC(C)Oc1cc([C@@](Cc2ccccc2)(NC[C@@H](O)CC(F)(F)F)c2cc(F)cc(OC(F)(F)C(F)F)c2)ccc1F,4.64,IC50,23000.0,nM,0
CHEMBL2380458,COc1ccc(C2(c3cccc(-c4cncnc4)c3)CCC(N)=N2)cc1,4.64,IC50,23000.0,nM,0
CHEMBL3115268,COC1COCCC1N[C@@H]1C[C@H]2CN(c3ccccc3)C[C@@]2(C(=O)N2CCc3ncc(C(F)(F)F)cc3C2)C1,4.64,IC50,22900.0,nM,0
CHEMBL2036270,CCN[C@H]1CC[C@@H](c2c[nH]c3ccc(NC(=N)c4cccs4)cc32)CC1.Cl,4.64,IC50,23000.0,nM,0
CHEMBL4751832,Cn1cc(-c2nc3c(-c4ccnc(OC5CC5)c4)cnn3cc2OCCC(C)(C)O)cn1,4.64,IC50,22800.0,nM,0
CHEMBL3359262,CC(C)n1ncc2c1C(=O)CC1(CCN(C(=O)c3ccc4[nH]ncc4c3)CC1)C2,4.64,IC50,23000.0,nM,0
CHEMBL492396,Cc1c(CNC2CCCC2)nn(-c2ncccc2Cl)c1-c1cccnc1,4.64,IC50,23000.0,nM,0
CHEMBL4164853,CO[C@H]1C[C@@H](n2c(=O)n(C)c3cnc4cc(F)c(-c5ccc(CO)nc5)cc4c32)C1,4.64,IC50,23000.0,nM,0
CHEMBL2391804,O=C(c1ccc(O)cc1OC[C@@H](O)CN1CCC2(CC1)Cc1cc(Cl)ccc1O2)N1CC[C@H](O)C1,4.64,IC50,22700.0,nM,0
CHEMBL4744727,C[C@@H](NC(=O)c1ccc(F)cc1)c1ccc2c(n1)CCCN2C(=O)c1cccc(Cl)c1,4.64,IC50,23000.0,nM,0
CHEMBL4458562,Cc1cnc(Nc2ccnn2C)nc1-c1cn2c(n1)C(=O)N(Cc1ccc(F)c(F)c1)CC2,4.64,IC50,23000.0,nM,0
CHEMBL4634634,C[C@@H]1C[C@H]1C(=O)N1CCN(c2cnc(C#N)c(-c3cnn(C)c3)n2)C[C@H]1C,4.64,IC50,23000.0,nM,0
CHEMBL2017104,CC(=O)NCCc1cc(F)ccc1-c1onc([C@H]2CNCC[C@]2(O)c2ccc(F)c(F)c2)c1Br,4.64,Ki,23000.0,nM,0
CHEMBL4764982,Cc1nnn(Cc2cc(Cl)ccc2/C=C/C(=O)N2CCN(Cc3coc(C)n3)CC2)n1,4.64,IC50,23000.0,nM,0
CHEMBL4794562,Cc1nnn(Cc2cc(C(F)(F)F)ccc2/C=C/C(=O)N2CCC(c3nnc(C)o3)CC2)n1,4.64,IC50,23000.0,nM,0
CHEMBL4440109,Cc1cnc(Nc2ccnn2C)nc1-c1cn2c(n1)C(=O)N(Cc1ccc(F)c(F)c1)[C@@H](C)C2,4.64,IC50,23000.0,nM,0
CHEMBL1916540,COc1ccc2c(C)cc(=O)n(CCN3CCC(NCc4cc5c(cn4)OCCO5)CC3)c2c1,4.64,IC50,23000.0,nM,0
CHEMBL5083403,Fc1ccc([C@]2(CCNCc3cccc(Cl)c3)CCO[C@]3(CCOC3)C2)nc1,4.64,IC50,22800.0,nM,0
CHEMBL4788866,C[C@H]1CN(C2CCN(c3nc(N)n[nH]3)CC2)[C@@H](Cc2ccc(Cl)cc2)CO1,4.64,IC50,23000.0,nM,0
CHEMBL4744190,COC(=O)c1nn(C)c2c(C)cc(Nc3nccc(-c4cc(CN(C)C)n(C)n4)n3)cc12,4.64,IC50,23000.0,nM,0
CHEMBL2409401,COCCN1CCN(c2cc3c(Nc4ccc(C)cc4F)c(C(N)=O)nnc3cc2OC)CC1,4.64,IC50,23000.0,nM,0
CHEMBL481806,CCOc1cc2ncc(C(N)=O)c(Nc3ccc(F)cc3F)c2cc1N1CCN(C)CC1,4.64,IC50,23000.0,nM,0
CHEMBL512975,Cc1ncc(-c2c(C)c(CNC3CCCC3)nn2-c2ncccc2Cl)cc1F,4.64,IC50,23000.0,nM,0
CHEMBL2024310,CCOC(=O)C1CCN(CCOc2ccc(S(N)(=O)=O)cc2)CC1,4.64,IC50,22900.0,nM,0
CHEMBL4204163,C[C@H]1C[C@H]2CSC(N)=N[C@@]2(c2nc(NC(=O)c3cnc(OC(F)F)cn3)cs2)CO1,4.63,IC50,23600.0,nM,0
CHEMBL4530290,O=C(O)C[C@H]1CC[C@@H](Oc2ccc(-c3ccc(-c4nc5cc(C(F)(F)F)cnc5[nH]4)cn3)cn2)CC1,4.63,Ki,23400.0,nM,0
CHEMBL6056805,C[C@H]1OC(=O)[C@]2(C(C)(C)C(N)=O)CC(F)(F)[C@@H](C)[C@H](/C=C/c3ccc(-c4ccccc4C#N)cn3)[C@H]12,4.63,IC50,23400.0,nM,0
CHEMBL5090580,CNC(=O)c1c(-c2ccc(O)cc2)oc2ccc(O)c(CN3CC4(CCOC4)C3)c12,4.63,IC50,23500.0,nM,0
CHEMBL2164565,CCN(CCO)C(=O)c1cc2cccnn2c1-c1cccc(C(F)(F)F)c1,4.63,IC50,23442.29,nM,0
CHEMBL3745816,CC(C)(C)c1cc(NC(=O)n2ccc3cc(Oc4ncnc5c4CNC5)ccc32)no1,4.63,IC50,23500.0,nM,0
CHEMBL5859401,C[C@H]1C[C@H]2CSC(NC(=O)c3ccccc3)=N[C@@]2(c2nc(NC(=O)c3cnc(OC(F)F)cn3)cs2)CO1,4.63,IC50,23600.0,nM,0
CHEMBL2158050,COc1ccc2ncc(F)c([C@@H](O)CC[C@@H]3CCN(CCSc4cccs4)C[C@@H]3C(=O)O)c2c1,4.63,IC50,23600.0,nM,0
CHEMBL3128201,Nc1nc2c(s1)CC[C@H]2C(=O)Nc1ccc(C[C@@H]2CC[C@H]([C@H](O)c3cccnc3)N2)cc1,4.63,IC50,23300.0,nM,0
CHEMBL575476,c1ncc(-c2cnc3nc(N4CCC(N5CCCCC5)CC4)sc3c2)cn1,4.63,IC50,23333.33,nM,0
CHEMBL2314051,COC1COCCC1N[C@@H]1C[C@H]2CCC[C@@]2(C(=O)N2CCc3ccc(F)cc3C2)C1,4.63,IC50,23500.0,nM,0
CHEMBL557329,O=C(NC1CCN(Cc2ccn(-c3ccc(C(F)(F)F)cc3)c2)CC1)N[C@H](CO)c1ccccc1,4.62,IC50,23900.0,nM,0
CHEMBL2164042,O=C(NCc1cccc(OC(F)(F)F)c1)C1c2ccccc2C(=O)N1CCc1ncc(F)cn1,4.62,IC50,24000.0,nM,0
CHEMBL1926763,COc1ccc2nccc(NC(=O)[C@]3(O)CC[C@@H](NCc4cc5c(cn4)OCCO5)CC3)c2n1,4.62,IC50,24000.0,nM,0
CHEMBL4285837,CCc1cc2nccc(Nc3n[nH]c(C)c3C)c2cc1S(=O)(=O)C(C)(C)C,4.62,IC50,23990.0,nM,0
CHEMBL5801249,NC[C@@H](c1ccc2ccccc2c1)C(O)c1ccncc1Cl,4.62,IC50,24000.0,nM,0
CHEMBL1834789,Cn1nc(NCC(=O)NC2CN([C@H]3CC[C@@H](c4cccnc4)CC3)C2)c2cc(C(F)(F)F)ccc21,4.62,IC50,24000.0,nM,0
CHEMBL3605020,N[C@H]1CO[C@H]1COc1ccc2ncc(F)c(CCC34CCC(NCc5ccc6c(n5)NC(=O)CO6)(CC3)CO4)c2n1,4.62,IC50,23900.0,nM,0
CHEMBL2024309,NS(=O)(=O)c1ccc(OCCN2CCCCC2)cc1,4.62,IC50,24000.0,nM,0
CHEMBL2181880,CO[C@H](C)C(=O)N[C@@H](Cc1ccc2c(c1)OCO2)[C@H](O)CN[C@H]1CC2(CCC2)Oc2ncc(CC(C)(C)C)cc21,4.62,IC50,23700.0,nM,0
CHEMBL4788767,CC(C)CC(=O)N1CCCc2cc(CNC(=O)c3ccsc3)ccc21,4.62,IC50,24000.0,nM,0
CHEMBL1834638,Cn1nc(NCC(=O)NC2CN([C@H]3CC[C@@H](C#N)CC3)C2)c2cc(C(F)(F)F)ccc21,4.62,IC50,24000.0,nM,0
CHEMBL3787642,COc1ccc(-c2nnc(C(=O)N3CCC(Oc4ccc(CN5CCC(O)C5)cc4)CC3)o2)cc1,4.62,IC50,24000.0,nM,0
CHEMBL3596504,COc1cccc2c1nc(N)n1nc(CN3CCN(c4cccc(F)c4)C[C@H]3C)nc21,4.62,IC50,23830.0,nM,0
CHEMBL4216273,Cn1cnc(-c2cnc(O[C@H]3CCN(C(=O)Cc4ccc(OC(F)(F)F)cc4)C[C@@H]3F)c(C(N)=O)c2)c1,4.62,IC50,24000.0,nM,0
CHEMBL3115272,COC1COCCC1N[C@@H]1C[C@H]2CN(C(=O)/C=C/c3ccccc3)C[C@@]2(C(=O)N2CCc3ncc(C(F)(F)F)cc3C2)C1,4.62,IC50,24100.0,nM,0
CHEMBL4783261,C[C@H](Oc1cc2cc(C(N)=O)ccc2nc1N)c1cc(F)ccc1-n1cccn1,4.62,Ki,24000.0,nM,0
CHEMBL216959,O=C1CN(CCc2ccc(F)cc2)CCN1[C@H]1CCc2cc(CN3CCS(=O)(=O)CC3)ccc2C1,4.62,IC50,24000.0,nM,0
CHEMBL2203841,CNc1cc(Nc2cnc(C#N)c(O[C@@H]3CCN(C)C3)n2)ncc1-c1cnn(C)c1,4.62,IC50,24000.0,nM,0
CHEMBL3824296,Cc1nn(C2CCNCC2)c(C)c1Nc1ncc(Cl)c(-c2cnn3ccccc23)n1,4.62,IC50,24000.0,nM,0
CHEMBL231315,COc1c(N2CC[C@@H](CN)C2)c(F)cc2c(=O)c(C(=O)O)cn(C3CC3)c12,4.62,Ki,24000.0,nM,0
CHEMBL4062498,COCC(=O)N1CCO[C@@H](c2nc(-c3ccc(C(=O)Nc4cc(C(F)(F)F)ccn4)cc3F)c3c(N)nccn23)C1,4.62,IC50,24000.0,nM,0
CHEMBL4643449,CC(C)c1cc(COc2ccccc2CC(=O)O)cc(-c2ccc3c(c2)[C@H](N)CO3)c1,4.62,IC50,24000.0,nM,0
CHEMBL4213196,CCc1nn2c(C)cc(C)nc2c1Cc1ccc(CCCC2(O)CCNCC2)cc1,4.62,IC50,24000.0,nM,0
CHEMBL3422010,Cc1nc(-c2nnc3n2CCN(C(=O)c2ccc(-c4cccs4)cc2)[C@@H]3C)cs1,4.62,IC50,24000.0,nM,0
CHEMBL2029417,Cc1ccc([C@]2(O)CC[C@H](N[C@H]3CCN(C(=O)CNC(=O)c4cccc(C(F)(F)F)c4)C3)CC2)nc1,4.62,IC50,24000.0,nM,0
CHEMBL1923108,COCCCc1cc(CN(C(=O)[C@H]2CNCC[C@@]23OCCc2ccccc23)C2CC2)cc(OCCOC)c1,4.62,Ki,24000.0,nM,0
CHEMBL2204260,O=C(CNC(=O)c1cccc(C(F)(F)F)c1)NC1CN([C@H]2CC[C@@](O)(c3ccns3)CC2)C1,4.62,IC50,24000.0,nM,0
CHEMBL3622956,Cc1nn(-c2ccnc(Nc3ccc4c(c3)c(Cl)c(C)n4C)n2)cc1CN1CC(O)C1,4.62,IC50,24200.0,nM,0
CHEMBL1822446,CCNC1(CNC(=O)N2CCC(c3nc(-c4ccc5ccccc5n4)no3)CC2)CCCC1,4.62,IC50,24000.0,nM,0
CHEMBL4217549,C[C@H](Nc1c(C(N)=O)nnc2ccc(-c3ccc(OCCCN(C)C)nc3)cc12)C1CCOCC1,4.62,IC50,24000.0,nM,0
CHEMBL2086582,COc1ccc(-c2cc(NC(=O)CCCCN3CCCN(C(C)=O)CC3)[nH]n2)cc1,4.62,IC50,24200.0,nM,0
CHEMBL4749269,C[C@@H]1Cc2c(ccc3[nH]ncc23)[C@@H](c2ccc(NC3CN(CCCF)C3)cn2)N1CC(C)(F)F,4.62,IC50,24000.0,nM,0
CHEMBL2336323,CNC(=O)c1cc(-c2ccc3c(N4CCOC[C@@H]4C)nc(N4CCOC[C@@H]4C)nc3n2)ccc1OC(F)F,4.62,IC50,24200.0,nM,0
CHEMBL4100106,CCOC(=O)C1=C(CN2CCOC[C@H]2CO)NC(c2nccs2)=N[C@H]1c1ccc(F)cc1Br,4.62,IC50,24200.0,nM,0
CHEMBL3785621,COc1ccc2c(c1C)C(=O)N(Cc1ccccc1-c1ccccc1)C2C(=O)NC(C)(C)C,4.62,IC50,24000.0,nM,0
CHEMBL1923111,COCCCc1cc(CN(C(=O)[C@H]2CNCC[C@@]23OCc2cc(F)c(F)cc23)C2CC2)cc(OCCOC)c1,4.62,Ki,24000.0,nM,0
CHEMBL518155,O=C1OCCN1C1CCN(Cc2ccc(Oc3nc4ccccc4s3)cc2)CC1,4.62,IC50,24000.0,nM,0
CHEMBL4175071,CO[C@H]1C[C@@H](n2c(=O)n(C)c3cnc4cc(F)c(-c5ccc(NCCN(C)C)nc5)cc4c32)C1,4.62,IC50,24000.0,nM,0
CHEMBL458242,COc1cncc(-c2cc(NC(C)=O)nc(-n3nc(C)cc3C)n2)c1,4.62,IC50,24000.0,nM,0
CHEMBL4563993,COCc1ccc(-c2cc3c(N[C@@H](C)c4ccn(C)n4)c(C(N)=O)cnc3cc2F)c(F)n1,4.62,IC50,24000.0,nM,0
CHEMBL3785774,COc1cc2c(cc1Nc1ncc(Cl)c(Nc3ccccc3S(=O)(=O)C(C)C)n1)CC/C(=N\N1CCN(C)CC1)C2(C)C,4.62,IC50,24000.0,nM,0
CHEMBL4209441,Cn1cc(Nc2nc(N)nc(-c3cccc(-n4ccc5cc(C6CC6)cc(F)c5c4=O)c3CO)n2)cn1,4.62,IC50,24000.0,nM,0
CHEMBL1779535,CC(=O)N1CCN2CCCc3c(C)c4c(n3-c3ccc(C(N)=O)c(c3)NC[C@H]2C1)CC(C)(C)CC4=O,4.61,IC50,24400.0,nM,0
CHEMBL476954,CC(C)C(=O)N(Cc1cccc(Cl)c1Cl)[C@H]1CCNC1,4.61,IC50,24700.0,nM,0
CHEMBL3605018,N[C@H]1CO[C@@H]1COc1ccc2ncc(F)c(CCC34CCC(NCc5ccc6c(n5)NC(=O)CO6)(CC3)CO4)c2n1,4.61,IC50,24400.0,nM,0
CHEMBL4597874,CC(C)N1CCN(c2ccc(/C(=C(/CCCO)c3ccccc3)c3cccc(O)c3)cc2)CC1,4.61,IC50,24600.0,nM,0
CHEMBL2403842,Cc1cc(Nc2ncc(Cl)c(Nc3ccccc3S(=O)(=O)C(C)C)n2)c(OC(C)C)cc1C1CCN(C(=O)CN(C)C)CC1,4.61,IC50,24500.0,nM,0
CHEMBL2180014,CC#Cc1cncc(-c2cc(C3(C4CC4)N=C(C)C(N)=N3)ccc2O)c1,4.61,IC50,24500.0,nM,0
CHEMBL3400822,CO[C@]1(CC23CCC(NCc4ccc5c(n4)NC(=O)CO5)(CC2)CO3)Cn2c(=O)ccc3ncc(F)c1c32,4.61,IC50,24500.0,nM,0
CHEMBL4469712,Cc1nccnc1N(C(=O)N1CCC(c2ccccc2)CC1)[C@@H]1CCCNC1,4.61,Ki,24800.0,nM,0
CHEMBL4451327,CC(C)N1CCN(c2ccc(/C(=C(/CCCO)c3ccccc3)c3cccc(O)c3)cc2)CC1.Cl.Cl,4.61,IC50,24600.0,nM,0
CHEMBL1824037,O=C1COc2ccc(CNC3CCN(CCN4C(=O)COc5ccc([N+](=O)[O-])cc54)CC3)nc2N1,4.61,IC50,24300.0,nM,0
CHEMBL3596518,COc1cccc2c1nc(N)n1nc(CN3CCN(c4nsnc4Cl)C[C@H]3C)nc21,4.61,IC50,24330.0,nM,0
CHEMBL2164887,N#Cc1cccc(-c2c(C(=O)N3CCCCC3CO)cc3ccccn23)c1,4.61,IC50,24547.09,nM,0
CHEMBL4174476,Cc1ccc2[nH]c(C(=O)N[C@H]3Cc4ccccc4[C@H]3NC(=O)CCN(C)C)cc2c1,4.6,IC50,25118.86,nM,0
CHEMBL4441173,CS(=O)(=O)c1cc(-c2ccccc2)cc(S(=O)(=O)c2ccc(CN)s2)c1,4.6,IC50,25000.0,nM,0
CHEMBL562926,O=C(NC1CCc2ccccc2CC1)N1CCC(c2nc(-c3ccccn3)no2)CC1,4.6,IC50,25000.0,nM,0
CHEMBL4632663,NC(=O)[C@@H]1CC[C@H](c2cccc(OCc3ccccc3)c2)N1,4.6,IC50,25118.86,nM,0
CHEMBL257534,Cc1ncoc1-c1nnc(SCCCN2CCc3cc4c(cc3CC2)N(C)C(=O)CO4)n1C,4.6,IC50,25118.86,nM,0
CHEMBL4466173,CC1(c2ccc(C#N)cc2)NC(=O)N(CC(=O)c2ccc(F)cc2F)C1=O,4.6,IC50,25118.86,nM,0
CHEMBL1951906,CCN(C(=O)Cc1ccc(S(C)(=O)=O)cc1)C1CCN(CC[C@@H](c2ccccc2)C2CCN(S(C)(=O)=O)CC2)CC1,4.6,IC50,25000.0,nM,0
CHEMBL1835070,Cc1ccc(Nc2nc(N[C@@H]3CCCC[C@@H]3N)ncc2C(N)=O)cc1,4.6,IC50,25118.86,nM,0
CHEMBL4215476,Cc1c[nH]c2ncnc(O[C@H]3CC[C@H](N4CCO[C@@H](C)C4)CC3)c12,4.6,IC50,25118.86,nM,0
CHEMBL1834797,Cc1ncc([C@H]2CC[C@@H](N3CC(NC(=O)CNc4nn(C)c5ccc(C(F)(F)F)cc45)C3)CC2)s1,4.6,IC50,25000.0,nM,0
CHEMBL2333648,FC(F)(F)c1cc(Cl)cc(COCC2(c3ccccc3)CCNCC2)n1,4.6,IC50,25000.0,nM,0
CHEMBL38380,O=S(=O)(c1cccc2cnccc12)N1CCCNCC1,4.6,Ki,25118.86,nM,0
CHEMBL385710,CN(C)C(=O)C(CO)N(C)Cc1ccc2c(c1)CC[C@H](N1CCN(CCc3ccc(F)cc3)CC1=O)C2,4.6,IC50,25000.0,nM,0
CHEMBL4128782,CO/N=C1\CC[C@@]2(C)[C@@H](C1)C[C@@H](N1CCC[C@@H](N)C1)[C@@H]2Oc1ccc(C#N)cc1,4.6,IC50,25000.0,nM,0
CHEMBL4860105,Cc1c(N2CC[C@@H]([C@H](C)N)C2)c(F)cc2cc(O)c(=O)n(C3CC3)c12,4.6,IC50,25000.0,nM,0
CHEMBL4528289,CN(C)c1ccc(-c2cc3nccnc3c(NC[C@H]3CCCNC3)n2)cn1,4.6,IC50,25118.86,nM,0
CHEMBL473479,Nc1ccc(-c2cccs2)cc1NC(=O)c1ccc(C(=O)N2CCC3(CCCN3)CC2)cc1,4.6,IC50,25090.0,nM,0
CHEMBL4240155,Cc1cc(-c2cccc([C@H](CC(=O)O)CN3CC[C@@H](CCc4ccc5c(n4)NCCC5)C3)c2)[nH]n1,4.6,IC50,25118.86,nM,0
CHEMBL4649796,NC(=O)[C@@H]1CSC[C@H](c2ccc(OCc3cccc(F)c3)cc2)N1,4.6,IC50,25118.86,nM,0
CHEMBL4447180,Cn1cc(NC(=O)c2cccc(-c3ccnc(N)c3)n2)c(C(N)=O)n1,4.6,IC50,25000.0,nM,0
CHEMBL2146599,Cc1ccc2[nH]c(=O)n(C3CCN(C4CCOCC4)CC3)c2c1,4.6,IC50,25118.86,nM,0
CHEMBL2382287,COc1ccc2nccc([C@@H](O)CC[C@@H]3CCN(C4CC(c5ccccc5)C4)C[C@@H]3C(=O)O)c2c1,4.6,IC50,24900.0,nM,0
CHEMBL4591121,CC(C)c1ccc(-c2cc(CN3CCN(c4ccccn4)CC3)nn2-c2ccc(F)cc2)cc1,4.6,IC50,25100.0,nM,0
CHEMBL2163364,COc1ccc2ncc(=O)n(CCN3CC[C@H](NCc4ccc5c(n4)NC(=O)CO5)[C@H](F)C3)c2c1,4.6,IC50,25000.0,nM,0
CHEMBL1777855,CC#CC(CC(=O)O)c1ccc(Oc2ccc(C(F)(F)F)cc2OC(F)F)cc1F,4.6,IC50,25000.0,nM,0
CHEMBL2204248,COc1ccc([C@]2(O)CC[C@H](N3CC(NC(=O)CNC(=O)c4cccc(C(F)(F)F)c4)C3)CC2)nc1,4.6,IC50,25000.0,nM,0
CHEMBL1784466,Cc1nc2ccccc2n1C1CC2CCC(C1)N2CCC1(c2ccccc2)CCN(C(=O)C(C)(C)C(=O)NS(C)(=O)=O)CC1,4.6,IC50,25118.86,nM,0
CHEMBL4243367,Cc1ccnn1-c1cccc([C@H](CC(=O)O)CN2CC[C@@H](CCc3ccc4c(n3)NCCC4)C2)c1,4.6,IC50,25118.86,nM,0
CHEMBL2337725,COc1cc(N2Cc3ccc(Sc4ccc(F)cc4)nc3C2=O)ccc1OCCN1CCCC1,4.6,IC50,25000.0,nM,0
CHEMBL5871057,C[C@H](CCc1ccc(O)c(OC(C)(C)C)c1)N1Cc2cccc(F)c2C1,4.6,IC50,25000.0,nM,0
CHEMBL1951896,CCN(C(=O)Cc1ccc(S(C)(=O)=O)cc1)C1CCN(CCC(c2ccccc2)N2CCN(S(C)(=O)=O)CC2)CC1,4.6,IC50,25000.0,nM,0
CHEMBL2158820,O=C(O)[C@H](c1ccccc1)N1CCC(CN2CCC(Oc3ccc(Cl)c(Cl)c3)CC2)CC1,4.6,IC50,25118.86,nM,0
CHEMBL4102140,N#C[C@H]1CCOC[C@@H]1n1cc(C(N)=O)c(Nc2ccc(OC(F)F)cc2)n1,4.6,IC50,25000.0,nM,0
CHEMBL3262624,N[C@H]1COCC[C@H]1Nc1cc2cc[nH]c(=O)c2c(Nc2cccc3cc[nH]c23)n1,4.6,IC50,24900.0,nM,0
CHEMBL2158814,Cc1ccc(S(=O)(=O)NC(=O)N2CCC(N3CCC(Oc4ccc(Cl)c(Cl)c4)CC3)CC2)cc1,4.6,IC50,25118.86,nM,0
CHEMBL4561098,Cn1cc(-c2cc3nccnc3c(OCC3CNCCC3(F)F)n2)cn1,4.6,IC50,25118.86,nM,0
CHEMBL4761729,Cc1ncn(C2CCN(C(=O)/C=C/c3ccc(C(F)(F)F)cc3Cn3nnc(C)n3)CC2)n1,4.6,IC50,25000.0,nM,0
CHEMBL4107668,Cc1cccc(-c2nnc3n2CCN(C(=O)c2ccc(-c4ccccc4)cc2)[C@@H]3C)n1,4.6,IC50,25000.0,nM,0
CHEMBL4753859,Cc1nnn(Cc2cc(C(F)(F)F)ccc2/C=C/C(=O)N2CCC(C#N)CC2)n1,4.6,IC50,25000.0,nM,0
CHEMBL5851134,CCNC(=O)CO[C@H](c1ccccc1)[C@H](CNC)c1ccc2ccccc2c1,4.6,IC50,25000.0,nM,0
CHEMBL1835999,CN(C(=O)c1ccc(-n2cccn2)cc1)[C@@H]1CCN(C2CCC2)C1,4.6,IC50,25000.0,nM,0
CHEMBL4088425,COc1ccc(/C=C/C(=O)N2CCN(c3ccc(C(=O)Nc4ccccc4N)cc3)CC2)cc1,4.6,IC50,25100.0,nM,0
CHEMBL2147316,COc1cnc(-c2ccccc2C(F)(F)CNC(=O)c2ccc(COCC(F)(F)F)nc2)cn1,4.6,IC50,25118.86,nM,0
CHEMBL4079869,COc1ccc2ncc(F)c([C@@H](O)CC[C@@H]3CCN(C4CC(c5cccc(F)c5F)C4)C[C@@H]3C(=O)O)c2c1,4.6,IC50,25000.0,nM,0
CHEMBL4783395,C[C@@H](NC(=O)c1ccc(F)cc1)c1ccc2c(n1)CCCN2c1ccnc(C(F)(F)F)n1,4.6,IC50,25000.0,nM,0
CHEMBL4439328,Cn1cc(-c2cc3nccnc3c(NC[C@@H]3CNCCC3(F)F)n2)cn1,4.6,IC50,25118.86,nM,0
CHEMBL78806,CC(C)(O)c1ccc(C(Cc2cc[n+]([O-])cc2)c2ccc(OC(F)F)c(OC3CCC3)c2)cn1,4.6,Ki,25000.0,nM,0
CHEMBL6017561,CNC[C@H](c1ccc2ccccc2c1)[C@H](O)c1cccnc1,4.6,IC50,25000.0,nM,0
CHEMBL3289798,Nc1nc(-c2ccc(F)cc2)cn1CC(O)c1ccc(C(F)(F)F)cc1Cl,4.6,IC50,25000.0,nM,0
CHEMBL4526150,Cc1ccc(-c2cc3ncn(C)c(=O)c3c(NC[C@H]3CCCNC3)n2)cc1,4.6,IC50,25118.86,nM,0
CHEMBL6024057,CNC[C@@H](c1ccc2ccccc2c1)[C@@H](O)c1cccnc1,4.6,IC50,25000.0,nM,0
CHEMBL2158816,O=C(O)C(c1ccccc1)N1CCCC(CN2CCC(Oc3ccc(Cl)c(Cl)c3)CC2)C1,4.6,IC50,25118.86,nM,0
CHEMBL2023918,O=C(Nc1ccc(-c2nnc(NCCCN3CCCCC3)o2)cc1)C1CCCC1,4.6,IC50,25118.86,nM,0
CHEMBL564840,Cl.O=c1n(C[C@@H](O)CO)c2ccccc2n1C1CCN(C[C@H]2[C@H]3CC[C@H](C3)C23CC3)CC1,4.6,IC50,25000.0,nM,0
CHEMBL2023922,CCc1cc(-c2nnc(NCCCN3CCCCC3)o2)ccc1NC(=O)c1ccccc1F,4.6,IC50,25118.86,nM,0
CHEMBL1829631,CN(C)c1cccc([C@]2(O)CC[C@@H](N3CC(NC(=O)CNC(=O)c4cccc(C(F)(F)F)c4)C3)CC2)c1,4.6,IC50,25000.0,nM,0
CHEMBL3955498,CN(C)CC(C)(O)CNc1cc(NC(=O)N2CCCc3cc(CO)c(C=O)nc32)ncc1C#N,4.6,IC50,25000.0,nM,0
CHEMBL4289922,CCOc1cc(CN2CCC3(CC2)NC(=O)NC3=O)cc(OCC)c1-c1ccc(F)cc1,4.6,IC50,25000.0,nM,0
CHEMBL3221497,CC(C)OC[C@H](Oc1ncnc2c1cnn2-c1ccccc1Cl)C(=O)Nc1ccc(F)cn1,4.6,IC50,25118.86,nM,0
CHEMBL1957012,Cc1nc2cnc(Oc3cccc4cccnc34)cc2c(=O)n1C[C@H]1CCCN(C(C)C)C1,4.6,IC50,25100.0,nM,0
CHEMBL202788,CC(C)(C)[C@H](NC(=O)OCCO)C(=O)N1CC(c2cc(F)ccc2F)=C[C@H]1c1ccccc1,4.6,IC50,25000.0,nM,0
CHEMBL2152523,c1ccc([C@H]([C@@H](c2ccccc2)N2CCCCC2)N2CCCCC2)cc1,4.6,IC50,25118.86,nM,0
CHEMBL4207309,CCc1nn2c(C)cc(C)nc2c1Cc1ccc(/C=C/CN2CCNCC2=O)cc1,4.6,IC50,25000.0,nM,0
CHEMBL1834641,Cn1nc(NCC(=O)NC2CN([C@H]3CC[C@@H](C(=O)O)CC3)C2)c2cc(C(F)(F)F)ccc21,4.6,IC50,25000.0,nM,0
CHEMBL2022735,O=C(Nc1ccc(-c2nnc(NCCCCN3CCCCC3)o2)cc1)C1CCCCC1,4.6,IC50,25118.86,nM,0
CHEMBL1926762,COc1ccc2nccc(NC(=O)[C@H]3CC[C@H](NCc4ccc5c(c4)OCCO5)CC3)c2c1,4.6,IC50,25000.0,nM,0
CHEMBL3221529,O=C(Nc1ccc(F)cn1)[C@H](CN1CC(O)C1)Oc1ncnc2c1cnn2-c1c(F)cccc1Cl,4.6,IC50,25118.86,nM,0
CHEMBL1926765,COc1ccc2nccc(NC(=O)[C@]3(O)CC[C@@H](NCc4ccc5c(c4)OCCO5)CC3)c2n1,4.6,IC50,25000.0,nM,0
CHEMBL3787028,COc1ccc(-c2nnc(C(=O)N3CC(Oc4ccc(CN5CCCOCC5)cc4)C3)o2)cc1,4.6,IC50,25000.0,nM,0
CHEMBL239300,C[C@H]1CCCN1CCCOc1ccc(N2CCN(C(=O)c3ccc(F)cc3)CC2=O)cc1.O=CO,4.6,IC50,25118.86,nM,0
CHEMBL3786609,COc1ccc(-c2nnc(C(=O)N3CCC(Oc4ccc(CN5CCCC5)nc4)CC3)o2)cc1,4.6,IC50,25000.0,nM,0
CHEMBL386717,CC(=O)N1CCN(Cc2ccc3c(c2)CC[C@H](N2CCN(CCc4ccc(F)cc4)CC2=O)C3)CC1,4.6,IC50,25000.0,nM,0
CHEMBL4638413,CNC(=O)[C@@H]1CC[C@H](c2ccc(OCc3ccccc3F)cc2)N1,4.6,IC50,25118.86,nM,0
CHEMBL1924024,COc1cc(C(=O)NCCN2CCCC2)ccc1Oc1ccc(Cl)cc1NS(=O)(=O)c1ccc(Cl)c(C(F)(F)F)c1,4.6,IC50,25118.86,nM,0
CHEMBL3393730,COC(=O)N[C@H](C(=O)N1C[C@@H](C)C[C@H]1c1ncc(-c2ccc(-c3ccc(-c4cc5[nH]c([C@@H]6C[C@H](C)CN6C(=O)[C@@H](NC(=O)OC)C(C)C)nc5s4)s3)cc2)[nH]1)C(C)C,4.6,IC50,25100.0,nM,0
CHEMBL384111,O=C(NC1CCN(C2CCc3cc4oc(=O)[nH]c4cc32)CC1)c1cc(=O)c2ccc(F)cc2o1,4.6,IC50,25000.0,nM,0
CHEMBL1834782,CCOC(=O)[C@H]1CC[C@@H](N2CC(NC(=O)CNc3nn(S(C)(=O)=O)c4ccc(C(F)(F)F)cc34)C2)CC1,4.6,IC50,25000.0,nM,0
CHEMBL554914,O=C1N(CCN2Cc3ccccc3C2)CCN1Cc1ccccc1,4.6,IC50,25118.86,nM,0
CHEMBL4855182,COc1ccc(-c2ccc(C(=O)O)cc2C)cc1-c1cnc(N(C)C)nc1CN1C(=O)O[C@H](c2cc(F)cc(C(F)(F)F)c2)[C@@H]1C,4.6,IC50,25000.0,nM,0
CHEMBL2069410,COc1ncc(-c2cccc3c2C[C@H](NC(=O)c2ccc(OCC(F)(F)F)nc2)CO3)cc1F,4.6,IC50,25118.86,nM,0
CHEMBL2069408,O=C(N[C@@H]1COc2cccc(-c3cccnc3)c2C1)c1ccc(OCC(F)(F)F)nc1,4.6,IC50,25118.86,nM,0
CHEMBL3920038,Cc1c([C@H]2CN3CCN(C(=O)Cc4cnc(-n5cnnn5)nc4)C[C@H]3CO2)ccc(F)c1C#N,4.6,IC50,25200.0,nM,0
CHEMBL217435,O=C(NC1CCN(Cc2ccc3oc(=O)[nH]c3c2)CC1)c1cc(=O)c2ccc(F)cc2o1,4.6,IC50,25000.0,nM,0
CHEMBL1950488,CCS(=O)(=O)n1c2c(c3cc(C(=O)N4CCC(C)CC4)ccc31)CN(C1CCOC1)CC2,4.6,IC50,25000.0,nM,0
CHEMBL1784464,Cc1nc2ccccc2n1C1CC2CCC(C1)N2CCC1(c2ccccc2)CCN(C(=O)c2cccc(C(N)=O)c2)CC1,4.6,IC50,25118.86,nM,0
CHEMBL5086642,O=C1c2nc3cccc(C(F)(F)F)c3n2CCN1CC1CCC1,4.6,IC50,25000.0,nM,0
CHEMBL1289047,Cc1ccc2c(N3CCN(CCc4c(C)ccc5[nH]c(=O)ccc45)CC3)cccc2n1,4.6,Ki,25118.86,nM,0
CHEMBL559920,COc1cccc(N2CCN(CCN3CCC(C(F)(F)F)CC3)C2=O)c1,4.6,IC50,25118.86,nM,0
CHEMBL2070943,N#CC1(NC(=O)[C@@H]2CCCC[C@H]2C(=O)N2CCN(c3nc(C(F)(F)F)cs3)CC2)CC1,4.6,IC50,25118.86,nM,0
CHEMBL3329813,CC(C(=O)O)c1ccc(CN2CCC(COC(=O)c3c4n(c5ccccc35)CCCO4)CC2)cc1,4.6,IC50,25000.0,nM,0
CHEMBL2069324,N#CC1(NC(=O)[C@@H]2CCCC[C@H]2C(=O)N2CCN(c3nc(-c4ccccc4)cs3)CC2)CC1,4.6,IC50,25118.86,nM,0
CHEMBL2333640,CN1CCC(COCc2cc(C(F)(F)F)cc(Cl)n2)(c2ccccc2)CC1,4.6,IC50,25000.0,nM,0
CHEMBL2070945,N#CC1(NC(=O)[C@@H]2CCCC[C@H]2C(=O)N2CCN(c3nc(C(F)(F)F)c(Cl)s3)CC2)CC1,4.6,IC50,25118.86,nM,0
CHEMBL2158769,N#Cc1ccccc1C[C@@H](C(=O)O)N1CCC(CN2CCC(Oc3ccc(Cl)c(Cl)c3)CC2)CC1,4.6,IC50,25118.86,nM,0
CHEMBL1784475,Cc1nc2ccccc2n1C1CC2CCC(C1)N2CCC1(c2ccccc2)CCN(C(=O)c2ccc(S(N)(=O)=O)cc2)CC1,4.6,IC50,25118.86,nM,0
CHEMBL402011,C[C@@H](Oc1cccc2ncnc(Nc3ccc4c(cnn4Cc4ccccn4)c3)c12)C(=O)N(C)C,4.6,IC50,25000.0,nM,0
CHEMBL392354,O=C(c1ccc(F)cc1F)N1CCN(c2ccc(OC3CCN(C4CCCC4)CC3)cc2)C(=O)C1.O=CO,4.6,IC50,25118.86,nM,0
CHEMBL2420703,Cn1cc(-c2ccnc3c2OCCNC3)c(-c2ccc(F)cc2)n1,4.59,IC50,25700.0,nM,0
CHEMBL3814374,CC(C)Oc1cc([C@@](Cc2ccccc2)(NC[C@H](O)CC(F)(F)F)c2cc(F)cc(OC(F)(F)C(F)F)c2)ccc1F,4.59,IC50,25600.0,nM,0
CHEMBL3918816,CCC#CC[C@H](C)[C@H](O)/C=C/[C@H]1CC(F)(F)C(=O)N1CCCCCCC(=O)O,4.59,IC50,25900.0,nM,0
CHEMBL2315937,Cc1nc(NCC(=O)NC2CN([C@H]3CC[C@@](O)(c4cncs4)CC3)C2)c2cc(C(F)(F)F)ccc2n1,4.59,IC50,25700.0,nM,0
CHEMBL4445827,C[S+]([O-])c1ccc(-c2cnc3ccc(NC4CCN(S(C)(=O)=O)CC4)nn23)cc1,4.59,IC50,25900.0,nM,0
CHEMBL6055830,COc1ncccc1-c1ccc(/C=C/[C@@H]2[C@@H]3[C@@H](C)OC(=O)[C@]3(CC(N)=O)CC(F)(F)[C@H]2C)nc1,4.59,IC50,25900.0,nM,0
CHEMBL2314061,O=C(N1CCc2ncc(C(F)(F)F)cc2C1)[C@@]12CCC[C@@H]1C[C@@H](NC1CCOCC1)C2,4.59,IC50,25700.0,nM,0
CHEMBL1090877,Cc1ccc(OC(=O)N(CC(=O)O)Cc2cccc(OCc3nc(-c4ccc(C)cc4)oc3C)c2)cc1,4.59,IC50,25900.0,nM,0
CHEMBL3582334,Cn1cc([C@@]2(c3nn(C)c(=O)o3)N[C@@H](c3nc(-c4ccc(F)cn4)c[nH]3)Cc3c2[nH]c2ccccc32)cn1,4.59,IC50,25800.0,nM,0
CHEMBL4469452,O=C(O)C[C@H]1CC[C@H](OC2CCN(c3ccc(-c4nc5ccccc5[nH]4)cn3)CC2)CC1,4.59,Ki,25700.0,nM,0
CHEMBL563005,O=C(NC1CCN(Cc2ccn(-c3ccc(C(F)(F)F)cc3)c2)CC1)N[C@@H](CO)c1ccccc1,4.59,IC50,25800.0,nM,0
CHEMBL3425798,O=C1CSc2ccc(CNC34CCC(C[C@]5(O)Cn6c(=O)ccc7ncc(F)c5c76)(CC3)OC4)nc2N1,4.59,IC50,25700.0,nM,0
CHEMBL3596507,COc1cccc2c1nc(N)n1nc(CN3CCN(c4ccccn4)C[C@H]3C)nc21,4.59,IC50,25460.0,nM,0
CHEMBL3605000,CCOC(=O)C(F)(F)CCOc1ccc2ncc(F)c(CCC34CCC(NCc5ccc6c(n5)NC(=O)CO6)(CC3)CO4)c2n1,4.59,IC50,25400.0,nM,0
CHEMBL4208555,O=C(NC[C@@H](Cc1ccccc1)N1CCC(O)(C(F)(F)F)CC1)C1(c2ccc(Cl)cc2)CCCC1,4.59,Ki,25700.0,nM,0
CHEMBL3647849,N#C[C@H]1C[C@@H](O)CC[C@@H]1n1cc(C(N)=O)c(Nc2ccc(Cl)cc2)n1,4.58,IC50,26000.0,nM,0
CHEMBL2333633,CC(C)c1cc(C(F)(F)F)cc(COCC2(c3ccc(F)cc3)CCN(C)CC2)n1,4.58,IC50,26000.0,nM,0
CHEMBL4471825,CN(Cc1cccc(F)c1CNc1cc(F)c(S(=O)(=O)Nc2cscn2)c(F)c1)C(C)(C)C,4.58,IC50,26300.0,nM,0
CHEMBL3787261,COc1ccc(-c2nnc(C(=O)N3CC(Oc4ccc(CN5CCC(C)(O)C5)cc4)C3)o2)cc1,4.58,IC50,26000.0,nM,0
CHEMBL52348,CCCc1cn(-c2ccc(F)cc2)c2ccc(Cl)cc12,4.58,IC50,26000.0,nM,0
CHEMBL2206791,COCC[C@H](Oc1ncnc2c1cnn2-c1ccccc1C(F)(F)F)C(=O)Nc1ccc(C)cn1,4.58,IC50,26000.0,nM,0
CHEMBL3895053,C[C@]1(O)CC[C@H](Nc2ccc3ncc(-c4cccc(OC(F)(F)F)c4)n3n2)CC1,4.58,IC50,26000.0,nM,0
CHEMBL4793954,CC(C)(O)C#Cc1cnc(Nc2cnc(C#N)cn2)cc1NC[C@@H]1CNCCO1,4.58,IC50,26000.0,nM,0
CHEMBL2326685,Cc1cc(C2CC=CCNC2)ccc1Cl,4.58,IC50,26000.0,nM,0
CHEMBL3808653,CC(C)(C)c1cc(NC(=O)n2ccc3nc(Oc4ncnc5c4CNC5)ccc32)no1,4.58,IC50,26000.0,nM,0
CHEMBL230984,N[C@H]1CN(c2ccncn2)CC[C@@H]1c1cc(F)c(F)cc1F.O=C(O)C(F)(F)F,4.58,IC50,26100.0,nM,0
CHEMBL2326684,Cc1cc(C2CC=CCN(C)C2)ccc1Cl,4.58,IC50,26000.0,nM,0
CHEMBL5753572,COc1cc(CC[C@@H](C)N2Cc3cccc(S(C)(=O)=O)c3C2)ccc1O,4.58,IC50,26000.0,nM,0
CHEMBL4846092,CC(C)(C)Oc1cc(CCC(C)(C)N2Cc3ccc(S(C)(=O)=O)cc3C2)ccc1O,4.58,IC50,26000.0,nM,0
CHEMBL2029569,O=C(C1CCN(c2nccc(C(F)(F)F)n2)CC1)N1CC[C@H](N[C@H]2CC[C@@](O)(c3ccc(-c4ncccn4)cn3)CC2)C1,4.58,IC50,26000.0,nM,0
CHEMBL4789115,Cc1ccc(NC(=O)c2cccc(C(F)(F)F)c2)cc1C#Cc1nn([C@H]2CC[C@H](O)CC2)c2ncnc(N)c12,4.58,IC50,26420.0,nM,0
CHEMBL3422012,Cc1nc(-c2nnc3n2CCN(C(=O)c2ccc(-c4cccs4)cc2)C3)cs1,4.58,IC50,26000.0,nM,0
CHEMBL2024389,CC(C)NC(=O)NS(=O)(=O)c1ccc(OCCN2CCCCC2)cc1,4.58,IC50,26100.0,nM,0
CHEMBL3785865,Cc1c(O)ccc2c1C(=O)N(Cc1ccccc1-c1ccccc1)C2C(=O)NC(C)(C)C,4.58,IC50,26000.0,nM,0
CHEMBL3794101,O=C1OCc2nc(CCN3CCN(C(=O)Cc4ccc(-n5cnnn5)cc4)CC3)ccc21,4.58,IC50,26000.0,nM,0
CHEMBL276559,CC(C)(O)c1ccc(C(Cc2cc[n+]([O-])cc2)c2ccc(OC(F)F)c(OC3CC3)c2)cn1,4.58,Ki,26400.0,nM,0
CHEMBL4460621,COc1ccc(-c2ccc3ncnc(-c4cncc(C(=O)N5CCN(C)CC5)c4)c3c2)cn1,4.58,IC50,26000.0,nM,0
CHEMBL2441424,O=C1OCc2cc(CCN3CCN(C(=O)Cc4ccc(-n5cnnn5)cc4)CC3)c(F)cc21,4.58,IC50,26000.0,nM,0
CHEMBL4208229,O=C(Nc1ccc(OC(F)(F)Cl)cc1)c1cnc(N2CC[C@@H](O)C2)c(-c2cc[nH]n2)c1,4.58,IC50,26000.0,nM,0
CHEMBL3290339,Cc1ncc(CNC2CCN(CCn3c(=O)ccc4ccc(C#N)cc43)CC2)cc1C#N,4.58,IC50,26000.0,nM,0
CHEMBL1683443,C[C@@H](C[C@@H](CS(=O)(=O)N1CCN(c2ccc(F)cc2)CC1)N(O)C=O)c1ncc(F)cn1,4.58,IC50,26000.0,nM,0
CHEMBL4097019,CCOc1cc(C(=O)Nc2cc(C(F)(F)F)ccn2)ccc1-c1nc(C23CCC(C(=O)O)(CC2)CC3)n2ccnc(N)c12,4.58,IC50,26000.0,nM,0
CHEMBL2069922,CN(Cc1nc2ccccc2c(=O)[nH]1)Cc1nc(-c2ccccc2)no1,4.58,IC50,26200.0,nM,0
CHEMBL3261926,N#Cc1ccc(-c2ccc(C[C@@H](C#N)NC(=O)C3(N)CCOCC3)cc2)cc1,4.58,IC50,26000.0,nM,0
CHEMBL4094185,CN(C)C(=O)c1cccc(-c2ccc(F)cc2CC(c2cccnc2)c2cccnc2)c1,4.58,IC50,26400.0,nM,0
CHEMBL2164381,N#CCCN1C(=O)c2ccccc2C1C(=O)NCc1ccc(OC(F)(F)F)cc1,4.58,IC50,26000.0,nM,0
CHEMBL4277584,COc1ccccc1-n1nc(C2CC(C)(C)OC(C)(C)C2)cc1-c1csc(Cl)c1,4.58,IC50,26000.0,nM,0
CHEMBL1091218,Cc1ccc(OC(=O)N(CC(=O)O)Cc2cccc(OCc3nc(-c4ccc(C(F)(F)F)cc4)oc3C)c2)cc1,4.58,IC50,26000.0,nM,0
CHEMBL4444857,C[S+]([O-])c1ccc(-c2cnc3ccc(Nc4ccc(S(C)(=O)=O)cc4)nn23)cc1,4.58,IC50,26100.0,nM,0
CHEMBL5945844,CC(C(N)=O)[C@@]12CC(F)(F)[C@@H](C)[C@H](/C=C/c3ccc(-c4ccccc4C#N)cn3)[C@@H]1[C@@H](C)OC2=O,4.58,IC50,26300.0,nM,0
CHEMBL561584,Cc1nccn1CC(NC(=O)CC1CCN(Cc2ccn(-c3ccc(C(F)(F)F)cc3)c2)CC1)c1ccccc1,4.58,IC50,26600.0,nM,0
CHEMBL3356246,O=C(CNCC1CCCCC1)N1CCc2ccccc2C1C1CCCCC1,4.58,IC50,26000.0,nM,0
CHEMBL6006810,CNC(=O)c1ccc(N2CCN(Cc3ccc4nc(CC(F)(F)F)c(=O)[nH]c4c3)CC2)cn1,4.58,IC50,26000.0,nM,0
CHEMBL2325987,CC(NC(=O)C1(N)CCN(c2ncnc3[nH]ccc23)CC1)c1ccc(F)cc1,4.57,IC50,26957.0,nM,0
CHEMBL1779013,COc1cc(F)ccc1-c1cncc(CNC(=O)c2ccccn2)c1,4.57,IC50,27000.0,nM,0
CHEMBL6004053,C[C@](CN)(Cc1cccnc1)c1ccc2ccccc2c1,4.57,IC50,27000.0,nM,0
CHEMBL3647536,CCn1cnc2c(-c3ccc(F)c(-c4ccc(S(=O)(=O)CC)cc4OC)c3)cnnc21,4.57,IC50,26800.0,nM,0
CHEMBL2331747,Cc1cn([C@H]2CCCN(S(=O)(=O)c3ccc(O)c(Oc4cccc(Cl)c4)c3)C2)c(=O)[nH]c1=O,4.57,IC50,27000.0,nM,0
CHEMBL557032,O=C(NC1CC1c1ccccc1)N1CCC(c2nc(-c3cnccn3)no2)CC1,4.57,IC50,27000.0,nM,0
CHEMBL2180021,COc1ccc(C2(c3cccc(-c4cncnc4)c3)N=C(N)C(C(C)C)=N2)cc1,4.57,IC50,26800.0,nM,0
CHEMBL215457,CCc1nc2ccc(CN3CCC(NC(=O)c4cc(=O)c5ccc(F)cc5o4)CC3)cc2o1,4.57,IC50,26700.0,nM,0
CHEMBL1796067,COCCCc1cc(CN(C(=O)[C@H]2CNCC[C@@H]2c2ccn(C)c(=O)c2)C2CC2)c2ncccc2c1,4.57,Ki,27000.0,nM,0
CHEMBL3582336,CCn1cc([C@@]2(c3nn(C)c(=O)o3)N[C@@H](c3nc(-c4ccc(F)cn4)c[nH]3)Cc3c2[nH]c2ccccc32)cn1,4.57,IC50,27000.0,nM,0
CHEMBL4791496,CC(C)(C)n1nc(-c2ccc3cc(OC4CC4)ccc3c2)c(C(N)=O)c1N,4.57,IC50,27000.0,nM,0
CHEMBL4443023,O=C(O)C[C@H]1CC[C@@H](Oc2ccc(-c3ccc(-c4nc5ccccc5[nH]4)cn3)cn2)CC1,4.57,Ki,26900.0,nM,0
CHEMBL4162952,COCc1ccc(-c2cc3c(cc2F)ncc2c3n(C3CCOCC3)c(=O)n2C)cn1,4.57,IC50,27000.0,nM,0
CHEMBL2064645,CNC(=O)[C@@]12C[C@@H]1[C@@H](n1cnc3c(NC)nc(C#Cc4ccc(F)c(F)c4)nc31)[C@H](O)[C@@H]2O,4.57,IC50,27000.0,nM,0
CHEMBL4792347,CNCCOc1ccccc1C(C)(C)Nc1nccn(-c2cc(C(=O)NC3CC3)ccc2C)c1=O,4.57,IC50,27000.0,nM,0
CHEMBL1834788,Cc1ccc([C@H]2CC[C@@H](N3CC(NC(=O)CNc4n[nH]c5ccc(C(F)(F)F)cc45)C3)CC2)cn1,4.57,IC50,27000.0,nM,0
CHEMBL3900159,Cc1c([C@H]2CN3CCN(C(=O)Cc4ccc(-n5cnnn5)nc4)C[C@H]3CO2)ccc2c1COC2=O,4.57,IC50,26800.0,nM,0
CHEMBL569184,COc1ccc(CCN2C(=O)N(NS(C)(=O)=O)C[C@@H]2c2ccc(OC)cc2)cc1,4.57,IC50,26700.0,nM,0
CHEMBL2441418,CCc1c(CCN2CCN(C(=O)Cc3ccc(-n4cnnn4)cc3)CC2)ccc2c1COC2=O,4.57,IC50,27000.0,nM,0
CHEMBL561379,O=C(NC1CC1c1ccccc1)N1CCC(c2nnco2)CC1,4.57,IC50,27000.0,nM,0
CHEMBL2043328,Cc1cccnc1CN1CCC2(CC1)C(=O)N(c1ccc(N3CCC3=O)cc1)C(=O)N2c1cc(O)ncn1,4.57,IC50,27000.0,nM,0
CHEMBL1923116,Cc1cccc(CN(C(=O)[C@H]2CNCC[C@@]23OCc2cc(F)c(F)cc23)C2CC2)c1C,4.57,Ki,27000.0,nM,0
CHEMBL4171264,COCc1ccc(-c2cc3c(cc2F)ncc2c3n([C@H]3CC[C@H](OC)CC3)c(=O)n2C)cn1,4.57,IC50,27000.0,nM,0
CHEMBL2204258,O=C(CNC(=O)c1cccc(C(F)(F)F)c1)NC1CN([C@H]2CC[C@@](O)(c3cccs3)CC2)C1,4.57,IC50,27000.0,nM,0
CHEMBL3219116,CC(C)Oc1cc(Oc2ccc(C(=O)N3CCC3)cc2)cc(C(=O)Nc2ccn(C)n2)c1,4.57,IC50,27000.0,nM,0
CHEMBL3785370,Cc1c(O)ccc2c1C(=O)N(Cc1ccccc1-c1ccc(F)c(F)c1)C2C(=O)NC(C)(C)C,4.57,IC50,27000.0,nM,0
CHEMBL4086697,Cc1c([C@@H](O)CN2CCC3(CC2)CCN(c2ccnnc2)C3=O)ccc2c1COC2=O,4.57,IC50,27000.0,nM,0
CHEMBL2165061,COc1ccc2ncc(=O)n(CCN3CC[C@@H](NCc4ccc5c(n4)NC(=O)CO5)[C@H](OC)C3)c2c1,4.57,IC50,27000.0,nM,0
CHEMBL3582338,CCn1cc(C2(c3nn(C)c(=O)o3)NC(c3nc(-c4ccc(F)cn4)c[nH]3)Cc3c2[nH]c2ccccc32)cn1,4.57,IC50,27100.0,nM,0
CHEMBL2376799,CCc1cnc2c(N3CCN(C)CC3)nc(N)nc2c1,4.57,Ki,26915.35,nM,0
CHEMBL3890490,CN(C)CCCOc1ccc(-c2ccc3ncc4c(c3c2)n([C@H]2CCCOC2)c(=O)n4C)cn1,4.57,IC50,27000.0,nM,0
CHEMBL3823929,CC(=O)N1CCC(n2nc(C)c(Nc3ncc(Cl)c(-c4cnc5ccccn45)n3)c2C)CC1,4.57,IC50,27000.0,nM,0
CHEMBL1834794,Cn1nc(NCC(=O)NC2CN([C@H]3CC[C@@H](c4nccs4)CC3)C2)c2cc(C(F)(F)F)ccc21,4.57,IC50,27000.0,nM,0
CHEMBL4760511,Cc1nn(-c2ccnc3[nH]c(-c4cccc5c4ccn5C)nc23)cc1CN1CC[C@H](O)C1,4.57,IC50,27000.0,nM,0
CHEMBL3786683,Cc1c(OCF)ccc2c1C(=O)N(Cc1ccccc1-c1ccccc1)C2C(=O)NC(C)(C)C,4.57,IC50,27000.0,nM,0
CHEMBL1950747,C[C@H]1CC(=O)NN=C1c1ccc(OC2CCN(C3CCC3)CC2)cc1,4.57,IC50,27000.0,nM,0
CHEMBL2441409,O=C1OCc2cc(CCN3CCN(C(=O)Cc4ccc(-n5cnnn5)c(F)c4)CC3)ccc21,4.57,IC50,27000.0,nM,0
CHEMBL2170605,CC(C)(C)C(=O)N1CCC(c2ccc(C(=O)NC(=N)N)cc2C(F)(F)F)CC1,4.57,IC50,27000.0,nM,0
CHEMBL1951415,Nc1nccc(-c2c(-c3ccc(F)cc3)ncn2C2CCCCC2)n1,4.57,IC50,27000.0,nM,0
CHEMBL4071757,Cc1ccc(/C=C/C(=O)N2CCN(c3ccc(C(=O)Nc4ccccc4N)cc3)CC2)cc1,4.57,IC50,27100.0,nM,0
CHEMBL2024390,O=C(Nc1ccccc1)NS(=O)(=O)c1ccc(OCCN2CCCCC2)cc1,4.56,IC50,27600.0,nM,0
CHEMBL2336327,COc1ccc(-c2ccc3c(N4CCOCC4)nc(N4C[C@@H](C)O[C@@H](C)C4)nc3n2)cc1CNCCO,4.56,IC50,27500.0,nM,0
CHEMBL1504335,c1ccc(CN2CCN(Cc3nnc(-c4ccccc4)o3)CC2)cc1,4.56,IC50,27300.0,nM,0
CHEMBL3425800,O=C1COc2cc(Cl)c(CNC34CCC(C[C@]5(O)Cn6c(=O)ccc7ncc(F)c5c76)(CC3)OC4)nc2N1,4.56,IC50,27700.0,nM,0
CHEMBL1089343,Cc1[nH]c2ccccc2c1C1CCCN(Cc2ccc(/C=C/C(=O)NO)cc2)C1,4.56,IC50,27600.0,nM,0
CHEMBL2314054,COC1COCCC1N[C@@H]1C[C@H]2CCC[C@@]2(C(=O)N2CCc3ccc(C(F)(F)F)cc3C2)C1,4.56,IC50,27600.0,nM,0
CHEMBL4632970,CNC(=O)[C@H](C)Cn1cnc2ccc(-c3cnc(OC)c(NS(=O)(=O)c4ccc(F)cc4Cl)c3)cc2c1=O,4.56,IC50,27500.0,nM,0
CHEMBL344227,O=C(/C=C/c1ccc(CNCCc2c[nH]c3ccccc23)cc1)NO,4.56,IC50,27460.0,nM,0
CHEMBL1088804,CCCCCCC(N1CCOCC1)C(O)(c1cccnc1)c1cccnc1,4.56,IC50,27500.0,nM,0
CHEMBL598555,CCc1ccc2oc(N3CCN4CCC3CC4)nc2n1,4.56,IC50,27700.0,nM,0
CHEMBL2440456,O=C(OCC1CCN(Cc2ccc(-c3ccccc3-c3nnn[nH]3)cc2)CC1)c1c2n(c3ccccc13)CCCO2,4.56,IC50,27500.0,nM,0
CHEMBL1808642,O=C(/C=C/c1ccc2c(c1)CN(Cc1ccccc1)C2)NO,4.56,IC50,27500.0,nM,0
CHEMBL3746776,C[C@H]1Cc2c(ncnc2Oc2ccc3c(ccn3C(=O)Nc3cc(C4(C)CC4)[nH]n3)c2)CN1,4.56,IC50,27400.0,nM,0
CHEMBL4159883,COc1ccc(C(=O)NC(C)c2cnn(C)n2)cc1S(=O)(=O)Nc1ccc(Cl)cc1,4.55,Ki,28000.0,nM,0
CHEMBL1795906,COCCCc1cc(CN(C(=O)[C@H]2CNCC[C@@H]2c2cc(=O)n(C)c3ccccc23)C2CC2)cc(OCCOC)c1,4.55,Ki,28000.0,nM,0
CHEMBL550513,CN(CCC(=O)N1CCCC1)C(=O)CC1CCN(Cc2ccn(-c3ccc(C(F)(F)F)cc3)c2)CC1,4.55,IC50,28000.0,nM,0
CHEMBL3039517,Cc1cnc(NC(=O)Nc2cc(Br)c(C)cc2OC[C@@H]2CNCCO2)cn1,4.55,IC50,28100.0,nM,0
CHEMBL3582335,CC(C)n1nc([C@]2(c3cnn(C)c3)N[C@@H](c3nc(-c4ccc(F)cn4)c[nH]3)Cc3c2[nH]c2ccccc32)oc1=O,4.55,IC50,27900.0,nM,0
CHEMBL4217096,COc1ccc(NC(=O)N2CCN(c3nc(N)nc4scnc34)CC2)cc1,4.55,IC50,28000.0,nM,0
CHEMBL2315923,O=C(CNc1ncnc2ccc(C(F)(F)F)cc12)NC1CN([C@H]2CC[C@@](O)(c3ccns3)CC2)C1,4.55,IC50,28400.0,nM,0
CHEMBL1939741,CCN(C)C(=O)c1ccc([C@H](c2cccc(NC(=O)C3CCC3)c2)N2CCN(Cc3cccnc3)CC2)cc1,4.55,IC50,28000.0,nM,0
CHEMBL2021601,C[C@@H](Oc1ccc(S(C)(=O)=O)cc1C(=O)N1CCN(c2ncc(C(F)(F)F)cc2F)CC1)C(C)(C)C,4.55,IC50,28000.0,nM,0
CHEMBL23223,N[C@H](C(=O)N1CCSC1)C1CCCCC1,4.55,Ki,28000.0,nM,0
CHEMBL3787356,CC(C)(C)NC(=O)C1c2c(O)cccc2C(=O)N1Cc1ccccc1-c1ccccc1,4.55,IC50,28000.0,nM,0
CHEMBL2204266,CC(C)Oc1ncc([C@]2(O)CC[C@H](N3CC(NC(=O)CNC(=O)c4cccc(C(F)(F)F)c4)C3)CC2)s1,4.55,IC50,28000.0,nM,0
CHEMBL1822301,CC(C)(CNC(=O)N1CCC(c2nc(-c3ccc4ccccc4n3)no2)CC1)N1CCOCC1,4.55,IC50,28000.0,nM,0
CHEMBL5931271,CNC[C@H](c1ccc2ccccc2c1)[C@@H](O)c1ccccc1F,4.55,IC50,28000.0,nM,0
CHEMBL3425931,O=c1ccc2ncc(F)c3c2n1C[C@@]3(O)CC12CCC(NCc3ccc4c(c3)OC(F)(F)O4)(CC1)CO2,4.55,IC50,28200.0,nM,0
CHEMBL2204261,Cc1cnc([C@]2(O)CC[C@H](N3CC(NC(=O)CNC(=O)c4cccc(C(F)(F)F)c4)C3)CC2)s1,4.55,IC50,28000.0,nM,0
CHEMBL4784202,Cc1cncc(C#Cc2sc(NC(=O)NC[C@H](C)OCC3CC3)nc2C)c1,4.55,IC50,28000.0,nM,0
CHEMBL3785663,O=C(c1nnc(-c2ccccc2)o1)N1CC(Oc2ccc(CN3CC4(COC4)C3)cc2)C1,4.55,IC50,28000.0,nM,0
CHEMBL571039,COc1ccc(CCN2C(=O)N(NS(=O)(=O)CF)C[C@@H]2c2ccc(OC)cc2)cc1,4.55,IC50,28300.0,nM,0
CHEMBL2333639,FC(F)(F)c1cc(Cl)nc(COCC2(c3ccccc3)CCNCC2)c1,4.55,IC50,28000.0,nM,0
CHEMBL6025725,Cc1ccc(C(F)(F)CN2CCC(Nc3ncnc4[nH]ccc34)CC2)cn1,4.55,IC50,28000.0,nM,0
CHEMBL2036763,O=C(Nc1cccc(Cl)c1)N1CCN(C[C@@H]2CCCN(C3CC3)C2)CC1,4.55,IC50,28000.0,nM,0
CHEMBL370072,C[C@@H](c1ccc(-c2cccc(-c3noc(O)n3)c2)cc1)[C@H](N)C(=O)N1CC[C@H](F)C1.O=C(O)C(F)(F)F,4.55,IC50,28000.0,nM,0
CHEMBL1830707,c1ccc(Nc2nc3c(s2)CCCc2n[nH]cc2-3)nc1,4.55,IC50,28000.0,nM,0
CHEMBL4447631,Cc1cnc(Nc2ccc(N3CCC(N(C)CCO)CC3)c(F)c2)nc1-c1cnn(C(C)C)c1,4.55,IC50,28000.0,nM,0
CHEMBL3892956,Cc1ccc(CN2CC[C@@H](N3CC[C@@H](c4ccc(O)cc4)[C@H](F)C3)C2=O)cc1,4.55,IC50,28000.0,nM,0
CHEMBL4077211,C[C@@]1(c2cc(CNC3(C#N)CC3)c(F)cc2F)CCSC(N)=N1,4.55,IC50,28400.0,nM,0
CHEMBL4079910,NC(=O)c1cnc(N[C@H]2CCCNC2)c2cc(-c3ccsc3)sc12,4.55,IC50,28000.0,nM,0
CHEMBL3358007,C[C@@H]1CN(c2nc(C(F)(F)F)no2)CCN1c1ncc(OCc2ccc(C[S+](C)[O-])cc2F)cn1,4.55,IC50,28000.0,nM,0
CHEMBL4740085,COC(=O)N(C)c1c(N)nc(-n2nc(Cc3cc(F)cc(F)c3F)c3ccccc32)nc1N,4.55,IC50,28000.0,nM,0
CHEMBL1230468,Cc1nn(C)c(C)c1NS(=O)(=O)c1c(Cl)cc(-c2ccnc(N3CCNCC3)c2)cc1Cl,4.55,IC50,28000.0,nM,0
CHEMBL3219119,Cn1ccc(NC(=O)c2cc(Oc3ccc(C(=O)N4CCC4)cc3)cc(OC(CF)CF)c2)n1,4.55,IC50,28000.0,nM,0
CHEMBL4436765,OC(CNc1nccc(-c2sc(C3CCNCC3)nc2-c2ccc(F)cc2)n1)c1ccncc1,4.55,IC50,28200.0,nM,0
CHEMBL4297458,Cc1nnn(C)c1-c1cnc2c3ccc(C(C)(C)O)cc3n([C@H](c3ccccc3)C3CCOCC3)c2c1,4.55,IC50,28000.0,nM,0
CHEMBL1094041,O=C(/C=C/c1ccc(CN2CCCC(c3c(-c4ccccc4)[nH]c4ccccc34)C2)cc1)NO,4.55,IC50,28400.0,nM,0
CHEMBL2029568,O=C(C1CCN(c2cc(C(F)(F)F)ccn2)CC1)N1CC[C@H](N[C@H]2CC[C@@](O)(c3ccc(-c4ncccn4)cn3)CC2)C1,4.55,IC50,28000.0,nM,0
CHEMBL384427,O=C(N1Cc2ccccc2C1)N1CCC[C@H]1CN1CCCC1,4.55,IC50,28461.54,nM,0
CHEMBL4744460,COCCOc1cc(NC(=O)N2CCCc3cc(C4CCN(C5COC5)CC4)c(C=O)nc32)ncc1C#N,4.55,IC50,28000.0,nM,0
CHEMBL1795910,COCCCc1ccc(Cl)c(CN(C(=O)[C@H]2CNCC[C@@H]2c2ccn(C)c(=O)c2)C2CC2)c1,4.55,Ki,28000.0,nM,0
CHEMBL1951604,CC#CCn1c(N2CCC[C@H](N)C2)c(C#N)c2c1c(=O)n(Cc1nccc3ccccc13)c(=O)n2C,4.55,IC50,28200.0,nM,0
CHEMBL4288103,CN1CCC(c2nc(-c3ccc(F)cc3)c(-c3ccnc(Nc4ccc(N5CCNCC5)cc4)n3)s2)CC1,4.55,IC50,28200.0,nM,0
CHEMBL1926864,COc1ccc2nccc(NC(=O)[C@H]3CC[C@H](NCc4cc5c(cn4)OCCO5)CC3)c2n1,4.54,IC50,29000.0,nM,0
CHEMBL2326489,CCN1CCc2cc3nc(N)sc3cc2CC1,4.54,IC50,29000.0,nM,0
CHEMBL3359264,CC(C)n1ncc2c1C(=O)CC1(CCN(C(=O)c3cnc4cc[nH]c4c3)CC1)C2,4.54,IC50,29000.0,nM,0
CHEMBL1683577,Cc1c(C(=O)Nc2ccn(C)n2)ncn1Cc1cccc(C(F)(F)F)c1,4.54,IC50,28900.0,nM,0
CHEMBL6024071,CNC[C@H](c1ccc2ccccc2c1)[C@H](OCC(=O)N1CCC1)c1ccccc1,4.54,IC50,29000.0,nM,0
CHEMBL486737,Nc1ccccc1NC(=O)c1ccc(N2CCC3(CCN(S(=O)(=O)c4ccccc4)C3)C2)nc1,4.54,Ki,28500.0,nM,0
CHEMBL3823030,Cc1nn(C2CCN(C(=O)[C@@H](C)O)CC2)c(C)c1Nc1ncc(Cl)c(-c2cnn3ccccc23)n1,4.54,IC50,29000.0,nM,0
CHEMBL1916537,COc1ccc2c(c1)N(CCN1CCC(NCc3ccc4c(n3)NC(=O)CO4)CC1)C(=O)CC2,4.54,IC50,29000.0,nM,0
CHEMBL4108338,O=C(c1ccc(-n2nnc3cccnc32)cn1)N(c1ncccc1Cl)[C@@H]1CCCNC1,4.54,Ki,28800.0,nM,0
CHEMBL4877922,Cc1c(N2CC[C@@H](C3(N)CC3)C2)c(F)cc2cc(-c3noc(=O)[nH]3)c(=O)n(C3CC3)c12,4.54,IC50,29000.0,nM,0
CHEMBL2031868,CNC(=O)c1ccc(-c2ccc3c(c2)CCN(CCN2CCCC2)C3=O)cc1,4.54,IC50,29000.0,nM,0
CHEMBL2333630,CN1CCC(COCc2cc(C(F)(F)F)ccn2)(c2ccc(F)cc2)CC1,4.54,IC50,29000.0,nM,0
CHEMBL3593779,C[C@H]1CN(c2ccc(C#N)cn2)CC[C@H]1Nc1c(C(N)=O)cnc2[nH]ccc12,4.54,IC50,28700.0,nM,0
CHEMBL3287931,CS(=O)(=O)c1ccc(-c2nc(-c3ccccc3)oc2Sc2ccc(Cl)cc2)cc1,4.54,Ki,28540.0,nM,0
CHEMBL4217454,CC(C)(O)COc1ccc(C(N)=O)c(O[C@@H]2CCN(C(=O)Cc3ccc(OC(F)(F)F)cc3)C[C@H]2F)c1,4.54,IC50,29000.0,nM,0
CHEMBL2023898,COC(=O)N[C@H](C(=O)N1CCC[C@H]1c1ncc(-c2ccc(-c3ccc(-c4cnc([C@@H]5CCCN5C(=O)[C@@H](NC(=O)OC)C(C)C)[nH]4)cc3)cc2)[nH]1)C(C)C,4.54,IC50,29200.0,nM,0
CHEMBL3605022,N[C@H]1C(=O)N[C@@H]1COc1ccc2ncc(F)c(CCC34CCC(NCc5ccc6c(n5)NC(=O)CO6)(CC3)CO4)c2n1,4.54,IC50,29100.0,nM,0
CHEMBL3415589,Cc1cc(C)nc(Nc2cc(N[C@@H]3CS(=O)(=O)CC[C@@H]3N)cnc2C(N)=O)c1,4.54,IC50,29000.0,nM,0
CHEMBL432798,CSc1nc(-c2ccc(F)cc2)c(-c2ccnc(NC(C)=O)c2)n1C,4.54,IC50,28600.0,nM,0
CHEMBL1835039,C[C@H](Nc1ccc(C(N)=O)c2[nH]c3cc(-c4cnn(C)c4)ccc3c12)C(C)(C)C,4.54,IC50,29000.0,nM,0
CHEMBL2012951,Cc1nc2c(OC(F)F)cccc2n1-c1ccc(C(=O)NC2CC2)s1,4.54,IC50,28800.0,nM,0
CHEMBL3408384,CC(=O)c1nn(-c2ccc(C)cc2)/c(=N/c2nc(-c3ccccc3)cc(-c3ccccc3)c2C#N)s1,4.54,IC50,28700.0,nM,0
CHEMBL4445885,C[S+]([O-])c1ccc(-c2cnc3ccc(NC4CCS(=O)(=O)CC4)nn23)cc1,4.54,IC50,28800.0,nM,0
CHEMBL3263285,O=C(O)c1cccc(C2CCN([C@@H]3C[C@H]4OCC[C@@]4(C(=O)N4COc5ccc(C(F)(F)F)cc5C4)C3)CC2)c1,4.54,IC50,29000.0,nM,0
CHEMBL278558,N[C@H](C(=O)N1CCCC1)[C@H]1CC[C@H](NC(=O)c2ccc(F)c(F)c2)CC1,4.54,Ki,29000.0,nM,0
CHEMBL4094901,Cc1c([C@@H](O)CN2CCC3(CC2)CCN(c2ccc(C(C)(C)O)nc2)C3)ccc2c1COC2=O,4.54,IC50,29000.0,nM,0
CHEMBL4558749,CCC#CC[C@H](C)[C@H](O)/C=C/[C@H]1CCC(=O)N1CCCCCCC(=O)O,4.54,IC50,29000.0,nM,0
CHEMBL468308,Cc1ccc(-c2c(C)c(CN[C@H]3CC[C@@H](F)C3)nn2-c2ncccc2Cl)cn1,4.54,IC50,29000.0,nM,0
CHEMBL1923125,O=C([C@H]1CNCC[C@@]12OCc1cc(F)c(F)cc12)N(Cc1cccc2cccnc12)C1CC1,4.54,Ki,29000.0,nM,0
CHEMBL3823007,Cc1nn(C2CCNCC2)cc1Nc1ncc(Cl)c(-c2cnc3ccccn23)n1,4.54,IC50,29000.0,nM,0
CHEMBL3355597,O=C1NC(=O)/C(=C\c2ccccc2OCc2nnc(OCc3c(Cl)cccc3Cl)o2)S1,4.54,IC50,29000.0,nM,0
CHEMBL4463882,CCc1cc(-c2cnn(C)c2)cc(S(=O)(=O)c2csc(CN)n2)c1,4.54,IC50,29000.0,nM,0
CHEMBL2315927,COc1ccc([C@]2(O)CC[C@H](N3CC(NC(=O)CNc4ncnc5ccc(C(F)(F)F)cc45)C3)CC2)cn1,4.54,IC50,28500.0,nM,0
CHEMBL2180034,CC1=NC(c2cccc(-c3cccnc3)c2)(C2CCCCC2)N=C1N,4.54,IC50,28800.0,nM,0
CHEMBL4786331,Cc1nc2c(=O)n(C3CC3)c3c(Cl)c(N4CC[C@@H]([C@H](C)N)C4)c(F)cc3c2o1,4.54,IC50,28700.0,nM,0
CHEMBL4080522,Cc1[nH]nc2c1C(c1cc(-c3cccnc3)cc(C(F)(F)F)c1)(C(C)C)C(C#N)=C(N)O2,4.54,IC50,29000.0,nM,0
CHEMBL3605013,O=C1COc2ccc(CNC34CCC([C@@H](O)Cc5c(F)cnc6ccc(OCCO)nc56)(CC3)OC4)nc2N1,4.53,IC50,29700.0,nM,0
CHEMBL4637258,CCS(=O)(=O)Nc1cc(-c2cn(C)c3c(=O)[nH]ccc23)cc2c1ccn2C(C)(c1ccccn1)c1ccccn1.Cl,4.53,IC50,29258.0,nM,0
CHEMBL1927170,COc1ccc2ncc(F)c(CCN3CC[C@@H](NCc4cc5c(cn4)OCCO5)[C@H](O)C3)c2n1,4.53,IC50,29500.0,nM,0
CHEMBL121,CN(CCOc1ccc(CC2SC(=O)NC2=O)cc1)c1ccccn1,4.53,IC50,29500.0,nM,0
CHEMBL2325729,NC1(C(=O)N[C@@H](CCN2CCCCC2)c2ccc(Cl)cc2)CCN(c2ncnc3[nH]ccc23)CC1,4.53,IC50,29367.0,nM,0
CHEMBL4087218,Cc1c([C@@H](O)CN2CCC3(CC2)CCN(c2ccc(S(C)(=O)=O)nc2)C3)ccc2c1COC2=O,4.53,IC50,29600.0,nM,0
CHEMBL1089210,Cc1ccc(OC(=O)N(CC(=O)O)Cc2cccc(OCc3nc(-c4ccc(Cl)cc4)oc3C)c2)cc1,4.53,IC50,29300.0,nM,0
CHEMBL1094040,O=C(/C=C/c1ccc(CN2CCCC(c3c[nH]c4ccccc34)C2)cc1)NO,4.53,IC50,29300.0,nM,0
CHEMBL2022729,O=C(Nc1ccc(-c2nnc(NCCCCN3CCOCC3)o2)cc1)c1ccccc1F,4.53,IC50,29512.09,nM,0
CHEMBL4761383,NC(=O)c1cccc2cc(C(=O)N3CCN(c4nc(-c5cnc(NC(=O)CN6CCOCC6)cc5C(F)(F)F)nc(N5CCOCC5)n4)CC3)oc12,4.53,IC50,29400.0,nM,0
CHEMBL2346972,Fc1ccc(CN2CCN(C3=Nn4c(nnc4C(F)(F)F)CC3)CC2)cc1,4.53,IC50,29512.09,nM,0
CHEMBL1000,O=C(O)COCCN1CCN(C(c2ccccc2)c2ccc(Cl)cc2)CC1,4.52,IC50,30199.52,nM,0
CHEMBL1801204,COc1ccc(-c2ccc3c(N4CCOC[C@@H]4C)nc(N4CCOC[C@@H]4C)nc3n2)cc1CO,4.52,IC50,30400.0,nM,0
CHEMBL4441094,CS(=O)(=O)c1cc(CNC(=O)c2cncc3c2cnn3-c2ccc(F)cc2)ccn1,4.52,IC50,30000.0,nM,0
CHEMBL3785555,COc1ccc2c(c1)C(=O)N(Cc1ccccc1-c1ccccc1)C2C(=O)NC(C)(C)C,4.52,IC50,30000.0,nM,0
CHEMBL1091605,CC(C)N(C)[C@@H]1CC[C@H](N2CC[C@H](NC(=O)c3cccc(C(F)(F)F)c3)C2=O)[C@H](CS(=O)(=O)c2ccccc2)C1,4.52,IC50,30000.0,nM,0
CHEMBL3964407,O[C@H]1CC[C@H](Nc2ccc3ncc(-c4cccc(Cl)c4)n3n2)CC1,4.52,IC50,30000.0,nM,0
CHEMBL3589894,CNC(=O)c1ccc(-c2cc(Cl)cc(Cl)c2Cl)c(N)n1,4.52,IC50,30000.0,nM,0
CHEMBL4781364,Cc1cn([C@H](C)[C@]2(F)CCNC2)c2nc(C(N)=O)cc(Cl)c12,4.52,IC50,30000.0,nM,0
CHEMBL3582343,CCn1cc([C@@]2(c3nn(CC(=O)O)c(=O)o3)N[C@@H](c3nc(-c4ccc(F)cn4)c[nH]3)Cc3c2[nH]c2ccccc32)cn1,4.52,IC50,30500.0,nM,0
CHEMBL1830711,c1cnc(Nc2nc3c(s2)CCCc2n[nH]cc2-3)nc1,4.52,IC50,30000.0,nM,0
CHEMBL3794292,Cc1c(C(C)CN2CCN(C(=O)Cc3ccc(-n4cnnn4)nc3)CC2)ccc2c1COC2=O,4.52,IC50,30000.0,nM,0
CHEMBL2069925,c1ccc(-c2nnc(CN3CCN(Cc4nc5ccccc5s4)CC3)o2)cc1,4.52,IC50,30000.0,nM,0
CHEMBL4208062,CC(C)n1cc(Nc2nc(N)nc(-c3cccc(-n4ccc5cc(C6CC6)cc(F)c5c4=O)c3CO)n2)cc1C#N,4.52,IC50,30000.0,nM,0
CHEMBL4643577,COc1nn(C)cc1C(=O)Nc1cccc(-c2nncn2C(C)C)n1,4.52,IC50,30000.0,nM,0
CHEMBL4634969,CC(C)Cn1cc(-c2ccncc2)c2ccncc21,4.52,IC50,30000.0,nM,0
CHEMBL4203192,N#Cc1cc(Nc2nc(N)nc(-c3cccc(-n4ccc5cc(C6CC6)cc(F)c5c4=O)c3CO)n2)cn1C1CC1,4.52,IC50,30000.0,nM,0
CHEMBL1819090,Cn1c(=O)c2c(cc(N3CCC[C@@](C)(N)C3)n2Cc2cc(F)ccc2C#N)n(C)c1=O,4.52,IC50,30000.0,nM,0
CHEMBL4742781,CC(C)(CCO)n1nc(-c2ccc3nc(OC4CC4)ccc3c2)c(C(N)=O)c1N,4.52,IC50,30000.0,nM,0
CHEMBL4750862,CC(C)(CO)n1nc(-c2ccc3cc(OC4CC4)ccc3c2)c(C(N)=O)c1N,4.52,IC50,30000.0,nM,0
CHEMBL4092338,CC(C)Oc1cc2c(OC[C@@H]3CCC(=O)N3)nccc2cc1C(N)=O,4.52,IC50,30000.0,nM,0
CHEMBL487346,Nc1ccccc1NC(=O)c1ccc(N2CCC3(CC2)C(=O)NCN3c2ccccc2)nc1,4.52,Ki,30000.0,nM,0
CHEMBL2204583,COC(=O)c1cnc(Nc2cnc(C#N)c(O[C@@H]3CCNC3)n2)cc1N(C)C,4.52,IC50,30000.0,nM,0
CHEMBL2029418,O=C(NCC(=O)N1CC[C@H](N[C@H]2CC[C@@](O)(c3ccc(-c4cccnc4)cn3)CC2)C1)c1cccc(C(F)(F)F)c1,4.52,IC50,30000.0,nM,0
CHEMBL1082723,C[C@H]1Cc2c([nH]c3cc(Cl)c(F)cc23)[C@@]2(N1)C(=O)Nc1ccc(Cl)cc12,4.52,IC50,30440.0,nM,0
CHEMBL4753941,CCOc1ccc2cc(-c3nn(CC(C)(C)CO)c(N)c3C(N)=O)ccc2c1,4.52,IC50,30000.0,nM,0
CHEMBL4292228,COCCOc1cc2nccc(Nc3n[nH]c(C)c3C)c2cc1S(=O)(=O)C(C)(C)C,4.52,IC50,30000.0,nM,0
CHEMBL5084912,CNC(=O)c1c(-c2ccc(O)cc2C)oc2ccc(O)c(CN3CCC4(COC4)C3)c12,4.52,IC50,30000.0,nM,0
CHEMBL1778052,CC[C@H]1OC(=O)[C@H](C)[C@@H](O[C@H]2C[C@@](C)(OC)C[C@H](C)O2)[C@H](C)[C@@H](O[C@@H]2O[C@H](C)C[C@H](N(C)C(C)C)[C@H]2O)[C@](C)(O)C[C@@H](C)[C@H](OCC(=O)NC)[C@H](C)[C@@H](O)[C@]1(C)O,4.52,IC50,30000.0,nM,0
CHEMBL4073562,Cc1cc(-c2cc3c(N[C@@H]4CC[C@](C)(N)C4(C)C)c(C(N)=O)cnn3c2)ccn1,4.52,IC50,30000.0,nM,0
CHEMBL2147023,Cc1cc(C#N)ccc1-c1ccnc(NCc2n[nH]c(-c3ccccc3)c2Cl)c1,4.52,IC50,30000.0,nM,0
CHEMBL3425807,O=C1COc2cnc(CNC34CCC(C[C@]5(O)Cn6c(=O)ccc7ncc(F)c5c76)(CC3)OC4)nc2N1,4.52,IC50,30000.0,nM,0
CHEMBL1214946,Cn1cc(Cl)c(C(=O)N2CCN(CC(=O)c3ccc(F)cc3)CC2)n1,4.52,IC50,30000.0,nM,0
CHEMBL2017111,CC(=O)NCCc1ccccc1-c1onc([C@H]2CNCC[C@]2(C(N)=O)c2ccc(F)c(F)c2)c1Br,4.52,Ki,30000.0,nM,0
CHEMBL4471705,FC(F)(F)c1cccc(Nc2cc3[nH]c(Nc4ccc(N5CCNCC5)cn4)nc3cn2)c1,4.52,IC50,30000.0,nM,0
CHEMBL479382,CC(=O)OCC(=O)NC1CCN(Cc2ccc(Oc3nc4ccccc4s3)cc2)CC1,4.52,IC50,30000.0,nM,0
CHEMBL1784516,CCNS(=O)(=O)c1cc(C(=O)N2CCC(CCN3C4CCC3CC(n3c(C)nc5ccccc53)C4)(c3cccc(F)c3)CC2)c(Cl)cc1F,4.52,IC50,30199.52,nM,0
CHEMBL174457,CC[C@H](C)[C@H](C(=O)O)N1C[C@H](CN2CCC(c3cc(Cc4ccccc4)nn3CC)CC2)[C@@H](c2cccc(F)c2)C1,4.52,Ki,30000.0,nM,0
CHEMBL3425805,O=C1COc2cc(OC(=O)c3ccccc3)c(CNC34CCC(C[C@]5(O)Cn6c(=O)ccc7ncc(F)c5c76)(CC3)OC4)nc2N1,4.52,IC50,30500.0,nM,0
CHEMBL513855,Cc1ccc(-c2c(C)c(CNC3CCCC3F)nn2-c2ncccc2Cl)cn1,4.52,IC50,30000.0,nM,0
CHEMBL5083201,O=C1c2nc3cccc(Cl)c3n2CCN1CC1CC1,4.52,IC50,30000.0,nM,0
CHEMBL1093053,CC(C)(C)c1[nH]c2ccccc2c1C1CCCN(Cc2ccc(/C=C/C(=O)NO)cc2F)C1,4.52,IC50,30000.0,nM,0
CHEMBL4085173,O=C(c1ccc(C[C@@H]2CC[C@H]([C@H](O)c3ccccc3)N2)cc1)N1CCN(Cc2nnn(CC(F)(F)F)n2)CC1,4.52,IC50,29890.0,nM,0
CHEMBL1834646,O=C(CNc1n[nH]c2ccc(C(F)(F)F)cc12)NC1CN([C@H]2CC[C@@H](O)CC2)C1,4.52,IC50,30000.0,nM,0
CHEMBL3127404,CN1C(=O)CC[C@H]1CN(Cc1ccc(Cl)cc1)S(=O)(=O)c1cccc(C#N)c1,4.52,IC50,30000.0,nM,0
CHEMBL3425825,O=c1ccc2ncc(F)c3c2n1C[C@@]3(O)CC12CCC(NCc3c(Cl)cc4c(c3Cl)OCCO4)(CC1)CO2,4.52,IC50,30400.0,nM,0
CHEMBL5076606,O=C1c2nc3cccc(Br)c3n2CCN1CC1CC1,4.52,IC50,30000.0,nM,0
CHEMBL5078863,O=C1c2nc3cccc(C(F)(F)F)c3n2CCN1CC1CC1,4.52,IC50,30000.0,nM,0
CHEMBL267320,CN(C)Cc1ccc2c(c1)CC[C@H](N(C)C(=O)c1ccc(-c3ccccn3)cc1)C2,4.52,IC50,30000.0,nM,0
CHEMBL5074997,O=C1c2nc3cccc(Br)c3n2CCN1CC1CCC1,4.52,IC50,30000.0,nM,0
CHEMBL1834795,NC(=O)n1nc(NCC(=O)NC2CN([C@H]3CC[C@@H](c4nccs4)CC3)C2)c2cc(C(F)(F)F)ccc21,4.51,IC50,31000.0,nM,0
CHEMBL1271273,N#Cc1nc(CCCO)cc(-c2cccc(C(F)(F)F)c2)n1,4.51,Ki,31000.0,nM,0
CHEMBL1784515,Cc1nc2ccccc2n1C1CC2CCC(C1)N2CCC1(c2cccc(F)c2)CCN(C(=O)c2cc(S(=O)(=O)NC3CCCC3)c(F)cc2Cl)CC1,4.51,IC50,30902.95,nM,0
CHEMBL2041192,Cc1cccnc1CN1CCC2(CC1)C(=O)N(c1ccc(-c3ccc(C(=O)O)cc3)cc1)C(=O)N2c1ccncn1,4.51,IC50,31000.0,nM,0
CHEMBL4791746,Cc1nn(-c2ccnc3[nH]c(-c4cccc5c4ccn5C)nc23)cc1CN1CC[C@@H](O)C1,4.51,IC50,31000.0,nM,0
CHEMBL3260567,Cc1cccc(-c2[nH]c(CNc3ccccc3F)nc2-c2ccc3ncnn3c2)n1,4.51,IC50,31040.0,nM,0
CHEMBL3219106,CC(C)n1ccc(NC(=O)c2cc(Oc3ccc(C(=O)N4CCC4)cc3)cc(O[C@@H](C)CO)c2)n1,4.51,IC50,31000.0,nM,0
CHEMBL3425929,CN1CCN(C)c2nc(CNC34CCC(C[C@]5(O)Cn6c(=O)ccc7ncc(F)c5c76)(CC3)OC4)ccc21,4.51,IC50,30600.0,nM,0
CHEMBL1914480,COc1ccc2ncc(=O)n(CCN3CCC(NCc4cc5c(cn4)OCCO5)CC3)c2n1,4.51,IC50,31000.0,nM,0
CHEMBL3314352,CN(C)Cc1ccc2c(c1)CCN(C(=O)c1cc3cc(Br)ncc3n1C)C2,4.51,IC50,31200.0,nM,0
CHEMBL555563,O=C(N1CCCCC1)N1CC(O[C@@H](c2ccc(Cl)cc2)c2cccnc2Cl)C1,4.51,IC50,30800.0,nM,0
CHEMBL551208,Cc1ccc(-n2c(-c3ncccc3Cl)nc(CN[C@H]3CC[C@@H](F)C3)c2C)cn1,4.51,IC50,31000.0,nM,0
CHEMBL3980602,CCn1c(=O)oc2ccc(-c3ccc(C[C@@H](C#N)NC(=O)[C@@H]4CNCCCO4)cc3)cc21,4.51,IC50,31000.0,nM,0
CHEMBL1783876,C#CCNc1ccnc2sc3c(=O)n(-c4ccc(OC)cc4)cnc3c12,4.51,IC50,31000.0,nM,0
CHEMBL564032,O=C(CC1CCN(Cc2ccn(-c3ccc(C(F)(F)F)cc3)c2)CC1)N1CCCC(C(=O)N2CCCC2)C1,4.51,IC50,31000.0,nM,0
CHEMBL2017113,COC[C@H](C)COCc1ccc([C@@]2(O)CCNC[C@@H]2c2noc(-c3ccccc3CCNC(C)=O)c2Br)cc1,4.51,Ki,31200.0,nM,0
CHEMBL5867930,NCC(c1ccc2ccccc2c1)[C@@H](O)c1ccccc1,4.51,IC50,31000.0,nM,0
CHEMBL2382372,COc1ccc2nccc([C@@H](O)CC[C@@H]3CCN(C4CC(c5cc(F)cc(F)c5F)C4)C[C@@H]3C(=O)O)c2c1,4.51,IC50,30900.0,nM,0
CHEMBL4443777,O=C1OCCN1CCNc1nonc1/C(=N/O)Nc1ccc(F)c(Br)c1,4.51,IC50,31120.0,nM,0
CHEMBL5884650,CNCC(c1ccc(F)c(Cl)c1)[C@H](O)c1ccccc1,4.51,IC50,31000.0,nM,0
CHEMBL6000873,CNC[C@H](c1ccc(Cl)c(Cl)c1)[C@@H](O)c1ccccc1,4.51,IC50,31000.0,nM,0
CHEMBL579072,CC1(C)Oc2c(CN3CCC4(CC3)CCN(C(=O)c3ccc(N)cn3)CC4)cccc2C1(F)F,4.51,IC50,30902.95,nM,0
CHEMBL2324239,C[n+]1c(C#CCOc2ccc(Cl)cc2)cccc1C#CCOc1ccc(Cl)cc1,4.51,IC50,31077.0,nM,0
CHEMBL3262163,COc1ccc(NC(=O)N2CCNC[C@@H]2COc2cccnc2)cc1.Cl,4.51,IC50,31000.0,nM,0
CHEMBL3746280,CC1(C)CC2(CCN(C(=O)c3ccc(C[C@@H]4CC[C@H]([C@H](O)c5ccccc5)N4)cc3)CC2)C(=O)O1,4.51,IC50,31000.0,nM,0
CHEMBL2069930,CCOC(=O)N1CCN(Cc2noc(-c3cc(Cl)ccc3F)n2)CC1,4.51,IC50,31000.0,nM,0
CHEMBL5880178,FC(F)(F)c1ccc(C(F)(F)CN2CCC(Nc3ncnc4[nH]ncc34)CC2)nc1,4.51,IC50,31000.0,nM,0
CHEMBL3787345,O=C(c1nnc(-c2ccccc2)o1)N1CCC(Oc2ccc(CN3CCC(O)C3)cc2)CC1,4.51,IC50,31000.0,nM,0
CHEMBL1837041,CS(=O)(=O)N1Cc2cc(Cl)ccc2-n2c(nnc2C2CCN(c3ccccn3)CC2)C1,4.51,IC50,30700.0,nM,0
CHEMBL2164380,CC(CC#N)N1C(=O)c2ccccc2C1C(=O)NCc1ccc(OC(F)(F)F)cc1,4.51,IC50,31000.0,nM,0
CHEMBL1682272,CN(CC(N)=O)Cc1nc(-c2cn(CC3CCOCC3)c3c(Cl)cccc23)no1,4.5,Ki,31622.78,nM,0
CHEMBL2147217,Cc1ncc(-c2ccccc2CCNC(=O)c2ccc(OCCOCC(F)(F)F)nc2)cn1,4.5,IC50,31622.78,nM,0
CHEMBL2152522,c1ccc([C@@H]([C@H](c2ccccc2)N2CCCCC2)N2CCCCC2)cc1,4.5,IC50,31622.78,nM,0
CHEMBL343822,O=C1c2ccccc2C(Cc2ccnc(F)c2)(Cc2ccnc(F)c2)c2ccccc21,4.5,IC50,32000.0,nM,0
CHEMBL2152524,c1ccc([C@@H]([C@H](c2ccccc2)N2CCCC2)N2CCCC2)cc1,4.5,IC50,31622.78,nM,0
CHEMBL3925977,O=C(O)c1ccc2cccnc2c1N1CCN(CCc2ccc(OCCCN3CCCCCC3)cc2)CC1,4.5,IC50,31622.78,nM,0
CHEMBL6005461,Fc1ccc(-c2ccn3c(CC4CC4(F)F)nnc3c2)cc1,4.5,IC50,31880.0,nM,0
CHEMBL239724,C[C@H]1CCCN1CCCOc1ccc(N2CCN(C(=O)c3ccc(F)cc3F)CC2=O)cc1.O=CO,4.5,IC50,31622.78,nM,0
CHEMBL2151325,CCOc1cc(Nc2nc3c(cc2F)ncn3[C@@H](CO)c2ccc(F)cn2)n[nH]1,4.5,IC50,32000.0,nM,0
CHEMBL1289960,CC(C)S(=O)(=O)N[C@H]1CN(C)C[C@@H]1c1ccc(-c2cccc(NS(C)(=O)=O)c2)cc1,4.5,IC50,31600.0,nM,0
CHEMBL2441438,O=C1OCc2ccc(CCN3CCN(C(=O)Cc4ccc(-n5cnnn5)cc4)CC3)cc21,4.5,IC50,32000.0,nM,0
CHEMBL5797976,CC(C)(O)c1ccc(-c2ccn3c(CC4CC4(F)F)nnc3c2)cc1,4.5,IC50,31880.0,nM,0
CHEMBL540634,Cl.O=C(c1ccc(Cl)cc1)N1CCN(c2ccc(OC3CCN(C4CCC4)CC3)cc2)C(=O)C1,4.5,IC50,31622.78,nM,0
CHEMBL3785486,CCCCNC(=O)C1c2ccccc2C(=O)N1CC(C)c1ccc(Cl)cc1,4.5,IC50,32000.0,nM,0
CHEMBL3425826,O=c1ccc2ncc(F)c3c2n1C[C@@]3(O)CC12CCC(NCc3cc4c(c(Cl)c3Cl)OCCO4)(CC1)CO2,4.5,IC50,31600.0,nM,0
CHEMBL536991,Cc1ccc(C(=O)N2CCN(c3ccc(OCCCN4CCCCC4)cc3)C(=O)C2)cc1.Cl,4.5,IC50,31622.78,nM,0
CHEMBL3577935,CCC[C@@H]1C[C@H](N(C)C(C)C)CC[C@@H]1NC(=O)CNC(=O)c1cccc(C(F)(F)F)c1,4.5,IC50,32000.0,nM,0
CHEMBL4113741,CCc1nsc(-c2nnc3n2CCN(C(=O)c2ccc(F)cc2)[C@@H]3C)n1,4.5,IC50,32000.0,nM,0
CHEMBL2158791,Cc1cc(Cl)ccc1OC1CCN(CC2CCN([C@@](C)(Cc3ccc(F)cc3)C(=O)O)CC2)CC1,4.5,IC50,31622.78,nM,0
CHEMBL2070936,N#CC1(NC(=O)[C@@H]2CCCC[C@H]2C(=O)N2CCN(c3ccc(F)cc3)CC2)CC1,4.5,IC50,31622.78,nM,0
CHEMBL4108623,CCc1noc(-c2nnc3n2CCN(C(=O)c2ccc(-c4cccs4)cc2)[C@@H]3C)n1,4.5,IC50,32000.0,nM,0
CHEMBL3907368,O=C(O)CCc1cnc2c(N3CCN(CCc4ccc(OCCCN5CCCCCC5)cc4)CC3)cccc2c1,4.5,IC50,31622.78,nM,0
CHEMBL564477,Cc1ccc(N2CCN(CCN3Cc4ccccc4C3)C2=O)cn1,4.5,IC50,31622.78,nM,0
CHEMBL2092884,COc1ccc([C@]2(O)CC[C@H](N3CC(NC(=O)CNc4n[nH]c5ccc(C(F)(F)F)cc45)C3)CC2)cn1,4.5,IC50,32000.0,nM,0
CHEMBL4080347,N#Cc1c(N)ncnc1N1CCC[C@H]1c1nc2cccc(C#CCCCC(=O)N3CCOCC3)c2c(=O)n1-c1ccccc1,4.5,IC50,31700.0,nM,0
CHEMBL1784467,Cc1nc2ccccc2n1C1CC2CCC(C1)N2CCC1(c2ccccc2)CCN(C(=O)c2cccc(-c3nnn[nH]3)c2)CC1,4.5,IC50,31622.78,nM,0
CHEMBL4439653,CN(C)c1ccc(-c2cc3nccnc3c(NCCCCO)n2)cn1,4.5,IC50,31622.78,nM,0
CHEMBL3628128,N/C1=N\C(=O)[C@@H]2CCCN2c2ccc(cc2)OCCCCCCNCC(=O)Nc2c(Cl)cc(cc2Cl)CN1,4.5,IC50,32000.0,nM,0
CHEMBL2152525,c1ccc([C@H]([C@@H](c2ccccc2)N2CCCC2)N2CCCC2)cc1,4.5,IC50,31622.78,nM,0
CHEMBL403594,CNC(=O)[C@@H](C)Oc1cccc2ncnc(Nc3ccc(OCc4ccccn4)c(Cl)c3)c12,4.5,IC50,32000.0,nM,0
CHEMBL2204259,O=C(CNC(=O)c1cccc(C(F)(F)F)c1)NC1CN([C@H]2CC[C@@](O)(c3nccs3)CC2)C1,4.5,IC50,32000.0,nM,0
CHEMBL2158834,O=C(O)c1cccnc1N1CCC(CN2CCC(Oc3ccc(Cl)c(Cl)c3)CC2)CC1,4.5,IC50,31622.78,nM,0
CHEMBL2158833,O=C(O)c1ccc(CN2CCC(CN3CCC(Oc4ccc(Cl)c(Cl)c4)CC3)CC2)cc1,4.5,IC50,31622.78,nM,0
CHEMBL1241913,Cc1ccc2c(N3CCN(CCc4cccc5c4OCc4c(C(N)=O)ncn4-5)CC3)cccc2n1,4.5,Ki,31622.78,nM,0
CHEMBL1834643,Cn1nc(NCC(=O)NC2CN([C@H]3CC[C@@H](CO)CC3)C2)c2cc(C(F)(F)F)ccc21,4.5,IC50,32000.0,nM,0
CHEMBL1951911,CCN(C(=O)Cc1ccc(S(C)(=O)=O)cc1)C1CCN(CC[C@@H](c2cccc(OC)c2)C2CCN(S(C)(=O)=O)CC2)CC1,4.5,IC50,32000.0,nM,0
CHEMBL1834642,Cn1nc(NCC(=O)NC2CN([C@H]3CC[C@@H](C(N)=O)CC3)C2)c2cc(C(F)(F)F)ccc21,4.5,IC50,32000.0,nM,0
CHEMBL2158828,O=C(O)COc1ccccc1N1CCC(CN2CCC(Oc3ccc(Cl)c(Cl)c3)CC2)CC1,4.5,IC50,31622.78,nM,0
CHEMBL1782572,CO[C@@H]1COCC[C@@H]1N[C@@H]1CC[C@@](C(=O)N2CCN(c3cc(C(F)(F)F)cnn3)CC2)(C(C)C)C1,4.5,IC50,31300.0,nM,0
CHEMBL2158827,O=C(O)Cc1ccc(N2CCC(CN3CCC(Oc4ccc(Cl)c(Cl)c4)CC3)CC2)cc1,4.5,IC50,31622.78,nM,0
CHEMBL1819259,Cc1noc(C)c1-c1[nH]c2ccccc2c1CCNCc1ccc(/C=C/C(=O)NO)cc1,4.5,IC50,31240.0,nM,0
CHEMBL5822634,CNC[C@@H](c1ccc2ccccc2c1)[C@H](O)c1ccccc1,4.5,IC50,32000.0,nM,0
CHEMBL2158826,O=C(O)Cc1cccc(N2CCC(CN3CCC(Oc4ccc(Cl)c(Cl)c4)CC3)CC2)c1,4.5,IC50,31622.78,nM,0
CHEMBL2158824,O=C(O)c1ccc(N2CCC(CN3CCC(Oc4ccc(Cl)c(Cl)c4)CC3)CC2)cc1,4.5,IC50,31622.78,nM,0
CHEMBL3221530,O=C(Nc1ccc(F)cn1)[C@H](COCCO)Oc1ncnc2c1cnn2-c1c(F)cccc1Cl,4.5,IC50,31622.78,nM,0
CHEMBL2022497,O=C(Nc1ccc(-c2nnc(NCCCN3CCOCC3)o2)cc1)c1ccccc1F,4.5,IC50,31622.78,nM,0
CHEMBL464600,CC(C)CNC(=O)c1cn(-c2cccc(Br)c2)c2ncccc2c1=O,4.5,IC50,31800.0,nM,0
CHEMBL456172,CC(C)NC(=O)c1cn(-c2cccc(Br)c2)c2ncccc2c1=O,4.5,IC50,31600.0,nM,0
CHEMBL552460,Cc1ccc(N2CCN(CCN3Cc4ccccc4C3)C2=O)s1,4.5,IC50,31622.78,nM,0
CHEMBL2017582,COc1cc(-c2cn([C@H]3C[C@@H](C(F)(F)F)CCN(CC(F)(F)F)C3=O)nn2)ccc1-n1cnc(C)c1,4.5,IC50,31900.0,nM,0
CHEMBL3703025,N#C[C@H]1C[C@@H](N2CCC2)CC[C@@H]1n1cc(C(N)=O)c(Nc2ccc([C@H](O)C(F)(F)F)cc2)n1,4.5,IC50,32000.0,nM,0
CHEMBL2158823,O=C(O)c1cccc(N2CCC(CN3CCC(Oc4ccc(Cl)c(Cl)c4)CC3)CC2)c1,4.5,IC50,31622.78,nM,0
CHEMBL6059656,N#Cc1ccc(C(=O)Nc2ccc([C@H]3CNCCO3)cc2)cn1,4.5,IC50,31720.0,nM,0
CHEMBL4087968,Nc1ccc(F)cc1NC(=O)c1ccc(CNC(=O)/C=C/c2cccnc2)cc1,4.5,IC50,32000.0,nM,0
CHEMBL4126156,CC(=O)Nc1nc(C)c(-c2cc3c(c(S(C)(=O)=O)c2)C(=O)N([C@@H](C)C2CC2)C3)s1,4.5,IC50,31622.78,nM,0
CHEMBL4637074,NC(=O)[C@@H]1CCC[C@H](c2ccc(OCc3cccc(F)c3)cc2)N1,4.5,IC50,31622.78,nM,0
CHEMBL1289163,Cc1ccc2c(N3CCN(CCc4c(F)ccc5c4ccc(=O)n5C)CC3)cccc2n1,4.5,Ki,31622.78,nM,0
CHEMBL4856853,CCNC(=O)c1cc(Cc2cccc3[nH]ccc23)nc(-c2cn(C)nn2)c1,4.5,IC50,31622.78,nM,0
CHEMBL4164328,CN(C)CCNC(=O)[C@H]1c2ccccc2C[C@@H]1NC(=O)c1cc2ccccc2[nH]1,4.5,IC50,31622.78,nM,0
CHEMBL3287739,Cc1cc(C(=O)N[C@H]2CC[C@@H](NC(=O)c3cc(F)cnc3Oc3cccc(-c4ccc(O)cc4CN4CCOCC4)c3)CC2)nn1C,4.5,IC50,31622.78,nM,0
CHEMBL1290731,CC(C)S(=O)(=O)N[C@H]1CN(C)C[C@@H]1c1ccc(-c2cccnc2)cc1,4.5,IC50,31600.0,nM,0
CHEMBL1952143,COc1cc(NCC2CCNCC2)nc2c1nnn2-c1cccc(N(C)C)c1,4.5,IC50,31622.78,nM,0
CHEMBL4476297,CC(C)c1ccc(-c2cc(CN3CCOCC3)nn2C2CCC2)cc1,4.5,IC50,32000.0,nM,0
CHEMBL255827,Cc1nc2cc3c(cc2o1)CCN(CCCSc1nnc(-c2ocnc2C)n1C)CC3,4.5,IC50,31622.78,nM,0
CHEMBL4436020,C[C@H](NC(=O)[C@H]1CNC[C@@H]1c1ccc(C(F)(F)F)cc1)c1ccc(N(C)C)cc1,4.5,IC50,32000.0,nM,0
CHEMBL2165067,COc1ccc2ncc(=O)n(CCN3CC[C@@H](NCc4ccc5c(n4)NC(=O)CO5)[C@@H](F)C3)c2c1,4.5,IC50,32000.0,nM,0
CHEMBL4239085,O=C(O)C[C@H](CN1CC[C@@H](CCc2ccc3c(n2)NCCC3)C1)c1cccc(O[C@@H]2CCOC2)c1,4.5,IC50,31622.78,nM,0
CHEMBL3221488,Cc1ccc(NC(=O)[C@H](COC(C)C)Oc2ncnc3c2cnn3-c2ccccc2Cl)nc1,4.5,IC50,31622.78,nM,0
CHEMBL1782081,Cc1nc2ccccc2n1C1CC2CCC(C1)N2CCC1(c2cccc(F)c2)CCN(C(=O)c2cc(NS(C)(=O)=O)c(F)cc2Cl)CC1,4.5,IC50,31622.78,nM,0
CHEMBL270853,Cc1ccc2c(-c3nnc(SCCCCN4CCc5cc6c(cc5CC4)C(=O)N(C)C6)n3C)cccc2n1,4.5,IC50,31622.78,nM,0
CHEMBL3408383,CC(=O)c1nn(-c2ccccc2)/c(=N/c2nc(-c3ccccc3)cc(-c3ccccc3)c2C#N)s1,4.49,IC50,32600.0,nM,0
CHEMBL243664,COc1ccc(-c2cc(=O)c3c(O)cc(O)cc3o2)cc1,4.49,IC50,32400.0,nM,0
CHEMBL4096149,Nc1ccccc1NC(=O)c1ccc(N2CCN(C(=O)/C=C/c3ccc(F)cc3)CC2)cc1,4.49,IC50,32600.0,nM,0
CHEMBL3215681,CC(C)n1nc(C(=O)NCC2CCN(CCN3CCOCC3)CC2)c2ccccc21.Cl.Cl,4.49,IC50,32500.0,nM,0
CHEMBL5817624,Cc1cccc(C2CCN(CCNC(=O)C3CC4CCC3O4)CC2)n1,4.49,IC50,32100.0,nM,0
CHEMBL2315938,O=C(CNc1nc(C(F)(F)F)nc2ccc(C(F)(F)F)cc12)NC1CN([C@H]2CC[C@@](O)(c3cncs3)CC2)C1,4.49,IC50,32700.0,nM,0
CHEMBL2153098,CN(C)c1ccc(/C=C/c2c(F)cccc2F)cc1,4.49,IC50,32100.0,nM,0
CHEMBL4064940,CN(C/C=C/c1ccc(-c2ccccc2)cc1)Cc1ccc2c(c1)OCCC2.Cl,4.49,IC50,32100.0,nM,0
CHEMBL4443635,C[S+]([O-])c1ccc(Nc2ccc3ncc(-c4ccc([S+](C)[O-])cc4)n3n2)cc1,4.49,IC50,32300.0,nM,0
CHEMBL2031882,CN(C)C(=O)c1ccc(-c2ccc3c(c2)CCN(CCN2CCCC2)C3=O)c(F)c1,4.49,IC50,32500.0,nM,0
CHEMBL570815,COc1ccc(CCN2C(=O)N(NS(=O)(=O)CC#N)C[C@@H]2c2ccc(OC)cc2)cc1,4.48,IC50,33000.0,nM,0
CHEMBL5905823,CNC[C@H](c1ccc2ccccc2c1)[C@@H](O)c1ccncc1Cl,4.48,IC50,33000.0,nM,0
CHEMBL3792966,Cc1c(CCN2CCN(C(=O)Cc3ccc(-n4cnnn4)cn3)CC2)ccc2c1COC2=O,4.48,IC50,33000.0,nM,0
CHEMBL5920601,CNC[C@H](c1ccc2ccccc2c1)[C@H](OCC(=O)NCCO)c1ccccc1,4.48,IC50,33000.0,nM,0
CHEMBL3290343,Cc1ncc(CNC2CCN(CCn3c(=O)ccc4c3ccc(=O)n4C)CC2)cc1C#N,4.48,IC50,33000.0,nM,0
CHEMBL2333647,Clc1cc(COCC2(c3ccccc3)CCNCC2)cc(Cl)n1,4.48,IC50,33000.0,nM,0
CHEMBL5954389,COc1cc(CCC(C)(C)N2Cc3cccc(C(=O)N(C)CCO)c3C2)ccc1O,4.48,IC50,33000.0,nM,0
CHEMBL6020570,CNCC(Cc1cccnc1)c1ccc(Cl)c(Cl)c1,4.48,IC50,33000.0,nM,0
CHEMBL5814744,CNC[C@H](c1ccc2ccccc2c1)[C@H](OCC(=O)N1CC[C@H](O)C1)c1ccccc1,4.48,IC50,33000.0,nM,0
CHEMBL2036273,CNC1CCCC(c2c[nH]c3ccc(NC(=N)c4cccs4)cc23)C1.Cl,4.48,IC50,33000.0,nM,0
CHEMBL1741,CC[C@H]1OC(=O)[C@H](C)[C@@H](O[C@H]2C[C@@](C)(OC)[C@@H](O)[C@H](C)O2)[C@H](C)[C@@H](O[C@@H]2O[C@H](C)C[C@H](N(C)C)[C@H]2O)[C@](C)(OC)C[C@@H](C)C(=O)[C@H](C)[C@@H](O)[C@]1(C)O,4.48,IC50,33113.11,nM,0
CHEMBL5788619,CNC[C@H](c1ccc(Cl)c(Cl)c1)[C@H](O)c1cccc(N)c1,4.48,IC50,33000.0,nM,0
CHEMBL381533,CN(C)C(=O)N1CC(c2cc(F)ccc2F)=C[C@H]1c1cccc(O)c1,4.48,IC50,33000.0,nM,0
CHEMBL5832603,CNCC(c1ccc2ccccc2c1)[C@H](CO)c1ccccc1,4.48,IC50,33000.0,nM,0
CHEMBL3586404,CO[C@H]1CC[C@H](N2C(=O)CNc3ncc(-c4ccc(C(C)(C)O)nc4)nc32)CC1,4.48,IC50,33000.0,nM,0
CHEMBL5852793,CNC[C@H](c1ccc(Cl)c(Cl)c1)[C@@H](O)c1cccc(N)c1,4.48,IC50,33000.0,nM,0
CHEMBL5983313,CNC[C@H](c1ccc2ccccc2c1)[C@H](OCC(=O)N(C)C)c1ccccc1,4.48,IC50,33000.0,nM,0
CHEMBL1946619,CCN(CC)C(=O)c1ccc(C(=C2CCNCC2)c2ccccn2)cc1,4.48,IC50,33000.0,nM,0
CHEMBL5929540,CNC[C@H](c1ccc2ccccc2c1)[C@H](OCC(=O)N1CC[C@@H](O)C1)c1ccccc1,4.48,IC50,33000.0,nM,0
CHEMBL3794233,Cc1c(C(O)CN2CCN(C(=O)Cc3ccc(-n4cnnn4)nc3)CC2)ccc2c1COC2=O,4.48,IC50,33000.0,nM,0
CHEMBL5783150,CNC[C@@H](c1ccc2ccccc2c1)[C@H](O)c1ccccn1,4.48,IC50,33000.0,nM,0
CHEMBL2313782,COC1COCCC1N[C@@H]1C[C@H]2CCC[C@@]2(C(=O)N2CCc3ncc(Cl)cc3C2)C1,4.48,IC50,33300.0,nM,0
CHEMBL5804826,CNC[C@H](c1ccc2ccccc2c1)[C@H](O)c1cncc(OC)c1,4.48,IC50,33000.0,nM,0
CHEMBL4776610,CC[C@H]1CN(C2CCN(c3nc(N)n[nH]3)CC2)[C@@H](Cc2ccc(Cl)cc2)CO1,4.48,IC50,33000.0,nM,0
CHEMBL2164208,CONC(=O)N(Cc1ccsc1)C1CCN([C@H](C)CCNC(=O)c2c(C)cc(C(=O)NC(C)C)nc2C)CC1,4.48,IC50,33000.0,nM,0
CHEMBL4463714,Cc1ccc2oc(-c3c4c(N)n[nH]c(=O)c4nn3-c3ccc(NC(=O)/C=C/CN(C)C)cc3)c(C)c2c1,4.48,IC50,32850.0,nM,0
CHEMBL1671904,CCC1OC(=O)C(C)C(OC2CC(C)(OC)C(O)C(C)O2)C(C)C(OC2OC(C)CC(N(C)C)C2O)C(C)(OC)CC(C)C(=O)C(C)C(O)C1(C)O,4.48,IC50,33113.11,nM,0
CHEMBL231397,Cc1cc(=O)n2nc(N3CC[C@H](c4cc(F)c(F)cc4F)[C@@H](N)C3)ccc2n1.O=C(O)C(F)(F)F,4.48,IC50,33200.0,nM,0
CHEMBL4064148,C[C@@]1(c2cc(CNCC3CC3)c(F)cc2F)CCSC(N)=N1,4.48,IC50,33000.0,nM,0
CHEMBL2316209,O=C(CNc1nccc2ccc(C(F)(F)F)cc12)NC1CN([C@H]2CC[C@@](O)(c3cncs3)CC2)C1,4.48,IC50,32900.0,nM,0
CHEMBL1957008,Cc1nc2ncc(Oc3ccc(F)c4cccnc34)nc2c(=O)n1C[C@H]1CCCN(C(C)C)C1,4.48,IC50,33113.11,nM,0
CHEMBL1957005,Cc1nc2ncc(Oc3ccc(Cl)cc3F)nc2c(=O)n1C[C@H]1CCCN(C(C)C)C1,4.48,IC50,33113.11,nM,0
CHEMBL571953,COCCOc1ccc(C2CN(NS(C)(=O)=O)C(=O)N2CCc2ccc(OC)cc2)cc1,4.48,IC50,33000.0,nM,0
CHEMBL1830693,c1ccc(Nc2nc(-c3cn[nH]c3)cs2)nc1,4.48,IC50,33000.0,nM,0
CHEMBL2333631,CN1CCC(COCc2cc(C(F)(F)F)cc(C#N)n2)(c2ccccc2)CC1,4.48,IC50,33000.0,nM,0
CHEMBL5886852,CNC[C@H](c1ccc2ccccc2c1)[C@H](OCC(=O)NC)c1ccccc1,4.48,IC50,33000.0,nM,0
CHEMBL5837722,CNC[C@@H](c1ccc(Cl)c(Cl)c1)[C@H](O)c1cccc(NC(C)=O)c1,4.48,IC50,33000.0,nM,0
CHEMBL5759494,CNC[C@H](c1ccc2ccccc2c1)[C@H](OCC(N)=O)c1ccccc1,4.48,IC50,33000.0,nM,0
CHEMBL5752510,CNC[C@@H](c1ccc2ccccc2c1)[C@H](O)c1ccccc1F,4.48,IC50,33000.0,nM,0
CHEMBL5902505,NC[C@H](c1ccc2ccccc2c1)[C@@H](O)c1ccncc1Cl,4.48,IC50,33000.0,nM,0
CHEMBL5902735,CNC[C@H](c1ccc(Cl)c(Cl)c1)[C@@H](O)c1cccc(NC(C)=O)c1,4.48,IC50,33000.0,nM,0
CHEMBL4087670,O=C(c1ccc(C[C@@H]2CC[C@H]([C@H](O)c3ccccc3)N2)cc1)N1CCN(Cc2ncn(CC(F)F)n2)CC1,4.47,IC50,34010.0,nM,0
CHEMBL2017108,CC(=O)NCCc1ccccc1-c1onc([C@H]2CNCC[C@]2(O)c2ccc(F)c(F)c2)c1C(C)O,4.47,Ki,33600.0,nM,0
CHEMBL4126496,Cc1ccc2nnn(-c3ccc(C(=O)N(c4ncccc4Cl)[C@@H]4CCCNC4)cc3)c2n1,4.47,Ki,34000.0,nM,0
CHEMBL3900985,Cc1c([C@H]2CN3CCN(C(=O)Cc4ccc(-n5cnnn5)nn4)C[C@H]3CO2)ccc(F)c1C#N,4.47,IC50,33700.0,nM,0
CHEMBL4849302,CCS(=O)(=O)c1ccc(C(NC(=O)CC2CC2)C(=O)Nc2ccc(C(O)(C(F)(F)F)C(F)(F)F)cc2)nc1,4.47,IC50,34000.0,nM,0
CHEMBL2419601,CC(C)(C)n1cc2c(n1)C(=O)CC1(CCN(C(=O)c3ccc4[nH]ncc4c3)CC1)O2,4.47,IC50,34000.0,nM,0
CHEMBL2314056,O=C(N1CCc2ncc(C(F)(F)F)cc2C1)[C@@]12CCC[C@@H]1C[C@@H](NC1CCCC1)C2,4.47,IC50,33500.0,nM,0
CHEMBL4794014,CC(C)[C@H]1CN(C2CCN(c3nc(N)n[nH]3)CC2)[C@@H](Cc2ccc(Cl)cc2)CO1,4.47,IC50,34000.0,nM,0
CHEMBL519355,O=C(NC1CC1)c1cn(-c2cccc(-c3cccnc3)c2)c2ncccc2c1=O,4.47,IC50,34000.0,nM,0
CHEMBL1834636,O=C(CNc1n[nH]c2ccc(C(F)(F)F)cc12)NC1CN([C@H]2CC[C@@H](n3ccccc3=O)CC2)C1,4.47,IC50,34000.0,nM,0
CHEMBL2313767,COC1COCCC1N[C@@H]1C[C@H]2CCC[C@@]2(C(=O)N2CCc3ccc(C#N)cc3C2)C1,4.47,IC50,33700.0,nM,0
CHEMBL3425932,O=c1ccc2ncc(F)c3c2n1C[C@@]3(O)CC12CCC(NCc3cc4c(cn3)OCS4)(CC1)CO2,4.47,IC50,33600.0,nM,0
CHEMBL1916539,COc1ccc2ccc(=O)n(CCN3CCC(NCc4cc5c(cn4)OCCO5)CC3)c2c1,4.47,IC50,34000.0,nM,0
CHEMBL556300,Cc1nc(CN[C@H]2CC[C@@H](F)C2)c(C(C)C)n1-c1cc(F)cc(F)c1,4.47,IC50,34000.0,nM,0
CHEMBL247690,O=C(NC1CCN(Cc2ccc(OCCCN3CCOCC3)c(F)c2)CC1)c1cc(=O)c2ccc(F)cc2o1,4.47,IC50,34000.0,nM,0
CHEMBL215023,COc1ccc2c(=O)n(CC(O)CO)c(C#N)c(-c3cccc(F)c3)c2c1,4.47,IC50,33500.0,nM,0
CHEMBL2333606,CC1CC1c1cc(C(F)(F)F)cc(COCC2(c3ccc(F)cc3)CCN(C)CC2)n1,4.47,IC50,34000.0,nM,0
CHEMBL2314057,O=C(N1CCc2ncc(C(F)(F)F)cc2C1)[C@@]12CCC[C@@H]1C[C@@H](NC1CCCCC1)C2,4.47,IC50,33600.0,nM,0
CHEMBL4797664,C[C@H](Oc1cc2cc(C(N)=O)ccc2nc1N)c1ncc(F)cc1-n1cccn1,4.47,Ki,34000.0,nM,0
CHEMBL4865352,CCS(=O)(=O)c1ccc2c(c1)CN(C(C)=O)C2C(=O)Nc1ccc(C(O)(C(F)(F)F)C(F)(F)F)cc1,4.47,IC50,34000.0,nM,0
CHEMBL5961429,N#Cc1cnc(Nc2cc(-c3c(OCF)cncc3OCCCN)[nH]n2)cn1,4.46,IC50,34500.0,nM,0
CHEMBL4098840,CC1(C)[C@H](Nc2c(C(N)=O)cnn3cc(-c4ccc(F)nc4)cc23)CC[C@]1(C)N,4.46,IC50,35000.0,nM,0
CHEMBL4086008,CN(C/C=C/c1ccc(-c2ccccc2)cc1)Cc1coc2ccccc12.Cl,4.46,IC50,34800.0,nM,0
CHEMBL2165063,COc1ccc2ncc(=O)n(CCN3CCC(NCc4ccc5c(n4)NC(=O)CO5)CC3)c2c1,4.46,IC50,35000.0,nM,0
CHEMBL4077886,N#C[C@H]1CCOC[C@@H]1n1cc(C(N)=O)c(Nc2ccc(C3CC3)cc2)n1,4.46,IC50,35000.0,nM,0
CHEMBL298817,C[C@@H](n1cnc2cc(Cl)ccc2c1=O)[C@](O)(Cn1cncn1)c1ccc(F)cc1F,4.46,IC50,34860.0,nM,0
CHEMBL1643773,CN([C@@H]1CCc2c(CC(=O)O)c3ccc(F)cc3n2C1)S(=O)(=O)c1ccc(F)cc1,4.46,Ki,35000.0,nM,0
CHEMBL5797561,N#Cc1ccc(COc2cccc(C3CCN(Cc4nc5ccc(C(=O)O)nc5n4C[C@@H]4CCO4)CC3)c2)c(F)c1,4.46,IC50,34600.0,nM,0
CHEMBL1084000,CN(C)CCCCc1ccc(C2(C)COC2)cc1,4.46,IC50,35000.0,nM,0
CHEMBL4208638,CC(C)(CO)Oc1ccc(C(N)=O)c(O[C@@H]2CCN(C(=O)Cc3ccc(OC(F)(F)F)cc3)C[C@@H]2F)c1,4.46,IC50,35000.0,nM,0
CHEMBL3582344,CCn1cc([C@@]2(c3nn(CC(N)=O)c(=O)o3)N[C@@H](c3nc(-c4ccc(F)cn4)c[nH]3)Cc3c2[nH]c2ccccc32)cn1,4.46,IC50,34500.0,nM,0
CHEMBL216524,O=C(NC1CCN(Cc2ccc3ncoc3c2)CC1)c1cc(=O)c2ccc(F)cc2o1,4.46,IC50,34600.0,nM,0
CHEMBL25437,N[C@H](C(=O)N1CCCC1)[C@H]1CC[C@H](NS(=O)(=O)c2ccc(F)cc2F)CC1,4.46,Ki,35000.0,nM,0
CHEMBL2204243,Cc1ccc([C@]2(O)CC[C@H](N3CC(NC(=O)CNC(=O)c4cccc(C(F)(F)F)c4)C3)CC2)cn1,4.46,IC50,35000.0,nM,0
CHEMBL3219117,Cn1ccc(NC(=O)c2cc(Oc3ccc(C(=O)N4CCC4)cc3)cc(O[C@H]3CCOC3)c2)n1,4.46,IC50,35000.0,nM,0
CHEMBL5997031,Cc1nsc(-c2nnc3n2CCN(C(=O)c2ccc(Cl)cc2)C3)n1,4.46,IC50,35000.0,nM,0
CHEMBL1829603,O=C(CNC(=O)c1cccc(C(F)(F)F)c1)NC1CN([C@H]2CC[C@](O)(c3cccnc3)CC2)C1,4.46,IC50,35000.0,nM,0
CHEMBL1951912,CCN(C(=O)Cc1ccc(S(C)(=O)=O)cc1)C1CCN(CC[C@@H](c2cccc(F)c2)C2CCN(S(C)(=O)=O)CC2)CC1,4.46,IC50,35000.0,nM,0
CHEMBL2315940,N#Cc1cc(NCC(=O)NC2CN([C@H]3CC[C@@](O)(c4cncs4)CC3)C2)c2cc(C(F)(F)F)ccc2n1,4.46,IC50,35100.0,nM,0
CHEMBL2376800,CCc1cnc2c(N3CC(NC)C3)nc(N)nc2c1,4.46,Ki,34673.69,nM,0
CHEMBL5079623,C[C@H](C(=O)O)n1nc(Cn2cc3cc(OCC4CC4)c(Cl)cc3n2)c2ccccc2c1=O,4.45,IC50,35800.0,nM,0
CHEMBL1782569,CO[C@@H]1COCC[C@@H]1N[C@@H]1CC[C@@](C(=O)N2CCN(c3ccnc(C(F)(F)F)n3)CC2)(C(C)C)C1,4.45,IC50,35900.0,nM,0
CHEMBL2436226,CN[C@@H](C)C(=O)N[C@@H]1C(=O)N(Cc2c(C)ccc3ccccc23)c2ccc(C#N)cc2N(C(C)=O)[C@H]1C.Cl,4.45,IC50,35300.0,nM,0
CHEMBL4459320,Nc1nc(-c2ccc(F)cc2)c(-c2ccnc(Nc3ccc(N4CCNCC4)cc3)n2)s1,4.45,IC50,35500.0,nM,0
CHEMBL3582330,Cn1cc([C@@]2(c3nnc(N)o3)N[C@@H](c3nc(-c4ccc(F)cn4)c[nH]3)Cc3c2[nH]c2ccccc32)cn1,4.45,IC50,35400.0,nM,0
CHEMBL1837040,CC(=O)N1Cc2cc(Cl)ccc2-n2c(nnc2C2CCN(c3ccccn3)CC2)C1,4.45,IC50,35200.0,nM,0
CHEMBL2315939,O=C(CNc1cc(C(F)(F)F)nc2ccc(C(F)(F)F)cc12)NC1CN([C@H]2CC[C@@](O)(c3cncs3)CC2)C1,4.44,IC50,36100.0,nM,0
CHEMBL3221520,O=C(Nc1ccc(F)cn1)[C@H](CN1CC(O)C1)Oc1ncnc2c1cnn2-c1ccccc1Cl,4.44,IC50,36000.0,nM,0
CHEMBL3219115,COC[C@H](C)Oc1cc(Oc2ccc(C(=O)N3CCC3)cc2)cc(C(=O)Nc2ccn(C)n2)c1,4.44,IC50,36000.0,nM,0
CHEMBL1784524,Cc1nc2ccccc2n1C1CC2CCC(C1)N2CCC1(c2cccc(F)c2)CCN(C(=O)c2c(F)ccc(NS(C)(=O)=O)c2F)CC1,4.44,IC50,36307.81,nM,0
CHEMBL1671888,CCC1OC(=O)C(C)C(OC2CC(C)(OC)C(O)C(C)O2)C(C)C(OC2OC(C)CC(N(C)C)C2O)C(C)(O)CC(C)/C(=N/OCOCCOC)C(C)C(O)C1(C)O,4.44,IC50,36307.81,nM,0
CHEMBL1088803,CCCCC(N1CCOCC1)C(O)(c1cccnc1)c1cccnc1,4.44,IC50,36000.0,nM,0
CHEMBL4059965,Cc1c([C@@H](O)CN2CCC3(CC2)CC(=O)N(c2ccc(=O)n(C)n2)C3)ccc2c1COC2=O,4.44,IC50,36400.0,nM,0
CHEMBL520502,CC(C)(O)c1ccc(-c2cccc(-n3cc(C(=O)NC4CC4)c(=O)c4cccnc43)c2)cn1,4.44,IC50,36600.0,nM,0
CHEMBL3747455,CCc1nnc([C@H]2[C@@H]3CN(C(=O)c4ccc(C[C@@H]5CC[C@H]([C@H](O)c6ccccc6)N5)cc4)C[C@@H]32)o1,4.44,IC50,36000.0,nM,0
CHEMBL1089865,Cc1ccc(C(=O)NC2CC2)cc1-c1cc2cnn(-c3c(F)cccc3F)c2n(C)c1=O,4.44,IC50,36000.0,nM,0
CHEMBL5770748,CNC(=O)c1ccc(N2CCN(Cc3ccc4nc(CC(F)F)c(=O)[nH]c4c3)CC2)cn1,4.44,IC50,36000.0,nM,0
CHEMBL4564074,CCc1cc(-c2ccccc2)cc(S(=O)(=O)c2cnc(CN)s2)c1,4.44,IC50,36000.0,nM,0
CHEMBL1834787,O=C(CNc1n[nH]c2ccc(C(F)(F)F)cc12)NC1CN([C@H]2CC[C@@H](c3cccnc3)CC2)C1,4.44,IC50,36000.0,nM,0
CHEMBL3753718,COc1ccc2ncc(F)c([C@H](O)[C@@H](O)C34CCC(NCc5ccc6c(n5)NC(=O)CO6)(CC3)CO4)c2n1,4.44,IC50,36100.0,nM,0
CHEMBL4544320,CNC(=O)c1cnc(Nc2ccccn2)cc1Nc1ccccc1S(C)(=O)=O,4.44,IC50,36000.0,nM,0
CHEMBL2204244,COc1ccc([C@]2(O)CC[C@H](N3CC(NC(=O)CNC(=O)c4cccc(C(F)(F)F)c4)C3)CC2)cn1,4.43,IC50,37000.0,nM,0
CHEMBL2386558,CN(C)C(=O)[C@H]1C[C@@H]1c1ccc(-c2ncn(C)c2Sc2ccc(Cl)cn2)cc1,4.43,IC50,37000.0,nM,0
CHEMBL568523,CC1(C)Cc2cccc(CN3CCC4(CC3)CCN(C(=O)c3ccc(N)cn3)CC4)c2O1,4.43,IC50,37153.52,nM,0
CHEMBL3417742,COc1ccc(Oc2ccc(S(=O)(=O)C3(C(=O)NO)CCC4(CCNCC4)C3)cc2)cc1,4.43,IC50,37000.0,nM,0
CHEMBL366871,CC[C@@H](C)[C@H](C(=O)O)N1C[C@H](CN2CCC(c3cc(Cc4ccc(OC)c(OC)c4)nn3CC)CC2)[C@@H](c2cccc(F)c2)C1,4.43,Ki,37000.0,nM,0
CHEMBL1829627,Nc1ccc([C@H]2CC[C@H](N3CC(NC(=O)CNC(=O)c4cccc(C(F)(F)F)c4)C3)CC2)nc1,4.43,IC50,37000.0,nM,0
CHEMBL481932,CN1CC[C@H](N(C)C(=O)N2CC(c3cc(F)ccc3F)=C[C@@]2(CO)c2ccccc2)[C@@H](F)C1,4.43,IC50,36900.0,nM,0
CHEMBL437206,C[C@H](c1nc(-c2ccc(S(C)(=O)=O)cc2Cl)no1)[C@H](N)C(=O)N1CCCC1.O=C(O)C(F)(F)F,4.43,IC50,37000.0,nM,0
CHEMBL5902750,CNC(=O)c1ccc(N2CCN(Cc3ccc4nc(CC(F)F)c(=O)[nH]c4c3)CC2)c(F)n1,4.43,IC50,37000.0,nM,0
CHEMBL5071369,C=CC(=O)N1C(=O)CC(c2ccc(F)cc2)Sc2ccccc21,4.43,IC50,37500.0,nM,0
CHEMBL2315926,CC(C)c1ncc([C@]2(O)CC[C@H](N3CC(NC(=O)CNc4ncnc5ccc(C(F)(F)F)cc45)C3)CC2)s1,4.43,IC50,37500.0,nM,0
CHEMBL3087669,Cc1cc(N2CC[C@H](N3CCC[C@@H]3C)C2)ccc1NC(=O)c1c(C)noc1C,4.43,IC50,37000.0,nM,0
CHEMBL23891,N[C@H](C(=O)N1CC[C@H](F)C1)[C@H]1CC[C@H](NC(=O)OCc2ccccc2)CC1,4.43,Ki,37000.0,nM,0
CHEMBL2036234,CC1CN(CC(=O)N[C@H]2C3CC4CC2C[C@](C(N)=O)(C4)C3)S(=O)(=O)N(c2c(Cl)cc(Cl)cc2Cl)C1,4.43,IC50,37000.0,nM,0
CHEMBL4451783,CC(=O)Nc1nc(-c2ccc(F)cc2)c(-c2ccnc(Nc3ccc(N4CCNCC4)cc3)n2)s1,4.42,IC50,38000.0,nM,0
CHEMBL5571201,CCn1cnc2c(NCc3ccc(-c4ccoc4)nc3)nc(N3CCOC[C@H]3CCO)nc21,4.42,IC50,37900.0,nM,0
CHEMBL4216925,CC(C)(O)COc1ccc(C(N)=O)c(O[C@H]2CCN(C(=O)Cc3ccc(OC(F)(F)F)cc3)C[C@@H]2F)c1,4.42,IC50,38000.0,nM,0
CHEMBL4557190,CNC(=O)c1cnc(Nc2cc(C)c(F)cn2)cc1Nc1cccc(-c2ncn(C)n2)c1OC,4.42,IC50,38000.0,nM,0
CHEMBL2041182,Cc1cc(N2C(=O)N(c3ccc(-c4ccc(C(=O)O)cc4C)cc3)C(=O)C23CCN(Cc2ncccc2C)CC3)ncn1,4.42,IC50,38000.0,nM,0
CHEMBL4206532,CC(C)(O)COc1ccc(C(N)=O)c(O[C@@H]2CCN(C(=O)Cc3ccc(OC(F)(F)F)cc3)C[C@@H]2F)c1,4.42,IC50,38000.0,nM,0
CHEMBL2112295,[O-][n+]1ccc(CC(c2ccc(OC(F)F)c(OC3CCC3)c2)c2cnc(C(O)(C(F)(F)F)C(F)(F)F)s2)cc1,4.42,Ki,38100.0,nM,0
CHEMBL5857118,CN1CCN(c2ccc(C(=O)Nc3cc(-c4ccncc4)ccc3N)nc2)CC1,4.42,IC50,38000.0,nM,0
CHEMBL1089164,Cc1ccc(OC(=O)N(CC(=O)O)Cc2cccc(OCc3nc(-c4ccc(F)cc4)oc3C)c2)cc1,4.42,IC50,38000.0,nM,0
CHEMBL4453213,COc1ccc2[nH]c(-c3ccc(-c4ccc(O[C@H]5CC[C@@H](CC(=O)O)CC5)nc4)nc3)nc2n1,4.42,Ki,37700.0,nM,0
CHEMBL6023542,CCCc1nc2ccc(CN3CCN(c4ccc(C(=O)NC)nc4F)CC3)cc2[nH]c1=O,4.42,IC50,38000.0,nM,0
CHEMBL219074,CC(C)N1CCN(C(=O)N2CCC(Cc3ccccc3)CC2)CC1,4.42,IC50,37619.05,nM,0
CHEMBL4127458,Cc1cncc(-c2ccc(C(=O)N(c3ncccc3Cl)[C@@H]3CCCNC3)cc2)n1,4.42,Ki,38200.0,nM,0
CHEMBL1822444,CN(C)C1(CNC(=O)N2CCC(c3nc(-c4ccc5ccccc5n4)no3)CC2)CCCC1,4.42,IC50,38000.0,nM,0
CHEMBL559940,CS(=O)(=O)c1ccc2c(c1)nc1n2C[C@H](N)[C@@H](c2cc(F)c(F)cc2F)C1.O=C(O)C(F)(F)F,4.42,IC50,38000.0,nM,0
CHEMBL4126072,CNc1cncc(-c2ccc(C(=O)N(c3ncccc3Cl)[C@@H]3CCCNC3)cc2)n1,4.42,Ki,38400.0,nM,0
CHEMBL568522,CC1(C)C=Cc2cccc(CN3CCC4(CC3)CCN(C(=O)c3ccnc(N)c3)CC4)c2O1,4.42,IC50,38018.94,nM,0
CHEMBL3759768,COc1ccc2c(c1)[C@@H]1C[C@]1(C(=O)N1C3CCC1CN(C)C3)Cn1c-2c(C2CCCCC2)c2ccc(C(=O)NS(=O)(=O)C3CCC3)cc21,4.42,IC50,38100.0,nM,0
CHEMBL3219110,Cc1cnc(NC(=O)c2cc(Oc3ccc(C(=O)N4CCC4)cc3)cc(O[C@@H](C)CO)c2)cn1,4.42,IC50,38000.0,nM,0
CHEMBL5855149,Cn1c(=O)cnc2ccc(OCCNC[C@@H]3CN(c4ccc5c(n4)NC(=O)CO5)C(=O)O3)nc21,4.42,IC50,38000.0,nM,0
CHEMBL2314064,O=C(N1CCc2ncc(C(F)(F)F)cc2C1)[C@@]12CCCC[C@@H]1C[C@@H](NC1CCOCC1)C2,4.41,IC50,38900.0,nM,0
CHEMBL3683711,Oc1ccc(OC[C@@H](O)CN2CCN(c3ccc(Cl)cc3)CC2)cc1,4.41,Ki,39000.0,nM,0
CHEMBL3596589,CCn1cc(N2CCN(Cc3nc4c5cccc(OC)c5nc(N)n4n3)[C@H](C)C2)cn1,4.41,IC50,39190.0,nM,0
CHEMBL3666257,CC(C)n1cc(C(=O)c2cncc(NC(=O)Cn3ccc(C4CC4)n3)c2)c2cnc(N)nc21,4.41,Ki,38900.0,nM,0
CHEMBL3608688,C[C@@H]1c2nnc(-c3nc(C(F)(F)F)ns3)n2CCN1C(=O)c1ccc(F)cc1,4.41,IC50,39000.0,nM,0
CHEMBL4092912,O=C(c1ccc(C[C@@H]2CC[C@H]([C@H](O)c3ccccc3)N2)cc1)N1CCN(Cc2nnn(CC3CC3)n2)CC1,4.41,IC50,39380.0,nM,0
CHEMBL4571987,CCON=C1CCC(CN2CCN(c3nc(=O)c4cc(C(F)(F)F)cc([N+](=O)[O-])c4s3)CC2)CC1,4.41,IC50,38920.0,nM,0
CHEMBL567916,CCc1n[nH]c(CC)c1Oc1cc(Cl)cc(C#N)c1,4.41,IC50,39000.0,nM,0
CHEMBL392825,C[C@@H](C1CCC(N(C)C(=O)C2CC2)CC1)[C@H](N)C(=O)N1CC[C@H](F)C1.Cl,4.41,IC50,39000.0,nM,0
CHEMBL383762,[O-][n+]1cccc(C[C@H](c2ccc(OC(F)F)c(OC3CC3)c2)c2cnc(C(O)(C(F)(F)F)C(F)(F)F)s2)c1,4.41,Ki,39000.0,nM,0
CHEMBL283368,N[C@H](C(=O)N1CCSC1)[C@H]1CC[C@H](NC(=O)c2ccccc2C(F)(F)F)CC1,4.41,Ki,39000.0,nM,0
CHEMBL2165062,N#Cc1ccc2ccc(=O)n(CCN3CCC(NCc4cc5c(cn4)OCCO5)CC3)c2c1,4.41,IC50,39000.0,nM,0
CHEMBL2036268,CN[C@H]1CC[C@@H](c2c[nH]c3ccc(NC(=N)c4cccs4)cc32)CC1.Cl,4.41,IC50,39000.0,nM,0
CHEMBL538877,COC[C@@H]1C[C@H]2[C@@H]3CC[C@H]4N(C)C(=O)C=C[C@]4(C)[C@H]3CC[C@]2(C)[C@H]1O,4.41,Ki,39000.0,nM,0
CHEMBL2105762,CS(=O)(=O)n1cc2c(n1)CN([C@H]1CO[C@H](c3cc(F)ccc3F)[C@@H](N)C1)C2,4.41,IC50,39000.0,nM,0
CHEMBL240394,O=C(c1cc(F)cc(F)c1)N1CCN(c2ccc(OCCCN3CCCCC3)cc2)C(=O)C1.O=CO,4.4,IC50,39810.72,nM,0
CHEMBL4854122,CCS(=O)(=O)c1ccc2c(c1)CN(C(C)=O)[C@H]2C(=O)Nc1ccc(C(O)(C(F)(F)F)C(F)(F)F)cc1,4.4,IC50,40000.0,nM,0
CHEMBL4472802,CNC(=O)c1cnc(Nc2ccc(N3CCOCC3)cn2)cc1Nc1ccccc1S(C)(=O)=O,4.4,IC50,40000.0,nM,0
CHEMBL218836,O=C(NCc1ccc(C(F)(F)F)cc1)N1CCC[C@H]1CN1CCCC1,4.4,IC50,40000.0,nM,0
CHEMBL1822864,Cc1nc(C)c(-c2ccc3cc(CCN4CCCC4C)ccc3n2)cc1C(N)=O,4.4,IC50,40000.0,nM,0
CHEMBL1684047,CC(N(C)C)C1(c2ccc(Cl)c(Cl)c2)CCCCC1,4.4,IC50,40000.0,nM,0
CHEMBL5875054,CN(C)Cc1ccncc1-c1ccc2[nH]nc(C(=O)NCC3CCOCC3)c2c1,4.4,IC50,40000.0,nM,0
CHEMBL573493,Nc1cnc(-c2cnc3nc(N4CCC(N5CCCCC5)CC4)sc3c2)cn1,4.4,IC50,40000.0,nM,0
CHEMBL1916545,COc1ccc2ccc(=O)n(CCN3CCC(NCc4cc5c(cn4)OCCO5)CC3)c2n1,4.4,IC50,40000.0,nM,0
CHEMBL594979,FC(F)(F)c1cc(Nc2ccccc2)nc(NCc2ccccn2)n1,4.4,IC50,40100.0,nM,0
CHEMBL574387,CC(=O)Nc1ccc(-c2cnc3nc(N4CCC(N5CCCCC5)CC4)sc3c2)cn1,4.4,IC50,40000.0,nM,0
CHEMBL4785484,C[C@H](Oc1cc2cc(F)cc(F)c2nc1N)c1cc(C(=O)O)ccc1-n1cccn1,4.4,Ki,40000.0,nM,0
CHEMBL1136,CC[C@H]1OC(=O)[C@H](C)C(=O)[C@H](C)[C@@H](O[C@@H]2O[C@H](C)C[C@H](N(C)C)[C@H]2O)[C@](C)(OC)C[C@@H](C)C(=O)[C@H](C)[C@H]2N(CCCCn3cnc(-c4cccnc4)c3)C(=O)O[C@]12C,4.4,IC50,40000.0,nM,0
CHEMBL3398278,CC(C)N1Cc2cc(-c3cc(-c4ccc(Cl)nc4)no3)ccc2C1=O,4.4,IC50,40000.0,nM,0
CHEMBL22679,N[C@H](C(=O)N1CCCC1)[C@H]1CC[C@H](NC(=O)OCc2ccccc2)CC1,4.4,Ki,40000.0,nM,0
CHEMBL5813287,Cn1c(=O)cnc2ccc(OCCNC[C@H]3CN(c4ccc5c(n4)NC(=O)CO5)C(=O)O3)nc21,4.4,IC50,40000.0,nM,0
CHEMBL3582337,CCn1cc(C2(c3nn(C)c(=O)o3)N[C@@H](c3nc(-c4ccc(F)cn4)c[nH]3)Cc3c2[nH]c2ccccc32)cn1,4.4,IC50,39900.0,nM,0
CHEMBL4437415,CN(C)c1ccc(-c2cc3nccnc3c(NCCCCN)n2)cn1,4.4,IC50,39810.72,nM,0
CHEMBL1684058,CC(N(C)C)C1(c2ccc(Cl)c(Cl)c2)CCCCC1.Cl,4.4,IC50,40000.0,nM,0
CHEMBL272300,Cc1ccc2c(-c3nnc(SCCC(C)N4CCc5cc6c(cc5CC4)C(=O)N(C)C6)n3C)cccc2n1,4.4,IC50,39810.72,nM,0
CHEMBL3925332,O=C(O)c1cc(N2CCN(CCc3ccc(OCCCN4CCCCCC4)cc3)CC2)c2ncccc2c1,4.4,IC50,39810.72,nM,0
CHEMBL604798,Cc1ccc2oc(N3CCN4CCC3CC4)nc2n1,4.4,IC50,40000.0,nM,0
CHEMBL2409707,C[C@]1(CS(=O)(=O)N2CCC(Oc3ccc(OC(F)(F)C(F)F)cc3)CC2)NC(=O)NC1=O,4.4,IC50,40000.0,nM,0
CHEMBL3221521,O=C(Nc1ccc(F)cn1)[C@H](COCCO)Oc1ncnc2c1cnn2-c1ccccc1Cl,4.4,IC50,39810.72,nM,0
CHEMBL2441422,COc1c(CCN2CCN(C(=O)Cc3ccc(-n4cnnn4)cc3)CC2)ccc2c1COC2=O,4.4,IC50,40000.0,nM,0
CHEMBL5082793,CCCC(N)C(=O)NCCc1ccc(-c2ccc(Cl)c(Cl)c2)cc1.Cl,4.4,IC50,39502.0,nM,0
CHEMBL4573466,Cc1c(C(F)CN2CCN(CC(F)c3ccc4c(c3C)COC4=O)CC2)ccc2c1COC2=O,4.4,IC50,40000.0,nM,0
CHEMBL3687984,CN1C(=O)Cn2c1nc1nc(N3CCC[C@@H](N)C3)n(Cc3cc(F)ccc3C#N)c1c2=O,4.4,IC50,40000.0,nM,0
CHEMBL4089234,N#C[C@H]1CCOC[C@@H]1n1cc(C(N)=O)c(Nc2ccc(Cl)cc2)n1,4.4,IC50,40000.0,nM,0
CHEMBL3764017,CC1(C)CCc2cc(S(=O)(=O)N(CC(=O)O)C3(c4cccc(-c5cc(Cl)cc(Cl)c5)c4)CCC3)ccc2O1,4.4,IC50,40000.0,nM,0
CHEMBL4104623,N#C[C@H]1CCOC[C@@H]1n1cc(C(N)=O)c(Nc2ccc(F)cc2)n1,4.4,IC50,40000.0,nM,0
CHEMBL5787584,Cc1ccc(COC(=O)N2CC[C@H](CNc3nccn4cnnc34)C(F)(F)C2)cc1,4.4,IC50,40000.0,nM,0
CHEMBL4061128,N#Cc1ccc(Nc2nn([C@H]3COCC[C@@H]3C#N)cc2C(N)=O)cc1,4.4,IC50,40000.0,nM,0
CHEMBL3221492,Cc1cnc(NC(=O)[C@H](COC2CCC2)Oc2ncnc3c2cnn3-c2ncccc2Cl)cn1,4.4,IC50,39810.72,nM,0
CHEMBL3221490,Cc1ccc(NC(=O)[C@H](COC2CCC2)Oc2ncnc3c2cnn3-c2ncccc2Cl)nc1,4.4,IC50,39810.72,nM,0
CHEMBL4639128,COCc1nc2cnc3cc(-c4c(C)noc4C)c(OC[C@H]4CCNC4)cc3c2n1[C@H](C)c1ccccc1,4.4,IC50,39810.72,nM,0
CHEMBL512896,Cc1ccccc1[C@@H]1CCN(C[C@@H]2CCc3cccnc3[C@@H](O)C2)C[C@H]1O,4.4,IC50,40000.0,nM,0
CHEMBL4867703,C[C@H](Oc1ccc(C(=O)NC2CC2)cc1-c1cn(C)nn1)c1ccccn1,4.4,IC50,39810.72,nM,0
CHEMBL3219121,COC[C@H](C)Oc1cc(Oc2ccc(C(=O)N3CCC3)nc2)cc(C(=O)Nc2cnc(C)cn2)c1,4.4,IC50,40000.0,nM,0
CHEMBL4434908,Cn1cc(NC(=O)c2cccc(-c3ccnc(NCC4CC4)c3)n2)c(C(=O)N2CC(CN)C2)n1,4.4,IC50,40000.0,nM,0
CHEMBL4472827,CN(C)c1ccc(-c2cc(NC[C@H]3CCCNC3)c3cccnc3c2)cn1,4.4,IC50,39810.72,nM,0
CHEMBL4534405,CC1(c2ccc(NS(C)(=O)=O)cc2)NC(=O)N(CC(=O)c2ccc(F)cc2F)C1=O,4.4,IC50,39810.72,nM,0
CHEMBL4203347,C[C@H]1C[C@H]2CSC(N)=N[C@@]2(c2ccsc2)CO1,4.4,IC50,39900.0,nM,0
CHEMBL3605023,N[C@@H]1C(=O)NC[C@H]1Oc1ccc2ncc(F)c(CCC34CCC(NCc5ccc6c(n5)NC(=O)CO6)(CC3)CO4)c2n1,4.4,IC50,39900.0,nM,0
CHEMBL548279,COc1ccc2nccc([C@@H](O)CN3CCC(NCc4ccc5c(c4)OCCO5)CC3)c2c1,4.4,IC50,39800.0,nM,0
CHEMBL1085959,COc1ccccc1CC(c1ccccc1F)N1CCNCC1,4.4,IC50,40100.0,nM,0
CHEMBL513139,CC(C)C(=O)N(Cc1ccc(Cl)cc1Cl)[C@H]1CCNC1,4.4,IC50,40200.0,nM,0
CHEMBL1264,CCCNCC(O)COc1ccc(O)cc1C(=O)CCc1ccccc1,4.4,IC50,40000.0,nM,0
CHEMBL3758288,COc1ccc2c(c1)[C@@H]1C[C@]1(C(=O)N1C3CCC1CN(C)C3)Cn1c-2c(C2CCCCC2)c2ccc(C(=O)NS(=O)(=O)C(C)C)cc21,4.39,IC50,40900.0,nM,0
CHEMBL4104127,CC1(C)[C@H](Nc2c(C(N)=O)cnn3cc(-c4ccnc(F)c4)cc23)CC[C@]1(C)N,4.39,IC50,41000.0,nM,0
CHEMBL2314065,COC1COCCC1N[C@@H]1C[C@H]2CCCC[C@@]2(C(=O)N2CCc3ncc(C(F)(F)F)cc3C2)C1,4.39,IC50,40900.0,nM,0
CHEMBL4758500,Cc1cccn(-c2ccc(-c3ccc4c(C(=O)NCc5ccncc5)n[nH]c4c3)c(Cl)c2)c1=O,4.39,IC50,41100.0,nM,0
CHEMBL4641148,O=C(NCC1CCOCC1)c1n[nH]c2ccc(-c3cnccc3CO)cc12,4.39,IC50,41000.0,nM,0
CHEMBL3314433,CN(C)c1ncc(/C=C/c2c(F)cccc2F)cn1,4.39,IC50,40500.0,nM,0
CHEMBL3338895,O=C1NC(=O)/C(=C\c2ccccc2OCc2nnc(-c3ccccc3)o2)S1,4.39,IC50,41000.0,nM,0
CHEMBL466648,Cc1ncc(-c2c(C)c(CN[C@H]3CC[C@@H](F)C3)nn2-c2ncccc2Cl)cc1F,4.39,IC50,41000.0,nM,0
CHEMBL2017581,COc1cc(-c2cn([C@H]3C[C@@H]([Si](C)(C)C)CCN(Cc4ccccc4)C3=O)nn2)ccc1-n1cnc(C)c1,4.39,IC50,40800.0,nM,0
CHEMBL4466809,CC(C)(C)c1ccc2[nH]c(C(C)(C)N)nc2c1,4.39,IC50,41000.0,nM,0
CHEMBL4592655,O=C(O)C[C@H]1CC[C@H](OC2CCN(c3ccc(-c4nc5cc(F)c(F)cc5[nH]4)cn3)CC2)CC1,4.39,Ki,40700.0,nM,0
CHEMBL4445189,O=C(CCCS(=O)(=O)c1ccccc1)Nc1nc(=O)[nH]cc1F,4.39,IC50,40477.0,nM,0
CHEMBL1824041,N#Cc1ccc2c(c1)N(CCN1CCC(NCc3ccc4c(n3)NC(=O)CO4)CC1)C(=O)CO2,4.39,IC50,41000.0,nM,0
CHEMBL5990621,C[C@H](CCc1ccc(Cl)c(Cl)c1)N1Cc2cc3c(cc2C1)OCO3,4.39,IC50,41000.0,nM,0
CHEMBL78439,CC(C)(O)c1ccc(C(Cc2ccc[n+]([O-])c2)c2ccc(OC(F)F)c(OC3CC3)c2)cn1,4.38,Ki,42200.0,nM,0
CHEMBL3128043,Cc1nc(Nc2n[nH]c3c2CN(C(=O)N[C@H](CN(C)C)c2ccccc2)C3(C)C)c2sccc2n1,4.38,IC50,42100.0,nM,0
CHEMBL3793717,Cc1cc(-n2cnnn2)ncc1C(C)C(=O)N1CCN(CCc2ccc3c(c2C)COC3=O)CC1,4.38,IC50,42000.0,nM,0
CHEMBL1916538,COc1ccc2c(c1)N(CCN1CCC(NCc3ccc4c(n3)NC(=O)CO4)CC1)C(=O)OC2,4.38,IC50,42000.0,nM,0
CHEMBL4203759,CC(C)(O)COc1ccc(C(N)=O)c(O[C@H]2CCN(C(=O)Cc3ccc(OC(F)(F)F)cc3)C[C@H]2F)c1,4.38,IC50,42000.0,nM,0
CHEMBL4108583,Cc1nsc(-c2nnc3n2CCN(C(=O)c2ccc(Cl)c(Cl)c2)[C@@H]3C)n1,4.38,IC50,42000.0,nM,0
CHEMBL1784511,Cc1nc2ccccc2n1C1CC2CCC(C1)N2CCC1(c2cccc(F)c2)CCN(C(=O)c2cc(S(N)(=O)=O)ccc2F)CC1,4.38,IC50,41686.94,nM,0
CHEMBL248297,O=C(NC1CCN(Cc2ccc(OCCCN3CCCCC3)c(F)c2)CC1)c1cc(=O)c2ccc(F)cc2o1,4.38,IC50,42000.0,nM,0
CHEMBL3794265,O=c1cnc2ccc(F)c3c2n1C[C@H]3CN1CCC(NCc2cc3c(nn2)OCCO3)CC1,4.38,IC50,42000.0,nM,0
CHEMBL3942711,O=C1OCCc2cc([C@H]3CN4CCN(C(=O)Cc5ccc(-n6cnnn6)nc5)C[C@@H]4CO3)ccc21,4.38,IC50,41500.0,nM,0
CHEMBL3115116,COC1COCCC1N[C@@H]1C[C@H]2CN(C3CC3)C[C@@]2(C(=O)N2CCc3ncc(C(F)(F)F)cc3C2)C1,4.38,IC50,42100.0,nM,0
CHEMBL4867992,C[C@H]1COc2c(N3CC[C@@H](C4(N)CC4)C3)cc(Cl)c3cc(C(=O)O)c(=O)n1c23,4.38,IC50,42000.0,nM,0
CHEMBL279944,N[C@H](C(=O)N1CCC(F)(F)C1)[C@H]1CC[C@H](NC(=O)OCc2ccccc2)CC1,4.38,Ki,42000.0,nM,0
CHEMBL3415586,Cc1cc(C)nc(Nc2cc(NC[C@@H](N)C(F)(F)F)cnc2C(N)=O)c1,4.38,IC50,42000.0,nM,0
CHEMBL3342693,Cc1nc(NC(=O)c2cc(CNC(=O)C(C)C)cnc2C(F)F)[nH]c1-c1ccc(C(F)(F)F)cc1,4.38,Ki,41300.0,nM,0
CHEMBL2333644,CN1CCC(COCc2cc(C(F)(F)F)cc(Cl)n2)(c2ccccc2F)CC1,4.37,IC50,43000.0,nM,0
CHEMBL6059566,COc1cc(CC[C@@H](C)N2Cc3ccc(S(C)(=O)=O)cc3C2)ccc1O,4.37,IC50,43000.0,nM,0
CHEMBL3263279,O=C(N1CCc2ncc(C(F)(F)F)cc2C1)[C@@]12CCO[C@@H]1C[C@@H](NC1CCOCC1)C2,4.37,IC50,43000.0,nM,0
CHEMBL4453545,CNC(=O)c1cnc(Nc2ccc(C)nn2)cc1Nc1ccccc1S(C)(=O)=O,4.37,IC50,43000.0,nM,0
CHEMBL2314052,COC1COCCC1N[C@@H]1C[C@H]2CCC[C@@]2(C(=O)N2CCc3ccc(Cl)cc3C2)C1,4.37,IC50,42400.0,nM,0
CHEMBL277693,N[C@H](C(=O)N1CC[C@@H](F)C1)[C@H]1CC[C@H](NC(=O)OCc2ccccc2)CC1,4.37,Ki,43000.0,nM,0
CHEMBL3941301,COc1cnc(C(=O)Nc2csc([C@]34CO[C@@H](C)C[C@H]3CSC(N)=N4)n2)cn1,4.37,IC50,43000.0,nM,0
CHEMBL3115114,CCN1C[C@@H]2C[C@@H](NC3CCOCC3OC)C[C@]2(C(=O)N2CCc3ncc(C(F)(F)F)cc3C2)C1,4.37,IC50,42600.0,nM,0
CHEMBL1923110,COCCCc1cc(CN(C(=O)[C@H]2CNCC[C@@]23OC(=O)Cc2ccccc23)C2CC2)cc(OCCOC)c1,4.37,Ki,43000.0,nM,0
CHEMBL4216371,CCNC(=O)c1cnc(N)c(O[C@H]2CN(C(=O)Cc3ccc(OC(F)(F)F)cc3)CC2(F)F)c1,4.37,IC50,43000.0,nM,0
CHEMBL2440384,Cc1ccc(S(=O)(=O)N/N=C/c2cn(CC(=O)Nc3ccc(F)cc3F)c3ccccc23)cc1,4.37,IC50,42970.0,nM,0
CHEMBL4650304,C[C@H](Oc1cc2cc(F)ccc2nc1N)c1[nH]c(=O)ccc1-n1cccn1,4.37,IC50,43000.0,nM,0
CHEMBL583093,CC[C@H]1OC(=O)[C@H](C)C(=O)[C@H](C)[C@@H](O[C@@H]2O[C@H](C)C[C@H](N(C)C)[C@H]2O)[C@](C)(O)C[C@@H](C)C(=O)[C@H](C)[C@H]2N(C3CN([C@H](C)c4ccnc5ncccc45)C3)C(=O)O[C@]12C,4.37,IC50,43000.0,nM,0
CHEMBL3218891,COCCN1CCC[C@H](Cn2c(-c3cccnc3C)nc3cn(-c4cccc(OC)c4)nc3c2=O)C1,4.37,IC50,43000.0,nM,0
CHEMBL1782570,CO[C@@H]1COCC[C@@H]1N[C@@H]1CC[C@@](C(=O)N2CCN(c3cc(C(F)(F)F)ncn3)CC2)(C(C)C)C1,4.37,IC50,42600.0,nM,0
CHEMBL2409676,C[C@]1(CS(=O)(=O)N2CCN(c3ncc(OCc4ccc(C(F)(F)F)o4)cn3)CC2)NC(=O)NC1=O,4.36,IC50,44000.0,nM,0
CHEMBL2440398,Cc1ccc(S(=O)(=O)N/N=C/c2cn(CC(=O)Nc3ccccc3)c3ccccc23)cc1,4.36,IC50,43620.0,nM,0
CHEMBL4457286,CC(C)Oc1cc([C@@](Cc2ccccc2)(NC(=O)C(N)C(O)(C(F)(F)F)C(F)(F)F)c2cc(F)cc(OC(F)(F)C(F)F)c2)ccc1F,4.36,IC50,44000.0,nM,0
CHEMBL1671910,COc1ccc(CC(=O)Nc2cc3c(cc2[N+](=O)[O-])OC(C)(C)[C@H](O)[C@H]3NC2CC2)cc1,4.36,IC50,43651.58,nM,0
CHEMBL1771102,Clc1cnc(N2CCC([C@H]3C[C@H]3CCOc3ccc(-n4ccnn4)cn3)CC2)nc1,4.36,IC50,44000.0,nM,0
CHEMBL2204269,O=C(CNC(=O)c1cccc(C(F)(F)F)c1)NC1CN([C@H]2CC[C@@](O)(c3cncnc3)CC2)C1,4.36,IC50,43800.0,nM,0
CHEMBL3604999,O=C(O)CCCCOc1ccc2ncc(F)c(CCC34CCC(NCc5ccc6c(n5)NC(=O)CO6)(CC3)CO4)c2n1,4.36,IC50,43500.0,nM,0
CHEMBL5983773,COc1cc(C(=O)NC2CCN(C[C@H](O)c3ccc4c(c3C)COC4=O)CC2)ncc1C#N,4.36,IC50,43700.0,nM,0
CHEMBL5770059,CC(C)(CCc1ccc(O)c(OC(F)(F)F)c1)N1Cc2cccc(S(C)(=O)=O)c2C1,4.36,IC50,44000.0,nM,0
CHEMBL3218897,COc1cccc(-n2cc3nc(-c4cccnc4C)n(C[C@H]4CCCN(C[C@H]5CCCO5)C4)c(=O)c3n2)c1,4.36,IC50,44000.0,nM,0
CHEMBL3605005,O=C1COc2ccc(CNC34CCC(CCc5c(F)cnc6ccc(OC[C@H]7C[C@@H]7C(=O)O)nc56)(CC3)OC4)nc2N1,4.36,IC50,43400.0,nM,0
CHEMBL5847114,C[C@H]1OC(=O)[C@]2(C(N)=O)CC(F)(F)[C@@H](C)[C@H](/C=C/c3ccc(-c4ccccc4C#N)cn3)[C@H]12,4.36,IC50,43900.0,nM,0
CHEMBL1834793,Cn1nc(NCC(=O)NC2CN([C@H]3CC[C@@H](c4cncs4)CC3)C2)c2cc(C(F)(F)F)ccc21,4.36,IC50,44000.0,nM,0
CHEMBL557054,CCN(CC)C(=O)c1ccc(C2=CC3(CCNCC3)Oc3ccccc32)cn1,4.36,IC50,44113.0,nM,0
CHEMBL2376801,CCc1cnc2c(N3CC[C@@H](NC)C3)nc(N)nc2c1,4.36,Ki,43651.58,nM,0
CHEMBL1829626,Nc1cccnc1[C@H]1CC[C@H](N2CC(NC(=O)CNC(=O)c3cccc(C(F)(F)F)c3)C2)CC1,4.36,IC50,44000.0,nM,0
CHEMBL2016588,COc1cc(-c2cn(C3CCCC(C(C)(C)C)NC3=O)nn2)ccc1-n1cnc(C)c1,4.36,IC50,44200.0,nM,0
CHEMBL3415598,Cc1cc(Nc2cc(N[C@@H]3CCCC[C@@H]3N)cnc2C(N)=O)nc(-n2nccn2)n1,4.36,IC50,44000.0,nM,0
CHEMBL5819937,CN(C)Cc1cncc(-c2ccc3[nH]nc(C(=O)NCC4CCOCC4)c3c2)c1,4.36,IC50,44000.0,nM,0
CHEMBL3786892,COc1cc2c(cc1Nc1ncc(Cl)c(Nc3ccccc3S(=O)(=O)C(C)C)n1)CCC(N)C2(C)C,4.36,IC50,44000.0,nM,0
CHEMBL1365,NCC(O)COc1ccccc1C(=O)CCc1ccccc1,4.36,IC50,44000.0,nM,0
CHEMBL2017568,COc1cc(-c2cn(C3CCCCNC3=O)nn2)ccc1-n1cnc(C)c1,4.36,IC50,43900.0,nM,0
CHEMBL4282052,CCOc1cc(CN2CCC3(CC2)CC(=O)N(c2ccc(C(=O)O)cc2)C3)cc(OCC)c1-c1ccc(F)cc1.O=C(O)C(F)(F)F,4.35,IC50,45000.0,nM,0
CHEMBL388488,CCC1(CN)CN(c2c(F)cc3c(=O)c(C(=O)O)cn(C4CC4)c3c2C)C1,4.35,Ki,45000.0,nM,0
CHEMBL4060768,O=C(c1cc([C@H]2CCCN2c2cc(F)cc(F)c2)c2oc(N3CCOCC3)cc(=O)c2c1)N1CCOCC1,4.35,IC50,45000.0,nM,0
CHEMBL3780951,Cc1cc(C)n(Cc2ccc(C(=O)NCC3(c4nc(-c5ccccc5)cs4)CCOCC3)cc2)n1,4.35,IC50,44900.0,nM,0
CHEMBL5926623,Cc1cccc(C2CCN(CCNC(=O)C3CCOCC3)CC2)n1,4.35,IC50,44300.0,nM,0
CHEMBL4109584,Cc1nsc(-c2nnc3n2CCN(C(=O)c2ccc(C(F)(F)F)cc2)[C@@H]3C)n1,4.35,IC50,45000.0,nM,0
CHEMBL4096097,Cc1cnc(COc2nc(N)nc3ccn(Cc4ccccn4)c23)s1,4.35,IC50,44700.0,nM,0
CHEMBL1836035,Cc1nc2ccccc2n1-c1ccc(C(=O)N(C)[C@@H]2CCN(C(C)C)C2)cc1,4.35,IC50,45000.0,nM,0
CHEMBL4787847,Cc1c(-c2cnc3[nH]ncc3c2)ccc2c3oc(CN)nc3c(=O)n(C3CC3)c12,4.35,IC50,45080.0,nM,0
CHEMBL1784407,Cc1nc2ccccc2n1C1CC2CCC(C1)N2CCC1(c2cccc(F)c2)CCN(C(=O)C2(C(=O)O)CCC2)CC1,4.35,IC50,44668.36,nM,0
CHEMBL4076697,Cc1c([C@@H](O)CN2CCC3(CC2)CCN(c2ccc(=O)n(C)n2)CC3)ccc2c1COC2=O,4.35,IC50,45000.0,nM,0
CHEMBL3787069,CC(C)(C)NC(=O)C1c2ccc(O)cc2C(=O)N1Cc1ccccc1-c1ccccc1,4.35,IC50,45000.0,nM,0
CHEMBL4114280,Cc1nsc(-c2nnc3n2CCN(C(=O)c2ccc(F)c(Cl)c2)[C@@H]3C)n1,4.35,IC50,45000.0,nM,0
CHEMBL4078201,COc1ccc2ncc(F)c([C@@H](O)CC[C@@H]3CCN(C4CC(c5cc(F)ccc5F)C4)C[C@@H]3C(=O)O)c2n1,4.35,IC50,45000.0,nM,0
CHEMBL511099,Cc1ccc(C23CNCC2C3)cc1,4.35,IC50,44668.36,nM,0
CHEMBL2059315,O=C1COc2ccccc2N1CCCN1CCC(n2c(=O)[nH]c3cnccc32)CC1,4.34,IC50,46000.0,nM,0
CHEMBL4112585,Cc1nsc(-c2nnc3n2CCN(C(=O)c2cc(F)cc(F)c2)[C@@H]3C)n1,4.34,IC50,46000.0,nM,0
CHEMBL4064317,COc1ccc2ncc(F)c([C@@H](O)CC[C@@H]3CCN(C4CC(c5c(F)cccc5F)C4)C[C@@H]3C(=O)O)c2c1,4.34,IC50,45300.0,nM,0
CHEMBL3408391,N#Cc1c(-c2ccccc2)cc(-c2ccccc2)nc1/N=C1\SCC(=O)N1c1ccccc1,4.34,IC50,45500.0,nM,0
CHEMBL2041180,COc1cc(N2C(=O)N(c3ccc(-c4ccc(C(=O)O)cc4)nc3)C(=O)C23CCN(Cc2ncccc2C)CC3)ncn1,4.34,IC50,46000.0,nM,0
CHEMBL5937660,O=C(NCC1CCOCC1)c1n[nH]c2ccc(-c3cnccc3CN3CCOCC3)cc12,4.34,IC50,46000.0,nM,0
CHEMBL3356247,O=C(CNCC1(O)CCCCC1)N1CCc2ccccc2C1C1CCCCC1,4.34,IC50,46100.0,nM,0
CHEMBL4097415,Cc1c([C@@H](O)CN2CCC3(CC2)CN(c2ccc(=O)n(C)n2)C(=O)CO3)ccc2c1COC2=O,4.34,IC50,46000.0,nM,0
CHEMBL3747244,O=C(c1ccc(C[C@@H]2CC[C@H]([C@H](O)c3ccccc3)N2)cc1)N1CCC2(CCOC2=O)CC1,4.34,IC50,46000.0,nM,0
CHEMBL2315929,Nc1cnccc1[C@H]1CC[C@@H](N2CC(NC(=O)CNc3ncnc4ccc(C(F)(F)F)cc34)C2)CC1,4.34,IC50,46000.0,nM,0
CHEMBL4094682,CN([C@H]1CC[C@H](n2cc(C(N)=O)c(Nc3ccc(Cl)cc3)n2)[C@@H](C#N)C1)C1(C)COC1,4.34,IC50,46000.0,nM,0
CHEMBL3793471,O=C1OCc2cc(CCN3CCN(C(=O)Cc4ccc(-n5cnnn5)cn4)CC3)ccc21,4.34,IC50,46000.0,nM,0
CHEMBL4444163,CCc1cc(-c2cnn(C)c2)cc(S(=O)(=O)c2cnc(CN)s2)c1,4.33,IC50,47000.0,nM,0
CHEMBL445674,CS(=O)(=O)c1ccc(-c2noc([C@@H](CCO)[C@H](N)C(F)=C3CCCC3)n2)c(Cl)c1.O=C(O)C(F)(F)F,4.33,IC50,47000.0,nM,0
CHEMBL3394201,COc1ccc(CC(=O)N2CCC3(CC2)CN([C@@H]2CCc4cc(-c5cc(C)ncn5)ccc42)C3)c(C(N)=O)c1,4.33,IC50,47000.0,nM,0
CHEMBL2314062,O=C(N1CCc2ncc(C(F)(F)F)cc2C1)[C@@]12CCC[C@@H]1C[C@@H](NCC1CCOCC1)C2,4.33,IC50,47000.0,nM,0
CHEMBL4636306,COCc1ccncc1-c1ccc2[nH]nc(C(=O)NCC3CCOCC3)c2c1,4.33,IC50,47000.0,nM,0
CHEMBL5934102,C[C@H]1OC(=O)[C@]2(NCC(N)=O)CC(F)(F)[C@@H](C)[C@H](/C=C/c3ccc(-c4ccccc4C#N)cn3)[C@H]12,4.33,IC50,46800.0,nM,0
CHEMBL3218890,COc1cccc(-n2cc3nc(-c4cccnc4C)n(C[C@H]4CCCN(C(C)C)C4)c(=O)c3n2)c1,4.33,IC50,47000.0,nM,0
CHEMBL1837038,COC(=O)N1Cc2cc(Cl)ccc2-n2c(nnc2C2CCN(c3ccccn3)CC2)C1,4.33,IC50,47300.0,nM,0
CHEMBL3596515,COc1cccc2c1nc(N)n1nc(CN3CCN(c4ncc(C)s4)C[C@H]3C)nc21,4.33,IC50,47030.0,nM,0
CHEMBL2314050,COC1COCCC1N[C@@H]1C[C@H]2CCC[C@@]2(C(=O)N2CCc3ncc(OC(C)C)cc3C2)C1,4.33,IC50,46900.0,nM,0
CHEMBL1923132,COCCCc1cc(CCC(=O)N2CCOCC2)c(Cl)c(CN(C(=O)[C@H]2CNCC[C@@]23OCc2cc(F)c(F)cc23)C2CC2)c1,4.33,Ki,47000.0,nM,0
CHEMBL2313786,COc1cnc2c(c1)CN(C(=O)[C@@]13CCC[C@@H]1C[C@@H](NC1CCOCC1OC)C3)CC2,4.33,IC50,46600.0,nM,0
CHEMBL3596511,COc1ccccc1N1CCN(Cc2nc3c4cccc(OC)c4nc(N)n3n2)[C@H](C)C1,4.32,IC50,47600.0,nM,0
CHEMBL494274,CCN(CC)C(=O)c1ccc(C2=CC3(CCN(C(C)=O)CC3)Oc3ccccc32)cc1,4.32,IC50,47440.0,nM,0
CHEMBL3127992,N#C[C@@H]1C[C@H](F)CN1C(=O)[C@@H](N)Cc1cc2c(cc1Br)OCO2,4.32,IC50,48000.0,nM,0
CHEMBL2382343,COc1ccc2nccc([C@@H](O)CC[C@@H]3CCN(C4CC(c5c(F)cccc5F)C4)C[C@@H]3C(=O)O)c2c1,4.32,IC50,47600.0,nM,0
CHEMBL2440460,CS(=O)(=O)O.O=C(O)c1ccccc1-c1ccc(CN2CCC(COC(=O)c3c4n(c5ccccc35)CCCO4)CC2)cc1,4.32,IC50,47500.0,nM,0
CHEMBL2336325,CNC(=O)c1cccc(-c2ccc3c(N4CCOC[C@@H]4C)nc(N4CCOC[C@@H]4C)nc3n2)c1,4.32,IC50,47500.0,nM,0
CHEMBL3799621,CNC(=O)c1cc(Oc2ccc3nc(NC(=O)c4cc(C(F)(F)F)cc(C(F)(F)F)c4)sc3c2)ccn1,4.32,IC50,48380.0,nM,0
CHEMBL3408381,N#Cc1c(-c2ccccc2)cc(-c2ccccc2)nc1NC(=S)Nc1ccccc1,4.32,IC50,48400.0,nM,0
CHEMBL4087906,O=C(CN1CCCC2=C1C(=O)N(C1CC1)C2=O)Nc1ccc(-c2cccnc2)nn1,4.32,IC50,48000.0,nM,0
CHEMBL5905690,COC(C(N)=O)[C@@]12CC(F)(F)[C@@H](C)[C@H](/C=C/c3ccc(-c4ccccc4C#N)cn3)[C@@H]1[C@@H](C)OC2=O,4.32,IC50,47700.0,nM,0
CHEMBL5909593,COCC(C)(C)C(=O)NCCN1CCC(c2cccc(C)n2)CC1,4.32,IC50,48200.0,nM,0
CHEMBL4577549,CCNC(=O)Nc1ccc(-c2nc(N3CCOC[C@@H]3C)c3c(n2)C(C)(C)S(=O)(=O)C3)cc1,4.32,IC50,48000.0,nM,0
CHEMBL4859674,CC[C@@H](NC(=O)C12CC(F)(C1)C2)[C@H]1[C@@H]2C[C@@H](n3cnc4cc(F)c(F)cc43)C[C@@H]21,4.32,IC50,48000.0,nM,0
CHEMBL3741159,O=C(c1ccc(Cl)c(C(F)(F)F)c1)N1CCN(c2cc(=O)[nH]c(=O)n2Cc2ccc(OS(=O)(=O)c3cccc4cnccc34)cc2)CC1,4.32,IC50,47800.0,nM,0
CHEMBL266725,Cn1c(=O)ccc2ccc(CN3CCC(NC(=O)c4cc(=O)c5ccc(F)cc5o4)CC3)cc21,4.32,IC50,47400.0,nM,0
CHEMBL4475126,CON=C1CCC(CN2CCN(c3nc(=O)c4cc(C(F)(F)F)cc([N+](=O)[O-])c4s3)CC2)CC1,4.32,IC50,47980.0,nM,0
CHEMBL2313783,COC1COCCC1N[C@@H]1C[C@H]2CCC[C@@]2(C(=O)N2CCc3ncc(Br)cc3C2)C1,4.31,IC50,48900.0,nM,0
CHEMBL22310,N[C@H](C(=O)N1CC[C@H](F)C1)[C@H]1CC[C@H](NS(=O)(=O)c2ccc(F)cc2F)CC1,4.31,Ki,49000.0,nM,0
CHEMBL4640061,Cc1c(N2CC[C@@H]([C@H](C)N)C2)c(F)cc2ccc(=O)n(C3CC3)c12,4.31,IC50,49000.0,nM,0
CHEMBL4638321,O=C(NCC1CCOCC1)c1n[nH]c2ccc(-c3cccnc3)cc12,4.31,IC50,49300.0,nM,0
CHEMBL4085715,C[C@@]1(c2cc(CNC3CC3)c(F)cc2F)CCSC(N)=N1,4.31,IC50,49200.0,nM,0
CHEMBL1824040,CC(=O)c1ccc2c(c1)N(CCN1CCC(NCc3ccc4c(n3)NC(=O)CO4)CC1)C(=O)CO2,4.31,IC50,49100.0,nM,0
CHEMBL5812901,CC(C)(CCc1ccc(O)c(OC(F)(F)F)c1)N1Cc2cccc(C(=O)O)c2C1,4.31,IC50,49000.0,nM,0
CHEMBL395213,Cl.N[C@H](C(=O)N1CC[C@H](F)C1)C1CCC(NS(=O)(=O)c2ccc(F)cc2F)CC1,4.31,IC50,49000.0,nM,0
CHEMBL3314417,CNc1ccc(/C=C/c2c(F)cccc2F)cc1,4.31,IC50,49100.0,nM,0
CHEMBL2021974,O=C(Nc1ccc(C(F)(F)F)cc1)NS(=O)(=O)c1ccc(OCCCCN2CCCC2)cc1,4.31,IC50,49100.0,nM,0
CHEMBL484816,N#Cc1ccc(Cn2cncc2CN[C@H]2CCN(C(=O)c3cccnc3N)C2=O)cc1,4.3,IC50,50000.0,nM,0
CHEMBL3221526,N#Cc1cccc(Cl)c1-n1ncc2c(O[C@@H](CN3CC(O)C3)C(=O)Nc3ccc(F)cn3)ncnc21,4.3,IC50,50118.72,nM,0
CHEMBL372575,Cc1noc(/C(=C/c2cccc(-c3cc(C(C)(C)S(C)(=O)=O)cc4cccnc34)c2)c2ccc(S(C)(=O)=O)cc2)n1,4.3,IC50,49900.0,nM,0
CHEMBL485161,N#Cc1ccc(Cn2cncc2CN[C@H]2CCN(C(=O)c3cccnc3O)C2=O)cc1,4.3,IC50,50000.0,nM,0
CHEMBL549438,Cc1cc(CN(C)CCN2CCN(c3cccc(Cl)c3)C2=O)on1,4.3,IC50,50118.72,nM,0
CHEMBL3608740,Cc1nsc(-c2nnc3n2CCN(C(=O)c2ccccc2)[C@@H]3C)n1,4.3,IC50,50000.0,nM,0
CHEMBL583,Cc1c(F)c(N2CCNC(C)C2)cc2c1c(=O)c(C(=O)O)cn2C1CC1,4.3,IC50,50118.72,nM,0
CHEMBL193,COC(=O)C1=C(C)NC(C)=C(C(=O)OC)C1c1ccccc1[N+](=O)[O-],4.3,IC50,50118.72,nM,0
CHEMBL4648162,Nc1nc(N2CCC(N3Cc4ccncc4OC[C@@H]3Cc3ccc(Cl)cc3)CC2)n[nH]1,4.3,IC50,50000.0,nM,0
CHEMBL4633318,CN1[C@@H](c2ccc(OCc3ccccc3F)cc2)CC[C@H]1C(N)=O,4.3,IC50,50118.72,nM,0
CHEMBL3314420,CNc1ccc(/C=C/c2c(F)cccc2Cl)cc1,4.3,IC50,49800.0,nM,0
CHEMBL3290341,COc1cnc2ccc(=O)n(CCN3CCC(NCc4cnc(C)c(C#N)c4)CC3)c2c1,4.3,IC50,50600.0,nM,0
CHEMBL196431,C/C=C1/N(C)C(C)CC1(c1ccccc1)c1ccccc1,4.3,IC50,50118.72,nM,0
CHEMBL1648,COC(=O)C1=C(C)NC(C)=C(C(=O)OC(C)C)C1c1cccc2nonc12,4.3,IC50,50118.72,nM,0
CHEMBL2325697,C[C@@H]1COCCN1c1cc(C2(S(C)(=O)=O)CC2)nc(-c2cccc3[nH]ccc23)n1,4.3,IC50,50000.0,nM,0
CHEMBL4436508,O=C1CN(c2cc3nccnc3c(NC[C@H]3CCCNC3)n2)CCN1,4.3,IC50,50118.72,nM,0
CHEMBL3417746,O=C(NO)C1(S(=O)(=O)c2ccc(OCc3ccc(OC(F)(F)F)cc3)cc2)CCC2(CCNCC2)C1,4.3,IC50,50300.0,nM,0
CHEMBL3221507,N#Cc1ccc(NC(=O)[C@H](COCCO)Oc2ncnc3c2cnn3-c2ncccc2Cl)nc1,4.3,IC50,50118.72,nM,0
CHEMBL3926412,CCc1cc(N2CCN(CCc3ccc(OCCCN4CCCCCC4)cc3)CC2)c2nc(CCC(=O)O)ccc2c1,4.3,IC50,50118.72,nM,0
CHEMBL3221515,O=C(Nc1ccc(Cl)cn1)[C@H](CN1CC(O)C1)Oc1ncnc2c1cnn2-c1ncccc1Cl,4.3,IC50,50118.72,nM,0
CHEMBL1784409,Cc1nc2ccccc2n1C1CC2CCC(C1)N2CCC1(c2ccccc2)CCN(C(=O)c2cccc(C(=O)O)c2)CC1,4.3,IC50,50118.72,nM,0
CHEMBL3608741,Cc1nsc(-c2nnc3n2CCN(C(=O)c2ccc(F)cc2)[C@@H]3CCO)n1,4.3,IC50,50000.0,nM,0
CHEMBL1289610,Cc1ncccc1N1C[C@]2(CC[C@@H](c3nc4cc(OC(F)(F)F)ccc4[nH]3)CC2)OC1=O,4.3,IC50,50118.72,nM,0
CHEMBL4761323,Nc1cc(F)c(S(=O)(=O)N2CCC(O)CC2)cc1C(=O)Nc1ccc(F)c(F)c1,4.3,IC50,50000.0,nM,0
CHEMBL271073,Cc1nc2cc3c(cc2o1)CCN(CCCCSc1nnc(-c2ocnc2C)n1C)CC3,4.3,IC50,50118.72,nM,0
CHEMBL256650,Cc1ccc2c(-c3nnc(SCCN4CCc5cc6nc(C)oc6cc5CC4)n3C)cccc2n1,4.3,IC50,50118.72,nM,0
CHEMBL1671900,CCOP(=O)(Sc1ccccc1)Sc1ccccc1,4.3,IC50,50118.72,nM,0
CHEMBL4282585,Cc1c(CN2CCOCC2)cc(-c2ccc(C(C)C)cc2)n1C1CCCCC1,4.3,IC50,50000.0,nM,0
CHEMBL3221482,COC[C@H](Oc1ncnc2c1cnn2-c1ccccc1Cl)C(=O)Nc1ccc(C)cn1,4.3,IC50,50118.72,nM,0
CHEMBL3221486,CCOC[C@H](Oc1ncnc2c1cnn2-c1ccccc1Cl)C(=O)Nc1cnc(C)cn1,4.3,IC50,50118.72,nM,0
CHEMBL3221502,CC(C)OC[C@H](Oc1ncnc2c1cnn2-c1ncccc1Cl)C(=O)Nc1ccc(C#N)cn1,4.3,IC50,50118.72,nM,0
CHEMBL256653,Cc1nc2cc3c(cc2o1)CCN(CCCSc1nnc(-c2cccnc2)n1C)CC3,4.3,IC50,50118.72,nM,0
CHEMBL3115274,COC1COCCC1N[C@@H]1C[C@H]2CN(C(=O)C#CC3CC3)C[C@@]2(C(=O)N2CCc3ncc(C(F)(F)F)cc3C2)C1,4.3,IC50,49600.0,nM,0
CHEMBL3221506,O=C(Nc1ccc(Cl)cn1)[C@H](COCCO)Oc1ncnc2c1cnn2-c1ncccc1Cl,4.3,IC50,50118.72,nM,0
CHEMBL3356249,O=C(CNCC1(O)CCCCCC1)N1CCc2ccccc2C1C1CCCCC1,4.3,IC50,50100.0,nM,0
CHEMBL3608684,Cc1nsc(-c2nnc3n2CCN(C(=O)c2ccc(F)cc2)C3)n1,4.3,IC50,50000.0,nM,0
CHEMBL238872,O=C(c1ccc(F)cc1F)N1CCN(c2ccc(OCCCN3CCCCCC3)cc2)C(=O)C1.O=CO,4.3,IC50,50118.72,nM,0
CHEMBL557502,COc1cccnc1C(=O)N1CCN(c2ccc(NC(=O)C(C)(C)c3ccccc3)cc2Cl)CC1.Cl,4.3,IC50,50118.72,nM,0
CHEMBL240185,O=C(c1ccc(F)cc1)N1CCN(c2ccc(OCCCN3CCCCC3)cc2)C(=O)C1.O=CO,4.3,IC50,50118.72,nM,0
CHEMBL485620,CC(C)(O)c1ccc(-c2cccc(-n3cc(C(=O)NC4CC4)c(=O)c4cccnc43)c2)c[n+]1[O-],4.3,IC50,50100.0,nM,0
CHEMBL2324510,N#CC=C1CCN(c2ccc(N3C[C@H](Cn4ccnn4)OC3=O)cc2F)CC1,4.3,IC50,49500.0,nM,0
CHEMBL3596503,COc1cccc2c1nc(N)n1nc(CN3CCN(c4ccccc4F)C[C@H]3C)nc21,4.3,IC50,49970.0,nM,0
CHEMBL4459919,CN1CCC(C(=O)Nc2nc(-c3ccc(F)cc3)c(-c3ccnc(Nc4ccc(N5CCNCC5)cc4)n3)s2)CC1,4.3,IC50,50100.0,nM,0
CHEMBL386281,O=C(NC1CCN(Cc2ccc3ccc(=O)oc3c2)CC1)c1cc(=O)c2ccc(F)cc2o1,4.29,IC50,51100.0,nM,0
CHEMBL4457629,NCc1ncc(S(=O)(=O)c2ccc3ccccc3c2)s1,4.29,IC50,51000.0,nM,0
CHEMBL5087175,Cc1noc(C)c1-c1cnc2c3ccc(C(C)(C)O)cc3n([C@H](c3ccccc3)C3CCOCC3)c2c1,4.29,IC50,51000.0,nM,0
CHEMBL4069631,CN(C)c1ccc(C(=O)N(CCCCCC(=O)NO)CC(=O)NCc2ccccc2)cc1,4.29,IC50,50815.94,nM,0
CHEMBL230812,Cc1c(N2CC[C@@H]([C@H](C)N)C2)c(F)cc2c(=O)c(C(=O)O)cn(C3CC3)c12,4.29,Ki,51000.0,nM,0
CHEMBL1824036,CS(=O)(=O)c1ccc2c(c1)N(CCN1CCC(NCc3ccc4c(n3)NC(=O)CO4)CC1)C(=O)CO2,4.29,IC50,50700.0,nM,0
CHEMBL3580681,CCn1nc([C@]2(c3cnn(C)c3)N[C@@H](c3nc(-c4ccc(F)cn4)c[nH]3)Cc3c2[nH]c2ccccc32)oc1=O,4.29,IC50,51500.0,nM,0
CHEMBL474484,CC(C)CNc1nc(C#N)nc(N2CCNCC2)c1N,4.28,IC50,52000.0,nM,0
CHEMBL5788445,COc1cc(CCC(C)(C)N2Cc3cccc(C(=O)N4CCN(C)CC4)c3C2)ccc1O,4.28,IC50,52000.0,nM,0
CHEMBL1078162,Cc1c(Cl)cccc1C(=O)N(CC(C)C)[C@H]1CCNC1,4.28,IC50,52400.0,nM,0
CHEMBL3793380,Cc1cc(-n2cnnn2)cnc1CC(=O)N1CCN(CCc2ccc3c(c2C)COC3=O)CC1,4.28,IC50,52000.0,nM,0
CHEMBL283309,N[C@H](C(=O)N1CC[C@@H](F)C1)[C@H]1CC[C@H](NS(=O)(=O)c2ccc(F)cc2F)CC1,4.28,Ki,52000.0,nM,0
CHEMBL4094942,COc1ccc2ccc(=O)n(C[C@H](N)[C@@H]3CC[C@@H](NCc4ccc5c(n4)NC(=O)CO5)CO3)c2n1,4.28,IC50,52000.0,nM,0
CHEMBL1926766,COc1ccc2nccc(NC(=O)[C@]3(O)CC[C@@H](NCc4cnc5c(c4)OCCO5)CC3)c2n1,4.28,IC50,52000.0,nM,0
CHEMBL1090188,Cc1ccc(OC(=O)N(CC(=O)O)Cc2cccc(OCc3nc(-c4ccc(C#N)cc4)oc3C)c2)cc1,4.28,IC50,53000.0,nM,0
CHEMBL2012958,Cc1nc2c(C#N)cccc2n1-c1ccc(C(=O)NC2CC2)s1,4.28,IC50,53000.0,nM,0
CHEMBL373860,O=C(N1CCN(C2CC2)CC1)N1Cc2ccccc2C1,4.28,IC50,52500.0,nM,0
CHEMBL374493,CC(C)N1CCN(C(=O)N2CCC(c3ccccc3)CC2)CC1,4.28,IC50,52500.0,nM,0
CHEMBL1784513,Cc1nc2ccccc2n1C1CC2CCC(C1)N2CCC1(c2cccc(F)c2)CCN(C(=O)c2c(Cl)ccc(S(N)(=O)=O)c2Cl)CC1,4.28,IC50,52480.75,nM,0
CHEMBL2151322,CC(C)Oc1cc(-n2cnc3ccc(N[C@@H](CO)c4ccc(F)cn4)nc32)n[nH]1,4.28,IC50,52000.0,nM,0
CHEMBL1782378,CO[C@@H]1COCC[C@@H]1N(C)[C@@H]1CC[C@@](C(=O)N2CCN(c3cc(C(F)(F)F)cnn3)CC2)(C(C)C)C1,4.28,IC50,52800.0,nM,0
CHEMBL3219105,CCn1ccc(NC(=O)c2cc(Oc3ccc(C(=O)N4CCC4)cc3)cc(O[C@@H](C)CO)c2)n1,4.27,IC50,54000.0,nM,0
CHEMBL3928846,Cc1c([C@H]2CN3CCN(C(=O)Cc4ccc(-n5cnnn5)nc4)C[C@@H]3CO2)ccc2c1COC2=O,4.27,IC50,53400.0,nM,0
CHEMBL3402185,O=C1COc2ccc(CNC34CCC(C[C@]5(O)Cn6c(=O)ccc7ncc(Cl)c5c76)(CC3)OC4)nc2N1,4.27,IC50,53300.0,nM,0
CHEMBL474421,O=C([C@@H]1C[C@H](N2CCN(c3ncccn3)CC2)CN1)N1C[C@@H](F)[C@@H](F)C1,4.27,IC50,54000.0,nM,0
CHEMBL1086033,Cc1ccc2cc(CCN3CCC[C@H]3C)ccc2n1,4.27,Ki,54000.0,nM,0
CHEMBL551414,O=C(c1ccc(C2=CC3(CCNCC3)Oc3ccccc32)cc1)N1CCOCC1,4.27,IC50,54256.0,nM,0
CHEMBL2172186,CNc1nn2c3c(cnc2c1S(=O)(=O)c1ccccc1)CN(C)CC3,4.27,IC50,54200.0,nM,0
CHEMBL411118,COc1ccc(N2C(=O)[C@@H](Cc3ccc(OCCc4nc(-c5ccccc5)oc4C)cc3)[C@H]2C(=O)O)cc1,4.27,IC50,54000.0,nM,0
CHEMBL2043324,COc1cc(N2C(=O)N(c3ccc(-c4ccc(C(=O)O)cc4F)cc3)C(=O)C23CCN(Cc2ncccc2C)CC3)ncn1,4.27,IC50,54000.0,nM,0
CHEMBL1258006,O=C(N[C@@H]1C2CCN(CC2)[C@H]1Cc1cccnc1)c1cc2ccccc2o1,4.27,IC50,54000.0,nM,0
CHEMBL2180070,C[C@H](c1nc2c(cnn2C2CCCC2)c(=O)[nH]1)N1CC(c2ncccn2)C1,4.27,IC50,53500.0,nM,0
CHEMBL4068919,C[C@]1(C(=O)O)CC[C@@](C)(c2nc(-c3ccc(C(=O)Nc4cc(C(F)(F)F)ccn4)cc3)c3c(N)nccn23)C1,4.27,IC50,54000.0,nM,0
CHEMBL1923124,O=C([C@H]1CNCC[C@@]12OCc1cc(F)c(F)cc12)N(Cc1ccnc2ccccc12)C1CC1,4.26,Ki,55000.0,nM,0
CHEMBL485124,Cc1nccnc1C(=O)N1CCC([C@H](N)Cc2cc(F)c(F)cc2F)CC1,4.26,IC50,55000.0,nM,0
CHEMBL4547227,Nc1n[nH]c(N2CCC(N3C[C@H](O)C[C@@H]3Cc3ccc(Cl)cc3)CC2)n1,4.26,IC50,55000.0,nM,0
CHEMBL3909872,Cc1cc(-c2cc(OC(F)(F)F)ccc2Cl)cc(C)c1OCCCC(=O)O,4.26,IC50,54570.0,nM,0
CHEMBL4209994,C[C@H]1C[C@H]2CSC(N)=N[C@@]2(c2ccccc2C(F)(F)F)CO1,4.26,IC50,55400.0,nM,0
CHEMBL3747356,O=C(c1ccc(C[C@@H]2CC[C@H]([C@H](O)c3ccccc3)N2)cc1)N1C[C@@H]2[C@H](C1)[C@H]2c1nnco1,4.26,IC50,55000.0,nM,0
CHEMBL3356242,O=C(CNCCc1c(Cl)cccc1Cl)N1CCc2ccccc2C1C1CCCCC1,4.26,IC50,54700.0,nM,0
CHEMBL3330073,N#C[C@@H]1C[C@@H]2CCC[C@@H]2N1C(=O)C[C@H](N)Cc1cc(F)c(F)cc1F,4.26,IC50,55300.0,nM,0
CHEMBL5899541,C[C@H]1CN(c2cncc(OCc3ccc(C#N)cc3F)n2)CCN1Cc1nc2ccc(C(=O)O)cc2n1C[C@@H]1CCO1,4.25,IC50,55800.0,nM,0
CHEMBL4742233,Cc1cnc(-c2cnc(Nc3cnc(C#N)cn3)cc2NC[C@H]2CNCCO2)s1,4.25,IC50,56000.0,nM,0
CHEMBL1673438,CC(C)Oc1cc(C(C2=CCC(=O)N=C2)c2ccc(C(C)(C)O)nc2)ccc1OC(F)F,4.25,IC50,56234.13,nM,0
CHEMBL81491,CC(C)(O)c1ccc(C(CC2=CCC(=O)N=C2)c2ccc(OC(F)F)c(OC3CC3)c2)cn1,4.25,Ki,55900.0,nM,0
CHEMBL561339,CCN(CC)C(=O)c1ccc(C2=CC3(CCNCC3)Oc3ccccc32)c(O)c1,4.25,IC50,56700.0,nM,0
CHEMBL3786303,CC(C)(C)NC(=O)C1c2ccccc2C(=O)N1Cc1ccccc1-c1ccc(F)cc1,4.25,IC50,56000.0,nM,0
CHEMBL1784406,Cc1nc2ccccc2n1C1CC2CCC(C1)N2CCC1(c2cccc(F)c2)CCN(C(=O)C(C)(C)C(=O)O)CC1,4.25,IC50,56234.13,nM,0
CHEMBL5780534,COc1cncc(O[C@@H]2CC[C@@H](N)C2)c1-c1cc(Nc2cnc(C#N)cn2)n[nH]1,4.25,IC50,56400.0,nM,0
CHEMBL2325739,NC1(C(=O)NC(CCCO)c2ccc(Cl)cc2)CCN(c2ncnc3[nH]ccc23)CC1,4.24,IC50,57793.0,nM,0
CHEMBL5921828,Cn1c(=O)cnc2ccc(OCCNC[C@H]3CN(c4cnc5c(n4)NC(=O)CS5)C(=O)O3)nc21,4.24,IC50,58000.0,nM,0
CHEMBL2165068,N#Cc1ccc2ccc(=O)n(CCN3CC[C@H](NCc4cc5c(cn4)OCCO5)[C@@H](F)C3)c2c1,4.24,IC50,57000.0,nM,0
CHEMBL2424931,O=c1ccc2ncc(F)c3c2n1C[C@H]3CN1CCC(NCc2cc3c(cn2)OCCO3)CC1,4.24,IC50,58000.0,nM,0
CHEMBL541438,N[C@H]1Cn2c(nc3cnc(C(F)(F)F)cc32)C[C@@H]1c1cc(F)c(F)cc1F.O=C(O)C(F)(F)F.O=C(O)C(F)(F)F,4.24,IC50,57000.0,nM,0
CHEMBL2442379,COc1ccc(-c2cc(=O)c3cc(C)ccc3o2)cc1,4.24,IC50,57900.0,nM,0
CHEMBL485125,N[C@H](Cc1cc(F)c(F)cc1F)C1CCN(C(=O)c2cnc3ncccn23)CC1,4.23,IC50,59000.0,nM,0
CHEMBL195378,C[C@@H](c1ccc(-c2cccc(-c3nn[nH]n3)c2)cc1)[C@H](N)C(=O)N1CC[C@H](F)C1.O=C(O)C(F)(F)F,4.23,IC50,59000.0,nM,0
CHEMBL3218482,Cc1cnc(NC(=O)c2cc(Oc3ccc(C(=O)N(C)C)cc3)c3cc(C)oc3c2)cn1,4.23,IC50,59000.0,nM,0
CHEMBL4107016,Cc1nsc(-c2nnc3n2CCN(C(=O)c2ccc(C#N)cc2)[C@@H]3C)n1,4.23,IC50,59000.0,nM,0
CHEMBL3922156,Cc1c([C@@H]2CN3CCN(C(=O)Cc4ccc(-n5cnnn5)nc4)C[C@@H]3CO2)ccc2c1COC2=O,4.23,IC50,59400.0,nM,0
CHEMBL6036450,[C-]#[N+]c1ccc(C(=O)N2CCn3c(-c4nc(C)ns4)nnc3[C@H]2C)cc1,4.23,IC50,59000.0,nM,0
CHEMBL310303,CC(C)(O)c1ncc(C(Cc2cc[n+]([O-])cc2)c2ccc(OC(F)F)c(OC3CCC3)c2)s1,4.23,Ki,58400.0,nM,0
CHEMBL4764710,C[C@@H](NC(=O)c1ccc(F)cc1)c1ccc2c(n1)CCCN2C(=O)OC1CCC1,4.22,IC50,60000.0,nM,0
CHEMBL4788473,CCOC(=O)N1CCCc2nc([C@@H](C)NC(=O)c3ccc(F)cc3)ccc21,4.22,IC50,60000.0,nM,0
CHEMBL5792578,C[C@H]1OC(=O)[C@]2(CC(N)=O)CC(F)(F)[C@@H](C)[C@H](/C=C/c3ccc(-c4ccccc4C#N)cn3)[C@H]12,4.22,IC50,60000.0,nM,0
CHEMBL3753988,COc1ccc2ncc(F)c([C@@H](O)[C@H](O)C34CCC(NCc5ccc6c(n5)NC(=O)CO6)(CC3)CO4)c2n1,4.22,IC50,60000.0,nM,0
CHEMBL5909304,C[C@H]1OC(=O)[C@]2(C(N)=O)CC(F)(F)[C@@H](C)[C@H](/C=C/c3ccc(-c4cccnc4C#N)cn3)[C@H]12,4.22,IC50,60000.0,nM,0
CHEMBL5768285,C[C@H]1OC(=O)[C@]2(CCC(N)=O)CC(F)(F)[C@@H](C)[C@H](/C=C/c3ccc(-c4cccnc4C#N)cn3)[C@H]12,4.22,IC50,60000.0,nM,0
CHEMBL4747995,COC(=O)N1CCCc2nc([C@@H](C)NC(=O)c3ccc(F)cc3)ccc21,4.22,IC50,60000.0,nM,0
CHEMBL5950111,Cn1c(=O)ccc2ncc(OCCNC[C@@H]3CN(c4ccc5c(n4)NC(=O)CO5)C(=O)O3)nc21,4.22,IC50,60000.0,nM,0
CHEMBL3314429,CN(C)c1ccc(/C=C/c2c(F)cccc2Cl)cn1,4.22,IC50,59500.0,nM,0
CHEMBL3233185,CCS(=O)(=O)C[C@@H]1C[C@H](N(C)C(C)C)CC[C@@H]1N1CC[C@H](NC(=O)c2cccc(-c3ccccc3)c2)C1=O,4.22,IC50,60000.0,nM,0
CHEMBL5892891,Cc1nc(C(=O)Nc2ccc([C@H]3CNCCO3)cc2)cs1,4.22,IC50,60470.0,nM,0
CHEMBL3289792,Nc1nccn1CC(O)c1ccc(Cl)cc1F,4.22,IC50,60000.0,nM,0
CHEMBL5905066,C[C@H]1OC(=O)[C@]2(C(O)C(N)=O)CC(F)(F)[C@@H](C)[C@H](/C=C/c3ccc(-c4ccccc4C#N)cn3)[C@H]12,4.22,IC50,60000.0,nM,0
CHEMBL4078588,Cc1ccc(Cc2cc3c(=O)n([C@H]4CCCC[C@@H]4O)cnc3c3ccccc23)cn1,4.22,IC50,60000.0,nM,0
CHEMBL269352,CC(=O)Nc1cccc(CN2CCC(NC(=O)c3cc(=O)c4ccc(F)cc4o3)CC2)c1,4.22,IC50,60700.0,nM,0
CHEMBL495094,CCN(CC)C(=O)c1ccc(C2=CC3(CCNCC3)Oc3cc(O)ccc32)cc1,4.22,IC50,60000.0,nM,0
CHEMBL4522413,Cc1c(C(C)CN2CCN(C(=O)Cc3ccc(-n4cnnn4)cc3)CC2)ccc2c1COC2=O,4.22,IC50,60000.0,nM,0
CHEMBL5949816,Cc1nc(/C=C/[C@@H]2[C@@H]3[C@@H](C)OC(=O)[C@]3(C(N)=O)CC(F)(F)[C@H]2C)ccc1-c1ccccc1C#N,4.22,IC50,60000.0,nM,0
CHEMBL4636709,CCCNC(=O)C1(c2ccc(NC(=O)c3cccc(Cl)c3)cc2)CCC1,4.22,IC50,60000.0,nM,0
CHEMBL4110242,CCC[C@@H]1c2nnc(-c3nc(C)ns3)n2CCN1C(=O)c1ccc(F)cc1,4.21,IC50,61000.0,nM,0
CHEMBL2335279,COc1cccc2nc(C#Cc3ccccc3)ccc12,4.21,IC50,61700.0,nM,0
CHEMBL3786542,CC(C)(C)NC(=O)C1c2ccccc2C(=O)N1Cc1ccccc1-c1ccccc1,4.21,IC50,62000.0,nM,0
CHEMBL214969,COc1ccc2c(=O)n(CCO)c(C#N)c(-c3cccc(F)c3)c2c1,4.21,IC50,62000.0,nM,0
CHEMBL199015,[O-][n+]1cccc(C[C@@H](c2ccc(OC(F)F)c(OC3CC3)c2)c2cnc(C(O)(C(F)(F)F)C(F)(F)F)s2)c1,4.21,Ki,61400.0,nM,0
CHEMBL230704,COc1c(N2CC[C@@H]([C@H](C)N)C2)ccc2c(=O)c(C(=O)O)cn(C3CC3)c12,4.21,Ki,62000.0,nM,0
CHEMBL3221531,Cc1cnc(NC(=O)[C@H](CN2CC(O)C2)Oc2ncnc3c2cnn3-c2c(Cl)cccc2Cl)cn1,4.21,IC50,62000.0,nM,0
CHEMBL6039115,CC(C)CNC(=O)[C@H]1CN(C2CCN(c3nnc(N)[nH]3)CC2)[C@@H](Cc2ccc(Cl)cc2)CO1,4.2,IC50,62500.0,nM,0
CHEMBL3221493,CC(C)OC[C@H](Oc1ncnc2c1cnn2-c1ncccc1Cl)C(=O)Nc1ccc(Cl)cn1,4.2,IC50,63095.73,nM,0
CHEMBL5905160,CCC(O)(CC)[C@H]1CN(C2CCN(c3nnc(N)[nH]3)CC2)[C@@H](Cc2ccc(Cl)cc2)CO1,4.2,IC50,62500.0,nM,0
CHEMBL3417767,COc1ccc(C(=O)Oc2ccc(S(=O)(=O)C3(C(=O)NO)CCC4(CCNCC4)C3)cc2)cc1,4.2,IC50,63400.0,nM,0
CHEMBL4646990,NC(=O)[C@@H]1CC[C@H](c2cccc(Oc3ccccc3)c2)N1,4.2,IC50,63095.73,nM,0
CHEMBL1278114,O=C(O)CCNC1CC[C@]2(Cc3ccccc3Cc3ccccc32)C1,4.2,IC50,63095.73,nM,0
CHEMBL4796436,C[C@H](Oc1cc2cc(F)cc(F)c2nc1N)c1[nH]c(=O)ccc1-n1cccn1,4.2,Ki,63000.0,nM,0
CHEMBL559206,Cl.O=C(c1ccccc1)N1CCN(c2ccc(OCCCN3CCCCC3)cc2)C(=O)C1,4.2,IC50,63095.73,nM,0
CHEMBL550358,COc1cccc(N2CCN(CCN3CCN(C(C)C)CC3)C2=O)c1,4.2,IC50,63095.73,nM,0
CHEMBL4789376,Nc1n[nH]c(N2CCC(N3C[C@H](CO)OC[C@@H]3Cc3ccc(Cl)cc3)CC2)n1,4.2,IC50,62500.0,nM,0
CHEMBL3221514,C[C@H](CO)OC[C@H](Oc1ncnc2c1cnn2-c1ncccc1Cl)C(=O)Nc1ccc(C#N)cn1,4.2,IC50,63095.73,nM,0
CHEMBL5925071,Nc1nnc(N2CCC(N3C[C@H](O)CC[C@@H]3Cc3ccc(Cl)cc3)CC2)[nH]1,4.2,IC50,62500.0,nM,0
CHEMBL5796996,CO[C@@H]1CC[C@H](Cc2ccc(Cl)cc2)N(C2CCN(c3nnc(N)[nH]3)CC2)C1,4.2,IC50,62500.0,nM,0
CHEMBL2022501,CN1CCN(CCCNc2nnc(-c3ccc(NC(=O)c4ccccc4F)cc3)o2)CC1,4.2,IC50,63095.73,nM,0
CHEMBL1927166,COc1ccc2ncc(F)c([C@H](O)CN3CCC(NCc4cc5c(cn4)OCCO5)CC3)c2n1,4.2,IC50,63100.0,nM,0
CHEMBL3221527,N#Cc1cccc(Cl)c1-n1ncc2c(O[C@@H](COCCO)C(=O)Nc3ccc(F)cn3)ncnc21,4.2,IC50,63095.73,nM,0
CHEMBL3221511,C[C@@H](CO)OC[C@H](Oc1ncnc2c1cnn2-c1ncccc1Cl)C(=O)Nc1ccc(C#N)cn1,4.2,IC50,63095.73,nM,0
CHEMBL6021672,Nc1nnc(N2CCC(N3C[C@H](Cn4ccnn4)OC[C@@H]3Cc3ccc(Cl)cc3)CC2)[nH]1,4.2,IC50,62500.0,nM,0
CHEMBL5958283,CC1(O)CCN(C2CCN(c3nnc(N)[nH]3)CC2)[C@@H](Cc2ccc(Cl)cc2)C1,4.2,IC50,62500.0,nM,0
CHEMBL5994151,CSC[C@H]1CN(C2CCN(c3nnc(N)[nH]3)CC2)[C@@H](Cc2ccc(Cl)cc2)CO1,4.2,IC50,62500.0,nM,0
CHEMBL5907918,CC(F)(F)[C@H]1CN(C2CCN(c3nnc(N)[nH]3)CC2)[C@@H](Cc2ccc(Cl)cc2)CO1,4.2,IC50,62500.0,nM,0
CHEMBL5978250,N#Cc1cnn(C[C@H]2CN(C3CCN(c4nnc(N)[nH]4)CC3)[C@@H](Cc3ccc(Cl)cc3)CO2)c1,4.2,IC50,62500.0,nM,0
CHEMBL5783815,Cn1nnc(C[C@H]2CN(C3CCN(c4nnc(N)[nH]4)CC3)[C@@H](Cc3ccc(Cl)cc3)CO2)n1,4.2,IC50,62500.0,nM,0
CHEMBL5912106,CC(C)(F)[C@H]1CN(C2CCN(c3nnc(N)[nH]3)CC2)[C@@H](Cc2ccc(Cl)cc2)CO1,4.2,IC50,62500.0,nM,0
CHEMBL1784476,CNS(=O)(=O)c1cccc(C(=O)N2CCC(CCN3C4CCC3CC(n3c(C)nc5ccccc53)C4)(c3ccccc3)CC2)c1,4.2,IC50,63095.73,nM,0
CHEMBL5798380,C[C@@H]([C@H]1CN(C2CCN(c3nnc(N)[nH]3)CC2)[C@@H](Cc2ccc(Cl)cc2)CO1)n1cccn1,4.2,IC50,62500.0,nM,0
CHEMBL3221485,CCOC[C@H](Oc1ncnc2c1cnn2-c1ncccc1Cl)C(=O)Nc1ccc(C)cn1,4.2,IC50,63095.73,nM,0
CHEMBL5758272,Nc1nnc(N2CCC(N3C[C@H](CN4CC(F)C4)OC[C@@H]3Cc3ccc(Cl)cc3)CC2)[nH]1,4.2,IC50,62500.0,nM,0
CHEMBL6001540,CN(C)C(=O)OC[C@H]1CN(C2CCN(c3nnc(N)[nH]3)CC2)[C@@H](Cc2ccc(Cl)cc2)CO1,4.2,IC50,62500.0,nM,0
CHEMBL3221498,CCOC[C@H](Oc1ncnc2c1cnn2-c1ncccc1Cl)C(=O)Nc1ccc(F)cn1,4.2,IC50,63095.73,nM,0
CHEMBL5865884,Nc1nnc(N2CCC(N3C[C@H]([C@@H](O)C(F)(F)F)OC[C@@H]3Cc3ccc(Cl)cc3)CC2)[nH]1,4.2,IC50,62500.0,nM,0
CHEMBL3221500,CC(C)OC[C@H](Oc1ncnc2c1cnn2-c1ccccc1Cl)C(=O)Nc1ccccn1,4.2,IC50,63095.73,nM,0
CHEMBL5784265,CC1CN(C[C@H]2CN(C3CCN(c4nnc(N)[nH]4)CC3)[C@@H](Cc3ccc(Cl)cc3)CO2)C1,4.2,IC50,62500.0,nM,0
CHEMBL5794204,Nc1nnc(N2CCC(N3C[C@H](CN4CCCCC4)OC[C@@H]3Cc3ccc(Cl)cc3)CC2)[nH]1,4.2,IC50,62500.0,nM,0
CHEMBL6017553,Nc1nnc(N2CCC(N3C[C@H](C(=O)N4CCC(F)(F)CC4)OC[C@@H]3Cc3ccc(Cl)cc3)CC2)[nH]1,4.2,IC50,62500.0,nM,0
CHEMBL6000960,Nc1nnc(N2CCC(N3C[C@H](N4CCOCC4)C[C@@H]3Cc3ccc(Cl)cc3)CC2)[nH]1,4.2,IC50,62500.0,nM,0
CHEMBL6020081,Nc1nnc(N2CCC(N3CC(F)(F)C[C@@H]3Cc3ccc(Cl)cc3)CC2)[nH]1,4.2,IC50,62500.0,nM,0
CHEMBL6053453,Nc1nnc(N2CCC(N3C[C@H](CN4CCCCC4=O)OC[C@@H]3Cc3ccc(Cl)cc3)CC2)[nH]1,4.2,IC50,62500.0,nM,0
CHEMBL5842465,C[C@H]([C@H]1CN(C2CCN(c3nnc(N)[nH]3)CC2)[C@@H](Cc2ccc(Cl)cc2)CO1)n1cccn1,4.2,IC50,62500.0,nM,0
CHEMBL1784473,Cc1nc2ccccc2n1C1CC2CCC(C1)N2CCC1(c2ccccc2)CCN(C(=O)c2cccc(S(N)(=O)=O)c2)CC1,4.2,IC50,63095.73,nM,0
CHEMBL4452514,CC(C)NC(C(=O)N[C@](Cc1ccccc1)(c1ccc(F)cc1)c1cc(F)cc(C(F)(F)F)c1)C(O)(C(F)(F)F)C(F)(F)F,4.2,IC50,63000.0,nM,0
CHEMBL6015391,Cc1cc([C@H]2CN(C3CCN(c4nnc(N)[nH]4)CC3)[C@@H](Cc3ccc(Cl)cc3)CO2)[nH]n1,4.2,IC50,62500.0,nM,0
CHEMBL387838,COc1c(N2CC[C@@H](CN)C2)ccc2c(=O)c(C(=O)O)cn(C3CC3)c12,4.19,Ki,64000.0,nM,0
CHEMBL248296,CN(C)CCCOc1ccc(CN2CCC(NC(=O)c3cc(=O)c4ccc(F)cc4o3)CC2)cc1F,4.19,IC50,65000.0,nM,0
CHEMBL465956,C[C@@H]1CN(CC2(C(N)=O)CCC2)CCN1S(=O)(=O)c1ccc(C(C)(O)C(F)(F)F)cc1,4.19,IC50,65000.0,nM,0
CHEMBL521851,CS(=O)(=O)N1CCN(Cc2cc3nc(-c4cccc5[nH]ncc45)nc(N4CCOCC4)c3s2)CC1,4.19,IC50,64000.0,nM,0
CHEMBL4060556,O=C(c1ccccc1)N1CCc2oc(-c3ccc(F)cn3)nc2C1,4.19,IC50,64000.0,nM,0
CHEMBL6036420,Cc1cccc(-n2nc(C(C)(C)C)cc2NC(=O)Nc2ccc(Oc3ccnc4[nH]c(=O)cnc34)cc2F)c1,4.19,IC50,65000.0,nM,0
CHEMBL1615187,Cc1noc(C)c1CCC1CCN(S(=O)(=O)C[C@](C)(C[C@H](C)c2ncc(F)cn2)N(O)C=O)CC1,4.19,IC50,65000.0,nM,0
CHEMBL5749720,O=C(Nc1ccc([C@H]2CNCCO2)cc1)c1cncc(Cl)c1,4.18,IC50,66040.0,nM,0
CHEMBL2335285,COc1cccc2nc(C#Cc3cccnc3)ccc12,4.18,IC50,65300.0,nM,0
CHEMBL246050,O=C(NCCN1CCCCC1)c1ccc(CN2CCC(NC(=O)c3cc(=O)c4ccc(F)cc4o3)CC2)cc1,4.18,IC50,66000.0,nM,0
CHEMBL563761,Cn1cnc(C(=O)N(Cc2cccc(Cl)c2)[C@H]2CC[C@@H](N)CC2)c1,4.18,IC50,65600.0,nM,0
CHEMBL295124,COc1ccc2cc3[n+](cc2c1OC)CCc1cc2c(cc1-3)OCO2,4.18,IC50,66069.34,nM,0
CHEMBL4788651,COc1ccc2ncc(F)c(CC[C@@]3(O)CO[C@@H]4[C@@H](NCc5cc6c(cn5)OCCO6)CO[C@@H]43)c2n1,4.18,IC50,66000.0,nM,0
CHEMBL3608687,Cc1nsc(-c2nnc3n2CCN(C(=O)c2ccc(Cl)cc2)[C@@H]3C)n1,4.18,IC50,66000.0,nM,0
CHEMBL4460845,Cn1cc(-c2cc(F)cc(S(=O)(=O)c3cnc(CN)s3)c2)cn1,4.18,IC50,66000.0,nM,0
CHEMBL485629,O=C(NC1CC1)c1cn(-c2cccc(C#Cc3ccc[n+]([O-])c3)c2)c2ncccc2c1=O,4.18,IC50,65700.0,nM,0
CHEMBL583299,CC[C@H]1OC(=O)[C@H](C)C(=O)[C@H](C)[C@@H](O[C@@H]2O[C@H](C)C[C@H](N(C)C)[C@H]2O)[C@](C)(O)C[C@@H](C)C(=O)[C@H](C)[C@H]2N(C3CN(Cc4c(O)cnc5cccnc45)C3)C(=O)O[C@]12C,4.17,IC50,67000.0,nM,0
CHEMBL3683287,N#Cc1ccc(Oc2ccc(S(=O)(=O)Nc3ccc(F)cn3)cc2C#N)cc1Cl,4.17,IC50,67000.0,nM,0
CHEMBL4520260,O=C(CCCS(=O)(=O)c1ccccc1)Nc1cc[nH]c(=O)n1,4.17,IC50,67800.0,nM,0
CHEMBL219128,CC(C)N1CCN(C(=O)N2CCC(C(C)(C)C)CC2)CC1,4.17,IC50,66923.08,nM,0
CHEMBL4456123,CS(=O)(=O)c1cc(C2(NC(=O)c3cncc4c3cnn4-c3ccc(F)cc3)CC2)ccn1,4.17,IC50,68000.0,nM,0
CHEMBL4566857,Cc1c(C(F)CN2CCN(C(=O)Cc3ccc(-n4cnnn4)cc3)CC2)ccc2c1COC2=O,4.17,IC50,68000.0,nM,0
CHEMBL4434955,Cc1ccc(-c2cc(S(=O)(=O)c3ccc(CN)s3)ccc2S(C)(=O)=O)cc1.Cl,4.17,IC50,68000.0,nM,0
CHEMBL3290346,COc1cnc2ccc(=O)n(CCN3CCC(NCc4cnc(C)c(C#N)n4)CC3)c2c1,4.16,IC50,69000.0,nM,0
CHEMBL4112037,Cc1nsc(-c2nnc3n2CCN(C(=O)c2ccc(F)c(F)c2)[C@@H]3C)n1,4.16,IC50,70000.0,nM,0
CHEMBL4115594,Cc1nsc(-c2nnc3n2CCN(C(=O)c2cc(F)c(F)c(F)c2)[C@@H]3C)n1,4.16,IC50,70000.0,nM,0
CHEMBL3608680,Cc1nsc(-c2nnc3n2CCN(C(=O)c2ccc(F)cc2)[C@@H]3C)n1,4.16,IC50,70000.0,nM,0
CHEMBL4106866,Cc1nsc(-c2nnc3n2CCN(C(=O)c2ccc(Cl)c(F)c2)[C@@H]3C)n1,4.16,IC50,70000.0,nM,0
CHEMBL4110224,Cc1nsc(-c2nnc3n2CCN(C(=O)c2ccc(F)cc2F)[C@@H]3C)n1,4.16,IC50,70000.0,nM,0
CHEMBL4115295,Cc1nsc(-c2nnc3n2CCN(C(=O)c2ccc(F)c(F)c2F)[C@@H]3C)n1,4.16,IC50,70000.0,nM,0
CHEMBL4113428,Cc1nsc(-c2nnc3n2CCN(C(=O)c2cc(F)c(F)c(F)c2F)[C@@H]3C)n1,4.16,IC50,70000.0,nM,0
CHEMBL5808945,CN1CCN(c2ncc(C(=O)Nc3cc(-c4cccs4)ccc3N)s2)CC1,4.16,IC50,70000.0,nM,0
CHEMBL3217925,C[C@@H](CO)Oc1cc(Oc2ccc(C(=O)N3CCC3)cc2)cc(C(=O)Nc2ccn(C)n2)c1,4.16,IC50,70000.0,nM,0
CHEMBL4110286,CCc1noc(-c2nnc3n2CCN(C(=O)c2ccc(F)cc2)[C@@H]3C)n1,4.16,IC50,70000.0,nM,0
CHEMBL2338347,CS(=O)(=O)c1ccc([C@@H](CC2CCCC2)C(=O)Nc2cnc([C@H](O)CO)cn2)cc1Cl,4.16,IC50,70000.0,nM,0
CHEMBL4110770,Cc1nsc(-c2nnc3n2CCN(C(=O)c2cccc(Cl)c2)[C@@H]3C)n1,4.16,IC50,70000.0,nM,0
CHEMBL894,CC(NC(C)(C)C)C(=O)c1cccc(Cl)c1,4.16,IC50,69000.0,nM,0
CHEMBL471757,CC(C)(C)CNc1nc(C#N)nc(N2CCOCC2)c1N,4.16,IC50,70000.0,nM,0
CHEMBL4111714,Cc1nsc(-c2nnc3n2CCN(C(=O)c2cccc(F)c2)[C@@H]3C)n1,4.16,IC50,70000.0,nM,0
CHEMBL4114258,COc1cccc(C(=O)N2CCn3c(-c4nc(C)ns4)nnc3[C@H]2C)c1,4.16,IC50,70000.0,nM,0
CHEMBL4112608,CC[C@@H]1c2nnc(-c3nc(C)ns3)n2CCN1C(=O)c1ccc(F)cc1,4.16,IC50,70000.0,nM,0
CHEMBL3290340,Cc1ncc(CNC2CCN(CCn3c(=O)ccc4ncc(F)cc43)CC2)cc1C#N,4.16,IC50,69000.0,nM,0
CHEMBL2391994,CC(C)(C(=O)O)c1ccc(CN2CCC(COC(=O)c3c4n(c5ccccc35)CCCO4)CC2)cc1,4.16,IC50,69000.0,nM,0
CHEMBL6054931,Cc1nsc(-c2nnc3n2CCN(C(=O)c2cccc(O)c2)[C@@H]3C)n1,4.16,IC50,70000.0,nM,0
CHEMBL4173974,C[C@@H]1CN(CC(=O)N2CC(C)(C)c3nc(CO)c(Cc4ccc(F)cc4)cc32)[C@@H](CN2CCOC[C@H]2C)CN1,4.16,IC50,69000.0,nM,0
CHEMBL5942188,FC1(F)CN(CCc2ccccc2)CCC1Nc1ncnc2[nH]ncc12,4.15,IC50,71000.0,nM,0
CHEMBL456173,CC(C)NC(=O)c1cn(-c2ccccc2)c2ncccc2c1=O,4.15,IC50,71500.0,nM,0
CHEMBL6001111,COc1nccc(OCC2(O)CNC2)c1-c1cc(Nc2cnc(C#N)cn2)n[nH]1,4.14,IC50,72800.0,nM,0
CHEMBL561138,CCN(CC)C(=O)c1ccc(C2=CC3(CCNCC3)Oc3ccccc32)nc1,4.14,IC50,71666.0,nM,0
CHEMBL4110737,Cc1cc(C(=O)Nc2ccc([C@H]3CNCCO3)cc2)cc(Cl)n1,4.14,IC50,73180.0,nM,0
CHEMBL23924,N[C@H](C(=O)N1CC[C@@H](F)C1)[C@H]1CC[C@H](NC(=O)c2ccc(F)c(F)c2)CC1,4.14,Ki,73000.0,nM,0
CHEMBL230813,Cc1c(N2CC[C@@H]([C@H](C)NCCC#N)C2)c(F)cc2c(=O)c(C(=O)O)cn(C3CC3)c12,4.14,Ki,72000.0,nM,0
CHEMBL3262132,Cl.c1cncc(OC[C@H]2CNCCN2c2nc3ncccc3o2)c1,4.14,IC50,72000.0,nM,0
CHEMBL1671887,CCC1OC(=O)C(C)C(OC2CC(C)(OC)C(O)C(C)O2)C(C)C(OC2OC(C)CC(N(C)C)C2O)C(C)(O)CC(C)C(=O)C(C)C(O)C1(C)O,4.14,IC50,72443.6,nM,0
CHEMBL3290344,COc1cnc2ccc(=O)n(CCN3CCC(NC(=O)c4cnc(C)c(C#N)c4)CC3)c2c1,4.13,IC50,74000.0,nM,0
CHEMBL472,COc1ccc(Cl)cc1C(=O)NCCc1ccc(S(=O)(=O)NC(=O)NC2CCCCC2)cc1,4.13,IC50,74131.02,nM,0
CHEMBL300927,O=C(O)c1ccc(-n2cc(C3CCN(CCN4CCNC4=O)CC3)c3cc(Cl)ccc32)cc1,4.13,IC50,74131.02,nM,0
CHEMBL2325995,NC1(C(=O)NC(CCCN2CCOCC2)c2ccc(Cl)cc2)CCN(c2ncnc3[nH]ccc23)CC1,4.13,IC50,74807.0,nM,0
CHEMBL2386850,Cc1cc(Oc2cncnc2)cc(C(=O)Nc2ccc(F)cn2)n1,4.13,IC50,73600.0,nM,0
CHEMBL1671908,CCC1=C(C)CC(C(=O)NCCc2ccc(S(=O)(=O)NC(=O)NC3CCC(C)CC3)cc2)C1=O,4.13,IC50,74131.02,nM,0
CHEMBL4102181,O=C(c1cccc(F)c1)N1CCc2oc(-c3ccc(F)cn3)nc2C1,4.13,IC50,74000.0,nM,0
CHEMBL3987135,O=C1OCCc2cc([C@@H]3CN4CCN(C(=O)Cc5ccc(-n6cnnn6)cc5)C[C@H]4CO3)ccc21,4.12,IC50,75900.0,nM,0
CHEMBL3221126,CN1CCN(c2cnc3cc(C(F)(F)F)cc(NCc4ccc5cccnc5c4)c3c2)CC1,4.12,IC50,75800.0,nM,0
CHEMBL217571,COc1ccc2c(=O)n(C[C@@H](O)CO)c(C#N)c(-c3ccccc3)c2c1,4.12,IC50,76000.0,nM,0
CHEMBL3356252,O=C(CNCC1(O)CCCCC1)N1CCc2ccccc2[C@H]1C1CCCCC1,4.12,IC50,76000.0,nM,0
CHEMBL5744962,COc1cc(CCC(C)(C)N2Cc3cccc(C(=O)N4CCNCC4)c3C2)ccc1O,4.12,IC50,76000.0,nM,0
CHEMBL188068,NCc1ccc(F)c(C2CCN(C(=O)c3cc(C(=O)O)cc(-c4nc(-c5cccs5)no4)c3)CC2)c1,4.12,IC50,76800.0,nM,0
CHEMBL2165069,COc1ccc2ncc(=O)n(CCN3CC[C@H](NCc4cc5c(cn4)OCCO5)[C@@H](F)C3)c2c1,4.12,IC50,75000.0,nM,0
CHEMBL1091879,CC(C)C(N1CCOCC1)C(O)(c1cccnc1)c1cccnc1,4.12,IC50,75000.0,nM,0
CHEMBL3608757,O=C1COc2ccc(CN[C@@H]3CCN(CCn4c(=O)ccc5ncc(Oc6cccnc6)cc54)C[C@@H]3F)nc2N1,4.12,IC50,75000.0,nM,0
CHEMBL2024379,CCOC(=O)C1CCN(CCCOc2ccc(S(N)(=O)=O)cc2)CC1,4.12,IC50,76500.0,nM,0
CHEMBL2165056,COc1ccc2ncc(=O)n(CCN3CC[C@@H](NCc4cc5c(cn4)OCCO5)[C@@H](OC)C3)c2c1,4.12,IC50,75000.0,nM,0
CHEMBL3889781,O=C1OCCc2cc([C@@H]3CN4CCN(C(=O)Cc5ccc(-n6cnnn6)nc5)C[C@H]4CO3)ccc21,4.12,IC50,75900.0,nM,0
CHEMBL4297615,CCOc1c([C@H](C)n2nc(C)c3c(N)ncnc32)cc(Cl)c(F)c1[C@@H]1CNC(=O)C1,4.12,IC50,75000.0,nM,0
CHEMBL2023802,CCOc1cc2nccc(Oc3cnc(CC(=O)Nc4n[nH]c(CC)c4C)c(OC)c3)c2cc1OC,4.12,IC50,76000.0,nM,0
CHEMBL445949,CC(C)[C@H](Oc1ccc(CNC(=O)[C@@H]2CCCN2C(=O)C[C@H](N)Cc2cc(F)ccc2F)cc1)C(=O)O.O=C(O)C(F)(F)F,4.12,IC50,76000.0,nM,0
CHEMBL364102,CC(C)[C@@H](Oc1ccc(CNC(=O)[C@@H]2CCCN2C(=O)CC(N)Cc2cc(F)ccc2F)cc1)C(=O)O.O=C(O)C(F)(F)F,4.12,IC50,76000.0,nM,0
CHEMBL3233187,CC(C)N(C)[C@@H]1CC[C@H](N2CC[C@H](NC(=O)c3cccc(C(C)(C)C)c3)C2=O)[C@H](CS(=O)(=O)C(C)C)C1,4.11,IC50,77000.0,nM,0
CHEMBL494480,CCN(CC)C(=O)c1ccc(C2=CC3(CCNCC3)Oc3cccc(O)c32)cc1,4.11,IC50,78000.0,nM,0
CHEMBL245379,C[C@@H](C1CCC(N(C)C(=O)c2cccc(F)c2)CC1)[C@H](N)C(=O)N1CC[C@H](F)C1.Cl,4.11,IC50,78000.0,nM,0
CHEMBL3356248,O=C(CNCC1(O)CCCC1)N1CCc2ccccc2C1C1CCCCC1,4.11,IC50,78600.0,nM,0
CHEMBL3741589,O=C(O)C1CN(Cc2ccc(OCc3ccc(Cl)c(Cl)c3)cc2)C1,4.11,IC50,77000.0,nM,0
CHEMBL583091,CC[C@H]1OC(=O)[C@H](C)C(=O)[C@H](C)[C@@H](O[C@@H]2O[C@H](C)C[C@H](N(C)C)[C@H]2O)[C@](C)(O)C[C@@H](C)C(=O)[C@H](C)[C@H]2N(C3CN(Cc4ccnc5ncccc45)C3)C(=O)O[C@]12C,4.1,IC50,80000.0,nM,0
CHEMBL4207042,CNC(=O)c1cnc(N)c(O[C@H]2CN(C(=O)Cc3ccc(OC(F)(F)F)cc3)CC2(F)F)c1,4.1,IC50,79000.0,nM,0
CHEMBL2021969,CCOC(=O)C1CCN(CCCOc2ccc(S(=O)(=O)NC(=O)Nc3ccccc3)cc2)CC1,4.1,IC50,78700.0,nM,0
CHEMBL3221496,CC(C)OC[C@H](Oc1ncnc2c1cnn2-c1ncccc1Cl)C(=O)Nc1ccc(F)cn1,4.1,IC50,79432.82,nM,0
CHEMBL2333619,CCNc1cc(C(F)(F)F)cc(COCC2(c3ccc(F)cc3)CCN(C)CC2)n1,4.1,IC50,80000.0,nM,0
CHEMBL3622533,COc1ccc(-c2nc(N3CCOCC3)c3sc(CN(C)c4ncc(C(=O)NO)cn4)cc3n2)cn1,4.1,IC50,79500.0,nM,0
CHEMBL86304,O=C(NCCN1CCOCC1)c1ccc(Cl)cc1,4.1,IC50,79432.82,nM,0
CHEMBL3221481,COCC[C@H](Oc1ncnc2c1cnn2-c1ncccc1Cl)C(=O)Nc1ccc(C)cn1,4.1,IC50,79432.82,nM,0
CHEMBL3221528,O=C(Nc1ccccn1)[C@H](CN1CC(O)C1)Oc1ncnc2c1cnn2-c1c(F)cccc1Cl,4.1,IC50,79432.82,nM,0
CHEMBL4474244,C[C@H]1CCCN1CCCOc1ccc2c(c1)CC[C@H]1[C@@H]3[C@H](C(=O)N4CCCC4)CC(=O)[C@@]3(C)CC[C@H]21,4.1,IC50,80000.0,nM,0
CHEMBL1779710,CC(C)(C)OC[C@@H]1C(=O)NCCN1C(=O)C[C@H](N)Cc1cc(F)c(F)cc1F,4.1,IC50,79600.0,nM,0
CHEMBL1910126,Cc1nc2c(c(-c3ccc(Cl)cc3Cl)c1CN)CN(CC(=O)NCc1cccnc1)C2=O,4.1,IC50,80000.0,nM,0
CHEMBL182223,NC(CC(=O)N1CCC[C@H]1C(=O)NCc1ccc(C(=O)O)cc1)Cc1ccc(F)c(F)c1.O=C(O)C(F)(F)F,4.1,IC50,79000.0,nM,0
CHEMBL559147,C[C@@H](N)[C@H]1CC[C@H](C(=O)Nc2ccncc2)CC1,4.1,Ki,79432.82,nM,0
CHEMBL3330442,O=C(NC[C@@H]1OC(=O)N2c3ccc(N4CCOCC4=O)cc3OC[C@@H]12)c1ccc(Cl)s1,4.1,IC50,79750.0,nM,0
CHEMBL2325736,CS(=O)(=O)NCCC(NC(=O)C1(N)CCN(c2ncnc3[nH]ccc23)CC1)c1ccc(Cl)cc1,4.1,IC50,80124.0,nM,0
CHEMBL3608750,O=C1COc2ccc(CNC3CCN(CCn4c(=O)ccc5ncc(Oc6cncc(F)c6)cc54)CC3)nc2N1,4.1,IC50,79000.0,nM,0
CHEMBL1784468,Cc1nc2ccccc2n1C1CC2CCC(C1)N2CCC1(c2ccccc2)CCN(C(=O)c2cccc(C(=O)NO)c2)CC1,4.1,IC50,79432.82,nM,0
CHEMBL4758240,Nc1n[nH]c(N2CCC(N3CC(=O)NC[C@@H]3Cc3ccc(Cl)cc3)CC2)n1,4.1,IC50,80000.0,nM,0
CHEMBL6020257,Cn1c(=O)ccc2ncc(OCCNC[C@H]3CN(c4ccc5c(n4)NC(=O)CO5)C(=O)O3)nc21,4.09,IC50,82000.0,nM,0
CHEMBL1916544,COc1ncc2ncc(=O)n(CCN3CCC(NCc4cc5c(cn4)OCCO5)CC3)c2n1,4.09,IC50,81000.0,nM,0
CHEMBL5825577,O=C(Nc1ccc([C@H]2CNCCO2)cc1)c1ccnc(Cl)c1,4.09,IC50,81710.0,nM,0
CHEMBL3221123,CCNC(=O)Nc1cccc(CNc2cc(C(F)(F)F)cc3ncc(N4CCN(C)CC4)cc23)c1,4.09,IC50,81700.0,nM,0
CHEMBL3608744,Cc1ncc(CNC2CCN(CCn3c(=O)ccc4ncc(Oc5ccc(S(N)(=O)=O)cc5)cc43)CC2)cc1Cl,4.09,IC50,82000.0,nM,0
CHEMBL559477,N[C@H]1Cn2c(nc3cnc(F)cc32)C[C@@H]1c1cc(F)c(F)cc1F.O=C(O)C(F)(F)F.O=C(O)C(F)(F)F,4.09,IC50,81000.0,nM,0
CHEMBL3329814,O=C(OCC1CCN(CC(O)CO)CC1)c1c2n(c3ccccc13)CCCO2,4.09,IC50,81000.0,nM,0
CHEMBL4075428,Cn1c([S+](C)[O-])nc(-c2ccc(F)cc2)c1-c1ccnc(N)c1,4.08,IC50,83000.0,nM,0
CHEMBL1671906,COc1cc2nc(N(C)CCCNC(=O)C3CCCO3)nc(C)c2cc1OC,4.08,IC50,83176.38,nM,0
CHEMBL1951778,COc1ccc([C@]2(O)CC[C@H](N3CC[C@@H](NC(=O)CNC(=O)c4cccc(C(F)(F)F)c4)C3)CC2)cn1.CS(=O)(=O)O,4.08,IC50,84000.0,nM,0
CHEMBL4781551,Cc1cccn(-c2ccc(-c3ccc4c(C(=O)NCC5CC5)n[nH]c4c3)c(Cl)c2)c1=O,4.08,IC50,82300.0,nM,0
CHEMBL2447962,CCCCN1CCCC[C@@H]1C(=O)Nc1c(C)cccc1C.Cl,4.08,IC50,84000.0,nM,0
CHEMBL4092041,COc1ccc2ncc(F)c([C@@H](O)CC[C@@H]3CCN(C4CC(c5cc(F)ccc5F)C4)C[C@@H]3C(=O)O)c2c1,4.07,IC50,85900.0,nM,0
CHEMBL237337,CN(C)C(=O)[C@@H](c1ccc(-c2ccc3ncnn3c2)cc1)[C@H](N)C(=O)N1CC[C@H](F)C1,4.07,IC50,86000.0,nM,0
CHEMBL216482,O=C(NC1CCN(Cc2ccc3ccc(=O)[nH]c3c2)CC1)c1cc(=O)c2ccc(F)cc2o1,4.07,IC50,85500.0,nM,0
CHEMBL230598,COc1c(N2CC[C@@H]([C@H](C)N)C2)c(F)cc2c(=O)c(C(=O)O)cn(C3CC3)c12,4.07,Ki,85000.0,nM,0
CHEMBL216323,O=C(NC1CCN(Cc2ccc3oc(=O)oc3c2)CC1)c1cc(=O)c2ccc(F)cc2o1,4.07,IC50,85200.0,nM,0
CHEMBL4207711,C[C@H]1C[C@H]2CSC(N)=N[C@@]2(c2ccccc2)CO1,4.07,IC50,85700.0,nM,0
CHEMBL4209354,COc1ccccc1[C@]12CO[C@@H](C)C[C@H]1CSC(N)=N2,4.07,IC50,85600.0,nM,0
CHEMBL3301607,O=C(Nc1nc2cccc(-c3ccc(CN4CCS(=O)(=O)CC4)cc3)n2n1)C1CC1,4.07,IC50,85000.0,nM,0
CHEMBL485123,Cc1ncc(C)c(C(=O)N2CCC([C@H](N)Cc3cc(F)c(F)cc3F)CC2)n1,4.07,IC50,85000.0,nM,0
CHEMBL459357,CN(C)C(=O)[C@@H](c1ccc(C2=CN3N=CNC3C=C2)cc1)[C@H](N)C(=O)N1CC[C@H](F)C1,4.07,IC50,86000.0,nM,0
CHEMBL3220881,O=C(/C=C/[C@@H]1CCCN1)N1CCN(c2cnc3cc(C(F)(F)F)cc(NCc4cccc([N+](=O)[O-])c4)c3c2)CC1,4.06,IC50,86200.0,nM,0
CHEMBL5399932,O=C(O)c1cc(F)c2nc(CN3CCN(c4cccc(OCc5ccc(Cl)c6cc(F)oc56)n4)C=N3)n(C[C@@H]3CCO3)c2c1,4.06,IC50,87000.0,nM,0
CHEMBL2165057,COc1ccc2ncc(=O)n(CCN3CC[C@@H](NCc4ccc5c(n4)NC(=O)CO5)[C@@H](OC)C3)c2c1,4.06,IC50,88000.0,nM,0
CHEMBL5884101,COc1cncc(OCCCN)c1-c1cc(Nc2cnc(C#N)cn2)n[nH]1,4.06,IC50,87400.0,nM,0
CHEMBL520463,CC(C)(O)c1ccc(C#Cc2cccc(-n3cc(C(=O)NC4CC4)c(=O)c4cccnc43)c2)c[n+]1[O-],4.05,IC50,89400.0,nM,0
CHEMBL4847738,C[C@H]1COc2c(N3CC[C@@H](C4(N)CC4)C3)ccc3cc(C(=O)O)c(=O)n1c23,4.05,IC50,90000.0,nM,0
CHEMBL562388,N[C@H]1Cn2c(nc3ncccc32)C[C@@H]1c1cc(F)c(F)cc1F.O=C(O)C(F)(F)F.O=C(O)C(F)(F)F,4.05,IC50,90000.0,nM,0
CHEMBL562188,N[C@H]1Cn2c(nc3cnccc32)C[C@@H]1c1cc(F)c(F)cc1F.O=C(O)C(F)(F)F.O=C(O)C(F)(F)F,4.05,IC50,89000.0,nM,0
CHEMBL4639987,Cc1cc(S(=O)(=O)Nc2ccncn2)c(F)cc1O[C@H]1CCCC[C@@H]1c1ccnn1C,4.05,IC50,90000.0,nM,0
CHEMBL3290351,COc1cnc2ccc(=O)n(CCN3CC[C@@H](NCc4cnc(C)c(C#N)c4)[C@@H](F)C3)c2c1,4.05,IC50,90000.0,nM,0
CHEMBL1106,NC1=NCC2c3ccccc3Cc3ccccc3N12,4.04,IC50,91201.08,nM,0
CHEMBL388978,CN[C@@H]1C[C@H]2O[C@@](C)([C@@H]1OC)n1c3ccccc3c3c4c(c5c6ccccc6n2c5c31)C(=O)NC4,4.04,IC50,90400.0,nM,0
CHEMBL451887,CC(C)C[C@H](NC(=O)[C@H](CCc1ccccc1)NC(=O)CN1CCOCC1)C(=O)N[C@@H](Cc1ccccc1)C(=O)N[C@@H](CC(C)C)C(=O)[C@@]1(C)CO1,4.04,IC50,92100.0,nM,0
CHEMBL3220882,CN(C)C/C=C/C(=O)N1CCN(c2cnc3cc(C(F)(F)F)cc(NCc4cccc([N+](=O)[O-])c4)c3c2)CC1,4.04,IC50,92100.0,nM,0
CHEMBL3221113,CC(=O)c1cccc(CNc2cc(C(F)(F)F)cc3ncc(N4CCN(C)CC4)cc23)c1,4.03,IC50,93600.0,nM,0
CHEMBL4224807,CN(c1ncnc2[nH]ccc12)[C@@H]1CCN(C(=O)CC#N)C1,4.03,IC50,93000.0,nM,0
CHEMBL2165060,COc1ccc2ncc(=O)n(CCN3CC[C@H](NCc4cc5c(cn4)OCCO5)[C@@H](OC)C3)c2c1,4.03,IC50,93000.0,nM,0
CHEMBL2024378,NS(=O)(=O)c1ccc(OCCCN2CCCCC2)cc1,4.03,IC50,93200.0,nM,0
CHEMBL3799831,CN(C)C(=O)c1cc(CN2CCOc3c(F)cccc32)c2oc(N3CCOCC3)cc(=O)c2c1,4.03,IC50,94000.0,nM,0
CHEMBL3582294,CNC(=O)c1ccc(-c2cc(F)c3ncc(Cc4ccc5ncccc5c4)n3c2)cc1F,4.03,IC50,93560.0,nM,0
CHEMBL4635030,Cn1nccc1[C@H]1CCCC[C@@H]1Oc1cc(F)c(S(=O)(=O)Nc2cscn2)cc1F,4.03,IC50,94000.0,nM,0
CHEMBL5802803,O=C(NCC1CCOCC1)c1n[nH]c2ccc(-c3cnccc3CN3CCNCC3)cc12,4.03,IC50,93800.0,nM,0
CHEMBL4640366,O=C(CCCCCCC(=O)Nc1ccccc1)NOC(c1ccccc1)(c1ccccc1)c1ccccc1,4.02,IC50,96220.0,nM,0
CHEMBL2346971,OC1(c2cccnc2)CCN(c2ccc3nnc(C(F)(F)F)n3n2)CC1,4.02,IC50,95499.26,nM,0
CHEMBL605785,COC1(c2ccc(NC(=O)c3cc(=O)c4cc(F)cc(-c5c(C)nn(C)c5C)c4o3)cn2)CCOCC1,4.02,IC50,95000.0,nM,0
CHEMBL3323086,Cn1cc([C@@]2(c3ccc(C(=O)O)cn3)N[C@@H](c3nc(-c4ccc(F)cc4)c[nH]3)Cc3c2[nH]c2ccccc32)cn1,4.02,IC50,95600.0,nM,0
CHEMBL3804950,Cc1ccnc2c3c(nn12)CN([C@H]1CO[C@H](c2cc(F)ccc2F)[C@@H](N)C1)C3,4.01,IC50,97000.0,nM,0
CHEMBL3330060,N#C[C@@H]1C[C@H](F)CN1C(=O)C[C@H](N)Cc1cc(F)c(F)cc1F,4.01,IC50,97700.0,nM,0
CHEMBL5968198,Cn1c(=O)cnc2cc(F)c(OCCNC[C@H]3CN(c4cnc5c(n4)NC(=O)CO5)C(=O)O3)nc21,4.01,IC50,98000.0,nM,0
CHEMBL3356251,O=C(CNCC1(O)CCCCC1)N1CCc2ccccc2[C@@H]1C1CCCCC1,4.01,IC50,98000.0,nM,0
CHEMBL5945487,CC(CCc1ccc(Cl)c(Cl)c1)N1Cc2ccc3ccccc3c2C1,4.01,IC50,98000.0,nM,0
CHEMBL4858551,NC(=O)c1ccn(-c2ccc(NCC3(c4ncccc4F)CCC3)nn2)c1,4.01,IC50,97000.0,nM,0
CHEMBL5867036,CC(C)(C)Oc1cc(CCC(C)(C)N2Cc3cccc(C(=O)O)c3C2)ccc1O,4.0,IC50,100000.0,nM,0
CHEMBL5827028,C[C@H](CCc1ccc(O)c(OC(C)(C)C)c1)N1Cc2c(F)ccc(F)c2C1,4.0,IC50,100000.0,nM,0
CHEMBL1097,CCN(CC)CCNC(=O)c1ccc(NC(C)=O)cc1,4.0,IC50,100000.0,nM,0
CHEMBL5810728,CC(C)(C)Oc1cc(CCC(C)(C)N2Cc3c(F)ccc(F)c3C2)ccc1O,4.0,IC50,100000.0,nM,0
CHEMBL231396,N[C@H]1CN(c2ccc3nc(=O)ccn3n2)CC[C@@H]1c1cc(F)c(F)cc1F.O=C(O)C(F)(F)F,4.0,IC50,100000.0,nM,0
CHEMBL4464764,O=c1c(O)c(-c2cccc(O)c2)oc2ccc(O)cc12,4.0,IC50,99300.0,nM,0
CHEMBL2425893,CC#CCn1c(N2CCC[C@@H](N)C2)cc(=O)n(Cc2ccc3ccc(Cl)cc3n2)c1=O,4.0,IC50,100000.0,nM,0
CHEMBL4746566,CC(C)(Oc1ccc(-c2cnc(N)c(-c3ccc(Cl)cc3)c2)cc1)C(=O)O,4.0,IC50,100000.0,nM,0
CHEMBL1957497,CS(=O)(=O)N1CCN(Cc2cn3cc(-c4cccc5[nH]ncc45)nc(N4CCOCC4)c3n2)CC1,4.0,IC50,100000.0,nM,0
CHEMBL231294,N[C@H]1CN(c2ccn3cnnc3n2)CC[C@@H]1c1cc(F)c(F)cc1F.O=C(O)C(F)(F)F,4.0,IC50,100000.0,nM,0
CHEMBL3696477,Cc1c([C@H](O)CN2CCN(C[C@H](O)c3ccc4c(c3C)COC4=O)CC2)ccc2c1COC2=O,4.0,IC50,100000.0,nM,0
CHEMBL779,CN1CC(=O)N2[C@H](c3ccc4c(c3)OCO4)c3[nH]c4ccccc4c3C[C@@H]2C1=O,4.0,IC50,100000.0,nM,0
CHEMBL5944526,CC(C)(CCc1ccc(O)c(OC(F)(F)F)c1)N1Cc2c(F)ccc(F)c2C1,4.0,IC50,100000.0,nM,0
CHEMBL1784523,Cc1nc2ccccc2n1C1CC2CCC(C1)N2CCC1(c2cccc(F)c2)CCN(C(=O)c2cc(NS(C)(=O)=O)c(F)cc2F)CC1,4.0,IC50,100000.0,nM,0
CHEMBL576256,CCc1n[nH]c(CC)c1Oc1cc(C)cc(C#N)c1,4.0,IC50,100000.0,nM,0
CHEMBL3417745,O=C(NO)C1(S(=O)(=O)c2ccc(Oc3ccc(OC(F)(F)F)cc3)cc2)CCC2(CCNCC2)C1,4.0,IC50,100000.0,nM,0
CHEMBL4438583,Cc1c(C(O)CN2CCN(C(=O)Cc3ccc(-n4cnnn4)cc3)CC2)ccc2c1COC2=O,4.0,IC50,100000.0,nM,0
CHEMBL4755139,COC[C@H]1CN(C2CCN(c3nc(N)n[nH]3)CC2)[C@@H](Cc2ccc(Cl)cc2)CO1,4.0,IC50,100000.0,nM,0
