glue_id,smiles,inchikey,linker,source_fragment,mw
GLUE0000,O=C1CCC(N2Cc3cccc(NC(=O)c4ccccc4)c3C2=O)C(=O)N1,SJSUTTFUSXJKBB-UHFFFAOYSA-N,amide,*c1ccccc1,363.37
GLUE0001,O=C1CCC(N2Cc3cccc(NS(=O)(=O)c4ccccc4)c3C2=O)C(=O)N1,MCDJGVWKUNUNFB-UHFFFAOYSA-N,sulfonamide,*c1ccccc1,399.43
GLUE0002,O=C1CCC(N2Cc3cccc(NC(=O)Cc4ccccc4)c3C2=O)C(=O)N1,AGXMYLXZOHVCKD-UHFFFAOYSA-N,acetamide,*c1ccccc1,377.4
GLUE0003,O=C1CCC(N2Cc3cccc(NC(=O)Nc4ccccc4)c3C2=O)C(=O)N1,CIPDFIBYKVCCBH-UHFFFAOYSA-N,urea,*c1ccccc1,378.39
GLUE0004,O=C1CCC(N2Cc3cccc(NC(=O)Oc4ccccc4)c3C2=O)C(=O)N1,NPHXDIPZUDSLEW-UHFFFAOYSA-N,carbamate,*c1ccccc1,379.37
GLUE0005,O=C1CCC(N2Cc3cccc(NC(=O)C(=O)O)c3C2=O)C(=O)N1,LIAFGXHOAUPIAN-UHFFFAOYSA-N,amide,*C(=O)O,331.28
GLUE0006,O=C1CCC(N2Cc3cccc(NS(=O)(=O)C(=O)O)c3C2=O)C(=O)N1,CCVLEXMIWQVVNE-UHFFFAOYSA-N,sulfonamide,*C(=O)O,367.34
GLUE0007,O=C(O)CC(=O)Nc1cccc2c1C(=O)N(C1CCC(=O)NC1=O)C2,KPRUHHNMRFOJDZ-UHFFFAOYSA-N,acetamide,*C(=O)O,345.31
GLUE0008,O=C(O)NC(=O)Nc1cccc2c1C(=O)N(C1CCC(=O)NC1=O)C2,RPSJQKNYIJPUSD-UHFFFAOYSA-N,urea,*C(=O)O,346.3
GLUE0009,O=C1CCC(N2Cc3cccc(NC(=O)OC(=O)O)c3C2=O)C(=O)N1,CXDKFIQZXOTBBF-UHFFFAOYSA-N,carbamate,*C(=O)O,347.28
GLUE0010,CC(C)C(=O)Nc1cccc2c1C(=O)N(C1CCC(=O)NC1=O)C2,RULZGSNBCMFFLL-UHFFFAOYSA-N,amide,*C(C)C,329.36
GLUE0011,CC(C)S(=O)(=O)Nc1cccc2c1C(=O)N(C1CCC(=O)NC1=O)C2,ASCZPSYPJNOOMN-UHFFFAOYSA-N,sulfonamide,*C(C)C,365.41
GLUE0012,CC(C)CC(=O)Nc1cccc2c1C(=O)N(C1CCC(=O)NC1=O)C2,DBCSEYOLWVMCPJ-UHFFFAOYSA-N,acetamide,*C(C)C,343.38
GLUE0013,CC(C)NC(=O)Nc1cccc2c1C(=O)N(C1CCC(=O)NC1=O)C2,ZTSZWBSGDSIZOP-UHFFFAOYSA-N,urea,*C(C)C,344.37
GLUE0014,CC(C)OC(=O)Nc1cccc2c1C(=O)N(C1CCC(=O)NC1=O)C2,POASSFBIHZDRDS-UHFFFAOYSA-N,carbamate,*C(C)C,345.36
GLUE0015,CN(C)C(=O)Nc1cccc2c1C(=O)N(C1CCC(=O)NC1=O)C2,QHLWGDDHWGCJKP-UHFFFAOYSA-N,amide,*N(C)C,330.34
GLUE0016,CN(C)S(=O)(=O)Nc1cccc2c1C(=O)N(C1CCC(=O)NC1=O)C2,TUCULJZZPBPEEM-UHFFFAOYSA-N,sulfonamide,*N(C)C,366.4
GLUE0017,CN(C)CC(=O)Nc1cccc2c1C(=O)N(C1CCC(=O)NC1=O)C2,IEGGAXAGZPZLCY-UHFFFAOYSA-N,acetamide,*N(C)C,344.37
GLUE0018,CN(C)NC(=O)Nc1cccc2c1C(=O)N(C1CCC(=O)NC1=O)C2,XPUHMUKOFZUTJR-UHFFFAOYSA-N,urea,*N(C)C,345.36
GLUE0019,CN(C)OC(=O)Nc1cccc2c1C(=O)N(C1CCC(=O)NC1=O)C2,LGKYXIPPSNMZIX-UHFFFAOYSA-N,carbamate,*N(C)C,346.34
GLUE0020,CC(=O)C(=O)Nc1cccc2c1C(=O)N(C1CCC(=O)NC1=O)C2,SGKVJCDCHKINRS-UHFFFAOYSA-N,amide,*C(C)=O,329.31
GLUE0021,CC(=O)S(=O)(=O)Nc1cccc2c1C(=O)N(C1CCC(=O)NC1=O)C2,WMWSOGBQXAKEHH-UHFFFAOYSA-N,sulfonamide,*C(C)=O,365.37
GLUE0022,CC(=O)CC(=O)Nc1cccc2c1C(=O)N(C1CCC(=O)NC1=O)C2,AEFWKCNGYGPCBG-UHFFFAOYSA-N,acetamide,*C(C)=O,343.34
GLUE0023,CC(=O)NC(=O)Nc1cccc2c1C(=O)N(C1CCC(=O)NC1=O)C2,XSGJNOTZRFRYIQ-UHFFFAOYSA-N,urea,*C(C)=O,344.33
GLUE0024,CC(=O)OC(=O)Nc1cccc2c1C(=O)N(C1CCC(=O)NC1=O)C2,SWDMRKDRINHZSB-UHFFFAOYSA-N,carbamate,*C(C)=O,345.31
GLUE0025,NC(=O)C(=O)Nc1cccc2c1C(=O)N(C1CCC(=O)NC1=O)C2,MFWPODCMBGDRCE-UHFFFAOYSA-N,amide,*C(N)=O,330.3
GLUE0026,NC(=O)S(=O)(=O)Nc1cccc2c1C(=O)N(C1CCC(=O)NC1=O)C2,BWUJHDUGJUHTBN-UHFFFAOYSA-N,sulfonamide,*C(N)=O,366.36
GLUE0027,NC(=O)CC(=O)Nc1cccc2c1C(=O)N(C1CCC(=O)NC1=O)C2,ULVUJSPYZSBISK-UHFFFAOYSA-N,acetamide,*C(N)=O,344.33
GLUE0028,NC(=O)NC(=O)Nc1cccc2c1C(=O)N(C1CCC(=O)NC1=O)C2,CYSNKDVWKWEYOC-UHFFFAOYSA-N,urea,*C(N)=O,345.32
GLUE0029,NC(=O)OC(=O)Nc1cccc2c1C(=O)N(C1CCC(=O)NC1=O)C2,IATJAIBHRLXJHV-UHFFFAOYSA-N,carbamate,*C(N)=O,346.3
GLUE0030,O=C1CCC(N2Cc3cccc(NC(=O)C4CC4)c3C2=O)C(=O)N1,XRVLKCAGNMYMOG-UHFFFAOYSA-N,amide,*C1CC1,327.34
GLUE0031,O=C1CCC(N2Cc3cccc(NS(=O)(=O)C4CC4)c3C2=O)C(=O)N1,YDQMTTYPWAWWLV-UHFFFAOYSA-N,sulfonamide,*C1CC1,363.4
GLUE0032,O=C1CCC(N2Cc3cccc(NC(=O)CC4CC4)c3C2=O)C(=O)N1,KACGGMYTKFNZAD-UHFFFAOYSA-N,acetamide,*C1CC1,341.37
GLUE0033,O=C1CCC(N2Cc3cccc(NC(=O)NC4CC4)c3C2=O)C(=O)N1,VZGGIIFGOKBKGV-UHFFFAOYSA-N,urea,*C1CC1,342.36
GLUE0034,O=C1CCC(N2Cc3cccc(NC(=O)OC4CC4)c3C2=O)C(=O)N1,CAUIVIMUVSCOEJ-UHFFFAOYSA-N,carbamate,*C1CC1,343.34
GLUE0035,CCCC(=O)Nc1cccc2c1C(=O)N(C1CCC(=O)NC1=O)C2,AJAHJTDFOAUUTE-UHFFFAOYSA-N,amide,*CCC,329.36
GLUE0036,CCCS(=O)(=O)Nc1cccc2c1C(=O)N(C1CCC(=O)NC1=O)C2,WLLWOGCPHZUDIN-UHFFFAOYSA-N,sulfonamide,*CCC,365.41
GLUE0037,CCCCC(=O)Nc1cccc2c1C(=O)N(C1CCC(=O)NC1=O)C2,PBBPHIJMUFFJMD-UHFFFAOYSA-N,acetamide,*CCC,343.38
GLUE0038,CCCNC(=O)Nc1cccc2c1C(=O)N(C1CCC(=O)NC1=O)C2,QKQOQLHOMBNJJB-UHFFFAOYSA-N,urea,*CCC,344.37
GLUE0039,CCCOC(=O)Nc1cccc2c1C(=O)N(C1CCC(=O)NC1=O)C2,ONMYHYCWJLHOGQ-UHFFFAOYSA-N,carbamate,*CCC,345.36
GLUE0040,O=C1CCC(N2Cc3cccc(NC(=O)C(F)(F)F)c3C2=O)C(=O)N1,XPQMZIVHTWRAHO-UHFFFAOYSA-N,amide,*C(F)(F)F,355.27
GLUE0041,O=C1CCC(N2Cc3cccc(NS(=O)(=O)C(F)(F)F)c3C2=O)C(=O)N1,IYMJNHZVLWNIQG-UHFFFAOYSA-N,sulfonamide,*C(F)(F)F,391.33
GLUE0042,O=C1CCC(N2Cc3cccc(NC(=O)CC(F)(F)F)c3C2=O)C(=O)N1,YMTDLXHPAMICKG-UHFFFAOYSA-N,acetamide,*C(F)(F)F,369.3
GLUE0043,O=C1CCC(N2Cc3cccc(NC(=O)NC(F)(F)F)c3C2=O)C(=O)N1,OPIJNCBLLHFTQH-UHFFFAOYSA-N,urea,*C(F)(F)F,370.29
GLUE0044,O=C1CCC(N2Cc3cccc(NC(=O)OC(F)(F)F)c3C2=O)C(=O)N1,WWBPLOLKBPDQAU-UHFFFAOYSA-N,carbamate,*C(F)(F)F,371.27
GLUE0045,O=C(O)CS(=O)(=O)Nc1cccc2c1C(=O)N(C1CCC(=O)NC1=O)C2,FMQOUJRFGHXALR-UHFFFAOYSA-N,sulfonamide,*CC(=O)O,381.37
GLUE0046,O=C(O)CCC(=O)Nc1cccc2c1C(=O)N(C1CCC(=O)NC1=O)C2,XWURTPFNKLLKQL-UHFFFAOYSA-N,acetamide,*CC(=O)O,359.34
GLUE0047,O=C(O)CNC(=O)Nc1cccc2c1C(=O)N(C1CCC(=O)NC1=O)C2,MVCHGDFKABEZIS-UHFFFAOYSA-N,urea,*CC(=O)O,360.33
GLUE0048,O=C(O)COC(=O)Nc1cccc2c1C(=O)N(C1CCC(=O)NC1=O)C2,DJFBIOLQDUGMOL-UHFFFAOYSA-N,carbamate,*CC(=O)O,361.31
GLUE0049,O=C1CCC(N2Cc3cccc(NC(=O)CCO)c3C2=O)C(=O)N1,SFSWGYHQQRHSHQ-UHFFFAOYSA-N,amide,*CCO,331.33
GLUE0050,O=C1CCC(N2Cc3cccc(NS(=O)(=O)CCO)c3C2=O)C(=O)N1,JQVIQXLKIPERKQ-UHFFFAOYSA-N,sulfonamide,*CCO,367.38
GLUE0051,O=C1CCC(N2Cc3cccc(NC(=O)CCCO)c3C2=O)C(=O)N1,OXYGKXUDTBTIFX-UHFFFAOYSA-N,acetamide,*CCO,345.36
GLUE0052,O=C1CCC(N2Cc3cccc(NC(=O)NCCO)c3C2=O)C(=O)N1,XWLUKSMFRTXODV-UHFFFAOYSA-N,urea,*CCO,346.34
GLUE0053,O=C1CCC(N2Cc3cccc(NC(=O)OCCO)c3C2=O)C(=O)N1,SJGDRQCIOZRJTO-UHFFFAOYSA-N,carbamate,*CCO,347.33
GLUE0054,O=C1CCC(N2Cc3cccc(NC(=O)c4ccc(F)cc4)c3C2=O)C(=O)N1,IPFUISUQZIVBPV-UHFFFAOYSA-N,amide,*c1ccc(F)cc1,381.36
GLUE0055,O=C1CCC(N2Cc3cccc(NS(=O)(=O)c4ccc(F)cc4)c3C2=O)C(=O)N1,XNKTXQMFQAJJKG-UHFFFAOYSA-N,sulfonamide,*c1ccc(F)cc1,417.42
GLUE0056,O=C1CCC(N2Cc3cccc(NC(=O)Cc4ccc(F)cc4)c3C2=O)C(=O)N1,HPSBMAKEMDXOOW-UHFFFAOYSA-N,acetamide,*c1ccc(F)cc1,395.39
GLUE0057,O=C1CCC(N2Cc3cccc(NC(=O)Nc4ccc(F)cc4)c3C2=O)C(=O)N1,HUMJHMHDGNZTPS-UHFFFAOYSA-N,urea,*c1ccc(F)cc1,396.38
GLUE0058,O=C1CCC(N2Cc3cccc(NC(=O)Oc4ccc(F)cc4)c3C2=O)C(=O)N1,FWWNKAYVTGWVPQ-UHFFFAOYSA-N,carbamate,*c1ccc(F)cc1,397.36
GLUE0059,O=C1CCC(N2Cc3cccc(NC(=O)c4ccc(Cl)cc4)c3C2=O)C(=O)N1,UXUHUTKSXUFTJS-UHFFFAOYSA-N,amide,*c1ccc(Cl)cc1,397.82
GLUE0060,O=C1CCC(N2Cc3cccc(NS(=O)(=O)c4ccc(Cl)cc4)c3C2=O)C(=O)N1,PYYILSUZKOQERK-UHFFFAOYSA-N,sulfonamide,*c1ccc(Cl)cc1,433.87
GLUE0061,O=C1CCC(N2Cc3cccc(NC(=O)Cc4ccc(Cl)cc4)c3C2=O)C(=O)N1,VEDQKUBABANVIS-UHFFFAOYSA-N,acetamide,*c1ccc(Cl)cc1,411.85
GLUE0062,O=C1CCC(N2Cc3cccc(NC(=O)Nc4ccc(Cl)cc4)c3C2=O)C(=O)N1,BDRAXWFDYORIRW-UHFFFAOYSA-N,urea,*c1ccc(Cl)cc1,412.83
GLUE0063,O=C1CCC(N2Cc3cccc(NC(=O)Oc4ccc(Cl)cc4)c3C2=O)C(=O)N1,UZTBNYPNRHEOSL-UHFFFAOYSA-N,carbamate,*c1ccc(Cl)cc1,413.82
GLUE0064,CC(C)(C)C(=O)Nc1cccc2c1C(=O)N(C1CCC(=O)NC1=O)C2,WSIADALFJLZHPD-UHFFFAOYSA-N,amide,*C(C)(C)C,343.38
GLUE0065,CC(C)(C)S(=O)(=O)Nc1cccc2c1C(=O)N(C1CCC(=O)NC1=O)C2,QCWVOGUNQPFGFN-UHFFFAOYSA-N,sulfonamide,*C(C)(C)C,379.44
GLUE0066,CC(C)(C)CC(=O)Nc1cccc2c1C(=O)N(C1CCC(=O)NC1=O)C2,NNFCJLKMERWMCC-UHFFFAOYSA-N,acetamide,*C(C)(C)C,357.41
GLUE0067,CC(C)(C)NC(=O)Nc1cccc2c1C(=O)N(C1CCC(=O)NC1=O)C2,VFWXYOCUQHIVAV-UHFFFAOYSA-N,urea,*C(C)(C)C,358.4
GLUE0068,CC(C)(C)OC(=O)Nc1cccc2c1C(=O)N(C1CCC(=O)NC1=O)C2,IAVXNCOAUQZCIP-UHFFFAOYSA-N,carbamate,*C(C)(C)C,359.38
GLUE0069,C=CCC(=O)Nc1cccc2c1C(=O)N(C1CCC(=O)NC1=O)C2,WRGVDFAJLKAFOM-UHFFFAOYSA-N,amide,*CC=C,327.34
GLUE0070,C=CCS(=O)(=O)Nc1cccc2c1C(=O)N(C1CCC(=O)NC1=O)C2,RXWNBUNURWQNFA-UHFFFAOYSA-N,sulfonamide,*CC=C,363.4
GLUE0071,C=CCCC(=O)Nc1cccc2c1C(=O)N(C1CCC(=O)NC1=O)C2,QZXNRNXLOMKUPH-UHFFFAOYSA-N,acetamide,*CC=C,341.37
GLUE0072,C=CCNC(=O)Nc1cccc2c1C(=O)N(C1CCC(=O)NC1=O)C2,MTNLRXUXFOQFOC-UHFFFAOYSA-N,urea,*CC=C,342.36
GLUE0073,C=CCOC(=O)Nc1cccc2c1C(=O)N(C1CCC(=O)NC1=O)C2,SADLRMDTQMXERB-UHFFFAOYSA-N,carbamate,*CC=C,343.34
GLUE0074,CCCCS(=O)(=O)Nc1cccc2c1C(=O)N(C1CCC(=O)NC1=O)C2,LOVGMAWUNXRAFH-UHFFFAOYSA-N,sulfonamide,*CCCC,379.44
GLUE0075,CCCCCC(=O)Nc1cccc2c1C(=O)N(C1CCC(=O)NC1=O)C2,LPVPMVFCCBRSRU-UHFFFAOYSA-N,acetamide,*CCCC,357.41
GLUE0076,CCCCNC(=O)Nc1cccc2c1C(=O)N(C1CCC(=O)NC1=O)C2,MPKPQEPFFBNDNF-UHFFFAOYSA-N,urea,*CCCC,358.4
GLUE0077,CCCCOC(=O)Nc1cccc2c1C(=O)N(C1CCC(=O)NC1=O)C2,DIDXPRVKKIPQJJ-UHFFFAOYSA-N,carbamate,*CCCC,359.38
GLUE0078,O=C1CCC(N2Cc3cccc(NC(=O)c4ccc(O)cc4)c3C2=O)C(=O)N1,LRZPUFSMDURFMH-UHFFFAOYSA-N,amide,*c1ccc(O)cc1,379.37
GLUE0079,O=C1CCC(N2Cc3cccc(NS(=O)(=O)c4ccc(O)cc4)c3C2=O)C(=O)N1,DRDYZVYAJYBIHO-UHFFFAOYSA-N,sulfonamide,*c1ccc(O)cc1,415.43
GLUE0080,O=C1CCC(N2Cc3cccc(NC(=O)Cc4ccc(O)cc4)c3C2=O)C(=O)N1,AWMOLUJWYZIAQM-UHFFFAOYSA-N,acetamide,*c1ccc(O)cc1,393.4
GLUE0081,O=C1CCC(N2Cc3cccc(NC(=O)Nc4ccc(O)cc4)c3C2=O)C(=O)N1,XKQIOMNTLHSMRO-UHFFFAOYSA-N,urea,*c1ccc(O)cc1,394.39
GLUE0082,O=C1CCC(N2Cc3cccc(NC(=O)Oc4ccc(O)cc4)c3C2=O)C(=O)N1,SRLSNUQKGDNGPE-UHFFFAOYSA-N,carbamate,*c1ccc(O)cc1,395.37
GLUE0083,O=C1CCC(N2Cc3cccc(NC(=O)C(=O)[O-])c3C2=O)C(=O)N1,LIAFGXHOAUPIAN-UHFFFAOYSA-M,amide,*C(=O)[O-],330.28
GLUE0084,O=C1CCC(N2Cc3cccc(NS(=O)(=O)C(=O)[O-])c3C2=O)C(=O)N1,CCVLEXMIWQVVNE-UHFFFAOYSA-M,sulfonamide,*C(=O)[O-],366.33
GLUE0085,O=C([O-])CC(=O)Nc1cccc2c1C(=O)N(C1CCC(=O)NC1=O)C2,KPRUHHNMRFOJDZ-UHFFFAOYSA-M,acetamide,*C(=O)[O-],344.3
GLUE0086,O=C([O-])NC(=O)Nc1cccc2c1C(=O)N(C1CCC(=O)NC1=O)C2,RPSJQKNYIJPUSD-UHFFFAOYSA-M,urea,*C(=O)[O-],345.29
GLUE0087,O=C1CCC(N2Cc3cccc(NC(=O)OC(=O)[O-])c3C2=O)C(=O)N1,CXDKFIQZXOTBBF-UHFFFAOYSA-M,carbamate,*C(=O)[O-],346.28
GLUE0088,O=C1CCC(N2Cc3cccc(NC(=O)C4CCCCC4)c3C2=O)C(=O)N1,IDQUZTHKJXVVSW-UHFFFAOYSA-N,amide,*C1CCCCC1,369.42
GLUE0089,O=C1CCC(N2Cc3cccc(NS(=O)(=O)C4CCCCC4)c3C2=O)C(=O)N1,XHEJMCNMPPGXEP-UHFFFAOYSA-N,sulfonamide,*C1CCCCC1,405.48
GLUE0090,O=C1CCC(N2Cc3cccc(NC(=O)CC4CCCCC4)c3C2=O)C(=O)N1,NQXCVFZPCRIZJT-UHFFFAOYSA-N,acetamide,*C1CCCCC1,383.45
GLUE0091,O=C1CCC(N2Cc3cccc(NC(=O)NC4CCCCC4)c3C2=O)C(=O)N1,YEDSCESARQXMDS-UHFFFAOYSA-N,urea,*C1CCCCC1,384.44
GLUE0092,O=C1CCC(N2Cc3cccc(NC(=O)OC4CCCCC4)c3C2=O)C(=O)N1,WNIJKCNXYPGNHJ-UHFFFAOYSA-N,carbamate,*C1CCCCC1,385.42
GLUE0093,Nc1ccc(S(=O)(=O)C(=O)Nc2cccc3c2C(=O)N(C2CCC(=O)NC2=O)C3)cc1,PUKRLIFPGTZCIS-UHFFFAOYSA-N,amide,*S(=O)(=O)c1ccc(N)cc1,442.45
GLUE0094,Nc1ccc(S(=O)(=O)S(=O)(=O)Nc2cccc3c2C(=O)N(C2CCC(=O)NC2=O)C3)cc1,NXNYNOYBFPFRLU-UHFFFAOYSA-N,sulfonamide,*S(=O)(=O)c1ccc(N)cc1,478.51
GLUE0095,Nc1ccc(S(=O)(=O)CC(=O)Nc2cccc3c2C(=O)N(C2CCC(=O)NC2=O)C3)cc1,QSGXPDOXJCGMLE-UHFFFAOYSA-N,acetamide,*S(=O)(=O)c1ccc(N)cc1,456.48
GLUE0096,Nc1ccc(S(=O)(=O)NC(=O)Nc2cccc3c2C(=O)N(C2CCC(=O)NC2=O)C3)cc1,JFSKORDZXYDZKA-UHFFFAOYSA-N,urea,*S(=O)(=O)c1ccc(N)cc1,457.47
GLUE0097,Nc1ccc(S(=O)(=O)OC(=O)Nc2cccc3c2C(=O)N(C2CCC(=O)NC2=O)C3)cc1,IQRXVVQEODSYIS-UHFFFAOYSA-N,carbamate,*S(=O)(=O)c1ccc(N)cc1,458.45
GLUE0098,O=C1CCC(N2Cc3cccc(NC(=O)N4CCOCC4)c3C2=O)C(=O)N1,WVJKGYUPPXYAGX-UHFFFAOYSA-N,amide,*N1CCOCC1,372.38
GLUE0099,O=C1CCC(N2Cc3cccc(NS(=O)(=O)N4CCOCC4)c3C2=O)C(=O)N1,NDKPSQPLIFYMJN-UHFFFAOYSA-N,sulfonamide,*N1CCOCC1,408.44
GLUE0100,O=C1CCC(N2Cc3cccc(NC(=O)CN4CCOCC4)c3C2=O)C(=O)N1,FVTNJTTUHALXRF-UHFFFAOYSA-N,acetamide,*N1CCOCC1,386.41
GLUE0101,O=C1CCC(N2Cc3cccc(NC(=O)NN4CCOCC4)c3C2=O)C(=O)N1,IWAUWLHXOAQPSD-UHFFFAOYSA-N,urea,*N1CCOCC1,387.4
GLUE0102,O=C1CCC(N2Cc3cccc(NC(=O)ON4CCOCC4)c3C2=O)C(=O)N1,DIANTYNBBSQQTL-UHFFFAOYSA-N,carbamate,*N1CCOCC1,388.38
GLUE0103,Cc1cccc(C)c1C(=O)Nc1cccc2c1C(=O)N(C1CCC(=O)NC1=O)C2,KJZZLYOJYUQAAR-UHFFFAOYSA-N,amide,*c1c(C)cccc1C,391.43
GLUE0104,Cc1cccc(C)c1S(=O)(=O)Nc1cccc2c1C(=O)N(C1CCC(=O)NC1=O)C2,NOTHXOCEAYJDFU-UHFFFAOYSA-N,sulfonamide,*c1c(C)cccc1C,427.48
GLUE0105,Cc1cccc(C)c1CC(=O)Nc1cccc2c1C(=O)N(C1CCC(=O)NC1=O)C2,DVAOLKJTLGCURF-UHFFFAOYSA-N,acetamide,*c1c(C)cccc1C,405.45
GLUE0106,Cc1cccc(C)c1NC(=O)Nc1cccc2c1C(=O)N(C1CCC(=O)NC1=O)C2,DZSKQPOPLKZDRW-UHFFFAOYSA-N,urea,*c1c(C)cccc1C,406.44
GLUE0107,Cc1cccc(C)c1OC(=O)Nc1cccc2c1C(=O)N(C1CCC(=O)NC1=O)C2,RMLCRDLSJREKKD-UHFFFAOYSA-N,carbamate,*c1c(C)cccc1C,407.43
GLUE0108,O=C1CCC(N2Cc3cccc(NC(=O)C(=O)CO)c3C2=O)C(=O)N1,SXSAXLMAWMOCGX-UHFFFAOYSA-N,amide,*C(=O)CO,345.31
GLUE0109,O=C1CCC(N2Cc3cccc(NS(=O)(=O)C(=O)CO)c3C2=O)C(=O)N1,JPABXAFVGXBXBN-UHFFFAOYSA-N,sulfonamide,*C(=O)CO,381.37
GLUE0110,O=C(CO)CC(=O)Nc1cccc2c1C(=O)N(C1CCC(=O)NC1=O)C2,DWTUVHSWWBORDL-UHFFFAOYSA-N,acetamide,*C(=O)CO,359.34
GLUE0111,O=C(CO)NC(=O)Nc1cccc2c1C(=O)N(C1CCC(=O)NC1=O)C2,CTGZMMSJFVJMMK-UHFFFAOYSA-N,urea,*C(=O)CO,360.33
GLUE0112,O=C1CCC(N2Cc3cccc(NC(=O)OC(=O)CO)c3C2=O)C(=O)N1,YLYAPHSXCFOZOG-UHFFFAOYSA-N,carbamate,*C(=O)CO,361.31
GLUE0113,CCC(=O)C(=O)Nc1cccc2c1C(=O)N(C1CCC(=O)NC1=O)C2,LUUYZVVYJDOKOX-UHFFFAOYSA-N,amide,*C(=O)CC,343.34
GLUE0114,CCC(=O)S(=O)(=O)Nc1cccc2c1C(=O)N(C1CCC(=O)NC1=O)C2,JXPOAYXPKIRCCB-UHFFFAOYSA-N,sulfonamide,*C(=O)CC,379.39
GLUE0115,CCC(=O)CC(=O)Nc1cccc2c1C(=O)N(C1CCC(=O)NC1=O)C2,RLZOCHCHRFXKKY-UHFFFAOYSA-N,acetamide,*C(=O)CC,357.37
GLUE0116,CCC(=O)NC(=O)Nc1cccc2c1C(=O)N(C1CCC(=O)NC1=O)C2,OXYACFMSXYCQIK-UHFFFAOYSA-N,urea,*C(=O)CC,358.35
GLUE0117,CCC(=O)OC(=O)Nc1cccc2c1C(=O)N(C1CCC(=O)NC1=O)C2,RBWDKXDUEYIGPQ-UHFFFAOYSA-N,carbamate,*C(=O)CC,359.34
GLUE0118,NCCC(=O)Nc1cccc2c1C(=O)N(C1CCC(=O)NC1=O)C2,OUXJPWQIQUQSHW-UHFFFAOYSA-N,amide,*CCN,330.34
GLUE0119,NCCS(=O)(=O)Nc1cccc2c1C(=O)N(C1CCC(=O)NC1=O)C2,MREQUQLLRIVJCJ-UHFFFAOYSA-N,sulfonamide,*CCN,366.4
GLUE0120,NCCCC(=O)Nc1cccc2c1C(=O)N(C1CCC(=O)NC1=O)C2,QUJFFEHVVRWHBH-UHFFFAOYSA-N,acetamide,*CCN,344.37
GLUE0121,NCCNC(=O)Nc1cccc2c1C(=O)N(C1CCC(=O)NC1=O)C2,OAASMXLGCQXMIB-UHFFFAOYSA-N,urea,*CCN,345.36
GLUE0122,NCCOC(=O)Nc1cccc2c1C(=O)N(C1CCC(=O)NC1=O)C2,UTFUPMYTWPKRND-UHFFFAOYSA-N,carbamate,*CCN,346.34
GLUE0123,O=C1CCC(N2Cc3cccc(NC(=O)c4ccccc4Cl)c3C2=O)C(=O)N1,NXKHBGRBKTUBQW-UHFFFAOYSA-N,amide,*c1ccccc1Cl,397.82
GLUE0124,O=C1CCC(N2Cc3cccc(NS(=O)(=O)c4ccccc4Cl)c3C2=O)C(=O)N1,MCTKABDQCKVAJG-UHFFFAOYSA-N,sulfonamide,*c1ccccc1Cl,433.87
GLUE0125,O=C1CCC(N2Cc3cccc(NC(=O)Cc4ccccc4Cl)c3C2=O)C(=O)N1,PIIDRGQNTSBBNV-UHFFFAOYSA-N,acetamide,*c1ccccc1Cl,411.85
GLUE0126,O=C1CCC(N2Cc3cccc(NC(=O)Nc4ccccc4Cl)c3C2=O)C(=O)N1,HZCMJGNLZOFTHX-UHFFFAOYSA-N,urea,*c1ccccc1Cl,412.83
GLUE0127,O=C1CCC(N2Cc3cccc(NC(=O)Oc4ccccc4Cl)c3C2=O)C(=O)N1,QLHIIYHOEWEIQR-UHFFFAOYSA-N,carbamate,*c1ccccc1Cl,413.82
GLUE0128,CC(C)CS(=O)(=O)Nc1cccc2c1C(=O)N(C1CCC(=O)NC1=O)C2,VITYBGKVDPEOQW-UHFFFAOYSA-N,sulfonamide,*CC(C)C,379.44
GLUE0129,CC(C)CCC(=O)Nc1cccc2c1C(=O)N(C1CCC(=O)NC1=O)C2,NXBLIRQEOZFTEB-UHFFFAOYSA-N,acetamide,*CC(C)C,357.41
GLUE0130,CC(C)CNC(=O)Nc1cccc2c1C(=O)N(C1CCC(=O)NC1=O)C2,PWZMJPMLPLYHJW-UHFFFAOYSA-N,urea,*CC(C)C,358.4
GLUE0131,CC(C)COC(=O)Nc1cccc2c1C(=O)N(C1CCC(=O)NC1=O)C2,VHFOEEHILUFOQR-UHFFFAOYSA-N,carbamate,*CC(C)C,359.38
GLUE0132,O=C1CCC(N2Cc3cccc(NC(=O)N4CCCCC4)c3C2=O)C(=O)N1,GEOJWLIVQRPWFS-UHFFFAOYSA-N,amide,*N1CCCCC1,370.41
GLUE0133,O=C1CCC(N2Cc3cccc(NS(=O)(=O)N4CCCCC4)c3C2=O)C(=O)N1,CVUFOZPEIVSXPX-UHFFFAOYSA-N,sulfonamide,*N1CCCCC1,406.46
GLUE0134,O=C1CCC(N2Cc3cccc(NC(=O)CN4CCCCC4)c3C2=O)C(=O)N1,FIEBRTRGZMXTJK-UHFFFAOYSA-N,acetamide,*N1CCCCC1,384.44
GLUE0135,O=C1CCC(N2Cc3cccc(NC(=O)NN4CCCCC4)c3C2=O)C(=O)N1,MRVIPASUVLPWFV-UHFFFAOYSA-N,urea,*N1CCCCC1,385.42
GLUE0136,O=C1CCC(N2Cc3cccc(NC(=O)ON4CCCCC4)c3C2=O)C(=O)N1,IMOLQSOJQLWQOK-UHFFFAOYSA-N,carbamate,*N1CCCCC1,386.41
GLUE0137,O=C1CCC(N2Cc3cccc(NC(=O)c4cccs4)c3C2=O)C(=O)N1,KLNDLGIFNQDITR-UHFFFAOYSA-N,amide,*c1cccs1,369.4
GLUE0138,O=C1CCC(N2Cc3cccc(NS(=O)(=O)c4cccs4)c3C2=O)C(=O)N1,AXWOVVOPHDOAOB-UHFFFAOYSA-N,sulfonamide,*c1cccs1,405.46
GLUE0139,O=C1CCC(N2Cc3cccc(NC(=O)Cc4cccs4)c3C2=O)C(=O)N1,LOXRJWWUCLFVPP-UHFFFAOYSA-N,acetamide,*c1cccs1,383.43
GLUE0140,O=C1CCC(N2Cc3cccc(NC(=O)Nc4cccs4)c3C2=O)C(=O)N1,INJJUIMRAXVBCQ-UHFFFAOYSA-N,urea,*c1cccs1,384.42
GLUE0141,O=C1CCC(N2Cc3cccc(NC(=O)Oc4cccs4)c3C2=O)C(=O)N1,JGPBDKXQBOKWNI-UHFFFAOYSA-N,carbamate,*c1cccs1,385.4
GLUE0142,O=C1CCC(N2Cc3cccc(NC(=O)c4ccccn4)c3C2=O)C(=O)N1,BUBKWZUBRRFMTB-UHFFFAOYSA-N,amide,*c1ccccn1,364.36
GLUE0143,O=C1CCC(N2Cc3cccc(NS(=O)(=O)c4ccccn4)c3C2=O)C(=O)N1,PQSUDJVJHWEFGM-UHFFFAOYSA-N,sulfonamide,*c1ccccn1,400.42
GLUE0144,O=C1CCC(N2Cc3cccc(NC(=O)Cc4ccccn4)c3C2=O)C(=O)N1,AFFBKSCTKQJCMM-UHFFFAOYSA-N,acetamide,*c1ccccn1,378.39
GLUE0145,O=C1CCC(N2Cc3cccc(NC(=O)Nc4ccccn4)c3C2=O)C(=O)N1,SPZZCQCOXPJATC-UHFFFAOYSA-N,urea,*c1ccccn1,379.38
GLUE0146,O=C1CCC(N2Cc3cccc(NC(=O)Oc4ccccn4)c3C2=O)C(=O)N1,KGSLUCWSCQSCSK-UHFFFAOYSA-N,carbamate,*c1ccccn1,380.36
GLUE0147,O=C1CCC(N2Cc3cccc(NC(=O)C4CCCC4)c3C2=O)C(=O)N1,FGQPHPCFGOCIDN-UHFFFAOYSA-N,amide,*C1CCCC1,355.39
GLUE0148,O=C1CCC(N2Cc3cccc(NS(=O)(=O)C4CCCC4)c3C2=O)C(=O)N1,QTJKIGUNOJVDES-UHFFFAOYSA-N,sulfonamide,*C1CCCC1,391.45
GLUE0149,O=C1CCC(N2Cc3cccc(NC(=O)CC4CCCC4)c3C2=O)C(=O)N1,LNGBYQWJEIYBMT-UHFFFAOYSA-N,acetamide,*C1CCCC1,369.42
GLUE0150,O=C1CCC(N2Cc3cccc(NC(=O)NC4CCCC4)c3C2=O)C(=O)N1,UOQXKDZHXCFTBK-UHFFFAOYSA-N,urea,*C1CCCC1,370.41
GLUE0151,O=C1CCC(N2Cc3cccc(NC(=O)OC4CCCC4)c3C2=O)C(=O)N1,MEPSGXAVZUMCOT-UHFFFAOYSA-N,carbamate,*C1CCCC1,371.39
GLUE0152,Nc1ccc(C(=O)Nc2cccc3c2C(=O)N(C2CCC(=O)NC2=O)C3)cc1,KIBKUUPRHZAZFP-UHFFFAOYSA-N,amide,*c1ccc(N)cc1,378.39
GLUE0153,Nc1ccc(S(=O)(=O)Nc2cccc3c2C(=O)N(C2CCC(=O)NC2=O)C3)cc1,MGSJCKKBGYVWNN-UHFFFAOYSA-N,sulfonamide,*c1ccc(N)cc1,414.44
GLUE0154,Nc1ccc(CC(=O)Nc2cccc3c2C(=O)N(C2CCC(=O)NC2=O)C3)cc1,YIKOZAPJLQKOPB-UHFFFAOYSA-N,acetamide,*c1ccc(N)cc1,392.42
GLUE0155,Nc1ccc(NC(=O)Nc2cccc3c2C(=O)N(C2CCC(=O)NC2=O)C3)cc1,RVGHBXBWAJYFKE-UHFFFAOYSA-N,urea,*c1ccc(N)cc1,393.4
GLUE0156,Nc1ccc(OC(=O)Nc2cccc3c2C(=O)N(C2CCC(=O)NC2=O)C3)cc1,WXDICDVRIREZRL-UHFFFAOYSA-N,carbamate,*c1ccc(N)cc1,394.39
GLUE0157,CN1CCN(C(=O)Nc2cccc3c2C(=O)N(C2CCC(=O)NC2=O)C3)CC1,GCKYSGDQYRGVPH-UHFFFAOYSA-N,amide,*N1CCN(C)CC1,385.42
GLUE0158,CN1CCN(S(=O)(=O)Nc2cccc3c2C(=O)N(C2CCC(=O)NC2=O)C3)CC1,GZBFMYUSXHZQLD-UHFFFAOYSA-N,sulfonamide,*N1CCN(C)CC1,421.48
GLUE0159,CN1CCN(CC(=O)Nc2cccc3c2C(=O)N(C2CCC(=O)NC2=O)C3)CC1,VYTKNVZTMFGXRB-UHFFFAOYSA-N,acetamide,*N1CCN(C)CC1,399.45
GLUE0160,CN1CCN(NC(=O)Nc2cccc3c2C(=O)N(C2CCC(=O)NC2=O)C3)CC1,LPOMUFHMGCUFQU-UHFFFAOYSA-N,urea,*N1CCN(C)CC1,400.44
GLUE0161,CN1CCN(OC(=O)Nc2cccc3c2C(=O)N(C2CCC(=O)NC2=O)C3)CC1,WHDZORDEFCILIX-UHFFFAOYSA-N,carbamate,*N1CCN(C)CC1,401.42
GLUE0162,O=C1CCC(N2Cc3cccc(NC(=O)c4ccc(F)cc4F)c3C2=O)C(=O)N1,RNSZBYRLKPUSGX-UHFFFAOYSA-N,amide,*c1ccc(F)cc1F,399.35
GLUE0163,O=C1CCC(N2Cc3cccc(NS(=O)(=O)c4ccc(F)cc4F)c3C2=O)C(=O)N1,ROPRWCGHKTYMBZ-UHFFFAOYSA-N,sulfonamide,*c1ccc(F)cc1F,435.41
GLUE0164,O=C1CCC(N2Cc3cccc(NC(=O)Cc4ccc(F)cc4F)c3C2=O)C(=O)N1,LEURGBMZTGHOSM-UHFFFAOYSA-N,acetamide,*c1ccc(F)cc1F,413.38
GLUE0165,O=C1CCC(N2Cc3cccc(NC(=O)Nc4ccc(F)cc4F)c3C2=O)C(=O)N1,MKAFMNGZWXNAPU-UHFFFAOYSA-N,urea,*c1ccc(F)cc1F,414.37
GLUE0166,O=C1CCC(N2Cc3cccc(NC(=O)Oc4ccc(F)cc4F)c3C2=O)C(=O)N1,AHSYUYRGZDCPGV-UHFFFAOYSA-N,carbamate,*c1ccc(F)cc1F,415.35
GLUE0167,O=C1CCC(N2Cc3cccc(NC(=O)c4c(Cl)cccc4Cl)c3C2=O)C(=O)N1,JQYZDSSMYHNNDH-UHFFFAOYSA-N,amide,*c1c(Cl)cccc1Cl,432.26
GLUE0168,O=C1CCC(N2Cc3cccc(NS(=O)(=O)c4c(Cl)cccc4Cl)c3C2=O)C(=O)N1,GHFJLZWVUCDISS-UHFFFAOYSA-N,sulfonamide,*c1c(Cl)cccc1Cl,468.32
GLUE0169,O=C1CCC(N2Cc3cccc(NC(=O)Cc4c(Cl)cccc4Cl)c3C2=O)C(=O)N1,OLPSVBGOFQJFGJ-UHFFFAOYSA-N,acetamide,*c1c(Cl)cccc1Cl,446.29
GLUE0170,O=C1CCC(N2Cc3cccc(NC(=O)Nc4c(Cl)cccc4Cl)c3C2=O)C(=O)N1,ZSZIIVPNXMUSHN-UHFFFAOYSA-N,urea,*c1c(Cl)cccc1Cl,447.28
GLUE0171,O=C1CCC(N2Cc3cccc(NC(=O)Oc4c(Cl)cccc4Cl)c3C2=O)C(=O)N1,SJHWVVLDHDOJKE-UHFFFAOYSA-N,carbamate,*c1c(Cl)cccc1Cl,448.26
GLUE0172,O=C1CCC(N2Cc3cccc(NC(=O)c4cccc(O)c4)c3C2=O)C(=O)N1,VQTDRGJRFPGXCW-UHFFFAOYSA-N,amide,*c1cccc(O)c1,379.37
GLUE0173,O=C1CCC(N2Cc3cccc(NS(=O)(=O)c4cccc(O)c4)c3C2=O)C(=O)N1,FPLLQHBEQVGHPO-UHFFFAOYSA-N,sulfonamide,*c1cccc(O)c1,415.43
GLUE0174,O=C1CCC(N2Cc3cccc(NC(=O)Cc4cccc(O)c4)c3C2=O)C(=O)N1,GPJMDWPCGADZOH-UHFFFAOYSA-N,acetamide,*c1cccc(O)c1,393.4
GLUE0175,O=C1CCC(N2Cc3cccc(NC(=O)Nc4cccc(O)c4)c3C2=O)C(=O)N1,HLOYEGFDJQDVGY-UHFFFAOYSA-N,urea,*c1cccc(O)c1,394.39
GLUE0176,O=C1CCC(N2Cc3cccc(NC(=O)Oc4cccc(O)c4)c3C2=O)C(=O)N1,XGLNEAGLWUCZDG-UHFFFAOYSA-N,carbamate,*c1cccc(O)c1,395.37
GLUE0177,N=C(N)NC(=O)Nc1cccc2c1C(=O)N(C1CCC(=O)NC1=O)C2,XKZVPNLCRCMPJP-UHFFFAOYSA-N,amide,*NC(=N)N,344.33
GLUE0178,N=C(N)NS(=O)(=O)Nc1cccc2c1C(=O)N(C1CCC(=O)NC1=O)C2,OTHPAZSWFXNTMT-UHFFFAOYSA-N,sulfonamide,*NC(=N)N,380.39
GLUE0179,N=C(N)NCC(=O)Nc1cccc2c1C(=O)N(C1CCC(=O)NC1=O)C2,QPMMZYQZKAWKEI-UHFFFAOYSA-N,acetamide,*NC(=N)N,358.36
GLUE0180,N=C(N)NNC(=O)Nc1cccc2c1C(=O)N(C1CCC(=O)NC1=O)C2,XISIBTDCEQVTEQ-UHFFFAOYSA-N,urea,*NC(=N)N,359.35
GLUE0181,N=C(N)NOC(=O)Nc1cccc2c1C(=O)N(C1CCC(=O)NC1=O)C2,HGBJEFCJOJNZRE-UHFFFAOYSA-N,carbamate,*NC(=N)N,360.33
GLUE0182,O=C([O-])CS(=O)(=O)Nc1cccc2c1C(=O)N(C1CCC(=O)NC1=O)C2,FMQOUJRFGHXALR-UHFFFAOYSA-M,sulfonamide,*CC(=O)[O-],380.36
GLUE0183,O=C([O-])CCC(=O)Nc1cccc2c1C(=O)N(C1CCC(=O)NC1=O)C2,XWURTPFNKLLKQL-UHFFFAOYSA-M,acetamide,*CC(=O)[O-],358.33
GLUE0184,O=C([O-])CNC(=O)Nc1cccc2c1C(=O)N(C1CCC(=O)NC1=O)C2,MVCHGDFKABEZIS-UHFFFAOYSA-M,urea,*CC(=O)[O-],359.32
GLUE0185,O=C([O-])COC(=O)Nc1cccc2c1C(=O)N(C1CCC(=O)NC1=O)C2,DJFBIOLQDUGMOL-UHFFFAOYSA-M,carbamate,*CC(=O)[O-],360.3
GLUE0186,O=C1CCC(N2Cc3cccc(NC(=O)c4ccncc4)c3C2=O)C(=O)N1,OKMDFEJJRBVMIV-UHFFFAOYSA-N,amide,*c1ccncc1,364.36
GLUE0187,O=C1CCC(N2Cc3cccc(NS(=O)(=O)c4ccncc4)c3C2=O)C(=O)N1,RRINMLFSJVWGEV-UHFFFAOYSA-N,sulfonamide,*c1ccncc1,400.42
GLUE0188,O=C1CCC(N2Cc3cccc(NC(=O)Cc4ccncc4)c3C2=O)C(=O)N1,DHNDQBOUAIIDBZ-UHFFFAOYSA-N,acetamide,*c1ccncc1,378.39
GLUE0189,O=C1CCC(N2Cc3cccc(NC(=O)Nc4ccncc4)c3C2=O)C(=O)N1,WYJPKPAUBXDCTD-UHFFFAOYSA-N,urea,*c1ccncc1,379.38
GLUE0190,O=C1CCC(N2Cc3cccc(NC(=O)Oc4ccncc4)c3C2=O)C(=O)N1,KFFDDJQMTMJZLZ-UHFFFAOYSA-N,carbamate,*c1ccncc1,380.36
GLUE0191,C[N+](C)(C)C(=O)Nc1cccc2c1C(=O)N(C1CCC(=O)NC1=O)C2,ALPVKAQWVCFAFP-UHFFFAOYSA-O,amide,*[N+](C)(C)C,345.38
GLUE0192,C[N+](C)(C)S(=O)(=O)Nc1cccc2c1C(=O)N(C1CCC(=O)NC1=O)C2,RVUURZAETVYBHS-UHFFFAOYSA-O,sulfonamide,*[N+](C)(C)C,381.43
GLUE0193,C[N+](C)(C)CC(=O)Nc1cccc2c1C(=O)N(C1CCC(=O)NC1=O)C2,PRYSDMVPUNMADD-UHFFFAOYSA-O,acetamide,*[N+](C)(C)C,359.41
GLUE0194,C[N+](C)(C)NC(=O)Nc1cccc2c1C(=O)N(C1CCC(=O)NC1=O)C2,XVEVZHFKBIZCPN-UHFFFAOYSA-O,urea,*[N+](C)(C)C,360.39
GLUE0195,C[N+](C)(C)OC(=O)Nc1cccc2c1C(=O)N(C1CCC(=O)NC1=O)C2,UWBGSHLPLFQNCI-UHFFFAOYSA-O,carbamate,*[N+](C)(C)C,361.38
GLUE0196,CCCC(C)C(=O)Nc1cccc2c1C(=O)N(C1CCC(=O)NC1=O)C2,PJSOXFRIEUYPJA-UHFFFAOYSA-N,amide,*C(C)CCC,357.41
GLUE0197,CCCC(C)S(=O)(=O)Nc1cccc2c1C(=O)N(C1CCC(=O)NC1=O)C2,GHDRMUIXCYMRQG-UHFFFAOYSA-N,sulfonamide,*C(C)CCC,393.47
GLUE0198,CCCC(C)CC(=O)Nc1cccc2c1C(=O)N(C1CCC(=O)NC1=O)C2,VYYLDVRPQPAQEZ-UHFFFAOYSA-N,acetamide,*C(C)CCC,371.44
GLUE0199,CCCC(C)NC(=O)Nc1cccc2c1C(=O)N(C1CCC(=O)NC1=O)C2,XMXWEZAGUNPSJR-UHFFFAOYSA-N,urea,*C(C)CCC,372.43
GLUE0200,CCCC(C)OC(=O)Nc1cccc2c1C(=O)N(C1CCC(=O)NC1=O)C2,KOFUVUJQMCHFHN-UHFFFAOYSA-N,carbamate,*C(C)CCC,373.41
GLUE0201,CC(C(=O)O)C(=O)Nc1cccc2c1C(=O)N(C1CCC(=O)NC1=O)C2,IZBCUVLOQVFBHC-UHFFFAOYSA-N,amide,*C(C)C(=O)O,359.34
GLUE0202,CC(C(=O)O)S(=O)(=O)Nc1cccc2c1C(=O)N(C1CCC(=O)NC1=O)C2,TWTRVVAFSBKWRC-UHFFFAOYSA-N,sulfonamide,*C(C)C(=O)O,395.39
GLUE0203,CC(CC(=O)Nc1cccc2c1C(=O)N(C1CCC(=O)NC1=O)C2)C(=O)O,SORDLDIFRFWGKB-UHFFFAOYSA-N,acetamide,*C(C)C(=O)O,373.37
GLUE0204,CC(NC(=O)Nc1cccc2c1C(=O)N(C1CCC(=O)NC1=O)C2)C(=O)O,JFQYWFSNSWXXIQ-UHFFFAOYSA-N,urea,*C(C)C(=O)O,374.35
GLUE0205,CC(OC(=O)Nc1cccc2c1C(=O)N(C1CCC(=O)NC1=O)C2)C(=O)O,MCHYNMDUZMLDJU-UHFFFAOYSA-N,carbamate,*C(C)C(=O)O,375.34
GLUE0206,N[C@@H](CC(=O)Nc1cccc2c1C(=O)N(C1CCC(=O)NC1=O)C2)C(=O)O,LPTMWKCSXDUISU-FTNKSUMCSA-N,amide,*C[C@H](N)C(=O)O,374.35
GLUE0207,N[C@@H](CS(=O)(=O)Nc1cccc2c1C(=O)N(C1CCC(=O)NC1=O)C2)C(=O)O,DYIOTDVIVVTFJK-FTNKSUMCSA-N,sulfonamide,*C[C@H](N)C(=O)O,410.41
GLUE0208,N[C@@H](CCC(=O)Nc1cccc2c1C(=O)N(C1CCC(=O)NC1=O)C2)C(=O)O,GRCCERFMGXXIPP-NUHJPDEHSA-N,acetamide,*C[C@H](N)C(=O)O,388.38
GLUE0209,N[C@@H](CNC(=O)Nc1cccc2c1C(=O)N(C1CCC(=O)NC1=O)C2)C(=O)O,MNANZELILYHWIH-FTNKSUMCSA-N,urea,*C[C@H](N)C(=O)O,389.37
GLUE0210,N[C@@H](COC(=O)Nc1cccc2c1C(=O)N(C1CCC(=O)NC1=O)C2)C(=O)O,GPIGYJLBCCQPOF-FTNKSUMCSA-N,carbamate,*C[C@H](N)C(=O)O,390.35
GLUE0211,O=C1CCC(N2Cc3cccc(NC(=O)N4CCCC4)c3C2=O)C(=O)N1,ORXGPIAQEFRADA-UHFFFAOYSA-N,amide,*N1CCCC1,356.38
GLUE0212,O=C1CCC(N2Cc3cccc(NS(=O)(=O)N4CCCC4)c3C2=O)C(=O)N1,SXZYCOXLPCGFNQ-UHFFFAOYSA-N,sulfonamide,*N1CCCC1,392.44
GLUE0213,O=C1CCC(N2Cc3cccc(NC(=O)CN4CCCC4)c3C2=O)C(=O)N1,IHCLSCZTHOARFD-UHFFFAOYSA-N,acetamide,*N1CCCC1,370.41
GLUE0214,O=C1CCC(N2Cc3cccc(NC(=O)NN4CCCC4)c3C2=O)C(=O)N1,OHJAUBGTMGOHPQ-UHFFFAOYSA-N,urea,*N1CCCC1,371.4
GLUE0215,O=C1CCC(N2Cc3cccc(NC(=O)ON4CCCC4)c3C2=O)C(=O)N1,WSMZOBVZOIGMGK-UHFFFAOYSA-N,carbamate,*N1CCCC1,372.38
GLUE0216,O=C1CCC(N2Cc3cccc(NC(=O)N4CCNCC4)c3C2=O)C(=O)N1,WSTVOGLTCGIURZ-UHFFFAOYSA-N,amide,*N1CCNCC1,371.4
GLUE0217,O=C1CCC(N2Cc3cccc(NS(=O)(=O)N4CCNCC4)c3C2=O)C(=O)N1,YTFFDEMPWKFXAV-UHFFFAOYSA-N,sulfonamide,*N1CCNCC1,407.45
GLUE0218,O=C1CCC(N2Cc3cccc(NC(=O)CN4CCNCC4)c3C2=O)C(=O)N1,DZRRPVFRRNAAPU-UHFFFAOYSA-N,acetamide,*N1CCNCC1,385.42
GLUE0219,O=C1CCC(N2Cc3cccc(NC(=O)NN4CCNCC4)c3C2=O)C(=O)N1,HJIQMBZBWWTDJS-UHFFFAOYSA-N,urea,*N1CCNCC1,386.41
GLUE0220,O=C1CCC(N2Cc3cccc(NC(=O)ON4CCNCC4)c3C2=O)C(=O)N1,VJTUSBDMGVYKJP-UHFFFAOYSA-N,carbamate,*N1CCNCC1,387.4
GLUE0221,O=C1CCC(N2Cc3cccc(NC(=O)CC4=NCCN4)c3C2=O)C(=O)N1,VYDHOQYQCLGGQD-UHFFFAOYSA-N,amide,*CC1=NCCN1,369.38
GLUE0222,O=C1CCC(N2Cc3cccc(NS(=O)(=O)CC4=NCCN4)c3C2=O)C(=O)N1,CDIWQKPHBTZSHV-UHFFFAOYSA-N,sulfonamide,*CC1=NCCN1,405.44
GLUE0223,O=C1CCC(N2Cc3cccc(NC(=O)CCC4=NCCN4)c3C2=O)C(=O)N1,NBAORDZJAPWKGG-UHFFFAOYSA-N,acetamide,*CC1=NCCN1,383.41
GLUE0224,O=C1CCC(N2Cc3cccc(NC(=O)NCC4=NCCN4)c3C2=O)C(=O)N1,IRLKUGRRPIIORE-UHFFFAOYSA-N,urea,*CC1=NCCN1,384.4
GLUE0225,O=C1CCC(N2Cc3cccc(NC(=O)OCC4=NCCN4)c3C2=O)C(=O)N1,SWYPZERVIHEEBM-UHFFFAOYSA-N,carbamate,*CC1=NCCN1,385.38
GLUE0226,CN1CCC(C(=O)Nc2cccc3c2C(=O)N(C2CCC(=O)NC2=O)C3)CC1,URRMYTNLWYJDJP-UHFFFAOYSA-N,amide,*C1CCN(C)CC1,384.44
GLUE0227,CN1CCC(S(=O)(=O)Nc2cccc3c2C(=O)N(C2CCC(=O)NC2=O)C3)CC1,MIIVCHPNLRDGGO-UHFFFAOYSA-N,sulfonamide,*C1CCN(C)CC1,420.49
GLUE0228,CN1CCC(CC(=O)Nc2cccc3c2C(=O)N(C2CCC(=O)NC2=O)C3)CC1,RJDOSRJWLYOLCN-UHFFFAOYSA-N,acetamide,*C1CCN(C)CC1,398.46
GLUE0229,CN1CCC(NC(=O)Nc2cccc3c2C(=O)N(C2CCC(=O)NC2=O)C3)CC1,UFBRUWFPLSDMQS-UHFFFAOYSA-N,urea,*C1CCN(C)CC1,399.45
GLUE0230,CN1CCC(OC(=O)Nc2cccc3c2C(=O)N(C2CCC(=O)NC2=O)C3)CC1,UQFULSDSPIKNQG-UHFFFAOYSA-N,carbamate,*C1CCN(C)CC1,400.44
GLUE0231,Cc1ccccc1C(=O)Nc1cccc2c1C(=O)N(C1CCC(=O)NC1=O)C2,GGVILTXJFNCTOC-UHFFFAOYSA-N,amide,*c1ccccc1C,377.4
GLUE0232,Cc1ccccc1S(=O)(=O)Nc1cccc2c1C(=O)N(C1CCC(=O)NC1=O)C2,ADRIBEWTTWYRGS-UHFFFAOYSA-N,sulfonamide,*c1ccccc1C,413.46
GLUE0233,Cc1ccccc1CC(=O)Nc1cccc2c1C(=O)N(C1CCC(=O)NC1=O)C2,RXORRIBCROHRSO-UHFFFAOYSA-N,acetamide,*c1ccccc1C,391.43
GLUE0234,Cc1ccccc1NC(=O)Nc1cccc2c1C(=O)N(C1CCC(=O)NC1=O)C2,SIYSGUMNJWOJQX-UHFFFAOYSA-N,urea,*c1ccccc1C,392.42
GLUE0235,Cc1ccccc1OC(=O)Nc1cccc2c1C(=O)N(C1CCC(=O)NC1=O)C2,GYJIAQPGDTVQKZ-UHFFFAOYSA-N,carbamate,*c1ccccc1C,393.4
GLUE0236,O=C1CCC(N2Cc3cccc(NC(=O)c4cccc5ccccc45)c3C2=O)C(=O)N1,VWGGVYHCNQJVIZ-UHFFFAOYSA-N,amide,*c1cccc2ccccc12,413.43
GLUE0237,O=C1CCC(N2Cc3cccc(NS(=O)(=O)c4cccc5ccccc45)c3C2=O)C(=O)N1,JSMMRAGLPBVOBQ-UHFFFAOYSA-N,sulfonamide,*c1cccc2ccccc12,449.49
GLUE0238,O=C1CCC(N2Cc3cccc(NC(=O)Cc4cccc5ccccc45)c3C2=O)C(=O)N1,PZHORBCJUXAHPL-UHFFFAOYSA-N,acetamide,*c1cccc2ccccc12,427.46
GLUE0239,O=C1CCC(N2Cc3cccc(NC(=O)Nc4cccc5ccccc45)c3C2=O)C(=O)N1,SRZOXEZFRCGZIU-UHFFFAOYSA-N,urea,*c1cccc2ccccc12,428.45
GLUE0240,O=C1CCC(N2Cc3cccc(NC(=O)Oc4cccc5ccccc45)c3C2=O)C(=O)N1,KUNOATSJTXXMSK-UHFFFAOYSA-N,carbamate,*c1cccc2ccccc12,429.43
GLUE0241,O=C1CCC(N2Cc3cccc(NC(=O)c4ncnc5[nH]ccc45)c3C2=O)C(=O)N1,IYFKIAWVJZSUTI-UHFFFAOYSA-N,amide,*c1ncnc2[nH]ccc12,404.39
GLUE0242,O=C1CCC(N2Cc3cccc(NS(=O)(=O)c4ncnc5[nH]ccc45)c3C2=O)C(=O)N1,AVPYHPFCOQAZRY-UHFFFAOYSA-N,sulfonamide,*c1ncnc2[nH]ccc12,440.44
GLUE0243,O=C1CCC(N2Cc3cccc(NC(=O)Cc4ncnc5[nH]ccc45)c3C2=O)C(=O)N1,WGHRETVZRKRHBU-UHFFFAOYSA-N,acetamide,*c1ncnc2[nH]ccc12,418.41
GLUE0244,O=C1CCC(N2Cc3cccc(NC(=O)Nc4ncnc5[nH]ccc45)c3C2=O)C(=O)N1,CKDZESMPDVQHNM-UHFFFAOYSA-N,urea,*c1ncnc2[nH]ccc12,419.4
GLUE0245,O=C1CCC(N2Cc3cccc(NC(=O)Oc4ncnc5[nH]ccc45)c3C2=O)C(=O)N1,ORFBATGFIQDXNA-UHFFFAOYSA-N,carbamate,*c1ncnc2[nH]ccc12,420.39
GLUE0246,Cc1ccc(C(=O)Nc2cccc3c2C(=O)N(C2CCC(=O)NC2=O)C3)cc1,VZSJVLNSVTYBFL-UHFFFAOYSA-N,amide,*c1ccc(C)cc1,377.4
GLUE0247,Cc1ccc(S(=O)(=O)Nc2cccc3c2C(=O)N(C2CCC(=O)NC2=O)C3)cc1,QQNJHLJRJZLVMU-UHFFFAOYSA-N,sulfonamide,*c1ccc(C)cc1,413.46
GLUE0248,Cc1ccc(CC(=O)Nc2cccc3c2C(=O)N(C2CCC(=O)NC2=O)C3)cc1,UENQLSJGAYCLRL-UHFFFAOYSA-N,acetamide,*c1ccc(C)cc1,391.43
GLUE0249,Cc1ccc(NC(=O)Nc2cccc3c2C(=O)N(C2CCC(=O)NC2=O)C3)cc1,FZPZYDCWZWILNT-UHFFFAOYSA-N,urea,*c1ccc(C)cc1,392.42
GLUE0250,Cc1ccc(OC(=O)Nc2cccc3c2C(=O)N(C2CCC(=O)NC2=O)C3)cc1,PIBPKTPSAOPXNI-UHFFFAOYSA-N,carbamate,*c1ccc(C)cc1,393.4
GLUE0251,O=C1CCC(N2Cc3cccc(NC(=O)c4ccc5c(c4)OCO5)c3C2=O)C(=O)N1,WEIFLMZQTLXQEU-UHFFFAOYSA-N,amide,*c1ccc2c(c1)OCO2,407.38
GLUE0252,O=C1CCC(N2Cc3cccc(NS(=O)(=O)c4ccc5c(c4)OCO5)c3C2=O)C(=O)N1,MYIQDHZMSDRELR-UHFFFAOYSA-N,sulfonamide,*c1ccc2c(c1)OCO2,443.44
GLUE0253,O=C1CCC(N2Cc3cccc(NC(=O)Cc4ccc5c(c4)OCO5)c3C2=O)C(=O)N1,TXNHYDXTLPBJMM-UHFFFAOYSA-N,acetamide,*c1ccc2c(c1)OCO2,421.41
GLUE0254,O=C1CCC(N2Cc3cccc(NC(=O)Nc4ccc5c(c4)OCO5)c3C2=O)C(=O)N1,XSFUQVOCQMAWGM-UHFFFAOYSA-N,urea,*c1ccc2c(c1)OCO2,422.4
GLUE0255,O=C1CCC(N2Cc3cccc(NC(=O)Oc4ccc5c(c4)OCO5)c3C2=O)C(=O)N1,RLJQLQRXFMICGZ-UHFFFAOYSA-N,carbamate,*c1ccc2c(c1)OCO2,423.38
GLUE0256,O=C1CCC(N2Cc3cccc(NC(=O)c4cccc(Cl)c4Cl)c3C2=O)C(=O)N1,MMZGKOGEJBHGHB-UHFFFAOYSA-N,amide,*c1cccc(Cl)c1Cl,432.26
GLUE0257,O=C1CCC(N2Cc3cccc(NS(=O)(=O)c4cccc(Cl)c4Cl)c3C2=O)C(=O)N1,KKPJSXYJFMDATB-UHFFFAOYSA-N,sulfonamide,*c1cccc(Cl)c1Cl,468.32
GLUE0258,O=C1CCC(N2Cc3cccc(NC(=O)Cc4cccc(Cl)c4Cl)c3C2=O)C(=O)N1,ZVTCZNHDXOUBPK-UHFFFAOYSA-N,acetamide,*c1cccc(Cl)c1Cl,446.29
GLUE0259,O=C1CCC(N2Cc3cccc(NC(=O)Nc4cccc(Cl)c4Cl)c3C2=O)C(=O)N1,TYMJSCBSWYTPFM-UHFFFAOYSA-N,urea,*c1cccc(Cl)c1Cl,447.28
GLUE0260,O=C1CCC(N2Cc3cccc(NC(=O)Oc4cccc(Cl)c4Cl)c3C2=O)C(=O)N1,KRUQJVJANRJHOA-UHFFFAOYSA-N,carbamate,*c1cccc(Cl)c1Cl,448.26
GLUE0261,O=C1CCC(N2Cc3cccc(NC(=O)c4ncccn4)c3C2=O)C(=O)N1,YHKQBPQAKBFZKA-UHFFFAOYSA-N,amide,*c1ncccn1,365.35
GLUE0262,O=C1CCC(N2Cc3cccc(NS(=O)(=O)c4ncccn4)c3C2=O)C(=O)N1,MWPBFGJAYVPMJS-UHFFFAOYSA-N,sulfonamide,*c1ncccn1,401.4
GLUE0263,O=C1CCC(N2Cc3cccc(NC(=O)Cc4ncccn4)c3C2=O)C(=O)N1,PRGOJLYDJJTMBW-UHFFFAOYSA-N,acetamide,*c1ncccn1,379.38
GLUE0264,O=C1CCC(N2Cc3cccc(NC(=O)Nc4ncccn4)c3C2=O)C(=O)N1,CKXLAYDSSAWLPT-UHFFFAOYSA-N,urea,*c1ncccn1,380.36
GLUE0265,O=C1CCC(N2Cc3cccc(NC(=O)Oc4ncccn4)c3C2=O)C(=O)N1,FHFQQZQPYWKELD-UHFFFAOYSA-N,carbamate,*c1ncccn1,381.35
GLUE0266,O=C1CCC(N2Cc3cccc(NC(=O)NC4=NCCN4)c3C2=O)C(=O)N1,GPVBKPCZZNHCFY-UHFFFAOYSA-N,amide,*NC1=NCCN1,370.37
GLUE0267,O=C1CCC(N2Cc3cccc(NS(=O)(=O)NC4=NCCN4)c3C2=O)C(=O)N1,DEANSHAAJIHWEG-UHFFFAOYSA-N,sulfonamide,*NC1=NCCN1,406.42
GLUE0268,O=C1CCC(N2Cc3cccc(NC(=O)CNC4=NCCN4)c3C2=O)C(=O)N1,VCZHTHCGFHYFID-UHFFFAOYSA-N,acetamide,*NC1=NCCN1,384.4
GLUE0269,O=C1CCC(N2Cc3cccc(NC(=O)NNC4=NCCN4)c3C2=O)C(=O)N1,AGXSWKQNDVEAGS-UHFFFAOYSA-N,urea,*NC1=NCCN1,385.38
GLUE0270,O=C1CCC(N2Cc3cccc(NC(=O)ONC4=NCCN4)c3C2=O)C(=O)N1,ZWBJRZPRDWVCBW-UHFFFAOYSA-N,carbamate,*NC1=NCCN1,386.37
GLUE0271,O=C1CCC(N2Cc3cccc(NC(=O)C4(O)CCCCC4)c3C2=O)C(=O)N1,KXUIFNLOBFNUAS-UHFFFAOYSA-N,amide,*C1(O)CCCCC1,385.42
GLUE0272,O=C1CCC(N2Cc3cccc(NS(=O)(=O)C4(O)CCCCC4)c3C2=O)C(=O)N1,MAKYCBWSLFLGGK-UHFFFAOYSA-N,sulfonamide,*C1(O)CCCCC1,421.48
GLUE0273,O=C1CCC(N2Cc3cccc(NC(=O)CC4(O)CCCCC4)c3C2=O)C(=O)N1,WCDHAQCPCYRYQB-UHFFFAOYSA-N,acetamide,*C1(O)CCCCC1,399.45
GLUE0274,O=C1CCC(N2Cc3cccc(NC(=O)NC4(O)CCCCC4)c3C2=O)C(=O)N1,XBMANBKNZBCLAX-UHFFFAOYSA-N,urea,*C1(O)CCCCC1,400.44
GLUE0275,O=C1CCC(N2Cc3cccc(NC(=O)OC4(O)CCCCC4)c3C2=O)C(=O)N1,PRNBJLOCWLGCPL-UHFFFAOYSA-N,carbamate,*C1(O)CCCCC1,401.42
GLUE0276,CS(=O)(=O)C(=O)Nc1cccc2c1C(=O)N(C1CCC(=O)NC1=O)C2,IZUPMJYZCQSRGC-UHFFFAOYSA-N,amide,*S(C)(=O)=O,365.37
GLUE0277,CS(=O)(=O)S(=O)(=O)Nc1cccc2c1C(=O)N(C1CCC(=O)NC1=O)C2,DOTLECCDUWRCDM-UHFFFAOYSA-N,sulfonamide,*S(C)(=O)=O,401.42
GLUE0278,CS(=O)(=O)CC(=O)Nc1cccc2c1C(=O)N(C1CCC(=O)NC1=O)C2,VGVZCYXOWKFWMD-UHFFFAOYSA-N,acetamide,*S(C)(=O)=O,379.39
GLUE0279,CS(=O)(=O)NC(=O)Nc1cccc2c1C(=O)N(C1CCC(=O)NC1=O)C2,KLWIKDLTZSEBJU-UHFFFAOYSA-N,urea,*S(C)(=O)=O,380.38
GLUE0280,CS(=O)(=O)OC(=O)Nc1cccc2c1C(=O)N(C1CCC(=O)NC1=O)C2,MBZUXVWLCGVFHX-UHFFFAOYSA-N,carbamate,*S(C)(=O)=O,381.37
GLUE0281,CC(N)CC(=O)Nc1cccc2c1C(=O)N(C1CCC(=O)NC1=O)C2,QMZCBAHXFBFAHZ-UHFFFAOYSA-N,amide,*CC(C)N,344.37
GLUE0282,CC(N)CS(=O)(=O)Nc1cccc2c1C(=O)N(C1CCC(=O)NC1=O)C2,FKVNNGNNADRKBJ-UHFFFAOYSA-N,sulfonamide,*CC(C)N,380.43
GLUE0283,CC(N)CCC(=O)Nc1cccc2c1C(=O)N(C1CCC(=O)NC1=O)C2,NMNACDVLODFOKM-UHFFFAOYSA-N,acetamide,*CC(C)N,358.4
GLUE0284,CC(N)CNC(=O)Nc1cccc2c1C(=O)N(C1CCC(=O)NC1=O)C2,JTLPUHWFNZBRPL-UHFFFAOYSA-N,urea,*CC(C)N,359.39
GLUE0285,CC(N)COC(=O)Nc1cccc2c1C(=O)N(C1CCC(=O)NC1=O)C2,PNCPUDQCPUTRHJ-UHFFFAOYSA-N,carbamate,*CC(C)N,360.37
GLUE0286,O=C1CCC(N2Cc3cccc(NC(=O)c4cccnc4)c3C2=O)C(=O)N1,SPYSCTUYWDJOKP-UHFFFAOYSA-N,amide,*c1cccnc1,364.36
GLUE0287,O=C1CCC(N2Cc3cccc(NS(=O)(=O)c4cccnc4)c3C2=O)C(=O)N1,KVSQOBCLWMKQLW-UHFFFAOYSA-N,sulfonamide,*c1cccnc1,400.42
GLUE0288,O=C1CCC(N2Cc3cccc(NC(=O)Cc4cccnc4)c3C2=O)C(=O)N1,QQOZYQXQLNMOAG-UHFFFAOYSA-N,acetamide,*c1cccnc1,378.39
GLUE0289,O=C1CCC(N2Cc3cccc(NC(=O)Nc4cccnc4)c3C2=O)C(=O)N1,TVLXHOQLIKZUKO-UHFFFAOYSA-N,urea,*c1cccnc1,379.38
GLUE0290,O=C1CCC(N2Cc3cccc(NC(=O)Oc4cccnc4)c3C2=O)C(=O)N1,ZJLYTYQSWNMCHB-UHFFFAOYSA-N,carbamate,*c1cccnc1,380.36
GLUE0291,O=C1CCC(N2Cc3cccc(NC(=O)OC(F)F)c3C2=O)C(=O)N1,FAKSIIMJJVBFQE-UHFFFAOYSA-N,amide,*OC(F)F,353.28
GLUE0292,O=C1CCC(N2Cc3cccc(NS(=O)(=O)OC(F)F)c3C2=O)C(=O)N1,NVNDIZVFRXHWBH-UHFFFAOYSA-N,sulfonamide,*OC(F)F,389.34
GLUE0293,O=C1CCC(N2Cc3cccc(NC(=O)COC(F)F)c3C2=O)C(=O)N1,PWOWUPBDUINAKC-UHFFFAOYSA-N,acetamide,*OC(F)F,367.31
GLUE0294,O=C1CCC(N2Cc3cccc(NC(=O)NOC(F)F)c3C2=O)C(=O)N1,BTTDJEBNRSBBOT-UHFFFAOYSA-N,urea,*OC(F)F,368.3
GLUE0295,O=C1CCC(N2Cc3cccc(NC(=O)OOC(F)F)c3C2=O)C(=O)N1,WJFKEBAFPXFSSS-UHFFFAOYSA-N,carbamate,*OC(F)F,369.28
GLUE0296,CC(C)[C@H](N)C(=O)C(=O)Nc1cccc2c1C(=O)N(C1CCC(=O)NC1=O)C2,QWMXTIAULWMNHV-CVRLYYSRSA-N,amide,*C(=O)[C@@H](N)C(C)C,386.41
GLUE0297,CC(C)[C@H](N)C(=O)S(=O)(=O)Nc1cccc2c1C(=O)N(C1CCC(=O)NC1=O)C2,WMMYNYALSDSDIX-CVRLYYSRSA-N,sulfonamide,*C(=O)[C@@H](N)C(C)C,422.46
GLUE0298,CC(C)[C@H](N)C(=O)CC(=O)Nc1cccc2c1C(=O)N(C1CCC(=O)NC1=O)C2,HJRZIXADUNBZRB-UWBLVGDVSA-N,acetamide,*C(=O)[C@@H](N)C(C)C,400.44
GLUE0299,CC(C)[C@H](N)C(=O)NC(=O)Nc1cccc2c1C(=O)N(C1CCC(=O)NC1=O)C2,PXMCJWWRUPRSEH-CVRLYYSRSA-N,urea,*C(=O)[C@@H](N)C(C)C,401.42
GLUE0300,CC(C)[C@H](N)C(=O)OC(=O)Nc1cccc2c1C(=O)N(C1CCC(=O)NC1=O)C2,KWNIVMRULGIFSH-CVRLYYSRSA-N,carbamate,*C(=O)[C@@H](N)C(C)C,402.41
GLUE0301,N#CCC(=O)Nc1cccc2c1C(=O)N(C1CCC(=O)NC1=O)C2,CGKIUUUOEFSVOP-UHFFFAOYSA-N,amide,*CC#N,326.31
GLUE0302,N#CCS(=O)(=O)Nc1cccc2c1C(=O)N(C1CCC(=O)NC1=O)C2,AZWDSBSYUSDZOA-UHFFFAOYSA-N,sulfonamide,*CC#N,362.37
GLUE0303,N#CCCC(=O)Nc1cccc2c1C(=O)N(C1CCC(=O)NC1=O)C2,IJEBQHLTFZXDCA-UHFFFAOYSA-N,acetamide,*CC#N,340.34
GLUE0304,N#CCNC(=O)Nc1cccc2c1C(=O)N(C1CCC(=O)NC1=O)C2,QORIOEJYADAYGE-UHFFFAOYSA-N,urea,*CC#N,341.33
GLUE0305,N#CCOC(=O)Nc1cccc2c1C(=O)N(C1CCC(=O)NC1=O)C2,XXMGSRXBLGOOPP-UHFFFAOYSA-N,carbamate,*CC#N,342.31
GLUE0306,CC[C@@H](CO)C(=O)Nc1cccc2c1C(=O)N(C1CCC(=O)NC1=O)C2,PHCLDGWGMQWUBR-NKUHCKNESA-N,amide,*[C@@H](CC)CO,359.38
GLUE0307,CC[C@@H](CO)S(=O)(=O)Nc1cccc2c1C(=O)N(C1CCC(=O)NC1=O)C2,NWUBKMYBNMUFKQ-AMGKYWFPSA-N,sulfonamide,*[C@@H](CC)CO,395.44
GLUE0308,CC[C@@H](CO)CC(=O)Nc1cccc2c1C(=O)N(C1CCC(=O)NC1=O)C2,FRZSUWQNKVJASR-YNODCEANSA-N,acetamide,*[C@@H](CC)CO,373.41
GLUE0309,CC[C@@H](CO)NC(=O)Nc1cccc2c1C(=O)N(C1CCC(=O)NC1=O)C2,YRURTWCBTRZIPH-AMGKYWFPSA-N,urea,*[C@@H](CC)CO,374.4
GLUE0310,CC[C@@H](CO)OC(=O)Nc1cccc2c1C(=O)N(C1CCC(=O)NC1=O)C2,DNAMBEKJBQPXHW-AMGKYWFPSA-N,carbamate,*[C@@H](CC)CO,375.38
GLUE0311,O=C1CCC(N2Cc3cccc(NC(=O)c4ccnc5cc(Cl)ccc45)c3C2=O)C(=O)N1,UQUZNKWQLFQJBI-UHFFFAOYSA-N,amide,*c1ccnc2cc(Cl)ccc12,448.87
GLUE0312,O=C1CCC(N2Cc3cccc(NS(=O)(=O)c4ccnc5cc(Cl)ccc45)c3C2=O)C(=O)N1,CCBRBMILLWSUOT-UHFFFAOYSA-N,sulfonamide,*c1ccnc2cc(Cl)ccc12,484.92
GLUE0313,O=C1CCC(N2Cc3cccc(NC(=O)Cc4ccnc5cc(Cl)ccc45)c3C2=O)C(=O)N1,YQMKLSJOAOYAFH-UHFFFAOYSA-N,acetamide,*c1ccnc2cc(Cl)ccc12,462.89
GLUE0314,O=C1CCC(N2Cc3cccc(NC(=O)Nc4ccnc5cc(Cl)ccc45)c3C2=O)C(=O)N1,YFGJJHNEEYHZOT-UHFFFAOYSA-N,urea,*c1ccnc2cc(Cl)ccc12,463.88
GLUE0315,O=C1CCC(N2Cc3cccc(NC(=O)Oc4ccnc5cc(Cl)ccc45)c3C2=O)C(=O)N1,UJLFIIFVGQEWIL-UHFFFAOYSA-N,carbamate,*c1ccnc2cc(Cl)ccc12,464.87
GLUE0316,O=C1CCC(N2Cc3cccc(NS(=O)(=O)CC(F)(F)F)c3C2=O)C(=O)N1,VJQAFIWXEHLVJJ-UHFFFAOYSA-N,sulfonamide,*CC(F)(F)F,405.35
GLUE0317,O=C1CCC(N2Cc3cccc(NC(=O)CCC(F)(F)F)c3C2=O)C(=O)N1,JNIYNNOHEOIEDZ-UHFFFAOYSA-N,acetamide,*CC(F)(F)F,383.33
GLUE0318,O=C1CCC(N2Cc3cccc(NC(=O)NCC(F)(F)F)c3C2=O)C(=O)N1,PSSDVEHKTAZSAG-UHFFFAOYSA-N,urea,*CC(F)(F)F,384.31
GLUE0319,O=C1CCC(N2Cc3cccc(NC(=O)OCC(F)(F)F)c3C2=O)C(=O)N1,XDOCAPKPXJMZOE-UHFFFAOYSA-N,carbamate,*CC(F)(F)F,385.3
GLUE0320,O=C1CCC(N2Cc3cccc(NC(=O)CCCl)c3C2=O)C(=O)N1,UINKTKNOXVLWCK-UHFFFAOYSA-N,amide,*CCCl,349.77
GLUE0321,O=C1CCC(N2Cc3cccc(NS(=O)(=O)CCCl)c3C2=O)C(=O)N1,WMWUSJCTDNFCLM-UHFFFAOYSA-N,sulfonamide,*CCCl,385.83
GLUE0322,O=C1CCC(N2Cc3cccc(NC(=O)CCCCl)c3C2=O)C(=O)N1,NMTJSCPQWRDEHH-UHFFFAOYSA-N,acetamide,*CCCl,363.8
GLUE0323,O=C1CCC(N2Cc3cccc(NC(=O)NCCCl)c3C2=O)C(=O)N1,QWVKHBRZZFADDC-UHFFFAOYSA-N,urea,*CCCl,364.79
GLUE0324,O=C1CCC(N2Cc3cccc(NC(=O)OCCCl)c3C2=O)C(=O)N1,YQHJGGYHBBYWIU-UHFFFAOYSA-N,carbamate,*CCCl,365.77
GLUE0325,CC1CN(C(=O)Nc2cccc3c2C(=O)N(C2CCC(=O)NC2=O)C3)CCN1,GRTIUGMXRIMFHJ-UHFFFAOYSA-N,amide,*N1CCNC(C)C1,385.42
GLUE0326,CC1CN(S(=O)(=O)Nc2cccc3c2C(=O)N(C2CCC(=O)NC2=O)C3)CCN1,CJSVKGIKCYJYJW-UHFFFAOYSA-N,sulfonamide,*N1CCNC(C)C1,421.48
GLUE0327,CC1CN(CC(=O)Nc2cccc3c2C(=O)N(C2CCC(=O)NC2=O)C3)CCN1,IQAGOJRBKABKHQ-UHFFFAOYSA-N,acetamide,*N1CCNC(C)C1,399.45
GLUE0328,CC1CN(NC(=O)Nc2cccc3c2C(=O)N(C2CCC(=O)NC2=O)C3)CCN1,GTPDQTDFNNHKQA-UHFFFAOYSA-N,urea,*N1CCNC(C)C1,400.44
GLUE0329,CC1CN(OC(=O)Nc2cccc3c2C(=O)N(C2CCC(=O)NC2=O)C3)CCN1,DMZUIIJXAGLAHQ-UHFFFAOYSA-N,carbamate,*N1CCNC(C)C1,401.42
GLUE0330,O=C1CCC(N2Cc3cccc(NC(=O)C4CCCCN4)c3C2=O)C(=O)N1,MXXRHAFJNPIFFX-UHFFFAOYSA-N,amide,*C1CCCCN1,370.41
GLUE0331,O=C1CCC(N2Cc3cccc(NS(=O)(=O)C4CCCCN4)c3C2=O)C(=O)N1,QJDWDUSQVZMPBN-UHFFFAOYSA-N,sulfonamide,*C1CCCCN1,406.46
GLUE0332,O=C1CCC(N2Cc3cccc(NC(=O)CC4CCCCN4)c3C2=O)C(=O)N1,MJXNXDNJULPUIM-UHFFFAOYSA-N,acetamide,*C1CCCCN1,384.44
GLUE0333,O=C1CCC(N2Cc3cccc(NC(=O)NC4CCCCN4)c3C2=O)C(=O)N1,AIBSFMBUSCXYJP-UHFFFAOYSA-N,urea,*C1CCCCN1,385.42
GLUE0334,O=C1CCC(N2Cc3cccc(NC(=O)OC4CCCCN4)c3C2=O)C(=O)N1,PIUUVZWAWPJBOZ-UHFFFAOYSA-N,carbamate,*C1CCCCN1,386.41
GLUE0335,O=C1CCC(N2Cc3cccc(NC(=O)c4cccc(Cl)c4)c3C2=O)C(=O)N1,TXEJWPQXEGRCQX-UHFFFAOYSA-N,amide,*c1cccc(Cl)c1,397.82
GLUE0336,O=C1CCC(N2Cc3cccc(NS(=O)(=O)c4cccc(Cl)c4)c3C2=O)C(=O)N1,RAHGXXMEUZCBMT-UHFFFAOYSA-N,sulfonamide,*c1cccc(Cl)c1,433.87
GLUE0337,O=C1CCC(N2Cc3cccc(NC(=O)Cc4cccc(Cl)c4)c3C2=O)C(=O)N1,NWWGYJXJECHMTQ-UHFFFAOYSA-N,acetamide,*c1cccc(Cl)c1,411.85
GLUE0338,O=C1CCC(N2Cc3cccc(NC(=O)Nc4cccc(Cl)c4)c3C2=O)C(=O)N1,PAEUVFAQUFRTRO-UHFFFAOYSA-N,urea,*c1cccc(Cl)c1,412.83
GLUE0339,O=C1CCC(N2Cc3cccc(NC(=O)Oc4cccc(Cl)c4)c3C2=O)C(=O)N1,JAKYMGGNESBJIM-UHFFFAOYSA-N,carbamate,*c1cccc(Cl)c1,413.82
GLUE0340,Nc1ccn(C(=O)Nc2cccc3c2C(=O)N(C2CCC(=O)NC2=O)C3)c(=O)n1,JEYPLVMZVWKQDV-UHFFFAOYSA-N,amide,*n1ccc(N)nc1=O,396.36
GLUE0341,Nc1ccn(S(=O)(=O)Nc2cccc3c2C(=O)N(C2CCC(=O)NC2=O)C3)c(=O)n1,OCVFMZQDJXYELE-UHFFFAOYSA-N,sulfonamide,*n1ccc(N)nc1=O,432.42
GLUE0342,Nc1ccn(CC(=O)Nc2cccc3c2C(=O)N(C2CCC(=O)NC2=O)C3)c(=O)n1,NXDZUSMMAMQXDF-UHFFFAOYSA-N,acetamide,*n1ccc(N)nc1=O,410.39
GLUE0343,Nc1ccn(NC(=O)Nc2cccc3c2C(=O)N(C2CCC(=O)NC2=O)C3)c(=O)n1,FVLVJUMUCJAIAA-UHFFFAOYSA-N,urea,*n1ccc(N)nc1=O,411.38
GLUE0344,Nc1ccn(OC(=O)Nc2cccc3c2C(=O)N(C2CCC(=O)NC2=O)C3)c(=O)n1,OPBODMCJVWNVFL-UHFFFAOYSA-N,carbamate,*n1ccc(N)nc1=O,412.36
GLUE0345,O=C1CCC(N2Cc3cccc(NC(=O)C4CCC4)c3C2=O)C(=O)N1,SYSJKSCLWUXNSV-UHFFFAOYSA-N,amide,*C1CCC1,341.37
GLUE0346,O=C1CCC(N2Cc3cccc(NS(=O)(=O)C4CCC4)c3C2=O)C(=O)N1,IZDRTUCYHGHNKZ-UHFFFAOYSA-N,sulfonamide,*C1CCC1,377.42
GLUE0347,O=C1CCC(N2Cc3cccc(NC(=O)CC4CCC4)c3C2=O)C(=O)N1,VFYPMBVRFVTNLC-UHFFFAOYSA-N,acetamide,*C1CCC1,355.39
GLUE0348,O=C1CCC(N2Cc3cccc(NC(=O)NC4CCC4)c3C2=O)C(=O)N1,MBUFLOAYSPHVCY-UHFFFAOYSA-N,urea,*C1CCC1,356.38
GLUE0349,O=C1CCC(N2Cc3cccc(NC(=O)OC4CCC4)c3C2=O)C(=O)N1,RBASNZAKFOKVLK-UHFFFAOYSA-N,carbamate,*C1CCC1,357.37
GLUE0350,O=C1CCC(N2Cc3cccc(NC(=O)n4cncn4)c3C2=O)C(=O)N1,KCAOEVSKFZLMLZ-UHFFFAOYSA-N,amide,*n1cncn1,354.33
GLUE0351,O=C1CCC(N2Cc3cccc(NS(=O)(=O)n4cncn4)c3C2=O)C(=O)N1,HASQRLXJMZKYDS-UHFFFAOYSA-N,sulfonamide,*n1cncn1,390.38
GLUE0352,O=C1CCC(N2Cc3cccc(NC(=O)Cn4cncn4)c3C2=O)C(=O)N1,OQXOARIJRXZEDD-UHFFFAOYSA-N,acetamide,*n1cncn1,368.35
GLUE0353,O=C1CCC(N2Cc3cccc(NC(=O)Nn4cncn4)c3C2=O)C(=O)N1,GIQRFSHPZPEUIU-UHFFFAOYSA-N,urea,*n1cncn1,369.34
GLUE0354,O=C1CCC(N2Cc3cccc(NC(=O)On4cncn4)c3C2=O)C(=O)N1,POWVTARWWDZIBA-UHFFFAOYSA-N,carbamate,*n1cncn1,370.33
GLUE0355,O=C1CCC(N2Cc3cccc(NC(=O)C4CNCCO4)c3C2=O)C(=O)N1,DBWAYDVMHZRGJD-UHFFFAOYSA-N,amide,*C1CNCCO1,372.38
GLUE0356,O=C1CCC(N2Cc3cccc(NS(=O)(=O)C4CNCCO4)c3C2=O)C(=O)N1,GTURGSQSOYMCOO-UHFFFAOYSA-N,sulfonamide,*C1CNCCO1,408.44
GLUE0357,O=C1CCC(N2Cc3cccc(NC(=O)CC4CNCCO4)c3C2=O)C(=O)N1,TXNKDTYIDNLLKZ-UHFFFAOYSA-N,acetamide,*C1CNCCO1,386.41
GLUE0358,O=C1CCC(N2Cc3cccc(NC(=O)NC4CNCCO4)c3C2=O)C(=O)N1,JADGBXAPUGYWLE-UHFFFAOYSA-N,urea,*C1CNCCO1,387.4
GLUE0359,O=C1CCC(N2Cc3cccc(NC(=O)OC4CNCCO4)c3C2=O)C(=O)N1,QHBBWHZCMSWIJL-UHFFFAOYSA-N,carbamate,*C1CNCCO1,388.38
GLUE0360,O=C(O)CCCC(=O)Nc1cccc2c1C(=O)N(C1CCC(=O)NC1=O)C2,GDKPXGOUEULVFF-UHFFFAOYSA-N,amide,*CCCC(=O)O,373.37
GLUE0361,O=C(O)CCCS(=O)(=O)Nc1cccc2c1C(=O)N(C1CCC(=O)NC1=O)C2,KWPYKSDOCGFANJ-UHFFFAOYSA-N,sulfonamide,*CCCC(=O)O,409.42
GLUE0362,O=C(O)CCCCC(=O)Nc1cccc2c1C(=O)N(C1CCC(=O)NC1=O)C2,SPIGODXJJGPWHG-UHFFFAOYSA-N,acetamide,*CCCC(=O)O,387.39
GLUE0363,O=C(O)CCCNC(=O)Nc1cccc2c1C(=O)N(C1CCC(=O)NC1=O)C2,XJOPTHZGAHVWCN-UHFFFAOYSA-N,urea,*CCCC(=O)O,388.38
GLUE0364,O=C(O)CCCOC(=O)Nc1cccc2c1C(=O)N(C1CCC(=O)NC1=O)C2,HJACXWVKBXYXHD-UHFFFAOYSA-N,carbamate,*CCCC(=O)O,389.36
GLUE0365,O=C1CCC(N2Cc3cccc(NC(=O)OP(=O)(O)O)c3C2=O)C(=O)N1,SOSWCMATHLXBEL-UHFFFAOYSA-N,amide,*OP(=O)(O)O,383.25
GLUE0366,O=C1CCC(N2Cc3cccc(NS(=O)(=O)OP(=O)(O)O)c3C2=O)C(=O)N1,VHPFSCIPOKPJCR-UHFFFAOYSA-N,sulfonamide,*OP(=O)(O)O,419.31
GLUE0367,O=C1CCC(N2Cc3cccc(NC(=O)COP(=O)(O)O)c3C2=O)C(=O)N1,BLQAUFYENIYQTJ-UHFFFAOYSA-N,acetamide,*OP(=O)(O)O,397.28
GLUE0368,O=C1CCC(N2Cc3cccc(NC(=O)NOP(=O)(O)O)c3C2=O)C(=O)N1,DANAFTHKJMCBSM-UHFFFAOYSA-N,urea,*OP(=O)(O)O,398.27
GLUE0369,O=C1CCC(N2Cc3cccc(NC(=O)OOP(=O)(O)O)c3C2=O)C(=O)N1,LHDYZVZHIHLURR-UHFFFAOYSA-N,carbamate,*OP(=O)(O)O,399.25
GLUE0370,CSC(=O)Nc1cccc2c1C(=O)N(C1CCC(=O)NC1=O)C2,GBFROMMLWVJNKU-UHFFFAOYSA-N,amide,*SC,333.37
GLUE0371,CSS(=O)(=O)Nc1cccc2c1C(=O)N(C1CCC(=O)NC1=O)C2,MUSLSQOXPHJKAH-UHFFFAOYSA-N,sulfonamide,*SC,369.42
GLUE0372,CSCC(=O)Nc1cccc2c1C(=O)N(C1CCC(=O)NC1=O)C2,QLGBCBACPUTDNQ-UHFFFAOYSA-N,acetamide,*SC,347.4
GLUE0373,CSNC(=O)Nc1cccc2c1C(=O)N(C1CCC(=O)NC1=O)C2,XIPRISMAVYSPDT-UHFFFAOYSA-N,urea,*SC,348.38
GLUE0374,CSOC(=O)Nc1cccc2c1C(=O)N(C1CCC(=O)NC1=O)C2,FNPWZTICTYSZFC-UHFFFAOYSA-N,carbamate,*SC,349.37
GLUE0375,O=C1CCC(N2Cc3cccc(NC(=O)c4c[nH]cn4)c3C2=O)C(=O)N1,ZCTABQPNLCZDHI-UHFFFAOYSA-N,amide,*c1c[nH]cn1,353.34
GLUE0376,O=C1CCC(N2Cc3cccc(NS(=O)(=O)c4c[nH]cn4)c3C2=O)C(=O)N1,NDDXDOSOZOJUKZ-UHFFFAOYSA-N,sulfonamide,*c1c[nH]cn1,389.39
GLUE0377,O=C1CCC(N2Cc3cccc(NC(=O)Cc4c[nH]cn4)c3C2=O)C(=O)N1,IEFOURVXKDWYPL-UHFFFAOYSA-N,acetamide,*c1c[nH]cn1,367.37
GLUE0378,O=C1CCC(N2Cc3cccc(NC(=O)Nc4c[nH]cn4)c3C2=O)C(=O)N1,GMXKZOWOKMFNBO-UHFFFAOYSA-N,urea,*c1c[nH]cn1,368.35
GLUE0379,O=C1CCC(N2Cc3cccc(NC(=O)Oc4c[nH]cn4)c3C2=O)C(=O)N1,QEDVFQSAGGLGNS-UHFFFAOYSA-N,carbamate,*c1c[nH]cn1,369.34
GLUE0380,CN1CCCCC1C(=O)Nc1cccc2c1C(=O)N(C1CCC(=O)NC1=O)C2,OIGCOUBATDHMFF-UHFFFAOYSA-N,amide,*C1CCCCN1C,384.44
GLUE0381,CN1CCCCC1S(=O)(=O)Nc1cccc2c1C(=O)N(C1CCC(=O)NC1=O)C2,VUPNGVABAFITCD-UHFFFAOYSA-N,sulfonamide,*C1CCCCN1C,420.49
GLUE0382,CN1CCCCC1CC(=O)Nc1cccc2c1C(=O)N(C1CCC(=O)NC1=O)C2,YUDPYGDGSPLWIC-UHFFFAOYSA-N,acetamide,*C1CCCCN1C,398.46
GLUE0383,CN1CCCCC1NC(=O)Nc1cccc2c1C(=O)N(C1CCC(=O)NC1=O)C2,WBCUYWHXSQIAAT-UHFFFAOYSA-N,urea,*C1CCCCN1C,399.45
GLUE0384,CN1CCCCC1OC(=O)Nc1cccc2c1C(=O)N(C1CCC(=O)NC1=O)C2,JOSOSPAVPCGPOU-UHFFFAOYSA-N,carbamate,*C1CCCCN1C,400.44
GLUE0385,N[C@@H]1CCCN(C(=O)Nc2cccc3c2C(=O)N(C2CCC(=O)NC2=O)C3)C1,KJPROMHRHWOVOQ-PUODRLBUSA-N,amide,*N1CCC[C@@H](N)C1,385.42
GLUE0386,N[C@@H]1CCCN(S(=O)(=O)Nc2cccc3c2C(=O)N(C2CCC(=O)NC2=O)C3)C1,GYBKJOAAPLWWEK-PUODRLBUSA-N,sulfonamide,*N1CCC[C@@H](N)C1,421.48
GLUE0387,N[C@@H]1CCCN(CC(=O)Nc2cccc3c2C(=O)N(C2CCC(=O)NC2=O)C3)C1,IZEQWHFTCRXFNO-AFYYWNPRSA-N,acetamide,*N1CCC[C@@H](N)C1,399.45
GLUE0388,N[C@@H]1CCCN(NC(=O)Nc2cccc3c2C(=O)N(C2CCC(=O)NC2=O)C3)C1,UWJOFCFKRDDTLV-PUODRLBUSA-N,urea,*N1CCC[C@@H](N)C1,400.44
GLUE0389,N[C@@H]1CCCN(OC(=O)Nc2cccc3c2C(=O)N(C2CCC(=O)NC2=O)C3)C1,NOOBNANRSSSYRG-PUODRLBUSA-N,carbamate,*N1CCC[C@@H](N)C1,401.42
GLUE0390,Nc1nc2c(ncn2C(=O)Nc2cccc3c2C(=O)N(C2CCC(=O)NC2=O)C3)c(=O)[nH]1,VSPQVELMKYEMQG-UHFFFAOYSA-N,amide,*n1cnc2c(=O)[nH]c(N)nc21,436.39
GLUE0391,Nc1nc2c(ncn2S(=O)(=O)Nc2cccc3c2C(=O)N(C2CCC(=O)NC2=O)C3)c(=O)[nH]1,LJDPVRFUQSSJLT-UHFFFAOYSA-N,sulfonamide,*n1cnc2c(=O)[nH]c(N)nc21,472.44
GLUE0392,Nc1nc2c(ncn2CC(=O)Nc2cccc3c2C(=O)N(C2CCC(=O)NC2=O)C3)c(=O)[nH]1,ZXBGXCWVRGHXCL-UHFFFAOYSA-N,acetamide,*n1cnc2c(=O)[nH]c(N)nc21,450.42
GLUE0393,Nc1nc2c(ncn2NC(=O)Nc2cccc3c2C(=O)N(C2CCC(=O)NC2=O)C3)c(=O)[nH]1,UTLXJQWIDYJPGY-UHFFFAOYSA-N,urea,*n1cnc2c(=O)[nH]c(N)nc21,451.4
GLUE0394,Nc1nc2c(ncn2OC(=O)Nc2cccc3c2C(=O)N(C2CCC(=O)NC2=O)C3)c(=O)[nH]1,RLDFHADOIVUYHT-UHFFFAOYSA-N,carbamate,*n1cnc2c(=O)[nH]c(N)nc21,452.39
GLUE0395,O=C1CCC(N2Cc3cccc(NC(=O)C4SC(=O)NC4=O)c3C2=O)C(=O)N1,QZVRSIKMNHAJOC-UHFFFAOYSA-N,amide,*C1SC(=O)NC1=O,402.39
GLUE0396,O=C1CCC(N2Cc3cccc(NS(=O)(=O)C4SC(=O)NC4=O)c3C2=O)C(=O)N1,LFZYGAFVJQLPIN-UHFFFAOYSA-N,sulfonamide,*C1SC(=O)NC1=O,438.44
GLUE0397,O=C1CCC(N2Cc3cccc(NC(=O)CC4SC(=O)NC4=O)c3C2=O)C(=O)N1,HHZYGFPXGQLFNY-UHFFFAOYSA-N,acetamide,*C1SC(=O)NC1=O,416.42
GLUE0398,O=C1CCC(N2Cc3cccc(NC(=O)NC4SC(=O)NC4=O)c3C2=O)C(=O)N1,BUFXUJSBWXGJGK-UHFFFAOYSA-N,urea,*C1SC(=O)NC1=O,417.4
GLUE0399,O=C1CCC(N2Cc3cccc(NC(=O)OC4SC(=O)NC4=O)c3C2=O)C(=O)N1,RTVJQIYCHKDYLQ-UHFFFAOYSA-N,carbamate,*C1SC(=O)NC1=O,418.39
GLUE0400,O=C1CCC(N2Cc3cccc(NC(=O)OS(=O)(=O)O)c3C2=O)C(=O)N1,QHQJNPYNKAOYGN-UHFFFAOYSA-N,amide,*OS(=O)(=O)O,383.34
GLUE0401,O=C1CCC(N2Cc3cccc(NS(=O)(=O)OS(=O)(=O)O)c3C2=O)C(=O)N1,HODUSYQWYMIRSC-UHFFFAOYSA-N,sulfonamide,*OS(=O)(=O)O,419.39
GLUE0402,O=C1CCC(N2Cc3cccc(NC(=O)COS(=O)(=O)O)c3C2=O)C(=O)N1,HJBOXLKNHXJMEM-UHFFFAOYSA-N,acetamide,*OS(=O)(=O)O,397.37
GLUE0403,O=C1CCC(N2Cc3cccc(NC(=O)NOS(=O)(=O)O)c3C2=O)C(=O)N1,YQZDFNPFSQJCAV-UHFFFAOYSA-N,urea,*OS(=O)(=O)O,398.35
GLUE0404,O=C1CCC(N2Cc3cccc(NC(=O)OOS(=O)(=O)O)c3C2=O)C(=O)N1,NPVLSVKITKASBY-UHFFFAOYSA-N,carbamate,*OS(=O)(=O)O,399.34
GLUE0405,O=C1CCC(N2Cc3cccc(NC(=O)c4cccc(F)c4)c3C2=O)C(=O)N1,IYUNDSQYKCISDD-UHFFFAOYSA-N,amide,*c1cccc(F)c1,381.36
GLUE0406,O=C1CCC(N2Cc3cccc(NS(=O)(=O)c4cccc(F)c4)c3C2=O)C(=O)N1,HSQCTJPDYQHPNJ-UHFFFAOYSA-N,sulfonamide,*c1cccc(F)c1,417.42
GLUE0407,O=C1CCC(N2Cc3cccc(NC(=O)Cc4cccc(F)c4)c3C2=O)C(=O)N1,ROXPRXQGVUQCRO-UHFFFAOYSA-N,acetamide,*c1cccc(F)c1,395.39
GLUE0408,O=C1CCC(N2Cc3cccc(NC(=O)Nc4cccc(F)c4)c3C2=O)C(=O)N1,UGCJBZUIENLYFO-UHFFFAOYSA-N,urea,*c1cccc(F)c1,396.38
GLUE0409,O=C1CCC(N2Cc3cccc(NC(=O)Oc4cccc(F)c4)c3C2=O)C(=O)N1,SAFOQCIGPXDLHN-UHFFFAOYSA-N,carbamate,*c1cccc(F)c1,397.36
GLUE0410,O=C1CCC(N2Cc3cccc(NC(=O)c4cc(F)c(F)cc4F)c3C2=O)C(=O)N1,KXCDQHWGXKKMRK-UHFFFAOYSA-N,amide,*c1cc(F)c(F)cc1F,417.34
GLUE0411,O=C1CCC(N2Cc3cccc(NS(=O)(=O)c4cc(F)c(F)cc4F)c3C2=O)C(=O)N1,SYDAZKYFXUIPJX-UHFFFAOYSA-N,sulfonamide,*c1cc(F)c(F)cc1F,453.4
GLUE0412,O=C1CCC(N2Cc3cccc(NC(=O)Cc4cc(F)c(F)cc4F)c3C2=O)C(=O)N1,PCGOZRGYKKZABV-UHFFFAOYSA-N,acetamide,*c1cc(F)c(F)cc1F,431.37
GLUE0413,O=C1CCC(N2Cc3cccc(NC(=O)Nc4cc(F)c(F)cc4F)c3C2=O)C(=O)N1,VASIKHLVIBHLST-UHFFFAOYSA-N,urea,*c1cc(F)c(F)cc1F,432.36
GLUE0414,O=C1CCC(N2Cc3cccc(NC(=O)Oc4cc(F)c(F)cc4F)c3C2=O)C(=O)N1,SMBDPGUMXMZBHX-UHFFFAOYSA-N,carbamate,*c1cc(F)c(F)cc1F,433.34
GLUE0415,CCCC(=O)C(=O)Nc1cccc2c1C(=O)N(C1CCC(=O)NC1=O)C2,ACALSWZJNGMRFF-UHFFFAOYSA-N,amide,*C(=O)CCC,357.37
GLUE0416,CCCC(=O)S(=O)(=O)Nc1cccc2c1C(=O)N(C1CCC(=O)NC1=O)C2,NXRUNQIJXSXEQP-UHFFFAOYSA-N,sulfonamide,*C(=O)CCC,393.42
GLUE0417,CCCC(=O)CC(=O)Nc1cccc2c1C(=O)N(C1CCC(=O)NC1=O)C2,SZQQKLNCHQMMGV-UHFFFAOYSA-N,acetamide,*C(=O)CCC,371.39
GLUE0418,CCCC(=O)NC(=O)Nc1cccc2c1C(=O)N(C1CCC(=O)NC1=O)C2,JWKRWMYEUMGLTH-UHFFFAOYSA-N,urea,*C(=O)CCC,372.38
GLUE0419,CCCC(=O)OC(=O)Nc1cccc2c1C(=O)N(C1CCC(=O)NC1=O)C2,KBSLQBRKRQTPFE-UHFFFAOYSA-N,carbamate,*C(=O)CCC,373.37
GLUE0420,O=C1CCC(N2Cc3cccc(NC(=O)c4c(F)cc(F)cc4F)c3C2=O)C(=O)N1,HONWVSJEVSXLIX-UHFFFAOYSA-N,amide,*c1c(F)cc(F)cc1F,417.34
GLUE0421,O=C1CCC(N2Cc3cccc(NS(=O)(=O)c4c(F)cc(F)cc4F)c3C2=O)C(=O)N1,LLTHOPLYYATUIR-UHFFFAOYSA-N,sulfonamide,*c1c(F)cc(F)cc1F,453.4
GLUE0422,O=C1CCC(N2Cc3cccc(NC(=O)Cc4c(F)cc(F)cc4F)c3C2=O)C(=O)N1,UESJHKJOSGNSJN-UHFFFAOYSA-N,acetamide,*c1c(F)cc(F)cc1F,431.37
GLUE0423,O=C1CCC(N2Cc3cccc(NC(=O)Nc4c(F)cc(F)cc4F)c3C2=O)C(=O)N1,ZDAKNHNSPCWBFC-UHFFFAOYSA-N,urea,*c1c(F)cc(F)cc1F,432.36
GLUE0424,O=C1CCC(N2Cc3cccc(NC(=O)Oc4c(F)cc(F)cc4F)c3C2=O)C(=O)N1,DBNXUQBBIPPHLQ-UHFFFAOYSA-N,carbamate,*c1c(F)cc(F)cc1F,433.34
GLUE0425,Cc1ccc(C(=O)Nc2cccc3c2C(=O)N(C2CCC(=O)NC2=O)C3)c(C)c1,GTFXQUNQERXUQJ-UHFFFAOYSA-N,amide,*c1ccc(C)cc1C,391.43
GLUE0426,Cc1ccc(S(=O)(=O)Nc2cccc3c2C(=O)N(C2CCC(=O)NC2=O)C3)c(C)c1,PWWYOJMHMZJIRG-UHFFFAOYSA-N,sulfonamide,*c1ccc(C)cc1C,427.48
GLUE0427,Cc1ccc(CC(=O)Nc2cccc3c2C(=O)N(C2CCC(=O)NC2=O)C3)c(C)c1,XZMNGFHIGJIOLM-UHFFFAOYSA-N,acetamide,*c1ccc(C)cc1C,405.45
GLUE0428,Cc1ccc(NC(=O)Nc2cccc3c2C(=O)N(C2CCC(=O)NC2=O)C3)c(C)c1,XYDYSZAMHIQDBL-UHFFFAOYSA-N,urea,*c1ccc(C)cc1C,406.44
GLUE0429,Cc1ccc(OC(=O)Nc2cccc3c2C(=O)N(C2CCC(=O)NC2=O)C3)c(C)c1,REOLAWWBEVUYLR-UHFFFAOYSA-N,carbamate,*c1ccc(C)cc1C,407.43
GLUE0430,O=C1CCC(N2Cc3cccc(NC(=O)c4nsc5ccccc45)c3C2=O)C(=O)N1,UWXUYCFJDGMGCV-UHFFFAOYSA-N,amide,*c1nsc2ccccc12,420.45
GLUE0431,O=C1CCC(N2Cc3cccc(NS(=O)(=O)c4nsc5ccccc45)c3C2=O)C(=O)N1,BEVCPVHPSSNEDQ-UHFFFAOYSA-N,sulfonamide,*c1nsc2ccccc12,456.51
GLUE0432,O=C1CCC(N2Cc3cccc(NC(=O)Cc4nsc5ccccc45)c3C2=O)C(=O)N1,KHSGAVISBYJSPU-UHFFFAOYSA-N,acetamide,*c1nsc2ccccc12,434.48
GLUE0433,O=C1CCC(N2Cc3cccc(NC(=O)Nc4nsc5ccccc45)c3C2=O)C(=O)N1,OPYRLRDQLSYPTJ-UHFFFAOYSA-N,urea,*c1nsc2ccccc12,435.47
GLUE0434,O=C1CCC(N2Cc3cccc(NC(=O)Oc4nsc5ccccc45)c3C2=O)C(=O)N1,MBNBTIFAQPLSEJ-UHFFFAOYSA-N,carbamate,*c1nsc2ccccc12,436.45
GLUE0435,O=C1CCC(N2Cc3cccc(NC(=O)c4cc(O)cc(O)c4)c3C2=O)C(=O)N1,WDCGEYODMUNPOZ-UHFFFAOYSA-N,amide,*c1cc(O)cc(O)c1,395.37
GLUE0436,O=C1CCC(N2Cc3cccc(NS(=O)(=O)c4cc(O)cc(O)c4)c3C2=O)C(=O)N1,PAMOYGFERDYJFB-UHFFFAOYSA-N,sulfonamide,*c1cc(O)cc(O)c1,431.43
GLUE0437,O=C1CCC(N2Cc3cccc(NC(=O)Cc4cc(O)cc(O)c4)c3C2=O)C(=O)N1,MPMAIVYBHLLABN-UHFFFAOYSA-N,acetamide,*c1cc(O)cc(O)c1,409.4
GLUE0438,O=C1CCC(N2Cc3cccc(NC(=O)Nc4cc(O)cc(O)c4)c3C2=O)C(=O)N1,VNGHWKKMSFTEHV-UHFFFAOYSA-N,urea,*c1cc(O)cc(O)c1,410.39
GLUE0439,O=C1CCC(N2Cc3cccc(NC(=O)Oc4cc(O)cc(O)c4)c3C2=O)C(=O)N1,YCLANDWNJBVMJQ-UHFFFAOYSA-N,carbamate,*c1cc(O)cc(O)c1,411.37
GLUE0440,Nc1ncc(C(=O)Nc2cccc3c2C(=O)N(C2CCC(=O)NC2=O)C3)c(N)n1,KSUBUJZHOGBIOA-UHFFFAOYSA-N,amide,*c1cnc(N)nc1N,395.38
GLUE0441,Nc1ncc(S(=O)(=O)Nc2cccc3c2C(=O)N(C2CCC(=O)NC2=O)C3)c(N)n1,RXDKBRNDJMCMFS-UHFFFAOYSA-N,sulfonamide,*c1cnc(N)nc1N,431.43
GLUE0442,Nc1ncc(CC(=O)Nc2cccc3c2C(=O)N(C2CCC(=O)NC2=O)C3)c(N)n1,WTAZPGBLVQTFLA-UHFFFAOYSA-N,acetamide,*c1cnc(N)nc1N,409.41
GLUE0443,Nc1ncc(NC(=O)Nc2cccc3c2C(=O)N(C2CCC(=O)NC2=O)C3)c(N)n1,IUAZWOGOOYAKAX-UHFFFAOYSA-N,urea,*c1cnc(N)nc1N,410.39
GLUE0444,Nc1ncc(OC(=O)Nc2cccc3c2C(=O)N(C2CCC(=O)NC2=O)C3)c(N)n1,WXWAOHZMEZUKST-UHFFFAOYSA-N,carbamate,*c1cnc(N)nc1N,411.38
GLUE0445,O=C1CCC(N2Cc3cccc(NC(=O)C4CC5C=CC4C5)c3C2=O)C(=O)N1,SHXAOTFUZLETRS-UHFFFAOYSA-N,amide,*C1CC2C=CC1C2,379.42
GLUE0446,O=C1CCC(N2Cc3cccc(NS(=O)(=O)C4CC5C=CC4C5)c3C2=O)C(=O)N1,FZUVLHDRUFFVNP-UHFFFAOYSA-N,sulfonamide,*C1CC2C=CC1C2,415.47
GLUE0447,O=C1CCC(N2Cc3cccc(NC(=O)CC4CC5C=CC4C5)c3C2=O)C(=O)N1,FHCSJILPGCQVKY-UHFFFAOYSA-N,acetamide,*C1CC2C=CC1C2,393.44
GLUE0448,O=C1CCC(N2Cc3cccc(NC(=O)NC4CC5C=CC4C5)c3C2=O)C(=O)N1,TWKKZHWGDZFUPM-UHFFFAOYSA-N,urea,*C1CC2C=CC1C2,394.43
GLUE0449,O=C1CCC(N2Cc3cccc(NC(=O)OC4CC5C=CC4C5)c3C2=O)C(=O)N1,YMDLNAIKEYZJMS-UHFFFAOYSA-N,carbamate,*C1CC2C=CC1C2,395.42
GLUE0450,O=C1CCC(N2Cc3cccc(NC(=O)c4ccccc4F)c3C2=O)C(=O)N1,WXBWFEWLQXYETR-UHFFFAOYSA-N,amide,*c1ccccc1F,381.36
GLUE0451,O=C1CCC(N2Cc3cccc(NS(=O)(=O)c4ccccc4F)c3C2=O)C(=O)N1,ZQLFGRJDZSEBGD-UHFFFAOYSA-N,sulfonamide,*c1ccccc1F,417.42
GLUE0452,O=C1CCC(N2Cc3cccc(NC(=O)Cc4ccccc4F)c3C2=O)C(=O)N1,YTYOUTWVODCSFL-UHFFFAOYSA-N,acetamide,*c1ccccc1F,395.39
GLUE0453,O=C1CCC(N2Cc3cccc(NC(=O)Nc4ccccc4F)c3C2=O)C(=O)N1,UEKNOPYSSUCSQG-UHFFFAOYSA-N,urea,*c1ccccc1F,396.38
GLUE0454,O=C1CCC(N2Cc3cccc(NC(=O)Oc4ccccc4F)c3C2=O)C(=O)N1,VOWODAROASPXEO-UHFFFAOYSA-N,carbamate,*c1ccccc1F,397.36
GLUE0455,O=C1CCC(N2Cc3cccc(NC(=O)c4c[nH]c5ccccc45)c3C2=O)C(=O)N1,NVAHBRDXKQUJLD-UHFFFAOYSA-N,amide,*c1c[nH]c2ccccc12,402.41
GLUE0456,O=C1CCC(N2Cc3cccc(NS(=O)(=O)c4c[nH]c5ccccc45)c3C2=O)C(=O)N1,RXUANXMTSZBWCU-UHFFFAOYSA-N,sulfonamide,*c1c[nH]c2ccccc12,438.47
GLUE0457,O=C1CCC(N2Cc3cccc(NC(=O)Cc4c[nH]c5ccccc45)c3C2=O)C(=O)N1,JEXMOGLNDNDUBH-UHFFFAOYSA-N,acetamide,*c1c[nH]c2ccccc12,416.44
GLUE0458,O=C1CCC(N2Cc3cccc(NC(=O)Nc4c[nH]c5ccccc45)c3C2=O)C(=O)N1,DWXUSSLGZYYCIV-UHFFFAOYSA-N,urea,*c1c[nH]c2ccccc12,417.43
GLUE0459,O=C1CCC(N2Cc3cccc(NC(=O)Oc4c[nH]c5ccccc45)c3C2=O)C(=O)N1,UYRCPLUOSFBLKW-UHFFFAOYSA-N,carbamate,*c1c[nH]c2ccccc12,418.41
GLUE0460,O=C1CCC(N2Cc3cccc(NC(=O)c4ccc(Br)cc4)c3C2=O)C(=O)N1,KVHBKWKOLJICNE-UHFFFAOYSA-N,amide,*c1ccc(Br)cc1,442.27
GLUE0461,O=C1CCC(N2Cc3cccc(NS(=O)(=O)c4ccc(Br)cc4)c3C2=O)C(=O)N1,ZKYDVXFTXAQBMK-UHFFFAOYSA-N,sulfonamide,*c1ccc(Br)cc1,478.32
GLUE0462,O=C1CCC(N2Cc3cccc(NC(=O)Cc4ccc(Br)cc4)c3C2=O)C(=O)N1,RQGVNHDHFMFZEC-UHFFFAOYSA-N,acetamide,*c1ccc(Br)cc1,456.3
GLUE0463,O=C1CCC(N2Cc3cccc(NC(=O)Nc4ccc(Br)cc4)c3C2=O)C(=O)N1,OWRIXCMTJQLXGC-UHFFFAOYSA-N,urea,*c1ccc(Br)cc1,457.28
GLUE0464,O=C1CCC(N2Cc3cccc(NC(=O)Oc4ccc(Br)cc4)c3C2=O)C(=O)N1,IOBRKSSIBRSMJB-UHFFFAOYSA-N,carbamate,*c1ccc(Br)cc1,458.27
GLUE0465,O=C1CCC(N2Cc3cccc(NC(=O)c4cc[nH]n4)c3C2=O)C(=O)N1,QAECOPZLWYCNAM-UHFFFAOYSA-N,amide,*c1cc[nH]n1,353.34
GLUE0466,O=C1CCC(N2Cc3cccc(NS(=O)(=O)c4cc[nH]n4)c3C2=O)C(=O)N1,LEIGZYNTZVNCPW-UHFFFAOYSA-N,sulfonamide,*c1cc[nH]n1,389.39
GLUE0467,O=C1CCC(N2Cc3cccc(NC(=O)Cc4cc[nH]n4)c3C2=O)C(=O)N1,KKADGUBIOBSXFS-UHFFFAOYSA-N,acetamide,*c1cc[nH]n1,367.37
GLUE0468,O=C1CCC(N2Cc3cccc(NC(=O)Nc4cc[nH]n4)c3C2=O)C(=O)N1,JIOMQBNEWYKNGU-UHFFFAOYSA-N,urea,*c1cc[nH]n1,368.35
GLUE0469,O=C1CCC(N2Cc3cccc(NC(=O)Oc4cc[nH]n4)c3C2=O)C(=O)N1,VNTOKCCYWKNPLL-UHFFFAOYSA-N,carbamate,*c1cc[nH]n1,369.34
GLUE0470,O=C1CCC(N2Cc3cccc(NC(=O)c4nnn[nH]4)c3C2=O)C(=O)N1,KUBBUGTZVRCDAS-UHFFFAOYSA-N,amide,*c1nnn[nH]1,355.31
GLUE0471,O=C1CCC(N2Cc3cccc(NS(=O)(=O)c4nnn[nH]4)c3C2=O)C(=O)N1,HBJMLGZICBGVAL-UHFFFAOYSA-N,sulfonamide,*c1nnn[nH]1,391.37
GLUE0472,O=C1CCC(N2Cc3cccc(NC(=O)Cc4nnn[nH]4)c3C2=O)C(=O)N1,QMVZCMJHIJBNIZ-UHFFFAOYSA-N,acetamide,*c1nnn[nH]1,369.34
GLUE0473,O=C1CCC(N2Cc3cccc(NC(=O)Nc4nnn[nH]4)c3C2=O)C(=O)N1,DHDJDQCRYUXQST-UHFFFAOYSA-N,urea,*c1nnn[nH]1,370.33
GLUE0474,O=C1CCC(N2Cc3cccc(NC(=O)Oc4nnn[nH]4)c3C2=O)C(=O)N1,ZEWRULLORMDDSA-UHFFFAOYSA-N,carbamate,*c1nnn[nH]1,371.31
GLUE0475,C[C@H](C(=O)O)C(=O)Nc1cccc2c1C(=O)N(C1CCC(=O)NC1=O)C2,IZBCUVLOQVFBHC-YMNIQAILSA-N,amide,*[C@H](C)C(=O)O,359.34
GLUE0476,C[C@H](C(=O)O)S(=O)(=O)Nc1cccc2c1C(=O)N(C1CCC(=O)NC1=O)C2,TWTRVVAFSBKWRC-RZZZFEHKSA-N,sulfonamide,*[C@H](C)C(=O)O,395.39
GLUE0477,C[C@@H](CC(=O)Nc1cccc2c1C(=O)N(C1CCC(=O)NC1=O)C2)C(=O)O,SORDLDIFRFWGKB-QHGLUPRGSA-N,acetamide,*[C@H](C)C(=O)O,373.37
GLUE0478,C[C@@H](NC(=O)Nc1cccc2c1C(=O)N(C1CCC(=O)NC1=O)C2)C(=O)O,JFQYWFSNSWXXIQ-RZZZFEHKSA-N,urea,*[C@H](C)C(=O)O,374.35
GLUE0479,C[C@@H](OC(=O)Nc1cccc2c1C(=O)N(C1CCC(=O)NC1=O)C2)C(=O)O,MCHYNMDUZMLDJU-RZZZFEHKSA-N,carbamate,*[C@H](C)C(=O)O,375.34
GLUE0480,N=C(N)NC(=N)NC(=O)Nc1cccc2c1C(=O)N(C1CCC(=O)NC1=O)C2,VQYRZXBUBBMPAK-UHFFFAOYSA-N,amide,*NC(=N)NC(=N)N,386.37
GLUE0481,N=C(N)NC(=N)NS(=O)(=O)Nc1cccc2c1C(=O)N(C1CCC(=O)NC1=O)C2,ADHCKHWISIOSTN-UHFFFAOYSA-N,sulfonamide,*NC(=N)NC(=N)N,422.43
GLUE0482,N=C(N)NC(=N)NCC(=O)Nc1cccc2c1C(=O)N(C1CCC(=O)NC1=O)C2,FKMPIVHAKHRHAE-UHFFFAOYSA-N,acetamide,*NC(=N)NC(=N)N,400.4
GLUE0483,N=C(N)NC(=N)NNC(=O)Nc1cccc2c1C(=O)N(C1CCC(=O)NC1=O)C2,WIZNQYABPPKGNP-UHFFFAOYSA-N,urea,*NC(=N)NC(=N)N,401.39
GLUE0484,N=C(N)NC(=N)NOC(=O)Nc1cccc2c1C(=O)N(C1CCC(=O)NC1=O)C2,GBXFGWWTSBXELA-UHFFFAOYSA-N,carbamate,*NC(=N)NC(=N)N,402.37
GLUE0485,CC#CC(=O)C(=O)Nc1cccc2c1C(=O)N(C1CCC(=O)NC1=O)C2,PIEPNHQUFKQQRK-UHFFFAOYSA-N,amide,*C(=O)C#CC,353.33
GLUE0486,CC#CC(=O)S(=O)(=O)Nc1cccc2c1C(=O)N(C1CCC(=O)NC1=O)C2,JHBCYZBUFZVGDH-UHFFFAOYSA-N,sulfonamide,*C(=O)C#CC,389.39
GLUE0487,CC#CC(=O)CC(=O)Nc1cccc2c1C(=O)N(C1CCC(=O)NC1=O)C2,QGKGNTDLRWAGCB-UHFFFAOYSA-N,acetamide,*C(=O)C#CC,367.36
GLUE0488,CC#CC(=O)NC(=O)Nc1cccc2c1C(=O)N(C1CCC(=O)NC1=O)C2,NBKZACKHEHLECY-UHFFFAOYSA-N,urea,*C(=O)C#CC,368.35
GLUE0489,CC#CC(=O)OC(=O)Nc1cccc2c1C(=O)N(C1CCC(=O)NC1=O)C2,OGBALOPDXQVVQZ-UHFFFAOYSA-N,carbamate,*C(=O)C#CC,369.33
GLUE0490,NS(=O)(=O)c1ccc(C(=O)Nc2cccc3c2C(=O)N(C2CCC(=O)NC2=O)C3)cc1,XSDKHBBJRGMNGI-UHFFFAOYSA-N,amide,*c1ccc(S(N)(=O)=O)cc1,442.45
GLUE0491,NS(=O)(=O)c1ccc(S(=O)(=O)Nc2cccc3c2C(=O)N(C2CCC(=O)NC2=O)C3)cc1,IHAKLEPZZGMNLE-UHFFFAOYSA-N,sulfonamide,*c1ccc(S(N)(=O)=O)cc1,478.51
GLUE0492,NS(=O)(=O)c1ccc(CC(=O)Nc2cccc3c2C(=O)N(C2CCC(=O)NC2=O)C3)cc1,RHGZUETYZZWXDK-UHFFFAOYSA-N,acetamide,*c1ccc(S(N)(=O)=O)cc1,456.48
GLUE0493,NS(=O)(=O)c1ccc(NC(=O)Nc2cccc3c2C(=O)N(C2CCC(=O)NC2=O)C3)cc1,VWPJCOWFOIPPBX-UHFFFAOYSA-N,urea,*c1ccc(S(N)(=O)=O)cc1,457.47
GLUE0494,NS(=O)(=O)c1ccc(OC(=O)Nc2cccc3c2C(=O)N(C2CCC(=O)NC2=O)C3)cc1,INXCXKZKGBOPHV-UHFFFAOYSA-N,carbamate,*c1ccc(S(N)(=O)=O)cc1,458.45
GLUE0495,O=C1CCC(N2Cc3cccc(NC(=O)N4CC[C@@H](O)C4)c3C2=O)C(=O)N1,WGHODKBBFWGKRA-JTDNENJMSA-N,amide,*N1CC[C@@H](O)C1,372.38
GLUE0496,O=C1CCC(N2Cc3cccc(NS(=O)(=O)N4CC[C@@H](O)C4)c3C2=O)C(=O)N1,ZEIDAPIOCBXIJC-JTDNENJMSA-N,sulfonamide,*N1CC[C@@H](O)C1,408.44
GLUE0497,O=C1CCC(N2Cc3cccc(NC(=O)CN4CC[C@@H](O)C4)c3C2=O)C(=O)N1,HCTAUBBZOSRPDZ-PUODRLBUSA-N,acetamide,*N1CC[C@@H](O)C1,386.41
GLUE0498,O=C1CCC(N2Cc3cccc(NC(=O)NN4CC[C@@H](O)C4)c3C2=O)C(=O)N1,NMXZXKGDSONYNC-JTDNENJMSA-N,urea,*N1CC[C@@H](O)C1,387.4
GLUE0499,O=C1CCC(N2Cc3cccc(NC(=O)ON4CC[C@@H](O)C4)c3C2=O)C(=O)N1,DPWPQMOWKKCDEE-JTDNENJMSA-N,carbamate,*N1CC[C@@H](O)C1,388.38
GLUE0500,Cc1[nH]cnc1C(=O)Nc1cccc2c1C(=O)N(C1CCC(=O)NC1=O)C2,YRIYSBBZPYVGAY-UHFFFAOYSA-N,amide,*c1nc[nH]c1C,367.37
GLUE0501,Cc1[nH]cnc1S(=O)(=O)Nc1cccc2c1C(=O)N(C1CCC(=O)NC1=O)C2,DGPXPEZFFOKOFU-UHFFFAOYSA-N,sulfonamide,*c1nc[nH]c1C,403.42
GLUE0502,Cc1[nH]cnc1CC(=O)Nc1cccc2c1C(=O)N(C1CCC(=O)NC1=O)C2,RHSXJKHDPXYORN-UHFFFAOYSA-N,acetamide,*c1nc[nH]c1C,381.39
GLUE0503,Cc1[nH]cnc1NC(=O)Nc1cccc2c1C(=O)N(C1CCC(=O)NC1=O)C2,DGXYTPDTFZLRTL-UHFFFAOYSA-N,urea,*c1nc[nH]c1C,382.38
GLUE0504,Cc1[nH]cnc1OC(=O)Nc1cccc2c1C(=O)N(C1CCC(=O)NC1=O)C2,VZUHVWWVGIQOCN-UHFFFAOYSA-N,carbamate,*c1nc[nH]c1C,383.36
GLUE0505,O=C1CCC(N2Cc3cccc(NC(=O)C4CCCO4)c3C2=O)C(=O)N1,YCEMOLAXBVGOGO-UHFFFAOYSA-N,amide,*C1CCCO1,357.37
GLUE0506,O=C1CCC(N2Cc3cccc(NS(=O)(=O)C4CCCO4)c3C2=O)C(=O)N1,PSGGOIAZDGLNEY-UHFFFAOYSA-N,sulfonamide,*C1CCCO1,393.42
GLUE0507,O=C1CCC(N2Cc3cccc(NC(=O)CC4CCCO4)c3C2=O)C(=O)N1,DAOZMKRSQGXARN-UHFFFAOYSA-N,acetamide,*C1CCCO1,371.39
GLUE0508,O=C1CCC(N2Cc3cccc(NC(=O)NC4CCCO4)c3C2=O)C(=O)N1,KQWLKKQOLLFXAM-UHFFFAOYSA-N,urea,*C1CCCO1,372.38
GLUE0509,O=C1CCC(N2Cc3cccc(NC(=O)OC4CCCO4)c3C2=O)C(=O)N1,JQDRLCWUZVTMQE-UHFFFAOYSA-N,carbamate,*C1CCCO1,373.37
GLUE0510,O=C(CC(=O)Nc1cccc2c1C(=O)N(C1CCC(=O)NC1=O)C2)NO,RVIIIARXIINNJE-UHFFFAOYSA-N,amide,*CC(=O)NO,360.33
GLUE0511,O=C(CS(=O)(=O)Nc1cccc2c1C(=O)N(C1CCC(=O)NC1=O)C2)NO,XBNAOPSSLNCYFZ-UHFFFAOYSA-N,sulfonamide,*CC(=O)NO,396.38
GLUE0512,O=C(CCC(=O)Nc1cccc2c1C(=O)N(C1CCC(=O)NC1=O)C2)NO,WXGSBMLFPNGZBC-UHFFFAOYSA-N,acetamide,*CC(=O)NO,374.35
GLUE0513,O=C(CNC(=O)Nc1cccc2c1C(=O)N(C1CCC(=O)NC1=O)C2)NO,GAEFBEUEXSOCDW-UHFFFAOYSA-N,urea,*CC(=O)NO,375.34
GLUE0514,O=C(COC(=O)Nc1cccc2c1C(=O)N(C1CCC(=O)NC1=O)C2)NO,MOZLBGBCOVUMLU-UHFFFAOYSA-N,carbamate,*CC(=O)NO,376.33
GLUE0515,Nc1ccc(C(=O)Nc2cccc3c2C(=O)N(C2CCC(=O)NC2=O)C3)c(O)c1,DVPCTHFKCZRRRE-UHFFFAOYSA-N,amide,*c1ccc(N)cc1O,394.39
GLUE0516,Nc1ccc(S(=O)(=O)Nc2cccc3c2C(=O)N(C2CCC(=O)NC2=O)C3)c(O)c1,KFAOSONIZZHWIP-UHFFFAOYSA-N,sulfonamide,*c1ccc(N)cc1O,430.44
GLUE0517,Nc1ccc(CC(=O)Nc2cccc3c2C(=O)N(C2CCC(=O)NC2=O)C3)c(O)c1,SMXCFKGIVBUQPU-UHFFFAOYSA-N,acetamide,*c1ccc(N)cc1O,408.41
GLUE0518,Nc1ccc(NC(=O)Nc2cccc3c2C(=O)N(C2CCC(=O)NC2=O)C3)c(O)c1,YTQUZRPOGUSQHD-UHFFFAOYSA-N,urea,*c1ccc(N)cc1O,409.4
GLUE0519,Nc1ccc(OC(=O)Nc2cccc3c2C(=O)N(C2CCC(=O)NC2=O)C3)c(O)c1,GSWLOIXFVVEJNN-UHFFFAOYSA-N,carbamate,*c1ccc(N)cc1O,410.39
GLUE0520,CCC(C)C(=O)Nc1cccc2c1C(=O)N(C1CCC(=O)NC1=O)C2,FOSKRUIGXYHTPQ-UHFFFAOYSA-N,amide,*C(C)CC,343.38
GLUE0521,CCC(C)S(=O)(=O)Nc1cccc2c1C(=O)N(C1CCC(=O)NC1=O)C2,GGARTCGYQDBMRU-UHFFFAOYSA-N,sulfonamide,*C(C)CC,379.44
GLUE0522,CCC(C)CC(=O)Nc1cccc2c1C(=O)N(C1CCC(=O)NC1=O)C2,KJQNTAGDPKKPIN-UHFFFAOYSA-N,acetamide,*C(C)CC,357.41
GLUE0523,CCC(C)NC(=O)Nc1cccc2c1C(=O)N(C1CCC(=O)NC1=O)C2,YSSCWPBUGOTTGG-UHFFFAOYSA-N,urea,*C(C)CC,358.4
GLUE0524,CCC(C)OC(=O)Nc1cccc2c1C(=O)N(C1CCC(=O)NC1=O)C2,UDUKRDNYZNDAGT-UHFFFAOYSA-N,carbamate,*C(C)CC,359.38
GLUE0525,CC(N)C(O)C(=O)Nc1cccc2c1C(=O)N(C1CCC(=O)NC1=O)C2,LMBSNEKPVONKKP-UHFFFAOYSA-N,amide,*C(O)C(C)N,360.37
GLUE0526,CC(N)C(O)S(=O)(=O)Nc1cccc2c1C(=O)N(C1CCC(=O)NC1=O)C2,XKFHHLZBKFBCJC-UHFFFAOYSA-N,sulfonamide,*C(O)C(C)N,396.43
GLUE0527,CC(N)C(O)CC(=O)Nc1cccc2c1C(=O)N(C1CCC(=O)NC1=O)C2,LTTYLDAFQCZNIL-UHFFFAOYSA-N,acetamide,*C(O)C(C)N,374.4
GLUE0528,CC(N)C(O)NC(=O)Nc1cccc2c1C(=O)N(C1CCC(=O)NC1=O)C2,CSVPCUBKWOGNFO-UHFFFAOYSA-N,urea,*C(O)C(C)N,375.39
GLUE0529,CC(N)C(O)OC(=O)Nc1cccc2c1C(=O)N(C1CCC(=O)NC1=O)C2,JXUTWWWQQLFRPA-UHFFFAOYSA-N,carbamate,*C(O)C(C)N,376.37
GLUE0530,O=C(O)CCCCS(=O)(=O)Nc1cccc2c1C(=O)N(C1CCC(=O)NC1=O)C2,ZRASUCLJKLFKGG-UHFFFAOYSA-N,sulfonamide,*CCCCC(=O)O,423.45
GLUE0531,O=C(O)CCCCCC(=O)Nc1cccc2c1C(=O)N(C1CCC(=O)NC1=O)C2,ZLYPXQVYGZXLNP-UHFFFAOYSA-N,acetamide,*CCCCC(=O)O,401.42
GLUE0532,O=C(O)CCCCNC(=O)Nc1cccc2c1C(=O)N(C1CCC(=O)NC1=O)C2,LETOBRQURALDBQ-UHFFFAOYSA-N,urea,*CCCCC(=O)O,402.41
GLUE0533,O=C(O)CCCCOC(=O)Nc1cccc2c1C(=O)N(C1CCC(=O)NC1=O)C2,KGEXAKUCRVWBQQ-UHFFFAOYSA-N,carbamate,*CCCCC(=O)O,403.39
GLUE0534,CO/N=C(\C(=O)C(=O)Nc1cccc2c1C(=O)N(C1CCC(=O)NC1=O)C2)c1csc(N)n1,WQSZQBUDIDPUQQ-MYYYXRDXSA-N,amide,*C(=O)/C(=N\OC)c1csc(N)n1,470.47
GLUE0535,CO/N=C(\C(=O)S(=O)(=O)Nc1cccc2c1C(=O)N(C1CCC(=O)NC1=O)C2)c1csc(N)n1,AZNXTSHYGOQFNB-HAHDFKILSA-N,sulfonamide,*C(=O)/C(=N\OC)c1csc(N)n1,506.52
GLUE0536,CO/N=C(\C(=O)CC(=O)Nc1cccc2c1C(=O)N(C1CCC(=O)NC1=O)C2)c1csc(N)n1,PJQAOQOWRVHCRP-ITYLOYPMSA-N,acetamide,*C(=O)/C(=N\OC)c1csc(N)n1,484.49
GLUE0537,CO/N=C(\C(=O)NC(=O)Nc1cccc2c1C(=O)N(C1CCC(=O)NC1=O)C2)c1csc(N)n1,WQJYYWWFDTVHSV-YSMPRRRNSA-N,urea,*C(=O)/C(=N\OC)c1csc(N)n1,485.48
GLUE0538,CO/N=C(\C(=O)OC(=O)Nc1cccc2c1C(=O)N(C1CCC(=O)NC1=O)C2)c1csc(N)n1,XVTWYEGUYSIKRO-MYYYXRDXSA-N,carbamate,*C(=O)/C(=N\OC)c1csc(N)n1,486.47
GLUE0539,O=C(O)CCS(=O)(=O)Nc1cccc2c1C(=O)N(C1CCC(=O)NC1=O)C2,YTTVCIMMPMDPOO-UHFFFAOYSA-N,sulfonamide,*CCC(=O)O,395.39
GLUE0540,O=C(O)CCNC(=O)Nc1cccc2c1C(=O)N(C1CCC(=O)NC1=O)C2,WFTQETMXEXYPHV-UHFFFAOYSA-N,urea,*CCC(=O)O,374.35
GLUE0541,O=C(O)CCOC(=O)Nc1cccc2c1C(=O)N(C1CCC(=O)NC1=O)C2,GYYARSXSRWHEIV-UHFFFAOYSA-N,carbamate,*CCC(=O)O,375.34
GLUE0542,C[C@H](N)CC(=O)Nc1cccc2c1C(=O)N(C1CCC(=O)NC1=O)C2,QMZCBAHXFBFAHZ-QHGLUPRGSA-N,amide,*C[C@H](C)N,344.37
GLUE0543,C[C@H](N)CS(=O)(=O)Nc1cccc2c1C(=O)N(C1CCC(=O)NC1=O)C2,FKVNNGNNADRKBJ-QHGLUPRGSA-N,sulfonamide,*C[C@H](C)N,380.43
GLUE0544,C[C@H](N)CCC(=O)Nc1cccc2c1C(=O)N(C1CCC(=O)NC1=O)C2,NMNACDVLODFOKM-NKUHCKNESA-N,acetamide,*C[C@H](C)N,358.4
GLUE0545,C[C@H](N)CNC(=O)Nc1cccc2c1C(=O)N(C1CCC(=O)NC1=O)C2,JTLPUHWFNZBRPL-QHGLUPRGSA-N,urea,*C[C@H](C)N,359.39
GLUE0546,C[C@H](N)COC(=O)Nc1cccc2c1C(=O)N(C1CCC(=O)NC1=O)C2,PNCPUDQCPUTRHJ-QHGLUPRGSA-N,carbamate,*C[C@H](C)N,360.37
GLUE0547,O=C1CCC(N2Cc3cccc(NC(=O)CC(O)(P(=O)(O)O)P(=O)(O)O)c3C2=O)C(=O)N1,MVFXIYXXJGAYIB-UHFFFAOYSA-N,amide,*CC(O)(P(=O)(O)O)P(=O)(O)O,491.29
GLUE0548,O=C1CCC(N2Cc3cccc(NS(=O)(=O)CC(O)(P(=O)(O)O)P(=O)(O)O)c3C2=O)C(=O)N1,MXWCOBRVIBCXSO-UHFFFAOYSA-N,sulfonamide,*CC(O)(P(=O)(O)O)P(=O)(O)O,527.34
GLUE0549,O=C1CCC(N2Cc3cccc(NC(=O)CCC(O)(P(=O)(O)O)P(=O)(O)O)c3C2=O)C(=O)N1,PPBZOPOOADVZIG-UHFFFAOYSA-N,acetamide,*CC(O)(P(=O)(O)O)P(=O)(O)O,505.31
GLUE0550,O=C1CCC(N2Cc3cccc(NC(=O)NCC(O)(P(=O)(O)O)P(=O)(O)O)c3C2=O)C(=O)N1,MQSJAWDMGHNSLS-UHFFFAOYSA-N,urea,*CC(O)(P(=O)(O)O)P(=O)(O)O,506.3
GLUE0551,O=C1CCC(N2Cc3cccc(NC(=O)OCC(O)(P(=O)(O)O)P(=O)(O)O)c3C2=O)C(=O)N1,ZAQTVFSCAFHXDU-UHFFFAOYSA-N,carbamate,*CC(O)(P(=O)(O)O)P(=O)(O)O,507.29
GLUE0552,O=C1CCC(C(=O)Nc2cccc3c2C(=O)N(C2CCC(=O)NC2=O)C3)C(=O)N1,YFMCWSZYVHMZDH-UHFFFAOYSA-N,amide,*C1CCC(=O)NC1=O,398.38
GLUE0553,O=C1CCC(N2Cc3cccc(NS(=O)(=O)C4CCC(=O)NC4=O)c3C2=O)C(=O)N1,IGDVZXZVUFJEIQ-UHFFFAOYSA-N,sulfonamide,*C1CCC(=O)NC1=O,434.43
GLUE0554,O=C1CCC(CC(=O)Nc2cccc3c2C(=O)N(C2CCC(=O)NC2=O)C3)C(=O)N1,SGCOUMKBJHVKRE-UHFFFAOYSA-N,acetamide,*C1CCC(=O)NC1=O,412.4
GLUE0555,O=C1CCC(NC(=O)Nc2cccc3c2C(=O)N(C2CCC(=O)NC2=O)C3)C(=O)N1,SWKDYWKTGDHZIR-UHFFFAOYSA-N,urea,*C1CCC(=O)NC1=O,413.39
GLUE0556,O=C1CCC(OC(=O)Nc2cccc3c2C(=O)N(C2CCC(=O)NC2=O)C3)C(=O)N1,HHYFIIVHKZNENO-UHFFFAOYSA-N,carbamate,*C1CCC(=O)NC1=O,414.37
GLUE0557,N=C(N)c1ccc(C(=O)Nc2cccc3c2C(=O)N(C2CCC(=O)NC2=O)C3)cc1,XWZRQYZITDBSOY-UHFFFAOYSA-N,amide,*c1ccc(C(=N)N)cc1,405.41
GLUE0558,N=C(N)c1ccc(S(=O)(=O)Nc2cccc3c2C(=O)N(C2CCC(=O)NC2=O)C3)cc1,LVVUPFSRNYJUSK-UHFFFAOYSA-N,sulfonamide,*c1ccc(C(=N)N)cc1,441.47
GLUE0559,N=C(N)c1ccc(CC(=O)Nc2cccc3c2C(=O)N(C2CCC(=O)NC2=O)C3)cc1,BVKULGNZSBIDDA-UHFFFAOYSA-N,acetamide,*c1ccc(C(=N)N)cc1,419.44
GLUE0560,N=C(N)c1ccc(NC(=O)Nc2cccc3c2C(=O)N(C2CCC(=O)NC2=O)C3)cc1,IEJUVXTUWCGTOY-UHFFFAOYSA-N,urea,*c1ccc(C(=N)N)cc1,420.43
GLUE0561,N=C(N)c1ccc(OC(=O)Nc2cccc3c2C(=O)N(C2CCC(=O)NC2=O)C3)cc1,NOXIUVAMCYIBHM-UHFFFAOYSA-N,carbamate,*c1ccc(C(=N)N)cc1,421.41
GLUE0562,N#Cc1ccc(C(=O)Nc2cccc3c2C(=O)N(C2CCC(=O)NC2=O)C3)cc1,ZXSPEFGKWWTOJU-UHFFFAOYSA-N,amide,*c1ccc(C#N)cc1,388.38
GLUE0563,N#Cc1ccc(S(=O)(=O)Nc2cccc3c2C(=O)N(C2CCC(=O)NC2=O)C3)cc1,HHWYZJFTLQKXQB-UHFFFAOYSA-N,sulfonamide,*c1ccc(C#N)cc1,424.44
GLUE0564,N#Cc1ccc(CC(=O)Nc2cccc3c2C(=O)N(C2CCC(=O)NC2=O)C3)cc1,LYYHGTNGUJVCAI-UHFFFAOYSA-N,acetamide,*c1ccc(C#N)cc1,402.41
GLUE0565,N#Cc1ccc(NC(=O)Nc2cccc3c2C(=O)N(C2CCC(=O)NC2=O)C3)cc1,MUINWYJJUQQPMC-UHFFFAOYSA-N,urea,*c1ccc(C#N)cc1,403.4
GLUE0566,N#Cc1ccc(OC(=O)Nc2cccc3c2C(=O)N(C2CCC(=O)NC2=O)C3)cc1,RUHNKSRYMZQBIY-UHFFFAOYSA-N,carbamate,*c1ccc(C#N)cc1,404.38
GLUE0567,C[C@@H](O)C(=O)Nc1cccc2c1C(=O)N(C1CCC(=O)NC1=O)C2,NADUJGNCWGIEFL-RZZZFEHKSA-N,amide,*[C@@H](C)O,331.33
GLUE0568,C[C@@H](O)S(=O)(=O)Nc1cccc2c1C(=O)N(C1CCC(=O)NC1=O)C2,PVIJOGLHCMUZQE-YMNIQAILSA-N,sulfonamide,*[C@@H](C)O,367.38
GLUE0569,C[C@@H](O)CC(=O)Nc1cccc2c1C(=O)N(C1CCC(=O)NC1=O)C2,WUYRIAOCBXOWJO-PKEIRNPWSA-N,acetamide,*[C@@H](C)O,345.36
GLUE0570,C[C@@H](O)NC(=O)Nc1cccc2c1C(=O)N(C1CCC(=O)NC1=O)C2,KKXPMVDSSWQDJX-RZZZFEHKSA-N,urea,*[C@@H](C)O,346.34
GLUE0571,C[C@@H](O)OC(=O)Nc1cccc2c1C(=O)N(C1CCC(=O)NC1=O)C2,DKOOTDZMBISXLD-YMNIQAILSA-N,carbamate,*[C@@H](C)O,347.33
GLUE0572,O=C1CCC(N2Cc3cccc(NC(=O)c4nc5ccccc5[nH]4)c3C2=O)C(=O)N1,MLXBOPHGKAFIRO-UHFFFAOYSA-N,amide,*c1nc2ccccc2[nH]1,403.4
GLUE0573,O=C1CCC(N2Cc3cccc(NS(=O)(=O)c4nc5ccccc5[nH]4)c3C2=O)C(=O)N1,HOLSUUZTDXBXTC-UHFFFAOYSA-N,sulfonamide,*c1nc2ccccc2[nH]1,439.45
GLUE0574,O=C1CCC(N2Cc3cccc(NC(=O)Cc4nc5ccccc5[nH]4)c3C2=O)C(=O)N1,KNCSTBGWGLKTMI-UHFFFAOYSA-N,acetamide,*c1nc2ccccc2[nH]1,417.43
GLUE0575,O=C1CCC(N2Cc3cccc(NC(=O)Nc4nc5ccccc5[nH]4)c3C2=O)C(=O)N1,RNVLIFBIQPECDO-UHFFFAOYSA-N,urea,*c1nc2ccccc2[nH]1,418.41
GLUE0576,O=C1CCC(N2Cc3cccc(NC(=O)Oc4nc5ccccc5[nH]4)c3C2=O)C(=O)N1,XDSFTIYYBZVGED-UHFFFAOYSA-N,carbamate,*c1nc2ccccc2[nH]1,419.4
GLUE0577,Cn1cc(C(=O)Nc2cccc3c2C(=O)N(C2CCC(=O)NC2=O)C3)c2ccccc21,XAKHTOYTKLGDIK-UHFFFAOYSA-N,amide,*c1cn(C)c2ccccc12,416.44
GLUE0578,Cn1cc(S(=O)(=O)Nc2cccc3c2C(=O)N(C2CCC(=O)NC2=O)C3)c2ccccc21,DNFKSABRWVDZPF-UHFFFAOYSA-N,sulfonamide,*c1cn(C)c2ccccc12,452.49
GLUE0579,Cn1cc(CC(=O)Nc2cccc3c2C(=O)N(C2CCC(=O)NC2=O)C3)c2ccccc21,RFZFCJNPGXOWFI-UHFFFAOYSA-N,acetamide,*c1cn(C)c2ccccc12,430.46
GLUE0580,Cn1cc(NC(=O)Nc2cccc3c2C(=O)N(C2CCC(=O)NC2=O)C3)c2ccccc21,DMTKPUGCBAXVRZ-UHFFFAOYSA-N,urea,*c1cn(C)c2ccccc12,431.45
GLUE0581,Cn1cc(OC(=O)Nc2cccc3c2C(=O)N(C2CCC(=O)NC2=O)C3)c2ccccc21,UEVMYFUEAKXJGQ-UHFFFAOYSA-N,carbamate,*c1cn(C)c2ccccc12,432.44
GLUE0582,O=CNC(=O)Nc1cccc2c1C(=O)N(C1CCC(=O)NC1=O)C2,RFMCLEZJNLBFGD-UHFFFAOYSA-N,amide,*NC=O,330.3
GLUE0583,O=CNS(=O)(=O)Nc1cccc2c1C(=O)N(C1CCC(=O)NC1=O)C2,QALWXWBHNGOVHM-UHFFFAOYSA-N,sulfonamide,*NC=O,366.36
GLUE0584,O=CNCC(=O)Nc1cccc2c1C(=O)N(C1CCC(=O)NC1=O)C2,XOASBHVEOFHCIX-UHFFFAOYSA-N,acetamide,*NC=O,344.33
GLUE0585,O=CNNC(=O)Nc1cccc2c1C(=O)N(C1CCC(=O)NC1=O)C2,FZDBIIWGCUQHGY-UHFFFAOYSA-N,urea,*NC=O,345.32
GLUE0586,O=CNOC(=O)Nc1cccc2c1C(=O)N(C1CCC(=O)NC1=O)C2,FQYHFSGHSJYUPO-UHFFFAOYSA-N,carbamate,*NC=O,346.3
GLUE0587,Cc1cc(C(=O)Nc2cccc3c2C(=O)N(C2CCC(=O)NC2=O)C3)no1,BSOVAIFQWPFHNV-UHFFFAOYSA-N,amide,*c1cc(C)on1,368.35
GLUE0588,Cc1cc(S(=O)(=O)Nc2cccc3c2C(=O)N(C2CCC(=O)NC2=O)C3)no1,NLBBWAYJHRBIOO-UHFFFAOYSA-N,sulfonamide,*c1cc(C)on1,404.4
GLUE0589,Cc1cc(CC(=O)Nc2cccc3c2C(=O)N(C2CCC(=O)NC2=O)C3)no1,ZTLUXGIOTVEXIT-UHFFFAOYSA-N,acetamide,*c1cc(C)on1,382.38
GLUE0590,Cc1cc(NC(=O)Nc2cccc3c2C(=O)N(C2CCC(=O)NC2=O)C3)no1,DPHRAQZJGSUGSL-UHFFFAOYSA-N,urea,*c1cc(C)on1,383.36
GLUE0591,Cc1cc(OC(=O)Nc2cccc3c2C(=O)N(C2CCC(=O)NC2=O)C3)no1,NJWPRTONZPGNBT-UHFFFAOYSA-N,carbamate,*c1cc(C)on1,384.35
GLUE0592,NCC(=O)CCC(=O)C(=O)Nc1cccc2c1C(=O)N(C1CCC(=O)NC1=O)C2,XDFLWRRUCCXPGR-UHFFFAOYSA-N,amide,*C(=O)CCC(=O)CN,400.39
GLUE0593,NCC(=O)CCC(=O)S(=O)(=O)Nc1cccc2c1C(=O)N(C1CCC(=O)NC1=O)C2,PTJIWRSQXALYAN-UHFFFAOYSA-N,sulfonamide,*C(=O)CCC(=O)CN,436.45
GLUE0594,NCC(=O)CCC(=O)CC(=O)Nc1cccc2c1C(=O)N(C1CCC(=O)NC1=O)C2,QMWMJICBDAFBRY-UHFFFAOYSA-N,acetamide,*C(=O)CCC(=O)CN,414.42
GLUE0595,NCC(=O)CCC(=O)NC(=O)Nc1cccc2c1C(=O)N(C1CCC(=O)NC1=O)C2,CIVPBEAEZCSAMV-UHFFFAOYSA-N,urea,*C(=O)CCC(=O)CN,415.41
GLUE0596,NCC(=O)CCC(=O)OC(=O)Nc1cccc2c1C(=O)N(C1CCC(=O)NC1=O)C2,MNQJRKSKPZUICY-UHFFFAOYSA-N,carbamate,*C(=O)CCC(=O)CN,416.39
GLUE0597,Cc1cccc(C(=O)Nc2cccc3c2C(=O)N(C2CCC(=O)NC2=O)C3)c1C,LCFIQMYJQOGXSG-UHFFFAOYSA-N,amide,*c1cccc(C)c1C,391.43
GLUE0598,Cc1cccc(S(=O)(=O)Nc2cccc3c2C(=O)N(C2CCC(=O)NC2=O)C3)c1C,JYOGWEYYZKMVNW-UHFFFAOYSA-N,sulfonamide,*c1cccc(C)c1C,427.48
GLUE0599,Cc1cccc(CC(=O)Nc2cccc3c2C(=O)N(C2CCC(=O)NC2=O)C3)c1C,YCRKJONBJNHTDM-UHFFFAOYSA-N,acetamide,*c1cccc(C)c1C,405.45
GLUE0600,Cc1cccc(NC(=O)Nc2cccc3c2C(=O)N(C2CCC(=O)NC2=O)C3)c1C,VTLXDKIJPFFJNM-UHFFFAOYSA-N,urea,*c1cccc(C)c1C,406.44
GLUE0601,Cc1cccc(OC(=O)Nc2cccc3c2C(=O)N(C2CCC(=O)NC2=O)C3)c1C,ICDBIWDIRIHMJE-UHFFFAOYSA-N,carbamate,*c1cccc(C)c1C,407.43
GLUE0602,C[C@@H](C(N)=O)C(=O)Nc1cccc2c1C(=O)N(C1CCC(=O)NC1=O)C2,KREKMORVGYISCS-YMNIQAILSA-N,amide,*[C@@H](C)C(N)=O,358.35
GLUE0603,C[C@@H](C(N)=O)S(=O)(=O)Nc1cccc2c1C(=O)N(C1CCC(=O)NC1=O)C2,QTDIFPRXARJPOO-YMNIQAILSA-N,sulfonamide,*[C@@H](C)C(N)=O,394.41
GLUE0604,C[C@H](CC(=O)Nc1cccc2c1C(=O)N(C1CCC(=O)NC1=O)C2)C(N)=O,FSSWWXHRYOEXQD-PKEIRNPWSA-N,acetamide,*[C@@H](C)C(N)=O,372.38
GLUE0605,C[C@H](NC(=O)Nc1cccc2c1C(=O)N(C1CCC(=O)NC1=O)C2)C(N)=O,CHEDDLUVZPMVQZ-YMNIQAILSA-N,urea,*[C@@H](C)C(N)=O,373.37
GLUE0606,C[C@H](OC(=O)Nc1cccc2c1C(=O)N(C1CCC(=O)NC1=O)C2)C(N)=O,LZZZALHZMUFRMK-YMNIQAILSA-N,carbamate,*[C@@H](C)C(N)=O,374.35
GLUE0607,NCC(=O)C(=O)Nc1cccc2c1C(=O)N(C1CCC(=O)NC1=O)C2,VVYSUPNRLUIXRX-UHFFFAOYSA-N,amide,*C(=O)CN,344.33
GLUE0608,NCC(=O)S(=O)(=O)Nc1cccc2c1C(=O)N(C1CCC(=O)NC1=O)C2,QBVYIEIFNGKEFN-UHFFFAOYSA-N,sulfonamide,*C(=O)CN,380.38
GLUE0609,NCC(=O)CC(=O)Nc1cccc2c1C(=O)N(C1CCC(=O)NC1=O)C2,VJIQJSGSDLTAOR-UHFFFAOYSA-N,acetamide,*C(=O)CN,358.35
GLUE0610,NCC(=O)NC(=O)Nc1cccc2c1C(=O)N(C1CCC(=O)NC1=O)C2,ILXCLIRERFFOEB-UHFFFAOYSA-N,urea,*C(=O)CN,359.34
GLUE0611,NCC(=O)OC(=O)Nc1cccc2c1C(=O)N(C1CCC(=O)NC1=O)C2,RJLKRQTYSFALJJ-UHFFFAOYSA-N,carbamate,*C(=O)CN,360.33
GLUE0612,O=C1CCC(N2Cc3cccc(NC(=O)n4nccn4)c3C2=O)C(=O)N1,MPODPNYTSRRINC-UHFFFAOYSA-N,amide,*n1nccn1,354.33
GLUE0613,O=C1CCC(N2Cc3cccc(NS(=O)(=O)n4nccn4)c3C2=O)C(=O)N1,BCBKVHWPQKWTRI-UHFFFAOYSA-N,sulfonamide,*n1nccn1,390.38
GLUE0614,O=C1CCC(N2Cc3cccc(NC(=O)Cn4nccn4)c3C2=O)C(=O)N1,PCIDCTJPTGJXLG-UHFFFAOYSA-N,acetamide,*n1nccn1,368.35
GLUE0615,O=C1CCC(N2Cc3cccc(NC(=O)Nn4nccn4)c3C2=O)C(=O)N1,RKZQNUMQZQODSO-UHFFFAOYSA-N,urea,*n1nccn1,369.34
GLUE0616,O=C1CCC(N2Cc3cccc(NC(=O)On4nccn4)c3C2=O)C(=O)N1,WBQQYTXKFCQGGE-UHFFFAOYSA-N,carbamate,*n1nccn1,370.33
GLUE0617,CC[C@@H](C(N)=O)C(=O)Nc1cccc2c1C(=O)N(C1CCC(=O)NC1=O)C2,SUCLLCWQUJEWHI-NUHJPDEHSA-N,amide,*[C@@H](CC)C(N)=O,372.38
GLUE0618,CC[C@@H](C(N)=O)S(=O)(=O)Nc1cccc2c1C(=O)N(C1CCC(=O)NC1=O)C2,YSLXKCNUBRBXFU-KIYNQFGBSA-N,sulfonamide,*[C@@H](CC)C(N)=O,408.44
GLUE0619,CC[C@H](CC(=O)Nc1cccc2c1C(=O)N(C1CCC(=O)NC1=O)C2)C(N)=O,UTUCUUTULDUHDN-VUUHIHSGSA-N,acetamide,*[C@@H](CC)C(N)=O,386.41
GLUE0620,CC[C@H](NC(=O)Nc1cccc2c1C(=O)N(C1CCC(=O)NC1=O)C2)C(N)=O,MLZJPAKMUYKNIN-NUHJPDEHSA-N,urea,*[C@@H](CC)C(N)=O,387.4
GLUE0621,CC[C@H](OC(=O)Nc1cccc2c1C(=O)N(C1CCC(=O)NC1=O)C2)C(N)=O,UULNTYCYSJVMOW-KIYNQFGBSA-N,carbamate,*[C@@H](CC)C(N)=O,388.38
GLUE0622,O=C1CCC(N2Cc3cccc(NC(=O)N[C@@H]4CCc5ccccc54)c3C2=O)C(=O)N1,ZOXGKSIJJGJGSA-PYUWXLGESA-N,amide,*N[C@@H]1CCc2ccccc21,418.45
GLUE0623,O=C1CCC(N2Cc3cccc(NS(=O)(=O)N[C@@H]4CCc5ccccc54)c3C2=O)C(=O)N1,UQYRDGASPPHDAG-PYUWXLGESA-N,sulfonamide,*N[C@@H]1CCc2ccccc21,454.51
GLUE0624,O=C1CCC(N2Cc3cccc(NC(=O)CN[C@@H]4CCc5ccccc54)c3C2=O)C(=O)N1,OPAWOLGPYRBJCM-DUSLRRAJSA-N,acetamide,*N[C@@H]1CCc2ccccc21,432.48
GLUE0625,O=C1CCC(N2Cc3cccc(NC(=O)NN[C@@H]4CCc5ccccc54)c3C2=O)C(=O)N1,BTLXPWYXIBVHJB-PYUWXLGESA-N,urea,*N[C@@H]1CCc2ccccc21,433.47
GLUE0626,O=C1CCC(N2Cc3cccc(NC(=O)ON[C@@H]4CCc5ccccc54)c3C2=O)C(=O)N1,UIYSSCWDFLHPGY-PYUWXLGESA-N,carbamate,*N[C@@H]1CCc2ccccc21,434.45
GLUE0627,O=C1CCC(N2Cc3cccc(NC(=O)CC(O)CO)c3C2=O)C(=O)N1,HMBOYVQFZMTOHM-UHFFFAOYSA-N,amide,*CC(O)CO,361.35
GLUE0628,O=C1CCC(N2Cc3cccc(NS(=O)(=O)CC(O)CO)c3C2=O)C(=O)N1,ZQVNUFAJMKECAX-UHFFFAOYSA-N,sulfonamide,*CC(O)CO,397.41
GLUE0629,O=C1CCC(N2Cc3cccc(NC(=O)CCC(O)CO)c3C2=O)C(=O)N1,RNQFKVYHIHOOJL-UHFFFAOYSA-N,acetamide,*CC(O)CO,375.38
GLUE0630,O=C1CCC(N2Cc3cccc(NC(=O)NCC(O)CO)c3C2=O)C(=O)N1,OLABKINUDGOBGH-UHFFFAOYSA-N,urea,*CC(O)CO,376.37
GLUE0631,O=C1CCC(N2Cc3cccc(NC(=O)OCC(O)CO)c3C2=O)C(=O)N1,AOLZUOYTEBNXHI-UHFFFAOYSA-N,carbamate,*CC(O)CO,377.35
GLUE0632,CC(C)(N)CC(=O)Nc1cccc2c1C(=O)N(C1CCC(=O)NC1=O)C2,AJZCCGMHKOXESZ-UHFFFAOYSA-N,amide,*CC(C)(C)N,358.4
GLUE0633,CC(C)(N)CS(=O)(=O)Nc1cccc2c1C(=O)N(C1CCC(=O)NC1=O)C2,LLWFTAAOPXZRRO-UHFFFAOYSA-N,sulfonamide,*CC(C)(C)N,394.45
GLUE0634,CC(C)(N)CCC(=O)Nc1cccc2c1C(=O)N(C1CCC(=O)NC1=O)C2,JBZVFKHAKDMTSH-UHFFFAOYSA-N,acetamide,*CC(C)(C)N,372.43
GLUE0635,CC(C)(N)CNC(=O)Nc1cccc2c1C(=O)N(C1CCC(=O)NC1=O)C2,PSQNVKKMQDBMMP-UHFFFAOYSA-N,urea,*CC(C)(C)N,373.41
GLUE0636,CC(C)(N)COC(=O)Nc1cccc2c1C(=O)N(C1CCC(=O)NC1=O)C2,KQUXUHRUKZRVQN-UHFFFAOYSA-N,carbamate,*CC(C)(C)N,374.4
GLUE0637,O=C1CCC(N2Cc3cccc(NC(=O)c4noc5cc(F)ccc45)c3C2=O)C(=O)N1,WHBLTJFZOLKKPY-UHFFFAOYSA-N,amide,*c1noc2cc(F)ccc12,422.37
GLUE0638,O=C1CCC(N2Cc3cccc(NS(=O)(=O)c4noc5cc(F)ccc45)c3C2=O)C(=O)N1,HGFBNFGSDKFCPJ-UHFFFAOYSA-N,sulfonamide,*c1noc2cc(F)ccc12,458.43
GLUE0639,O=C1CCC(N2Cc3cccc(NC(=O)Cc4noc5cc(F)ccc45)c3C2=O)C(=O)N1,KOIGXWNYDUFGIN-UHFFFAOYSA-N,acetamide,*c1noc2cc(F)ccc12,436.4
GLUE0640,O=C1CCC(N2Cc3cccc(NC(=O)Nc4noc5cc(F)ccc45)c3C2=O)C(=O)N1,UIIAWEATSCZNOT-UHFFFAOYSA-N,urea,*c1noc2cc(F)ccc12,437.39
GLUE0641,O=C1CCC(N2Cc3cccc(NC(=O)Oc4noc5cc(F)ccc45)c3C2=O)C(=O)N1,GRHYLOOMDXCBIR-UHFFFAOYSA-N,carbamate,*c1noc2cc(F)ccc12,438.37
GLUE0642,CC(C)(C)C(=O)C(=O)Nc1cccc2c1C(=O)N(C1CCC(=O)NC1=O)C2,SFBGJVRQRYYGHC-UHFFFAOYSA-N,amide,*C(=O)C(C)(C)C,371.39
GLUE0643,CC(C)(C)C(=O)S(=O)(=O)Nc1cccc2c1C(=O)N(C1CCC(=O)NC1=O)C2,HFGWKLOGBCNLCP-UHFFFAOYSA-N,sulfonamide,*C(=O)C(C)(C)C,407.45
GLUE0644,CC(C)(C)C(=O)CC(=O)Nc1cccc2c1C(=O)N(C1CCC(=O)NC1=O)C2,UOOOGVGJEGFENC-UHFFFAOYSA-N,acetamide,*C(=O)C(C)(C)C,385.42
GLUE0645,CC(C)(C)C(=O)NC(=O)Nc1cccc2c1C(=O)N(C1CCC(=O)NC1=O)C2,XPBCHZQPJAXBLE-UHFFFAOYSA-N,urea,*C(=O)C(C)(C)C,386.41
GLUE0646,CC(C)(C)C(=O)OC(=O)Nc1cccc2c1C(=O)N(C1CCC(=O)NC1=O)C2,DTYOYQXJBQVBCP-UHFFFAOYSA-N,carbamate,*C(=O)C(C)(C)C,387.39
GLUE0647,O=C1CCC(N2Cc3cccc(NC(=O)c4cc5c(cc4Cl)NC(=O)C5)c3C2=O)C(=O)N1,JPYLPVHYLSOOIM-UHFFFAOYSA-N,amide,*c1cc2c(cc1Cl)NC(=O)C2,452.85
GLUE0648,O=C1CCC(N2Cc3cccc(NS(=O)(=O)c4cc5c(cc4Cl)NC(=O)C5)c3C2=O)C(=O)N1,BTJDTNAWMICIBA-UHFFFAOYSA-N,sulfonamide,*c1cc2c(cc1Cl)NC(=O)C2,488.91
GLUE0649,O=C1CCC(N2Cc3cccc(NC(=O)Cc4cc5c(cc4Cl)NC(=O)C5)c3C2=O)C(=O)N1,NFOPDJBSMGHSBT-UHFFFAOYSA-N,acetamide,*c1cc2c(cc1Cl)NC(=O)C2,466.88
GLUE0650,O=C1CCC(N2Cc3cccc(NC(=O)Nc4cc5c(cc4Cl)NC(=O)C5)c3C2=O)C(=O)N1,VEGXIPWFQJXSGC-UHFFFAOYSA-N,urea,*c1cc2c(cc1Cl)NC(=O)C2,467.87
GLUE0651,O=C1CCC(N2Cc3cccc(NC(=O)Oc4cc5c(cc4Cl)NC(=O)C5)c3C2=O)C(=O)N1,RQTJNTYMXCAZGP-UHFFFAOYSA-N,carbamate,*c1cc2c(cc1Cl)NC(=O)C2,468.85
GLUE0652,N#Cc1ccc2[nH]cc(C(=O)Nc3cccc4c3C(=O)N(C3CCC(=O)NC3=O)C4)c2c1,KDLCDWCSDIGORN-UHFFFAOYSA-N,amide,*c1c[nH]c2ccc(C#N)cc12,427.42
GLUE0653,N#Cc1ccc2[nH]cc(S(=O)(=O)Nc3cccc4c3C(=O)N(C3CCC(=O)NC3=O)C4)c2c1,ZUOHGCVOYALWIM-UHFFFAOYSA-N,sulfonamide,*c1c[nH]c2ccc(C#N)cc12,463.48
GLUE0654,N#Cc1ccc2[nH]cc(CC(=O)Nc3cccc4c3C(=O)N(C3CCC(=O)NC3=O)C4)c2c1,IHQGVGQKRUSRTE-UHFFFAOYSA-N,acetamide,*c1c[nH]c2ccc(C#N)cc12,441.45
GLUE0655,N#Cc1ccc2[nH]cc(NC(=O)Nc3cccc4c3C(=O)N(C3CCC(=O)NC3=O)C4)c2c1,VADYRWSZNUBUAT-UHFFFAOYSA-N,urea,*c1c[nH]c2ccc(C#N)cc12,442.44
GLUE0656,N#Cc1ccc2[nH]cc(OC(=O)Nc3cccc4c3C(=O)N(C3CCC(=O)NC3=O)C4)c2c1,AKJCEGLLGSWWTN-UHFFFAOYSA-N,carbamate,*c1c[nH]c2ccc(C#N)cc12,443.42
GLUE0657,O=C1CCC(N2Cc3cccc(NC(=O)C4CCNCC4)c3C2=O)C(=O)N1,ORTCDFNUIGXCBO-UHFFFAOYSA-N,amide,*C1CCNCC1,370.41
GLUE0658,O=C1CCC(N2Cc3cccc(NS(=O)(=O)C4CCNCC4)c3C2=O)C(=O)N1,XJTUXZSYRWEHSD-UHFFFAOYSA-N,sulfonamide,*C1CCNCC1,406.46
GLUE0659,O=C1CCC(N2Cc3cccc(NC(=O)CC4CCNCC4)c3C2=O)C(=O)N1,IVBRNFSUZFRHKT-UHFFFAOYSA-N,acetamide,*C1CCNCC1,384.44
GLUE0660,O=C1CCC(N2Cc3cccc(NC(=O)NC4CCNCC4)c3C2=O)C(=O)N1,BCZMLQWLXIEHKA-UHFFFAOYSA-N,urea,*C1CCNCC1,385.42
GLUE0661,O=C1CCC(N2Cc3cccc(NC(=O)OC4CCNCC4)c3C2=O)C(=O)N1,IEIVTIYPDLUHIS-UHFFFAOYSA-N,carbamate,*C1CCNCC1,386.41
GLUE0662,C[C@H](N)[C@H](O)C(=O)Nc1cccc2c1C(=O)N(C1CCC(=O)NC1=O)C2,LMBSNEKPVONKKP-FOJQBMCESA-N,amide,*[C@@H](O)[C@H](C)N,360.37
GLUE0663,C[C@H](N)[C@H](O)S(=O)(=O)Nc1cccc2c1C(=O)N(C1CCC(=O)NC1=O)C2,XKFHHLZBKFBCJC-UIMYGVISSA-N,sulfonamide,*[C@@H](O)[C@H](C)N,396.43
GLUE0664,C[C@H](N)[C@H](O)CC(=O)Nc1cccc2c1C(=O)N(C1CCC(=O)NC1=O)C2,LTTYLDAFQCZNIL-OBBQPFKBSA-N,acetamide,*[C@@H](O)[C@H](C)N,374.4
GLUE0665,C[C@H](N)[C@H](O)NC(=O)Nc1cccc2c1C(=O)N(C1CCC(=O)NC1=O)C2,CSVPCUBKWOGNFO-FOJQBMCESA-N,urea,*[C@@H](O)[C@H](C)N,375.39
GLUE0666,C[C@H](N)[C@H](O)OC(=O)Nc1cccc2c1C(=O)N(C1CCC(=O)NC1=O)C2,JXUTWWWQQLFRPA-UIMYGVISSA-N,carbamate,*[C@@H](O)[C@H](C)N,376.37
GLUE0667,O=C1CCC(N2Cc3cccc(NC(=O)CCS(=O)(=O)c4ccccc4)c3C2=O)C(=O)N1,KTDKFZDYNJEZTO-UHFFFAOYSA-N,amide,*CCS(=O)(=O)c1ccccc1,455.49
GLUE0668,O=C1CCC(N2Cc3cccc(NS(=O)(=O)CCS(=O)(=O)c4ccccc4)c3C2=O)C(=O)N1,MGVRFBIVBJDUCR-UHFFFAOYSA-N,sulfonamide,*CCS(=O)(=O)c1ccccc1,491.55
GLUE0669,O=C1CCC(N2Cc3cccc(NC(=O)CCCS(=O)(=O)c4ccccc4)c3C2=O)C(=O)N1,DWFDMOWZNYIEGX-UHFFFAOYSA-N,acetamide,*CCS(=O)(=O)c1ccccc1,469.52
GLUE0670,O=C1CCC(N2Cc3cccc(NC(=O)NCCS(=O)(=O)c4ccccc4)c3C2=O)C(=O)N1,NRMQYTWKKZVPDQ-UHFFFAOYSA-N,urea,*CCS(=O)(=O)c1ccccc1,470.51
GLUE0671,O=C1CCC(N2Cc3cccc(NC(=O)OCCS(=O)(=O)c4ccccc4)c3C2=O)C(=O)N1,ALXJZMRNEPQKTF-UHFFFAOYSA-N,carbamate,*CCS(=O)(=O)c1ccccc1,471.49
GLUE0672,O=C1CCC(N2Cc3cccc(NC(=O)c4cccc5c4CC(=O)N5)c3C2=O)C(=O)N1,JDSNMRCFMVGXHU-UHFFFAOYSA-N,amide,*c1cccc2c1CC(=O)N2,418.41
GLUE0673,O=C1CCC(N2Cc3cccc(NS(=O)(=O)c4cccc5c4CC(=O)N5)c3C2=O)C(=O)N1,ABKGJGSAQDJNFH-UHFFFAOYSA-N,sulfonamide,*c1cccc2c1CC(=O)N2,454.46
GLUE0674,O=C1CCC(N2Cc3cccc(NC(=O)Cc4cccc5c4CC(=O)N5)c3C2=O)C(=O)N1,JAFRBHMXOMPRKY-UHFFFAOYSA-N,acetamide,*c1cccc2c1CC(=O)N2,432.44
GLUE0675,O=C1CCC(N2Cc3cccc(NC(=O)Nc4cccc5c4CC(=O)N5)c3C2=O)C(=O)N1,XDOPEZYPVUFAFF-UHFFFAOYSA-N,urea,*c1cccc2c1CC(=O)N2,433.42
GLUE0676,O=C1CCC(N2Cc3cccc(NC(=O)Oc4cccc5c4CC(=O)N5)c3C2=O)C(=O)N1,UTBRGNSYVXROKM-UHFFFAOYSA-N,carbamate,*c1cccc2c1CC(=O)N2,434.41
GLUE0677,O=C(O)CC[C@@H](C(=O)O)C(=O)Nc1cccc2c1C(=O)N(C1CCC(=O)NC1=O)C2,NFHHCUBGGTXVBU-RWANSRKNSA-N,amide,*[C@@H](CCC(=O)O)C(=O)O,417.37
GLUE0678,O=C(O)CC[C@@H](C(=O)O)S(=O)(=O)Nc1cccc2c1C(=O)N(C1CCC(=O)NC1=O)C2,XRLJEKASUOAVGC-KIYNQFGBSA-N,sulfonamide,*[C@@H](CCC(=O)O)C(=O)O,453.43
GLUE0679,O=C(O)CC[C@H](CC(=O)Nc1cccc2c1C(=O)N(C1CCC(=O)NC1=O)C2)C(=O)O,CHYZIKBCJAGQTB-VUUHIHSGSA-N,acetamide,*[C@@H](CCC(=O)O)C(=O)O,431.4
GLUE0680,O=C(O)CC[C@H](NC(=O)Nc1cccc2c1C(=O)N(C1CCC(=O)NC1=O)C2)C(=O)O,OZPHAHOVWQMCPV-PXYINDEMSA-N,urea,*[C@@H](CCC(=O)O)C(=O)O,432.39
GLUE0681,O=C(O)CC[C@H](OC(=O)Nc1cccc2c1C(=O)N(C1CCC(=O)NC1=O)C2)C(=O)O,VEKALWUJASCBKQ-KIYNQFGBSA-N,carbamate,*[C@@H](CCC(=O)O)C(=O)O,433.37
GLUE0682,Nc1nc2c(s1)C[C@@H](C(=O)Nc1cccc3c1C(=O)N(C1CCC(=O)NC1=O)C3)CC2,RSAKIGNPIWWXRE-XLLULAGJSA-N,amide,*[C@H]1CCc2nc(N)sc2C1,439.5
GLUE0683,Nc1nc2c(s1)C[C@@H](S(=O)(=O)Nc1cccc3c1C(=O)N(C1CCC(=O)NC1=O)C3)CC2,QMJWUAIONOOSLG-ZSOXZCCMSA-N,sulfonamide,*[C@H]1CCc2nc(N)sc2C1,475.55
GLUE0684,Nc1nc2c(s1)C[C@@H](CC(=O)Nc1cccc3c1C(=O)N(C1CCC(=O)NC1=O)C3)CC2,HGRWHTSUMUODMD-VPHXOMNUSA-N,acetamide,*[C@H]1CCc2nc(N)sc2C1,453.52
GLUE0685,Nc1nc2c(s1)C[C@@H](NC(=O)Nc1cccc3c1C(=O)N(C1CCC(=O)NC1=O)C3)CC2,QPVIOXRZVWYQCC-ZSOXZCCMSA-N,urea,*[C@H]1CCc2nc(N)sc2C1,454.51
GLUE0686,Nc1nc2c(s1)C[C@@H](OC(=O)Nc1cccc3c1C(=O)N(C1CCC(=O)NC1=O)C3)CC2,YIQSVCDTHKVDMA-ZSOXZCCMSA-N,carbamate,*[C@H]1CCc2nc(N)sc2C1,455.5
GLUE0687,O=C1CCC(N2Cc3cccc(NC(=O)[C@@H]4CC[C@@H]5CN4C(=O)N5OS(=O)(=O)O)c3C2=O)C(=O)N1,XZFPXGXOSJCGSX-VFXSIBAZSA-N,amide,*[C@@H]1CC[C@@H]2CN1C(=O)N2OS(=O)(=O)O,507.48
GLUE0688,O=C1CCC(N2Cc3cccc(NS(=O)(=O)[C@@H]4CC[C@@H]5CN4C(=O)N5OS(=O)(=O)O)c3C2=O)C(=O)N1,DXKLBAKUJUUEGM-IMORHIPNSA-N,sulfonamide,*[C@@H]1CC[C@@H]2CN1C(=O)N2OS(=O)(=O)O,543.54
GLUE0689,O=C1CCC(N2Cc3cccc(NC(=O)C[C@@H]4CC[C@@H]5CN4C(=O)N5OS(=O)(=O)O)c3C2=O)C(=O)N1,PKNZRFVGJYZYSN-IKCIUXDWSA-N,acetamide,*[C@@H]1CC[C@@H]2CN1C(=O)N2OS(=O)(=O)O,521.51
GLUE0690,O=C1CCC(N2Cc3cccc(NC(=O)N[C@@H]4CC[C@@H]5CN4C(=O)N5OS(=O)(=O)O)c3C2=O)C(=O)N1,FJUGQRAAILPULX-VFXSIBAZSA-N,urea,*[C@@H]1CC[C@@H]2CN1C(=O)N2OS(=O)(=O)O,522.5
GLUE0691,O=C1CCC(N2Cc3cccc(NC(=O)O[C@@H]4CC[C@@H]5CN4C(=O)N5OS(=O)(=O)O)c3C2=O)C(=O)N1,JHROXRBETMNNLC-IMORHIPNSA-N,carbamate,*[C@@H]1CC[C@@H]2CN1C(=O)N2OS(=O)(=O)O,523.48
GLUE0692,Cc1cccc(C(=O)Nc2cccc3c2C(=O)N(C2CCC(=O)NC2=O)C3)c1,ASEBNTLHRSJWFK-UHFFFAOYSA-N,amide,*c1cccc(C)c1,377.4
GLUE0693,Cc1cccc(S(=O)(=O)Nc2cccc3c2C(=O)N(C2CCC(=O)NC2=O)C3)c1,SPFSZZJKJYVKBN-UHFFFAOYSA-N,sulfonamide,*c1cccc(C)c1,413.46
GLUE0694,Cc1cccc(CC(=O)Nc2cccc3c2C(=O)N(C2CCC(=O)NC2=O)C3)c1,UIGVKQIVFNCNFP-UHFFFAOYSA-N,acetamide,*c1cccc(C)c1,391.43
GLUE0695,Cc1cccc(NC(=O)Nc2cccc3c2C(=O)N(C2CCC(=O)NC2=O)C3)c1,XHABMVWQVLBZFU-UHFFFAOYSA-N,urea,*c1cccc(C)c1,392.42
GLUE0696,Cc1cccc(OC(=O)Nc2cccc3c2C(=O)N(C2CCC(=O)NC2=O)C3)c1,UHPHGUQMMRJSQH-UHFFFAOYSA-N,carbamate,*c1cccc(C)c1,393.4
GLUE0697,Cc1cn(C(=O)Nc2cccc3c2C(=O)N(C2CCC(=O)NC2=O)C3)c(=O)[nH]c1=O,MWFYQYKYGMOQIX-UHFFFAOYSA-N,amide,*n1cc(C)c(=O)[nH]c1=O,411.37
GLUE0698,Cc1cn(S(=O)(=O)Nc2cccc3c2C(=O)N(C2CCC(=O)NC2=O)C3)c(=O)[nH]c1=O,FGNPOMMSOHXGOA-UHFFFAOYSA-N,sulfonamide,*n1cc(C)c(=O)[nH]c1=O,447.43
GLUE0699,Cc1cn(CC(=O)Nc2cccc3c2C(=O)N(C2CCC(=O)NC2=O)C3)c(=O)[nH]c1=O,QMOAHSWGYQNVFV-UHFFFAOYSA-N,acetamide,*n1cc(C)c(=O)[nH]c1=O,425.4
GLUE0700,Cc1cn(NC(=O)Nc2cccc3c2C(=O)N(C2CCC(=O)NC2=O)C3)c(=O)[nH]c1=O,LRXPDNJYVMNMNN-UHFFFAOYSA-N,urea,*n1cc(C)c(=O)[nH]c1=O,426.39
GLUE0701,Cc1cn(OC(=O)Nc2cccc3c2C(=O)N(C2CCC(=O)NC2=O)C3)c(=O)[nH]c1=O,RCPYTDRWLZKUJD-UHFFFAOYSA-N,carbamate,*n1cc(C)c(=O)[nH]c1=O,427.37
GLUE0702,CC(C(=O)Nc1cccc2c1C(=O)N(C1CCC(=O)NC1=O)C2)C1=NCCN1,NATWMRVRYJFQGH-UHFFFAOYSA-N,amide,*C(C)C1=NCCN1,383.41
GLUE0703,CC(C1=NCCN1)S(=O)(=O)Nc1cccc2c1C(=O)N(C1CCC(=O)NC1=O)C2,XMJZVTPJAYUYKC-UHFFFAOYSA-N,sulfonamide,*C(C)C1=NCCN1,419.46
GLUE0704,CC(CC(=O)Nc1cccc2c1C(=O)N(C1CCC(=O)NC1=O)C2)C1=NCCN1,DCWMQMQCXCBBCP-UHFFFAOYSA-N,acetamide,*C(C)C1=NCCN1,397.44
GLUE0705,CC(NC(=O)Nc1cccc2c1C(=O)N(C1CCC(=O)NC1=O)C2)C1=NCCN1,BOQFTFWCPKGFDP-UHFFFAOYSA-N,urea,*C(C)C1=NCCN1,398.42
GLUE0706,CC(OC(=O)Nc1cccc2c1C(=O)N(C1CCC(=O)NC1=O)C2)C1=NCCN1,MYIYCHPTCQOEEP-UHFFFAOYSA-N,carbamate,*C(C)C1=NCCN1,399.41
GLUE0707,O=C(O)CCC(=O)C(=O)Nc1cccc2c1C(=O)N(C1CCC(=O)NC1=O)C2,AIRYGYQPTVLHSA-UHFFFAOYSA-N,amide,*C(=O)CCC(=O)O,387.35
GLUE0708,O=C(O)CCC(=O)S(=O)(=O)Nc1cccc2c1C(=O)N(C1CCC(=O)NC1=O)C2,XKYCAKAYAFANIV-UHFFFAOYSA-N,sulfonamide,*C(=O)CCC(=O)O,423.4
GLUE0709,O=C(O)CCC(=O)CC(=O)Nc1cccc2c1C(=O)N(C1CCC(=O)NC1=O)C2,HWMPGAHFZHADQM-UHFFFAOYSA-N,acetamide,*C(=O)CCC(=O)O,401.38
GLUE0710,O=C(O)CCC(=O)NC(=O)Nc1cccc2c1C(=O)N(C1CCC(=O)NC1=O)C2,GEZAVXCKLVHRIW-UHFFFAOYSA-N,urea,*C(=O)CCC(=O)O,402.36
GLUE0711,O=C(O)CCC(=O)OC(=O)Nc1cccc2c1C(=O)N(C1CCC(=O)NC1=O)C2,BDVKRIUCCRQUIW-UHFFFAOYSA-N,carbamate,*C(=O)CCC(=O)O,403.35
GLUE0712,CCCCC[C@H](O)CCC(=O)Nc1cccc2c1C(=O)N(C1CCC(=O)NC1=O)C2,XQSNYIJXWOLSSQ-MYJWUSKBSA-N,amide,*CC[C@@H](O)CCCCC,415.49
GLUE0713,CCCCC[C@H](O)CCS(=O)(=O)Nc1cccc2c1C(=O)N(C1CCC(=O)NC1=O)C2,LMWXASNVRARSMG-MYJWUSKBSA-N,sulfonamide,*CC[C@@H](O)CCCCC,451.55
GLUE0714,CCCCC[C@H](O)CCCC(=O)Nc1cccc2c1C(=O)N(C1CCC(=O)NC1=O)C2,OFKBUVPMDCBTEJ-ATNAJCNCSA-N,acetamide,*CC[C@@H](O)CCCCC,429.52
GLUE0715,CCCCC[C@H](O)CCNC(=O)Nc1cccc2c1C(=O)N(C1CCC(=O)NC1=O)C2,SQWICMWLLMLFSC-MYJWUSKBSA-N,urea,*CC[C@@H](O)CCCCC,430.51
GLUE0716,CCCCC[C@H](O)CCOC(=O)Nc1cccc2c1C(=O)N(C1CCC(=O)NC1=O)C2,FGGAJNRMUPBPEL-MYJWUSKBSA-N,carbamate,*CC[C@@H](O)CCCCC,431.49
GLUE0717,O=C1CCC(N2Cc3cccc(NC(=O)C(=O)CCl)c3C2=O)C(=O)N1,SJAKZIFYVUVKBN-UHFFFAOYSA-N,amide,*C(=O)CCl,363.76
GLUE0718,O=C1CCC(N2Cc3cccc(NS(=O)(=O)C(=O)CCl)c3C2=O)C(=O)N1,DOKPEWDALFAGLL-UHFFFAOYSA-N,sulfonamide,*C(=O)CCl,399.81
GLUE0719,O=C(CCl)CC(=O)Nc1cccc2c1C(=O)N(C1CCC(=O)NC1=O)C2,FHBFMTLGODDRTE-UHFFFAOYSA-N,acetamide,*C(=O)CCl,377.78
GLUE0720,O=C(CCl)NC(=O)Nc1cccc2c1C(=O)N(C1CCC(=O)NC1=O)C2,ZDHFPTYGXJQRCY-UHFFFAOYSA-N,urea,*C(=O)CCl,378.77
GLUE0721,O=C1CCC(N2Cc3cccc(NC(=O)OC(=O)CCl)c3C2=O)C(=O)N1,HWYWACVAFMZKNU-UHFFFAOYSA-N,carbamate,*C(=O)CCl,379.76
GLUE0722,CCCCCCC(=O)Nc1cccc2c1C(=O)N(C1CCC(=O)NC1=O)C2,JQONWMFUTRBHGZ-UHFFFAOYSA-N,amide,*CCCCCC,371.44
GLUE0723,CCCCCCS(=O)(=O)Nc1cccc2c1C(=O)N(C1CCC(=O)NC1=O)C2,NUPUJRHXNNGBAJ-UHFFFAOYSA-N,sulfonamide,*CCCCCC,407.49
GLUE0724,CCCCCCCC(=O)Nc1cccc2c1C(=O)N(C1CCC(=O)NC1=O)C2,CNJXVYKUVIDBCW-UHFFFAOYSA-N,acetamide,*CCCCCC,385.46
GLUE0725,CCCCCCNC(=O)Nc1cccc2c1C(=O)N(C1CCC(=O)NC1=O)C2,AAGNIUQAEXSPPI-UHFFFAOYSA-N,urea,*CCCCCC,386.45
GLUE0726,CCCCCCOC(=O)Nc1cccc2c1C(=O)N(C1CCC(=O)NC1=O)C2,NDPCBTLWTZBXIS-UHFFFAOYSA-N,carbamate,*CCCCCC,387.44
GLUE0727,CN1[C@@H]2CC[C@H]1C[C@@H](C(=O)Nc1cccc3c1C(=O)N(C1CCC(=O)NC1=O)C3)C2,UZYUBVBITHRSLG-MSNLLQCJSA-N,amide,*[C@H]1C[C@H]2CC[C@@H](C1)N2C,410.47
GLUE0728,CN1[C@@H]2CC[C@H]1C[C@@H](S(=O)(=O)Nc1cccc3c1C(=O)N(C1CCC(=O)NC1=O)C3)C2,CLEXGMYJKHMWBJ-CELGIQRLSA-N,sulfonamide,*[C@H]1C[C@H]2CC[C@@H](C1)N2C,446.53
GLUE0729,CN1[C@@H]2CC[C@H]1C[C@@H](CC(=O)Nc1cccc3c1C(=O)N(C1CCC(=O)NC1=O)C3)C2,ITWWZGKOWGETTH-HCBVFMPGSA-N,acetamide,*[C@H]1C[C@H]2CC[C@@H](C1)N2C,424.5
GLUE0730,CN1[C@@H]2CC[C@H]1C[C@@H](NC(=O)Nc1cccc3c1C(=O)N(C1CCC(=O)NC1=O)C3)C2,QZVLUPMMUICLJV-MSNLLQCJSA-N,urea,*[C@H]1C[C@H]2CC[C@@H](C1)N2C,425.49
GLUE0731,CN1[C@@H]2CC[C@H]1C[C@@H](OC(=O)Nc1cccc3c1C(=O)N(C1CCC(=O)NC1=O)C3)C2,VJPCWECPRPLDQJ-CELGIQRLSA-N,carbamate,*[C@H]1C[C@H]2CC[C@@H](C1)N2C,426.47
GLUE0732,O=C1CCC(N2Cc3cccc(NC(=O)c4ccc(Cl)cn4)c3C2=O)C(=O)N1,GTNIXKJAMOPIKC-UHFFFAOYSA-N,amide,*c1ccc(Cl)cn1,398.81
GLUE0733,O=C1CCC(N2Cc3cccc(NS(=O)(=O)c4ccc(Cl)cn4)c3C2=O)C(=O)N1,FGODUJYTNOQTRJ-UHFFFAOYSA-N,sulfonamide,*c1ccc(Cl)cn1,434.86
GLUE0734,O=C1CCC(N2Cc3cccc(NC(=O)Cc4ccc(Cl)cn4)c3C2=O)C(=O)N1,PQNMNMDGNDUHRM-UHFFFAOYSA-N,acetamide,*c1ccc(Cl)cn1,412.83
GLUE0735,O=C1CCC(N2Cc3cccc(NC(=O)Nc4ccc(Cl)cn4)c3C2=O)C(=O)N1,MSYFBNNQLPMELM-UHFFFAOYSA-N,urea,*c1ccc(Cl)cn1,413.82
GLUE0736,O=C1CCC(N2Cc3cccc(NC(=O)Oc4ccc(Cl)cn4)c3C2=O)C(=O)N1,IBGSBPDCDXOFRN-UHFFFAOYSA-N,carbamate,*c1ccc(Cl)cn1,414.81
GLUE0737,O=C([O-])C[C@H](O)C[C@H](O)CC(=O)Nc1cccc2c1C(=O)N(C1CCC(=O)NC1=O)C2,RPORWFLQTUKMML-KTYPHDMWSA-M,amide,*C[C@@H](O)C[C@@H](O)CC(=O)[O-],432.41
GLUE0738,O=C([O-])C[C@H](O)C[C@H](O)CS(=O)(=O)Nc1cccc2c1C(=O)N(C1CCC(=O)NC1=O)C2,ICPPMPGNANWDGI-RJTITELWSA-M,sulfonamide,*C[C@@H](O)C[C@@H](O)CC(=O)[O-],468.46
GLUE0739,O=C([O-])C[C@H](O)C[C@H](O)CCC(=O)Nc1cccc2c1C(=O)N(C1CCC(=O)NC1=O)C2,IFNDTFUYKKBNBY-HCYNLOQUSA-M,acetamide,*C[C@@H](O)C[C@@H](O)CC(=O)[O-],446.44
GLUE0740,O=C([O-])C[C@H](O)C[C@H](O)CNC(=O)Nc1cccc2c1C(=O)N(C1CCC(=O)NC1=O)C2,ZYSNZFBFVKWRTN-RJTITELWSA-M,urea,*C[C@@H](O)C[C@@H](O)CC(=O)[O-],447.42
GLUE0741,O=C([O-])C[C@H](O)C[C@H](O)COC(=O)Nc1cccc2c1C(=O)N(C1CCC(=O)NC1=O)C2,JAIHUONLGXAZDX-RJTITELWSA-M,carbamate,*C[C@@H](O)C[C@@H](O)CC(=O)[O-],448.41
GLUE0742,O=C1CCC(N2Cc3cccc(NC(=O)[C@H]4CCOC4)c3C2=O)C(=O)N1,AQVSGQMBJTXLHW-AMGKYWFPSA-N,amide,*[C@H]1CCOC1,357.37
GLUE0743,O=C1CCC(N2Cc3cccc(NS(=O)(=O)[C@H]4CCOC4)c3C2=O)C(=O)N1,SCTGFANIBSBPDR-AMGKYWFPSA-N,sulfonamide,*[C@H]1CCOC1,393.42
GLUE0744,O=C1CCC(N2Cc3cccc(NC(=O)C[C@H]4CCOC4)c3C2=O)C(=O)N1,YHTIFCBPRZKYBQ-YNODCEANSA-N,acetamide,*[C@H]1CCOC1,371.39
GLUE0745,O=C1CCC(N2Cc3cccc(NC(=O)N[C@H]4CCOC4)c3C2=O)C(=O)N1,XFGBRGKCBGTFRO-AMGKYWFPSA-N,urea,*[C@H]1CCOC1,372.38
GLUE0746,O=C1CCC(N2Cc3cccc(NC(=O)O[C@H]4CCOC4)c3C2=O)C(=O)N1,PKOCBNWNXYZCOL-AMGKYWFPSA-N,carbamate,*[C@H]1CCOC1,373.37
GLUE0747,Nc1ncnc2c1ncn2C(=O)Nc1cccc2c1C(=O)N(C1CCC(=O)NC1=O)C2,GQVIBFKGDJGFFC-UHFFFAOYSA-N,amide,*n1cnc2c(N)ncnc21,420.39
GLUE0748,Nc1ncnc2c1ncn2S(=O)(=O)Nc1cccc2c1C(=O)N(C1CCC(=O)NC1=O)C2,KQVXXSVAOCFMCW-UHFFFAOYSA-N,sulfonamide,*n1cnc2c(N)ncnc21,456.44
GLUE0749,Nc1ncnc2c1ncn2CC(=O)Nc1cccc2c1C(=O)N(C1CCC(=O)NC1=O)C2,BEBDMLUVYGEUAW-UHFFFAOYSA-N,acetamide,*n1cnc2c(N)ncnc21,434.42
GLUE0750,Nc1ncnc2c1ncn2NC(=O)Nc1cccc2c1C(=O)N(C1CCC(=O)NC1=O)C2,NOGPZOVSDDUGLT-UHFFFAOYSA-N,urea,*n1cnc2c(N)ncnc21,435.4
GLUE0751,Nc1ncnc2c1ncn2OC(=O)Nc1cccc2c1C(=O)N(C1CCC(=O)NC1=O)C2,VJAFSZXCLZROBG-UHFFFAOYSA-N,carbamate,*n1cnc2c(N)ncnc21,436.39
GLUE0752,O=C1CCC(N2Cc3cccc(NC(=O)c4cc(F)ccc4F)c3C2=O)C(=O)N1,BLHSSTXFCQGTJQ-UHFFFAOYSA-N,amide,*c1cc(F)ccc1F,399.35
GLUE0753,O=C1CCC(N2Cc3cccc(NS(=O)(=O)c4cc(F)ccc4F)c3C2=O)C(=O)N1,XNKWBHCEQUTQJV-UHFFFAOYSA-N,sulfonamide,*c1cc(F)ccc1F,435.41
GLUE0754,O=C1CCC(N2Cc3cccc(NC(=O)Cc4cc(F)ccc4F)c3C2=O)C(=O)N1,CREUYDVZEIJTOH-UHFFFAOYSA-N,acetamide,*c1cc(F)ccc1F,413.38
GLUE0755,O=C1CCC(N2Cc3cccc(NC(=O)Nc4cc(F)ccc4F)c3C2=O)C(=O)N1,WWCJDEBBRNFDAC-UHFFFAOYSA-N,urea,*c1cc(F)ccc1F,414.37
GLUE0756,O=C1CCC(N2Cc3cccc(NC(=O)Oc4cc(F)ccc4F)c3C2=O)C(=O)N1,DVHPFEFCWHLRDH-UHFFFAOYSA-N,carbamate,*c1cc(F)ccc1F,415.35
GLUE0757,O=C1CCC(N2Cc3cccc(NC(=O)c4ccco4)c3C2=O)C(=O)N1,KYWYTAVHSUGIPN-UHFFFAOYSA-N,amide,*c1ccco1,353.33
GLUE0758,O=C1CCC(N2Cc3cccc(NS(=O)(=O)c4ccco4)c3C2=O)C(=O)N1,FEMICTUJVMQRBV-UHFFFAOYSA-N,sulfonamide,*c1ccco1,389.39
GLUE0759,O=C1CCC(N2Cc3cccc(NC(=O)Cc4ccco4)c3C2=O)C(=O)N1,FXDCNVRNVXOVJS-UHFFFAOYSA-N,acetamide,*c1ccco1,367.36
GLUE0760,O=C1CCC(N2Cc3cccc(NC(=O)Nc4ccco4)c3C2=O)C(=O)N1,MBGNGTWVKPJOMQ-UHFFFAOYSA-N,urea,*c1ccco1,368.35
GLUE0761,O=C1CCC(N2Cc3cccc(NC(=O)Oc4ccco4)c3C2=O)C(=O)N1,AWFWQVXKVQMUPI-UHFFFAOYSA-N,carbamate,*c1ccco1,369.33
GLUE0762,Cc1c(Cl)ccc2[nH]c(C(=O)Nc3cccc4c3C(=O)N(C3CCC(=O)NC3=O)C4)nc12,MJJRLAADWIWFHM-UHFFFAOYSA-N,amide,*c1nc2c(C)c(Cl)ccc2[nH]1,451.87
GLUE0763,Cc1c(Cl)ccc2[nH]c(S(=O)(=O)Nc3cccc4c3C(=O)N(C3CCC(=O)NC3=O)C4)nc12,XVPOLTVBQOYQCI-UHFFFAOYSA-N,sulfonamide,*c1nc2c(C)c(Cl)ccc2[nH]1,487.93
GLUE0764,Cc1c(Cl)ccc2[nH]c(CC(=O)Nc3cccc4c3C(=O)N(C3CCC(=O)NC3=O)C4)nc12,RUDVZIQCGYUONB-UHFFFAOYSA-N,acetamide,*c1nc2c(C)c(Cl)ccc2[nH]1,465.9
GLUE0765,Cc1c(Cl)ccc2[nH]c(NC(=O)Nc3cccc4c3C(=O)N(C3CCC(=O)NC3=O)C4)nc12,SRSHGVOPQLBSAT-UHFFFAOYSA-N,urea,*c1nc2c(C)c(Cl)ccc2[nH]1,466.89
GLUE0766,Cc1c(Cl)ccc2[nH]c(OC(=O)Nc3cccc4c3C(=O)N(C3CCC(=O)NC3=O)C4)nc12,CAOHIUMFFXRBES-UHFFFAOYSA-N,carbamate,*c1nc2c(C)c(Cl)ccc2[nH]1,467.87
GLUE0767,CC(C(=O)[O-])C(=O)Nc1cccc2c1C(=O)N(C1CCC(=O)NC1=O)C2,IZBCUVLOQVFBHC-UHFFFAOYSA-M,amide,*C(C)C(=O)[O-],358.33
GLUE0768,CC(C(=O)[O-])S(=O)(=O)Nc1cccc2c1C(=O)N(C1CCC(=O)NC1=O)C2,TWTRVVAFSBKWRC-UHFFFAOYSA-M,sulfonamide,*C(C)C(=O)[O-],394.39
GLUE0769,CC(CC(=O)Nc1cccc2c1C(=O)N(C1CCC(=O)NC1=O)C2)C(=O)[O-],SORDLDIFRFWGKB-UHFFFAOYSA-M,acetamide,*C(C)C(=O)[O-],372.36
GLUE0770,CC(NC(=O)Nc1cccc2c1C(=O)N(C1CCC(=O)NC1=O)C2)C(=O)[O-],JFQYWFSNSWXXIQ-UHFFFAOYSA-M,urea,*C(C)C(=O)[O-],373.35
GLUE0771,CC(OC(=O)Nc1cccc2c1C(=O)N(C1CCC(=O)NC1=O)C2)C(=O)[O-],MCHYNMDUZMLDJU-UHFFFAOYSA-M,carbamate,*C(C)C(=O)[O-],374.33
GLUE0772,NCCCC[C@H](N)C(=O)C(=O)Nc1cccc2c1C(=O)N(C1CCC(=O)NC1=O)C2,USDJSVQXIXAJPQ-NBFOIZRFSA-N,amide,*C(=O)[C@@H](N)CCCCN,415.45
GLUE0773,NCCCC[C@H](N)C(=O)S(=O)(=O)Nc1cccc2c1C(=O)N(C1CCC(=O)NC1=O)C2,ANDLNHFKZPTIQV-NBFOIZRFSA-N,sulfonamide,*C(=O)[C@@H](N)CCCCN,451.51
GLUE0774,NCCCC[C@H](N)C(=O)CC(=O)Nc1cccc2c1C(=O)N(C1CCC(=O)NC1=O)C2,UXYRRFZCZDONEV-CFMCSPIPSA-N,acetamide,*C(=O)[C@@H](N)CCCCN,429.48
GLUE0775,NCCCC[C@H](N)C(=O)NC(=O)Nc1cccc2c1C(=O)N(C1CCC(=O)NC1=O)C2,LZTQFUMJYXQNBH-NBFOIZRFSA-N,urea,*C(=O)[C@@H](N)CCCCN,430.47
GLUE0776,NCCCC[C@H](N)C(=O)OC(=O)Nc1cccc2c1C(=O)N(C1CCC(=O)NC1=O)C2,IQICQPOVMSFQKN-NBFOIZRFSA-N,carbamate,*C(=O)[C@@H](N)CCCCN,431.45
GLUE0777,O=C1CCC(N2Cc3cccc(NC(=O)CC(Cl)(Cl)Cl)c3C2=O)C(=O)N1,YFZSZDNSJXTJGD-UHFFFAOYSA-N,amide,*CC(Cl)(Cl)Cl,418.66
GLUE0778,O=C1CCC(N2Cc3cccc(NS(=O)(=O)CC(Cl)(Cl)Cl)c3C2=O)C(=O)N1,PQVYBXQUVLVBOT-UHFFFAOYSA-N,sulfonamide,*CC(Cl)(Cl)Cl,454.72
GLUE0779,O=C1CCC(N2Cc3cccc(NC(=O)CCC(Cl)(Cl)Cl)c3C2=O)C(=O)N1,IBVDOSFTTDFYMJ-UHFFFAOYSA-N,acetamide,*CC(Cl)(Cl)Cl,432.69
GLUE0780,O=C1CCC(N2Cc3cccc(NC(=O)NCC(Cl)(Cl)Cl)c3C2=O)C(=O)N1,JHWGHCZZCAGIFG-UHFFFAOYSA-N,urea,*CC(Cl)(Cl)Cl,433.68
GLUE0781,O=C1CCC(N2Cc3cccc(NC(=O)OCC(Cl)(Cl)Cl)c3C2=O)C(=O)N1,KFSFANYVQPWBAZ-UHFFFAOYSA-N,carbamate,*CC(Cl)(Cl)Cl,434.66
GLUE0782,CCC#CC(C)C(=O)Nc1cccc2c1C(=O)N(C1CCC(=O)NC1=O)C2,WQQZINBGVMHISW-UHFFFAOYSA-N,amide,*C(C)C#CCC,367.41
GLUE0783,CCC#CC(C)S(=O)(=O)Nc1cccc2c1C(=O)N(C1CCC(=O)NC1=O)C2,SBBPFKNWBXOVGE-UHFFFAOYSA-N,sulfonamide,*C(C)C#CCC,403.46
GLUE0784,CCC#CC(C)CC(=O)Nc1cccc2c1C(=O)N(C1CCC(=O)NC1=O)C2,VEYMGXCGMCPZNI-UHFFFAOYSA-N,acetamide,*C(C)C#CCC,381.43
GLUE0785,CCC#CC(C)NC(=O)Nc1cccc2c1C(=O)N(C1CCC(=O)NC1=O)C2,PHECTGZDKWADRD-UHFFFAOYSA-N,urea,*C(C)C#CCC,382.42
GLUE0786,CCC#CC(C)OC(=O)Nc1cccc2c1C(=O)N(C1CCC(=O)NC1=O)C2,BUINHMNSVBZWDJ-UHFFFAOYSA-N,carbamate,*C(C)C#CCC,383.4
GLUE0787,Nc1ccc(C(=O)Nc2cccc3c2C(=O)N(C2CCC(=O)NC2=O)C3)c(Cl)c1,MQDUCLOPRVMUDD-UHFFFAOYSA-N,amide,*c1ccc(N)cc1Cl,412.83
GLUE0788,Nc1ccc(S(=O)(=O)Nc2cccc3c2C(=O)N(C2CCC(=O)NC2=O)C3)c(Cl)c1,BJRMMGPESIYUKF-UHFFFAOYSA-N,sulfonamide,*c1ccc(N)cc1Cl,448.89
GLUE0789,Nc1ccc(CC(=O)Nc2cccc3c2C(=O)N(C2CCC(=O)NC2=O)C3)c(Cl)c1,WHNREANSGBABLL-UHFFFAOYSA-N,acetamide,*c1ccc(N)cc1Cl,426.86
GLUE0790,Nc1ccc(NC(=O)Nc2cccc3c2C(=O)N(C2CCC(=O)NC2=O)C3)c(Cl)c1,IRVMBUCLUASGCX-UHFFFAOYSA-N,urea,*c1ccc(N)cc1Cl,427.85
GLUE0791,Nc1ccc(OC(=O)Nc2cccc3c2C(=O)N(C2CCC(=O)NC2=O)C3)c(Cl)c1,SMCFGGUJGXZEOJ-UHFFFAOYSA-N,carbamate,*c1ccc(N)cc1Cl,428.83
GLUE0792,Nc1nc([O-])c2ncn(C(=O)Nc3cccc4c3C(=O)N(C3CCC(=O)NC3=O)C4)c2n1,VSPQVELMKYEMQG-UHFFFAOYSA-M,amide,*n1cnc2c([O-])nc(N)nc21,435.38
GLUE0793,Nc1nc([O-])c2ncn(S(=O)(=O)Nc3cccc4c3C(=O)N(C3CCC(=O)NC3=O)C4)c2n1,LJDPVRFUQSSJLT-UHFFFAOYSA-M,sulfonamide,*n1cnc2c([O-])nc(N)nc21,471.44
GLUE0794,Nc1nc([O-])c2ncn(CC(=O)Nc3cccc4c3C(=O)N(C3CCC(=O)NC3=O)C4)c2n1,ZXBGXCWVRGHXCL-UHFFFAOYSA-M,acetamide,*n1cnc2c([O-])nc(N)nc21,449.41
GLUE0795,Nc1nc([O-])c2ncn(NC(=O)Nc3cccc4c3C(=O)N(C3CCC(=O)NC3=O)C4)c2n1,UTLXJQWIDYJPGY-UHFFFAOYSA-M,urea,*n1cnc2c([O-])nc(N)nc21,450.4
GLUE0796,Nc1nc([O-])c2ncn(OC(=O)Nc3cccc4c3C(=O)N(C3CCC(=O)NC3=O)C4)c2n1,RLDFHADOIVUYHT-UHFFFAOYSA-M,carbamate,*n1cnc2c([O-])nc(N)nc21,451.38
GLUE0797,N#Cc1ccccc1C(=O)Nc1cccc2c1C(=O)N(C1CCC(=O)NC1=O)C2,VNWRXDOPFIWDKV-UHFFFAOYSA-N,amide,*c1ccccc1C#N,388.38
GLUE0798,N#Cc1ccccc1S(=O)(=O)Nc1cccc2c1C(=O)N(C1CCC(=O)NC1=O)C2,BLCFNJLOIIZCNU-UHFFFAOYSA-N,sulfonamide,*c1ccccc1C#N,424.44
GLUE0799,N#Cc1ccccc1CC(=O)Nc1cccc2c1C(=O)N(C1CCC(=O)NC1=O)C2,MUFIOGNHOBAJOO-UHFFFAOYSA-N,acetamide,*c1ccccc1C#N,402.41
GLUE0800,N#Cc1ccccc1NC(=O)Nc1cccc2c1C(=O)N(C1CCC(=O)NC1=O)C2,UBPMARUHDWIMBA-UHFFFAOYSA-N,urea,*c1ccccc1C#N,403.4
GLUE0801,N#Cc1ccccc1OC(=O)Nc1cccc2c1C(=O)N(C1CCC(=O)NC1=O)C2,BWHNNYFCRJFCHT-UHFFFAOYSA-N,carbamate,*c1ccccc1C#N,404.38
GLUE0802,O=C1CCC(N2Cc3cccc(NC(=O)[C@H]4CCCCN4)c3C2=O)C(=O)N1,MXXRHAFJNPIFFX-KWCCSABGSA-N,amide,*[C@H]1CCCCN1,370.41
GLUE0803,O=C1CCC(N2Cc3cccc(NS(=O)(=O)[C@H]4CCCCN4)c3C2=O)C(=O)N1,QJDWDUSQVZMPBN-WUJWULDRSA-N,sulfonamide,*[C@H]1CCCCN1,406.46
GLUE0804,O=C1CCC(N2Cc3cccc(NC(=O)C[C@H]4CCCCN4)c3C2=O)C(=O)N1,MJXNXDNJULPUIM-AFYYWNPRSA-N,acetamide,*[C@H]1CCCCN1,384.44
GLUE0805,O=C1CCC(N2Cc3cccc(NC(=O)N[C@H]4CCCCN4)c3C2=O)C(=O)N1,AIBSFMBUSCXYJP-KZUDCZAMSA-N,urea,*[C@H]1CCCCN1,385.42
GLUE0806,O=C1CCC(N2Cc3cccc(NC(=O)O[C@H]4CCCCN4)c3C2=O)C(=O)N1,PIUUVZWAWPJBOZ-WUJWULDRSA-N,carbamate,*[C@H]1CCCCN1,386.41
GLUE0807,Cc1ccc(S(=O)(=O)C(=O)Nc2cccc3c2C(=O)N(C2CCC(=O)NC2=O)C3)cc1,FWVQXVKOFGQGIJ-UHFFFAOYSA-N,amide,*S(=O)(=O)c1ccc(C)cc1,441.47
GLUE0808,Cc1ccc(S(=O)(=O)S(=O)(=O)Nc2cccc3c2C(=O)N(C2CCC(=O)NC2=O)C3)cc1,WXDPAXLUWGUHJR-UHFFFAOYSA-N,sulfonamide,*S(=O)(=O)c1ccc(C)cc1,477.52
GLUE0809,Cc1ccc(S(=O)(=O)CC(=O)Nc2cccc3c2C(=O)N(C2CCC(=O)NC2=O)C3)cc1,XZKCECKMUSFYGT-UHFFFAOYSA-N,acetamide,*S(=O)(=O)c1ccc(C)cc1,455.49
GLUE0810,Cc1ccc(S(=O)(=O)NC(=O)Nc2cccc3c2C(=O)N(C2CCC(=O)NC2=O)C3)cc1,FTJYWDIZENBCQK-UHFFFAOYSA-N,urea,*S(=O)(=O)c1ccc(C)cc1,456.48
GLUE0811,Cc1ccc(S(=O)(=O)OC(=O)Nc2cccc3c2C(=O)N(C2CCC(=O)NC2=O)C3)cc1,CBSQFGSFLGQILI-UHFFFAOYSA-N,carbamate,*S(=O)(=O)c1ccc(C)cc1,457.46
GLUE0812,C[C@H](CCC(=O)O)C(=O)Nc1cccc2c1C(=O)N(C1CCC(=O)NC1=O)C2,NJOLMVYCMBFSGV-VUUHIHSGSA-N,amide,*[C@H](C)CCC(=O)O,387.39
GLUE0813,C[C@H](CCC(=O)O)S(=O)(=O)Nc1cccc2c1C(=O)N(C1CCC(=O)NC1=O)C2,AXXVIATZQJNUOM-VUUHIHSGSA-N,sulfonamide,*[C@H](C)CCC(=O)O,423.45
GLUE0814,C[C@H](CCC(=O)O)CC(=O)Nc1cccc2c1C(=O)N(C1CCC(=O)NC1=O)C2,KCEBUXPNGLBSSC-YNODCEANSA-N,acetamide,*[C@H](C)CCC(=O)O,401.42
GLUE0815,C[C@H](CCC(=O)O)NC(=O)Nc1cccc2c1C(=O)N(C1CCC(=O)NC1=O)C2,PGDGVVUKGFDCHN-VUUHIHSGSA-N,urea,*[C@H](C)CCC(=O)O,402.41
GLUE0816,C[C@H](CCC(=O)O)OC(=O)Nc1cccc2c1C(=O)N(C1CCC(=O)NC1=O)C2,QKKMCDSAJTWPRR-VUUHIHSGSA-N,carbamate,*[C@H](C)CCC(=O)O,403.39
GLUE0817,O=C1CCC(N2Cc3cccc(NC(=O)c4ccc(F)c(Cl)c4)c3C2=O)C(=O)N1,IMDFCEPLCWQDNB-UHFFFAOYSA-N,amide,*c1ccc(F)c(Cl)c1,415.81
GLUE0818,O=C1CCC(N2Cc3cccc(NS(=O)(=O)c4ccc(F)c(Cl)c4)c3C2=O)C(=O)N1,PGKYINULLHEHJN-UHFFFAOYSA-N,sulfonamide,*c1ccc(F)c(Cl)c1,451.86
GLUE0819,O=C1CCC(N2Cc3cccc(NC(=O)Cc4ccc(F)c(Cl)c4)c3C2=O)C(=O)N1,CJNCPWQYQJGWLK-UHFFFAOYSA-N,acetamide,*c1ccc(F)c(Cl)c1,429.84
GLUE0820,O=C1CCC(N2Cc3cccc(NC(=O)Nc4ccc(F)c(Cl)c4)c3C2=O)C(=O)N1,ZARIHEAWTQHACT-UHFFFAOYSA-N,urea,*c1ccc(F)c(Cl)c1,430.82
GLUE0821,O=C1CCC(N2Cc3cccc(NC(=O)Oc4ccc(F)c(Cl)c4)c3C2=O)C(=O)N1,DQDTYZXJZORAQT-UHFFFAOYSA-N,carbamate,*c1ccc(F)c(Cl)c1,431.81
GLUE0822,Cc1ncc(C(=O)Nc2cccc3c2C(=O)N(C2CCC(=O)NC2=O)C3)c(N)n1,AFTLBFHBPPEJRW-UHFFFAOYSA-N,amide,*c1cnc(C)nc1N,394.39
GLUE0823,Cc1ncc(S(=O)(=O)Nc2cccc3c2C(=O)N(C2CCC(=O)NC2=O)C3)c(N)n1,AYYVEKDPXROSAU-UHFFFAOYSA-N,sulfonamide,*c1cnc(C)nc1N,430.45
GLUE0824,Cc1ncc(CC(=O)Nc2cccc3c2C(=O)N(C2CCC(=O)NC2=O)C3)c(N)n1,SVXZFHIUTDQJMQ-UHFFFAOYSA-N,acetamide,*c1cnc(C)nc1N,408.42
GLUE0825,Cc1ncc(NC(=O)Nc2cccc3c2C(=O)N(C2CCC(=O)NC2=O)C3)c(N)n1,YUGZCVIIMFUABK-UHFFFAOYSA-N,urea,*c1cnc(C)nc1N,409.41
GLUE0826,Cc1ncc(OC(=O)Nc2cccc3c2C(=O)N(C2CCC(=O)NC2=O)C3)c(N)n1,NZOHQHXIXCBCFB-UHFFFAOYSA-N,carbamate,*c1cnc(C)nc1N,410.39
GLUE0827,CC(C)CCS(=O)(=O)Nc1cccc2c1C(=O)N(C1CCC(=O)NC1=O)C2,SAQMPHRNQGWAJU-UHFFFAOYSA-N,sulfonamide,*CCC(C)C,393.47
GLUE0828,CC(C)CCCC(=O)Nc1cccc2c1C(=O)N(C1CCC(=O)NC1=O)C2,HFFRYFCJCBGRPI-UHFFFAOYSA-N,acetamide,*CCC(C)C,371.44
GLUE0829,CC(C)CCNC(=O)Nc1cccc2c1C(=O)N(C1CCC(=O)NC1=O)C2,ARLPAZVIWZZFPW-UHFFFAOYSA-N,urea,*CCC(C)C,372.43
GLUE0830,CC(C)CCOC(=O)Nc1cccc2c1C(=O)N(C1CCC(=O)NC1=O)C2,LXYDFIGVXINXRU-UHFFFAOYSA-N,carbamate,*CCC(C)C,373.41
GLUE0831,CC(O)CC(=O)Nc1cccc2c1C(=O)N(C1CCC(=O)NC1=O)C2,WUYRIAOCBXOWJO-UHFFFAOYSA-N,amide,*CC(C)O,345.36
GLUE0832,CC(O)CS(=O)(=O)Nc1cccc2c1C(=O)N(C1CCC(=O)NC1=O)C2,FAVDDJWCVAPRJI-UHFFFAOYSA-N,sulfonamide,*CC(C)O,381.41
GLUE0833,CC(O)CCC(=O)Nc1cccc2c1C(=O)N(C1CCC(=O)NC1=O)C2,UUABEGYNYSOJCJ-UHFFFAOYSA-N,acetamide,*CC(C)O,359.38
GLUE0834,CC(O)CNC(=O)Nc1cccc2c1C(=O)N(C1CCC(=O)NC1=O)C2,WZUICFOUPLZDBL-UHFFFAOYSA-N,urea,*CC(C)O,360.37
GLUE0835,CC(O)COC(=O)Nc1cccc2c1C(=O)N(C1CCC(=O)NC1=O)C2,LRUJONVZNWVMME-UHFFFAOYSA-N,carbamate,*CC(C)O,361.35
GLUE0836,O=C1CCC(N2Cc3cccc(NC(=O)O/N=C(\Cl)c4ccc[n+]([O-])c4)c3C2=O)C(=O)N1,CIRZLELQYYIRBS-ULJHMMPZSA-N,amide,*O/N=C(\Cl)c1ccc[n+]([O-])c1,457.83
GLUE0837,O=C1CCC(N2Cc3cccc(NS(=O)(=O)O/N=C(\Cl)c4ccc[n+]([O-])c4)c3C2=O)C(=O)N1,KBGWDEFHGUIXAX-XLNRJJMWSA-N,sulfonamide,*O/N=C(\Cl)c1ccc[n+]([O-])c1,493.89
GLUE0838,O=C1CCC(N2Cc3cccc(NC(=O)CO/N=C(\Cl)c4ccc[n+]([O-])c4)c3C2=O)C(=O)N1,KRAACPXNLFNXPH-PLRJNAJWSA-N,acetamide,*O/N=C(\Cl)c1ccc[n+]([O-])c1,471.86
GLUE0839,O=C1CCC(N2Cc3cccc(NC(=O)NO/N=C(\Cl)c4ccc[n+]([O-])c4)c3C2=O)C(=O)N1,JPVLYGNFFUEFHF-ULJHMMPZSA-N,urea,*O/N=C(\Cl)c1ccc[n+]([O-])c1,472.85
GLUE0840,O=C1CCC(N2Cc3cccc(NC(=O)OO/N=C(\Cl)c4ccc[n+]([O-])c4)c3C2=O)C(=O)N1,BZSUCRZPKNZKNJ-ULJHMMPZSA-N,carbamate,*O/N=C(\Cl)c1ccc[n+]([O-])c1,473.83
GLUE0841,CN1CCC[C@@H]1C(=O)Nc1cccc2c1C(=O)N(C1CCC(=O)NC1=O)C2,BZPCYPGQXWPMEX-KWCCSABGSA-N,amide,*[C@H]1CCCN1C,370.41
GLUE0842,CN1CCC[C@@H]1S(=O)(=O)Nc1cccc2c1C(=O)N(C1CCC(=O)NC1=O)C2,NCQSUMNLROCSHV-WUJWULDRSA-N,sulfonamide,*[C@H]1CCCN1C,406.46
GLUE0843,CN1CCC[C@@H]1CC(=O)Nc1cccc2c1C(=O)N(C1CCC(=O)NC1=O)C2,AKWMUSOJRKSJKK-AFYYWNPRSA-N,acetamide,*[C@H]1CCCN1C,384.44
GLUE0844,CN1CCC[C@@H]1NC(=O)Nc1cccc2c1C(=O)N(C1CCC(=O)NC1=O)C2,JSSFRXJQRDLOBT-ARLHGKGLSA-N,urea,*[C@H]1CCCN1C,385.42
GLUE0845,CN1CCC[C@@H]1OC(=O)Nc1cccc2c1C(=O)N(C1CCC(=O)NC1=O)C2,AJRRMPUPABLRFF-WUJWULDRSA-N,carbamate,*[C@H]1CCCN1C,386.41
GLUE0846,O=C1CCC(N2Cc3cccc(NC(=O)n4ccnc4)c3C2=O)C(=O)N1,NALDMBQWAZOXCW-UHFFFAOYSA-N,amide,*n1ccnc1,353.34
GLUE0847,O=C1CCC(N2Cc3cccc(NS(=O)(=O)n4ccnc4)c3C2=O)C(=O)N1,LTRNCDKAGXKYJJ-UHFFFAOYSA-N,sulfonamide,*n1ccnc1,389.39
GLUE0848,O=C1CCC(N2Cc3cccc(NC(=O)Cn4ccnc4)c3C2=O)C(=O)N1,QACZZYTUIJRRTQ-UHFFFAOYSA-N,acetamide,*n1ccnc1,367.37
GLUE0849,O=C1CCC(N2Cc3cccc(NC(=O)Nn4ccnc4)c3C2=O)C(=O)N1,KZGJOHNTARWRRF-UHFFFAOYSA-N,urea,*n1ccnc1,368.35
GLUE0850,O=C1CCC(N2Cc3cccc(NC(=O)On4ccnc4)c3C2=O)C(=O)N1,NSNJSACDWIZSDM-UHFFFAOYSA-N,carbamate,*n1ccnc1,369.34
GLUE0851,CC(C)(C)[C@@](C)(O)C(=O)Nc1cccc2c1C(=O)N(C1CCC(=O)NC1=O)C2,WBEOYBNBSTZQEI-JDOQCHFPSA-N,amide,*[C@](C)(O)C(C)(C)C,387.44
GLUE0852,CC(C)(C)[C@@](C)(O)S(=O)(=O)Nc1cccc2c1C(=O)N(C1CCC(=O)NC1=O)C2,KBWWPIBYCOZIEB-YFKXAPIDSA-N,sulfonamide,*[C@](C)(O)C(C)(C)C,423.49
GLUE0853,CC(C)(C)[C@@](C)(O)CC(=O)Nc1cccc2c1C(=O)N(C1CCC(=O)NC1=O)C2,QCMVHJWZCZHNOZ-YNNZGITBSA-N,acetamide,*[C@](C)(O)C(C)(C)C,401.46
GLUE0854,CC(C)(C)[C@@](C)(O)NC(=O)Nc1cccc2c1C(=O)N(C1CCC(=O)NC1=O)C2,RWZFSTHANKHYDY-LCNBYPMKSA-N,urea,*[C@](C)(O)C(C)(C)C,402.45
GLUE0855,CC(C)(C)[C@@](C)(O)OC(=O)Nc1cccc2c1C(=O)N(C1CCC(=O)NC1=O)C2,HOBWZRRXZZXSQK-JDOQCHFPSA-N,carbamate,*[C@](C)(O)C(C)(C)C,403.44
GLUE0856,CCCCCS(=O)(=O)Nc1cccc2c1C(=O)N(C1CCC(=O)NC1=O)C2,FUDDQGHWIOQLCZ-UHFFFAOYSA-N,sulfonamide,*CCCCC,393.47
GLUE0857,CCCCCNC(=O)Nc1cccc2c1C(=O)N(C1CCC(=O)NC1=O)C2,BHTRKVJGTFRLID-UHFFFAOYSA-N,urea,*CCCCC,372.43
GLUE0858,CCCCCOC(=O)Nc1cccc2c1C(=O)N(C1CCC(=O)NC1=O)C2,CKHIZYUSUZNILC-UHFFFAOYSA-N,carbamate,*CCCCC,373.41
GLUE0859,C[N+]1(C)CCC(C(=O)Nc2cccc3c2C(=O)N(C2CCC(=O)NC2=O)C3)C1,XHCYUAWPFYDQKE-UHFFFAOYSA-O,amide,*C1CC[N+](C)(C)C1,385.44
GLUE0860,C[N+]1(C)CCC(S(=O)(=O)Nc2cccc3c2C(=O)N(C2CCC(=O)NC2=O)C3)C1,KCQNNTBGFHYSFO-UHFFFAOYSA-O,sulfonamide,*C1CC[N+](C)(C)C1,421.5
GLUE0861,C[N+]1(C)CCC(CC(=O)Nc2cccc3c2C(=O)N(C2CCC(=O)NC2=O)C3)C1,UUGSHOILFVLPSF-UHFFFAOYSA-O,acetamide,*C1CC[N+](C)(C)C1,399.47
GLUE0862,C[N+]1(C)CCC(NC(=O)Nc2cccc3c2C(=O)N(C2CCC(=O)NC2=O)C3)C1,POGAXQYGSDPUBU-UHFFFAOYSA-O,urea,*C1CC[N+](C)(C)C1,400.46
GLUE0863,C[N+]1(C)CCC(OC(=O)Nc2cccc3c2C(=O)N(C2CCC(=O)NC2=O)C3)C1,VUHLXTLMCZOCRY-UHFFFAOYSA-O,carbamate,*C1CC[N+](C)(C)C1,401.44
GLUE0864,O=C1CCC(N2Cc3cccc(NC(=O)c4c(O)c5ccccc5oc4=O)c3C2=O)C(=O)N1,RXZQNPDKMPLCLL-UHFFFAOYSA-N,amide,*c1c(O)c2ccccc2oc1=O,447.4
GLUE0865,O=C1CCC(N2Cc3cccc(NS(=O)(=O)c4c(O)c5ccccc5oc4=O)c3C2=O)C(=O)N1,STAQPWBHTWGOKC-UHFFFAOYSA-N,sulfonamide,*c1c(O)c2ccccc2oc1=O,483.46
GLUE0866,O=C1CCC(N2Cc3cccc(NC(=O)Cc4c(O)c5ccccc5oc4=O)c3C2=O)C(=O)N1,NELJRMTUCRPUIH-UHFFFAOYSA-N,acetamide,*c1c(O)c2ccccc2oc1=O,461.43
GLUE0867,O=C1CCC(N2Cc3cccc(NC(=O)Nc4c(O)c5ccccc5oc4=O)c3C2=O)C(=O)N1,JHOQXICUNQBXEE-UHFFFAOYSA-N,urea,*c1c(O)c2ccccc2oc1=O,462.42
GLUE0868,O=C1CCC(N2Cc3cccc(NC(=O)Oc4c(O)c5ccccc5oc4=O)c3C2=O)C(=O)N1,HSLVXYXFGZGKLA-UHFFFAOYSA-N,carbamate,*c1c(O)c2ccccc2oc1=O,463.4
GLUE0869,CC(C)(C)CS(=O)(=O)Nc1cccc2c1C(=O)N(C1CCC(=O)NC1=O)C2,SMTKXXQCSMOVII-UHFFFAOYSA-N,sulfonamide,*CC(C)(C)C,393.47
GLUE0870,CC(C)(C)CCC(=O)Nc1cccc2c1C(=O)N(C1CCC(=O)NC1=O)C2,RYTQLMIGYNFGMS-UHFFFAOYSA-N,acetamide,*CC(C)(C)C,371.44
GLUE0871,CC(C)(C)CNC(=O)Nc1cccc2c1C(=O)N(C1CCC(=O)NC1=O)C2,NEUDLSYGUGEVDK-UHFFFAOYSA-N,urea,*CC(C)(C)C,372.43
GLUE0872,CC(C)(C)COC(=O)Nc1cccc2c1C(=O)N(C1CCC(=O)NC1=O)C2,JZXFEIFFQOEAPZ-UHFFFAOYSA-N,carbamate,*CC(C)(C)C,373.41
GLUE0873,NNCCC(=O)Nc1cccc2c1C(=O)N(C1CCC(=O)NC1=O)C2,OILDZZCVUSEYKN-UHFFFAOYSA-N,amide,*CCNN,345.36
GLUE0874,NNCCS(=O)(=O)Nc1cccc2c1C(=O)N(C1CCC(=O)NC1=O)C2,DIODSHSXVDEGSS-UHFFFAOYSA-N,sulfonamide,*CCNN,381.41
GLUE0875,NNCCCC(=O)Nc1cccc2c1C(=O)N(C1CCC(=O)NC1=O)C2,GBCGJABFGHGFHH-UHFFFAOYSA-N,acetamide,*CCNN,359.39
GLUE0876,NNCCNC(=O)Nc1cccc2c1C(=O)N(C1CCC(=O)NC1=O)C2,LPCYLNAFCUTIFR-UHFFFAOYSA-N,urea,*CCNN,360.37
GLUE0877,NNCCOC(=O)Nc1cccc2c1C(=O)N(C1CCC(=O)NC1=O)C2,XPFMTCWGTGSFAH-UHFFFAOYSA-N,carbamate,*CCNN,361.36
GLUE0878,CCCCCCCCC(=O)Nc1cccc2c1C(=O)N(C1CCC(=O)NC1=O)C2,LDWFSCKYSBFTKR-UHFFFAOYSA-N,amide,*CCCCCCCC,399.49
GLUE0879,CCCCCCCCS(=O)(=O)Nc1cccc2c1C(=O)N(C1CCC(=O)NC1=O)C2,YZYFTLVBROZODG-UHFFFAOYSA-N,sulfonamide,*CCCCCCCC,435.55
GLUE0880,CCCCCCCCCC(=O)Nc1cccc2c1C(=O)N(C1CCC(=O)NC1=O)C2,WSCGOKGNLNEGKU-UHFFFAOYSA-N,acetamide,*CCCCCCCC,413.52
GLUE0881,CCCCCCCCNC(=O)Nc1cccc2c1C(=O)N(C1CCC(=O)NC1=O)C2,YDWRETGZJAGIMH-UHFFFAOYSA-N,urea,*CCCCCCCC,414.51
GLUE0882,CCCCCCCCOC(=O)Nc1cccc2c1C(=O)N(C1CCC(=O)NC1=O)C2,RZRBPJSGGDMJJO-UHFFFAOYSA-N,carbamate,*CCCCCCCC,415.49
GLUE0883,O=C1CCC(N2Cc3cccc(NC(=O)OS(=O)(=O)[O-])c3C2=O)C(=O)N1,QHQJNPYNKAOYGN-UHFFFAOYSA-M,amide,*OS(=O)(=O)[O-],382.33
GLUE0884,O=C1CCC(N2Cc3cccc(NS(=O)(=O)OS(=O)(=O)[O-])c3C2=O)C(=O)N1,HODUSYQWYMIRSC-UHFFFAOYSA-M,sulfonamide,*OS(=O)(=O)[O-],418.39
GLUE0885,O=C1CCC(N2Cc3cccc(NC(=O)COS(=O)(=O)[O-])c3C2=O)C(=O)N1,HJBOXLKNHXJMEM-UHFFFAOYSA-M,acetamide,*OS(=O)(=O)[O-],396.36
GLUE0886,O=C1CCC(N2Cc3cccc(NC(=O)NOS(=O)(=O)[O-])c3C2=O)C(=O)N1,YQZDFNPFSQJCAV-UHFFFAOYSA-M,urea,*OS(=O)(=O)[O-],397.35
GLUE0887,O=C1CCC(N2Cc3cccc(NC(=O)OOS(=O)(=O)[O-])c3C2=O)C(=O)N1,NPVLSVKITKASBY-UHFFFAOYSA-M,carbamate,*OS(=O)(=O)[O-],398.33
GLUE0888,N#Cc1ccc(F)cc1C(=O)Nc1cccc2c1C(=O)N(C1CCC(=O)NC1=O)C2,DHBHIIMDXNQBFH-UHFFFAOYSA-N,amide,*c1cc(F)ccc1C#N,406.37
GLUE0889,N#Cc1ccc(F)cc1S(=O)(=O)Nc1cccc2c1C(=O)N(C1CCC(=O)NC1=O)C2,FOOYOKRXKBZAAQ-UHFFFAOYSA-N,sulfonamide,*c1cc(F)ccc1C#N,442.43
GLUE0890,N#Cc1ccc(F)cc1CC(=O)Nc1cccc2c1C(=O)N(C1CCC(=O)NC1=O)C2,KHHLSTCUVUWEEI-UHFFFAOYSA-N,acetamide,*c1cc(F)ccc1C#N,420.4
GLUE0891,N#Cc1ccc(F)cc1NC(=O)Nc1cccc2c1C(=O)N(C1CCC(=O)NC1=O)C2,CLOURYLMEYXPDP-UHFFFAOYSA-N,urea,*c1cc(F)ccc1C#N,421.39
GLUE0892,N#Cc1ccc(F)cc1OC(=O)Nc1cccc2c1C(=O)N(C1CCC(=O)NC1=O)C2,QVEYLLZFYYKUBO-UHFFFAOYSA-N,carbamate,*c1cc(F)ccc1C#N,422.37
GLUE0893,NC(CO)(CO)CCC(=O)Nc1cccc2c1C(=O)N(C1CCC(=O)NC1=O)C2,QWPSSLKTVUUJEV-UHFFFAOYSA-N,amide,*CCC(N)(CO)CO,404.42
GLUE0894,NC(CO)(CO)CCS(=O)(=O)Nc1cccc2c1C(=O)N(C1CCC(=O)NC1=O)C2,LVCZBNYJDZWAIB-UHFFFAOYSA-N,sulfonamide,*CCC(N)(CO)CO,440.48
GLUE0895,NC(CO)(CO)CCCC(=O)Nc1cccc2c1C(=O)N(C1CCC(=O)NC1=O)C2,KZSOHFUUMFXWIA-UHFFFAOYSA-N,acetamide,*CCC(N)(CO)CO,418.45
GLUE0896,NC(CO)(CO)CCNC(=O)Nc1cccc2c1C(=O)N(C1CCC(=O)NC1=O)C2,KWNAKWXXERMFIE-UHFFFAOYSA-N,urea,*CCC(N)(CO)CO,419.44
GLUE0897,NC(CO)(CO)CCOC(=O)Nc1cccc2c1C(=O)N(C1CCC(=O)NC1=O)C2,XJZDNHCRUGSLBH-UHFFFAOYSA-N,carbamate,*CCC(N)(CO)CO,420.42
GLUE0898,CCCCC(CC)CCC(CC(C)C)C(=O)Nc1cccc2c1C(=O)N(C1CCC(=O)NC1=O)C2,ZBNMTLXXZWEISP-UHFFFAOYSA-N,amide,*C(CCC(CC)CCCC)CC(C)C,483.65
GLUE0899,CCCCC(CC)CCC(CC(C)C)S(=O)(=O)Nc1cccc2c1C(=O)N(C1CCC(=O)NC1=O)C2,UKKZDXVJLCDGRN-UHFFFAOYSA-N,sulfonamide,*C(CCC(CC)CCCC)CC(C)C,519.71
GLUE0900,CCCCC(CC)CCC(CC(=O)Nc1cccc2c1C(=O)N(C1CCC(=O)NC1=O)C2)CC(C)C,UZBXNXHYMXGBBP-UHFFFAOYSA-N,acetamide,*C(CCC(CC)CCCC)CC(C)C,497.68
GLUE0901,CCCCC(CC)CCC(CC(C)C)NC(=O)Nc1cccc2c1C(=O)N(C1CCC(=O)NC1=O)C2,CDMFCJSSPBKKRO-UHFFFAOYSA-N,urea,*C(CCC(CC)CCCC)CC(C)C,498.67
GLUE0902,CCCCC(CC)CCC(CC(C)C)OC(=O)Nc1cccc2c1C(=O)N(C1CCC(=O)NC1=O)C2,YMBJEAODKZAXOC-UHFFFAOYSA-N,carbamate,*C(CCC(CC)CCCC)CC(C)C,499.65
GLUE0903,Cc1[nH]c2ccccc2c1C(=O)Nc1cccc2c1C(=O)N(C1CCC(=O)NC1=O)C2,JBACFRZMRZDQMI-UHFFFAOYSA-N,amide,*c1c(C)[nH]c2ccccc12,416.44
GLUE0904,Cc1[nH]c2ccccc2c1S(=O)(=O)Nc1cccc2c1C(=O)N(C1CCC(=O)NC1=O)C2,DICNUCJHZADYBO-UHFFFAOYSA-N,sulfonamide,*c1c(C)[nH]c2ccccc12,452.49
GLUE0905,Cc1[nH]c2ccccc2c1CC(=O)Nc1cccc2c1C(=O)N(C1CCC(=O)NC1=O)C2,WJFOMOVSYYVONV-UHFFFAOYSA-N,acetamide,*c1c(C)[nH]c2ccccc12,430.46
GLUE0906,Cc1[nH]c2ccccc2c1NC(=O)Nc1cccc2c1C(=O)N(C1CCC(=O)NC1=O)C2,WXGQTIPIONURAO-UHFFFAOYSA-N,urea,*c1c(C)[nH]c2ccccc12,431.45
GLUE0907,Cc1[nH]c2ccccc2c1OC(=O)Nc1cccc2c1C(=O)N(C1CCC(=O)NC1=O)C2,ZODNETPYQOQHMO-UHFFFAOYSA-N,carbamate,*c1c(C)[nH]c2ccccc12,432.44
GLUE0908,O=C1CCC(N2Cc3cccc(NC(=O)c4c(Cl)ccc5nsnc45)c3C2=O)C(=O)N1,BOZPTZBNYJBXFV-UHFFFAOYSA-N,amide,*c1c(Cl)ccc2nsnc12,455.88
GLUE0909,O=C1CCC(N2Cc3cccc(NS(=O)(=O)c4c(Cl)ccc5nsnc45)c3C2=O)C(=O)N1,GGYZLCZDTDHXBV-UHFFFAOYSA-N,sulfonamide,*c1c(Cl)ccc2nsnc12,491.94
GLUE0910,O=C1CCC(N2Cc3cccc(NC(=O)Cc4c(Cl)ccc5nsnc45)c3C2=O)C(=O)N1,HDZYRWRBMZBJQC-UHFFFAOYSA-N,acetamide,*c1c(Cl)ccc2nsnc12,469.91
GLUE0911,O=C1CCC(N2Cc3cccc(NC(=O)Nc4c(Cl)ccc5nsnc45)c3C2=O)C(=O)N1,YZANBSZIQMXFMC-UHFFFAOYSA-N,urea,*c1c(Cl)ccc2nsnc12,470.9
GLUE0912,O=C1CCC(N2Cc3cccc(NC(=O)Oc4c(Cl)ccc5nsnc45)c3C2=O)C(=O)N1,PTCSENCKSCRGMM-UHFFFAOYSA-N,carbamate,*c1c(Cl)ccc2nsnc12,471.88
GLUE0913,O=C1CCC(N2Cc3cccc(NC(=O)C4COC5(CCCCC5)O4)c3C2=O)C(=O)N1,OSPXCDKLNBIHNV-UHFFFAOYSA-N,amide,*C1COC2(CCCCC2)O1,427.46
GLUE0914,O=C1CCC(N2Cc3cccc(NS(=O)(=O)C4COC5(CCCCC5)O4)c3C2=O)C(=O)N1,QJHTUABTEZMPPO-UHFFFAOYSA-N,sulfonamide,*C1COC2(CCCCC2)O1,463.51
GLUE0915,O=C1CCC(N2Cc3cccc(NC(=O)CC4COC5(CCCCC5)O4)c3C2=O)C(=O)N1,LHHFACDTBIYSPR-UHFFFAOYSA-N,acetamide,*C1COC2(CCCCC2)O1,441.48
GLUE0916,O=C1CCC(N2Cc3cccc(NC(=O)NC4COC5(CCCCC5)O4)c3C2=O)C(=O)N1,PZAJJWXWNJXLQX-UHFFFAOYSA-N,urea,*C1COC2(CCCCC2)O1,442.47
GLUE0917,O=C1CCC(N2Cc3cccc(NC(=O)OC4COC5(CCCCC5)O4)c3C2=O)C(=O)N1,CWDUGKDUXHDZSS-UHFFFAOYSA-N,carbamate,*C1COC2(CCCCC2)O1,443.46
GLUE0918,C[N+]1(C)[C@@H]2CC[C@H]1C[C@@H](C(=O)Nc1cccc3c1C(=O)N(C1CCC(=O)NC1=O)C3)C2,NQISOYCYWUUXPG-NUDRIIIVSA-O,amide,*[C@H]1C[C@H]2CC[C@@H](C1)[N+]2(C)C,425.51
GLUE0919,C[N+]1(C)[C@@H]2CC[C@H]1C[C@@H](S(=O)(=O)Nc1cccc3c1C(=O)N(C1CCC(=O)NC1=O)C3)C2,UTTOFDOJGXZLDY-MBYOPUIYSA-O,sulfonamide,*[C@H]1C[C@H]2CC[C@@H](C1)[N+]2(C)C,461.56
GLUE0920,C[N+]1(C)[C@@H]2CC[C@H]1C[C@@H](CC(=O)Nc1cccc3c1C(=O)N(C1CCC(=O)NC1=O)C3)C2,HNYOKEAUDHVFRZ-DHMWNBKSSA-O,acetamide,*[C@H]1C[C@H]2CC[C@@H](C1)[N+]2(C)C,439.54
GLUE0921,C[N+]1(C)[C@@H]2CC[C@H]1C[C@@H](NC(=O)Nc1cccc3c1C(=O)N(C1CCC(=O)NC1=O)C3)C2,RPKJGLLTVHDPKZ-NUDRIIIVSA-O,urea,*[C@H]1C[C@H]2CC[C@@H](C1)[N+]2(C)C,440.52
GLUE0922,C[N+]1(C)[C@@H]2CC[C@H]1C[C@@H](OC(=O)Nc1cccc3c1C(=O)N(C1CCC(=O)NC1=O)C3)C2,RYDPTCPALRKWFA-MBYOPUIYSA-O,carbamate,*[C@H]1C[C@H]2CC[C@@H](C1)[N+]2(C)C,441.51
GLUE0923,O=C1CCC(N2Cc3cccc(NC(=O)[C@H]4CCc5cc(F)cc(F)c5C4)c3C2=O)C(=O)N1,KFQQJQSVHUNINZ-YTJLLHSVSA-N,amide,*[C@H]1CCc2cc(F)cc(F)c2C1,453.45
GLUE0924,O=C1CCC(N2Cc3cccc(NS(=O)(=O)[C@H]4CCc5cc(F)cc(F)c5C4)c3C2=O)C(=O)N1,NTXJSYSKGICGHW-FUKCDUGKSA-N,sulfonamide,*[C@H]1CCc2cc(F)cc(F)c2C1,489.5
GLUE0925,O=C1CCC(N2Cc3cccc(NC(=O)C[C@H]4CCc5cc(F)cc(F)c5C4)c3C2=O)C(=O)N1,RRTUYIZNHGLLST-SZQRVLIRSA-N,acetamide,*[C@H]1CCc2cc(F)cc(F)c2C1,467.47
GLUE0926,O=C1CCC(N2Cc3cccc(NC(=O)N[C@H]4CCc5cc(F)cc(F)c5C4)c3C2=O)C(=O)N1,SDDFUBFPXBVNBR-FUKCDUGKSA-N,urea,*[C@H]1CCc2cc(F)cc(F)c2C1,468.46
GLUE0927,O=C1CCC(N2Cc3cccc(NC(=O)O[C@H]4CCc5cc(F)cc(F)c5C4)c3C2=O)C(=O)N1,IQJUIAKQVVNLSA-FUKCDUGKSA-N,carbamate,*[C@H]1CCc2cc(F)cc(F)c2C1,469.44
GLUE0928,O=C1CCC(N2Cc3cccc(NC(=O)c4ccc(O)c5[nH]c(=O)ccc45)c3C2=O)C(=O)N1,NVICHBRYHZWCMR-UHFFFAOYSA-N,amide,*c1ccc(O)c2[nH]c(=O)ccc12,446.42
GLUE0929,O=C1CCC(N2Cc3cccc(NS(=O)(=O)c4ccc(O)c5[nH]c(=O)ccc45)c3C2=O)C(=O)N1,DMPFYVZVKXMQSS-UHFFFAOYSA-N,sulfonamide,*c1ccc(O)c2[nH]c(=O)ccc12,482.47
GLUE0930,O=C1CCC(N2Cc3cccc(NC(=O)Cc4ccc(O)c5[nH]c(=O)ccc45)c3C2=O)C(=O)N1,IEGSFVHNQIUPHO-UHFFFAOYSA-N,acetamide,*c1ccc(O)c2[nH]c(=O)ccc12,460.45
GLUE0931,O=C1CCC(N2Cc3cccc(NC(=O)Nc4ccc(O)c5[nH]c(=O)ccc45)c3C2=O)C(=O)N1,VPXIXKJTOQVUQX-UHFFFAOYSA-N,urea,*c1ccc(O)c2[nH]c(=O)ccc12,461.43
GLUE0932,O=C1CCC(N2Cc3cccc(NC(=O)Oc4ccc(O)c5[nH]c(=O)ccc45)c3C2=O)C(=O)N1,FYGVAKWVSOEREQ-UHFFFAOYSA-N,carbamate,*c1ccc(O)c2[nH]c(=O)ccc12,462.42
GLUE0933,O=C1CCC(N2Cc3cccc(NC(=O)c4cc(O)cc5c4OCC(=O)N5)c3C2=O)C(=O)N1,LAERDEIMQFHNAT-UHFFFAOYSA-N,amide,*c1cc(O)cc2c1OCC(=O)N2,450.41
GLUE0934,O=C1CCC(N2Cc3cccc(NS(=O)(=O)c4cc(O)cc5c4OCC(=O)N5)c3C2=O)C(=O)N1,NZHGZLUFGZKSGJ-UHFFFAOYSA-N,sulfonamide,*c1cc(O)cc2c1OCC(=O)N2,486.46
GLUE0935,O=C1CCC(N2Cc3cccc(NC(=O)Cc4cc(O)cc5c4OCC(=O)N5)c3C2=O)C(=O)N1,WUUCANLNPJDNEJ-UHFFFAOYSA-N,acetamide,*c1cc(O)cc2c1OCC(=O)N2,464.43
GLUE0936,O=C1CCC(N2Cc3cccc(NC(=O)Nc4cc(O)cc5c4OCC(=O)N5)c3C2=O)C(=O)N1,YXBGFXAVLGGPMY-UHFFFAOYSA-N,urea,*c1cc(O)cc2c1OCC(=O)N2,465.42
GLUE0937,O=C1CCC(N2Cc3cccc(NC(=O)Oc4cc(O)cc5c4OCC(=O)N5)c3C2=O)C(=O)N1,OMGFMVGLLUCVDE-UHFFFAOYSA-N,carbamate,*c1cc(O)cc2c1OCC(=O)N2,466.41
GLUE0938,O=C(O)CN1C(=O)[C@@H](C(=O)Nc2cccc3c2C(=O)N(C2CCC(=O)NC2=O)C3)CCc2ccccc21,CJLPFKAQXHYZEX-VTBWFHPJSA-N,amide,*[C@H]1CCc2ccccc2N(CC(=O)O)C1=O,504.5
GLUE0939,O=C(O)CN1C(=O)[C@@H](S(=O)(=O)Nc2cccc3c2C(=O)N(C2CCC(=O)NC2=O)C3)CCc2ccccc21,PIWMZNNHIYSQAX-GGYWPGCISA-N,sulfonamide,*[C@H]1CCc2ccccc2N(CC(=O)O)C1=O,540.55
GLUE0940,O=C(O)CN1C(=O)[C@@H](CC(=O)Nc2cccc3c2C(=O)N(C2CCC(=O)NC2=O)C3)CCc2ccccc21,NQDQILXCRGETCS-QRIPLOBPSA-N,acetamide,*[C@H]1CCc2ccccc2N(CC(=O)O)C1=O,518.53
GLUE0941,O=C(O)CN1C(=O)[C@@H](NC(=O)Nc2cccc3c2C(=O)N(C2CCC(=O)NC2=O)C3)CCc2ccccc21,BLHWDWKQYDKTFL-KKFHFHRHSA-N,urea,*[C@H]1CCc2ccccc2N(CC(=O)O)C1=O,519.51
GLUE0942,O=C(O)CN1C(=O)[C@@H](OC(=O)Nc2cccc3c2C(=O)N(C2CCC(=O)NC2=O)C3)CCc2ccccc21,HCBOMSPRNPWRKV-GGYWPGCISA-N,carbamate,*[C@H]1CCc2ccccc2N(CC(=O)O)C1=O,520.5
GLUE0943,O=C1CCC(N2Cc3cccc(NC(=O)c4cccc5c4CCC(=O)N5)c3C2=O)C(=O)N1,MXQOUPLVNZNICC-UHFFFAOYSA-N,amide,*c1cccc2c1CCC(=O)N2,432.44
GLUE0944,O=C1CCC(N2Cc3cccc(NS(=O)(=O)c4cccc5c4CCC(=O)N5)c3C2=O)C(=O)N1,ZSJGFYUIJUUBGJ-UHFFFAOYSA-N,sulfonamide,*c1cccc2c1CCC(=O)N2,468.49
GLUE0945,O=C1CCC(N2Cc3cccc(NC(=O)Cc4cccc5c4CCC(=O)N5)c3C2=O)C(=O)N1,QCUAICHPLBJURF-UHFFFAOYSA-N,acetamide,*c1cccc2c1CCC(=O)N2,446.46
GLUE0946,O=C1CCC(N2Cc3cccc(NC(=O)Nc4cccc5c4CCC(=O)N5)c3C2=O)C(=O)N1,OLAOFZAFALFJLC-UHFFFAOYSA-N,urea,*c1cccc2c1CCC(=O)N2,447.45
GLUE0947,O=C1CCC(N2Cc3cccc(NC(=O)Oc4cccc5c4CCC(=O)N5)c3C2=O)C(=O)N1,FRAGPHJPDGQOHZ-UHFFFAOYSA-N,carbamate,*c1cccc2c1CCC(=O)N2,448.44
GLUE0948,O=C1CCC(N2Cc3cccc(NC(=O)c4ccc5nccnc5c4Br)c3C2=O)C(=O)N1,SIMIYFGZNSRCQG-UHFFFAOYSA-N,amide,*c1ccc2nccnc2c1Br,494.31
GLUE0949,O=C1CCC(N2Cc3cccc(NS(=O)(=O)c4ccc5nccnc5c4Br)c3C2=O)C(=O)N1,SPDZTUODSYHAAB-UHFFFAOYSA-N,sulfonamide,*c1ccc2nccnc2c1Br,530.36
GLUE0950,O=C1CCC(N2Cc3cccc(NC(=O)Cc4ccc5nccnc5c4Br)c3C2=O)C(=O)N1,SDCBZUZDNWLLJQ-UHFFFAOYSA-N,acetamide,*c1ccc2nccnc2c1Br,508.33
GLUE0951,O=C1CCC(N2Cc3cccc(NC(=O)Nc4ccc5nccnc5c4Br)c3C2=O)C(=O)N1,RKGBMXJQZYDFOY-UHFFFAOYSA-N,urea,*c1ccc2nccnc2c1Br,509.32
GLUE0952,O=C1CCC(N2Cc3cccc(NC(=O)Oc4ccc5nccnc5c4Br)c3C2=O)C(=O)N1,FBZVZHIAHPFWBU-UHFFFAOYSA-N,carbamate,*c1ccc2nccnc2c1Br,510.3
GLUE0953,Nc1cccc2c1CN(C(=O)Nc1cccc3c1C(=O)N(C1CCC(=O)NC1=O)C3)C2=O,WFZPZZUTLNHKRQ-UHFFFAOYSA-N,amide,*N1Cc2c(N)cccc2C1=O,433.42
GLUE0954,Nc1cccc2c1CN(S(=O)(=O)Nc1cccc3c1C(=O)N(C1CCC(=O)NC1=O)C3)C2=O,MYJVRYLSCRPCOT-UHFFFAOYSA-N,sulfonamide,*N1Cc2c(N)cccc2C1=O,469.48
GLUE0955,Nc1cccc2c1CN(CC(=O)Nc1cccc3c1C(=O)N(C1CCC(=O)NC1=O)C3)C2=O,PTPCDSZJHAYWMB-UHFFFAOYSA-N,acetamide,*N1Cc2c(N)cccc2C1=O,447.45
GLUE0956,Nc1cccc2c1CN(NC(=O)Nc1cccc3c1C(=O)N(C1CCC(=O)NC1=O)C3)C2=O,JZCWHTGMTFLJRY-UHFFFAOYSA-N,urea,*N1Cc2c(N)cccc2C1=O,448.44
GLUE0957,Nc1cccc2c1CN(OC(=O)Nc1cccc3c1C(=O)N(C1CCC(=O)NC1=O)C3)C2=O,BMOXIQYOHKRXBP-UHFFFAOYSA-N,carbamate,*N1Cc2c(N)cccc2C1=O,449.42
GLUE0958,O=C1CCC(N2Cc3cccc(NC(=O)c4ccc5[nH]ncc5c4)c3C2=O)C(=O)N1,PKBRNSHVEPRVSC-UHFFFAOYSA-N,amide,*c1ccc2[nH]ncc2c1,403.4
GLUE0959,O=C1CCC(N2Cc3cccc(NS(=O)(=O)c4ccc5[nH]ncc5c4)c3C2=O)C(=O)N1,CIUZRQMOEJYOGK-UHFFFAOYSA-N,sulfonamide,*c1ccc2[nH]ncc2c1,439.45
GLUE0960,O=C1CCC(N2Cc3cccc(NC(=O)Cc4ccc5[nH]ncc5c4)c3C2=O)C(=O)N1,UERAXZFLWVVYQF-UHFFFAOYSA-N,acetamide,*c1ccc2[nH]ncc2c1,417.43
GLUE0961,O=C1CCC(N2Cc3cccc(NC(=O)Nc4ccc5[nH]ncc5c4)c3C2=O)C(=O)N1,MHZRCFYVTJGFSA-UHFFFAOYSA-N,urea,*c1ccc2[nH]ncc2c1,418.41
GLUE0962,O=C1CCC(N2Cc3cccc(NC(=O)Oc4ccc5[nH]ncc5c4)c3C2=O)C(=O)N1,GDJZMDZMBRKNBM-UHFFFAOYSA-N,carbamate,*c1ccc2[nH]ncc2c1,419.4
GLUE0963,O=C1CCC(N2Cc3cccc(NC(=O)[C@@H]4CCCNC4)c3C2=O)C(=O)N1,CXTLERCKXYTVDC-YNODCEANSA-N,amide,*[C@@H]1CCCNC1,370.41
GLUE0964,O=C1CCC(N2Cc3cccc(NS(=O)(=O)[C@@H]4CCCNC4)c3C2=O)C(=O)N1,SQUFJSXGHPCZTC-PUODRLBUSA-N,sulfonamide,*[C@@H]1CCCNC1,406.46
GLUE0965,O=C1CCC(N2Cc3cccc(NC(=O)C[C@@H]4CCCNC4)c3C2=O)C(=O)N1,FDNFMNCPDQAXPR-SFVWDYPZSA-N,acetamide,*[C@@H]1CCCNC1,384.44
GLUE0966,O=C1CCC(N2Cc3cccc(NC(=O)N[C@@H]4CCCNC4)c3C2=O)C(=O)N1,PPZFUJBQTOLBME-PUODRLBUSA-N,urea,*[C@@H]1CCCNC1,385.42
GLUE0967,O=C1CCC(N2Cc3cccc(NC(=O)O[C@@H]4CCCNC4)c3C2=O)C(=O)N1,OBDSTQVITVPZIH-PUODRLBUSA-N,carbamate,*[C@@H]1CCCNC1,386.41
GLUE0968,CC(N)C(=O)C(=O)Nc1cccc2c1C(=O)N(C1CCC(=O)NC1=O)C2,ODRKKHUKQJXVRK-UHFFFAOYSA-N,amide,*C(=O)C(C)N,358.35
GLUE0969,CC(N)C(=O)S(=O)(=O)Nc1cccc2c1C(=O)N(C1CCC(=O)NC1=O)C2,STEVLDQYEWGLRB-UHFFFAOYSA-N,sulfonamide,*C(=O)C(C)N,394.41
GLUE0970,CC(N)C(=O)CC(=O)Nc1cccc2c1C(=O)N(C1CCC(=O)NC1=O)C2,HUIYKIPIZVGJMQ-UHFFFAOYSA-N,acetamide,*C(=O)C(C)N,372.38
GLUE0971,CC(N)C(=O)NC(=O)Nc1cccc2c1C(=O)N(C1CCC(=O)NC1=O)C2,HBIAOUOHFMRTQI-UHFFFAOYSA-N,urea,*C(=O)C(C)N,373.37
GLUE0972,CC(N)C(=O)OC(=O)Nc1cccc2c1C(=O)N(C1CCC(=O)NC1=O)C2,JQOMGHFKZONESF-UHFFFAOYSA-N,carbamate,*C(=O)C(C)N,374.35
GLUE0973,O=C1CCC(N2Cc3cccc(NC(=O)c4nc5ccc(O)cc5s4)c3C2=O)C(=O)N1,MGXDSVXBCCEHBO-UHFFFAOYSA-N,amide,*c1nc2ccc(O)cc2s1,436.45
GLUE0974,O=C1CCC(N2Cc3cccc(NS(=O)(=O)c4nc5ccc(O)cc5s4)c3C2=O)C(=O)N1,JFCGXGRJIKVMDG-UHFFFAOYSA-N,sulfonamide,*c1nc2ccc(O)cc2s1,472.5
GLUE0975,O=C1CCC(N2Cc3cccc(NC(=O)Cc4nc5ccc(O)cc5s4)c3C2=O)C(=O)N1,ZHOXDDITSRTSAO-UHFFFAOYSA-N,acetamide,*c1nc2ccc(O)cc2s1,450.48
GLUE0976,O=C1CCC(N2Cc3cccc(NC(=O)Nc4nc5ccc(O)cc5s4)c3C2=O)C(=O)N1,GEISPDYKVRZAGM-UHFFFAOYSA-N,urea,*c1nc2ccc(O)cc2s1,451.46
GLUE0977,O=C1CCC(N2Cc3cccc(NC(=O)Oc4nc5ccc(O)cc5s4)c3C2=O)C(=O)N1,WSXGPLWGQXTNHZ-UHFFFAOYSA-N,carbamate,*c1nc2ccc(O)cc2s1,452.45
GLUE0978,O=C1CCC(N2Cc3cccc(NC(=O)c4nnn[n-]4)c3C2=O)C(=O)N1,XXGCLDKZNVGODP-UHFFFAOYSA-M,amide,*c1nnn[n-]1,354.31
GLUE0979,O=C1CCC(N2Cc3cccc(NS(=O)(=O)c4nnn[n-]4)c3C2=O)C(=O)N1,FEUDDCMOYNWACQ-UHFFFAOYSA-M,sulfonamide,*c1nnn[n-]1,390.36
GLUE0980,O=C1CCC(N2Cc3cccc(NC(=O)Cc4nnn[n-]4)c3C2=O)C(=O)N1,VUXRJGHONXRPEG-UHFFFAOYSA-M,acetamide,*c1nnn[n-]1,368.33
GLUE0981,O=C1CCC(N2Cc3cccc(NC(=O)Nc4nnn[n-]4)c3C2=O)C(=O)N1,BVXPIEMWJFIESK-UHFFFAOYSA-M,urea,*c1nnn[n-]1,369.32
GLUE0982,O=C1CCC(N2Cc3cccc(NC(=O)Oc4nnn[n-]4)c3C2=O)C(=O)N1,FFQVEBKXBUUYFG-UHFFFAOYSA-M,carbamate,*c1nnn[n-]1,370.31
GLUE0983,Nc1nc(N)c(C(=O)Nc2cccc3c2C(=O)N(C2CCC(=O)NC2=O)C3)nc1Cl,DVXPRDCKHRCKLT-UHFFFAOYSA-N,amide,*c1nc(Cl)c(N)nc1N,429.82
GLUE0984,Nc1nc(N)c(S(=O)(=O)Nc2cccc3c2C(=O)N(C2CCC(=O)NC2=O)C3)nc1Cl,UIMDOLAZIVFFPM-UHFFFAOYSA-N,sulfonamide,*c1nc(Cl)c(N)nc1N,465.88
GLUE0985,Nc1nc(N)c(CC(=O)Nc2cccc3c2C(=O)N(C2CCC(=O)NC2=O)C3)nc1Cl,VMSHNCBVXPRPCC-UHFFFAOYSA-N,acetamide,*c1nc(Cl)c(N)nc1N,443.85
GLUE0986,Nc1nc(N)c(NC(=O)Nc2cccc3c2C(=O)N(C2CCC(=O)NC2=O)C3)nc1Cl,OXRJRAJRTUGILZ-UHFFFAOYSA-N,urea,*c1nc(Cl)c(N)nc1N,444.84
GLUE0987,Nc1nc(N)c(OC(=O)Nc2cccc3c2C(=O)N(C2CCC(=O)NC2=O)C3)nc1Cl,OSIHJGTVWUKNFY-UHFFFAOYSA-N,carbamate,*c1nc(Cl)c(N)nc1N,445.82
GLUE0988,CC(N)C(=O)Nc1cccc2c1C(=O)N(C1CCC(=O)NC1=O)C2,YBRREMKEPVAPMZ-UHFFFAOYSA-N,amide,*C(C)N,330.34
GLUE0989,CC(N)S(=O)(=O)Nc1cccc2c1C(=O)N(C1CCC(=O)NC1=O)C2,JMLUZTGWOWGFFM-UHFFFAOYSA-N,sulfonamide,*C(C)N,366.4
GLUE0990,CC(N)NC(=O)Nc1cccc2c1C(=O)N(C1CCC(=O)NC1=O)C2,MDEWOCMNJBNFIB-UHFFFAOYSA-N,urea,*C(C)N,345.36
GLUE0991,CC(N)OC(=O)Nc1cccc2c1C(=O)N(C1CCC(=O)NC1=O)C2,WKHCKDGTQQJYFZ-UHFFFAOYSA-N,carbamate,*C(C)N,346.34
GLUE0992,Cc1c2ccc(C(=O)Nc3cccc4c3C(=O)N(C3CCC(=O)NC3=O)C4)cc2nn1C,XONXXYCLUJOVHR-UHFFFAOYSA-N,amide,*c1ccc2c(C)n(C)nc2c1,431.45
GLUE0993,Cc1c2ccc(S(=O)(=O)Nc3cccc4c3C(=O)N(C3CCC(=O)NC3=O)C4)cc2nn1C,VDYXIEYKAJZRHK-UHFFFAOYSA-N,sulfonamide,*c1ccc2c(C)n(C)nc2c1,467.51
GLUE0994,Cc1c2ccc(CC(=O)Nc3cccc4c3C(=O)N(C3CCC(=O)NC3=O)C4)cc2nn1C,NSLLFQQRUUGSST-UHFFFAOYSA-N,acetamide,*c1ccc2c(C)n(C)nc2c1,445.48
GLUE0995,Cc1c2ccc(NC(=O)Nc3cccc4c3C(=O)N(C3CCC(=O)NC3=O)C4)cc2nn1C,OCQLUJBAZCQLHB-UHFFFAOYSA-N,urea,*c1ccc2c(C)n(C)nc2c1,446.47
GLUE0996,Cc1c2ccc(OC(=O)Nc3cccc4c3C(=O)N(C3CCC(=O)NC3=O)C4)cc2nn1C,JCRIHTJAZITBHB-UHFFFAOYSA-N,carbamate,*c1ccc2c(C)n(C)nc2c1,447.45
GLUE0997,CC(O)C(=O)Nc1cccc2c1C(=O)N(C1CCC(=O)NC1=O)C2,NADUJGNCWGIEFL-UHFFFAOYSA-N,amide,*C(C)O,331.33
GLUE0998,CC(O)S(=O)(=O)Nc1cccc2c1C(=O)N(C1CCC(=O)NC1=O)C2,PVIJOGLHCMUZQE-UHFFFAOYSA-N,sulfonamide,*C(C)O,367.38
GLUE0999,CC(O)NC(=O)Nc1cccc2c1C(=O)N(C1CCC(=O)NC1=O)C2,KKXPMVDSSWQDJX-UHFFFAOYSA-N,urea,*C(C)O,346.34
GLUE1000,CC(O)OC(=O)Nc1cccc2c1C(=O)N(C1CCC(=O)NC1=O)C2,DKOOTDZMBISXLD-UHFFFAOYSA-N,carbamate,*C(C)O,347.33
GLUE1001,O=C1CN(C(=O)Nc2cccc3c2C(=O)N(C2CCC(=O)NC2=O)C3)CC(=O)N1,LCTNECFCAHOTBV-UHFFFAOYSA-N,amide,*N1CC(=O)NC(=O)C1,399.36
GLUE1002,O=C1CN(S(=O)(=O)Nc2cccc3c2C(=O)N(C2CCC(=O)NC2=O)C3)CC(=O)N1,JTOLVFWXCIWHBJ-UHFFFAOYSA-N,sulfonamide,*N1CC(=O)NC(=O)C1,435.42
GLUE1003,O=C1CN(CC(=O)Nc2cccc3c2C(=O)N(C2CCC(=O)NC2=O)C3)CC(=O)N1,QHOMRSDIALBCIS-UHFFFAOYSA-N,acetamide,*N1CC(=O)NC(=O)C1,413.39
GLUE1004,O=C1CN(NC(=O)Nc2cccc3c2C(=O)N(C2CCC(=O)NC2=O)C3)CC(=O)N1,AKTCKFDYRDPXJP-UHFFFAOYSA-N,urea,*N1CC(=O)NC(=O)C1,414.38
GLUE1005,O=C1CN(OC(=O)Nc2cccc3c2C(=O)N(C2CCC(=O)NC2=O)C3)CC(=O)N1,LJDRBQCRXIXKGA-UHFFFAOYSA-N,carbamate,*N1CC(=O)NC(=O)C1,415.36
GLUE1006,CC(C)(C(=O)O)C(=O)Nc1cccc2c1C(=O)N(C1CCC(=O)NC1=O)C2,PVOFGCTYIBZBQC-UHFFFAOYSA-N,amide,*C(C)(C)C(=O)O,373.37
GLUE1007,CC(C)(C(=O)O)S(=O)(=O)Nc1cccc2c1C(=O)N(C1CCC(=O)NC1=O)C2,ULYYTIJTGDJBJK-UHFFFAOYSA-N,sulfonamide,*C(C)(C)C(=O)O,409.42
GLUE1008,CC(C)(CC(=O)Nc1cccc2c1C(=O)N(C1CCC(=O)NC1=O)C2)C(=O)O,WPXCNQODPDFJKU-UHFFFAOYSA-N,acetamide,*C(C)(C)C(=O)O,387.39
GLUE1009,CC(C)(NC(=O)Nc1cccc2c1C(=O)N(C1CCC(=O)NC1=O)C2)C(=O)O,FLOHYYBOPSXKMC-UHFFFAOYSA-N,urea,*C(C)(C)C(=O)O,388.38
GLUE1010,CC(C)(OC(=O)Nc1cccc2c1C(=O)N(C1CCC(=O)NC1=O)C2)C(=O)O,AKOCJCJQGRPVMB-UHFFFAOYSA-N,carbamate,*C(C)(C)C(=O)O,389.36
GLUE1011,N=C1CCCN1C(=O)Nc1cccc2c1C(=O)N(C1CCC(=O)NC1=O)C2,ULXWYIAJLTUNFC-UHFFFAOYSA-N,amide,*N1CCCC1=N,369.38
GLUE1012,N=C1CCCN1S(=O)(=O)Nc1cccc2c1C(=O)N(C1CCC(=O)NC1=O)C2,OKJSGAQVRXWPAA-UHFFFAOYSA-N,sulfonamide,*N1CCCC1=N,405.44
GLUE1013,N=C1CCCN1CC(=O)Nc1cccc2c1C(=O)N(C1CCC(=O)NC1=O)C2,ILFAMTTVMJAJMG-UHFFFAOYSA-N,acetamide,*N1CCCC1=N,383.41
GLUE1014,N=C1CCCN1NC(=O)Nc1cccc2c1C(=O)N(C1CCC(=O)NC1=O)C2,YEWGEJWHRJBWMT-UHFFFAOYSA-N,urea,*N1CCCC1=N,384.4
GLUE1015,N=C1CCCN1OC(=O)Nc1cccc2c1C(=O)N(C1CCC(=O)NC1=O)C2,GEAJYKJEGSOKKY-UHFFFAOYSA-N,carbamate,*N1CCCC1=N,385.38
GLUE1016,O=C1CCC(N2Cc3cccc(NC(=O)c4[nH]c(=O)[nH]c(=O)c4Cl)c3C2=O)C(=O)N1,QNYKEFNNPYPDCM-UHFFFAOYSA-N,amide,*c1[nH]c(=O)[nH]c(=O)c1Cl,431.79
GLUE1017,O=C1CCC(N2Cc3cccc(NS(=O)(=O)c4[nH]c(=O)[nH]c(=O)c4Cl)c3C2=O)C(=O)N1,OQSUCUKLXPBKPE-UHFFFAOYSA-N,sulfonamide,*c1[nH]c(=O)[nH]c(=O)c1Cl,467.85
GLUE1018,O=C1CCC(N2Cc3cccc(NC(=O)Cc4[nH]c(=O)[nH]c(=O)c4Cl)c3C2=O)C(=O)N1,BANTZQCYAWITCX-UHFFFAOYSA-N,acetamide,*c1[nH]c(=O)[nH]c(=O)c1Cl,445.82
GLUE1019,O=C1CCC(N2Cc3cccc(NC(=O)Nc4[nH]c(=O)[nH]c(=O)c4Cl)c3C2=O)C(=O)N1,UCZNSCQEZJGPDX-UHFFFAOYSA-N,urea,*c1[nH]c(=O)[nH]c(=O)c1Cl,446.81
GLUE1020,O=C1CCC(N2Cc3cccc(NC(=O)Oc4[nH]c(=O)[nH]c(=O)c4Cl)c3C2=O)C(=O)N1,NBFOJTBMXLLBQQ-UHFFFAOYSA-N,carbamate,*c1[nH]c(=O)[nH]c(=O)c1Cl,447.79
GLUE1021,CCCCC[C@H](O)CC(=O)Nc1cccc2c1C(=O)N(C1CCC(=O)NC1=O)C2,NVHDONXKZJNNNK-LBAUFKAWSA-N,amide,*C[C@@H](O)CCCCC,401.46
GLUE1022,CCCCC[C@H](O)CS(=O)(=O)Nc1cccc2c1C(=O)N(C1CCC(=O)NC1=O)C2,LSWITKMVPYENAF-LBAUFKAWSA-N,sulfonamide,*C[C@@H](O)CCCCC,437.52
GLUE1023,CCCCC[C@H](O)CNC(=O)Nc1cccc2c1C(=O)N(C1CCC(=O)NC1=O)C2,XJTJMWCYSYJRTK-LBAUFKAWSA-N,urea,*C[C@@H](O)CCCCC,416.48
GLUE1024,CCCCC[C@H](O)COC(=O)Nc1cccc2c1C(=O)N(C1CCC(=O)NC1=O)C2,IWFJMNSWPPKFGF-LBAUFKAWSA-N,carbamate,*C[C@@H](O)CCCCC,417.46
GLUE1025,Nc1nc(Cl)nc2c1ncn2C(=O)Nc1cccc2c1C(=O)N(C1CCC(=O)NC1=O)C2,CVBRGLFKSPVWLS-UHFFFAOYSA-N,amide,*n1cnc2c(N)nc(Cl)nc21,454.83
GLUE1026,Nc1nc(Cl)nc2c1ncn2S(=O)(=O)Nc1cccc2c1C(=O)N(C1CCC(=O)NC1=O)C2,SFEVSHFMADMBKV-UHFFFAOYSA-N,sulfonamide,*n1cnc2c(N)nc(Cl)nc21,490.89
GLUE1027,Nc1nc(Cl)nc2c1ncn2CC(=O)Nc1cccc2c1C(=O)N(C1CCC(=O)NC1=O)C2,ZFKPKZWDOOSKPL-UHFFFAOYSA-N,acetamide,*n1cnc2c(N)nc(Cl)nc21,468.86
GLUE1028,Nc1nc(Cl)nc2c1ncn2NC(=O)Nc1cccc2c1C(=O)N(C1CCC(=O)NC1=O)C2,UYFZIKSPWZNFLU-UHFFFAOYSA-N,urea,*n1cnc2c(N)nc(Cl)nc21,469.85
GLUE1029,Nc1nc(Cl)nc2c1ncn2OC(=O)Nc1cccc2c1C(=O)N(C1CCC(=O)NC1=O)C2,YBERUXAJFAJUJQ-UHFFFAOYSA-N,carbamate,*n1cnc2c(N)nc(Cl)nc21,470.83
GLUE1030,Cc1ccc(C(=O)Nc2cccc3c2C(=O)N(C2CCC(=O)NC2=O)C3)cc1S(N)(=O)=O,XTNNJSYRWWARNN-UHFFFAOYSA-N,amide,*c1ccc(C)c(S(N)(=O)=O)c1,456.48
GLUE1031,Cc1ccc(S(=O)(=O)Nc2cccc3c2C(=O)N(C2CCC(=O)NC2=O)C3)cc1S(N)(=O)=O,RGWHMNUNVCJTAS-UHFFFAOYSA-N,sulfonamide,*c1ccc(C)c(S(N)(=O)=O)c1,492.54
GLUE1032,Cc1ccc(CC(=O)Nc2cccc3c2C(=O)N(C2CCC(=O)NC2=O)C3)cc1S(N)(=O)=O,WBJMCARVLYYFGZ-UHFFFAOYSA-N,acetamide,*c1ccc(C)c(S(N)(=O)=O)c1,470.51
GLUE1033,Cc1ccc(NC(=O)Nc2cccc3c2C(=O)N(C2CCC(=O)NC2=O)C3)cc1S(N)(=O)=O,YVIPJTPQPCOXBA-UHFFFAOYSA-N,urea,*c1ccc(C)c(S(N)(=O)=O)c1,471.5
GLUE1034,Cc1ccc(OC(=O)Nc2cccc3c2C(=O)N(C2CCC(=O)NC2=O)C3)cc1S(N)(=O)=O,GBBGEEJSUFMVFT-UHFFFAOYSA-N,carbamate,*c1ccc(C)c(S(N)(=O)=O)c1,472.48
GLUE1035,Cc1[nH]c(=O)c(C#N)cc1C(=O)Nc1cccc2c1C(=O)N(C1CCC(=O)NC1=O)C2,DLAFFQRGYRCFOK-UHFFFAOYSA-N,amide,*c1cc(C#N)c(=O)[nH]c1C,419.4
GLUE1036,Cc1[nH]c(=O)c(C#N)cc1S(=O)(=O)Nc1cccc2c1C(=O)N(C1CCC(=O)NC1=O)C2,YOOFKOSZRNNBDK-UHFFFAOYSA-N,sulfonamide,*c1cc(C#N)c(=O)[nH]c1C,455.45
GLUE1037,Cc1[nH]c(=O)c(C#N)cc1CC(=O)Nc1cccc2c1C(=O)N(C1CCC(=O)NC1=O)C2,ZRKOXDIFKNURDV-UHFFFAOYSA-N,acetamide,*c1cc(C#N)c(=O)[nH]c1C,433.42
GLUE1038,Cc1[nH]c(=O)c(C#N)cc1NC(=O)Nc1cccc2c1C(=O)N(C1CCC(=O)NC1=O)C2,YFNVREPIAPBDBV-UHFFFAOYSA-N,urea,*c1cc(C#N)c(=O)[nH]c1C,434.41
GLUE1039,Cc1[nH]c(=O)c(C#N)cc1OC(=O)Nc1cccc2c1C(=O)N(C1CCC(=O)NC1=O)C2,USMYLXRRNWYXGR-UHFFFAOYSA-N,carbamate,*c1cc(C#N)c(=O)[nH]c1C,435.4
GLUE1040,Cc1cccc(Cl)c1C(=O)Nc1cccc2c1C(=O)N(C1CCC(=O)NC1=O)C2,ZSVWQELJFCDCGE-UHFFFAOYSA-N,amide,*c1c(C)cccc1Cl,411.85
GLUE1041,Cc1cccc(Cl)c1S(=O)(=O)Nc1cccc2c1C(=O)N(C1CCC(=O)NC1=O)C2,INZUYLWPQDGJDO-UHFFFAOYSA-N,sulfonamide,*c1c(C)cccc1Cl,447.9
GLUE1042,Cc1cccc(Cl)c1CC(=O)Nc1cccc2c1C(=O)N(C1CCC(=O)NC1=O)C2,JAVUQYPLETXCAK-UHFFFAOYSA-N,acetamide,*c1c(C)cccc1Cl,425.87
GLUE1043,Cc1cccc(Cl)c1NC(=O)Nc1cccc2c1C(=O)N(C1CCC(=O)NC1=O)C2,WISMYPMJSMPDPG-UHFFFAOYSA-N,urea,*c1c(C)cccc1Cl,426.86
GLUE1044,Cc1cccc(Cl)c1OC(=O)Nc1cccc2c1C(=O)N(C1CCC(=O)NC1=O)C2,PBFOYXAGKCCJNO-UHFFFAOYSA-N,carbamate,*c1c(C)cccc1Cl,427.84
GLUE1045,O=C1CCC(N2Cc3cccc(NC(=O)C(CO)CO)c3C2=O)C(=O)N1,UVHZXFZYIYKEPL-UHFFFAOYSA-N,amide,*C(CO)CO,361.35
GLUE1046,O=C1CCC(N2Cc3cccc(NS(=O)(=O)C(CO)CO)c3C2=O)C(=O)N1,BGOPAZKIMGHONL-UHFFFAOYSA-N,sulfonamide,*C(CO)CO,397.41
GLUE1047,O=C1CCC(N2Cc3cccc(NC(=O)CC(CO)CO)c3C2=O)C(=O)N1,KIYDTZGTYIEJJZ-UHFFFAOYSA-N,acetamide,*C(CO)CO,375.38
GLUE1048,O=C1CCC(N2Cc3cccc(NC(=O)NC(CO)CO)c3C2=O)C(=O)N1,MGBRGAWGTWWINA-UHFFFAOYSA-N,urea,*C(CO)CO,376.37
GLUE1049,O=C1CCC(N2Cc3cccc(NC(=O)OC(CO)CO)c3C2=O)C(=O)N1,GELLRTUBTFKGGA-UHFFFAOYSA-N,carbamate,*C(CO)CO,377.35
GLUE1050,N#CCC(=O)C(=O)Nc1cccc2c1C(=O)N(C1CCC(=O)NC1=O)C2,MFORVHSRRZOUSC-UHFFFAOYSA-N,amide,*C(=O)CC#N,354.32
GLUE1051,N#CCC(=O)S(=O)(=O)Nc1cccc2c1C(=O)N(C1CCC(=O)NC1=O)C2,GEPRFQORJKFCDZ-UHFFFAOYSA-N,sulfonamide,*C(=O)CC#N,390.38
GLUE1052,N#CCC(=O)CC(=O)Nc1cccc2c1C(=O)N(C1CCC(=O)NC1=O)C2,VBDULCFMSJBRGP-UHFFFAOYSA-N,acetamide,*C(=O)CC#N,368.35
GLUE1053,N#CCC(=O)NC(=O)Nc1cccc2c1C(=O)N(C1CCC(=O)NC1=O)C2,SHPYMVTZLJEFLN-UHFFFAOYSA-N,urea,*C(=O)CC#N,369.34
GLUE1054,N#CCC(=O)OC(=O)Nc1cccc2c1C(=O)N(C1CCC(=O)NC1=O)C2,UITGYOVVFUTOJT-UHFFFAOYSA-N,carbamate,*C(=O)CC#N,370.32
GLUE1055,CO/N=C(\C(=O)C(=O)Nc1cccc2c1C(=O)N(C1CCC(=O)NC1=O)C2)c1ccco1,QYYFFHPFHLSDDX-ULJHMMPZSA-N,amide,*C(=O)/C(=N\OC)c1ccco1,438.4
GLUE1056,CO/N=C(\C(=O)S(=O)(=O)Nc1cccc2c1C(=O)N(C1CCC(=O)NC1=O)C2)c1ccco1,FDGQFDQVQVTBGE-XLNRJJMWSA-N,sulfonamide,*C(=O)/C(=N\OC)c1ccco1,474.45
GLUE1057,CO/N=C(\C(=O)CC(=O)Nc1cccc2c1C(=O)N(C1CCC(=O)NC1=O)C2)c1ccco1,XWNVALZXLDZZSY-LKUDQCMESA-N,acetamide,*C(=O)/C(=N\OC)c1ccco1,452.42
GLUE1058,CO/N=C(\C(=O)NC(=O)Nc1cccc2c1C(=O)N(C1CCC(=O)NC1=O)C2)c1ccco1,PFFZVDPMRUYWLL-UQQQWYQISA-N,urea,*C(=O)/C(=N\OC)c1ccco1,453.41
GLUE1059,CO/N=C(\C(=O)OC(=O)Nc1cccc2c1C(=O)N(C1CCC(=O)NC1=O)C2)c1ccco1,LTMSDJQBAGZECF-ULJHMMPZSA-N,carbamate,*C(=O)/C(=N\OC)c1ccco1,454.4
GLUE1060,C[N+]1(C(=O)Nc2cccc3c2C(=O)N(C2CCC(=O)NC2=O)C3)CCCC1,BXNTYFMQZCITMZ-UHFFFAOYSA-O,amide,*[N+]1(C)CCCC1,371.42
GLUE1061,C[N+]1(S(=O)(=O)Nc2cccc3c2C(=O)N(C2CCC(=O)NC2=O)C3)CCCC1,IAMVVNYJKLLYCP-UHFFFAOYSA-O,sulfonamide,*[N+]1(C)CCCC1,407.47
GLUE1062,C[N+]1(CC(=O)Nc2cccc3c2C(=O)N(C2CCC(=O)NC2=O)C3)CCCC1,WFLQGAHICCTZDF-UHFFFAOYSA-O,acetamide,*[N+]1(C)CCCC1,385.44
GLUE1063,C[N+]1(NC(=O)Nc2cccc3c2C(=O)N(C2CCC(=O)NC2=O)C3)CCCC1,YQJZPRWFJJTHLA-UHFFFAOYSA-O,urea,*[N+]1(C)CCCC1,386.43
GLUE1064,C[N+]1(OC(=O)Nc2cccc3c2C(=O)N(C2CCC(=O)NC2=O)C3)CCCC1,ZEVKPCFCQNTPEI-UHFFFAOYSA-O,carbamate,*[N+]1(C)CCCC1,387.42
GLUE1065,NC[C@H](O)C(=O)Nc1cccc2c1C(=O)N(C1CCC(=O)NC1=O)C2,KQCVYXMJQQMCKT-DTIOYNMSSA-N,amide,*[C@@H](O)CN,346.34
GLUE1066,NC[C@H](O)S(=O)(=O)Nc1cccc2c1C(=O)N(C1CCC(=O)NC1=O)C2,CYAALOBTJOPAJS-TVKKRMFBSA-N,sulfonamide,*[C@@H](O)CN,382.4
GLUE1067,NC[C@H](O)CC(=O)Nc1cccc2c1C(=O)N(C1CCC(=O)NC1=O)C2,QPIDGYMKTIYVOZ-RWANSRKNSA-N,acetamide,*[C@@H](O)CN,360.37
GLUE1068,NC[C@H](O)NC(=O)Nc1cccc2c1C(=O)N(C1CCC(=O)NC1=O)C2,LXVCGSDMHATTRP-KFJBMODSSA-N,urea,*[C@@H](O)CN,361.36
GLUE1069,NC[C@H](O)OC(=O)Nc1cccc2c1C(=O)N(C1CCC(=O)NC1=O)C2,GQBUEIOEKGUESN-TVKKRMFBSA-N,carbamate,*[C@@H](O)CN,362.34
GLUE1070,O=C1CCC(N2Cc3cccc(NC(=O)C(=O)C(=O)O)c3C2=O)C(=O)N1,KQRFETJMIFNSSC-UHFFFAOYSA-N,amide,*C(=O)C(=O)O,359.29
GLUE1071,O=C1CCC(N2Cc3cccc(NS(=O)(=O)C(=O)C(=O)O)c3C2=O)C(=O)N1,PWRCJDMGLIGDCJ-UHFFFAOYSA-N,sulfonamide,*C(=O)C(=O)O,395.35
GLUE1072,O=C1CCC(N2Cc3cccc(NC(=O)CC(=O)C(=O)O)c3C2=O)C(=O)N1,IXZBMVTZVGFBAG-UHFFFAOYSA-N,acetamide,*C(=O)C(=O)O,373.32
GLUE1073,O=C1CCC(N2Cc3cccc(NC(=O)NC(=O)C(=O)O)c3C2=O)C(=O)N1,IYYOBOMOUQRGDQ-UHFFFAOYSA-N,urea,*C(=O)C(=O)O,374.31
GLUE1074,O=C1CCC(N2Cc3cccc(NC(=O)OC(=O)C(=O)O)c3C2=O)C(=O)N1,UXQVYZHSENGETQ-UHFFFAOYSA-N,carbamate,*C(=O)C(=O)O,375.29
GLUE1075,C/N=C(\NC)NC(=O)Nc1cccc2c1C(=O)N(C1CCC(=O)NC1=O)C2,YPTACVLMWHWHML-UHFFFAOYSA-N,amide,*N/C(=N/C)NC,372.39
GLUE1076,C/N=C(\NC)NS(=O)(=O)Nc1cccc2c1C(=O)N(C1CCC(=O)NC1=O)C2,QOIGGBQSVXBVHK-UHFFFAOYSA-N,sulfonamide,*N/C(=N/C)NC,408.44
GLUE1077,C/N=C(\NC)NCC(=O)Nc1cccc2c1C(=O)N(C1CCC(=O)NC1=O)C2,IKZRSEALBABXGU-UHFFFAOYSA-N,acetamide,*N/C(=N/C)NC,386.41
GLUE1078,C/N=C(\NC)NNC(=O)Nc1cccc2c1C(=O)N(C1CCC(=O)NC1=O)C2,IVEXUTLGHBEMGQ-UHFFFAOYSA-N,urea,*N/C(=N/C)NC,387.4
GLUE1079,C/N=C(\NC)NOC(=O)Nc1cccc2c1C(=O)N(C1CCC(=O)NC1=O)C2,PNTYQNSAKJFCET-UHFFFAOYSA-N,carbamate,*N/C(=N/C)NC,388.38
GLUE1080,O=C1CCC(N2Cc3cccc(NC(=O)c4cccc5c4CCCC5=O)c3C2=O)C(=O)N1,NLJHDYJQVQHXLA-UHFFFAOYSA-N,amide,*c1cccc2c1CCCC2=O,431.45
GLUE1081,O=C1CCC(N2Cc3cccc(NS(=O)(=O)c4cccc5c4CCCC5=O)c3C2=O)C(=O)N1,LUKOZIQWWVMWKR-UHFFFAOYSA-N,sulfonamide,*c1cccc2c1CCCC2=O,467.5
GLUE1082,O=C1CCC(N2Cc3cccc(NC(=O)Cc4cccc5c4CCCC5=O)c3C2=O)C(=O)N1,XPPRFXOOHWFKKP-UHFFFAOYSA-N,acetamide,*c1cccc2c1CCCC2=O,445.48
GLUE1083,O=C1CCC(N2Cc3cccc(NC(=O)Nc4cccc5c4CCCC5=O)c3C2=O)C(=O)N1,ZSIIMFVEAZNDCL-UHFFFAOYSA-N,urea,*c1cccc2c1CCCC2=O,446.46
GLUE1084,O=C1CCC(N2Cc3cccc(NC(=O)Oc4cccc5c4CCCC5=O)c3C2=O)C(=O)N1,OJNBAHQVQUTDAT-UHFFFAOYSA-N,carbamate,*c1cccc2c1CCCC2=O,447.45
GLUE1085,O=C1CCC(N2Cc3cccc(NC(=O)c4ccsc4)c3C2=O)C(=O)N1,XCFDDSRJRCMCDJ-UHFFFAOYSA-N,amide,*c1ccsc1,369.4
GLUE1086,O=C1CCC(N2Cc3cccc(NS(=O)(=O)c4ccsc4)c3C2=O)C(=O)N1,OQZCTPANSYDRMI-UHFFFAOYSA-N,sulfonamide,*c1ccsc1,405.46
GLUE1087,O=C1CCC(N2Cc3cccc(NC(=O)Cc4ccsc4)c3C2=O)C(=O)N1,AXBHDSBWJIRJLZ-UHFFFAOYSA-N,acetamide,*c1ccsc1,383.43
GLUE1088,O=C1CCC(N2Cc3cccc(NC(=O)Nc4ccsc4)c3C2=O)C(=O)N1,RRNMNONONFJSOR-UHFFFAOYSA-N,urea,*c1ccsc1,384.42
GLUE1089,O=C1CCC(N2Cc3cccc(NC(=O)Oc4ccsc4)c3C2=O)C(=O)N1,YFRBISNNFLDKIZ-UHFFFAOYSA-N,carbamate,*c1ccsc1,385.4
GLUE1090,Cc1cccn2c(=O)c(C(=O)Nc3cccc4c3C(=O)N(C3CCC(=O)NC3=O)C4)cnc12,GFBKTRVQBCIXKB-UHFFFAOYSA-N,amide,*c1cnc2c(C)cccn2c1=O,445.44
GLUE1091,Cc1cccn2c(=O)c(S(=O)(=O)Nc3cccc4c3C(=O)N(C3CCC(=O)NC3=O)C4)cnc12,UNGXEIVBYPZKED-UHFFFAOYSA-N,sulfonamide,*c1cnc2c(C)cccn2c1=O,481.49
GLUE1092,Cc1cccn2c(=O)c(CC(=O)Nc3cccc4c3C(=O)N(C3CCC(=O)NC3=O)C4)cnc12,OAELCLWOBDZEQF-UHFFFAOYSA-N,acetamide,*c1cnc2c(C)cccn2c1=O,459.46
GLUE1093,Cc1cccn2c(=O)c(NC(=O)Nc3cccc4c3C(=O)N(C3CCC(=O)NC3=O)C4)cnc12,OVJNTHRQXWHMSH-UHFFFAOYSA-N,urea,*c1cnc2c(C)cccn2c1=O,460.45
GLUE1094,Cc1cccn2c(=O)c(OC(=O)Nc3cccc4c3C(=O)N(C3CCC(=O)NC3=O)C4)cnc12,RLUXXVMLYYVXSA-UHFFFAOYSA-N,carbamate,*c1cnc2c(C)cccn2c1=O,461.43
GLUE1095,N#C[C@@H]1C[C@@H]2C[C@@H]2N1C(=O)Nc1cccc2c1C(=O)N(C1CCC(=O)NC1=O)C2,AFCYHYODWBASAE-RAZXKKGZSA-N,amide,*N1[C@H](C#N)C[C@@H]2C[C@@H]21,393.4
GLUE1096,N#C[C@@H]1C[C@@H]2C[C@@H]2N1S(=O)(=O)Nc1cccc2c1C(=O)N(C1CCC(=O)NC1=O)C2,BHGXGKHNIUJGJN-RAZXKKGZSA-N,sulfonamide,*N1[C@H](C#N)C[C@@H]2C[C@@H]21,429.46
GLUE1097,N#C[C@@H]1C[C@@H]2C[C@@H]2N1CC(=O)Nc1cccc2c1C(=O)N(C1CCC(=O)NC1=O)C2,AADYWOGMAJLSEV-JNPCOIHVSA-N,acetamide,*N1[C@H](C#N)C[C@@H]2C[C@@H]21,407.43
GLUE1098,N#C[C@@H]1C[C@@H]2C[C@@H]2N1NC(=O)Nc1cccc2c1C(=O)N(C1CCC(=O)NC1=O)C2,GAWNCHIUOWDQIU-RAZXKKGZSA-N,urea,*N1[C@H](C#N)C[C@@H]2C[C@@H]21,408.42
GLUE1099,N#C[C@@H]1C[C@@H]2C[C@@H]2N1OC(=O)Nc1cccc2c1C(=O)N(C1CCC(=O)NC1=O)C2,CADIIUFCVAPCIC-RAZXKKGZSA-N,carbamate,*N1[C@H](C#N)C[C@@H]2C[C@@H]21,409.4
GLUE1100,O=C1CCC(N2Cc3cccc(NC(=O)c4c([O-])c5ccccc5oc4=O)c3C2=O)C(=O)N1,RXZQNPDKMPLCLL-UHFFFAOYSA-M,amide,*c1c([O-])c2ccccc2oc1=O,446.4
GLUE1101,O=C1CCC(N2Cc3cccc(NS(=O)(=O)c4c([O-])c5ccccc5oc4=O)c3C2=O)C(=O)N1,STAQPWBHTWGOKC-UHFFFAOYSA-M,sulfonamide,*c1c([O-])c2ccccc2oc1=O,482.45
GLUE1102,O=C1CCC(N2Cc3cccc(NC(=O)Cc4c([O-])c5ccccc5oc4=O)c3C2=O)C(=O)N1,NELJRMTUCRPUIH-UHFFFAOYSA-M,acetamide,*c1c([O-])c2ccccc2oc1=O,460.42
GLUE1103,O=C1CCC(N2Cc3cccc(NC(=O)Nc4c([O-])c5ccccc5oc4=O)c3C2=O)C(=O)N1,JHOQXICUNQBXEE-UHFFFAOYSA-M,urea,*c1c([O-])c2ccccc2oc1=O,461.41
GLUE1104,O=C1CCC(N2Cc3cccc(NC(=O)Oc4c([O-])c5ccccc5oc4=O)c3C2=O)C(=O)N1,HSLVXYXFGZGKLA-UHFFFAOYSA-M,carbamate,*c1c([O-])c2ccccc2oc1=O,462.39
GLUE1105,O=C1CCC(N2Cc3cccc(NC(=O)c4ccoc4)c3C2=O)C(=O)N1,NIUZLZHSKAMKOE-UHFFFAOYSA-N,amide,*c1ccoc1,353.33
GLUE1106,O=C1CCC(N2Cc3cccc(NS(=O)(=O)c4ccoc4)c3C2=O)C(=O)N1,MGDYQMLQTNMQLA-UHFFFAOYSA-N,sulfonamide,*c1ccoc1,389.39
GLUE1107,O=C1CCC(N2Cc3cccc(NC(=O)Cc4ccoc4)c3C2=O)C(=O)N1,VQRGFWGLJLALLN-UHFFFAOYSA-N,acetamide,*c1ccoc1,367.36
GLUE1108,O=C1CCC(N2Cc3cccc(NC(=O)Nc4ccoc4)c3C2=O)C(=O)N1,ZZNMPTYTNCUTPL-UHFFFAOYSA-N,urea,*c1ccoc1,368.35
GLUE1109,O=C1CCC(N2Cc3cccc(NC(=O)Oc4ccoc4)c3C2=O)C(=O)N1,GMLQQUVSHHXWFV-UHFFFAOYSA-N,carbamate,*c1ccoc1,369.33
GLUE1110,O=C1CCC(N2Cc3cccc(NC(=O)c4ncnc5[nH]cnc45)c3C2=O)C(=O)N1,QTPMDPKYLBADML-UHFFFAOYSA-N,amide,*c1ncnc2[nH]cnc12,405.37
GLUE1111,O=C1CCC(N2Cc3cccc(NS(=O)(=O)c4ncnc5[nH]cnc45)c3C2=O)C(=O)N1,BGGNJWZTJXMENQ-UHFFFAOYSA-N,sulfonamide,*c1ncnc2[nH]cnc12,441.43
GLUE1112,O=C1CCC(N2Cc3cccc(NC(=O)Cc4ncnc5[nH]cnc45)c3C2=O)C(=O)N1,JQSNKMKKZWESPZ-UHFFFAOYSA-N,acetamide,*c1ncnc2[nH]cnc12,419.4
GLUE1113,O=C1CCC(N2Cc3cccc(NC(=O)Nc4ncnc5[nH]cnc45)c3C2=O)C(=O)N1,XYTRLMJADSSKBR-UHFFFAOYSA-N,urea,*c1ncnc2[nH]cnc12,420.39
GLUE1114,O=C1CCC(N2Cc3cccc(NC(=O)Oc4ncnc5[nH]cnc45)c3C2=O)C(=O)N1,LFEDEBFECGKBFI-UHFFFAOYSA-N,carbamate,*c1ncnc2[nH]cnc12,421.37
GLUE1115,Nc1ncn(C(=O)Nc2cccc3c2C(=O)N(C2CCC(=O)NC2=O)C3)c(=O)n1,CLCGGORHGWGRIU-UHFFFAOYSA-N,amide,*n1cnc(N)nc1=O,397.35
GLUE1116,Nc1ncn(S(=O)(=O)Nc2cccc3c2C(=O)N(C2CCC(=O)NC2=O)C3)c(=O)n1,BPQFGNIWCYFIHT-UHFFFAOYSA-N,sulfonamide,*n1cnc(N)nc1=O,433.41
GLUE1117,Nc1ncn(CC(=O)Nc2cccc3c2C(=O)N(C2CCC(=O)NC2=O)C3)c(=O)n1,UQCHCUWETLUFTN-UHFFFAOYSA-N,acetamide,*n1cnc(N)nc1=O,411.38
GLUE1118,Nc1ncn(NC(=O)Nc2cccc3c2C(=O)N(C2CCC(=O)NC2=O)C3)c(=O)n1,AIILGCWHCZFZBA-UHFFFAOYSA-N,urea,*n1cnc(N)nc1=O,412.37
GLUE1119,Nc1ncn(OC(=O)Nc2cccc3c2C(=O)N(C2CCC(=O)NC2=O)C3)c(=O)n1,HPYJIDFSPXDPLG-UHFFFAOYSA-N,carbamate,*n1cnc(N)nc1=O,413.35
GLUE1120,CN1CCCN=C1CC(=O)Nc1cccc2c1C(=O)N(C1CCC(=O)NC1=O)C2,YLNZIPQQHBWTFM-UHFFFAOYSA-N,amide,*CC1=NCCCN1C,397.44
GLUE1121,CN1CCCN=C1CS(=O)(=O)Nc1cccc2c1C(=O)N(C1CCC(=O)NC1=O)C2,XSXLUDDTUGAVJQ-UHFFFAOYSA-N,sulfonamide,*CC1=NCCCN1C,433.49
GLUE1122,CN1CCCN=C1CCC(=O)Nc1cccc2c1C(=O)N(C1CCC(=O)NC1=O)C2,KQPLEAQHWJAKHB-UHFFFAOYSA-N,acetamide,*CC1=NCCCN1C,411.46
GLUE1123,CN1CCCN=C1CNC(=O)Nc1cccc2c1C(=O)N(C1CCC(=O)NC1=O)C2,GCVMIVNSFQWNKB-UHFFFAOYSA-N,urea,*CC1=NCCCN1C,412.45
GLUE1124,CN1CCCN=C1COC(=O)Nc1cccc2c1C(=O)N(C1CCC(=O)NC1=O)C2,YCWAUGGJNWNSKN-UHFFFAOYSA-N,carbamate,*CC1=NCCCN1C,413.43
GLUE1125,O=C1CCC(N2Cc3cccc(NC(=O)CCC(CO)CO)c3C2=O)C(=O)N1,RLSYJIVEJOMZSU-UHFFFAOYSA-N,amide,*CCC(CO)CO,389.41
GLUE1126,O=C1CCC(N2Cc3cccc(NS(=O)(=O)CCC(CO)CO)c3C2=O)C(=O)N1,IYBBDBJQUCCYRF-UHFFFAOYSA-N,sulfonamide,*CCC(CO)CO,425.46
GLUE1127,O=C1CCC(N2Cc3cccc(NC(=O)CCCC(CO)CO)c3C2=O)C(=O)N1,JGFHXWQEPKNFKK-UHFFFAOYSA-N,acetamide,*CCC(CO)CO,403.44
GLUE1128,O=C1CCC(N2Cc3cccc(NC(=O)NCCC(CO)CO)c3C2=O)C(=O)N1,PKOSMLMUEPZCJN-UHFFFAOYSA-N,urea,*CCC(CO)CO,404.42
GLUE1129,O=C1CCC(N2Cc3cccc(NC(=O)OCCC(CO)CO)c3C2=O)C(=O)N1,GXIFWZXGHWZMJO-UHFFFAOYSA-N,carbamate,*CCC(CO)CO,405.41
GLUE1130,CN1C2CCCC1CC(C(=O)Nc1cccc3c1C(=O)N(C1CCC(=O)NC1=O)C3)C2,KPFKBMMFAXZPAF-UHFFFAOYSA-N,amide,*C1CC2CCCC(C1)N2C,424.5
GLUE1131,CN1C2CCCC1CC(S(=O)(=O)Nc1cccc3c1C(=O)N(C1CCC(=O)NC1=O)C3)C2,JOVHKTQBIFHDPR-UHFFFAOYSA-N,sulfonamide,*C1CC2CCCC(C1)N2C,460.56
GLUE1132,CN1C2CCCC1CC(CC(=O)Nc1cccc3c1C(=O)N(C1CCC(=O)NC1=O)C3)C2,QQWVHDZRBAYRMH-UHFFFAOYSA-N,acetamide,*C1CC2CCCC(C1)N2C,438.53
GLUE1133,CN1C2CCCC1CC(NC(=O)Nc1cccc3c1C(=O)N(C1CCC(=O)NC1=O)C3)C2,ZFJZQBQBIRWIIK-UHFFFAOYSA-N,urea,*C1CC2CCCC(C1)N2C,439.52
GLUE1134,CN1C2CCCC1CC(OC(=O)Nc1cccc3c1C(=O)N(C1CCC(=O)NC1=O)C3)C2,HHQPCFXXEQHWGA-UHFFFAOYSA-N,carbamate,*C1CC2CCCC(C1)N2C,440.5
GLUE1135,CCCCC(=O)C(=O)Nc1cccc2c1C(=O)N(C1CCC(=O)NC1=O)C2,IUENNSRZGJGJBP-UHFFFAOYSA-N,amide,*C(=O)CCCC,371.39
GLUE1136,CCCCC(=O)S(=O)(=O)Nc1cccc2c1C(=O)N(C1CCC(=O)NC1=O)C2,DSQMCSWOBPHWNS-UHFFFAOYSA-N,sulfonamide,*C(=O)CCCC,407.45
GLUE1137,CCCCC(=O)CC(=O)Nc1cccc2c1C(=O)N(C1CCC(=O)NC1=O)C2,VVHHACRWYXQDPJ-UHFFFAOYSA-N,acetamide,*C(=O)CCCC,385.42
GLUE1138,CCCCC(=O)NC(=O)Nc1cccc2c1C(=O)N(C1CCC(=O)NC1=O)C2,JKGQVPNFAUFFDC-UHFFFAOYSA-N,urea,*C(=O)CCCC,386.41
GLUE1139,CCCCC(=O)OC(=O)Nc1cccc2c1C(=O)N(C1CCC(=O)NC1=O)C2,HOTQZUXFLHMEFC-UHFFFAOYSA-N,carbamate,*C(=O)CCCC,387.39
GLUE1140,CCCCC1=NC2(CCCC2)C(=O)N1C(=O)Nc1cccc2c1C(=O)N(C1CCC(=O)NC1=O)C2,CAIIAABRSAFXSG-UHFFFAOYSA-N,amide,*N1C(=O)C2(CCCC2)N=C1CCCC,479.54
GLUE1141,CCCCC1=NC2(CCCC2)C(=O)N1S(=O)(=O)Nc1cccc2c1C(=O)N(C1CCC(=O)NC1=O)C2,UUUDHWMMILFYNS-UHFFFAOYSA-N,sulfonamide,*N1C(=O)C2(CCCC2)N=C1CCCC,515.59
GLUE1142,CCCCC1=NC2(CCCC2)C(=O)N1CC(=O)Nc1cccc2c1C(=O)N(C1CCC(=O)NC1=O)C2,YSWGATOUTJIEFP-UHFFFAOYSA-N,acetamide,*N1C(=O)C2(CCCC2)N=C1CCCC,493.56
GLUE1143,CCCCC1=NC2(CCCC2)C(=O)N1NC(=O)Nc1cccc2c1C(=O)N(C1CCC(=O)NC1=O)C2,LSUQDCOFQVCTLS-UHFFFAOYSA-N,urea,*N1C(=O)C2(CCCC2)N=C1CCCC,494.55
GLUE1144,CCCCC1=NC2(CCCC2)C(=O)N1OC(=O)Nc1cccc2c1C(=O)N(C1CCC(=O)NC1=O)C2,ZQYLVIPEGROFBN-UHFFFAOYSA-N,carbamate,*N1C(=O)C2(CCCC2)N=C1CCCC,495.54
GLUE1145,Cc1nnc(C(=O)Nc2cccc3c2C(=O)N(C2CCC(=O)NC2=O)C3)o1,ZALWCNQSNMLWOR-UHFFFAOYSA-N,amide,*c1nnc(C)o1,369.34
GLUE1146,Cc1nnc(S(=O)(=O)Nc2cccc3c2C(=O)N(C2CCC(=O)NC2=O)C3)o1,MGXLZGYIQOTSMA-UHFFFAOYSA-N,sulfonamide,*c1nnc(C)o1,405.39
GLUE1147,Cc1nnc(CC(=O)Nc2cccc3c2C(=O)N(C2CCC(=O)NC2=O)C3)o1,QJVLUEMTKWLPKT-UHFFFAOYSA-N,acetamide,*c1nnc(C)o1,383.36
GLUE1148,Cc1nnc(NC(=O)Nc2cccc3c2C(=O)N(C2CCC(=O)NC2=O)C3)o1,FTPSNMNZTASBNN-UHFFFAOYSA-N,urea,*c1nnc(C)o1,384.35
GLUE1149,Cc1nnc(OC(=O)Nc2cccc3c2C(=O)N(C2CCC(=O)NC2=O)C3)o1,HTUOXEXSPMVHPB-UHFFFAOYSA-N,carbamate,*c1nnc(C)o1,385.34
GLUE1150,C#CC1(C(=O)Nc2cccc3c2C(=O)N(C2CCC(=O)NC2=O)C3)CCCCC1,YBMLBSXDUWFEEO-UHFFFAOYSA-N,amide,*C1(C#C)CCCCC1,393.44
GLUE1151,C#CC1(S(=O)(=O)Nc2cccc3c2C(=O)N(C2CCC(=O)NC2=O)C3)CCCCC1,VTJIDTIXUCDKFH-UHFFFAOYSA-N,sulfonamide,*C1(C#C)CCCCC1,429.5
GLUE1152,C#CC1(CC(=O)Nc2cccc3c2C(=O)N(C2CCC(=O)NC2=O)C3)CCCCC1,VGWLRIFZBDQFHZ-UHFFFAOYSA-N,acetamide,*C1(C#C)CCCCC1,407.47
GLUE1153,C#CC1(NC(=O)Nc2cccc3c2C(=O)N(C2CCC(=O)NC2=O)C3)CCCCC1,LHLYHDORUPVCBW-UHFFFAOYSA-N,urea,*C1(C#C)CCCCC1,408.46
GLUE1154,C#CC1(OC(=O)Nc2cccc3c2C(=O)N(C2CCC(=O)NC2=O)C3)CCCCC1,VKLMVWUIKZRPPV-UHFFFAOYSA-N,carbamate,*C1(C#C)CCCCC1,409.44
GLUE1155,C[C@H]1NCc2cc(C(=O)Nc3cccc4c3C(=O)N(C3CCC(=O)NC3=O)C4)ccc21,XUUKXDOHGLOMKY-GKOGFXNCSA-N,amide,*c1ccc2c(c1)CN[C@@H]2C,418.45
GLUE1156,C[C@H]1NCc2cc(S(=O)(=O)Nc3cccc4c3C(=O)N(C3CCC(=O)NC3=O)C4)ccc21,LNFJDEBRTUNPIR-GKOGFXNCSA-N,sulfonamide,*c1ccc2c(c1)CN[C@@H]2C,454.51
GLUE1157,C[C@H]1NCc2cc(CC(=O)Nc3cccc4c3C(=O)N(C3CCC(=O)NC3=O)C4)ccc21,LDBDNZJZTCMDJN-BSOCMFCZSA-N,acetamide,*c1ccc2c(c1)CN[C@@H]2C,432.48
GLUE1158,C[C@H]1NCc2cc(NC(=O)Nc3cccc4c3C(=O)N(C3CCC(=O)NC3=O)C4)ccc21,VXVOGNAXNHMBOL-GKOGFXNCSA-N,urea,*c1ccc2c(c1)CN[C@@H]2C,433.47
GLUE1159,C[C@H]1NCc2cc(OC(=O)Nc3cccc4c3C(=O)N(C3CCC(=O)NC3=O)C4)ccc21,LEWVODKXLOHCCY-GKOGFXNCSA-N,carbamate,*c1ccc2c(c1)CN[C@@H]2C,434.45
GLUE1160,O=C1CCC(N2Cc3cccc(NC(=O)[C@@H]4CCc5[nH]cnc5C4)c3C2=O)C(=O)N1,QLCWDCDVXUCOOT-ZVDHGWRTSA-N,amide,*[C@@H]1CCc2[nH]cnc2C1,407.43
GLUE1161,O=C1CCC(N2Cc3cccc(NS(=O)(=O)[C@@H]4CCc5[nH]cnc5C4)c3C2=O)C(=O)N1,COZQQKLNQGVSHL-ZGTOLYCTSA-N,sulfonamide,*[C@@H]1CCc2[nH]cnc2C1,443.49
GLUE1162,O=C1CCC(N2Cc3cccc(NC(=O)C[C@@H]4CCc5[nH]cnc5C4)c3C2=O)C(=O)N1,VBTLXCGUGMYSLK-MTATWXBHSA-N,acetamide,*[C@@H]1CCc2[nH]cnc2C1,421.46
GLUE1163,O=C1CCC(N2Cc3cccc(NC(=O)N[C@@H]4CCc5[nH]cnc5C4)c3C2=O)C(=O)N1,IKSPXPRXBKXTDX-ZGTOLYCTSA-N,urea,*[C@@H]1CCc2[nH]cnc2C1,422.45
GLUE1164,O=C1CCC(N2Cc3cccc(NC(=O)O[C@@H]4CCc5[nH]cnc5C4)c3C2=O)C(=O)N1,XCVHZIXJZGDBCD-ZGTOLYCTSA-N,carbamate,*[C@@H]1CCc2[nH]cnc2C1,423.43
GLUE1165,O=C1CCC(N2Cc3cccc(NC(=O)C4(O)CCCC4)c3C2=O)C(=O)N1,AGGTYAMHPUZHGT-UHFFFAOYSA-N,amide,*C1(O)CCCC1,371.39
GLUE1166,O=C1CCC(N2Cc3cccc(NS(=O)(=O)C4(O)CCCC4)c3C2=O)C(=O)N1,MCTZVMJGEDWWNA-UHFFFAOYSA-N,sulfonamide,*C1(O)CCCC1,407.45
GLUE1167,O=C1CCC(N2Cc3cccc(NC(=O)CC4(O)CCCC4)c3C2=O)C(=O)N1,KMMMSHHQUAEMFP-UHFFFAOYSA-N,acetamide,*C1(O)CCCC1,385.42
GLUE1168,O=C1CCC(N2Cc3cccc(NC(=O)NC4(O)CCCC4)c3C2=O)C(=O)N1,MXZSYJSVVWHQMG-UHFFFAOYSA-N,urea,*C1(O)CCCC1,386.41
GLUE1169,O=C1CCC(N2Cc3cccc(NC(=O)OC4(O)CCCC4)c3C2=O)C(=O)N1,WTWNOGYCOZJWNA-UHFFFAOYSA-N,carbamate,*C1(O)CCCC1,387.39
GLUE1170,O=C1CCC(N2Cc3cccc(NC(=O)[C@H]4NC[C@H](O)[C@@H](O)[C@H]4O)c3C2=O)C(=O)N1,ASWLCYICDXCFCP-FRZPUMQYSA-N,amide,*[C@H]1NC[C@H](O)[C@@H](O)[C@H]1O,418.41
GLUE1171,O=C1CCC(N2Cc3cccc(NS(=O)(=O)[C@H]4NC[C@H](O)[C@@H](O)[C@H]4O)c3C2=O)C(=O)N1,GGNPDSAAHCDMHT-XZSRYWFISA-N,sulfonamide,*[C@H]1NC[C@H](O)[C@@H](O)[C@H]1O,454.46
GLUE1172,O=C1CCC(N2Cc3cccc(NC(=O)C[C@H]4NC[C@H](O)[C@@H](O)[C@H]4O)c3C2=O)C(=O)N1,NDTLJZOWPHEYMV-QOYUWVAUSA-N,acetamide,*[C@H]1NC[C@H](O)[C@@H](O)[C@H]1O,432.43
GLUE1173,O=C1CCC(N2Cc3cccc(NC(=O)N[C@H]4NC[C@H](O)[C@@H](O)[C@H]4O)c3C2=O)C(=O)N1,ZTCAYMXKKGZFCQ-JYRNQISNSA-N,urea,*[C@H]1NC[C@H](O)[C@@H](O)[C@H]1O,433.42
GLUE1174,O=C1CCC(N2Cc3cccc(NC(=O)O[C@H]4NC[C@H](O)[C@@H](O)[C@H]4O)c3C2=O)C(=O)N1,XCEKGGZDBUAUGB-XZSRYWFISA-N,carbamate,*[C@H]1NC[C@H](O)[C@@H](O)[C@H]1O,434.41
GLUE1175,O=C1CCC(N2Cc3cccc(NC(=O)c4ccccc4O)c3C2=O)C(=O)N1,QBNDJTHIDJAEQM-UHFFFAOYSA-N,amide,*c1ccccc1O,379.37
GLUE1176,O=C1CCC(N2Cc3cccc(NS(=O)(=O)c4ccccc4O)c3C2=O)C(=O)N1,KOESAUXGHMPACP-UHFFFAOYSA-N,sulfonamide,*c1ccccc1O,415.43
GLUE1177,O=C1CCC(N2Cc3cccc(NC(=O)Cc4ccccc4O)c3C2=O)C(=O)N1,QDPZSTPCRDGJTN-UHFFFAOYSA-N,acetamide,*c1ccccc1O,393.4
GLUE1178,O=C1CCC(N2Cc3cccc(NC(=O)Nc4ccccc4O)c3C2=O)C(=O)N1,NMPVEHBERZYZQD-UHFFFAOYSA-N,urea,*c1ccccc1O,394.39
GLUE1179,O=C1CCC(N2Cc3cccc(NC(=O)Oc4ccccc4O)c3C2=O)C(=O)N1,ATKXKUGRWPHSCM-UHFFFAOYSA-N,carbamate,*c1ccccc1O,395.37
GLUE1180,O=C1CCC(N2Cc3cccc(NC(=O)c4cccc([131I])c4)c3C2=O)C(=O)N1,YIOOWEPAUGNBBW-TWYGLIRSSA-N,amide,*c1cccc([131I])c1,493.27
GLUE1181,O=C1CCC(N2Cc3cccc(NS(=O)(=O)c4cccc([131I])c4)c3C2=O)C(=O)N1,RKJRLQOXACWRBT-URWOLLDTSA-N,sulfonamide,*c1cccc([131I])c1,529.33
GLUE1182,O=C1CCC(N2Cc3cccc(NC(=O)Cc4cccc([131I])c4)c3C2=O)C(=O)N1,WAHOPLISRLNGMO-ITIOBDTJSA-N,acetamide,*c1cccc([131I])c1,507.3
GLUE1183,O=C1CCC(N2Cc3cccc(NC(=O)Nc4cccc([131I])c4)c3C2=O)C(=O)N1,BWKHNOIORZFPGH-TWYGLIRSSA-N,urea,*c1cccc([131I])c1,508.29
GLUE1184,O=C1CCC(N2Cc3cccc(NC(=O)Oc4cccc([131I])c4)c3C2=O)C(=O)N1,MHEHPHGXRAUSEA-TWYGLIRSSA-N,carbamate,*c1cccc([131I])c1,509.27
GLUE1185,CC(C(=O)Nc1cccc2c1C(=O)N(C1CCC(=O)NC1=O)C2)C(C)(C)C,BLTGUCYFZIJPCX-UHFFFAOYSA-N,amide,*C(C)C(C)(C)C,371.44
GLUE1186,CC(C(C)(C)C)S(=O)(=O)Nc1cccc2c1C(=O)N(C1CCC(=O)NC1=O)C2,LGIAJLDLIHMZKQ-UHFFFAOYSA-N,sulfonamide,*C(C)C(C)(C)C,407.49
GLUE1187,CC(CC(=O)Nc1cccc2c1C(=O)N(C1CCC(=O)NC1=O)C2)C(C)(C)C,BEIULCYYLNMTMM-UHFFFAOYSA-N,acetamide,*C(C)C(C)(C)C,385.46
GLUE1188,CC(NC(=O)Nc1cccc2c1C(=O)N(C1CCC(=O)NC1=O)C2)C(C)(C)C,ZYSXWVIWSPKFGR-UHFFFAOYSA-N,urea,*C(C)C(C)(C)C,386.45
GLUE1189,CC(OC(=O)Nc1cccc2c1C(=O)N(C1CCC(=O)NC1=O)C2)C(C)(C)C,HUBQOVIWFRBZSA-UHFFFAOYSA-N,carbamate,*C(C)C(C)(C)C,387.44
GLUE1190,Nc1c(Cl)cc(C(=O)Nc2cccc3c2C(=O)N(C2CCC(=O)NC2=O)C3)c2c1CCO2,HJWXCTMLGIRAJI-UHFFFAOYSA-N,amide,*c1cc(Cl)c(N)c2c1OCC2,454.87
GLUE1191,Nc1c(Cl)cc(S(=O)(=O)Nc2cccc3c2C(=O)N(C2CCC(=O)NC2=O)C3)c2c1CCO2,YPMROFZYBODIRC-UHFFFAOYSA-N,sulfonamide,*c1cc(Cl)c(N)c2c1OCC2,490.93
GLUE1192,Nc1c(Cl)cc(CC(=O)Nc2cccc3c2C(=O)N(C2CCC(=O)NC2=O)C3)c2c1CCO2,ZRVCKQXWRGNEQV-UHFFFAOYSA-N,acetamide,*c1cc(Cl)c(N)c2c1OCC2,468.9
GLUE1193,Nc1c(Cl)cc(NC(=O)Nc2cccc3c2C(=O)N(C2CCC(=O)NC2=O)C3)c2c1CCO2,FRLLCHFBUWTQAN-UHFFFAOYSA-N,urea,*c1cc(Cl)c(N)c2c1OCC2,469.89
GLUE1194,Nc1c(Cl)cc(OC(=O)Nc2cccc3c2C(=O)N(C2CCC(=O)NC2=O)C3)c2c1CCO2,GTPWGOIDYMYLRE-UHFFFAOYSA-N,carbamate,*c1cc(Cl)c(N)c2c1OCC2,470.87
GLUE1195,O=C1CCC(N2Cc3cccc(NC(=O)c4ccc(Br)cc4Cl)c3C2=O)C(=O)N1,FIEGDTAMDSVSJC-UHFFFAOYSA-N,amide,*c1ccc(Br)cc1Cl,476.71
GLUE1196,O=C1CCC(N2Cc3cccc(NS(=O)(=O)c4ccc(Br)cc4Cl)c3C2=O)C(=O)N1,DEXOLIGDQKAJBG-UHFFFAOYSA-N,sulfonamide,*c1ccc(Br)cc1Cl,512.77
GLUE1197,O=C1CCC(N2Cc3cccc(NC(=O)Cc4ccc(Br)cc4Cl)c3C2=O)C(=O)N1,VBQMRRSRFQRPOP-UHFFFAOYSA-N,acetamide,*c1ccc(Br)cc1Cl,490.74
GLUE1198,O=C1CCC(N2Cc3cccc(NC(=O)Nc4ccc(Br)cc4Cl)c3C2=O)C(=O)N1,DUBPBVFQVSLHKL-UHFFFAOYSA-N,urea,*c1ccc(Br)cc1Cl,491.73
GLUE1199,O=C1CCC(N2Cc3cccc(NC(=O)Oc4ccc(Br)cc4Cl)c3C2=O)C(=O)N1,SEGHPSOHPSHYHJ-UHFFFAOYSA-N,carbamate,*c1ccc(Br)cc1Cl,492.71
GLUE1200,CCC(CC)C(=O)Nc1cccc2c1C(=O)N(C1CCC(=O)NC1=O)C2,IPGCWKXFZMVPEE-UHFFFAOYSA-N,amide,*C(CC)CC,357.41
GLUE1201,CCC(CC)S(=O)(=O)Nc1cccc2c1C(=O)N(C1CCC(=O)NC1=O)C2,MXVAIAVXPUEVJF-UHFFFAOYSA-N,sulfonamide,*C(CC)CC,393.47
GLUE1202,CCC(CC)CC(=O)Nc1cccc2c1C(=O)N(C1CCC(=O)NC1=O)C2,JTPSRPDEHPRQBT-UHFFFAOYSA-N,acetamide,*C(CC)CC,371.44
GLUE1203,CCC(CC)NC(=O)Nc1cccc2c1C(=O)N(C1CCC(=O)NC1=O)C2,PIQXJJMTOKUYLR-UHFFFAOYSA-N,urea,*C(CC)CC,372.43
GLUE1204,CCC(CC)OC(=O)Nc1cccc2c1C(=O)N(C1CCC(=O)NC1=O)C2,QNWBCTKGDUICLU-UHFFFAOYSA-N,carbamate,*C(CC)CC,373.41
GLUE1205,C[N+]1(C)CCCC(C(=O)Nc2cccc3c2C(=O)N(C2CCC(=O)NC2=O)C3)C1,NXXDDBLFCDJNKJ-UHFFFAOYSA-O,amide,*C1CCC[N+](C)(C)C1,399.47
GLUE1206,C[N+]1(C)CCCC(S(=O)(=O)Nc2cccc3c2C(=O)N(C2CCC(=O)NC2=O)C3)C1,CEJXOUYIPWPLGC-UHFFFAOYSA-O,sulfonamide,*C1CCC[N+](C)(C)C1,435.53
GLUE1207,C[N+]1(C)CCCC(CC(=O)Nc2cccc3c2C(=O)N(C2CCC(=O)NC2=O)C3)C1,QONGDFDXHGABND-UHFFFAOYSA-O,acetamide,*C1CCC[N+](C)(C)C1,413.5
GLUE1208,C[N+]1(C)CCCC(NC(=O)Nc2cccc3c2C(=O)N(C2CCC(=O)NC2=O)C3)C1,DNZHOVPVRFFFOR-UHFFFAOYSA-O,urea,*C1CCC[N+](C)(C)C1,414.49
GLUE1209,C[N+]1(C)CCCC(OC(=O)Nc2cccc3c2C(=O)N(C2CCC(=O)NC2=O)C3)C1,JZQFNJHUSBINEI-UHFFFAOYSA-O,carbamate,*C1CCC[N+](C)(C)C1,415.47
GLUE1210,N#C[C@@H]1CCCN1C(=O)Nc1cccc2c1C(=O)N(C1CCC(=O)NC1=O)C2,FNABXLWGIOUPJQ-NBFOIZRFSA-N,amide,*N1CCC[C@H]1C#N,381.39
GLUE1211,N#C[C@@H]1CCCN1S(=O)(=O)Nc1cccc2c1C(=O)N(C1CCC(=O)NC1=O)C2,OWDYMONYOVRDAN-NBFOIZRFSA-N,sulfonamide,*N1CCC[C@H]1C#N,417.45
GLUE1212,N#C[C@@H]1CCCN1CC(=O)Nc1cccc2c1C(=O)N(C1CCC(=O)NC1=O)C2,KJONZAXIASHBNS-CFMCSPIPSA-N,acetamide,*N1CCC[C@H]1C#N,395.42
GLUE1213,N#C[C@@H]1CCCN1NC(=O)Nc1cccc2c1C(=O)N(C1CCC(=O)NC1=O)C2,DIJJHERGHMRISD-NBFOIZRFSA-N,urea,*N1CCC[C@H]1C#N,396.41
GLUE1214,N#C[C@@H]1CCCN1OC(=O)Nc1cccc2c1C(=O)N(C1CCC(=O)NC1=O)C2,QQEZOYDCKZMNKU-NBFOIZRFSA-N,carbamate,*N1CCC[C@H]1C#N,397.39
GLUE1215,O=C([O-])CCS(=O)(=O)Nc1cccc2c1C(=O)N(C1CCC(=O)NC1=O)C2,YTTVCIMMPMDPOO-UHFFFAOYSA-M,sulfonamide,*CCC(=O)[O-],394.39
GLUE1216,O=C([O-])CCCC(=O)Nc1cccc2c1C(=O)N(C1CCC(=O)NC1=O)C2,GDKPXGOUEULVFF-UHFFFAOYSA-M,acetamide,*CCC(=O)[O-],372.36
GLUE1217,O=C([O-])CCNC(=O)Nc1cccc2c1C(=O)N(C1CCC(=O)NC1=O)C2,WFTQETMXEXYPHV-UHFFFAOYSA-M,urea,*CCC(=O)[O-],373.35
GLUE1218,O=C([O-])CCOC(=O)Nc1cccc2c1C(=O)N(C1CCC(=O)NC1=O)C2,GYYARSXSRWHEIV-UHFFFAOYSA-M,carbamate,*CCC(=O)[O-],374.33
GLUE1219,N=C(N)c1ccc(C(=O)Nc2cccc3c2C(=O)N(C2CCC(=O)NC2=O)C3)c(O)c1,DDQIEXPXCZSGBZ-UHFFFAOYSA-N,amide,*c1ccc(C(=N)N)cc1O,421.41
GLUE1220,N=C(N)c1ccc(S(=O)(=O)Nc2cccc3c2C(=O)N(C2CCC(=O)NC2=O)C3)c(O)c1,PXKABHJTBJZJKB-UHFFFAOYSA-N,sulfonamide,*c1ccc(C(=N)N)cc1O,457.47
GLUE1221,N=C(N)c1ccc(CC(=O)Nc2cccc3c2C(=O)N(C2CCC(=O)NC2=O)C3)c(O)c1,ASVXIHAXTDRSNW-UHFFFAOYSA-N,acetamide,*c1ccc(C(=N)N)cc1O,435.44
GLUE1222,N=C(N)c1ccc(NC(=O)Nc2cccc3c2C(=O)N(C2CCC(=O)NC2=O)C3)c(O)c1,MBYQUURUDCYWTL-UHFFFAOYSA-N,urea,*c1ccc(C(=N)N)cc1O,436.43
GLUE1223,N=C(N)c1ccc(OC(=O)Nc2cccc3c2C(=O)N(C2CCC(=O)NC2=O)C3)c(O)c1,QFOSJOQUBIVVLQ-UHFFFAOYSA-N,carbamate,*c1ccc(C(=N)N)cc1O,437.41
GLUE1224,C[C@@](CC(=O)Nc1cccc2c1C(=O)N(C1CCC(=O)NC1=O)C2)(NN)C(=O)O,HXCOWHLKDQPOCK-MCEAHNFKSA-N,amide,*C[C@](C)(NN)C(=O)O,403.4
GLUE1225,C[C@@](CS(=O)(=O)Nc1cccc2c1C(=O)N(C1CCC(=O)NC1=O)C2)(NN)C(=O)O,DMOKTYQUQYIFLI-KLLZUTDZSA-N,sulfonamide,*C[C@](C)(NN)C(=O)O,439.45
GLUE1226,C[C@@](CCC(=O)Nc1cccc2c1C(=O)N(C1CCC(=O)NC1=O)C2)(NN)C(=O)O,LCCDEZUYRVMBBL-RKLCOFROSA-N,acetamide,*C[C@](C)(NN)C(=O)O,417.42
GLUE1227,C[C@@](CNC(=O)Nc1cccc2c1C(=O)N(C1CCC(=O)NC1=O)C2)(NN)C(=O)O,PTCNHUXDGNSPJV-MCEAHNFKSA-N,urea,*C[C@](C)(NN)C(=O)O,418.41
GLUE1228,C[C@@](COC(=O)Nc1cccc2c1C(=O)N(C1CCC(=O)NC1=O)C2)(NN)C(=O)O,JEPXXKIDRFPDFD-MCEAHNFKSA-N,carbamate,*C[C@](C)(NN)C(=O)O,419.39
GLUE1229,Cc1ccc(C(=O)Nc2cccc3c2C(=O)N(C2CCC(=O)NC2=O)C3)cc1C,GOXWRAXQFJPVCX-UHFFFAOYSA-N,amide,*c1ccc(C)c(C)c1,391.43
GLUE1230,Cc1ccc(S(=O)(=O)Nc2cccc3c2C(=O)N(C2CCC(=O)NC2=O)C3)cc1C,KVKHOTJXNFMSIO-UHFFFAOYSA-N,sulfonamide,*c1ccc(C)c(C)c1,427.48
GLUE1231,Cc1ccc(CC(=O)Nc2cccc3c2C(=O)N(C2CCC(=O)NC2=O)C3)cc1C,MJDMKRDMKMYENG-UHFFFAOYSA-N,acetamide,*c1ccc(C)c(C)c1,405.45
GLUE1232,Cc1ccc(NC(=O)Nc2cccc3c2C(=O)N(C2CCC(=O)NC2=O)C3)cc1C,PPOXTDMHAJXWNU-UHFFFAOYSA-N,urea,*c1ccc(C)c(C)c1,406.44
GLUE1233,Cc1ccc(OC(=O)Nc2cccc3c2C(=O)N(C2CCC(=O)NC2=O)C3)cc1C,MLTUCFBUTLVWOT-UHFFFAOYSA-N,carbamate,*c1ccc(C)c(C)c1,407.43
GLUE1234,O=C1CCC(N2Cc3cccc(NC(=O)C(=O)NO)c3C2=O)C(=O)N1,PEKXDJJUQRJMLU-UHFFFAOYSA-N,amide,*C(=O)NO,346.3
GLUE1235,O=C1CCC(N2Cc3cccc(NS(=O)(=O)C(=O)NO)c3C2=O)C(=O)N1,CREMNRJYHKTOMM-UHFFFAOYSA-N,sulfonamide,*C(=O)NO,382.35
GLUE1236,O=C1CCC(N2Cc3cccc(NC(=O)NC(=O)NO)c3C2=O)C(=O)N1,BLQSZSMLNWJIKA-UHFFFAOYSA-N,urea,*C(=O)NO,361.31
GLUE1237,O=C1CCC(N2Cc3cccc(NC(=O)OC(=O)NO)c3C2=O)C(=O)N1,GTNNQMAOHPMYDY-UHFFFAOYSA-N,carbamate,*C(=O)NO,362.3
GLUE1238,CC1NCCOC1C(=O)Nc1cccc2c1C(=O)N(C1CCC(=O)NC1=O)C2,CKBMUQXZKMDPIV-UHFFFAOYSA-N,amide,*C1OCCNC1C,386.41
GLUE1239,CC1NCCOC1S(=O)(=O)Nc1cccc2c1C(=O)N(C1CCC(=O)NC1=O)C2,KRWIHEWMFDMPPI-UHFFFAOYSA-N,sulfonamide,*C1OCCNC1C,422.46
GLUE1240,CC1NCCOC1CC(=O)Nc1cccc2c1C(=O)N(C1CCC(=O)NC1=O)C2,JKALZBVSUPWYCU-UHFFFAOYSA-N,acetamide,*C1OCCNC1C,400.44
GLUE1241,CC1NCCOC1NC(=O)Nc1cccc2c1C(=O)N(C1CCC(=O)NC1=O)C2,QYSVKRGPYZFMLZ-UHFFFAOYSA-N,urea,*C1OCCNC1C,401.42
GLUE1242,CC1NCCOC1OC(=O)Nc1cccc2c1C(=O)N(C1CCC(=O)NC1=O)C2,GYLYTAHXLMQDJL-UHFFFAOYSA-N,carbamate,*C1OCCNC1C,402.41
GLUE1243,CNNCC(=O)Nc1cccc2c1C(=O)N(C1CCC(=O)NC1=O)C2,KKMZTPOWHMUJMI-UHFFFAOYSA-N,amide,*CNNC,345.36
GLUE1244,CNNCS(=O)(=O)Nc1cccc2c1C(=O)N(C1CCC(=O)NC1=O)C2,YYJPGUWFMZLRAI-UHFFFAOYSA-N,sulfonamide,*CNNC,381.41
GLUE1245,CNNCCC(=O)Nc1cccc2c1C(=O)N(C1CCC(=O)NC1=O)C2,PFTQOHHJZXEVKR-UHFFFAOYSA-N,acetamide,*CNNC,359.39
GLUE1246,CNNCNC(=O)Nc1cccc2c1C(=O)N(C1CCC(=O)NC1=O)C2,PWLHSZHHHROJGE-UHFFFAOYSA-N,urea,*CNNC,360.37
GLUE1247,CNNCOC(=O)Nc1cccc2c1C(=O)N(C1CCC(=O)NC1=O)C2,OMELSGBQFBIELK-UHFFFAOYSA-N,carbamate,*CNNC,361.36
GLUE1248,O=C1CCC(N2Cc3cccc(NC(=O)c4ccc5c(c4)CCO5)c3C2=O)C(=O)N1,UYYHMOCPGBWOFB-UHFFFAOYSA-N,amide,*c1ccc2c(c1)CCO2,405.41
GLUE1249,O=C1CCC(N2Cc3cccc(NS(=O)(=O)c4ccc5c(c4)CCO5)c3C2=O)C(=O)N1,PWSAGNYVQGTZCC-UHFFFAOYSA-N,sulfonamide,*c1ccc2c(c1)CCO2,441.47
GLUE1250,O=C1CCC(N2Cc3cccc(NC(=O)Cc4ccc5c(c4)CCO5)c3C2=O)C(=O)N1,KJCYEOHCTRREOI-UHFFFAOYSA-N,acetamide,*c1ccc2c(c1)CCO2,419.44
GLUE1251,O=C1CCC(N2Cc3cccc(NC(=O)Nc4ccc5c(c4)CCO5)c3C2=O)C(=O)N1,BJFZJNNOUUYRFY-UHFFFAOYSA-N,urea,*c1ccc2c(c1)CCO2,420.43
GLUE1252,O=C1CCC(N2Cc3cccc(NC(=O)Oc4ccc5c(c4)CCO5)c3C2=O)C(=O)N1,ISSDOHIWLUQWAD-UHFFFAOYSA-N,carbamate,*c1ccc2c(c1)CCO2,421.41
GLUE1253,O=C1CCC(N2Cc3cccc(NC(=O)c4ccc5c(c4)CCC5)c3C2=O)C(=O)N1,DEUXASVCVKQKLV-UHFFFAOYSA-N,amide,*c1ccc2c(c1)CCC2,403.44
GLUE1254,O=C1CCC(N2Cc3cccc(NS(=O)(=O)c4ccc5c(c4)CCC5)c3C2=O)C(=O)N1,URPJKFMZODIQNO-UHFFFAOYSA-N,sulfonamide,*c1ccc2c(c1)CCC2,439.49
GLUE1255,O=C1CCC(N2Cc3cccc(NC(=O)Cc4ccc5c(c4)CCC5)c3C2=O)C(=O)N1,GXCULIIGOXDWEJ-UHFFFAOYSA-N,acetamide,*c1ccc2c(c1)CCC2,417.47
GLUE1256,O=C1CCC(N2Cc3cccc(NC(=O)Nc4ccc5c(c4)CCC5)c3C2=O)C(=O)N1,CDEYKZYBKBRZSA-UHFFFAOYSA-N,urea,*c1ccc2c(c1)CCC2,418.45
GLUE1257,O=C1CCC(N2Cc3cccc(NC(=O)Oc4ccc5c(c4)CCC5)c3C2=O)C(=O)N1,PSWWALMGUXHDPW-UHFFFAOYSA-N,carbamate,*c1ccc2c(c1)CCC2,419.44
GLUE1258,CC(C)(CO)[C@@H](O)C(=O)C(=O)Nc1cccc2c1C(=O)N(C1CCC(=O)NC1=O)C2,FMPNXYYOGYBAMY-INSVYWFGSA-N,amide,*C(=O)[C@H](O)C(C)(C)CO,417.42
GLUE1259,CC(C)(CO)[C@@H](O)C(=O)S(=O)(=O)Nc1cccc2c1C(=O)N(C1CCC(=O)NC1=O)C2,KECPUCDACFXAJE-CVRLYYSRSA-N,sulfonamide,*C(=O)[C@H](O)C(C)(C)CO,453.47
GLUE1260,CC(C)(CO)[C@@H](O)C(=O)CC(=O)Nc1cccc2c1C(=O)N(C1CCC(=O)NC1=O)C2,IIACFYLRNKXWQW-UWBLVGDVSA-N,acetamide,*C(=O)[C@H](O)C(C)(C)CO,431.45
GLUE1261,CC(C)(CO)[C@@H](O)C(=O)NC(=O)Nc1cccc2c1C(=O)N(C1CCC(=O)NC1=O)C2,HBEPSCWCDXQSJH-CVRLYYSRSA-N,urea,*C(=O)[C@H](O)C(C)(C)CO,432.43
GLUE1262,CC(C)(CO)[C@@H](O)C(=O)OC(=O)Nc1cccc2c1C(=O)N(C1CCC(=O)NC1=O)C2,JGPBKDDVUNMRLY-CVRLYYSRSA-N,carbamate,*C(=O)[C@H](O)C(C)(C)CO,433.42
GLUE1263,N[C@@H]1CCCCN(C(=O)Nc2cccc3c2C(=O)N(C2CCC(=O)NC2=O)C3)C1,RPUNUEACIMOOFR-AFYYWNPRSA-N,amide,*N1CCCC[C@@H](N)C1,399.45
GLUE1264,N[C@@H]1CCCCN(S(=O)(=O)Nc2cccc3c2C(=O)N(C2CCC(=O)NC2=O)C3)C1,GRAANEDEWBASGJ-AFYYWNPRSA-N,sulfonamide,*N1CCCC[C@@H](N)C1,435.51
GLUE1265,N[C@@H]1CCCCN(CC(=O)Nc2cccc3c2C(=O)N(C2CCC(=O)NC2=O)C3)C1,NZQYGWXFZKRBEU-IURRXHLWSA-N,acetamide,*N1CCCC[C@@H](N)C1,413.48
GLUE1266,N[C@@H]1CCCCN(NC(=O)Nc2cccc3c2C(=O)N(C2CCC(=O)NC2=O)C3)C1,OJCOLNMTKRQQLY-AFYYWNPRSA-N,urea,*N1CCCC[C@@H](N)C1,414.47
GLUE1267,N[C@@H]1CCCCN(OC(=O)Nc2cccc3c2C(=O)N(C2CCC(=O)NC2=O)C3)C1,WSACMGQQBLFYNI-AFYYWNPRSA-N,carbamate,*N1CCCC[C@@H](N)C1,415.45
GLUE1268,O=C([O-])CCC(=O)C(=O)Nc1cccc2c1C(=O)N(C1CCC(=O)NC1=O)C2,AIRYGYQPTVLHSA-UHFFFAOYSA-M,amide,*C(=O)CCC(=O)[O-],386.34
GLUE1269,O=C([O-])CCC(=O)S(=O)(=O)Nc1cccc2c1C(=O)N(C1CCC(=O)NC1=O)C2,XKYCAKAYAFANIV-UHFFFAOYSA-M,sulfonamide,*C(=O)CCC(=O)[O-],422.4
GLUE1270,O=C([O-])CCC(=O)CC(=O)Nc1cccc2c1C(=O)N(C1CCC(=O)NC1=O)C2,HWMPGAHFZHADQM-UHFFFAOYSA-M,acetamide,*C(=O)CCC(=O)[O-],400.37
GLUE1271,O=C([O-])CCC(=O)NC(=O)Nc1cccc2c1C(=O)N(C1CCC(=O)NC1=O)C2,GEZAVXCKLVHRIW-UHFFFAOYSA-M,urea,*C(=O)CCC(=O)[O-],401.36
GLUE1272,O=C([O-])CCC(=O)OC(=O)Nc1cccc2c1C(=O)N(C1CCC(=O)NC1=O)C2,BDVKRIUCCRQUIW-UHFFFAOYSA-M,carbamate,*C(=O)CCC(=O)[O-],402.34
GLUE1273,C[N+]1(C)CCN(C(=O)Nc2cccc3c2C(=O)N(C2CCC(=O)NC2=O)C3)CC1,CICCCOLQXNOGOH-UHFFFAOYSA-O,amide,*N1CC[N+](C)(C)CC1,400.46
GLUE1274,C[N+]1(C)CCN(S(=O)(=O)Nc2cccc3c2C(=O)N(C2CCC(=O)NC2=O)C3)CC1,UREIAQDJSANPEQ-UHFFFAOYSA-O,sulfonamide,*N1CC[N+](C)(C)CC1,436.51
GLUE1275,C[N+]1(C)CCN(CC(=O)Nc2cccc3c2C(=O)N(C2CCC(=O)NC2=O)C3)CC1,SWFSQMCDGAUGKH-UHFFFAOYSA-O,acetamide,*N1CC[N+](C)(C)CC1,414.49
GLUE1276,C[N+]1(C)CCN(NC(=O)Nc2cccc3c2C(=O)N(C2CCC(=O)NC2=O)C3)CC1,UQSULSJNAWEXDN-UHFFFAOYSA-O,urea,*N1CC[N+](C)(C)CC1,415.47
GLUE1277,C[N+]1(C)CCN(OC(=O)Nc2cccc3c2C(=O)N(C2CCC(=O)NC2=O)C3)CC1,NQXZYSFUECMOAO-UHFFFAOYSA-O,carbamate,*N1CC[N+](C)(C)CC1,416.46
GLUE1278,Cn1nc(C(=O)Nc2cccc3c2C(=O)N(C2CCC(=O)NC2=O)C3)c2ccccc21,POPKNTXJFVRVGI-UHFFFAOYSA-N,amide,*c1nn(C)c2ccccc12,417.43
GLUE1279,Cn1nc(S(=O)(=O)Nc2cccc3c2C(=O)N(C2CCC(=O)NC2=O)C3)c2ccccc21,MSIHGMYVSPLVRP-UHFFFAOYSA-N,sulfonamide,*c1nn(C)c2ccccc12,453.48
GLUE1280,Cn1nc(CC(=O)Nc2cccc3c2C(=O)N(C2CCC(=O)NC2=O)C3)c2ccccc21,PHOZXGPWWDJCNY-UHFFFAOYSA-N,acetamide,*c1nn(C)c2ccccc12,431.45
GLUE1281,Cn1nc(NC(=O)Nc2cccc3c2C(=O)N(C2CCC(=O)NC2=O)C3)c2ccccc21,LCPIEDYWCZQYKP-UHFFFAOYSA-N,urea,*c1nn(C)c2ccccc12,432.44
GLUE1282,Cn1nc(OC(=O)Nc2cccc3c2C(=O)N(C2CCC(=O)NC2=O)C3)c2ccccc21,HMYLFMSLSQOIPD-UHFFFAOYSA-N,carbamate,*c1nn(C)c2ccccc12,433.42
GLUE1283,O=C1CCC(N2Cc3cccc(NC(=O)C4C(=O)Nc5ccc(F)cc54)c3C2=O)C(=O)N1,DORFHROTYGHHQO-UHFFFAOYSA-N,amide,*C1C(=O)Nc2ccc(F)cc21,436.4
GLUE1284,O=C1CCC(N2Cc3cccc(NS(=O)(=O)C4C(=O)Nc5ccc(F)cc54)c3C2=O)C(=O)N1,FDVRUCXUJKCNTN-UHFFFAOYSA-N,sulfonamide,*C1C(=O)Nc2ccc(F)cc21,472.45
GLUE1285,O=C1CCC(N2Cc3cccc(NC(=O)CC4C(=O)Nc5ccc(F)cc54)c3C2=O)C(=O)N1,OIBXFZNECMFZNA-UHFFFAOYSA-N,acetamide,*C1C(=O)Nc2ccc(F)cc21,450.43
GLUE1286,O=C1CCC(N2Cc3cccc(NC(=O)NC4C(=O)Nc5ccc(F)cc54)c3C2=O)C(=O)N1,QLYGEHBYRFQCTA-UHFFFAOYSA-N,urea,*C1C(=O)Nc2ccc(F)cc21,451.41
GLUE1287,O=C1CCC(N2Cc3cccc(NC(=O)OC4C(=O)Nc5ccc(F)cc54)c3C2=O)C(=O)N1,IXZMDHZBEDQCSK-UHFFFAOYSA-N,carbamate,*C1C(=O)Nc2ccc(F)cc21,452.4
GLUE1288,Cc1ccc(Cl)c(C(=O)Nc2cccc3c2C(=O)N(C2CCC(=O)NC2=O)C3)c1Cl,ROSJCHHPOOTWQQ-UHFFFAOYSA-N,amide,*c1c(Cl)ccc(C)c1Cl,446.29
GLUE1289,Cc1ccc(Cl)c(S(=O)(=O)Nc2cccc3c2C(=O)N(C2CCC(=O)NC2=O)C3)c1Cl,HDMLOETXDNMWIJ-UHFFFAOYSA-N,sulfonamide,*c1c(Cl)ccc(C)c1Cl,482.35
GLUE1290,Cc1ccc(Cl)c(CC(=O)Nc2cccc3c2C(=O)N(C2CCC(=O)NC2=O)C3)c1Cl,XSQFJNWDSIDRMN-UHFFFAOYSA-N,acetamide,*c1c(Cl)ccc(C)c1Cl,460.32
GLUE1291,Cc1ccc(Cl)c(NC(=O)Nc2cccc3c2C(=O)N(C2CCC(=O)NC2=O)C3)c1Cl,MKLQLBVFHWXPNB-UHFFFAOYSA-N,urea,*c1c(Cl)ccc(C)c1Cl,461.31
GLUE1292,Cc1ccc(Cl)c(OC(=O)Nc2cccc3c2C(=O)N(C2CCC(=O)NC2=O)C3)c1Cl,RPSXPEXCEYVRNV-UHFFFAOYSA-N,carbamate,*c1c(Cl)ccc(C)c1Cl,462.29
GLUE1293,Cc1nc2n(c(=O)c1C(=O)Nc1cccc3c1C(=O)N(C1CCC(=O)NC1=O)C3)CCCC2O,GIDSPXJVOWCBOD-UHFFFAOYSA-N,amide,*c1c(C)nc2n(c1=O)CCCC2O,465.47
GLUE1294,Cc1nc2n(c(=O)c1S(=O)(=O)Nc1cccc3c1C(=O)N(C1CCC(=O)NC1=O)C3)CCCC2O,IBPYCTJLLIGTGH-UHFFFAOYSA-N,sulfonamide,*c1c(C)nc2n(c1=O)CCCC2O,501.52
GLUE1295,Cc1nc2n(c(=O)c1CC(=O)Nc1cccc3c1C(=O)N(C1CCC(=O)NC1=O)C3)CCCC2O,HCPBMEBLSFCXBM-UHFFFAOYSA-N,acetamide,*c1c(C)nc2n(c1=O)CCCC2O,479.49
GLUE1296,Cc1nc2n(c(=O)c1NC(=O)Nc1cccc3c1C(=O)N(C1CCC(=O)NC1=O)C3)CCCC2O,VEWXOFBIMXEDJL-UHFFFAOYSA-N,urea,*c1c(C)nc2n(c1=O)CCCC2O,480.48
GLUE1297,Cc1nc2n(c(=O)c1OC(=O)Nc1cccc3c1C(=O)N(C1CCC(=O)NC1=O)C3)CCCC2O,SFDZYFZQTVXCBI-UHFFFAOYSA-N,carbamate,*c1c(C)nc2n(c1=O)CCCC2O,481.47
GLUE1298,O=C1CCC(N2Cc3cccc(NC(=O)N4C[C@@H]5CCCN[C@@H]5C4)c3C2=O)C(=O)N1,HKDOGNHRYMCDHH-PNMZXMJCSA-N,amide,*N1C[C@@H]2CCCN[C@@H]2C1,411.46
GLUE1299,O=C1CCC(N2Cc3cccc(NS(=O)(=O)N4C[C@@H]5CCCN[C@@H]5C4)c3C2=O)C(=O)N1,TVBLRGKGMBBEFW-PNMZXMJCSA-N,sulfonamide,*N1C[C@@H]2CCCN[C@@H]2C1,447.52
GLUE1300,O=C1CCC(N2Cc3cccc(NC(=O)CN4C[C@@H]5CCCN[C@@H]5C4)c3C2=O)C(=O)N1,IDQZITCOEQKVLH-XVMZJDAESA-N,acetamide,*N1C[C@@H]2CCCN[C@@H]2C1,425.49
GLUE1301,O=C1CCC(N2Cc3cccc(NC(=O)NN4C[C@@H]5CCCN[C@@H]5C4)c3C2=O)C(=O)N1,RRTQXKSVOVXBCU-PNMZXMJCSA-N,urea,*N1C[C@@H]2CCCN[C@@H]2C1,426.48
GLUE1302,O=C1CCC(N2Cc3cccc(NC(=O)ON4C[C@@H]5CCCN[C@@H]5C4)c3C2=O)C(=O)N1,JJVJISCEOGAZLZ-PNMZXMJCSA-N,carbamate,*N1C[C@@H]2CCCN[C@@H]2C1,427.46
GLUE1303,O=C1CCC(N2Cc3cccc(NC(=O)c4nccs4)c3C2=O)C(=O)N1,DECXLFQALOIYBM-UHFFFAOYSA-N,amide,*c1nccs1,370.39
GLUE1304,O=C1CCC(N2Cc3cccc(NS(=O)(=O)c4nccs4)c3C2=O)C(=O)N1,WNKLMWCUWKSNKE-UHFFFAOYSA-N,sulfonamide,*c1nccs1,406.45
GLUE1305,O=C1CCC(N2Cc3cccc(NC(=O)Cc4nccs4)c3C2=O)C(=O)N1,VFOZJOBIBJAPOU-UHFFFAOYSA-N,acetamide,*c1nccs1,384.42
GLUE1306,O=C1CCC(N2Cc3cccc(NC(=O)Nc4nccs4)c3C2=O)C(=O)N1,FTJZGWMAKKYFHK-UHFFFAOYSA-N,urea,*c1nccs1,385.41
GLUE1307,O=C1CCC(N2Cc3cccc(NC(=O)Oc4nccs4)c3C2=O)C(=O)N1,XWXREFRISVVLPZ-UHFFFAOYSA-N,carbamate,*c1nccs1,386.39
GLUE1308,Cc1ccnc(C(=O)Nc2cccc3c2C(=O)N(C2CCC(=O)NC2=O)C3)n1,ZOYDAOIJFKSELQ-UHFFFAOYSA-N,amide,*c1nccc(C)n1,379.38
GLUE1309,Cc1ccnc(S(=O)(=O)Nc2cccc3c2C(=O)N(C2CCC(=O)NC2=O)C3)n1,ZKPHVTZXUXAENO-UHFFFAOYSA-N,sulfonamide,*c1nccc(C)n1,415.43
GLUE1310,Cc1ccnc(CC(=O)Nc2cccc3c2C(=O)N(C2CCC(=O)NC2=O)C3)n1,YPLXBWHKVGQVFN-UHFFFAOYSA-N,acetamide,*c1nccc(C)n1,393.4
GLUE1311,Cc1ccnc(NC(=O)Nc2cccc3c2C(=O)N(C2CCC(=O)NC2=O)C3)n1,HKUVMUGALURWMH-UHFFFAOYSA-N,urea,*c1nccc(C)n1,394.39
GLUE1312,Cc1ccnc(OC(=O)Nc2cccc3c2C(=O)N(C2CCC(=O)NC2=O)C3)n1,VHSXFBLDSSXPOT-UHFFFAOYSA-N,carbamate,*c1nccc(C)n1,395.38
GLUE1313,Cc1cc(C)nc(C(=O)Nc2cccc3c2C(=O)N(C2CCC(=O)NC2=O)C3)n1,IUXHZUYYVIZWTD-UHFFFAOYSA-N,amide,*c1nc(C)cc(C)n1,393.4
GLUE1314,Cc1cc(C)nc(S(=O)(=O)Nc2cccc3c2C(=O)N(C2CCC(=O)NC2=O)C3)n1,OGCXKQZKLACUHY-UHFFFAOYSA-N,sulfonamide,*c1nc(C)cc(C)n1,429.46
GLUE1315,Cc1cc(C)nc(CC(=O)Nc2cccc3c2C(=O)N(C2CCC(=O)NC2=O)C3)n1,FERSVIDPPUDZQE-UHFFFAOYSA-N,acetamide,*c1nc(C)cc(C)n1,407.43
GLUE1316,Cc1cc(C)nc(NC(=O)Nc2cccc3c2C(=O)N(C2CCC(=O)NC2=O)C3)n1,KMAXOKPZMUWPTJ-UHFFFAOYSA-N,urea,*c1nc(C)cc(C)n1,408.42
GLUE1317,Cc1cc(C)nc(OC(=O)Nc2cccc3c2C(=O)N(C2CCC(=O)NC2=O)C3)n1,KAHJTRDXYKRUPB-UHFFFAOYSA-N,carbamate,*c1nc(C)cc(C)n1,409.4
GLUE1318,Cc1noc(C(=O)Nc2cccc3c2C(=O)N(C2CCC(=O)NC2=O)C3)c1C,YNNXEZZGTOSBNK-UHFFFAOYSA-N,amide,*c1onc(C)c1C,382.38
GLUE1319,Cc1noc(S(=O)(=O)Nc2cccc3c2C(=O)N(C2CCC(=O)NC2=O)C3)c1C,QGZQHZYFXRGALN-UHFFFAOYSA-N,sulfonamide,*c1onc(C)c1C,418.43
GLUE1320,Cc1noc(CC(=O)Nc2cccc3c2C(=O)N(C2CCC(=O)NC2=O)C3)c1C,XMHFNGIDBPJYMW-UHFFFAOYSA-N,acetamide,*c1onc(C)c1C,396.4
GLUE1321,Cc1noc(NC(=O)Nc2cccc3c2C(=O)N(C2CCC(=O)NC2=O)C3)c1C,AAVJFVXXCUPBQR-UHFFFAOYSA-N,urea,*c1onc(C)c1C,397.39
GLUE1322,Cc1noc(OC(=O)Nc2cccc3c2C(=O)N(C2CCC(=O)NC2=O)C3)c1C,BXKJOLGEJBQRKW-UHFFFAOYSA-N,carbamate,*c1onc(C)c1C,398.38
GLUE1323,O=C1CCC(N2Cc3cccc(NC(=O)S(=O)(=O)c4cccc5cccnc45)c3C2=O)C(=O)N1,XLCZPPWSNOZCHF-UHFFFAOYSA-N,amide,*S(=O)(=O)c1cccc2cccnc12,478.49
GLUE1324,O=C1CCC(N2Cc3cccc(NS(=O)(=O)S(=O)(=O)c4cccc5cccnc45)c3C2=O)C(=O)N1,NTINWSFTJSCEHZ-UHFFFAOYSA-N,sulfonamide,*S(=O)(=O)c1cccc2cccnc12,514.54
GLUE1325,O=C1CCC(N2Cc3cccc(NC(=O)CS(=O)(=O)c4cccc5cccnc45)c3C2=O)C(=O)N1,VNWSEBNFBIPNKR-UHFFFAOYSA-N,acetamide,*S(=O)(=O)c1cccc2cccnc12,492.51
GLUE1326,O=C1CCC(N2Cc3cccc(NC(=O)NS(=O)(=O)c4cccc5cccnc45)c3C2=O)C(=O)N1,LCYJYWLQHVBIDJ-UHFFFAOYSA-N,urea,*S(=O)(=O)c1cccc2cccnc12,493.5
GLUE1327,O=C1CCC(N2Cc3cccc(NC(=O)OS(=O)(=O)c4cccc5cccnc45)c3C2=O)C(=O)N1,VHNYXRFSOWTJJK-UHFFFAOYSA-N,carbamate,*S(=O)(=O)c1cccc2cccnc12,494.49
GLUE1328,Cn1cc(C(=O)Nc2cccc3c2C(=O)N(C2CCC(=O)NC2=O)C3)cn1,JUYNNNDWNBGDAF-UHFFFAOYSA-N,amide,*c1cnn(C)c1,367.37
GLUE1329,Cn1cc(S(=O)(=O)Nc2cccc3c2C(=O)N(C2CCC(=O)NC2=O)C3)cn1,NMBGHYHIPFUCKI-UHFFFAOYSA-N,sulfonamide,*c1cnn(C)c1,403.42
GLUE1330,Cn1cc(CC(=O)Nc2cccc3c2C(=O)N(C2CCC(=O)NC2=O)C3)cn1,GVSJGRIUJIVXSB-UHFFFAOYSA-N,acetamide,*c1cnn(C)c1,381.39
GLUE1331,Cn1cc(NC(=O)Nc2cccc3c2C(=O)N(C2CCC(=O)NC2=O)C3)cn1,BIYDWOAYHXQIMV-UHFFFAOYSA-N,urea,*c1cnn(C)c1,382.38
GLUE1332,Cn1cc(OC(=O)Nc2cccc3c2C(=O)N(C2CCC(=O)NC2=O)C3)cn1,UWGRODJBZSRRDX-UHFFFAOYSA-N,carbamate,*c1cnn(C)c1,383.36
GLUE1333,C[C@](N)(CC(=O)Nc1cccc2c1C(=O)N(C1CCC(=O)NC1=O)C2)C(=O)O,XZYBIVNIGWAGBC-MCEAHNFKSA-N,amide,*C[C@](C)(N)C(=O)O,388.38
GLUE1334,C[C@](N)(CS(=O)(=O)Nc1cccc2c1C(=O)N(C1CCC(=O)NC1=O)C2)C(=O)O,RZEPLVBYSTZUMD-KLLZUTDZSA-N,sulfonamide,*C[C@](C)(N)C(=O)O,424.44
GLUE1335,C[C@](N)(CCC(=O)Nc1cccc2c1C(=O)N(C1CCC(=O)NC1=O)C2)C(=O)O,LTWWUANOJMXOQY-RKLCOFROSA-N,acetamide,*C[C@](C)(N)C(=O)O,402.41
GLUE1336,C[C@](N)(CNC(=O)Nc1cccc2c1C(=O)N(C1CCC(=O)NC1=O)C2)C(=O)O,KNTJXPHMGUPPAU-MCEAHNFKSA-N,urea,*C[C@](C)(N)C(=O)O,403.4
GLUE1337,C[C@](N)(COC(=O)Nc1cccc2c1C(=O)N(C1CCC(=O)NC1=O)C2)C(=O)O,LTMMTZZQPGHCKU-MCEAHNFKSA-N,carbamate,*C[C@](C)(N)C(=O)O,404.38
GLUE1338,O=C1CCC(N2Cc3cccc(NC(=O)C4(C5=CCCCCC5)C(=O)NC(=O)NC4=O)c3C2=O)C(=O)N1,YPOPCPDNRULOJK-UHFFFAOYSA-N,amide,*C1(C2=CCCCCC2)C(=O)NC(=O)NC1=O,507.5
GLUE1339,O=C1CCC(N2Cc3cccc(NS(=O)(=O)C4(C5=CCCCCC5)C(=O)NC(=O)NC4=O)c3C2=O)C(=O)N1,YBBRJTAESGMWPH-UHFFFAOYSA-N,sulfonamide,*C1(C2=CCCCCC2)C(=O)NC(=O)NC1=O,543.56
GLUE1340,O=C1CCC(N2Cc3cccc(NC(=O)CC4(C5=CCCCCC5)C(=O)NC(=O)NC4=O)c3C2=O)C(=O)N1,LEWLTNRLUCTJRC-UHFFFAOYSA-N,acetamide,*C1(C2=CCCCCC2)C(=O)NC(=O)NC1=O,521.53
GLUE1341,O=C1CCC(N2Cc3cccc(NC(=O)NC4(C5=CCCCCC5)C(=O)NC(=O)NC4=O)c3C2=O)C(=O)N1,AVAJELZFQRFZOS-UHFFFAOYSA-N,urea,*C1(C2=CCCCCC2)C(=O)NC(=O)NC1=O,522.52
GLUE1342,O=C1CCC(N2Cc3cccc(NC(=O)OC4(C5=CCCCCC5)C(=O)NC(=O)NC4=O)c3C2=O)C(=O)N1,QQZDYIUSXHDQEO-UHFFFAOYSA-N,carbamate,*C1(C2=CCCCCC2)C(=O)NC(=O)NC1=O,523.5
GLUE1343,O=C1CCC(N2Cc3cccc(NC(=O)c4ccc5n4CCC5C(=O)O)c3C2=O)C(=O)N1,LNHZSLJJLMZGBN-UHFFFAOYSA-N,amide,*c1ccc2n1CCC2C(=O)O,436.42
GLUE1344,O=C1CCC(N2Cc3cccc(NS(=O)(=O)c4ccc5n4CCC5C(=O)O)c3C2=O)C(=O)N1,PAHPAQNPGLFRKB-UHFFFAOYSA-N,sulfonamide,*c1ccc2n1CCC2C(=O)O,472.48
GLUE1345,O=C1CCC(N2Cc3cccc(NC(=O)Cc4ccc5n4CCC5C(=O)O)c3C2=O)C(=O)N1,XATXIERDKCKIRZ-UHFFFAOYSA-N,acetamide,*c1ccc2n1CCC2C(=O)O,450.45
GLUE1346,O=C1CCC(N2Cc3cccc(NC(=O)Nc4ccc5n4CCC5C(=O)O)c3C2=O)C(=O)N1,WCUSPNYHSJRHLX-UHFFFAOYSA-N,urea,*c1ccc2n1CCC2C(=O)O,451.44
GLUE1347,O=C1CCC(N2Cc3cccc(NC(=O)Oc4ccc5n4CCC5C(=O)O)c3C2=O)C(=O)N1,OPPHODVFEGAPDD-UHFFFAOYSA-N,carbamate,*c1ccc2n1CCC2C(=O)O,452.42
GLUE1348,CC(C)C(=O)C(=O)Nc1cccc2c1C(=O)N(C1CCC(=O)NC1=O)C2,OTMYQWMOSMMYKL-UHFFFAOYSA-N,amide,*C(=O)C(C)C,357.37
GLUE1349,CC(C)C(=O)S(=O)(=O)Nc1cccc2c1C(=O)N(C1CCC(=O)NC1=O)C2,ZILGQBQBMCLEFL-UHFFFAOYSA-N,sulfonamide,*C(=O)C(C)C,393.42
GLUE1350,CC(C)C(=O)CC(=O)Nc1cccc2c1C(=O)N(C1CCC(=O)NC1=O)C2,GSBUHBZFPPOSAV-UHFFFAOYSA-N,acetamide,*C(=O)C(C)C,371.39
GLUE1351,CC(C)C(=O)NC(=O)Nc1cccc2c1C(=O)N(C1CCC(=O)NC1=O)C2,XEDGZPNRZIWTNJ-UHFFFAOYSA-N,urea,*C(=O)C(C)C,372.38
GLUE1352,CC(C)C(=O)OC(=O)Nc1cccc2c1C(=O)N(C1CCC(=O)NC1=O)C2,NOVXLRLXHJQZRR-UHFFFAOYSA-N,carbamate,*C(=O)C(C)C,373.37
GLUE1353,O=C1CCC(N2Cc3cccc(NC(=O)C[S+]([O-])c4nc5ccccc5[nH]4)c3C2=O)C(=O)N1,PDGOQTOUXDQOFP-UHFFFAOYSA-N,amide,*C[S+]([O-])c1nc2ccccc2[nH]1,465.49
GLUE1354,O=C1CCC(N2Cc3cccc(NS(=O)(=O)C[S+]([O-])c4nc5ccccc5[nH]4)c3C2=O)C(=O)N1,KODSCEKUJOCLKT-UHFFFAOYSA-N,sulfonamide,*C[S+]([O-])c1nc2ccccc2[nH]1,501.55
GLUE1355,O=C1CCC(N2Cc3cccc(NC(=O)CC[S+]([O-])c4nc5ccccc5[nH]4)c3C2=O)C(=O)N1,ZGZKTOFBDSKGNA-UHFFFAOYSA-N,acetamide,*C[S+]([O-])c1nc2ccccc2[nH]1,479.52
GLUE1356,O=C1CCC(N2Cc3cccc(NC(=O)NC[S+]([O-])c4nc5ccccc5[nH]4)c3C2=O)C(=O)N1,QHEUNWQPFWHWQD-UHFFFAOYSA-N,urea,*C[S+]([O-])c1nc2ccccc2[nH]1,480.51
GLUE1357,O=C1CCC(N2Cc3cccc(NC(=O)OC[S+]([O-])c4nc5ccccc5[nH]4)c3C2=O)C(=O)N1,HYJWTULGMZIAQX-UHFFFAOYSA-N,carbamate,*C[S+]([O-])c1nc2ccccc2[nH]1,481.49
GLUE1358,CC#CCC(C)[C@H](O)CC(=O)Nc1cccc2c1C(=O)N(C1CCC(=O)NC1=O)C2,DXIAQYKCLIPLNH-QWFMPGPPSA-N,amide,*C[C@@H](O)C(C)CC#CC,411.46
GLUE1359,CC#CCC(C)[C@H](O)CS(=O)(=O)Nc1cccc2c1C(=O)N(C1CCC(=O)NC1=O)C2,TWAREVFSFLLNIY-QWFMPGPPSA-N,sulfonamide,*C[C@@H](O)C(C)CC#CC,447.51
GLUE1360,CC#CCC(C)[C@H](O)CCC(=O)Nc1cccc2c1C(=O)N(C1CCC(=O)NC1=O)C2,LUYXBOJDDQEVGO-IUPXNIOVSA-N,acetamide,*C[C@@H](O)C(C)CC#CC,425.49
GLUE1361,CC#CCC(C)[C@H](O)CNC(=O)Nc1cccc2c1C(=O)N(C1CCC(=O)NC1=O)C2,ODZASLOGWFUEIQ-QWFMPGPPSA-N,urea,*C[C@@H](O)C(C)CC#CC,426.47
GLUE1362,CC#CCC(C)[C@H](O)COC(=O)Nc1cccc2c1C(=O)N(C1CCC(=O)NC1=O)C2,GXIGROQWZCOVHK-QWFMPGPPSA-N,carbamate,*C[C@@H](O)C(C)CC#CC,427.46
GLUE1363,O=C1CCC(N2Cc3cccc(NC(=O)N4CCS(=O)(=O)CC4)c3C2=O)C(=O)N1,BUBNZTGGJYSFHL-UHFFFAOYSA-N,amide,*N1CCS(=O)(=O)CC1,420.45
GLUE1364,O=C1CCC(N2Cc3cccc(NS(=O)(=O)N4CCS(=O)(=O)CC4)c3C2=O)C(=O)N1,PFDTZWNESLSZMP-UHFFFAOYSA-N,sulfonamide,*N1CCS(=O)(=O)CC1,456.5
GLUE1365,O=C1CCC(N2Cc3cccc(NC(=O)CN4CCS(=O)(=O)CC4)c3C2=O)C(=O)N1,NCNRBTBNSICADM-UHFFFAOYSA-N,acetamide,*N1CCS(=O)(=O)CC1,434.47
GLUE1366,O=C1CCC(N2Cc3cccc(NC(=O)NN4CCS(=O)(=O)CC4)c3C2=O)C(=O)N1,YLCQERMQXKIKMS-UHFFFAOYSA-N,urea,*N1CCS(=O)(=O)CC1,435.46
GLUE1367,O=C1CCC(N2Cc3cccc(NC(=O)ON4CCS(=O)(=O)CC4)c3C2=O)C(=O)N1,KGUWWIFKIFHKRH-UHFFFAOYSA-N,carbamate,*N1CCS(=O)(=O)CC1,436.45
GLUE1368,O=C1CCC(N2Cc3cccc(NC(=O)c4cc5ccccc5s4)c3C2=O)C(=O)N1,MMNYMTHXVZKWGF-UHFFFAOYSA-N,amide,*c1cc2ccccc2s1,419.46
GLUE1369,O=C1CCC(N2Cc3cccc(NS(=O)(=O)c4cc5ccccc5s4)c3C2=O)C(=O)N1,UGGWRDGIBGEBDS-UHFFFAOYSA-N,sulfonamide,*c1cc2ccccc2s1,455.52
GLUE1370,O=C1CCC(N2Cc3cccc(NC(=O)Cc4cc5ccccc5s4)c3C2=O)C(=O)N1,LCUXVZQJZGCDHP-UHFFFAOYSA-N,acetamide,*c1cc2ccccc2s1,433.49
GLUE1371,O=C1CCC(N2Cc3cccc(NC(=O)Nc4cc5ccccc5s4)c3C2=O)C(=O)N1,QWNHYSVIOOMZJH-UHFFFAOYSA-N,urea,*c1cc2ccccc2s1,434.48
GLUE1372,O=C1CCC(N2Cc3cccc(NC(=O)Oc4cc5ccccc5s4)c3C2=O)C(=O)N1,VUEDQNRERHBFEQ-UHFFFAOYSA-N,carbamate,*c1cc2ccccc2s1,435.46
GLUE1373,O=C1CCC(N2Cc3cccc(NC(=O)c4ccc5ncccc5c4)c3C2=O)C(=O)N1,IZCOBQMUSJDREN-UHFFFAOYSA-N,amide,*c1ccc2ncccc2c1,414.42
GLUE1374,O=C1CCC(N2Cc3cccc(NS(=O)(=O)c4ccc5ncccc5c4)c3C2=O)C(=O)N1,QDUFJCYXZXANEN-UHFFFAOYSA-N,sulfonamide,*c1ccc2ncccc2c1,450.48
GLUE1375,O=C1CCC(N2Cc3cccc(NC(=O)Cc4ccc5ncccc5c4)c3C2=O)C(=O)N1,CSQAHHHQGJCGCZ-UHFFFAOYSA-N,acetamide,*c1ccc2ncccc2c1,428.45
GLUE1376,O=C1CCC(N2Cc3cccc(NC(=O)Nc4ccc5ncccc5c4)c3C2=O)C(=O)N1,AWUQYOLDIQSQSQ-UHFFFAOYSA-N,urea,*c1ccc2ncccc2c1,429.44
GLUE1377,O=C1CCC(N2Cc3cccc(NC(=O)Oc4ccc5ncccc5c4)c3C2=O)C(=O)N1,NPFODRHDSAKVKL-UHFFFAOYSA-N,carbamate,*c1ccc2ncccc2c1,430.42
GLUE1378,O=C1CCC(N2Cc3cccc(NC(=O)[C@@H]4C[C@@H](O)CC(=O)O4)c3C2=O)C(=O)N1,GOMMMTWPCQWMPM-VBUNGHGYSA-N,amide,*[C@@H]1C[C@@H](O)CC(=O)O1,401.38
GLUE1379,O=C1CCC(N2Cc3cccc(NS(=O)(=O)[C@@H]4C[C@@H](O)CC(=O)O4)c3C2=O)C(=O)N1,XUYPMSGKZMWYFQ-PJRDJYAKSA-N,sulfonamide,*[C@@H]1C[C@@H](O)CC(=O)O1,437.43
GLUE1380,O=C1CCC(N2Cc3cccc(NC(=O)C[C@@H]4C[C@@H](O)CC(=O)O4)c3C2=O)C(=O)N1,FXQVOTVJEOTXLL-RJTITELWSA-N,acetamide,*[C@@H]1C[C@@H](O)CC(=O)O1,415.4
GLUE1381,O=C1CCC(N2Cc3cccc(NC(=O)N[C@@H]4C[C@@H](O)CC(=O)O4)c3C2=O)C(=O)N1,ODOJQTZZWJCLCT-HDDSUISISA-N,urea,*[C@@H]1C[C@@H](O)CC(=O)O1,416.39
GLUE1382,O=C1CCC(N2Cc3cccc(NC(=O)O[C@@H]4C[C@@H](O)CC(=O)O4)c3C2=O)C(=O)N1,IDBNYKNJUUNHEH-PJRDJYAKSA-N,carbamate,*[C@@H]1C[C@@H](O)CC(=O)O1,417.37
GLUE1383,CC(CCCN)C(=O)Nc1cccc2c1C(=O)N(C1CCC(=O)NC1=O)C2,WQLSDEKPBUCZEK-UHFFFAOYSA-N,amide,*C(C)CCCN,372.43
GLUE1384,CC(CCCN)S(=O)(=O)Nc1cccc2c1C(=O)N(C1CCC(=O)NC1=O)C2,QZLLYRFZZCWEDG-UHFFFAOYSA-N,sulfonamide,*C(C)CCCN,408.48
GLUE1385,CC(CCCN)CC(=O)Nc1cccc2c1C(=O)N(C1CCC(=O)NC1=O)C2,WOIIIHKVCNTQEB-UHFFFAOYSA-N,acetamide,*C(C)CCCN,386.45
GLUE1386,CC(CCCN)NC(=O)Nc1cccc2c1C(=O)N(C1CCC(=O)NC1=O)C2,KAHVIELNOYIXCV-UHFFFAOYSA-N,urea,*C(C)CCCN,387.44
GLUE1387,CC(CCCN)OC(=O)Nc1cccc2c1C(=O)N(C1CCC(=O)NC1=O)C2,DVXTXDHGYDWHEN-UHFFFAOYSA-N,carbamate,*C(C)CCCN,388.42
GLUE1388,CC(O)CC(=O)C(=O)Nc1cccc2c1C(=O)N(C1CCC(=O)NC1=O)C2,BKSKDINYBORYRD-UHFFFAOYSA-N,amide,*C(=O)CC(C)O,373.37
GLUE1389,CC(O)CC(=O)S(=O)(=O)Nc1cccc2c1C(=O)N(C1CCC(=O)NC1=O)C2,FRNQLASOUUABSO-UHFFFAOYSA-N,sulfonamide,*C(=O)CC(C)O,409.42
GLUE1390,CC(O)CC(=O)CC(=O)Nc1cccc2c1C(=O)N(C1CCC(=O)NC1=O)C2,UCFXUZWSNLUXCV-UHFFFAOYSA-N,acetamide,*C(=O)CC(C)O,387.39
GLUE1391,CC(O)CC(=O)NC(=O)Nc1cccc2c1C(=O)N(C1CCC(=O)NC1=O)C2,DRYJGHAHZKUMBU-UHFFFAOYSA-N,urea,*C(=O)CC(C)O,388.38
GLUE1392,CC(O)CC(=O)OC(=O)Nc1cccc2c1C(=O)N(C1CCC(=O)NC1=O)C2,GAJDSVLSERMLQR-UHFFFAOYSA-N,carbamate,*C(=O)CC(C)O,389.36
GLUE1393,O=NN(CCCl)C(=O)C(=O)Nc1cccc2c1C(=O)N(C1CCC(=O)NC1=O)C2,MDFYYQIMMDJPTM-UHFFFAOYSA-N,amide,*C(=O)N(CCCl)N=O,421.8
GLUE1394,O=NN(CCCl)C(=O)S(=O)(=O)Nc1cccc2c1C(=O)N(C1CCC(=O)NC1=O)C2,VFOMPHBRBNJWEY-UHFFFAOYSA-N,sulfonamide,*C(=O)N(CCCl)N=O,457.85
GLUE1395,O=NN(CCCl)C(=O)CC(=O)Nc1cccc2c1C(=O)N(C1CCC(=O)NC1=O)C2,JLENDXGCYBLVRU-UHFFFAOYSA-N,acetamide,*C(=O)N(CCCl)N=O,435.82
GLUE1396,O=NN(CCCl)C(=O)NC(=O)Nc1cccc2c1C(=O)N(C1CCC(=O)NC1=O)C2,DICGXAKPGNKMDC-UHFFFAOYSA-N,urea,*C(=O)N(CCCl)N=O,436.81
GLUE1397,O=NN(CCCl)C(=O)OC(=O)Nc1cccc2c1C(=O)N(C1CCC(=O)NC1=O)C2,BGNVXBWIULSBMB-UHFFFAOYSA-N,carbamate,*C(=O)N(CCCl)N=O,437.8
GLUE1398,CN/C(=N\CCC(=O)Nc1cccc2c1C(=O)N(C1CCC(=O)NC1=O)C2)NC#N,SMXVOBLBZQEHSB-UHFFFAOYSA-N,amide,*CC/N=C(\NC)NC#N,411.42
GLUE1399,CN/C(=N\CCS(=O)(=O)Nc1cccc2c1C(=O)N(C1CCC(=O)NC1=O)C2)NC#N,IQWWOPGCQIBCFM-UHFFFAOYSA-N,sulfonamide,*CC/N=C(\NC)NC#N,447.48
GLUE1400,CN/C(=N\CCCC(=O)Nc1cccc2c1C(=O)N(C1CCC(=O)NC1=O)C2)NC#N,XWXYQTNZHOMALM-UHFFFAOYSA-N,acetamide,*CC/N=C(\NC)NC#N,425.45
GLUE1401,CN/C(=N\CCNC(=O)Nc1cccc2c1C(=O)N(C1CCC(=O)NC1=O)C2)NC#N,CERBYTDPLYCIGE-UHFFFAOYSA-N,urea,*CC/N=C(\NC)NC#N,426.44
GLUE1402,CN/C(=N\CCOC(=O)Nc1cccc2c1C(=O)N(C1CCC(=O)NC1=O)C2)NC#N,WKKZJQMTCZAZLL-UHFFFAOYSA-N,carbamate,*CC/N=C(\NC)NC#N,427.42
GLUE1403,N[C@@H]1[C@H]2CN(C(=O)Nc3cccc4c3C(=O)N(C3CCC(=O)NC3=O)C4)C[C@@H]12,QROIRRYHALQNCS-NNIOETMZSA-N,amide,*N1C[C@@H]2[C@@H](N)[C@@H]2C1,383.41
GLUE1404,N[C@@H]1[C@H]2CN(S(=O)(=O)Nc3cccc4c3C(=O)N(C3CCC(=O)NC3=O)C4)C[C@@H]12,LITZYBGOPAZBSC-NNIOETMZSA-N,sulfonamide,*N1C[C@@H]2[C@@H](N)[C@@H]2C1,419.46
GLUE1405,N[C@@H]1[C@H]2CN(CC(=O)Nc3cccc4c3C(=O)N(C3CCC(=O)NC3=O)C4)C[C@@H]12,KUCHARQGKGXNCX-GLZHMRSSSA-N,acetamide,*N1C[C@@H]2[C@@H](N)[C@@H]2C1,397.44
GLUE1406,N[C@@H]1[C@H]2CN(NC(=O)Nc3cccc4c3C(=O)N(C3CCC(=O)NC3=O)C4)C[C@@H]12,IEBMCDMXLQONSA-NNIOETMZSA-N,urea,*N1C[C@@H]2[C@@H](N)[C@@H]2C1,398.42
GLUE1407,N[C@@H]1[C@H]2CN(OC(=O)Nc3cccc4c3C(=O)N(C3CCC(=O)NC3=O)C4)C[C@@H]12,AVIZSXYHNGQJSI-NNIOETMZSA-N,carbamate,*N1C[C@@H]2[C@@H](N)[C@@H]2C1,399.41
GLUE1408,C#Cc1cccc(C(=O)Nc2cccc3c2C(=O)N(C2CCC(=O)NC2=O)C3)c1,LJUNBEHRDHAWOO-UHFFFAOYSA-N,amide,*c1cccc(C#C)c1,387.4
GLUE1409,C#Cc1cccc(S(=O)(=O)Nc2cccc3c2C(=O)N(C2CCC(=O)NC2=O)C3)c1,DTOAOAUDWUCSQF-UHFFFAOYSA-N,sulfonamide,*c1cccc(C#C)c1,423.45
GLUE1410,C#Cc1cccc(CC(=O)Nc2cccc3c2C(=O)N(C2CCC(=O)NC2=O)C3)c1,AYIRLTDRGGGKMB-UHFFFAOYSA-N,acetamide,*c1cccc(C#C)c1,401.42
GLUE1411,C#Cc1cccc(NC(=O)Nc2cccc3c2C(=O)N(C2CCC(=O)NC2=O)C3)c1,DSVUWNKECLULLY-UHFFFAOYSA-N,urea,*c1cccc(C#C)c1,402.41
GLUE1412,C#Cc1cccc(OC(=O)Nc2cccc3c2C(=O)N(C2CCC(=O)NC2=O)C3)c1,QABLCPUJRYYWEV-UHFFFAOYSA-N,carbamate,*c1cccc(C#C)c1,403.39
GLUE1413,O=C1CCC(N2Cc3cccc(NC(=O)OC(F)(F)Cl)c3C2=O)C(=O)N1,JJZRICWTFTWECV-UHFFFAOYSA-N,amide,*OC(F)(F)Cl,387.73
GLUE1414,O=C1CCC(N2Cc3cccc(NS(=O)(=O)OC(F)(F)Cl)c3C2=O)C(=O)N1,VYQITGPJETYMOK-UHFFFAOYSA-N,sulfonamide,*OC(F)(F)Cl,423.78
GLUE1415,O=C1CCC(N2Cc3cccc(NC(=O)COC(F)(F)Cl)c3C2=O)C(=O)N1,HMXBNRRFYBTWJF-UHFFFAOYSA-N,acetamide,*OC(F)(F)Cl,401.75
GLUE1416,O=C1CCC(N2Cc3cccc(NC(=O)NOC(F)(F)Cl)c3C2=O)C(=O)N1,IXVATEQFGPYQPH-UHFFFAOYSA-N,urea,*OC(F)(F)Cl,402.74
GLUE1417,O=C1CCC(N2Cc3cccc(NC(=O)OOC(F)(F)Cl)c3C2=O)C(=O)N1,GHZRSUVUBPIZFW-UHFFFAOYSA-N,carbamate,*OC(F)(F)Cl,403.73
GLUE1418,O=C1CCC(N2Cc3cccc(NC(=O)c4cccc5c4CCO5)c3C2=O)C(=O)N1,TTZQXYRFDPDRPF-UHFFFAOYSA-N,amide,*c1cccc2c1CCO2,405.41
GLUE1419,O=C1CCC(N2Cc3cccc(NS(=O)(=O)c4cccc5c4CCO5)c3C2=O)C(=O)N1,RVCBRPIAGOLEQK-UHFFFAOYSA-N,sulfonamide,*c1cccc2c1CCO2,441.47
GLUE1420,O=C1CCC(N2Cc3cccc(NC(=O)Cc4cccc5c4CCO5)c3C2=O)C(=O)N1,XLVATACOYSTRKK-UHFFFAOYSA-N,acetamide,*c1cccc2c1CCO2,419.44
GLUE1421,O=C1CCC(N2Cc3cccc(NC(=O)Nc4cccc5c4CCO5)c3C2=O)C(=O)N1,XFRHHLZRBBWUMM-UHFFFAOYSA-N,urea,*c1cccc2c1CCO2,420.43
GLUE1422,O=C1CCC(N2Cc3cccc(NC(=O)Oc4cccc5c4CCO5)c3C2=O)C(=O)N1,UQGBPPVHZVAIKV-UHFFFAOYSA-N,carbamate,*c1cccc2c1CCO2,421.41
GLUE1423,CC(C)C(Br)C(=O)C(=O)Nc1cccc2c1C(=O)N(C1CCC(=O)NC1=O)C2,VWSTXAVHTYZYJP-UHFFFAOYSA-N,amide,*C(=O)C(Br)C(C)C,450.29
GLUE1424,CC(C)C(Br)C(=O)S(=O)(=O)Nc1cccc2c1C(=O)N(C1CCC(=O)NC1=O)C2,CVMRDMQPLAHJSU-UHFFFAOYSA-N,sulfonamide,*C(=O)C(Br)C(C)C,486.34
GLUE1425,CC(C)C(Br)C(=O)CC(=O)Nc1cccc2c1C(=O)N(C1CCC(=O)NC1=O)C2,MZOIEZICHQESED-UHFFFAOYSA-N,acetamide,*C(=O)C(Br)C(C)C,464.32
GLUE1426,CC(C)C(Br)C(=O)NC(=O)Nc1cccc2c1C(=O)N(C1CCC(=O)NC1=O)C2,BIUKBGWDOOHYFS-UHFFFAOYSA-N,urea,*C(=O)C(Br)C(C)C,465.3
GLUE1427,CC(C)C(Br)C(=O)OC(=O)Nc1cccc2c1C(=O)N(C1CCC(=O)NC1=O)C2,BFJWRWZYMYXQFK-UHFFFAOYSA-N,carbamate,*C(=O)C(Br)C(C)C,466.29
GLUE1428,O=C1CCC(N2Cc3cccc(NC(=O)c4cc(Cl)cc(Cl)c4)c3C2=O)C(=O)N1,MZZXHUWIBITANL-UHFFFAOYSA-N,amide,*c1cc(Cl)cc(Cl)c1,432.26
GLUE1429,O=C1CCC(N2Cc3cccc(NS(=O)(=O)c4cc(Cl)cc(Cl)c4)c3C2=O)C(=O)N1,ZSFNMBCUILYAJM-UHFFFAOYSA-N,sulfonamide,*c1cc(Cl)cc(Cl)c1,468.32
GLUE1430,O=C1CCC(N2Cc3cccc(NC(=O)Cc4cc(Cl)cc(Cl)c4)c3C2=O)C(=O)N1,HOSUYNNUSHEUAJ-UHFFFAOYSA-N,acetamide,*c1cc(Cl)cc(Cl)c1,446.29
GLUE1431,O=C1CCC(N2Cc3cccc(NC(=O)Nc4cc(Cl)cc(Cl)c4)c3C2=O)C(=O)N1,JEZPRSLWUOBJIP-UHFFFAOYSA-N,urea,*c1cc(Cl)cc(Cl)c1,447.28
GLUE1432,O=C1CCC(N2Cc3cccc(NC(=O)Oc4cc(Cl)cc(Cl)c4)c3C2=O)C(=O)N1,CFUIAXXCXINUFO-UHFFFAOYSA-N,carbamate,*c1cc(Cl)cc(Cl)c1,448.26
GLUE1433,O=C1CCC(N2Cc3cccc(NC(=O)c4c(F)cccc4F)c3C2=O)C(=O)N1,FXWVMWGGMHYRHA-UHFFFAOYSA-N,amide,*c1c(F)cccc1F,399.35
GLUE1434,O=C1CCC(N2Cc3cccc(NS(=O)(=O)c4c(F)cccc4F)c3C2=O)C(=O)N1,MAWJTRUULCGPPJ-UHFFFAOYSA-N,sulfonamide,*c1c(F)cccc1F,435.41
GLUE1435,O=C1CCC(N2Cc3cccc(NC(=O)Cc4c(F)cccc4F)c3C2=O)C(=O)N1,UUCFIZAIMASKDI-UHFFFAOYSA-N,acetamide,*c1c(F)cccc1F,413.38
GLUE1436,O=C1CCC(N2Cc3cccc(NC(=O)Nc4c(F)cccc4F)c3C2=O)C(=O)N1,UZICLFSAVKNNSU-UHFFFAOYSA-N,urea,*c1c(F)cccc1F,414.37
GLUE1437,O=C1CCC(N2Cc3cccc(NC(=O)Oc4c(F)cccc4F)c3C2=O)C(=O)N1,LPDHCMLAHREDIP-UHFFFAOYSA-N,carbamate,*c1c(F)cccc1F,415.35
GLUE1438,O=C1CCC(N2Cc3cccc(NC(=O)c4cccc5sccc45)c3C2=O)C(=O)N1,NYFYNMAMLLPLCH-UHFFFAOYSA-N,amide,*c1cccc2sccc12,419.46
GLUE1439,O=C1CCC(N2Cc3cccc(NS(=O)(=O)c4cccc5sccc45)c3C2=O)C(=O)N1,WEVMADGNGKJXRN-UHFFFAOYSA-N,sulfonamide,*c1cccc2sccc12,455.52
GLUE1440,O=C1CCC(N2Cc3cccc(NC(=O)Cc4cccc5sccc45)c3C2=O)C(=O)N1,AHMBDENVBYUYQG-UHFFFAOYSA-N,acetamide,*c1cccc2sccc12,433.49
GLUE1441,O=C1CCC(N2Cc3cccc(NC(=O)Nc4cccc5sccc45)c3C2=O)C(=O)N1,JQHQMHJCDMYSPG-UHFFFAOYSA-N,urea,*c1cccc2sccc12,434.48
GLUE1442,O=C1CCC(N2Cc3cccc(NC(=O)Oc4cccc5sccc45)c3C2=O)C(=O)N1,IEUCRFUIUYNXMG-UHFFFAOYSA-N,carbamate,*c1cccc2sccc12,435.46
GLUE1443,O=C1CCC(N2Cc3cccc(NC(=O)c4ccc5ccc(=O)[nH]c5c4)c3C2=O)C(=O)N1,RLFCCQNFOIGSMA-UHFFFAOYSA-N,amide,*c1ccc2ccc(=O)[nH]c2c1,430.42
GLUE1444,O=C1CCC(N2Cc3cccc(NS(=O)(=O)c4ccc5ccc(=O)[nH]c5c4)c3C2=O)C(=O)N1,KDZRBWFVGZEENG-UHFFFAOYSA-N,sulfonamide,*c1ccc2ccc(=O)[nH]c2c1,466.48
GLUE1445,O=C1CCC(N2Cc3cccc(NC(=O)Cc4ccc5ccc(=O)[nH]c5c4)c3C2=O)C(=O)N1,RQMKUZZRIOWBAW-UHFFFAOYSA-N,acetamide,*c1ccc2ccc(=O)[nH]c2c1,444.45
GLUE1446,O=C1CCC(N2Cc3cccc(NC(=O)Nc4ccc5ccc(=O)[nH]c5c4)c3C2=O)C(=O)N1,KRJFUXFTQCBXHF-UHFFFAOYSA-N,urea,*c1ccc2ccc(=O)[nH]c2c1,445.44
GLUE1447,O=C1CCC(N2Cc3cccc(NC(=O)Oc4ccc5ccc(=O)[nH]c5c4)c3C2=O)C(=O)N1,WEUQMVRPSNAYHO-UHFFFAOYSA-N,carbamate,*c1ccc2ccc(=O)[nH]c2c1,446.42
GLUE1448,Cc1ncc(C(=O)Nc2cccc3c2C(=O)N(C2CCC(=O)NC2=O)C3)c(C)n1,WYBJBKUHSMMLEJ-UHFFFAOYSA-N,amide,*c1cnc(C)nc1C,393.4
GLUE1449,Cc1ncc(S(=O)(=O)Nc2cccc3c2C(=O)N(C2CCC(=O)NC2=O)C3)c(C)n1,HOJHKFRWLHBDRS-UHFFFAOYSA-N,sulfonamide,*c1cnc(C)nc1C,429.46
GLUE1450,Cc1ncc(CC(=O)Nc2cccc3c2C(=O)N(C2CCC(=O)NC2=O)C3)c(C)n1,ZUYIVWRPTHTQDG-UHFFFAOYSA-N,acetamide,*c1cnc(C)nc1C,407.43
GLUE1451,Cc1ncc(NC(=O)Nc2cccc3c2C(=O)N(C2CCC(=O)NC2=O)C3)c(C)n1,RUZHFUMSZBIMIH-UHFFFAOYSA-N,urea,*c1cnc(C)nc1C,408.42
GLUE1452,Cc1ncc(OC(=O)Nc2cccc3c2C(=O)N(C2CCC(=O)NC2=O)C3)c(C)n1,JPBOSUCMDHLGAL-UHFFFAOYSA-N,carbamate,*c1cnc(C)nc1C,409.4
GLUE1453,O=C1CCC(N2Cc3cccc(NC(=O)c4ccc(F)cn4)c3C2=O)C(=O)N1,UMVOKJKFYQIEOZ-UHFFFAOYSA-N,amide,*c1ccc(F)cn1,382.35
GLUE1454,O=C1CCC(N2Cc3cccc(NS(=O)(=O)c4ccc(F)cn4)c3C2=O)C(=O)N1,KJZOINMNOADIIA-UHFFFAOYSA-N,sulfonamide,*c1ccc(F)cn1,418.41
GLUE1455,O=C1CCC(N2Cc3cccc(NC(=O)Cc4ccc(F)cn4)c3C2=O)C(=O)N1,MHDAVHGDLIRBNQ-UHFFFAOYSA-N,acetamide,*c1ccc(F)cn1,396.38
GLUE1456,O=C1CCC(N2Cc3cccc(NC(=O)Nc4ccc(F)cn4)c3C2=O)C(=O)N1,SLYDFUGXDZIEND-UHFFFAOYSA-N,urea,*c1ccc(F)cn1,397.37
GLUE1457,O=C1CCC(N2Cc3cccc(NC(=O)Oc4ccc(F)cn4)c3C2=O)C(=O)N1,GGLZIWNRZVVTLS-UHFFFAOYSA-N,carbamate,*c1ccc(F)cn1,398.35
GLUE1458,CN(CS(=O)(=O)[O-])C(=O)Nc1cccc2c1C(=O)N(C1CCC(=O)NC1=O)C2,GFFLCCNHXDFYOH-UHFFFAOYSA-M,amide,*N(C)CS(=O)(=O)[O-],409.4
GLUE1459,CN(CS(=O)(=O)[O-])S(=O)(=O)Nc1cccc2c1C(=O)N(C1CCC(=O)NC1=O)C2,RNULIFQHRVQCNG-UHFFFAOYSA-M,sulfonamide,*N(C)CS(=O)(=O)[O-],445.46
GLUE1460,CN(CC(=O)Nc1cccc2c1C(=O)N(C1CCC(=O)NC1=O)C2)CS(=O)(=O)[O-],VTOJCJWVJUGGCJ-UHFFFAOYSA-M,acetamide,*N(C)CS(=O)(=O)[O-],423.43
GLUE1461,CN(CS(=O)(=O)[O-])NC(=O)Nc1cccc2c1C(=O)N(C1CCC(=O)NC1=O)C2,XCQLMPJGVXIKNF-UHFFFAOYSA-M,urea,*N(C)CS(=O)(=O)[O-],424.42
GLUE1462,CN(CS(=O)(=O)[O-])OC(=O)Nc1cccc2c1C(=O)N(C1CCC(=O)NC1=O)C2,QPMGGEKBFSFZNF-UHFFFAOYSA-M,carbamate,*N(C)CS(=O)(=O)[O-],425.4
GLUE1463,CC(C)(O)CC(=O)Nc1cccc2c1C(=O)N(C1CCC(=O)NC1=O)C2,DVSXXRQNGVTWRG-UHFFFAOYSA-N,amide,*CC(C)(C)O,359.38
GLUE1464,CC(C)(O)CS(=O)(=O)Nc1cccc2c1C(=O)N(C1CCC(=O)NC1=O)C2,LFEFJFUOOOJFPQ-UHFFFAOYSA-N,sulfonamide,*CC(C)(C)O,395.44
GLUE1465,CC(C)(O)CCC(=O)Nc1cccc2c1C(=O)N(C1CCC(=O)NC1=O)C2,XHXXGNVNXPQDGB-UHFFFAOYSA-N,acetamide,*CC(C)(C)O,373.41
GLUE1466,CC(C)(O)CNC(=O)Nc1cccc2c1C(=O)N(C1CCC(=O)NC1=O)C2,GNCTZHRLGRUHRI-UHFFFAOYSA-N,urea,*CC(C)(C)O,374.4
GLUE1467,CC(C)(O)COC(=O)Nc1cccc2c1C(=O)N(C1CCC(=O)NC1=O)C2,NTZNNKZZAAVMED-UHFFFAOYSA-N,carbamate,*CC(C)(C)O,375.38
GLUE1468,NC(=O)CS(=O)(=O)Nc1cccc2c1C(=O)N(C1CCC(=O)NC1=O)C2,DLQNEBKDZVBNNB-UHFFFAOYSA-N,sulfonamide,*CC(N)=O,380.38
GLUE1469,NC(=O)CCC(=O)Nc1cccc2c1C(=O)N(C1CCC(=O)NC1=O)C2,HHJQHKFXEXTZEP-UHFFFAOYSA-N,acetamide,*CC(N)=O,358.35
GLUE1470,NC(=O)CNC(=O)Nc1cccc2c1C(=O)N(C1CCC(=O)NC1=O)C2,NOFSUBDTUNNFCF-UHFFFAOYSA-N,urea,*CC(N)=O,359.34
GLUE1471,NC(=O)COC(=O)Nc1cccc2c1C(=O)N(C1CCC(=O)NC1=O)C2,ZTKPAWHNGDBOPY-UHFFFAOYSA-N,carbamate,*CC(N)=O,360.33
GLUE1472,O=C1CCC(N2Cc3cccc(NC(=O)n4ncnn4)c3C2=O)C(=O)N1,QVSNYBPJWAMTNX-UHFFFAOYSA-N,amide,*n1ncnn1,355.31
GLUE1473,O=C1CCC(N2Cc3cccc(NS(=O)(=O)n4ncnn4)c3C2=O)C(=O)N1,OKRVGRUNZZMOJX-UHFFFAOYSA-N,sulfonamide,*n1ncnn1,391.37
GLUE1474,O=C1CCC(N2Cc3cccc(NC(=O)Cn4ncnn4)c3C2=O)C(=O)N1,BHWJFJVKDYAWGY-UHFFFAOYSA-N,acetamide,*n1ncnn1,369.34
GLUE1475,O=C1CCC(N2Cc3cccc(NC(=O)Nn4ncnn4)c3C2=O)C(=O)N1,MUPCOIJCKJJHSH-UHFFFAOYSA-N,urea,*n1ncnn1,370.33
GLUE1476,O=C1CCC(N2Cc3cccc(NC(=O)On4ncnn4)c3C2=O)C(=O)N1,GELUSCSNGVRBFR-UHFFFAOYSA-N,carbamate,*n1ncnn1,371.31
GLUE1477,N#Cc1cnn(C(=O)Nc2cccc3c2C(=O)N(C2CCC(=O)NC2=O)C3)c1,KBBGPOOVNGHBCM-UHFFFAOYSA-N,amide,*n1cc(C#N)cn1,378.35
GLUE1478,N#Cc1cnn(S(=O)(=O)Nc2cccc3c2C(=O)N(C2CCC(=O)NC2=O)C3)c1,HPNSMUTZSWYZSU-UHFFFAOYSA-N,sulfonamide,*n1cc(C#N)cn1,414.4
GLUE1479,N#Cc1cnn(CC(=O)Nc2cccc3c2C(=O)N(C2CCC(=O)NC2=O)C3)c1,QFHSVYKTQBQATI-UHFFFAOYSA-N,acetamide,*n1cc(C#N)cn1,392.38
GLUE1480,N#Cc1cnn(NC(=O)Nc2cccc3c2C(=O)N(C2CCC(=O)NC2=O)C3)c1,QFJBBFWYSGQFHQ-UHFFFAOYSA-N,urea,*n1cc(C#N)cn1,393.36
GLUE1481,N#Cc1cnn(OC(=O)Nc2cccc3c2C(=O)N(C2CCC(=O)NC2=O)C3)c1,DNUVJGMHMOHKMI-UHFFFAOYSA-N,carbamate,*n1cc(C#N)cn1,394.35
GLUE1482,CC1(C)[C@H](C(=O)Nc2cccc3c2C(=O)N(C2CCC(=O)NC2=O)C3)N2C(=O)C[C@H]2S1(=O)=O,OZRLMSDPEQWOGX-PCODZPRTSA-N,amide,*[C@@H]1N2C(=O)C[C@H]2S(=O)(=O)C1(C)C,474.5
GLUE1483,CC1(C)[C@H](S(=O)(=O)Nc2cccc3c2C(=O)N(C2CCC(=O)NC2=O)C3)N2C(=O)C[C@H]2S1(=O)=O,FWVHGUIFTKVEEC-YJVRRGMSSA-N,sulfonamide,*[C@@H]1N2C(=O)C[C@H]2S(=O)(=O)C1(C)C,510.55
GLUE1484,CC1(C)[C@H](CC(=O)Nc2cccc3c2C(=O)N(C2CCC(=O)NC2=O)C3)N2C(=O)C[C@H]2S1(=O)=O,TZYHTBOGOFPVKT-VVPPIPSKSA-N,acetamide,*[C@@H]1N2C(=O)C[C@H]2S(=O)(=O)C1(C)C,488.52
GLUE1485,CC1(C)[C@H](NC(=O)Nc2cccc3c2C(=O)N(C2CCC(=O)NC2=O)C3)N2C(=O)C[C@H]2S1(=O)=O,RMLKWTSGFIJMIG-BPABVPKJSA-N,urea,*[C@@H]1N2C(=O)C[C@H]2S(=O)(=O)C1(C)C,489.51
GLUE1486,CC1(C)[C@H](OC(=O)Nc2cccc3c2C(=O)N(C2CCC(=O)NC2=O)C3)N2C(=O)C[C@H]2S1(=O)=O,QKZJSHIGKZVBMP-YJVRRGMSSA-N,carbamate,*[C@@H]1N2C(=O)C[C@H]2S(=O)(=O)C1(C)C,490.49
GLUE1487,O=C1CCC(N2Cc3cccc(NC(=O)n4ccnn4)c3C2=O)C(=O)N1,XYFXICHINBZIKE-UHFFFAOYSA-N,amide,*n1ccnn1,354.33
GLUE1488,O=C1CCC(N2Cc3cccc(NS(=O)(=O)n4ccnn4)c3C2=O)C(=O)N1,PPOXETZGBHMJQE-UHFFFAOYSA-N,sulfonamide,*n1ccnn1,390.38
GLUE1489,O=C1CCC(N2Cc3cccc(NC(=O)Cn4ccnn4)c3C2=O)C(=O)N1,LUVPMCOHNJBUNE-UHFFFAOYSA-N,acetamide,*n1ccnn1,368.35
GLUE1490,O=C1CCC(N2Cc3cccc(NC(=O)Nn4ccnn4)c3C2=O)C(=O)N1,QJOFNSYNQISKKX-UHFFFAOYSA-N,urea,*n1ccnn1,369.34
GLUE1491,O=C1CCC(N2Cc3cccc(NC(=O)On4ccnn4)c3C2=O)C(=O)N1,LMAFSBHWNFEGNE-UHFFFAOYSA-N,carbamate,*n1ccnn1,370.33
GLUE1492,O=C1CCC(N2Cc3cccc(NS(=O)(=O)COP(=O)(O)O)c3C2=O)C(=O)N1,YVGUMYPRUWXDIV-UHFFFAOYSA-N,sulfonamide,*COP(=O)(O)O,433.34
GLUE1493,O=C1CCC(N2Cc3cccc(NC(=O)CCOP(=O)(O)O)c3C2=O)C(=O)N1,YOZJYUDYLNULTG-UHFFFAOYSA-N,acetamide,*COP(=O)(O)O,411.31
GLUE1494,O=C1CCC(N2Cc3cccc(NC(=O)NCOP(=O)(O)O)c3C2=O)C(=O)N1,IDEQIEVIBJAYRM-UHFFFAOYSA-N,urea,*COP(=O)(O)O,412.3
GLUE1495,O=C1CCC(N2Cc3cccc(NC(=O)OCOP(=O)(O)O)c3C2=O)C(=O)N1,MGXUZMYKDAATPG-UHFFFAOYSA-N,carbamate,*COP(=O)(O)O,413.28
GLUE1496,Cc1n[nH]c(C)c1C(=O)Nc1cccc2c1C(=O)N(C1CCC(=O)NC1=O)C2,CVTYHNXANAPEDT-UHFFFAOYSA-N,amide,*c1c(C)n[nH]c1C,381.39
GLUE1497,Cc1n[nH]c(C)c1S(=O)(=O)Nc1cccc2c1C(=O)N(C1CCC(=O)NC1=O)C2,UTKIQPODUICBQL-UHFFFAOYSA-N,sulfonamide,*c1c(C)n[nH]c1C,417.45
GLUE1498,Cc1n[nH]c(C)c1CC(=O)Nc1cccc2c1C(=O)N(C1CCC(=O)NC1=O)C2,PTJGMMPWUTWANI-UHFFFAOYSA-N,acetamide,*c1c(C)n[nH]c1C,395.42
GLUE1499,Cc1n[nH]c(C)c1NC(=O)Nc1cccc2c1C(=O)N(C1CCC(=O)NC1=O)C2,RPLACFAYRKPHLT-UHFFFAOYSA-N,urea,*c1c(C)n[nH]c1C,396.41
GLUE1500,Cc1n[nH]c(C)c1OC(=O)Nc1cccc2c1C(=O)N(C1CCC(=O)NC1=O)C2,UKRGBDFHCPBQOC-UHFFFAOYSA-N,carbamate,*c1c(C)n[nH]c1C,397.39
GLUE1501,O=C1CCC(N2Cc3cccc(NC(=O)N4CC[C@H](O)C4)c3C2=O)C(=O)N1,WGHODKBBFWGKRA-AMGKYWFPSA-N,amide,*N1CC[C@H](O)C1,372.38
GLUE1502,O=C1CCC(N2Cc3cccc(NS(=O)(=O)N4CC[C@H](O)C4)c3C2=O)C(=O)N1,ZEIDAPIOCBXIJC-AMGKYWFPSA-N,sulfonamide,*N1CC[C@H](O)C1,408.44
GLUE1503,O=C1CCC(N2Cc3cccc(NC(=O)CN4CC[C@H](O)C4)c3C2=O)C(=O)N1,HCTAUBBZOSRPDZ-NBFOIZRFSA-N,acetamide,*N1CC[C@H](O)C1,386.41
GLUE1504,O=C1CCC(N2Cc3cccc(NC(=O)NN4CC[C@H](O)C4)c3C2=O)C(=O)N1,NMXZXKGDSONYNC-AMGKYWFPSA-N,urea,*N1CC[C@H](O)C1,387.4
GLUE1505,O=C1CCC(N2Cc3cccc(NC(=O)ON4CC[C@H](O)C4)c3C2=O)C(=O)N1,DPWPQMOWKKCDEE-AMGKYWFPSA-N,carbamate,*N1CC[C@H](O)C1,388.38
GLUE1506,CC1(C)C2CCC(C2)C1(C)C(=O)Nc1cccc2c1C(=O)N(C1CCC(=O)NC1=O)C2,LWEYWYOAOGRGPO-UHFFFAOYSA-N,amide,*C1(C)C2CCC(C2)C1(C)C,423.51
GLUE1507,CC1(C)C2CCC(C2)C1(C)S(=O)(=O)Nc1cccc2c1C(=O)N(C1CCC(=O)NC1=O)C2,WPAFIGXOYFIMBT-UHFFFAOYSA-N,sulfonamide,*C1(C)C2CCC(C2)C1(C)C,459.57
GLUE1508,CC1(C)C2CCC(C2)C1(C)CC(=O)Nc1cccc2c1C(=O)N(C1CCC(=O)NC1=O)C2,PAVVKLKCTLYWHW-UHFFFAOYSA-N,acetamide,*C1(C)C2CCC(C2)C1(C)C,437.54
GLUE1509,CC1(C)C2CCC(C2)C1(C)NC(=O)Nc1cccc2c1C(=O)N(C1CCC(=O)NC1=O)C2,MTACHWBKFSAOJR-UHFFFAOYSA-N,urea,*C1(C)C2CCC(C2)C1(C)C,438.53
GLUE1510,CC1(C)C2CCC(C2)C1(C)OC(=O)Nc1cccc2c1C(=O)N(C1CCC(=O)NC1=O)C2,AOQQXAHKIPQGFV-UHFFFAOYSA-N,carbamate,*C1(C)C2CCC(C2)C1(C)C,439.51
GLUE1511,O=C1CCC(N2Cc3cccc(NC(=O)CCCS(=O)(=O)O)c3C2=O)C(=O)N1,SYWYOPCDXZTCDU-UHFFFAOYSA-N,amide,*CCCS(=O)(=O)O,409.42
GLUE1512,O=C1CCC(N2Cc3cccc(NS(=O)(=O)CCCS(=O)(=O)O)c3C2=O)C(=O)N1,DNBXLSOLDCUHOA-UHFFFAOYSA-N,sulfonamide,*CCCS(=O)(=O)O,445.48
GLUE1513,O=C1CCC(N2Cc3cccc(NC(=O)CCCCS(=O)(=O)O)c3C2=O)C(=O)N1,FVZDCSDUEKUYKY-UHFFFAOYSA-N,acetamide,*CCCS(=O)(=O)O,423.45
GLUE1514,O=C1CCC(N2Cc3cccc(NC(=O)NCCCS(=O)(=O)O)c3C2=O)C(=O)N1,DRXBYYWHMVCEIE-UHFFFAOYSA-N,urea,*CCCS(=O)(=O)O,424.44
GLUE1515,O=C1CCC(N2Cc3cccc(NC(=O)OCCCS(=O)(=O)O)c3C2=O)C(=O)N1,AVLGBTHEWIXSPG-UHFFFAOYSA-N,carbamate,*CCCS(=O)(=O)O,425.42
GLUE1516,Nc1cc(C(=O)Nc2cccc3c2C(=O)N(C2CCC(=O)NC2=O)C3)c[nH]c1=O,CAISZQZNMLWWEP-UHFFFAOYSA-N,amide,*c1c[nH]c(=O)c(N)c1,395.38
GLUE1517,Nc1cc(S(=O)(=O)Nc2cccc3c2C(=O)N(C2CCC(=O)NC2=O)C3)c[nH]c1=O,FKDOAXLBKJQLGI-UHFFFAOYSA-N,sulfonamide,*c1c[nH]c(=O)c(N)c1,431.43
GLUE1518,Nc1cc(CC(=O)Nc2cccc3c2C(=O)N(C2CCC(=O)NC2=O)C3)c[nH]c1=O,JMNVODWLDVLIIB-UHFFFAOYSA-N,acetamide,*c1c[nH]c(=O)c(N)c1,409.4
GLUE1519,Nc1cc(NC(=O)Nc2cccc3c2C(=O)N(C2CCC(=O)NC2=O)C3)c[nH]c1=O,SGDMZGPGTCVSTR-UHFFFAOYSA-N,urea,*c1c[nH]c(=O)c(N)c1,410.39
GLUE1520,Nc1cc(OC(=O)Nc2cccc3c2C(=O)N(C2CCC(=O)NC2=O)C3)c[nH]c1=O,UYXWCGPBVQQSIM-UHFFFAOYSA-N,carbamate,*c1c[nH]c(=O)c(N)c1,411.37
GLUE1521,CC(C)(C)C(O)CC(=O)Nc1cccc2c1C(=O)N(C1CCC(=O)NC1=O)C2,LXVLDBQWPWLNTP-UHFFFAOYSA-N,amide,*CC(O)C(C)(C)C,387.44
GLUE1522,CC(C)(C)C(O)CS(=O)(=O)Nc1cccc2c1C(=O)N(C1CCC(=O)NC1=O)C2,COXYDMDZNIVXJD-UHFFFAOYSA-N,sulfonamide,*CC(O)C(C)(C)C,423.49
GLUE1523,CC(C)(C)C(O)CCC(=O)Nc1cccc2c1C(=O)N(C1CCC(=O)NC1=O)C2,HTQOIDQRIQVCMM-UHFFFAOYSA-N,acetamide,*CC(O)C(C)(C)C,401.46
GLUE1524,CC(C)(C)C(O)CNC(=O)Nc1cccc2c1C(=O)N(C1CCC(=O)NC1=O)C2,HLUQLURQVFLYKA-UHFFFAOYSA-N,urea,*CC(O)C(C)(C)C,402.45
GLUE1525,CC(C)(C)C(O)COC(=O)Nc1cccc2c1C(=O)N(C1CCC(=O)NC1=O)C2,HMDKYXQPYHAKPZ-UHFFFAOYSA-N,carbamate,*CC(O)C(C)(C)C,403.44
GLUE1526,O=C(O)CCCCCCC(=O)Nc1cccc2c1C(=O)N(C1CCC(=O)NC1=O)C2,UGBCPEFUGMFATO-UHFFFAOYSA-N,amide,*CCCCCCC(=O)O,415.45
GLUE1527,O=C(O)CCCCCCS(=O)(=O)Nc1cccc2c1C(=O)N(C1CCC(=O)NC1=O)C2,KIFOTJUZEYEZLV-UHFFFAOYSA-N,sulfonamide,*CCCCCCC(=O)O,451.5
GLUE1528,O=C(O)CCCCCCCC(=O)Nc1cccc2c1C(=O)N(C1CCC(=O)NC1=O)C2,ITTQTKYHRSKINY-UHFFFAOYSA-N,acetamide,*CCCCCCC(=O)O,429.47
GLUE1529,O=C(O)CCCCCCNC(=O)Nc1cccc2c1C(=O)N(C1CCC(=O)NC1=O)C2,DPFGLUPNMACNCF-UHFFFAOYSA-N,urea,*CCCCCCC(=O)O,430.46
GLUE1530,O=C(O)CCCCCCOC(=O)Nc1cccc2c1C(=O)N(C1CCC(=O)NC1=O)C2,UNLABHYVVQDDML-UHFFFAOYSA-N,carbamate,*CCCCCCC(=O)O,431.45
GLUE1531,O=C1CCC(N2Cc3cccc(NC(=O)C4COc5ccccc5O4)c3C2=O)C(=O)N1,JNGFSBGCFMOJFK-UHFFFAOYSA-N,amide,*C1COc2ccccc2O1,421.41
GLUE1532,O=C1CCC(N2Cc3cccc(NS(=O)(=O)C4COc5ccccc5O4)c3C2=O)C(=O)N1,WWYGQXLFWWPTNJ-UHFFFAOYSA-N,sulfonamide,*C1COc2ccccc2O1,457.46
GLUE1533,O=C1CCC(N2Cc3cccc(NC(=O)CC4COc5ccccc5O4)c3C2=O)C(=O)N1,LMKSDHVATBRTNU-UHFFFAOYSA-N,acetamide,*C1COc2ccccc2O1,435.44
GLUE1534,O=C1CCC(N2Cc3cccc(NC(=O)NC4COc5ccccc5O4)c3C2=O)C(=O)N1,XTVNBIOXMLFKHA-UHFFFAOYSA-N,urea,*C1COc2ccccc2O1,436.42
GLUE1535,O=C1CCC(N2Cc3cccc(NC(=O)OC4COc5ccccc5O4)c3C2=O)C(=O)N1,HXHXCLUPDCPKNR-UHFFFAOYSA-N,carbamate,*C1COc2ccccc2O1,437.41
GLUE1536,O=C1CCC(N2Cc3cccc(NC(=O)C4CCc5cc(F)ccc5O4)c3C2=O)C(=O)N1,AONKIXTZDHBCLZ-UHFFFAOYSA-N,amide,*C1CCc2cc(F)ccc2O1,437.43
GLUE1537,O=C1CCC(N2Cc3cccc(NS(=O)(=O)C4CCc5cc(F)ccc5O4)c3C2=O)C(=O)N1,YFBMVWZAWURUCI-UHFFFAOYSA-N,sulfonamide,*C1CCc2cc(F)ccc2O1,473.48
GLUE1538,O=C1CCC(N2Cc3cccc(NC(=O)CC4CCc5cc(F)ccc5O4)c3C2=O)C(=O)N1,WVJUNWGRJMHJGP-UHFFFAOYSA-N,acetamide,*C1CCc2cc(F)ccc2O1,451.45
GLUE1539,O=C1CCC(N2Cc3cccc(NC(=O)NC4CCc5cc(F)ccc5O4)c3C2=O)C(=O)N1,CERBZFXVTFQPKH-UHFFFAOYSA-N,urea,*C1CCc2cc(F)ccc2O1,452.44
GLUE1540,O=C1CCC(N2Cc3cccc(NC(=O)OC4CCc5cc(F)ccc5O4)c3C2=O)C(=O)N1,XCAHNUUTZAKWLH-UHFFFAOYSA-N,carbamate,*C1CCc2cc(F)ccc2O1,453.43
GLUE1541,Nc1nc2ccc(C(=O)Nc3cccc4c3C(=O)N(C3CCC(=O)NC3=O)C4)cc2s1,UFPJFQTXGZBTPV-UHFFFAOYSA-N,amide,*c1ccc2nc(N)sc2c1,435.47
GLUE1542,Nc1nc2ccc(S(=O)(=O)Nc3cccc4c3C(=O)N(C3CCC(=O)NC3=O)C4)cc2s1,SKSBEAYUCLZJTC-UHFFFAOYSA-N,sulfonamide,*c1ccc2nc(N)sc2c1,471.52
GLUE1543,Nc1nc2ccc(CC(=O)Nc3cccc4c3C(=O)N(C3CCC(=O)NC3=O)C4)cc2s1,YJZVRCIAOYSAHP-UHFFFAOYSA-N,acetamide,*c1ccc2nc(N)sc2c1,449.49
GLUE1544,Nc1nc2ccc(NC(=O)Nc3cccc4c3C(=O)N(C3CCC(=O)NC3=O)C4)cc2s1,DPRSEIJVSKMTHE-UHFFFAOYSA-N,urea,*c1ccc2nc(N)sc2c1,450.48
GLUE1545,Nc1nc2ccc(OC(=O)Nc3cccc4c3C(=O)N(C3CCC(=O)NC3=O)C4)cc2s1,GEKCRMGZMKJVEI-UHFFFAOYSA-N,carbamate,*c1ccc2nc(N)sc2c1,451.46
GLUE1546,O=C1CCC(N2Cc3cccc(NC(=O)N4CCCCCCC4)c3C2=O)C(=O)N1,GKAKKRHENCFEOL-UHFFFAOYSA-N,amide,*N1CCCCCCC1,398.46
GLUE1547,O=C1CCC(N2Cc3cccc(NS(=O)(=O)N4CCCCCCC4)c3C2=O)C(=O)N1,GZMQBGZLYQLQOD-UHFFFAOYSA-N,sulfonamide,*N1CCCCCCC1,434.52
GLUE1548,O=C1CCC(N2Cc3cccc(NC(=O)CN4CCCCCCC4)c3C2=O)C(=O)N1,HIXIJEKBLYVVTK-UHFFFAOYSA-N,acetamide,*N1CCCCCCC1,412.49
GLUE1549,O=C1CCC(N2Cc3cccc(NC(=O)NN4CCCCCCC4)c3C2=O)C(=O)N1,VNHKJLCADZEULG-UHFFFAOYSA-N,urea,*N1CCCCCCC1,413.48
GLUE1550,O=C1CCC(N2Cc3cccc(NC(=O)ON4CCCCCCC4)c3C2=O)C(=O)N1,VLRQKTBNPQHOHQ-UHFFFAOYSA-N,carbamate,*N1CCCCCCC1,414.46
GLUE1551,O=C1CCC(N2Cc3cccc(NS(=O)(=O)OC(F)(F)F)c3C2=O)C(=O)N1,HUKFKKGCIVVBQK-UHFFFAOYSA-N,sulfonamide,*OC(F)(F)F,407.33
GLUE1552,O=C1CCC(N2Cc3cccc(NC(=O)COC(F)(F)F)c3C2=O)C(=O)N1,HSCBUVLQFVNZSM-UHFFFAOYSA-N,acetamide,*OC(F)(F)F,385.3
GLUE1553,O=C1CCC(N2Cc3cccc(NC(=O)NOC(F)(F)F)c3C2=O)C(=O)N1,GBSCWAZOLZRDAI-UHFFFAOYSA-N,urea,*OC(F)(F)F,386.29
GLUE1554,O=C1CCC(N2Cc3cccc(NC(=O)OOC(F)(F)F)c3C2=O)C(=O)N1,UNOCDQJWUPTAIT-UHFFFAOYSA-N,carbamate,*OC(F)(F)F,387.27
GLUE1555,Nc1nnc(C(=O)Nc2cccc3c2C(=O)N(C2CCC(=O)NC2=O)C3)c(N)n1,WXWMYTNROCGRFQ-UHFFFAOYSA-N,amide,*c1nnc(N)nc1N,396.37
GLUE1556,Nc1nnc(S(=O)(=O)Nc2cccc3c2C(=O)N(C2CCC(=O)NC2=O)C3)c(N)n1,YTGKMPJUFJEBJL-UHFFFAOYSA-N,sulfonamide,*c1nnc(N)nc1N,432.42
GLUE1557,Nc1nnc(CC(=O)Nc2cccc3c2C(=O)N(C2CCC(=O)NC2=O)C3)c(N)n1,FFPQXMLCADUCOR-UHFFFAOYSA-N,acetamide,*c1nnc(N)nc1N,410.39
GLUE1558,Nc1nnc(NC(=O)Nc2cccc3c2C(=O)N(C2CCC(=O)NC2=O)C3)c(N)n1,AJJCNRXDHLTPOY-UHFFFAOYSA-N,urea,*c1nnc(N)nc1N,411.38
GLUE1559,Nc1nnc(OC(=O)Nc2cccc3c2C(=O)N(C2CCC(=O)NC2=O)C3)c(N)n1,VDIHBLSETBYJPJ-UHFFFAOYSA-N,carbamate,*c1nnc(N)nc1N,412.37
GLUE1560,Cn1cnc(C(=O)Nc2cccc3c2C(=O)N(C2CCC(=O)NC2=O)C3)n1,CURMIEOJWONIAR-UHFFFAOYSA-N,amide,*c1ncn(C)n1,368.35
GLUE1561,Cn1cnc(S(=O)(=O)Nc2cccc3c2C(=O)N(C2CCC(=O)NC2=O)C3)n1,YGRGFAKZXIGQEB-UHFFFAOYSA-N,sulfonamide,*c1ncn(C)n1,404.41
GLUE1562,Cn1cnc(CC(=O)Nc2cccc3c2C(=O)N(C2CCC(=O)NC2=O)C3)n1,MUAMGLYLHNMQNI-UHFFFAOYSA-N,acetamide,*c1ncn(C)n1,382.38
GLUE1563,Cn1cnc(NC(=O)Nc2cccc3c2C(=O)N(C2CCC(=O)NC2=O)C3)n1,BUTWAECOGIQFSH-UHFFFAOYSA-N,urea,*c1ncn(C)n1,383.37
GLUE1564,Cn1cnc(OC(=O)Nc2cccc3c2C(=O)N(C2CCC(=O)NC2=O)C3)n1,SDIWNIDHJWNSKK-UHFFFAOYSA-N,carbamate,*c1ncn(C)n1,384.35
GLUE1565,O=C1CCC(N2Cc3cccc(NC(=O)n4ccc(=O)[nH]c4=O)c3C2=O)C(=O)N1,UJOHOZSQZDVAIP-UHFFFAOYSA-N,amide,*n1ccc(=O)[nH]c1=O,397.35
GLUE1566,O=C1CCC(N2Cc3cccc(NS(=O)(=O)n4ccc(=O)[nH]c4=O)c3C2=O)C(=O)N1,LKHKFJAUBYBUPH-UHFFFAOYSA-N,sulfonamide,*n1ccc(=O)[nH]c1=O,433.4
GLUE1567,O=C1CCC(N2Cc3cccc(NC(=O)Cn4ccc(=O)[nH]c4=O)c3C2=O)C(=O)N1,VBUYMGJJWFSHQG-UHFFFAOYSA-N,acetamide,*n1ccc(=O)[nH]c1=O,411.37
GLUE1568,O=C1CCC(N2Cc3cccc(NC(=O)Nn4ccc(=O)[nH]c4=O)c3C2=O)C(=O)N1,SJYUWHVKILVBQW-UHFFFAOYSA-N,urea,*n1ccc(=O)[nH]c1=O,412.36
GLUE1569,O=C1CCC(N2Cc3cccc(NC(=O)On4ccc(=O)[nH]c4=O)c3C2=O)C(=O)N1,JEVAXMOZHWLALY-UHFFFAOYSA-N,carbamate,*n1ccc(=O)[nH]c1=O,413.35
GLUE1570,O=C1CCC(N2Cc3cccc(NC(=O)c4ccc5c(c4)NC(=O)CC5)c3C2=O)C(=O)N1,SRZPTQXYCQCXGG-UHFFFAOYSA-N,amide,*c1ccc2c(c1)NC(=O)CC2,432.44
GLUE1571,O=C1CCC(N2Cc3cccc(NS(=O)(=O)c4ccc5c(c4)NC(=O)CC5)c3C2=O)C(=O)N1,RWJCYMHKQLUOTP-UHFFFAOYSA-N,sulfonamide,*c1ccc2c(c1)NC(=O)CC2,468.49
GLUE1572,O=C1CCC(N2Cc3cccc(NC(=O)Cc4ccc5c(c4)NC(=O)CC5)c3C2=O)C(=O)N1,ZNKIBHCWYIPBKS-UHFFFAOYSA-N,acetamide,*c1ccc2c(c1)NC(=O)CC2,446.46
GLUE1573,O=C1CCC(N2Cc3cccc(NC(=O)Nc4ccc5c(c4)NC(=O)CC5)c3C2=O)C(=O)N1,MPMZTPVICDQDMD-UHFFFAOYSA-N,urea,*c1ccc2c(c1)NC(=O)CC2,447.45
GLUE1574,O=C1CCC(N2Cc3cccc(NC(=O)Oc4ccc5c(c4)NC(=O)CC5)c3C2=O)C(=O)N1,OOVNLJVZHFKPAU-UHFFFAOYSA-N,carbamate,*c1ccc2c(c1)NC(=O)CC2,448.44
GLUE1575,Cc1noc(C(=O)Nc2cccc3c2C(=O)N(C2CCC(=O)NC2=O)C3)c1Cl,KFSBDCPRSKKYKK-UHFFFAOYSA-N,amide,*c1onc(C)c1Cl,402.79
GLUE1576,Cc1noc(S(=O)(=O)Nc2cccc3c2C(=O)N(C2CCC(=O)NC2=O)C3)c1Cl,XIPFNQIIWFLEOY-UHFFFAOYSA-N,sulfonamide,*c1onc(C)c1Cl,438.85
GLUE1577,Cc1noc(CC(=O)Nc2cccc3c2C(=O)N(C2CCC(=O)NC2=O)C3)c1Cl,ZHGNOYJFYGEUEZ-UHFFFAOYSA-N,acetamide,*c1onc(C)c1Cl,416.82
GLUE1578,Cc1noc(NC(=O)Nc2cccc3c2C(=O)N(C2CCC(=O)NC2=O)C3)c1Cl,SSJGIMVKUXTXGN-UHFFFAOYSA-N,urea,*c1onc(C)c1Cl,417.81
GLUE1579,Cc1noc(OC(=O)Nc2cccc3c2C(=O)N(C2CCC(=O)NC2=O)C3)c1Cl,LUUVYIMFVAZDFR-UHFFFAOYSA-N,carbamate,*c1onc(C)c1Cl,418.79
GLUE1580,Cc1cc2c(cc1C(=O)Nc1cccc3c1C(=O)N(C1CCC(=O)NC1=O)C3)OCO2,HLZKAFREKBBCQD-UHFFFAOYSA-N,amide,*c1cc2c(cc1C)OCO2,421.41
GLUE1581,Cc1cc2c(cc1S(=O)(=O)Nc1cccc3c1C(=O)N(C1CCC(=O)NC1=O)C3)OCO2,HTYZBVWXVFFNMD-UHFFFAOYSA-N,sulfonamide,*c1cc2c(cc1C)OCO2,457.46
GLUE1582,Cc1cc2c(cc1CC(=O)Nc1cccc3c1C(=O)N(C1CCC(=O)NC1=O)C3)OCO2,ZJXMQPBNEMMDQJ-UHFFFAOYSA-N,acetamide,*c1cc2c(cc1C)OCO2,435.44
GLUE1583,Cc1cc2c(cc1NC(=O)Nc1cccc3c1C(=O)N(C1CCC(=O)NC1=O)C3)OCO2,WVZLTYAVKLUTSH-UHFFFAOYSA-N,urea,*c1cc2c(cc1C)OCO2,436.42
GLUE1584,Cc1cc2c(cc1OC(=O)Nc1cccc3c1C(=O)N(C1CCC(=O)NC1=O)C3)OCO2,ZHWFTCWZKWHGTD-UHFFFAOYSA-N,carbamate,*c1cc2c(cc1C)OCO2,437.41
GLUE1585,O=C1CCC(N2Cc3cccc(NC(=O)c4ccc5cnccc5c4)c3C2=O)C(=O)N1,QFUPYGIWLYJHDW-UHFFFAOYSA-N,amide,*c1ccc2cnccc2c1,414.42
GLUE1586,O=C1CCC(N2Cc3cccc(NS(=O)(=O)c4ccc5cnccc5c4)c3C2=O)C(=O)N1,GWWGYWPFBFLOOG-UHFFFAOYSA-N,sulfonamide,*c1ccc2cnccc2c1,450.48
GLUE1587,O=C1CCC(N2Cc3cccc(NC(=O)Cc4ccc5cnccc5c4)c3C2=O)C(=O)N1,UWGUNCCPGZROTD-UHFFFAOYSA-N,acetamide,*c1ccc2cnccc2c1,428.45
GLUE1588,O=C1CCC(N2Cc3cccc(NC(=O)Nc4ccc5cnccc5c4)c3C2=O)C(=O)N1,HMTXKTADFZFDPH-UHFFFAOYSA-N,urea,*c1ccc2cnccc2c1,429.44
GLUE1589,O=C1CCC(N2Cc3cccc(NC(=O)Oc4ccc5cnccc5c4)c3C2=O)C(=O)N1,JQONGJGHCZBWSR-UHFFFAOYSA-N,carbamate,*c1ccc2cnccc2c1,430.42
GLUE1590,NS(=O)(=O)CC(=O)Nc1cccc2c1C(=O)N(C1CCC(=O)NC1=O)C2,CRSBLOBUSPHGMR-UHFFFAOYSA-N,amide,*CS(N)(=O)=O,380.38
GLUE1591,NS(=O)(=O)CS(=O)(=O)Nc1cccc2c1C(=O)N(C1CCC(=O)NC1=O)C2,UAVGIJJFVPXVLQ-UHFFFAOYSA-N,sulfonamide,*CS(N)(=O)=O,416.44
GLUE1592,NS(=O)(=O)CCC(=O)Nc1cccc2c1C(=O)N(C1CCC(=O)NC1=O)C2,PJTUVLLIBZVOKV-UHFFFAOYSA-N,acetamide,*CS(N)(=O)=O,394.41
GLUE1593,NS(=O)(=O)CNC(=O)Nc1cccc2c1C(=O)N(C1CCC(=O)NC1=O)C2,ISNSQIAAYIOWCW-UHFFFAOYSA-N,urea,*CS(N)(=O)=O,395.4
GLUE1594,NS(=O)(=O)COC(=O)Nc1cccc2c1C(=O)N(C1CCC(=O)NC1=O)C2,NBYRUJVSDSHIOB-UHFFFAOYSA-N,carbamate,*CS(N)(=O)=O,396.38
GLUE1595,N=CNC(=O)Nc1cccc2c1C(=O)N(C1CCC(=O)NC1=O)C2,KLLZXZXVRBCEGK-UHFFFAOYSA-N,amide,*NC=N,329.32
GLUE1596,N=CNS(=O)(=O)Nc1cccc2c1C(=O)N(C1CCC(=O)NC1=O)C2,DVCODWUCFHFMOC-UHFFFAOYSA-N,sulfonamide,*NC=N,365.37
GLUE1597,N=CNCC(=O)Nc1cccc2c1C(=O)N(C1CCC(=O)NC1=O)C2,AGCLOWQHZBMLQT-UHFFFAOYSA-N,acetamide,*NC=N,343.34
GLUE1598,N=CNNC(=O)Nc1cccc2c1C(=O)N(C1CCC(=O)NC1=O)C2,PZSZKMOXYAZBAW-UHFFFAOYSA-N,urea,*NC=N,344.33
GLUE1599,N=CNOC(=O)Nc1cccc2c1C(=O)N(C1CCC(=O)NC1=O)C2,AQFKCEJMUFVPGB-UHFFFAOYSA-N,carbamate,*NC=N,345.32
GLUE1600,O=C1CCC(N2Cc3cccc(NC(=O)c4noc5ccccc45)c3C2=O)C(=O)N1,OUUWFZXKVHXMSP-UHFFFAOYSA-N,amide,*c1noc2ccccc12,404.38
GLUE1601,O=C1CCC(N2Cc3cccc(NS(=O)(=O)c4noc5ccccc45)c3C2=O)C(=O)N1,XGQPLZRTTDHXRH-UHFFFAOYSA-N,sulfonamide,*c1noc2ccccc12,440.44
GLUE1602,O=C1CCC(N2Cc3cccc(NC(=O)Cc4noc5ccccc45)c3C2=O)C(=O)N1,SZINPHGXMOZEDM-UHFFFAOYSA-N,acetamide,*c1noc2ccccc12,418.41
GLUE1603,O=C1CCC(N2Cc3cccc(NC(=O)Nc4noc5ccccc45)c3C2=O)C(=O)N1,FGEBFGZORMRFOT-UHFFFAOYSA-N,urea,*c1noc2ccccc12,419.4
GLUE1604,O=C1CCC(N2Cc3cccc(NC(=O)Oc4noc5ccccc45)c3C2=O)C(=O)N1,ZMHLBPCYTVIHDR-UHFFFAOYSA-N,carbamate,*c1noc2ccccc12,420.38
GLUE1605,O=C1CCC(N2Cc3cccc(NC(=O)[C@@H](CS)C(=O)O)c3C2=O)C(=O)N1,YHQIALYUMODVQZ-BFHBGLAWSA-N,amide,*[C@@H](CS)C(=O)O,391.41
GLUE1606,O=C1CCC(N2Cc3cccc(NS(=O)(=O)[C@@H](CS)C(=O)O)c3C2=O)C(=O)N1,JOEYBOJOVSXGDM-DTIOYNMSSA-N,sulfonamide,*[C@@H](CS)C(=O)O,427.46
GLUE1607,O=C1CCC(N2Cc3cccc(NC(=O)C[C@@H](CS)C(=O)O)c3C2=O)C(=O)N1,WAWCOQHBSUEQBW-NUHJPDEHSA-N,acetamide,*[C@@H](CS)C(=O)O,405.43
GLUE1608,O=C1CCC(N2Cc3cccc(NC(=O)N[C@@H](CS)C(=O)O)c3C2=O)C(=O)N1,NESOZXIBGNNRHS-VUWPPUDQSA-N,urea,*[C@@H](CS)C(=O)O,406.42
GLUE1609,O=C1CCC(N2Cc3cccc(NC(=O)O[C@@H](CS)C(=O)O)c3C2=O)C(=O)N1,JSLKKOCXPTUTRM-DTIOYNMSSA-N,carbamate,*[C@@H](CS)C(=O)O,407.4
GLUE1610,O=C1CCC(N2Cc3cccc(NC(=O)C4(C5=CCCCC5)C(=O)NC(=O)NC4=O)c3C2=O)C(=O)N1,UGMRZOUMYKWKSV-UHFFFAOYSA-N,amide,*C1(C2=CCCCC2)C(=O)NC(=O)NC1=O,493.48
GLUE1611,O=C1CCC(N2Cc3cccc(NS(=O)(=O)C4(C5=CCCCC5)C(=O)NC(=O)NC4=O)c3C2=O)C(=O)N1,GKQDGCHFDCGUHH-UHFFFAOYSA-N,sulfonamide,*C1(C2=CCCCC2)C(=O)NC(=O)NC1=O,529.53
GLUE1612,O=C1CCC(N2Cc3cccc(NC(=O)CC4(C5=CCCCC5)C(=O)NC(=O)NC4=O)c3C2=O)C(=O)N1,IKRJYAJUEDVEIY-UHFFFAOYSA-N,acetamide,*C1(C2=CCCCC2)C(=O)NC(=O)NC1=O,507.5
GLUE1613,O=C1CCC(N2Cc3cccc(NC(=O)NC4(C5=CCCCC5)C(=O)NC(=O)NC4=O)c3C2=O)C(=O)N1,PZSSZNZFGKUUGW-UHFFFAOYSA-N,urea,*C1(C2=CCCCC2)C(=O)NC(=O)NC1=O,508.49
GLUE1614,O=C1CCC(N2Cc3cccc(NC(=O)OC4(C5=CCCCC5)C(=O)NC(=O)NC4=O)c3C2=O)C(=O)N1,UUMFFVYKWQURBC-UHFFFAOYSA-N,carbamate,*C1(C2=CCCCC2)C(=O)NC(=O)NC1=O,509.48
GLUE1615,NC1=NC(=O)C(C(=O)Nc2cccc3c2C(=O)N(C2CCC(=O)NC2=O)C3)O1,QZVZIVFMOXFDQW-UHFFFAOYSA-N,amide,*C1OC(N)=NC1=O,385.34
GLUE1616,NC1=NC(=O)C(S(=O)(=O)Nc2cccc3c2C(=O)N(C2CCC(=O)NC2=O)C3)O1,CHENBFUHYVLDOK-UHFFFAOYSA-N,sulfonamide,*C1OC(N)=NC1=O,421.39
GLUE1617,NC1=NC(=O)C(CC(=O)Nc2cccc3c2C(=O)N(C2CCC(=O)NC2=O)C3)O1,RRIUANMGZZMNLF-UHFFFAOYSA-N,acetamide,*C1OC(N)=NC1=O,399.36
GLUE1618,NC1=NC(=O)C(NC(=O)Nc2cccc3c2C(=O)N(C2CCC(=O)NC2=O)C3)O1,GGDRNDCKSIRJME-UHFFFAOYSA-N,urea,*C1OC(N)=NC1=O,400.35
GLUE1619,NC1=NC(=O)C(OC(=O)Nc2cccc3c2C(=O)N(C2CCC(=O)NC2=O)C3)O1,XWPIFBSDFWOMTI-UHFFFAOYSA-N,carbamate,*C1OC(N)=NC1=O,401.34
GLUE1620,Cc1c(C(=O)Nc2cccc3c2C(=O)N(C2CCC(=O)NC2=O)C3)ccc2nc(N)nc(N)c12,SFPRLOILIHYICM-UHFFFAOYSA-N,amide,*c1ccc2nc(N)nc(N)c2c1C,459.47
GLUE1621,Cc1c(S(=O)(=O)Nc2cccc3c2C(=O)N(C2CCC(=O)NC2=O)C3)ccc2nc(N)nc(N)c12,ZZVOYXYPYIFHAV-UHFFFAOYSA-N,sulfonamide,*c1ccc2nc(N)nc(N)c2c1C,495.52
GLUE1622,Cc1c(CC(=O)Nc2cccc3c2C(=O)N(C2CCC(=O)NC2=O)C3)ccc2nc(N)nc(N)c12,MTCZZEWFULADDX-UHFFFAOYSA-N,acetamide,*c1ccc2nc(N)nc(N)c2c1C,473.49
GLUE1623,Cc1c(NC(=O)Nc2cccc3c2C(=O)N(C2CCC(=O)NC2=O)C3)ccc2nc(N)nc(N)c12,CRLYMQFUJMFSRH-UHFFFAOYSA-N,urea,*c1ccc2nc(N)nc(N)c2c1C,474.48
GLUE1624,Cc1c(OC(=O)Nc2cccc3c2C(=O)N(C2CCC(=O)NC2=O)C3)ccc2nc(N)nc(N)c12,AVUBIKWHNNBJTD-UHFFFAOYSA-N,carbamate,*c1ccc2nc(N)nc(N)c2c1C,475.47
GLUE1625,O=C1CCC(N2Cc3cccc(NC(=O)OCP(=O)(O)O)c3C2=O)C(=O)N1,HLMMEUCHKMLYHS-UHFFFAOYSA-N,amide,*OCP(=O)(O)O,397.28
GLUE1626,O=C1CCC(N2Cc3cccc(NS(=O)(=O)OCP(=O)(O)O)c3C2=O)C(=O)N1,UMUNTZYFWINGQG-UHFFFAOYSA-N,sulfonamide,*OCP(=O)(O)O,433.34
GLUE1627,O=C1CCC(N2Cc3cccc(NC(=O)COCP(=O)(O)O)c3C2=O)C(=O)N1,YLMVSSLJAYIEMO-UHFFFAOYSA-N,acetamide,*OCP(=O)(O)O,411.31
GLUE1628,O=C1CCC(N2Cc3cccc(NC(=O)NOCP(=O)(O)O)c3C2=O)C(=O)N1,WZQUJYPVQYDPFK-UHFFFAOYSA-N,urea,*OCP(=O)(O)O,412.3
GLUE1629,O=C1CCC(N2Cc3cccc(NC(=O)OOCP(=O)(O)O)c3C2=O)C(=O)N1,RNSLOCOPGLGMHL-UHFFFAOYSA-N,carbamate,*OCP(=O)(O)O,413.28
GLUE1630,O=C1CCC(N2Cc3cccc(NC(=O)C[C@H](O)[C@@H](O)[C@H](O)[C@H](O)CO)c3C2=O)C(=O)N1,RUJNCRGYLUXADL-ZICSQOAGSA-N,amide,*C[C@H](O)[C@@H](O)[C@H](O)[C@H](O)CO,451.43
GLUE1631,O=C1CCC(N2Cc3cccc(NS(=O)(=O)C[C@H](O)[C@@H](O)[C@H](O)[C@H](O)CO)c3C2=O)C(=O)N1,ZQNWRNLPPJDRDY-BZSADYMVSA-N,sulfonamide,*C[C@H](O)[C@@H](O)[C@H](O)[C@H](O)CO,487.49
GLUE1632,O=C1CCC(N2Cc3cccc(NC(=O)CC[C@H](O)[C@@H](O)[C@H](O)[C@H](O)CO)c3C2=O)C(=O)N1,XDQMSWMQPOKSNC-ANCOBHAESA-N,acetamide,*C[C@H](O)[C@@H](O)[C@H](O)[C@H](O)CO,465.46
GLUE1633,O=C1CCC(N2Cc3cccc(NC(=O)NC[C@H](O)[C@@H](O)[C@H](O)[C@H](O)CO)c3C2=O)C(=O)N1,YZXHRRFYJOPODH-LDWSZUNPSA-N,urea,*C[C@H](O)[C@@H](O)[C@H](O)[C@H](O)CO,466.45
GLUE1634,O=C1CCC(N2Cc3cccc(NC(=O)OC[C@H](O)[C@@H](O)[C@H](O)[C@H](O)CO)c3C2=O)C(=O)N1,WKTJFDVIUHJCSM-BZSADYMVSA-N,carbamate,*C[C@H](O)[C@@H](O)[C@H](O)[C@H](O)CO,467.43
GLUE1635,O=C1CCC(N2Cc3cccc(NC(=O)[C@H]4COC(=O)N4)c3C2=O)C(=O)N1,AGCGWDHNSLEPAH-NFJWQWPMSA-N,amide,*[C@H]1COC(=O)N1,372.34
GLUE1636,O=C1CCC(N2Cc3cccc(NS(=O)(=O)[C@H]4COC(=O)N4)c3C2=O)C(=O)N1,JZOLRVNRAWTHOG-KFJBMODSSA-N,sulfonamide,*[C@H]1COC(=O)N1,408.39
GLUE1637,O=C1CCC(N2Cc3cccc(NC(=O)C[C@H]4COC(=O)N4)c3C2=O)C(=O)N1,GVGMLPMKRHIVPL-NUHJPDEHSA-N,acetamide,*[C@H]1COC(=O)N1,386.36
GLUE1638,O=C1CCC(N2Cc3cccc(NC(=O)N[C@H]4COC(=O)N4)c3C2=O)C(=O)N1,HCCGYKSKWLEWEX-RRKGBCIJSA-N,urea,*[C@H]1COC(=O)N1,387.35
GLUE1639,O=C1CCC(N2Cc3cccc(NC(=O)O[C@H]4COC(=O)N4)c3C2=O)C(=O)N1,XHJCIQNYHWKSCI-KFJBMODSSA-N,carbamate,*[C@H]1COC(=O)N1,388.34
GLUE1640,O=C1CCC(N2Cc3cccc(NC(=O)N4CCNC4=O)c3C2=O)C(=O)N1,MZDJTBWSTZQBJC-UHFFFAOYSA-N,amide,*N1CCNC1=O,371.35
GLUE1641,O=C1CCC(N2Cc3cccc(NS(=O)(=O)N4CCNC4=O)c3C2=O)C(=O)N1,UOGVRALWPBZLRP-UHFFFAOYSA-N,sulfonamide,*N1CCNC1=O,407.41
GLUE1642,O=C1CCC(N2Cc3cccc(NC(=O)CN4CCNC4=O)c3C2=O)C(=O)N1,YBTQLXPSVSWQTA-UHFFFAOYSA-N,acetamide,*N1CCNC1=O,385.38
GLUE1643,O=C1CCC(N2Cc3cccc(NC(=O)NN4CCNC4=O)c3C2=O)C(=O)N1,XQEVBMKXJZFTRL-UHFFFAOYSA-N,urea,*N1CCNC1=O,386.37
GLUE1644,O=C1CCC(N2Cc3cccc(NC(=O)ON4CCNC4=O)c3C2=O)C(=O)N1,QCFCYJLBVGIEIU-UHFFFAOYSA-N,carbamate,*N1CCNC1=O,387.35
GLUE1645,NS(=O)(=O)OC(=O)Nc1cccc2c1C(=O)N(C1CCC(=O)NC1=O)C2,RADDWARXMRNHHR-UHFFFAOYSA-N,amide,*OS(N)(=O)=O,382.35
GLUE1646,NS(=O)(=O)OS(=O)(=O)Nc1cccc2c1C(=O)N(C1CCC(=O)NC1=O)C2,PKDHRDSGKYPQCL-UHFFFAOYSA-N,sulfonamide,*OS(N)(=O)=O,418.41
GLUE1647,NS(=O)(=O)OCC(=O)Nc1cccc2c1C(=O)N(C1CCC(=O)NC1=O)C2,PJCMLXQCIDFSGW-UHFFFAOYSA-N,acetamide,*OS(N)(=O)=O,396.38
GLUE1648,NS(=O)(=O)ONC(=O)Nc1cccc2c1C(=O)N(C1CCC(=O)NC1=O)C2,GFIQBYYYHXMXPP-UHFFFAOYSA-N,urea,*OS(N)(=O)=O,397.37
GLUE1649,NS(=O)(=O)OOC(=O)Nc1cccc2c1C(=O)N(C1CCC(=O)NC1=O)C2,NIZCZFZPYIHEKA-UHFFFAOYSA-N,carbamate,*OS(N)(=O)=O,398.35
GLUE1650,O=C1CCC(N2Cc3cccc(NC(=O)N4CCCC4=O)c3C2=O)C(=O)N1,SZNISZKNWCKXRM-UHFFFAOYSA-N,amide,*N1CCCC1=O,370.37
GLUE1651,O=C1CCC(N2Cc3cccc(NS(=O)(=O)N4CCCC4=O)c3C2=O)C(=O)N1,SBVJFIYCGVDWLX-UHFFFAOYSA-N,sulfonamide,*N1CCCC1=O,406.42
GLUE1652,O=C1CCC(N2Cc3cccc(NC(=O)CN4CCCC4=O)c3C2=O)C(=O)N1,BZXLCWBCDLYIHO-UHFFFAOYSA-N,acetamide,*N1CCCC1=O,384.39
GLUE1653,O=C1CCC(N2Cc3cccc(NC(=O)NN4CCCC4=O)c3C2=O)C(=O)N1,OTLRWQCFVBOWCS-UHFFFAOYSA-N,urea,*N1CCCC1=O,385.38
GLUE1654,O=C1CCC(N2Cc3cccc(NC(=O)ON4CCCC4=O)c3C2=O)C(=O)N1,RMTZUCCXDNULAA-UHFFFAOYSA-N,carbamate,*N1CCCC1=O,386.36
GLUE1655,O=C1CCC(N2Cc3cccc(NC(=O)[C@H]4CCc5c(O)cccc5C4)c3C2=O)C(=O)N1,FECQWTQTMQROKK-PIVQAISJSA-N,amide,*[C@H]1CCc2c(O)cccc2C1,433.46
GLUE1656,O=C1CCC(N2Cc3cccc(NS(=O)(=O)[C@H]4CCc5c(O)cccc5C4)c3C2=O)C(=O)N1,VESASPZHSHZIDK-BUSXIPJBSA-N,sulfonamide,*[C@H]1CCc2c(O)cccc2C1,469.52
GLUE1657,O=C1CCC(N2Cc3cccc(NC(=O)C[C@H]4CCc5c(O)cccc5C4)c3C2=O)C(=O)N1,OOSQUFNOJYHDNC-KTQQKIMGSA-N,acetamide,*[C@H]1CCc2c(O)cccc2C1,447.49
GLUE1658,O=C1CCC(N2Cc3cccc(NC(=O)N[C@H]4CCc5c(O)cccc5C4)c3C2=O)C(=O)N1,IIJGOKCGCNGCBU-BUSXIPJBSA-N,urea,*[C@H]1CCc2c(O)cccc2C1,448.48
GLUE1659,O=C1CCC(N2Cc3cccc(NC(=O)O[C@H]4CCc5c(O)cccc5C4)c3C2=O)C(=O)N1,GGTGFEWJFWSWPE-BUSXIPJBSA-N,carbamate,*[C@H]1CCc2c(O)cccc2C1,449.46
GLUE1660,O=C1CCC(N2Cc3cccc(NC(=O)OCCl)c3C2=O)C(=O)N1,IKRDYHSDNIHZHY-UHFFFAOYSA-N,amide,*OCCl,351.75
GLUE1661,O=C1CCC(N2Cc3cccc(NS(=O)(=O)OCCl)c3C2=O)C(=O)N1,UFZVCTKIXJCNPJ-UHFFFAOYSA-N,sulfonamide,*OCCl,387.8
GLUE1662,O=C1CCC(N2Cc3cccc(NC(=O)COCCl)c3C2=O)C(=O)N1,HVTIDHOSAJHKBT-UHFFFAOYSA-N,acetamide,*OCCl,365.77
GLUE1663,O=C1CCC(N2Cc3cccc(NC(=O)NOCCl)c3C2=O)C(=O)N1,CXDZGWHOMAYSGY-UHFFFAOYSA-N,urea,*OCCl,366.76
GLUE1664,O=C1CCC(N2Cc3cccc(NC(=O)OOCCl)c3C2=O)C(=O)N1,HZZIPRWBVXRUOI-UHFFFAOYSA-N,carbamate,*OCCl,367.75
GLUE1665,NC1(C(=O)Nc2cccc3c2C(=O)N(C2CCC(=O)NC2=O)C3)CCCCC1,XRHXCUCHUDXPQZ-UHFFFAOYSA-N,amide,*C1(N)CCCCC1,384.44
GLUE1666,NC1(S(=O)(=O)Nc2cccc3c2C(=O)N(C2CCC(=O)NC2=O)C3)CCCCC1,XCKFCHVNWKHTIS-UHFFFAOYSA-N,sulfonamide,*C1(N)CCCCC1,420.49
GLUE1667,NC1(CC(=O)Nc2cccc3c2C(=O)N(C2CCC(=O)NC2=O)C3)CCCCC1,KEXVMQOETCDSAQ-UHFFFAOYSA-N,acetamide,*C1(N)CCCCC1,398.46
GLUE1668,NC1(NC(=O)Nc2cccc3c2C(=O)N(C2CCC(=O)NC2=O)C3)CCCCC1,VGVGXVSJVCEECM-UHFFFAOYSA-N,urea,*C1(N)CCCCC1,399.45
GLUE1669,NC1(OC(=O)Nc2cccc3c2C(=O)N(C2CCC(=O)NC2=O)C3)CCCCC1,WFSDCHITDFGSSC-UHFFFAOYSA-N,carbamate,*C1(N)CCCCC1,400.44
GLUE1670,O=C1CCC(N2Cc3cccc(NC(=O)C[C@H](O)CO)c3C2=O)C(=O)N1,HMBOYVQFZMTOHM-NUHJPDEHSA-N,amide,*C[C@H](O)CO,361.35
GLUE1671,O=C1CCC(N2Cc3cccc(NS(=O)(=O)C[C@H](O)CO)c3C2=O)C(=O)N1,ZQVNUFAJMKECAX-RWANSRKNSA-N,sulfonamide,*C[C@H](O)CO,397.41
GLUE1672,O=C1CCC(N2Cc3cccc(NC(=O)CC[C@H](O)CO)c3C2=O)C(=O)N1,RNQFKVYHIHOOJL-AMGKYWFPSA-N,acetamide,*C[C@H](O)CO,375.38
GLUE1673,O=C1CCC(N2Cc3cccc(NC(=O)NC[C@H](O)CO)c3C2=O)C(=O)N1,OLABKINUDGOBGH-NUHJPDEHSA-N,urea,*C[C@H](O)CO,376.37
GLUE1674,O=C1CCC(N2Cc3cccc(NC(=O)OC[C@H](O)CO)c3C2=O)C(=O)N1,AOLZUOYTEBNXHI-RWANSRKNSA-N,carbamate,*C[C@H](O)CO,377.35
GLUE1675,O=C1CCC(N2Cc3cccc(NC(=O)C(=O)C(F)(F)F)c3C2=O)C(=O)N1,HSHWFTMMLCZLKR-UHFFFAOYSA-N,amide,*C(=O)C(F)(F)F,383.28
GLUE1676,O=C1CCC(N2Cc3cccc(NS(=O)(=O)C(=O)C(F)(F)F)c3C2=O)C(=O)N1,GHQXYPITAKMZQR-UHFFFAOYSA-N,sulfonamide,*C(=O)C(F)(F)F,419.34
GLUE1677,O=C1CCC(N2Cc3cccc(NC(=O)CC(=O)C(F)(F)F)c3C2=O)C(=O)N1,UIQUFURPOGQUTN-UHFFFAOYSA-N,acetamide,*C(=O)C(F)(F)F,397.31
GLUE1678,O=C1CCC(N2Cc3cccc(NC(=O)NC(=O)C(F)(F)F)c3C2=O)C(=O)N1,GFGDFBPSRVHQDR-UHFFFAOYSA-N,urea,*C(=O)C(F)(F)F,398.3
GLUE1679,O=C1CCC(N2Cc3cccc(NC(=O)OC(=O)C(F)(F)F)c3C2=O)C(=O)N1,FYYJVLMDEXSUGM-UHFFFAOYSA-N,carbamate,*C(=O)C(F)(F)F,399.28
GLUE1680,O=C1CCC(N2Cc3cccc(NC(=O)[C@@H]4CCNC4=O)c3C2=O)C(=O)N1,QVDXGFDLWFSPJI-RWANSRKNSA-N,amide,*[C@@H]1CCNC1=O,370.37
GLUE1681,O=C1CCC(N2Cc3cccc(NS(=O)(=O)[C@@H]4CCNC4=O)c3C2=O)C(=O)N1,MBLZORNRAYSQNI-PIJUOVFKSA-N,sulfonamide,*[C@@H]1CCNC1=O,406.42
GLUE1682,O=C1CCC(N2Cc3cccc(NC(=O)C[C@@H]4CCNC4=O)c3C2=O)C(=O)N1,XUKKVDOXLBRPPQ-NKUHCKNESA-N,acetamide,*[C@@H]1CCNC1=O,384.39
GLUE1683,O=C1CCC(N2Cc3cccc(NC(=O)N[C@@H]4CCNC4=O)c3C2=O)C(=O)N1,ZDUOJAWJCNCHOG-JHJMLUEUSA-N,urea,*[C@@H]1CCNC1=O,385.38
GLUE1684,O=C1CCC(N2Cc3cccc(NC(=O)O[C@@H]4CCNC4=O)c3C2=O)C(=O)N1,MEOAIWHFPYONPX-PIJUOVFKSA-N,carbamate,*[C@@H]1CCNC1=O,386.36
GLUE1685,O=C1CCC(N2Cc3cccc(NC(=O)C(F)F)c3C2=O)C(=O)N1,LTKWEXJJVADTLX-UHFFFAOYSA-N,amide,*C(F)F,337.28
GLUE1686,O=C1CCC(N2Cc3cccc(NS(=O)(=O)C(F)F)c3C2=O)C(=O)N1,KWVUXBPVLRQLGG-UHFFFAOYSA-N,sulfonamide,*C(F)F,373.34
GLUE1687,O=C1CCC(N2Cc3cccc(NC(=O)CC(F)F)c3C2=O)C(=O)N1,ZBTZOMXXUOLFFZ-UHFFFAOYSA-N,acetamide,*C(F)F,351.31
GLUE1688,O=C1CCC(N2Cc3cccc(NC(=O)NC(F)F)c3C2=O)C(=O)N1,VXQBEUDQLNLAQT-UHFFFAOYSA-N,urea,*C(F)F,352.3
GLUE1689,[2H]C1([2H])C(C(=O)Nc2cccc3c2C(=O)N(C2CCC(=O)NC2=O)C3)C([2H])([2H])C([2H])([2H])C1([2H])[2H],FGQPHPCFGOCIDN-YPKJOVNCSA-N,amide,*C1C([2H])([2H])C([2H])([2H])C([2H])([2H])C1([2H])[2H],363.44
GLUE1690,[2H]C1([2H])C(S(=O)(=O)Nc2cccc3c2C(=O)N(C2CCC(=O)NC2=O)C3)C([2H])([2H])C([2H])([2H])C1([2H])[2H],QTJKIGUNOJVDES-WYNDGVHTSA-N,sulfonamide,*C1C([2H])([2H])C([2H])([2H])C([2H])([2H])C1([2H])[2H],399.5
GLUE1691,[2H]C1([2H])C(CC(=O)Nc2cccc3c2C(=O)N(C2CCC(=O)NC2=O)C3)C([2H])([2H])C([2H])([2H])C1([2H])[2H],LNGBYQWJEIYBMT-YPKJOVNCSA-N,acetamide,*C1C([2H])([2H])C([2H])([2H])C([2H])([2H])C1([2H])[2H],377.47
GLUE1692,[2H]C1([2H])C(NC(=O)Nc2cccc3c2C(=O)N(C2CCC(=O)NC2=O)C3)C([2H])([2H])C([2H])([2H])C1([2H])[2H],UOQXKDZHXCFTBK-WYNDGVHTSA-N,urea,*C1C([2H])([2H])C([2H])([2H])C([2H])([2H])C1([2H])[2H],378.46
GLUE1693,[2H]C1([2H])C(OC(=O)Nc2cccc3c2C(=O)N(C2CCC(=O)NC2=O)C3)C([2H])([2H])C([2H])([2H])C1([2H])[2H],MEPSGXAVZUMCOT-WYNDGVHTSA-N,carbamate,*C1C([2H])([2H])C([2H])([2H])C([2H])([2H])C1([2H])[2H],379.44
GLUE1694,CCC(CC)C(=O)C(=O)Nc1cccc2c1C(=O)N(C1CCC(=O)NC1=O)C2,WTEYTMKLHYONGN-UHFFFAOYSA-N,amide,*C(=O)C(CC)CC,385.42
GLUE1695,CCC(CC)C(=O)S(=O)(=O)Nc1cccc2c1C(=O)N(C1CCC(=O)NC1=O)C2,GYSZTIZGJPJFHW-UHFFFAOYSA-N,sulfonamide,*C(=O)C(CC)CC,421.48
GLUE1696,CCC(CC)C(=O)CC(=O)Nc1cccc2c1C(=O)N(C1CCC(=O)NC1=O)C2,XAGDFDRIZHTPGG-UHFFFAOYSA-N,acetamide,*C(=O)C(CC)CC,399.45
GLUE1697,CCC(CC)C(=O)NC(=O)Nc1cccc2c1C(=O)N(C1CCC(=O)NC1=O)C2,XMQKCRMPMKVPFK-UHFFFAOYSA-N,urea,*C(=O)C(CC)CC,400.44
GLUE1698,CCC(CC)C(=O)OC(=O)Nc1cccc2c1C(=O)N(C1CCC(=O)NC1=O)C2,SLTDZXDHUQSMIY-UHFFFAOYSA-N,carbamate,*C(=O)C(CC)CC,401.42
GLUE1699,O=C1CCC(N2Cc3cccc(NC(=O)[C@H]4OC(=O)[C@H](O)[C@@H](O)[C@@H]4O)c3C2=O)C(=O)N1,PIXLTIHYJZICIQ-DWCHVLPFSA-N,amide,*[C@H]1OC(=O)[C@H](O)[C@@H](O)[C@@H]1O,433.37
GLUE1700,O=C1CCC(N2Cc3cccc(NS(=O)(=O)[C@H]4OC(=O)[C@H](O)[C@@H](O)[C@@H]4O)c3C2=O)C(=O)N1,JQSPNBRDRXEZJD-BOLHWXEVSA-N,sulfonamide,*[C@H]1OC(=O)[C@H](O)[C@@H](O)[C@@H]1O,469.43
GLUE1701,O=C1CCC(N2Cc3cccc(NC(=O)C[C@H]4OC(=O)[C@H](O)[C@@H](O)[C@@H]4O)c3C2=O)C(=O)N1,VQDWCFSBVWNYTJ-IFDJTXITSA-N,acetamide,*[C@H]1OC(=O)[C@H](O)[C@@H](O)[C@@H]1O,447.4
GLUE1702,O=C1CCC(N2Cc3cccc(NC(=O)N[C@H]4OC(=O)[C@H](O)[C@@H](O)[C@@H]4O)c3C2=O)C(=O)N1,LZNPNOXNPBLPCY-GCXLIBGZSA-N,urea,*[C@H]1OC(=O)[C@H](O)[C@@H](O)[C@@H]1O,448.39
GLUE1703,O=C1CCC(N2Cc3cccc(NC(=O)O[C@H]4OC(=O)[C@H](O)[C@@H](O)[C@@H]4O)c3C2=O)C(=O)N1,QHJALSLWFDLJKE-BOLHWXEVSA-N,carbamate,*[C@H]1OC(=O)[C@H](O)[C@@H](O)[C@@H]1O,449.37
GLUE1704,O=C1CCC(N2Cc3cccc(NC(=O)c4ccc([123I])cc4)c3C2=O)C(=O)N1,PWKPIWBTLMVHAX-PIRNEEEYSA-N,amide,*c1ccc([123I])cc1,485.27
GLUE1705,O=C1CCC(N2Cc3cccc(NS(=O)(=O)c4ccc([123I])cc4)c3C2=O)C(=O)N1,OOXHHHRBYHGMIF-BMILMZPDSA-N,sulfonamide,*c1ccc([123I])cc1,521.33
GLUE1706,O=C1CCC(N2Cc3cccc(NC(=O)Cc4ccc([123I])cc4)c3C2=O)C(=O)N1,IGWJELGZNZAXCT-NHTLRXQVSA-N,acetamide,*c1ccc([123I])cc1,499.3
GLUE1707,O=C1CCC(N2Cc3cccc(NC(=O)Nc4ccc([123I])cc4)c3C2=O)C(=O)N1,WTCYIAIFNDHVLD-PIRNEEEYSA-N,urea,*c1ccc([123I])cc1,500.29
GLUE1708,O=C1CCC(N2Cc3cccc(NC(=O)Oc4ccc([123I])cc4)c3C2=O)C(=O)N1,PVJHHKSYFLHPQV-PIRNEEEYSA-N,carbamate,*c1ccc([123I])cc1,501.27
GLUE1709,CC1=C[C@@H]2CN(C(=O)N2OS(=O)(=O)[O-])[C@@H]1C(=O)Nc1cccc2c1C(=O)N(C1CCC(=O)NC1=O)C2,LVTBXSDUNWBRRC-YTQWVHSASA-M,amide,*[C@@H]1C(C)=C[C@@H]2CN1C(=O)N2OS(=O)(=O)[O-],518.48
GLUE1710,CC1=C[C@@H]2CN(C(=O)N2OS(=O)(=O)[O-])[C@@H]1CC(=O)Nc1cccc2c1C(=O)N(C1CCC(=O)NC1=O)C2,JMYATZDGHGUKCR-YAELJHOLSA-M,acetamide,*[C@@H]1C(C)=C[C@@H]2CN1C(=O)N2OS(=O)(=O)[O-],532.51
GLUE1711,CC1=C[C@@H]2CN(C(=O)N2OS(=O)(=O)[O-])[C@@H]1NC(=O)Nc1cccc2c1C(=O)N(C1CCC(=O)NC1=O)C2,ZAJBPWFGCRIMET-YTQWVHSASA-M,urea,*[C@@H]1C(C)=C[C@@H]2CN1C(=O)N2OS(=O)(=O)[O-],533.5
GLUE1712,CC1=C[C@@H]2CN(C(=O)N2OS(=O)(=O)[O-])[C@@H]1OC(=O)Nc1cccc2c1C(=O)N(C1CCC(=O)NC1=O)C2,UDZADSXEQFMGKM-IAAFUJMNSA-M,carbamate,*[C@@H]1C(C)=C[C@@H]2CN1C(=O)N2OS(=O)(=O)[O-],534.48
GLUE1713,Cc1cn2nc(C(=O)Nc3cccc4c3C(=O)N(C3CCC(=O)NC3=O)C4)cc(C)c2n1,ZUWIHGHUUAMSOM-UHFFFAOYSA-N,amide,*c1cc(C)c2nc(C)cn2n1,432.44
GLUE1714,Cc1cn2nc(S(=O)(=O)Nc3cccc4c3C(=O)N(C3CCC(=O)NC3=O)C4)cc(C)c2n1,AICPEGNHIMLDRF-UHFFFAOYSA-N,sulfonamide,*c1cc(C)c2nc(C)cn2n1,468.5
GLUE1715,Cc1cn2nc(CC(=O)Nc3cccc4c3C(=O)N(C3CCC(=O)NC3=O)C4)cc(C)c2n1,VTQVRURWWKUTKW-UHFFFAOYSA-N,acetamide,*c1cc(C)c2nc(C)cn2n1,446.47
GLUE1716,Cc1cn2nc(NC(=O)Nc3cccc4c3C(=O)N(C3CCC(=O)NC3=O)C4)cc(C)c2n1,XUIVIPFYWLECMF-UHFFFAOYSA-N,urea,*c1cc(C)c2nc(C)cn2n1,447.46
GLUE1717,Cc1cn2nc(OC(=O)Nc3cccc4c3C(=O)N(C3CCC(=O)NC3=O)C4)cc(C)c2n1,WTCHQVXTLFMASI-UHFFFAOYSA-N,carbamate,*c1cc(C)c2nc(C)cn2n1,448.44
GLUE1718,O=C1CCC(N2Cc3cccc(NC(=O)N4CCNC5(CC5)C4)c3C2=O)C(=O)N1,WBXOKPZEGATZKI-UHFFFAOYSA-N,amide,*N1CCNC2(CC2)C1,397.44
GLUE1719,O=C1CCC(N2Cc3cccc(NS(=O)(=O)N4CCNC5(CC5)C4)c3C2=O)C(=O)N1,ALZBIUOSUMRJEW-UHFFFAOYSA-N,sulfonamide,*N1CCNC2(CC2)C1,433.49
GLUE1720,O=C1CCC(N2Cc3cccc(NC(=O)CN4CCNC5(CC5)C4)c3C2=O)C(=O)N1,GILAQZQDCCSIJF-UHFFFAOYSA-N,acetamide,*N1CCNC2(CC2)C1,411.46
GLUE1721,O=C1CCC(N2Cc3cccc(NC(=O)NN4CCNC5(CC5)C4)c3C2=O)C(=O)N1,ZYYXDHOUAWMECC-UHFFFAOYSA-N,urea,*N1CCNC2(CC2)C1,412.45
GLUE1722,O=C1CCC(N2Cc3cccc(NC(=O)ON4CCNC5(CC5)C4)c3C2=O)C(=O)N1,PHZDTQOAHWBGCD-UHFFFAOYSA-N,carbamate,*N1CCNC2(CC2)C1,413.43
GLUE1723,O=C1CCC(N2Cc3cccc(NC(=O)c4cc5cc(Cl)ccc5[nH]c4=O)c3C2=O)C(=O)N1,NFPPREMBNKBTCS-UHFFFAOYSA-N,amide,*c1cc2cc(Cl)ccc2[nH]c1=O,464.87
GLUE1724,O=C1CCC(N2Cc3cccc(NS(=O)(=O)c4cc5cc(Cl)ccc5[nH]c4=O)c3C2=O)C(=O)N1,HLPMTIQYKYOTCX-UHFFFAOYSA-N,sulfonamide,*c1cc2cc(Cl)ccc2[nH]c1=O,500.92
GLUE1725,O=C1CCC(N2Cc3cccc(NC(=O)Cc4cc5cc(Cl)ccc5[nH]c4=O)c3C2=O)C(=O)N1,KIPUGHGTSTWMLS-UHFFFAOYSA-N,acetamide,*c1cc2cc(Cl)ccc2[nH]c1=O,478.89
GLUE1726,O=C1CCC(N2Cc3cccc(NC(=O)Nc4cc5cc(Cl)ccc5[nH]c4=O)c3C2=O)C(=O)N1,UFMDMFCVUIHIGU-UHFFFAOYSA-N,urea,*c1cc2cc(Cl)ccc2[nH]c1=O,479.88
GLUE1727,O=C1CCC(N2Cc3cccc(NC(=O)Oc4cc5cc(Cl)ccc5[nH]c4=O)c3C2=O)C(=O)N1,JLZBZWXKZGLJCP-UHFFFAOYSA-N,carbamate,*c1cc2cc(Cl)ccc2[nH]c1=O,480.86
GLUE1728,Cn1c(C#N)ccc(C(=O)Nc2cccc3c2C(=O)N(C2CCC(=O)NC2=O)C3)c1=O,LVZNAAGHFZFUOE-UHFFFAOYSA-N,amide,*c1ccc(C#N)n(C)c1=O,419.4
GLUE1729,Cn1c(C#N)ccc(S(=O)(=O)Nc2cccc3c2C(=O)N(C2CCC(=O)NC2=O)C3)c1=O,GPDOVWRWAUOBSK-UHFFFAOYSA-N,sulfonamide,*c1ccc(C#N)n(C)c1=O,455.45
GLUE1730,Cn1c(C#N)ccc(CC(=O)Nc2cccc3c2C(=O)N(C2CCC(=O)NC2=O)C3)c1=O,FARQCPVBHFWSEI-UHFFFAOYSA-N,acetamide,*c1ccc(C#N)n(C)c1=O,433.42
GLUE1731,Cn1c(C#N)ccc(NC(=O)Nc2cccc3c2C(=O)N(C2CCC(=O)NC2=O)C3)c1=O,DTLXKXNPYKMUTA-UHFFFAOYSA-N,urea,*c1ccc(C#N)n(C)c1=O,434.41
GLUE1732,Cn1c(C#N)ccc(OC(=O)Nc2cccc3c2C(=O)N(C2CCC(=O)NC2=O)C3)c1=O,FNMANTYEUVSDNR-UHFFFAOYSA-N,carbamate,*c1ccc(C#N)n(C)c1=O,435.4
GLUE1733,O=C1CCC(N2Cc3cccc(NC(=O)OP(=O)([O-])O)c3C2=O)C(=O)N1,SOSWCMATHLXBEL-UHFFFAOYSA-M,amide,*OP(=O)([O-])O,382.25
GLUE1734,O=C1CCC(N2Cc3cccc(NS(=O)(=O)OP(=O)([O-])O)c3C2=O)C(=O)N1,VHPFSCIPOKPJCR-UHFFFAOYSA-M,sulfonamide,*OP(=O)([O-])O,418.3
GLUE1735,O=C1CCC(N2Cc3cccc(NC(=O)COP(=O)([O-])O)c3C2=O)C(=O)N1,BLQAUFYENIYQTJ-UHFFFAOYSA-M,acetamide,*OP(=O)([O-])O,396.27
GLUE1736,O=C1CCC(N2Cc3cccc(NC(=O)NOP(=O)([O-])O)c3C2=O)C(=O)N1,DANAFTHKJMCBSM-UHFFFAOYSA-M,urea,*OP(=O)([O-])O,397.26
GLUE1737,O=C1CCC(N2Cc3cccc(NC(=O)OOP(=O)([O-])O)c3C2=O)C(=O)N1,LHDYZVZHIHLURR-UHFFFAOYSA-M,carbamate,*OP(=O)([O-])O,398.24
GLUE1738,C[C@H](C(=O)[O-])C(=O)Nc1cccc2c1C(=O)N(C1CCC(=O)NC1=O)C2,IZBCUVLOQVFBHC-YMNIQAILSA-M,amide,*[C@H](C)C(=O)[O-],358.33
GLUE1739,C[C@H](C(=O)[O-])S(=O)(=O)Nc1cccc2c1C(=O)N(C1CCC(=O)NC1=O)C2,TWTRVVAFSBKWRC-RZZZFEHKSA-M,sulfonamide,*[C@H](C)C(=O)[O-],394.39
GLUE1740,C[C@@H](CC(=O)Nc1cccc2c1C(=O)N(C1CCC(=O)NC1=O)C2)C(=O)[O-],SORDLDIFRFWGKB-QHGLUPRGSA-M,acetamide,*[C@H](C)C(=O)[O-],372.36
GLUE1741,C[C@@H](NC(=O)Nc1cccc2c1C(=O)N(C1CCC(=O)NC1=O)C2)C(=O)[O-],JFQYWFSNSWXXIQ-RZZZFEHKSA-M,urea,*[C@H](C)C(=O)[O-],373.35
GLUE1742,C[C@@H](OC(=O)Nc1cccc2c1C(=O)N(C1CCC(=O)NC1=O)C2)C(=O)[O-],MCHYNMDUZMLDJU-RZZZFEHKSA-M,carbamate,*[C@H](C)C(=O)[O-],374.33
GLUE1743,CC1=C[C@@H]2CN(C(=O)N2OS(=O)(=O)O)[C@@H]1C(=O)Nc1cccc2c1C(=O)N(C1CCC(=O)NC1=O)C2,LVTBXSDUNWBRRC-YTQWVHSASA-N,amide,*[C@@H]1C(C)=C[C@@H]2CN1C(=O)N2OS(=O)(=O)O,519.49
GLUE1744,CC1=C[C@@H]2CN(C(=O)N2OS(=O)(=O)O)[C@@H]1CC(=O)Nc1cccc2c1C(=O)N(C1CCC(=O)NC1=O)C2,JMYATZDGHGUKCR-YAELJHOLSA-N,acetamide,*[C@@H]1C(C)=C[C@@H]2CN1C(=O)N2OS(=O)(=O)O,533.52
GLUE1745,CC1=C[C@@H]2CN(C(=O)N2OS(=O)(=O)O)[C@@H]1NC(=O)Nc1cccc2c1C(=O)N(C1CCC(=O)NC1=O)C2,ZAJBPWFGCRIMET-YTQWVHSASA-N,urea,*[C@@H]1C(C)=C[C@@H]2CN1C(=O)N2OS(=O)(=O)O,534.51
GLUE1746,CC1=C[C@@H]2CN(C(=O)N2OS(=O)(=O)O)[C@@H]1OC(=O)Nc1cccc2c1C(=O)N(C1CCC(=O)NC1=O)C2,UDZADSXEQFMGKM-IAAFUJMNSA-N,carbamate,*[C@@H]1C(C)=C[C@@H]2CN1C(=O)N2OS(=O)(=O)O,535.49
GLUE1747,O=C1CCC(N2Cc3cccc(NC(=O)SC(P(=O)([O-])O)P(=O)([O-])O)c3C2=O)C(=O)N1,PQJYUTANZFQWSI-UHFFFAOYSA-L,amide,*SC(P(=O)([O-])O)P(=O)([O-])O,491.31
GLUE1748,O=C1CCC(N2Cc3cccc(NS(=O)(=O)SC(P(=O)([O-])O)P(=O)([O-])O)c3C2=O)C(=O)N1,JEKSFGYSVFCZIS-UHFFFAOYSA-L,sulfonamide,*SC(P(=O)([O-])O)P(=O)([O-])O,527.37
GLUE1749,O=C1CCC(N2Cc3cccc(NC(=O)CSC(P(=O)([O-])O)P(=O)([O-])O)c3C2=O)C(=O)N1,RXYLCLWDCHCULP-UHFFFAOYSA-L,acetamide,*SC(P(=O)([O-])O)P(=O)([O-])O,505.34
GLUE1750,O=C1CCC(N2Cc3cccc(NC(=O)NSC(P(=O)([O-])O)P(=O)([O-])O)c3C2=O)C(=O)N1,CCMNWCATCUZORS-UHFFFAOYSA-L,urea,*SC(P(=O)([O-])O)P(=O)([O-])O,506.33
GLUE1751,O=C1CCC(N2Cc3cccc(NC(=O)OSC(P(=O)([O-])O)P(=O)([O-])O)c3C2=O)C(=O)N1,GNXWMRLVPKBLQN-UHFFFAOYSA-L,carbamate,*SC(P(=O)([O-])O)P(=O)([O-])O,507.31
GLUE1752,[NH-]S(=O)(=O)c1nnc(C(=O)Nc2cccc3c2C(=O)N(C2CCC(=O)NC2=O)C3)s1,IUBCOMKPLCUUOG-UHFFFAOYSA-M,amide,*c1nnc(S([NH-])(=O)=O)s1,449.45
GLUE1753,[NH-]S(=O)(=O)c1nnc(S(=O)(=O)Nc2cccc3c2C(=O)N(C2CCC(=O)NC2=O)C3)s1,QMHOEUMIRQQXDI-UHFFFAOYSA-M,sulfonamide,*c1nnc(S([NH-])(=O)=O)s1,485.51
GLUE1754,[NH-]S(=O)(=O)c1nnc(CC(=O)Nc2cccc3c2C(=O)N(C2CCC(=O)NC2=O)C3)s1,FENVKANQVUYUKO-UHFFFAOYSA-M,acetamide,*c1nnc(S([NH-])(=O)=O)s1,463.48
GLUE1755,[NH-]S(=O)(=O)c1nnc(NC(=O)Nc2cccc3c2C(=O)N(C2CCC(=O)NC2=O)C3)s1,BXJIILADCJPVIM-UHFFFAOYSA-M,urea,*c1nnc(S([NH-])(=O)=O)s1,464.47
GLUE1756,[NH-]S(=O)(=O)c1nnc(OC(=O)Nc2cccc3c2C(=O)N(C2CCC(=O)NC2=O)C3)s1,OGVFAFRZASIMLM-UHFFFAOYSA-M,carbamate,*c1nnc(S([NH-])(=O)=O)s1,465.45
GLUE1757,O=C1CCC(N2Cc3cccc(NC(=O)[C@H]4CC[S+]([O-])C4)c3C2=O)C(=O)N1,TXOWAZOMMDTJIV-GCGYGCNBSA-N,amide,*[C@H]1CC[S+]([O-])C1,389.43
GLUE1758,O=C1CCC(N2Cc3cccc(NS(=O)(=O)[C@H]4CC[S+]([O-])C4)c3C2=O)C(=O)N1,CWRSGTMAZBQOPX-GCGYGCNBSA-N,sulfonamide,*[C@H]1CC[S+]([O-])C1,425.49
GLUE1759,O=C1CCC(N2Cc3cccc(NC(=O)C[C@H]4CC[S+]([O-])C4)c3C2=O)C(=O)N1,WTVSVHYEVXLHDG-BKAIYFHXSA-N,acetamide,*[C@H]1CC[S+]([O-])C1,403.46
GLUE1760,O=C1CCC(N2Cc3cccc(NC(=O)N[C@H]4CC[S+]([O-])C4)c3C2=O)C(=O)N1,LXQJVHHHEMHSIG-CPPRCSKXSA-N,urea,*[C@H]1CC[S+]([O-])C1,404.45
GLUE1761,O=C1CCC(N2Cc3cccc(NC(=O)O[C@H]4CC[S+]([O-])C4)c3C2=O)C(=O)N1,BKVHJZSPGONYOU-CPPRCSKXSA-N,carbamate,*[C@H]1CC[S+]([O-])C1,405.43
GLUE1762,O=C1CCC(N2Cc3cccc(NC(=O)c4ccccc4[123I])c3C2=O)C(=O)N1,YMWISOSFIUULFO-PIRNEEEYSA-N,amide,*c1ccccc1[123I],485.27
GLUE1763,O=C1CCC(N2Cc3cccc(NS(=O)(=O)c4ccccc4[123I])c3C2=O)C(=O)N1,VOBXZVXGZIMNEI-BMILMZPDSA-N,sulfonamide,*c1ccccc1[123I],521.33
GLUE1764,O=C1CCC(N2Cc3cccc(NC(=O)Cc4ccccc4[123I])c3C2=O)C(=O)N1,TWDQVBWWXLONSX-NHTLRXQVSA-N,acetamide,*c1ccccc1[123I],499.3
GLUE1765,O=C1CCC(N2Cc3cccc(NC(=O)Nc4ccccc4[123I])c3C2=O)C(=O)N1,UKJJXZAERYAANB-PIRNEEEYSA-N,urea,*c1ccccc1[123I],500.29
GLUE1766,O=C1CCC(N2Cc3cccc(NC(=O)Oc4ccccc4[123I])c3C2=O)C(=O)N1,HSOHCQZAXHQSCW-PIRNEEEYSA-N,carbamate,*c1ccccc1[123I],501.27
GLUE1767,N#Cc1ccc(C(=O)Nc2cccc3c2C(=O)N(C2CCC(=O)NC2=O)C3)cc1Cl,KGZFQPPSBYNSNC-UHFFFAOYSA-N,amide,*c1ccc(C#N)c(Cl)c1,422.83
GLUE1768,N#Cc1ccc(S(=O)(=O)Nc2cccc3c2C(=O)N(C2CCC(=O)NC2=O)C3)cc1Cl,CYMAWQROYNMGPP-UHFFFAOYSA-N,sulfonamide,*c1ccc(C#N)c(Cl)c1,458.88
GLUE1769,N#Cc1ccc(CC(=O)Nc2cccc3c2C(=O)N(C2CCC(=O)NC2=O)C3)cc1Cl,XQTHQPXGQARGHR-UHFFFAOYSA-N,acetamide,*c1ccc(C#N)c(Cl)c1,436.86
GLUE1770,N#Cc1ccc(NC(=O)Nc2cccc3c2C(=O)N(C2CCC(=O)NC2=O)C3)cc1Cl,DUBBDUIBLCIDEW-UHFFFAOYSA-N,urea,*c1ccc(C#N)c(Cl)c1,437.84
GLUE1771,N#Cc1ccc(OC(=O)Nc2cccc3c2C(=O)N(C2CCC(=O)NC2=O)C3)cc1Cl,QZEZRJKLMMBAKE-UHFFFAOYSA-N,carbamate,*c1ccc(C#N)c(Cl)c1,438.83
GLUE1772,O=C1CCC(N2Cc3cccc(NC(=O)c4ncnc5nc[n-]c45)c3C2=O)C(=O)N1,OQFZJLUMHLUUFV-UHFFFAOYSA-M,amide,*c1ncnc2nc[n-]c12,404.37
GLUE1773,O=C1CCC(N2Cc3cccc(NS(=O)(=O)c4ncnc5nc[n-]c45)c3C2=O)C(=O)N1,DHXRDHOEIUIAMA-UHFFFAOYSA-M,sulfonamide,*c1ncnc2nc[n-]c12,440.42
GLUE1774,O=C1CCC(N2Cc3cccc(NC(=O)Cc4ncnc5nc[n-]c45)c3C2=O)C(=O)N1,POTHFPPNBSZFJZ-UHFFFAOYSA-M,acetamide,*c1ncnc2nc[n-]c12,418.39
GLUE1775,O=C1CCC(N2Cc3cccc(NC(=O)Nc4ncnc5nc[n-]c45)c3C2=O)C(=O)N1,IPLZLRNLUVSMAI-UHFFFAOYSA-M,urea,*c1ncnc2nc[n-]c12,419.38
GLUE1776,O=C1CCC(N2Cc3cccc(NC(=O)Oc4ncnc5nc[n-]c45)c3C2=O)C(=O)N1,RSORZLDNRDZVEC-UHFFFAOYSA-M,carbamate,*c1ncnc2nc[n-]c12,420.37
GLUE1777,N#Cc1cc(F)cc(C(=O)Nc2cccc3c2C(=O)N(C2CCC(=O)NC2=O)C3)c1,JYCISEOEWZBMSZ-UHFFFAOYSA-N,amide,*c1cc(F)cc(C#N)c1,406.37
GLUE1778,N#Cc1cc(F)cc(S(=O)(=O)Nc2cccc3c2C(=O)N(C2CCC(=O)NC2=O)C3)c1,LHICCZDDAIQPNX-UHFFFAOYSA-N,sulfonamide,*c1cc(F)cc(C#N)c1,442.43
GLUE1779,N#Cc1cc(F)cc(CC(=O)Nc2cccc3c2C(=O)N(C2CCC(=O)NC2=O)C3)c1,QKKMGVNUFPJKPD-UHFFFAOYSA-N,acetamide,*c1cc(F)cc(C#N)c1,420.4
GLUE1780,N#Cc1cc(F)cc(NC(=O)Nc2cccc3c2C(=O)N(C2CCC(=O)NC2=O)C3)c1,UBFJGWCMSYNLOZ-UHFFFAOYSA-N,urea,*c1cc(F)cc(C#N)c1,421.39
GLUE1781,N#Cc1cc(F)cc(OC(=O)Nc2cccc3c2C(=O)N(C2CCC(=O)NC2=O)C3)c1,BMUNROHZWISLIY-UHFFFAOYSA-N,carbamate,*c1cc(F)cc(C#N)c1,422.37
GLUE1782,O=C1CCC(N2Cc3cccc(NC(=O)c4ccccc4[131I])c3C2=O)C(=O)N1,YMWISOSFIUULFO-TWYGLIRSSA-N,amide,*c1ccccc1[131I],493.27
GLUE1783,O=C1CCC(N2Cc3cccc(NS(=O)(=O)c4ccccc4[131I])c3C2=O)C(=O)N1,VOBXZVXGZIMNEI-URWOLLDTSA-N,sulfonamide,*c1ccccc1[131I],529.33
GLUE1784,O=C1CCC(N2Cc3cccc(NC(=O)Cc4ccccc4[131I])c3C2=O)C(=O)N1,TWDQVBWWXLONSX-ITIOBDTJSA-N,acetamide,*c1ccccc1[131I],507.3
GLUE1785,O=C1CCC(N2Cc3cccc(NC(=O)Nc4ccccc4[131I])c3C2=O)C(=O)N1,UKJJXZAERYAANB-TWYGLIRSSA-N,urea,*c1ccccc1[131I],508.29
GLUE1786,O=C1CCC(N2Cc3cccc(NC(=O)Oc4ccccc4[131I])c3C2=O)C(=O)N1,HSOHCQZAXHQSCW-TWYGLIRSSA-N,carbamate,*c1ccccc1[131I],509.27
GLUE1787,O=C1CCC(N2Cc3cccc(NC(=O)c4cccc(Cl)n4)c3C2=O)C(=O)N1,DQEZQMBETZYWDH-UHFFFAOYSA-N,amide,*c1cccc(Cl)n1,398.81
GLUE1788,O=C1CCC(N2Cc3cccc(NS(=O)(=O)c4cccc(Cl)n4)c3C2=O)C(=O)N1,DSRKALZBYMMXPC-UHFFFAOYSA-N,sulfonamide,*c1cccc(Cl)n1,434.86
GLUE1789,O=C1CCC(N2Cc3cccc(NC(=O)Cc4cccc(Cl)n4)c3C2=O)C(=O)N1,ZEGLCZFVRLZRRM-UHFFFAOYSA-N,acetamide,*c1cccc(Cl)n1,412.83
GLUE1790,O=C1CCC(N2Cc3cccc(NC(=O)Nc4cccc(Cl)n4)c3C2=O)C(=O)N1,ZNAWWSJZXHFQCY-UHFFFAOYSA-N,urea,*c1cccc(Cl)n1,413.82
GLUE1791,O=C1CCC(N2Cc3cccc(NC(=O)Oc4cccc(Cl)n4)c3C2=O)C(=O)N1,AOZHJVXJLBWQKZ-UHFFFAOYSA-N,carbamate,*c1cccc(Cl)n1,414.81
GLUE1792,CS(=O)(=O)c1ccc(C(=O)Nc2cccc3c2C(=O)N(C2CCC(=O)NC2=O)C3)c2c1[C@H](O)[C@H](F)[C@@H]2F,DGLOAUILKOBIDE-AHGVKKCJSA-N,amide,*c1ccc(S(C)(=O)=O)c2c1[C@@H](F)[C@@H](F)[C@H]2O,533.51
GLUE1793,CS(=O)(=O)c1ccc(CC(=O)Nc2cccc3c2C(=O)N(C2CCC(=O)NC2=O)C3)c2c1[C@H](O)[C@H](F)[C@@H]2F,UHALNKBEKLIAMC-ZEHOEMJTSA-N,acetamide,*c1ccc(S(C)(=O)=O)c2c1[C@@H](F)[C@@H](F)[C@H]2O,547.54
GLUE1794,CS(=O)(=O)c1ccc(NC(=O)Nc2cccc3c2C(=O)N(C2CCC(=O)NC2=O)C3)c2c1[C@H](O)[C@H](F)[C@@H]2F,QBYOCNSYCKJURG-AHGVKKCJSA-N,urea,*c1ccc(S(C)(=O)=O)c2c1[C@@H](F)[C@@H](F)[C@H]2O,548.52
GLUE1795,CS(=O)(=O)c1ccc(OC(=O)Nc2cccc3c2C(=O)N(C2CCC(=O)NC2=O)C3)c2c1[C@H](O)[C@H](F)[C@@H]2F,OUFQRCPEZMGEHH-QFWXZRCSSA-N,carbamate,*c1ccc(S(C)(=O)=O)c2c1[C@@H](F)[C@@H](F)[C@H]2O,549.51
GLUE1796,C[C@@H](C(=O)Nc1cccc2c1C(=O)N(C1CCC(=O)NC1=O)C2)C(F)(F)F,PJTKXVRGVUIHBJ-YMNIQAILSA-N,amide,*[C@H](C)C(F)(F)F,383.33
GLUE1797,C[C@H](C(F)(F)F)S(=O)(=O)Nc1cccc2c1C(=O)N(C1CCC(=O)NC1=O)C2,RVILSDHUUBIFCU-RZZZFEHKSA-N,sulfonamide,*[C@H](C)C(F)(F)F,419.38
GLUE1798,C[C@@H](CC(=O)Nc1cccc2c1C(=O)N(C1CCC(=O)NC1=O)C2)C(F)(F)F,HRYODBFTQBHDSR-QHGLUPRGSA-N,acetamide,*[C@H](C)C(F)(F)F,397.35
GLUE1799,C[C@@H](NC(=O)Nc1cccc2c1C(=O)N(C1CCC(=O)NC1=O)C2)C(F)(F)F,JMGCVRBNWQEDNU-RZZZFEHKSA-N,urea,*[C@H](C)C(F)(F)F,398.34
GLUE1800,C[C@@H](OC(=O)Nc1cccc2c1C(=O)N(C1CCC(=O)NC1=O)C2)C(F)(F)F,AAYKRYKKZSSLRM-RZZZFEHKSA-N,carbamate,*[C@H](C)C(F)(F)F,399.33
GLUE1801,Nc1nc(C(=O)Nc2cccc3c2C(=O)N(C2CCC(=O)NC2=O)C3)c(F)cc1F,MXXUUECRDOOHPH-UHFFFAOYSA-N,amide,*c1nc(N)c(F)cc1F,415.36
GLUE1802,Nc1nc(S(=O)(=O)Nc2cccc3c2C(=O)N(C2CCC(=O)NC2=O)C3)c(F)cc1F,KYPOKMVFBYNBLC-UHFFFAOYSA-N,sulfonamide,*c1nc(N)c(F)cc1F,451.41
GLUE1803,Nc1nc(CC(=O)Nc2cccc3c2C(=O)N(C2CCC(=O)NC2=O)C3)c(F)cc1F,ZYIYOBUDNRNJHD-UHFFFAOYSA-N,acetamide,*c1nc(N)c(F)cc1F,429.38
GLUE1804,Nc1nc(NC(=O)Nc2cccc3c2C(=O)N(C2CCC(=O)NC2=O)C3)c(F)cc1F,APLXLVGNQCFOJF-UHFFFAOYSA-N,urea,*c1nc(N)c(F)cc1F,430.37
GLUE1805,Nc1nc(OC(=O)Nc2cccc3c2C(=O)N(C2CCC(=O)NC2=O)C3)c(F)cc1F,WKLICFVJKACBCL-UHFFFAOYSA-N,carbamate,*c1nc(N)c(F)cc1F,431.36
GLUE1806,O=C1CCC(N2Cc3cccc(NC(=O)c4ccc(I)cc4)c3C2=O)C(=O)N1,PWKPIWBTLMVHAX-UHFFFAOYSA-N,amide,*c1ccc(I)cc1,489.27
GLUE1807,O=C1CCC(N2Cc3cccc(NS(=O)(=O)c4ccc(I)cc4)c3C2=O)C(=O)N1,OOXHHHRBYHGMIF-UHFFFAOYSA-N,sulfonamide,*c1ccc(I)cc1,525.32
GLUE1808,O=C1CCC(N2Cc3cccc(NC(=O)Cc4ccc(I)cc4)c3C2=O)C(=O)N1,IGWJELGZNZAXCT-UHFFFAOYSA-N,acetamide,*c1ccc(I)cc1,503.3
GLUE1809,O=C1CCC(N2Cc3cccc(NC(=O)Nc4ccc(I)cc4)c3C2=O)C(=O)N1,WTCYIAIFNDHVLD-UHFFFAOYSA-N,urea,*c1ccc(I)cc1,504.28
GLUE1810,O=C1CCC(N2Cc3cccc(NC(=O)Oc4ccc(I)cc4)c3C2=O)C(=O)N1,PVJHHKSYFLHPQV-UHFFFAOYSA-N,carbamate,*c1ccc(I)cc1,505.27
GLUE1811,CC(C)(C)CC(=O)C(=O)Nc1cccc2c1C(=O)N(C1CCC(=O)NC1=O)C2,LSFSNVRKUPKIJQ-UHFFFAOYSA-N,amide,*C(=O)CC(C)(C)C,385.42
GLUE1812,CC(C)(C)CC(=O)S(=O)(=O)Nc1cccc2c1C(=O)N(C1CCC(=O)NC1=O)C2,XXUOQHONNLBJLR-UHFFFAOYSA-N,sulfonamide,*C(=O)CC(C)(C)C,421.48
GLUE1813,CC(C)(C)CC(=O)CC(=O)Nc1cccc2c1C(=O)N(C1CCC(=O)NC1=O)C2,MMTHWOWIDITDAM-UHFFFAOYSA-N,acetamide,*C(=O)CC(C)(C)C,399.45
GLUE1814,CC(C)(C)CC(=O)NC(=O)Nc1cccc2c1C(=O)N(C1CCC(=O)NC1=O)C2,NRRKDSCTNOZEGU-UHFFFAOYSA-N,urea,*C(=O)CC(C)(C)C,400.44
GLUE1815,CC(C)(C)CC(=O)OC(=O)Nc1cccc2c1C(=O)N(C1CCC(=O)NC1=O)C2,LRTBZJXXLKJYJQ-UHFFFAOYSA-N,carbamate,*C(=O)CC(C)(C)C,401.42
GLUE1816,CCS(=O)(=O)C(=O)Nc1cccc2c1C(=O)N(C1CCC(=O)NC1=O)C2,HXBLFFVCIZIUML-UHFFFAOYSA-N,amide,*S(=O)(=O)CC,379.39
GLUE1817,CCS(=O)(=O)S(=O)(=O)Nc1cccc2c1C(=O)N(C1CCC(=O)NC1=O)C2,ZWCAAURWLJVLRL-UHFFFAOYSA-N,sulfonamide,*S(=O)(=O)CC,415.45
GLUE1818,CCS(=O)(=O)CC(=O)Nc1cccc2c1C(=O)N(C1CCC(=O)NC1=O)C2,QREWLYWSPRCGSM-UHFFFAOYSA-N,acetamide,*S(=O)(=O)CC,393.42
GLUE1819,CCS(=O)(=O)NC(=O)Nc1cccc2c1C(=O)N(C1CCC(=O)NC1=O)C2,WGFMYFRQLVZNIA-UHFFFAOYSA-N,urea,*S(=O)(=O)CC,394.41
GLUE1820,CCS(=O)(=O)OC(=O)Nc1cccc2c1C(=O)N(C1CCC(=O)NC1=O)C2,WGDOBQRPFDEUJM-UHFFFAOYSA-N,carbamate,*S(=O)(=O)CC,395.39
GLUE1821,N[C@]1(C(=O)Nc2cccc3c2C(=O)N(C2CCC(=O)NC2=O)C3)C[C@@H](F)C1,HSJQSKFZMHPIFN-NFGWJOICSA-N,amide,*[C@]1(N)C[C@H](F)C1,374.37
GLUE1822,N[C@]1(S(=O)(=O)Nc2cccc3c2C(=O)N(C2CCC(=O)NC2=O)C3)C[C@@H](F)C1,OTTJNVOTGFZYGF-JZANNNNFSA-N,sulfonamide,*[C@]1(N)C[C@H](F)C1,410.43
GLUE1823,N[C@]1(CC(=O)Nc2cccc3c2C(=O)N(C2CCC(=O)NC2=O)C3)C[C@@H](F)C1,MJLTTWLJABDHIQ-VMKODADJSA-N,acetamide,*[C@]1(N)C[C@H](F)C1,388.4
GLUE1824,N[C@]1(NC(=O)Nc2cccc3c2C(=O)N(C2CCC(=O)NC2=O)C3)C[C@@H](F)C1,KUNOIXLSIYBAHB-OLKVYJOASA-N,urea,*[C@]1(N)C[C@H](F)C1,389.39
GLUE1825,N[C@]1(OC(=O)Nc2cccc3c2C(=O)N(C2CCC(=O)NC2=O)C3)C[C@@H](F)C1,RMVCAXOXADPDDK-OLKVYJOASA-N,carbamate,*[C@]1(N)C[C@H](F)C1,390.37
GLUE1826,O=C1CCC(N2Cc3cccc(NC(=O)C(=O)[C@@H]4CCc5nccc(=O)n54)c3C2=O)C(=O)N1,KCPNHPVJKFKNSW-LSLKUGRBSA-N,amide,*C(=O)[C@@H]1CCc2nccc(=O)n21,449.42
GLUE1827,O=C1CCC(N2Cc3cccc(NS(=O)(=O)C(=O)[C@@H]4CCc5nccc(=O)n54)c3C2=O)C(=O)N1,FOVDTFYVAXZUDY-KZUDCZAMSA-N,sulfonamide,*C(=O)[C@@H]1CCc2nccc(=O)n21,485.48
GLUE1828,O=C1CCC(N2Cc3cccc(NC(=O)CC(=O)[C@@H]4CCc5nccc(=O)n54)c3C2=O)C(=O)N1,IOOHDRHNYFOEJC-MLCCFXAWSA-N,acetamide,*C(=O)[C@@H]1CCc2nccc(=O)n21,463.45
GLUE1829,O=C1CCC(N2Cc3cccc(NC(=O)NC(=O)[C@@H]4CCc5nccc(=O)n54)c3C2=O)C(=O)N1,ALCGTZFCDWCLNS-KZUDCZAMSA-N,urea,*C(=O)[C@@H]1CCc2nccc(=O)n21,464.44
GLUE1830,O=C1CCC(N2Cc3cccc(NC(=O)OC(=O)[C@@H]4CCc5nccc(=O)n54)c3C2=O)C(=O)N1,ZKZDZMIBZYSAGD-KZUDCZAMSA-N,carbamate,*C(=O)[C@@H]1CCc2nccc(=O)n21,465.42
GLUE1831,O=C1CCC(N2Cc3cccc(NC(=O)[C@@H]4CC[C@@H]5CN4C(=O)N5OS(=O)(=O)[O-])c3C2=O)C(=O)N1,XZFPXGXOSJCGSX-VFXSIBAZSA-M,amide,*[C@@H]1CC[C@@H]2CN1C(=O)N2OS(=O)(=O)[O-],506.47
GLUE1832,O=C1CCC(N2Cc3cccc(NS(=O)(=O)[C@@H]4CC[C@@H]5CN4C(=O)N5OS(=O)(=O)[O-])c3C2=O)C(=O)N1,DXKLBAKUJUUEGM-IMORHIPNSA-M,sulfonamide,*[C@@H]1CC[C@@H]2CN1C(=O)N2OS(=O)(=O)[O-],542.53
GLUE1833,O=C1CCC(N2Cc3cccc(NC(=O)C[C@@H]4CC[C@@H]5CN4C(=O)N5OS(=O)(=O)[O-])c3C2=O)C(=O)N1,PKNZRFVGJYZYSN-IKCIUXDWSA-M,acetamide,*[C@@H]1CC[C@@H]2CN1C(=O)N2OS(=O)(=O)[O-],520.5
GLUE1834,O=C1CCC(N2Cc3cccc(NC(=O)N[C@@H]4CC[C@@H]5CN4C(=O)N5OS(=O)(=O)[O-])c3C2=O)C(=O)N1,FJUGQRAAILPULX-VFXSIBAZSA-M,urea,*[C@@H]1CC[C@@H]2CN1C(=O)N2OS(=O)(=O)[O-],521.49
GLUE1835,O=C1CCC(N2Cc3cccc(NC(=O)O[C@@H]4CC[C@@H]5CN4C(=O)N5OS(=O)(=O)[O-])c3C2=O)C(=O)N1,JHROXRBETMNNLC-IMORHIPNSA-M,carbamate,*[C@@H]1CC[C@@H]2CN1C(=O)N2OS(=O)(=O)[O-],522.47
GLUE1836,CC(CCC(=O)[O-])C(=O)Nc1cccc2c1C(=O)N(C1CCC(=O)NC1=O)C2,NJOLMVYCMBFSGV-UHFFFAOYSA-M,amide,*C(C)CCC(=O)[O-],386.38
GLUE1837,CC(CCC(=O)[O-])S(=O)(=O)Nc1cccc2c1C(=O)N(C1CCC(=O)NC1=O)C2,AXXVIATZQJNUOM-UHFFFAOYSA-M,sulfonamide,*C(C)CCC(=O)[O-],422.44
GLUE1838,CC(CCC(=O)[O-])CC(=O)Nc1cccc2c1C(=O)N(C1CCC(=O)NC1=O)C2,KCEBUXPNGLBSSC-UHFFFAOYSA-M,acetamide,*C(C)CCC(=O)[O-],400.41
GLUE1839,CC(CCC(=O)[O-])NC(=O)Nc1cccc2c1C(=O)N(C1CCC(=O)NC1=O)C2,PGDGVVUKGFDCHN-UHFFFAOYSA-M,urea,*C(C)CCC(=O)[O-],401.4
GLUE1840,CC(CCC(=O)[O-])OC(=O)Nc1cccc2c1C(=O)N(C1CCC(=O)NC1=O)C2,QKKMCDSAJTWPRR-UHFFFAOYSA-M,carbamate,*C(C)CCC(=O)[O-],402.38
GLUE1841,CC(NN)C(=O)Nc1cccc2c1C(=O)N(C1CCC(=O)NC1=O)C2,NFAFYCGYASSDRO-UHFFFAOYSA-N,amide,*C(C)NN,345.36
GLUE1842,CC(NN)S(=O)(=O)Nc1cccc2c1C(=O)N(C1CCC(=O)NC1=O)C2,YGHHECPETOEMMZ-UHFFFAOYSA-N,sulfonamide,*C(C)NN,381.41
GLUE1843,CC(CC(=O)Nc1cccc2c1C(=O)N(C1CCC(=O)NC1=O)C2)NN,SPTPHDVUFIVFIZ-UHFFFAOYSA-N,acetamide,*C(C)NN,359.39
GLUE1844,CC(NN)NC(=O)Nc1cccc2c1C(=O)N(C1CCC(=O)NC1=O)C2,BYNNDSCCYYHPJT-UHFFFAOYSA-N,urea,*C(C)NN,360.37
GLUE1845,CC(NN)OC(=O)Nc1cccc2c1C(=O)N(C1CCC(=O)NC1=O)C2,JRKLACJDEIZTAZ-UHFFFAOYSA-N,carbamate,*C(C)NN,361.36
GLUE1846,O=C1CCC(N2Cc3cccc(NC(=O)C4(C5=CCCCC5)C(=O)[N-]C(=O)NC4=O)c3C2=O)C(=O)N1,NZTXTPJAPKPILS-UHFFFAOYSA-M,amide,*C1(C2=CCCCC2)C(=O)[N-]C(=O)NC1=O,492.47
GLUE1847,O=C1CCC(N2Cc3cccc(NS(=O)(=O)C4(C5=CCCCC5)C(=O)[N-]C(=O)NC4=O)c3C2=O)C(=O)N1,BYKYDQUMSUVJEO-UHFFFAOYSA-M,sulfonamide,*C1(C2=CCCCC2)C(=O)[N-]C(=O)NC1=O,528.52
GLUE1848,O=C1CCC(N2Cc3cccc(NC(=O)CC4(C5=CCCCC5)C(=O)[N-]C(=O)NC4=O)c3C2=O)C(=O)N1,DKXRMGBJPZTZAB-UHFFFAOYSA-M,acetamide,*C1(C2=CCCCC2)C(=O)[N-]C(=O)NC1=O,506.5
GLUE1849,O=C1CCC(N2Cc3cccc(NC(=O)NC4(C5=CCCCC5)C(=O)[N-]C(=O)NC4=O)c3C2=O)C(=O)N1,QBDHUMLNPPGGTA-UHFFFAOYSA-M,urea,*C1(C2=CCCCC2)C(=O)[N-]C(=O)NC1=O,507.48
GLUE1850,O=C1CCC(N2Cc3cccc(NC(=O)OC4(C5=CCCCC5)C(=O)[N-]C(=O)NC4=O)c3C2=O)C(=O)N1,MWQJGWBFZNBLCK-UHFFFAOYSA-M,carbamate,*C1(C2=CCCCC2)C(=O)[N-]C(=O)NC1=O,508.47
GLUE1851,CC(CS(=O)(=O)Nc1cccc2c1C(=O)N(C1CCC(=O)NC1=O)C2)NN,JIMQIJCGEVEPQK-UHFFFAOYSA-N,sulfonamide,*CC(C)NN,395.44
GLUE1852,CC(CCC(=O)Nc1cccc2c1C(=O)N(C1CCC(=O)NC1=O)C2)NN,RWQWWYJWYYESSR-UHFFFAOYSA-N,acetamide,*CC(C)NN,373.41
GLUE1853,CC(CNC(=O)Nc1cccc2c1C(=O)N(C1CCC(=O)NC1=O)C2)NN,KQXLRKFVKOOMAC-UHFFFAOYSA-N,urea,*CC(C)NN,374.4
GLUE1854,CC(COC(=O)Nc1cccc2c1C(=O)N(C1CCC(=O)NC1=O)C2)NN,CUGGIIYWXXQXQM-UHFFFAOYSA-N,carbamate,*CC(C)NN,375.39
GLUE1855,CC(I)C(=O)Nc1cccc2c1C(=O)N(C1CCC(=O)NC1=O)C2,IVWMMBRCQCEIMT-UHFFFAOYSA-N,amide,*C(C)I,441.23
GLUE1856,CC(I)S(=O)(=O)Nc1cccc2c1C(=O)N(C1CCC(=O)NC1=O)C2,BQWIKLPUBSTFFR-UHFFFAOYSA-N,sulfonamide,*C(C)I,477.28
GLUE1857,CC(I)CC(=O)Nc1cccc2c1C(=O)N(C1CCC(=O)NC1=O)C2,GDJPHAJLHXSHSN-UHFFFAOYSA-N,acetamide,*C(C)I,455.25
GLUE1858,CC(I)NC(=O)Nc1cccc2c1C(=O)N(C1CCC(=O)NC1=O)C2,DSPONSOMMOBJFW-UHFFFAOYSA-N,urea,*C(C)I,456.24
GLUE1859,CC(I)OC(=O)Nc1cccc2c1C(=O)N(C1CCC(=O)NC1=O)C2,RDYSLBVFOCPZSJ-UHFFFAOYSA-N,carbamate,*C(C)I,457.22
GLUE1860,CS(=O)(=O)n1cc2c(n1)CN(C(=O)Nc1cccc3c1C(=O)N(C1CCC(=O)NC1=O)C3)C2,YXSRAQXNEUPELF-UHFFFAOYSA-N,amide,*N1Cc2cn(S(C)(=O)=O)nc2C1,472.48
GLUE1861,CS(=O)(=O)n1cc2c(n1)CN(S(=O)(=O)Nc1cccc3c1C(=O)N(C1CCC(=O)NC1=O)C3)C2,YNKNNJGFCXQTSC-UHFFFAOYSA-N,sulfonamide,*N1Cc2cn(S(C)(=O)=O)nc2C1,508.54
GLUE1862,CS(=O)(=O)n1cc2c(n1)CN(CC(=O)Nc1cccc3c1C(=O)N(C1CCC(=O)NC1=O)C3)C2,ORBVZHYUVJKEMA-UHFFFAOYSA-N,acetamide,*N1Cc2cn(S(C)(=O)=O)nc2C1,486.51
GLUE1863,CS(=O)(=O)n1cc2c(n1)CN(NC(=O)Nc1cccc3c1C(=O)N(C1CCC(=O)NC1=O)C3)C2,YGBPCFIYBQXQKS-UHFFFAOYSA-N,urea,*N1Cc2cn(S(C)(=O)=O)nc2C1,487.5
GLUE1864,CS(=O)(=O)n1cc2c(n1)CN(OC(=O)Nc1cccc3c1C(=O)N(C1CCC(=O)NC1=O)C3)C2,PUXYBZDMXQQNPF-UHFFFAOYSA-N,carbamate,*N1Cc2cn(S(C)(=O)=O)nc2C1,488.48
GLUE1865,Cc1cc2ncc(C(=O)Nc3cccc4c3C(=O)N(C3CCC(=O)NC3=O)C4)cn2n1,HVHDNNLCZQZYCR-UHFFFAOYSA-N,amide,*c1cnc2cc(C)nn2c1,418.41
GLUE1866,Cc1cc2ncc(S(=O)(=O)Nc3cccc4c3C(=O)N(C3CCC(=O)NC3=O)C4)cn2n1,JIHMPMIXLNKYSB-UHFFFAOYSA-N,sulfonamide,*c1cnc2cc(C)nn2c1,454.47
GLUE1867,Cc1cc2ncc(CC(=O)Nc3cccc4c3C(=O)N(C3CCC(=O)NC3=O)C4)cn2n1,WWBJEJVLCNGSMS-UHFFFAOYSA-N,acetamide,*c1cnc2cc(C)nn2c1,432.44
GLUE1868,Cc1cc2ncc(NC(=O)Nc3cccc4c3C(=O)N(C3CCC(=O)NC3=O)C4)cn2n1,CFFKGJMOMVRLQJ-UHFFFAOYSA-N,urea,*c1cnc2cc(C)nn2c1,433.43
GLUE1869,Cc1cc2ncc(OC(=O)Nc3cccc4c3C(=O)N(C3CCC(=O)NC3=O)C4)cn2n1,RGUPWVGTJGZQME-UHFFFAOYSA-N,carbamate,*c1cnc2cc(C)nn2c1,434.41
GLUE1870,CN(N=O)C(=O)C(=O)Nc1cccc2c1C(=O)N(C1CCC(=O)NC1=O)C2,AJJWYOVNUREXCF-UHFFFAOYSA-N,amide,*C(=O)N(C)N=O,373.33
GLUE1871,CN(N=O)C(=O)S(=O)(=O)Nc1cccc2c1C(=O)N(C1CCC(=O)NC1=O)C2,YWGKRQGSALOEHE-UHFFFAOYSA-N,sulfonamide,*C(=O)N(C)N=O,409.38
GLUE1872,CN(N=O)C(=O)CC(=O)Nc1cccc2c1C(=O)N(C1CCC(=O)NC1=O)C2,RLBPNCWOVMYSMA-UHFFFAOYSA-N,acetamide,*C(=O)N(C)N=O,387.35
GLUE1873,CN(N=O)C(=O)NC(=O)Nc1cccc2c1C(=O)N(C1CCC(=O)NC1=O)C2,GIBQCKDDVVQQAT-UHFFFAOYSA-N,urea,*C(=O)N(C)N=O,388.34
GLUE1874,CN(N=O)C(=O)OC(=O)Nc1cccc2c1C(=O)N(C1CCC(=O)NC1=O)C2,AGMNNCONZLCNDT-UHFFFAOYSA-N,carbamate,*C(=O)N(C)N=O,389.32
GLUE1875,C/C(=N\O)c1ccc(C(=O)Nc2cccc3c2C(=O)N(C2CCC(=O)NC2=O)C3)cc1,SDYHZLZRGJDZTL-BRJLIKDPSA-N,amide,*c1ccc(/C(C)=N/O)cc1,420.43
GLUE1876,C/C(=N\O)c1ccc(S(=O)(=O)Nc2cccc3c2C(=O)N(C2CCC(=O)NC2=O)C3)cc1,NUBFXPPCZWWZIY-FSJBWODESA-N,sulfonamide,*c1ccc(/C(C)=N/O)cc1,456.48
GLUE1877,C/C(=N\O)c1ccc(CC(=O)Nc2cccc3c2C(=O)N(C2CCC(=O)NC2=O)C3)cc1,GGQWROFRQLMEEF-LGJNPRDNSA-N,acetamide,*c1ccc(/C(C)=N/O)cc1,434.45
GLUE1878,C/C(=N\O)c1ccc(NC(=O)Nc2cccc3c2C(=O)N(C2CCC(=O)NC2=O)C3)cc1,QYZOIIFHKMRVGI-RPPGKUMJSA-N,urea,*c1ccc(/C(C)=N/O)cc1,435.44
GLUE1879,C/C(=N\O)c1ccc(OC(=O)Nc2cccc3c2C(=O)N(C2CCC(=O)NC2=O)C3)cc1,FLQFHRICTDDKMI-BRJLIKDPSA-N,carbamate,*c1ccc(/C(C)=N/O)cc1,436.42
GLUE1880,O=C1CCC(N2Cc3cccc(NC(=O)C[S+]([O-])c4nc5ccccc5[n-]4)c3C2=O)C(=O)N1,QTAKYOMBVKHBMH-UHFFFAOYSA-M,amide,*C[S+]([O-])c1nc2ccccc2[n-]1,464.48
GLUE1881,O=C1CCC(N2Cc3cccc(NS(=O)(=O)C[S+]([O-])c4nc5ccccc5[n-]4)c3C2=O)C(=O)N1,FFFGFHWBBSOLIL-UHFFFAOYSA-M,sulfonamide,*C[S+]([O-])c1nc2ccccc2[n-]1,500.54
GLUE1882,O=C1CCC(N2Cc3cccc(NC(=O)CC[S+]([O-])c4nc5ccccc5[n-]4)c3C2=O)C(=O)N1,IJRKEVVPKKRRTI-UHFFFAOYSA-M,acetamide,*C[S+]([O-])c1nc2ccccc2[n-]1,478.51
GLUE1883,O=C1CCC(N2Cc3cccc(NC(=O)NC[S+]([O-])c4nc5ccccc5[n-]4)c3C2=O)C(=O)N1,GLCANEHOKZRRHZ-UHFFFAOYSA-M,urea,*C[S+]([O-])c1nc2ccccc2[n-]1,479.5
GLUE1884,O=C1CCC(N2Cc3cccc(NC(=O)OC[S+]([O-])c4nc5ccccc5[n-]4)c3C2=O)C(=O)N1,NHROPNRGVKXJLS-UHFFFAOYSA-M,carbamate,*C[S+]([O-])c1nc2ccccc2[n-]1,480.48
GLUE1885,O=C1CCC(N2Cc3cccc(NC(=O)OCOP(=O)([O-])[O-])c3C2=O)C(=O)N1,MGXUZMYKDAATPG-UHFFFAOYSA-L,amide,*OCOP(=O)([O-])[O-],411.26
GLUE1886,O=C1CCC(N2Cc3cccc(NS(=O)(=O)OCOP(=O)([O-])[O-])c3C2=O)C(=O)N1,LKTQOLNMMLGRQA-UHFFFAOYSA-L,sulfonamide,*OCOP(=O)([O-])[O-],447.32
GLUE1887,O=C1CCC(N2Cc3cccc(NC(=O)COCOP(=O)([O-])[O-])c3C2=O)C(=O)N1,JXBYADTYWOJDQJ-UHFFFAOYSA-L,acetamide,*OCOP(=O)([O-])[O-],425.29
GLUE1888,O=C1CCC(N2Cc3cccc(NC(=O)NOCOP(=O)([O-])[O-])c3C2=O)C(=O)N1,FPOMBUGNZVJAOZ-UHFFFAOYSA-L,urea,*OCOP(=O)([O-])[O-],426.28
GLUE1889,O=C1CCC(N2Cc3cccc(NC(=O)OOCOP(=O)([O-])[O-])c3C2=O)C(=O)N1,FXYCFOUBPQFCMB-UHFFFAOYSA-L,carbamate,*OCOP(=O)([O-])[O-],427.26
GLUE1890,O=C1CCC(N2Cc3cccc(NC(=O)[C@H]4OC(O)[C@H]([18F])[C@@H](O)[C@@H]4O)c3C2=O)C(=O)N1,SNMWVQDTRINRPF-GYEYVKPBSA-N,amide,*[C@H]1OC(O)[C@H]([18F])[C@@H](O)[C@@H]1O,436.38
GLUE1891,O=C1CCC(N2Cc3cccc(NS(=O)(=O)[C@H]4OC(O)[C@H]([18F])[C@@H](O)[C@@H]4O)c3C2=O)C(=O)N1,DRWWMAGICGOJGT-LKAWXUQWSA-N,sulfonamide,*[C@H]1OC(O)[C@H]([18F])[C@@H](O)[C@@H]1O,472.44
GLUE1892,O=C1CCC(N2Cc3cccc(NC(=O)C[C@H]4OC(O)[C@H]([18F])[C@@H](O)[C@@H]4O)c3C2=O)C(=O)N1,NDBZJTBZBKDKPS-DTMYYFHPSA-N,acetamide,*[C@H]1OC(O)[C@H]([18F])[C@@H](O)[C@@H]1O,450.41
GLUE1893,O=C1CCC(N2Cc3cccc(NC(=O)N[C@H]4OC(O)[C@H]([18F])[C@@H](O)[C@@H]4O)c3C2=O)C(=O)N1,HZKILVZZGWUROV-URVPNSIXSA-N,urea,*[C@H]1OC(O)[C@H]([18F])[C@@H](O)[C@@H]1O,451.4
GLUE1894,O=C1CCC(N2Cc3cccc(NC(=O)O[C@H]4OC(O)[C@H]([18F])[C@@H](O)[C@@H]4O)c3C2=O)C(=O)N1,SAONYNGNKBVOMC-VYYYWYOESA-N,carbamate,*[C@H]1OC(O)[C@H]([18F])[C@@H](O)[C@@H]1O,452.38
GLUE1895,O=C1CCC(N2Cc3cccc(NC(=O)CCCS(=O)(=O)[O-])c3C2=O)C(=O)N1,SYWYOPCDXZTCDU-UHFFFAOYSA-M,amide,*CCCS(=O)(=O)[O-],408.41
GLUE1896,O=C1CCC(N2Cc3cccc(NS(=O)(=O)CCCS(=O)(=O)[O-])c3C2=O)C(=O)N1,DNBXLSOLDCUHOA-UHFFFAOYSA-M,sulfonamide,*CCCS(=O)(=O)[O-],444.47
GLUE1897,O=C1CCC(N2Cc3cccc(NC(=O)CCCCS(=O)(=O)[O-])c3C2=O)C(=O)N1,FVZDCSDUEKUYKY-UHFFFAOYSA-M,acetamide,*CCCS(=O)(=O)[O-],422.44
GLUE1898,O=C1CCC(N2Cc3cccc(NC(=O)NCCCS(=O)(=O)[O-])c3C2=O)C(=O)N1,DRXBYYWHMVCEIE-UHFFFAOYSA-M,urea,*CCCS(=O)(=O)[O-],423.43
GLUE1899,O=C1CCC(N2Cc3cccc(NC(=O)OCCCS(=O)(=O)[O-])c3C2=O)C(=O)N1,AVLGBTHEWIXSPG-UHFFFAOYSA-M,carbamate,*CCCS(=O)(=O)[O-],424.41
GLUE1900,O=C1CCC(N2Cc3cccc(NC(=O)[C@H]4OC(O)[C@H](F)[C@@H](O)[C@@H]4O)c3C2=O)C(=O)N1,SNMWVQDTRINRPF-AEIZSRKRSA-N,amide,*[C@H]1OC(O)[C@H](F)[C@@H](O)[C@@H]1O,437.38
GLUE1901,O=C1CCC(N2Cc3cccc(NS(=O)(=O)[C@H]4OC(O)[C@H](F)[C@@H](O)[C@@H]4O)c3C2=O)C(=O)N1,DRWWMAGICGOJGT-LNUKTHCSSA-N,sulfonamide,*[C@H]1OC(O)[C@H](F)[C@@H](O)[C@@H]1O,473.44
GLUE1902,O=C1CCC(N2Cc3cccc(NC(=O)C[C@H]4OC(O)[C@H](F)[C@@H](O)[C@@H]4O)c3C2=O)C(=O)N1,NDBZJTBZBKDKPS-YUAQXOECSA-N,acetamide,*[C@H]1OC(O)[C@H](F)[C@@H](O)[C@@H]1O,451.41
GLUE1903,O=C1CCC(N2Cc3cccc(NC(=O)N[C@H]4OC(O)[C@H](F)[C@@H](O)[C@@H]4O)c3C2=O)C(=O)N1,HZKILVZZGWUROV-MBNGRMDWSA-N,urea,*[C@H]1OC(O)[C@H](F)[C@@H](O)[C@@H]1O,452.4
GLUE1904,O=C1CCC(N2Cc3cccc(NC(=O)O[C@H]4OC(O)[C@H](F)[C@@H](O)[C@@H]4O)c3C2=O)C(=O)N1,SAONYNGNKBVOMC-LNUKTHCSSA-N,carbamate,*[C@H]1OC(O)[C@H](F)[C@@H](O)[C@@H]1O,453.38
GLUE1905,C[N+](C)([11CH3])C(=O)Nc1cccc2c1C(=O)N(C1CCC(=O)NC1=O)C2,ALPVKAQWVCFAFP-BJUDXGSMSA-O,amide,*[N+](C)(C)[11CH3],344.38
GLUE1906,C[N+](C)([11CH3])S(=O)(=O)Nc1cccc2c1C(=O)N(C1CCC(=O)NC1=O)C2,RVUURZAETVYBHS-BJUDXGSMSA-O,sulfonamide,*[N+](C)(C)[11CH3],380.43
GLUE1907,C[N+](C)([11CH3])CC(=O)Nc1cccc2c1C(=O)N(C1CCC(=O)NC1=O)C2,PRYSDMVPUNMADD-BJUDXGSMSA-O,acetamide,*[N+](C)(C)[11CH3],358.41
GLUE1908,C[N+](C)([11CH3])NC(=O)Nc1cccc2c1C(=O)N(C1CCC(=O)NC1=O)C2,XVEVZHFKBIZCPN-BJUDXGSMSA-O,urea,*[N+](C)(C)[11CH3],359.39
GLUE1909,C[N+](C)([11CH3])OC(=O)Nc1cccc2c1C(=O)N(C1CCC(=O)NC1=O)C2,UWBGSHLPLFQNCI-BJUDXGSMSA-O,carbamate,*[N+](C)(C)[11CH3],360.38
GLUE1910,Cn1nnc(C(=O)Nc2cccc3c2C(=O)N(C2CCC(=O)NC2=O)C3)n1,LELXNVSPFZSGTI-UHFFFAOYSA-N,amide,*c1nnn(C)n1,369.34
GLUE1911,Cn1nnc(S(=O)(=O)Nc2cccc3c2C(=O)N(C2CCC(=O)NC2=O)C3)n1,PXXALTIUYCAXBQ-UHFFFAOYSA-N,sulfonamide,*c1nnn(C)n1,405.4
GLUE1912,Cn1nnc(CC(=O)Nc2cccc3c2C(=O)N(C2CCC(=O)NC2=O)C3)n1,JVWKGVVNXMTMIP-UHFFFAOYSA-N,acetamide,*c1nnn(C)n1,383.37
GLUE1913,Cn1nnc(NC(=O)Nc2cccc3c2C(=O)N(C2CCC(=O)NC2=O)C3)n1,DWRIRWHZUNRYNC-UHFFFAOYSA-N,urea,*c1nnn(C)n1,384.36
GLUE1914,Cn1nnc(OC(=O)Nc2cccc3c2C(=O)N(C2CCC(=O)NC2=O)C3)n1,PTGBWSBSJZVMQN-UHFFFAOYSA-N,carbamate,*c1nnn(C)n1,385.34
GLUE1915,N[C@H](C(=O)O)[C@H](O)C(=O)Nc1cccc2c1C(=O)N(C1CCC(=O)NC1=O)C2,LJGGPMFYPCCTED-AXRFISIWSA-N,amide,*[C@@H](O)[C@H](N)C(=O)O,390.35
GLUE1916,N[C@H](C(=O)O)[C@H](O)S(=O)(=O)Nc1cccc2c1C(=O)N(C1CCC(=O)NC1=O)C2,SIPFMSUFMJQJRH-MIFHBTQPSA-N,sulfonamide,*[C@@H](O)[C@H](N)C(=O)O,426.41
GLUE1917,N[C@H](C(=O)O)[C@H](O)CC(=O)Nc1cccc2c1C(=O)N(C1CCC(=O)NC1=O)C2,UTODGJGBKLQDNM-KLLUJYQVSA-N,acetamide,*[C@@H](O)[C@H](N)C(=O)O,404.38
GLUE1918,N[C@H](C(=O)O)[C@H](O)NC(=O)Nc1cccc2c1C(=O)N(C1CCC(=O)NC1=O)C2,NKGXRFTZSHZJKR-AHHPIPEASA-N,urea,*[C@@H](O)[C@H](N)C(=O)O,405.37
GLUE1919,N[C@H](C(=O)O)[C@H](O)OC(=O)Nc1cccc2c1C(=O)N(C1CCC(=O)NC1=O)C2,CCSVGKPGCCQSPL-MIFHBTQPSA-N,carbamate,*[C@@H](O)[C@H](N)C(=O)O,406.35
GLUE1920,O=C1CCC(N2Cc3cccc(NC(=O)N4CC(O)C4)c3C2=O)C(=O)N1,WYDDFGFWCZGMFR-UHFFFAOYSA-N,amide,*N1CC(O)C1,358.35
GLUE1921,O=C1CCC(N2Cc3cccc(NS(=O)(=O)N4CC(O)C4)c3C2=O)C(=O)N1,HUCGZVBLPGAWHC-UHFFFAOYSA-N,sulfonamide,*N1CC(O)C1,394.41
GLUE1922,O=C1CCC(N2Cc3cccc(NC(=O)CN4CC(O)C4)c3C2=O)C(=O)N1,BFPRCWRQMJLAHC-UHFFFAOYSA-N,acetamide,*N1CC(O)C1,372.38
GLUE1923,O=C1CCC(N2Cc3cccc(NC(=O)NN4CC(O)C4)c3C2=O)C(=O)N1,HZMJNXOOUBVHEM-UHFFFAOYSA-N,urea,*N1CC(O)C1,373.37
GLUE1924,O=C1CCC(N2Cc3cccc(NC(=O)ON4CC(O)C4)c3C2=O)C(=O)N1,WACJHEFXNUTOCC-UHFFFAOYSA-N,carbamate,*N1CC(O)C1,374.35
GLUE1925,O=C1CCC(N2Cc3cccc(NC(=O)c4ccc5c(c4)OC(F)(F)O5)c3C2=O)C(=O)N1,JFEXYEKKPKGZTJ-UHFFFAOYSA-N,amide,*c1ccc2c(c1)OC(F)(F)O2,443.36
GLUE1926,O=C1CCC(N2Cc3cccc(NS(=O)(=O)c4ccc5c(c4)OC(F)(F)O5)c3C2=O)C(=O)N1,KZLNBMPYYAEZDM-UHFFFAOYSA-N,sulfonamide,*c1ccc2c(c1)OC(F)(F)O2,479.42
GLUE1927,O=C1CCC(N2Cc3cccc(NC(=O)Cc4ccc5c(c4)OC(F)(F)O5)c3C2=O)C(=O)N1,YYLRYHLFHOFJJG-UHFFFAOYSA-N,acetamide,*c1ccc2c(c1)OC(F)(F)O2,457.39
GLUE1928,O=C1CCC(N2Cc3cccc(NC(=O)Nc4ccc5c(c4)OC(F)(F)O5)c3C2=O)C(=O)N1,YRTCLKCNLJEPTN-UHFFFAOYSA-N,urea,*c1ccc2c(c1)OC(F)(F)O2,458.38
GLUE1929,O=C1CCC(N2Cc3cccc(NC(=O)Oc4ccc5c(c4)OC(F)(F)O5)c3C2=O)C(=O)N1,YZZCGNWDOSEYNE-UHFFFAOYSA-N,carbamate,*c1ccc2c(c1)OC(F)(F)O2,459.36
GLUE1930,C=C1CCN(C(=O)Nc2cccc3c2C(=O)N(C2CCC(=O)NC2=O)C3)CC1,FPPPJUBKTOBPGT-UHFFFAOYSA-N,amide,*N1CCC(=C)CC1,382.42
GLUE1931,C=C1CCN(S(=O)(=O)Nc2cccc3c2C(=O)N(C2CCC(=O)NC2=O)C3)CC1,FFJYUVZGDZMSEV-UHFFFAOYSA-N,sulfonamide,*N1CCC(=C)CC1,418.48
GLUE1932,C=C1CCN(CC(=O)Nc2cccc3c2C(=O)N(C2CCC(=O)NC2=O)C3)CC1,CNOZYMANQHSYQH-UHFFFAOYSA-N,acetamide,*N1CCC(=C)CC1,396.45
GLUE1933,C=C1CCN(NC(=O)Nc2cccc3c2C(=O)N(C2CCC(=O)NC2=O)C3)CC1,DBLGKLMRWIOSSL-UHFFFAOYSA-N,urea,*N1CCC(=C)CC1,397.44
GLUE1934,C=C1CCN(OC(=O)Nc2cccc3c2C(=O)N(C2CCC(=O)NC2=O)C3)CC1,KCZZYQSJRAGLDX-UHFFFAOYSA-N,carbamate,*N1CCC(=C)CC1,398.42
GLUE1935,N#CCCS(=O)(=O)Nc1cccc2c1C(=O)N(C1CCC(=O)NC1=O)C2,OOGHGXJAEHYMKY-UHFFFAOYSA-N,sulfonamide,*CCC#N,376.39
GLUE1936,N#CCCCC(=O)Nc1cccc2c1C(=O)N(C1CCC(=O)NC1=O)C2,IWFFXUHANQTMDI-UHFFFAOYSA-N,acetamide,*CCC#N,354.37
GLUE1937,N#CCCNC(=O)Nc1cccc2c1C(=O)N(C1CCC(=O)NC1=O)C2,RCKWJTUILUMOJQ-UHFFFAOYSA-N,urea,*CCC#N,355.35
GLUE1938,N#CCCOC(=O)Nc1cccc2c1C(=O)N(C1CCC(=O)NC1=O)C2,WJLSEOWRTBRHJG-UHFFFAOYSA-N,carbamate,*CCC#N,356.34
GLUE1939,O=C1CCC(N2Cc3cccc(NC(=O)N4C[C@@H]5NCCO[C@H]5C4)c3C2=O)C(=O)N1,DJIYIFHWWXAETG-LWEDLAQUSA-N,amide,*N1C[C@@H]2NCCO[C@H]2C1,413.43
GLUE1940,O=C1CCC(N2Cc3cccc(NS(=O)(=O)N4C[C@@H]5NCCO[C@H]5C4)c3C2=O)C(=O)N1,HSMVZDBYTVBHNN-LWEDLAQUSA-N,sulfonamide,*N1C[C@@H]2NCCO[C@H]2C1,449.49
GLUE1941,O=C1CCC(N2Cc3cccc(NC(=O)CN4C[C@@H]5NCCO[C@H]5C4)c3C2=O)C(=O)N1,OWACCQQNVKPGQN-AQOJYXMDSA-N,acetamide,*N1C[C@@H]2NCCO[C@H]2C1,427.46
GLUE1942,O=C1CCC(N2Cc3cccc(NC(=O)NN4C[C@@H]5NCCO[C@H]5C4)c3C2=O)C(=O)N1,OMPFWAVRLWOLEE-LWEDLAQUSA-N,urea,*N1C[C@@H]2NCCO[C@H]2C1,428.45
GLUE1943,O=C1CCC(N2Cc3cccc(NC(=O)ON4C[C@@H]5NCCO[C@H]5C4)c3C2=O)C(=O)N1,SROZQAAWTJZMRR-LWEDLAQUSA-N,carbamate,*N1C[C@@H]2NCCO[C@H]2C1,429.43
GLUE1944,O=C1CCC(N2Cc3cccc(NS(=O)(=O)CCCCl)c3C2=O)C(=O)N1,QZKJKTXXRFCPDZ-UHFFFAOYSA-N,sulfonamide,*CCCCl,399.86
GLUE1945,O=C1CCC(N2Cc3cccc(NC(=O)CCCCCl)c3C2=O)C(=O)N1,TXVJUECDOUYHEC-UHFFFAOYSA-N,acetamide,*CCCCl,377.83
GLUE1946,O=C1CCC(N2Cc3cccc(NC(=O)NCCCCl)c3C2=O)C(=O)N1,WWLZQYIDMNFCEZ-UHFFFAOYSA-N,urea,*CCCCl,378.82
GLUE1947,O=C1CCC(N2Cc3cccc(NC(=O)OCCCCl)c3C2=O)C(=O)N1,MNBNKHYPMVPFPC-UHFFFAOYSA-N,carbamate,*CCCCl,379.8
GLUE1948,O=C1CCC(N2Cc3cccc(NC(=O)N4CCSC4)c3C2=O)C(=O)N1,IOHQRSRECBHDLS-UHFFFAOYSA-N,amide,*N1CCSC1,374.42
GLUE1949,O=C1CCC(N2Cc3cccc(NS(=O)(=O)N4CCSC4)c3C2=O)C(=O)N1,YSCXPVDHIUZCAM-UHFFFAOYSA-N,sulfonamide,*N1CCSC1,410.48
GLUE1950,O=C1CCC(N2Cc3cccc(NC(=O)CN4CCSC4)c3C2=O)C(=O)N1,ZCHCZGQWYWDWCQ-UHFFFAOYSA-N,acetamide,*N1CCSC1,388.45
GLUE1951,O=C1CCC(N2Cc3cccc(NC(=O)NN4CCSC4)c3C2=O)C(=O)N1,RTNVBAQVMFKXRR-UHFFFAOYSA-N,urea,*N1CCSC1,389.44
GLUE1952,O=C1CCC(N2Cc3cccc(NC(=O)ON4CCSC4)c3C2=O)C(=O)N1,KDFVXHNRAXPZAA-UHFFFAOYSA-N,carbamate,*N1CCSC1,390.42
GLUE1953,O=C([O-])CC(O)CC(O)CC(=O)Nc1cccc2c1C(=O)N(C1CCC(=O)NC1=O)C2,RPORWFLQTUKMML-UHFFFAOYSA-M,amide,*CC(O)CC(O)CC(=O)[O-],432.41
GLUE1954,O=C([O-])CC(O)CC(O)CS(=O)(=O)Nc1cccc2c1C(=O)N(C1CCC(=O)NC1=O)C2,ICPPMPGNANWDGI-UHFFFAOYSA-M,sulfonamide,*CC(O)CC(O)CC(=O)[O-],468.46
GLUE1955,O=C([O-])CC(O)CC(O)CCC(=O)Nc1cccc2c1C(=O)N(C1CCC(=O)NC1=O)C2,IFNDTFUYKKBNBY-UHFFFAOYSA-M,acetamide,*CC(O)CC(O)CC(=O)[O-],446.44
GLUE1956,O=C([O-])CC(O)CC(O)CNC(=O)Nc1cccc2c1C(=O)N(C1CCC(=O)NC1=O)C2,ZYSNZFBFVKWRTN-UHFFFAOYSA-M,urea,*CC(O)CC(O)CC(=O)[O-],447.42
GLUE1957,O=C([O-])CC(O)CC(O)COC(=O)Nc1cccc2c1C(=O)N(C1CCC(=O)NC1=O)C2,JAIHUONLGXAZDX-UHFFFAOYSA-M,carbamate,*CC(O)CC(O)CC(=O)[O-],448.41
GLUE1958,O=C1CCC(N2Cc3cccc(NS(=O)(=O)CCCO)c3C2=O)C(=O)N1,INEQCWSNEWMARN-UHFFFAOYSA-N,sulfonamide,*CCCO,381.41
GLUE1959,O=C1CCC(N2Cc3cccc(NC(=O)CCCCO)c3C2=O)C(=O)N1,UJWFNCVPMDBPIA-UHFFFAOYSA-N,acetamide,*CCCO,359.38
GLUE1960,O=C1CCC(N2Cc3cccc(NC(=O)NCCCO)c3C2=O)C(=O)N1,DHWSSUTZFOTQSD-UHFFFAOYSA-N,urea,*CCCO,360.37
GLUE1961,O=C1CCC(N2Cc3cccc(NC(=O)OCCCO)c3C2=O)C(=O)N1,CWYWWQCUVWEHEW-UHFFFAOYSA-N,carbamate,*CCCO,361.35
GLUE1962,O=C1CCC(N2Cc3cccc(NC(=O)OP(=O)([O-])[O-])c3C2=O)C(=O)N1,SOSWCMATHLXBEL-UHFFFAOYSA-L,amide,*OP(=O)([O-])[O-],381.24
GLUE1963,O=C1CCC(N2Cc3cccc(NS(=O)(=O)OP(=O)([O-])[O-])c3C2=O)C(=O)N1,VHPFSCIPOKPJCR-UHFFFAOYSA-L,sulfonamide,*OP(=O)([O-])[O-],417.29
GLUE1964,O=C1CCC(N2Cc3cccc(NC(=O)COP(=O)([O-])[O-])c3C2=O)C(=O)N1,BLQAUFYENIYQTJ-UHFFFAOYSA-L,acetamide,*OP(=O)([O-])[O-],395.26
GLUE1965,O=C1CCC(N2Cc3cccc(NC(=O)NOP(=O)([O-])[O-])c3C2=O)C(=O)N1,DANAFTHKJMCBSM-UHFFFAOYSA-L,urea,*OP(=O)([O-])[O-],396.25
GLUE1966,O=C1CCC(N2Cc3cccc(NC(=O)OOP(=O)([O-])[O-])c3C2=O)C(=O)N1,LHDYZVZHIHLURR-UHFFFAOYSA-L,carbamate,*OP(=O)([O-])[O-],397.24
GLUE1967,O=C1CCC(N2Cc3cccc(NC(=O)c4cccc([123I])c4)c3C2=O)C(=O)N1,YIOOWEPAUGNBBW-PIRNEEEYSA-N,amide,*c1cccc([123I])c1,485.27
GLUE1968,O=C1CCC(N2Cc3cccc(NS(=O)(=O)c4cccc([123I])c4)c3C2=O)C(=O)N1,RKJRLQOXACWRBT-BMILMZPDSA-N,sulfonamide,*c1cccc([123I])c1,521.33
GLUE1969,O=C1CCC(N2Cc3cccc(NC(=O)Cc4cccc([123I])c4)c3C2=O)C(=O)N1,WAHOPLISRLNGMO-NHTLRXQVSA-N,acetamide,*c1cccc([123I])c1,499.3
GLUE1970,O=C1CCC(N2Cc3cccc(NC(=O)Nc4cccc([123I])c4)c3C2=O)C(=O)N1,BWKHNOIORZFPGH-PIRNEEEYSA-N,urea,*c1cccc([123I])c1,500.29
GLUE1971,O=C1CCC(N2Cc3cccc(NC(=O)Oc4cccc([123I])c4)c3C2=O)C(=O)N1,MHEHPHGXRAUSEA-PIRNEEEYSA-N,carbamate,*c1cccc([123I])c1,501.27
GLUE1972,CCCS(=O)(=O)C(=O)Nc1cccc2c1C(=O)N(C1CCC(=O)NC1=O)C2,JVUUYKFUJZMECC-UHFFFAOYSA-N,amide,*S(=O)(=O)CCC,393.42
GLUE1973,CCCS(=O)(=O)S(=O)(=O)Nc1cccc2c1C(=O)N(C1CCC(=O)NC1=O)C2,WPALQXASNGZUKT-UHFFFAOYSA-N,sulfonamide,*S(=O)(=O)CCC,429.48
GLUE1974,CCCS(=O)(=O)CC(=O)Nc1cccc2c1C(=O)N(C1CCC(=O)NC1=O)C2,GUVDPSZQBOYAJU-UHFFFAOYSA-N,acetamide,*S(=O)(=O)CCC,407.45
GLUE1975,CCCS(=O)(=O)NC(=O)Nc1cccc2c1C(=O)N(C1CCC(=O)NC1=O)C2,OQKIQLMFWZLRHG-UHFFFAOYSA-N,urea,*S(=O)(=O)CCC,408.44
GLUE1976,CCCS(=O)(=O)OC(=O)Nc1cccc2c1C(=O)N(C1CCC(=O)NC1=O)C2,DUTOWKSNPNPLFB-UHFFFAOYSA-N,carbamate,*S(=O)(=O)CCC,409.42
GLUE1977,O=C1CCC(N2Cc3cccc(NC(=O)c4ccc(/C=N/N5CC(=O)NC5=O)o4)c3C2=O)C(=O)N1,FNZMNXKBEQBOFU-LIMNOBDPSA-N,amide,*c1ccc(/C=N/N2CC(=O)NC2=O)o1,478.42
GLUE1978,O=C1CCC(N2Cc3cccc(NS(=O)(=O)c4ccc(/C=N/N5CC(=O)NC5=O)o4)c3C2=O)C(=O)N1,NVKHPOGGKACORD-GZIVZEMBSA-N,sulfonamide,*c1ccc(/C=N/N2CC(=O)NC2=O)o1,514.48
GLUE1979,O=C1CCC(N2Cc3cccc(NC(=O)Cc4ccc(/C=N/N5CC(=O)NC5=O)o4)c3C2=O)C(=O)N1,ZHNKPKZVQKCCGW-PGGKNCGUSA-N,acetamide,*c1ccc(/C=N/N2CC(=O)NC2=O)o1,492.45
GLUE1980,O=C1CCC(N2Cc3cccc(NC(=O)Nc4ccc(/C=N/N5CC(=O)NC5=O)o4)c3C2=O)C(=O)N1,AOLIYIICUDLTOO-LIMNOBDPSA-N,urea,*c1ccc(/C=N/N2CC(=O)NC2=O)o1,493.44
GLUE1981,O=C1CCC(N2Cc3cccc(NC(=O)Oc4ccc(/C=N/N5CC(=O)NC5=O)o4)c3C2=O)C(=O)N1,JDIBPJRSSAUDHU-LIMNOBDPSA-N,carbamate,*c1ccc(/C=N/N2CC(=O)NC2=O)o1,494.42
GLUE1982,CC(C)(C(=O)[O-])C(=O)Nc1cccc2c1C(=O)N(C1CCC(=O)NC1=O)C2,PVOFGCTYIBZBQC-UHFFFAOYSA-M,amide,*C(C)(C)C(=O)[O-],372.36
GLUE1983,CC(C)(C(=O)[O-])S(=O)(=O)Nc1cccc2c1C(=O)N(C1CCC(=O)NC1=O)C2,ULYYTIJTGDJBJK-UHFFFAOYSA-M,sulfonamide,*C(C)(C)C(=O)[O-],408.41
GLUE1984,CC(C)(CC(=O)Nc1cccc2c1C(=O)N(C1CCC(=O)NC1=O)C2)C(=O)[O-],WPXCNQODPDFJKU-UHFFFAOYSA-M,acetamide,*C(C)(C)C(=O)[O-],386.38
GLUE1985,CC(C)(NC(=O)Nc1cccc2c1C(=O)N(C1CCC(=O)NC1=O)C2)C(=O)[O-],FLOHYYBOPSXKMC-UHFFFAOYSA-M,urea,*C(C)(C)C(=O)[O-],387.37
GLUE1986,CC(C)(OC(=O)Nc1cccc2c1C(=O)N(C1CCC(=O)NC1=O)C2)C(=O)[O-],AKOCJCJQGRPVMB-UHFFFAOYSA-M,carbamate,*C(C)(C)C(=O)[O-],388.36
GLUE1987,O=C(O)C[C@H](O)C[C@H](O)CC(=O)Nc1cccc2c1C(=O)N(C1CCC(=O)NC1=O)C2,RPORWFLQTUKMML-KTYPHDMWSA-N,amide,*C[C@@H](O)C[C@@H](O)CC(=O)O,433.42
GLUE1988,O=C(O)C[C@H](O)C[C@H](O)CS(=O)(=O)Nc1cccc2c1C(=O)N(C1CCC(=O)NC1=O)C2,ICPPMPGNANWDGI-RJTITELWSA-N,sulfonamide,*C[C@@H](O)C[C@@H](O)CC(=O)O,469.47
GLUE1989,O=C(O)C[C@H](O)C[C@H](O)CCC(=O)Nc1cccc2c1C(=O)N(C1CCC(=O)NC1=O)C2,IFNDTFUYKKBNBY-HCYNLOQUSA-N,acetamide,*C[C@@H](O)C[C@@H](O)CC(=O)O,447.44
GLUE1990,O=C(O)C[C@H](O)C[C@H](O)CNC(=O)Nc1cccc2c1C(=O)N(C1CCC(=O)NC1=O)C2,ZYSNZFBFVKWRTN-RJTITELWSA-N,urea,*C[C@@H](O)C[C@@H](O)CC(=O)O,448.43
GLUE1991,O=C(O)C[C@H](O)C[C@H](O)COC(=O)Nc1cccc2c1C(=O)N(C1CCC(=O)NC1=O)C2,JAIHUONLGXAZDX-RJTITELWSA-N,carbamate,*C[C@@H](O)C[C@@H](O)CC(=O)O,449.42
GLUE1992,O=C1CCC(N2Cc3cccc(NS(=O)(=O)OCOP(=O)(O)O)c3C2=O)C(=O)N1,LKTQOLNMMLGRQA-UHFFFAOYSA-N,sulfonamide,*OCOP(=O)(O)O,449.33
GLUE1993,O=C1CCC(N2Cc3cccc(NC(=O)COCOP(=O)(O)O)c3C2=O)C(=O)N1,JXBYADTYWOJDQJ-UHFFFAOYSA-N,acetamide,*OCOP(=O)(O)O,427.31
GLUE1994,O=C1CCC(N2Cc3cccc(NC(=O)NOCOP(=O)(O)O)c3C2=O)C(=O)N1,FPOMBUGNZVJAOZ-UHFFFAOYSA-N,urea,*OCOP(=O)(O)O,428.29
GLUE1995,O=C1CCC(N2Cc3cccc(NC(=O)OOCOP(=O)(O)O)c3C2=O)C(=O)N1,FXYCFOUBPQFCMB-UHFFFAOYSA-N,carbamate,*OCOP(=O)(O)O,429.28
GLUE1996,O=C1CCC(N2Cc3cccc(NC(=O)c4ccc(F)nc4)c3C2=O)C(=O)N1,JCBHNOAXOFETSJ-UHFFFAOYSA-N,amide,*c1ccc(F)nc1,382.35
GLUE1997,O=C1CCC(N2Cc3cccc(NS(=O)(=O)c4ccc(F)nc4)c3C2=O)C(=O)N1,HFLZZNKHPLMHQI-UHFFFAOYSA-N,sulfonamide,*c1ccc(F)nc1,418.41
GLUE1998,O=C1CCC(N2Cc3cccc(NC(=O)Cc4ccc(F)nc4)c3C2=O)C(=O)N1,QJDAGYJTDQYUOW-UHFFFAOYSA-N,acetamide,*c1ccc(F)nc1,396.38
GLUE1999,O=C1CCC(N2Cc3cccc(NC(=O)Nc4ccc(F)nc4)c3C2=O)C(=O)N1,RMUKHQLXNYZPOX-UHFFFAOYSA-N,urea,*c1ccc(F)nc1,397.37
GLUE2000,O=C1CCC(N2Cc3cccc(NC(=O)Oc4ccc(F)nc4)c3C2=O)C(=O)N1,GOBMPBMPLAZUOF-UHFFFAOYSA-N,carbamate,*c1ccc(F)nc1,398.35
GLUE2001,O=C1CCC(N2Cc3cccc(NC(=O)C[S@@+]([O-])c4nc5ccccc5[nH]4)c3C2=O)C(=O)N1,PDGOQTOUXDQOFP-LJHPGWFKSA-N,amide,*C[S@@+]([O-])c1nc2ccccc2[nH]1,465.49
GLUE2002,O=C1CCC(N2Cc3cccc(NS(=O)(=O)C[S@@+]([O-])c4nc5ccccc5[nH]4)c3C2=O)C(=O)N1,KODSCEKUJOCLKT-LJHPGWFKSA-N,sulfonamide,*C[S@@+]([O-])c1nc2ccccc2[nH]1,501.55
GLUE2003,O=C1CCC(N2Cc3cccc(NC(=O)CC[S@@+]([O-])c4nc5ccccc5[nH]4)c3C2=O)C(=O)N1,ZGZKTOFBDSKGNA-ODDMPPCGSA-N,acetamide,*C[S@@+]([O-])c1nc2ccccc2[nH]1,479.52
GLUE2004,O=C1CCC(N2Cc3cccc(NC(=O)NC[S@@+]([O-])c4nc5ccccc5[nH]4)c3C2=O)C(=O)N1,QHEUNWQPFWHWQD-KJBRTACLSA-N,urea,*C[S@@+]([O-])c1nc2ccccc2[nH]1,480.51
GLUE2005,O=C1CCC(N2Cc3cccc(NC(=O)OC[S@@+]([O-])c4nc5ccccc5[nH]4)c3C2=O)C(=O)N1,HYJWTULGMZIAQX-KJBRTACLSA-N,carbamate,*C[S@@+]([O-])c1nc2ccccc2[nH]1,481.49
GLUE2006,O=C1CCC(N2Cc3cccc(NC(=O)c4ccc([18F])nc4)c3C2=O)C(=O)N1,JCBHNOAXOFETSJ-LRFGSCOBSA-N,amide,*c1ccc([18F])nc1,381.35
GLUE2007,O=C1CCC(N2Cc3cccc(NS(=O)(=O)c4ccc([18F])nc4)c3C2=O)C(=O)N1,HFLZZNKHPLMHQI-AWDFDDCISA-N,sulfonamide,*c1ccc([18F])nc1,417.41
GLUE2008,O=C1CCC(N2Cc3cccc(NC(=O)Cc4ccc([18F])nc4)c3C2=O)C(=O)N1,QJDAGYJTDQYUOW-GJQNQZCXSA-N,acetamide,*c1ccc([18F])nc1,395.38
GLUE2009,O=C1CCC(N2Cc3cccc(NC(=O)Nc4ccc([18F])nc4)c3C2=O)C(=O)N1,RMUKHQLXNYZPOX-LRFGSCOBSA-N,urea,*c1ccc([18F])nc1,396.37
GLUE2010,O=C1CCC(N2Cc3cccc(NC(=O)Oc4ccc([18F])nc4)c3C2=O)C(=O)N1,GOBMPBMPLAZUOF-LRFGSCOBSA-N,carbamate,*c1ccc([18F])nc1,397.35
GLUE2011,O=C1CCC(N2Cc3cccc(NC(=O)[C@H]4OC(O)[C@H](O)[C@@H](O)[C@@H]4O)c3C2=O)C(=O)N1,ZDCKCKPLOSULSR-GUYLGBIFSA-N,amide,*[C@H]1OC(O)[C@H](O)[C@@H](O)[C@@H]1O,435.39
GLUE2012,O=C1CCC(N2Cc3cccc(NS(=O)(=O)[C@H]4OC(O)[C@H](O)[C@@H](O)[C@@H]4O)c3C2=O)C(=O)N1,MTXGJFSOINYHQC-LNUKTHCSSA-N,sulfonamide,*[C@H]1OC(O)[C@H](O)[C@@H](O)[C@@H]1O,471.44
GLUE2013,O=C1CCC(N2Cc3cccc(NC(=O)C[C@H]4OC(O)[C@H](O)[C@@H](O)[C@@H]4O)c3C2=O)C(=O)N1,NURGGXWNUKXDET-QULFEAJLSA-N,acetamide,*[C@H]1OC(O)[C@H](O)[C@@H](O)[C@@H]1O,449.42
GLUE2014,O=C1CCC(N2Cc3cccc(NC(=O)N[C@H]4OC(O)[C@H](O)[C@@H](O)[C@@H]4O)c3C2=O)C(=O)N1,SHKAANFTYXKLQR-LUQCSVSJSA-N,urea,*[C@H]1OC(O)[C@H](O)[C@@H](O)[C@@H]1O,450.4
GLUE2015,O=C1CCC(N2Cc3cccc(NC(=O)O[C@H]4OC(O)[C@H](O)[C@@H](O)[C@@H]4O)c3C2=O)C(=O)N1,XLFCEOUXDXHSJH-LNUKTHCSSA-N,carbamate,*[C@H]1OC(O)[C@H](O)[C@@H](O)[C@@H]1O,451.39
GLUE2016,O=C1CCC(N2Cc3cccc(NC(=O)n4ccc(=O)[n-]c4=O)c3C2=O)C(=O)N1,LPAZZIZRAIAMKI-UHFFFAOYSA-M,amide,*n1ccc(=O)[n-]c1=O,396.34
GLUE2017,O=C1CCC(N2Cc3cccc(NS(=O)(=O)n4ccc(=O)[n-]c4=O)c3C2=O)C(=O)N1,FQMFNDPXMPCMDE-UHFFFAOYSA-M,sulfonamide,*n1ccc(=O)[n-]c1=O,432.39
GLUE2018,O=C1CCC(N2Cc3cccc(NC(=O)Cn4ccc(=O)[n-]c4=O)c3C2=O)C(=O)N1,MLEZFXCSKDTRQY-UHFFFAOYSA-M,acetamide,*n1ccc(=O)[n-]c1=O,410.37
GLUE2019,O=C1CCC(N2Cc3cccc(NC(=O)Nn4ccc(=O)[n-]c4=O)c3C2=O)C(=O)N1,VOJHACPHUYCOOR-UHFFFAOYSA-M,urea,*n1ccc(=O)[n-]c1=O,411.35
GLUE2020,O=C1CCC(N2Cc3cccc(NC(=O)On4ccc(=O)[n-]c4=O)c3C2=O)C(=O)N1,PWVITSUMPHWFRF-UHFFFAOYSA-M,carbamate,*n1ccc(=O)[n-]c1=O,412.34
GLUE2021,N#Cc1nn(C(=O)Nc2cccc3c2C(=O)N(C2CCC(=O)NC2=O)C3)c(=O)[nH]c1=O,ILTNTAFTDIFZTI-UHFFFAOYSA-N,amide,*n1nc(C#N)c(=O)[nH]c1=O,423.35
GLUE2022,N#Cc1nn(S(=O)(=O)Nc2cccc3c2C(=O)N(C2CCC(=O)NC2=O)C3)c(=O)[nH]c1=O,VKFFOEVPYGNEMN-UHFFFAOYSA-N,sulfonamide,*n1nc(C#N)c(=O)[nH]c1=O,459.4
GLUE2023,N#Cc1nn(CC(=O)Nc2cccc3c2C(=O)N(C2CCC(=O)NC2=O)C3)c(=O)[nH]c1=O,PXRALZPLRDAEGP-UHFFFAOYSA-N,acetamide,*n1nc(C#N)c(=O)[nH]c1=O,437.37
GLUE2024,N#Cc1nn(NC(=O)Nc2cccc3c2C(=O)N(C2CCC(=O)NC2=O)C3)c(=O)[nH]c1=O,IQAVSVLTNSJWID-UHFFFAOYSA-N,urea,*n1nc(C#N)c(=O)[nH]c1=O,438.36
GLUE2025,N#Cc1nn(OC(=O)Nc2cccc3c2C(=O)N(C2CCC(=O)NC2=O)C3)c(=O)[nH]c1=O,ZFMHLIAMHXEFJV-UHFFFAOYSA-N,carbamate,*n1nc(C#N)c(=O)[nH]c1=O,439.34
GLUE2026,O=C1CCC(N2Cc3cccc(NC(=O)N4CC[C@@H](O)NC4=O)c3C2=O)C(=O)N1,AKOPENRVYPSFBJ-GLGOKHISSA-N,amide,*N1CC[C@@H](O)NC1=O,401.38
GLUE2027,O=C1CCC(N2Cc3cccc(NS(=O)(=O)N4CC[C@@H](O)NC4=O)c3C2=O)C(=O)N1,AIFPCBVOCKFWKW-GLGOKHISSA-N,sulfonamide,*N1CC[C@@H](O)NC1=O,437.43
GLUE2028,O=C1CCC(N2Cc3cccc(NC(=O)CN4CC[C@@H](O)NC4=O)c3C2=O)C(=O)N1,DZQXNMQGVNDXCG-TYZXPVIJSA-N,acetamide,*N1CC[C@@H](O)NC1=O,415.41
GLUE2029,O=C1CCC(N2Cc3cccc(NC(=O)NN4CC[C@@H](O)NC4=O)c3C2=O)C(=O)N1,GPAZIEANMKNWPI-GLGOKHISSA-N,urea,*N1CC[C@@H](O)NC1=O,416.39
GLUE2030,O=C1CCC(N2Cc3cccc(NC(=O)ON4CC[C@@H](O)NC4=O)c3C2=O)C(=O)N1,HKELDDUIWXXIAX-GLGOKHISSA-N,carbamate,*N1CC[C@@H](O)NC1=O,417.38
GLUE2031,O=C1CCC(N2Cc3cccc(NC(=O)c4ccc(Br)cc4F)c3C2=O)C(=O)N1,OOHJVBOCSBKYES-UHFFFAOYSA-N,amide,*c1ccc(Br)cc1F,460.26
GLUE2032,O=C1CCC(N2Cc3cccc(NS(=O)(=O)c4ccc(Br)cc4F)c3C2=O)C(=O)N1,SWKGCCUBPCODQD-UHFFFAOYSA-N,sulfonamide,*c1ccc(Br)cc1F,496.31
GLUE2033,O=C1CCC(N2Cc3cccc(NC(=O)Cc4ccc(Br)cc4F)c3C2=O)C(=O)N1,UDLRKIAWTJQJJI-UHFFFAOYSA-N,acetamide,*c1ccc(Br)cc1F,474.29
GLUE2034,O=C1CCC(N2Cc3cccc(NC(=O)Nc4ccc(Br)cc4F)c3C2=O)C(=O)N1,NZGUFTORACYTNU-UHFFFAOYSA-N,urea,*c1ccc(Br)cc1F,475.27
GLUE2035,O=C1CCC(N2Cc3cccc(NC(=O)Oc4ccc(Br)cc4F)c3C2=O)C(=O)N1,TWMYJFZUYMYNCH-UHFFFAOYSA-N,carbamate,*c1ccc(Br)cc1F,476.26
GLUE2036,Cc1cc(C)cc(C(=O)Nc2cccc3c2C(=O)N(C2CCC(=O)NC2=O)C3)c1,GHRXFTUWNJTFSP-UHFFFAOYSA-N,amide,*c1cc(C)cc(C)c1,391.43
GLUE2037,Cc1cc(C)cc(S(=O)(=O)Nc2cccc3c2C(=O)N(C2CCC(=O)NC2=O)C3)c1,JQNIWXZHKGSRAW-UHFFFAOYSA-N,sulfonamide,*c1cc(C)cc(C)c1,427.48
GLUE2038,Cc1cc(C)cc(CC(=O)Nc2cccc3c2C(=O)N(C2CCC(=O)NC2=O)C3)c1,XLYKPIDJXDKZOC-UHFFFAOYSA-N,acetamide,*c1cc(C)cc(C)c1,405.45
GLUE2039,Cc1cc(C)cc(NC(=O)Nc2cccc3c2C(=O)N(C2CCC(=O)NC2=O)C3)c1,WAPYDSSAEVHBRV-UHFFFAOYSA-N,urea,*c1cc(C)cc(C)c1,406.44
GLUE2040,Cc1cc(C)cc(OC(=O)Nc2cccc3c2C(=O)N(C2CCC(=O)NC2=O)C3)c1,TZQDZYSUDSFYHW-UHFFFAOYSA-N,carbamate,*c1cc(C)cc(C)c1,407.43
GLUE2041,CC(C)(C(=O)Nc1cccc2c1C(=O)N(C1CCC(=O)NC1=O)C2)C(F)(F)F,OLVGSMVBJNBNMX-UHFFFAOYSA-N,amide,*C(C)(C)C(F)(F)F,397.35
GLUE2042,CC(C)(C(F)(F)F)S(=O)(=O)Nc1cccc2c1C(=O)N(C1CCC(=O)NC1=O)C2,LZRVVWHGBSMGMW-UHFFFAOYSA-N,sulfonamide,*C(C)(C)C(F)(F)F,433.41
GLUE2043,CC(C)(CC(=O)Nc1cccc2c1C(=O)N(C1CCC(=O)NC1=O)C2)C(F)(F)F,IDFKQXYSLQRYPE-UHFFFAOYSA-N,acetamide,*C(C)(C)C(F)(F)F,411.38
GLUE2044,CC(C)(NC(=O)Nc1cccc2c1C(=O)N(C1CCC(=O)NC1=O)C2)C(F)(F)F,FZMUCLKSXUCZBZ-UHFFFAOYSA-N,urea,*C(C)(C)C(F)(F)F,412.37
GLUE2045,CC(C)(OC(=O)Nc1cccc2c1C(=O)N(C1CCC(=O)NC1=O)C2)C(F)(F)F,NDFMCPWVJRJLKC-UHFFFAOYSA-N,carbamate,*C(C)(C)C(F)(F)F,413.35
GLUE2046,Cn1c(C(=O)Nc2cccc3c2C(=O)N(C2CCC(=O)NC2=O)C3)n[nH]c1=O,ZWDZVPPZDJTKJO-UHFFFAOYSA-N,amide,*c1n[nH]c(=O)n1C,384.35
GLUE2047,Cn1c(S(=O)(=O)Nc2cccc3c2C(=O)N(C2CCC(=O)NC2=O)C3)n[nH]c1=O,BNKQHYWKWREZHL-UHFFFAOYSA-N,sulfonamide,*c1n[nH]c(=O)n1C,420.41
GLUE2048,Cn1c(CC(=O)Nc2cccc3c2C(=O)N(C2CCC(=O)NC2=O)C3)n[nH]c1=O,KRSKUMFZCHOTTF-UHFFFAOYSA-N,acetamide,*c1n[nH]c(=O)n1C,398.38
GLUE2049,Cn1c(NC(=O)Nc2cccc3c2C(=O)N(C2CCC(=O)NC2=O)C3)n[nH]c1=O,ADFHJGAQCNQQCD-UHFFFAOYSA-N,urea,*c1n[nH]c(=O)n1C,399.37
GLUE2050,Cn1c(OC(=O)Nc2cccc3c2C(=O)N(C2CCC(=O)NC2=O)C3)n[nH]c1=O,NHXRLADRAHTMMC-UHFFFAOYSA-N,carbamate,*c1n[nH]c(=O)n1C,400.35
GLUE2051,N#Cc1cc(Cl)cc(C(=O)Nc2cccc3c2C(=O)N(C2CCC(=O)NC2=O)C3)c1,LVLMRRFFOLVCOB-UHFFFAOYSA-N,amide,*c1cc(Cl)cc(C#N)c1,422.83
GLUE2052,N#Cc1cc(Cl)cc(S(=O)(=O)Nc2cccc3c2C(=O)N(C2CCC(=O)NC2=O)C3)c1,KGTCJGJASDLGRF-UHFFFAOYSA-N,sulfonamide,*c1cc(Cl)cc(C#N)c1,458.88
GLUE2053,N#Cc1cc(Cl)cc(CC(=O)Nc2cccc3c2C(=O)N(C2CCC(=O)NC2=O)C3)c1,IXRNPZSCRHLHDG-UHFFFAOYSA-N,acetamide,*c1cc(Cl)cc(C#N)c1,436.86
GLUE2054,N#Cc1cc(Cl)cc(NC(=O)Nc2cccc3c2C(=O)N(C2CCC(=O)NC2=O)C3)c1,MQPHBINMALGRDU-UHFFFAOYSA-N,urea,*c1cc(Cl)cc(C#N)c1,437.84
GLUE2055,N#Cc1cc(Cl)cc(OC(=O)Nc2cccc3c2C(=O)N(C2CCC(=O)NC2=O)C3)c1,GMGGCMQRRJLZPV-UHFFFAOYSA-N,carbamate,*c1cc(Cl)cc(C#N)c1,438.83
GLUE2056,O=C(O)CC(O)CC(O)CC(=O)Nc1cccc2c1C(=O)N(C1CCC(=O)NC1=O)C2,RPORWFLQTUKMML-UHFFFAOYSA-N,amide,*CC(O)CC(O)CC(=O)O,433.42
GLUE2057,O=C(O)CC(O)CC(O)CS(=O)(=O)Nc1cccc2c1C(=O)N(C1CCC(=O)NC1=O)C2,ICPPMPGNANWDGI-UHFFFAOYSA-N,sulfonamide,*CC(O)CC(O)CC(=O)O,469.47
GLUE2058,O=C(O)CC(O)CC(O)CCC(=O)Nc1cccc2c1C(=O)N(C1CCC(=O)NC1=O)C2,IFNDTFUYKKBNBY-UHFFFAOYSA-N,acetamide,*CC(O)CC(O)CC(=O)O,447.44
GLUE2059,O=C(O)CC(O)CC(O)CNC(=O)Nc1cccc2c1C(=O)N(C1CCC(=O)NC1=O)C2,ZYSNZFBFVKWRTN-UHFFFAOYSA-N,urea,*CC(O)CC(O)CC(=O)O,448.43
GLUE2060,O=C(O)CC(O)CC(O)COC(=O)Nc1cccc2c1C(=O)N(C1CCC(=O)NC1=O)C2,JAIHUONLGXAZDX-UHFFFAOYSA-N,carbamate,*CC(O)CC(O)CC(=O)O,449.42
GLUE2061,NC1=NN(C(=O)Nc2cccc3c2C(=O)N(C2CCC(=O)NC2=O)C3)C(=O)C1,DXVKBPBDRFRQQJ-UHFFFAOYSA-N,amide,*N1N=C(N)CC1=O,384.35
GLUE2062,NC1=NN(S(=O)(=O)Nc2cccc3c2C(=O)N(C2CCC(=O)NC2=O)C3)C(=O)C1,FSAFFTBHFHSIBF-UHFFFAOYSA-N,sulfonamide,*N1N=C(N)CC1=O,420.41
GLUE2063,NC1=NN(CC(=O)Nc2cccc3c2C(=O)N(C2CCC(=O)NC2=O)C3)C(=O)C1,QKTTYXAPCRNGEK-UHFFFAOYSA-N,acetamide,*N1N=C(N)CC1=O,398.38
GLUE2064,NC1=NN(NC(=O)Nc2cccc3c2C(=O)N(C2CCC(=O)NC2=O)C3)C(=O)C1,MBGOCKWNIZBDET-UHFFFAOYSA-N,urea,*N1N=C(N)CC1=O,399.37
GLUE2065,NC1=NN(OC(=O)Nc2cccc3c2C(=O)N(C2CCC(=O)NC2=O)C3)C(=O)C1,QSVOHTRYEILCAQ-UHFFFAOYSA-N,carbamate,*N1N=C(N)CC1=O,400.35
GLUE2066,O=C1CCC(N2Cc3cccc(NC(=O)c4ccc(Cl)c(Cl)c4)c3C2=O)C(=O)N1,NLPAJYCGPMWHLH-UHFFFAOYSA-N,amide,*c1ccc(Cl)c(Cl)c1,432.26
GLUE2067,O=C1CCC(N2Cc3cccc(NS(=O)(=O)c4ccc(Cl)c(Cl)c4)c3C2=O)C(=O)N1,ZNPGVKAGRMQZBU-UHFFFAOYSA-N,sulfonamide,*c1ccc(Cl)c(Cl)c1,468.32
GLUE2068,O=C1CCC(N2Cc3cccc(NC(=O)Cc4ccc(Cl)c(Cl)c4)c3C2=O)C(=O)N1,OQWQDXFQZGGBKD-UHFFFAOYSA-N,acetamide,*c1ccc(Cl)c(Cl)c1,446.29
GLUE2069,O=C1CCC(N2Cc3cccc(NC(=O)Nc4ccc(Cl)c(Cl)c4)c3C2=O)C(=O)N1,NMZBQBVZSLFBDW-UHFFFAOYSA-N,urea,*c1ccc(Cl)c(Cl)c1,447.28
GLUE2070,O=C1CCC(N2Cc3cccc(NC(=O)Oc4ccc(Cl)c(Cl)c4)c3C2=O)C(=O)N1,HXMRXYRFAFMCTG-UHFFFAOYSA-N,carbamate,*c1ccc(Cl)c(Cl)c1,448.26
GLUE2071,CN1CCC[C@H]1C(=O)Nc1cccc2c1C(=O)N(C1CCC(=O)NC1=O)C2,BZPCYPGQXWPMEX-LSLKUGRBSA-N,amide,*[C@@H]1CCCN1C,370.41
GLUE2072,CN1CCC[C@H]1S(=O)(=O)Nc1cccc2c1C(=O)N(C1CCC(=O)NC1=O)C2,NCQSUMNLROCSHV-AWKYBWMHSA-N,sulfonamide,*[C@@H]1CCCN1C,406.46
GLUE2073,CN1CCC[C@H]1CC(=O)Nc1cccc2c1C(=O)N(C1CCC(=O)NC1=O)C2,AKWMUSOJRKSJKK-CFMCSPIPSA-N,acetamide,*[C@@H]1CCCN1C,384.44
GLUE2074,CN1CCC[C@H]1NC(=O)Nc1cccc2c1C(=O)N(C1CCC(=O)NC1=O)C2,JSSFRXJQRDLOBT-KZUDCZAMSA-N,urea,*[C@@H]1CCCN1C,385.42
GLUE2075,CN1CCC[C@H]1OC(=O)Nc1cccc2c1C(=O)N(C1CCC(=O)NC1=O)C2,AJRRMPUPABLRFF-AWKYBWMHSA-N,carbamate,*[C@@H]1CCCN1C,386.41
GLUE2076,O=C1CCC(N2Cc3cccc(NS(=O)(=O)COP(=O)([O-])[O-])c3C2=O)C(=O)N1,YVGUMYPRUWXDIV-UHFFFAOYSA-L,sulfonamide,*COP(=O)([O-])[O-],431.32
GLUE2077,O=C1CCC(N2Cc3cccc(NC(=O)CCOP(=O)([O-])[O-])c3C2=O)C(=O)N1,YOZJYUDYLNULTG-UHFFFAOYSA-L,acetamide,*COP(=O)([O-])[O-],409.29
GLUE2078,O=C1CCC(N2Cc3cccc(NC(=O)NCOP(=O)([O-])[O-])c3C2=O)C(=O)N1,IDEQIEVIBJAYRM-UHFFFAOYSA-L,urea,*COP(=O)([O-])[O-],410.28
GLUE2079,O=C1CCC(N2Cc3cccc(NC(=O)C4CNC(=O)O4)c3C2=O)C(=O)N1,GHJZHZZLFPKYDO-UHFFFAOYSA-N,amide,*C1CNC(=O)O1,372.34
GLUE2080,O=C1CCC(N2Cc3cccc(NS(=O)(=O)C4CNC(=O)O4)c3C2=O)C(=O)N1,ZRFINBZSFNXGNR-UHFFFAOYSA-N,sulfonamide,*C1CNC(=O)O1,408.39
GLUE2081,O=C1CCC(N2Cc3cccc(NC(=O)CC4CNC(=O)O4)c3C2=O)C(=O)N1,WJKUBLSQARYZIW-UHFFFAOYSA-N,acetamide,*C1CNC(=O)O1,386.36
GLUE2082,O=C1CCC(N2Cc3cccc(NC(=O)NC4CNC(=O)O4)c3C2=O)C(=O)N1,UFUPJENGJBPDLZ-UHFFFAOYSA-N,urea,*C1CNC(=O)O1,387.35
GLUE2083,O=C1CCC(N2Cc3cccc(NC(=O)OC4CNC(=O)O4)c3C2=O)C(=O)N1,SCXDAPHBVUESQW-UHFFFAOYSA-N,carbamate,*C1CNC(=O)O1,388.34
GLUE2084,Nc1nc(N)c2nc(C(=O)Nc3cccc4c3C(=O)N(C3CCC(=O)NC3=O)C4)c(N)nc2n1,RWNGESZSHYHXDU-UHFFFAOYSA-N,amide,*c1nc2c(N)nc(N)nc2nc1N,462.43
GLUE2085,Nc1nc(N)c2nc(S(=O)(=O)Nc3cccc4c3C(=O)N(C3CCC(=O)NC3=O)C4)c(N)nc2n1,TYRVDMXMWFCSBJ-UHFFFAOYSA-N,sulfonamide,*c1nc2c(N)nc(N)nc2nc1N,498.49
GLUE2086,Nc1nc(N)c2nc(CC(=O)Nc3cccc4c3C(=O)N(C3CCC(=O)NC3=O)C4)c(N)nc2n1,KMENEQUJHUIOCL-UHFFFAOYSA-N,acetamide,*c1nc2c(N)nc(N)nc2nc1N,476.46
GLUE2087,Nc1nc(N)c2nc(NC(=O)Nc3cccc4c3C(=O)N(C3CCC(=O)NC3=O)C4)c(N)nc2n1,PPLXVGNZPOGBNY-UHFFFAOYSA-N,urea,*c1nc2c(N)nc(N)nc2nc1N,477.45
GLUE2088,Nc1nc(N)c2nc(OC(=O)Nc3cccc4c3C(=O)N(C3CCC(=O)NC3=O)C4)c(N)nc2n1,XIKWIZBNWGZOKI-UHFFFAOYSA-N,carbamate,*c1nc2c(N)nc(N)nc2nc1N,478.43
GLUE2089,O=C1CCC(N2Cc3cccc(NC(=O)c4cscn4)c3C2=O)C(=O)N1,XWKITBXOBMGIAE-UHFFFAOYSA-N,amide,*c1cscn1,370.39
GLUE2090,O=C1CCC(N2Cc3cccc(NS(=O)(=O)c4cscn4)c3C2=O)C(=O)N1,AMASVVTYZCVAOS-UHFFFAOYSA-N,sulfonamide,*c1cscn1,406.45
GLUE2091,O=C1CCC(N2Cc3cccc(NC(=O)Cc4cscn4)c3C2=O)C(=O)N1,YJXNMPYCDHSXLD-UHFFFAOYSA-N,acetamide,*c1cscn1,384.42
GLUE2092,O=C1CCC(N2Cc3cccc(NC(=O)Nc4cscn4)c3C2=O)C(=O)N1,WFQPLGJCEIKGFH-UHFFFAOYSA-N,urea,*c1cscn1,385.41
GLUE2093,O=C1CCC(N2Cc3cccc(NC(=O)Oc4cscn4)c3C2=O)C(=O)N1,NVNCALRJHDJUTI-UHFFFAOYSA-N,carbamate,*c1cscn1,386.39
GLUE2094,O=C1CCC(N2Cc3cccc(NC(=O)c4cnccn4)c3C2=O)C(=O)N1,GYYSWASNQOMLEH-UHFFFAOYSA-N,amide,*c1cnccn1,365.35
GLUE2095,O=C1CCC(N2Cc3cccc(NS(=O)(=O)c4cnccn4)c3C2=O)C(=O)N1,ACGUTGKFYYSLOF-UHFFFAOYSA-N,sulfonamide,*c1cnccn1,401.4
GLUE2096,O=C1CCC(N2Cc3cccc(NC(=O)Cc4cnccn4)c3C2=O)C(=O)N1,LMGHWCHYVWXHSG-UHFFFAOYSA-N,acetamide,*c1cnccn1,379.38
GLUE2097,O=C1CCC(N2Cc3cccc(NC(=O)Nc4cnccn4)c3C2=O)C(=O)N1,GLSWHHLVMPMGGU-UHFFFAOYSA-N,urea,*c1cnccn1,380.36
GLUE2098,O=C1CCC(N2Cc3cccc(NC(=O)Oc4cnccn4)c3C2=O)C(=O)N1,PYFUVKYDKUAKQM-UHFFFAOYSA-N,carbamate,*c1cnccn1,381.35
GLUE2099,C[C@@H](N)CC(=O)Nc1cccc2c1C(=O)N(C1CCC(=O)NC1=O)C2,QMZCBAHXFBFAHZ-PKEIRNPWSA-N,amide,*C[C@@H](C)N,344.37
GLUE2100,C[C@@H](N)CS(=O)(=O)Nc1cccc2c1C(=O)N(C1CCC(=O)NC1=O)C2,FKVNNGNNADRKBJ-PKEIRNPWSA-N,sulfonamide,*C[C@@H](C)N,380.43
GLUE2101,C[C@@H](N)CCC(=O)Nc1cccc2c1C(=O)N(C1CCC(=O)NC1=O)C2,NMNACDVLODFOKM-VUUHIHSGSA-N,acetamide,*C[C@@H](C)N,358.4
GLUE2102,C[C@@H](N)CNC(=O)Nc1cccc2c1C(=O)N(C1CCC(=O)NC1=O)C2,JTLPUHWFNZBRPL-PKEIRNPWSA-N,urea,*C[C@@H](C)N,359.39
GLUE2103,C[C@@H](N)COC(=O)Nc1cccc2c1C(=O)N(C1CCC(=O)NC1=O)C2,PNCPUDQCPUTRHJ-PKEIRNPWSA-N,carbamate,*C[C@@H](C)N,360.37
GLUE2104,O=C1CCC(N2Cc3cccc(NC(=O)C4CCCC4=O)c3C2=O)C(=O)N1,VFCJZDHDJSENBJ-UHFFFAOYSA-N,amide,*C1CCCC1=O,369.38
GLUE2105,O=C1CCC(N2Cc3cccc(NS(=O)(=O)C4CCCC4=O)c3C2=O)C(=O)N1,MPTCKUZREFHYOT-UHFFFAOYSA-N,sulfonamide,*C1CCCC1=O,405.43
GLUE2106,O=C1CCC(N2Cc3cccc(NC(=O)CC4CCCC4=O)c3C2=O)C(=O)N1,AAQXTHYZRGMXIU-UHFFFAOYSA-N,acetamide,*C1CCCC1=O,383.4
GLUE2107,O=C1CCC(N2Cc3cccc(NC(=O)NC4CCCC4=O)c3C2=O)C(=O)N1,AHRZZQSQSUDVSC-UHFFFAOYSA-N,urea,*C1CCCC1=O,384.39
GLUE2108,O=C1CCC(N2Cc3cccc(NC(=O)OC4CCCC4=O)c3C2=O)C(=O)N1,WSZKFUXXEMPUPZ-UHFFFAOYSA-N,carbamate,*C1CCCC1=O,385.38
GLUE2109,Cc1cnc(C(=O)Nc2cccc3c2C(=O)N(C2CCC(=O)NC2=O)C3)s1,YYMNXHJAMQGPHH-UHFFFAOYSA-N,amide,*c1ncc(C)s1,384.42
GLUE2110,Cc1cnc(S(=O)(=O)Nc2cccc3c2C(=O)N(C2CCC(=O)NC2=O)C3)s1,FIGGECPDKUVLSD-UHFFFAOYSA-N,sulfonamide,*c1ncc(C)s1,420.47
GLUE2111,Cc1cnc(CC(=O)Nc2cccc3c2C(=O)N(C2CCC(=O)NC2=O)C3)s1,NDKJSMSYZXCSNW-UHFFFAOYSA-N,acetamide,*c1ncc(C)s1,398.44
GLUE2112,Cc1cnc(NC(=O)Nc2cccc3c2C(=O)N(C2CCC(=O)NC2=O)C3)s1,VBJBDPRLTQRKNF-UHFFFAOYSA-N,urea,*c1ncc(C)s1,399.43
GLUE2113,Cc1cnc(OC(=O)Nc2cccc3c2C(=O)N(C2CCC(=O)NC2=O)C3)s1,FKMYWYLIVUSNLY-UHFFFAOYSA-N,carbamate,*c1ncc(C)s1,400.42
GLUE2114,O=C1CCC(N2Cc3cccc(NC(=O)c4ccc5ccccc5c4)c3C2=O)C(=O)N1,KWLSMLSUKMGNMA-UHFFFAOYSA-N,amide,*c1ccc2ccccc2c1,413.43
GLUE2115,O=C1CCC(N2Cc3cccc(NS(=O)(=O)c4ccc5ccccc5c4)c3C2=O)C(=O)N1,SGUBUHLMMDOMLH-UHFFFAOYSA-N,sulfonamide,*c1ccc2ccccc2c1,449.49
GLUE2116,O=C1CCC(N2Cc3cccc(NC(=O)Cc4ccc5ccccc5c4)c3C2=O)C(=O)N1,BDNUXFDKRJMNDS-UHFFFAOYSA-N,acetamide,*c1ccc2ccccc2c1,427.46
GLUE2117,O=C1CCC(N2Cc3cccc(NC(=O)Nc4ccc5ccccc5c4)c3C2=O)C(=O)N1,ZWJDGYKLAUUFBJ-UHFFFAOYSA-N,urea,*c1ccc2ccccc2c1,428.45
GLUE2118,O=C1CCC(N2Cc3cccc(NC(=O)Oc4ccc5ccccc5c4)c3C2=O)C(=O)N1,KPQRNHRVYQBWRM-UHFFFAOYSA-N,carbamate,*c1ccc2ccccc2c1,429.43
GLUE2119,O=C1CCC(N2Cc3cccc(NC(=O)N4Cc5ccccc5C4=O)c3C2=O)C(=O)N1,AFHRWCCDAZUVIA-UHFFFAOYSA-N,amide,*N1Cc2ccccc2C1=O,418.41
GLUE2120,O=C1CCC(N2Cc3cccc(NS(=O)(=O)N4Cc5ccccc5C4=O)c3C2=O)C(=O)N1,JLSWQXPMCXERJU-UHFFFAOYSA-N,sulfonamide,*N1Cc2ccccc2C1=O,454.46
GLUE2121,O=C1CCC(N2Cc3cccc(NC(=O)CN4Cc5ccccc5C4=O)c3C2=O)C(=O)N1,OROFAFIIKJEJCB-UHFFFAOYSA-N,acetamide,*N1Cc2ccccc2C1=O,432.44
GLUE2122,O=C1CCC(N2Cc3cccc(NC(=O)NN4Cc5ccccc5C4=O)c3C2=O)C(=O)N1,MRXXALHDXYPZOF-UHFFFAOYSA-N,urea,*N1Cc2ccccc2C1=O,433.42
GLUE2123,O=C1CCC(N2Cc3cccc(NC(=O)ON4Cc5ccccc5C4=O)c3C2=O)C(=O)N1,CGGNWJOZDFSEAA-UHFFFAOYSA-N,carbamate,*N1Cc2ccccc2C1=O,434.41
GLUE2124,Nc1ncc2ncn(C(=O)Nc3cccc4c3C(=O)N(C3CCC(=O)NC3=O)C4)c2n1,HIHIDPZNXAKJDB-UHFFFAOYSA-N,amide,*n1cnc2cnc(N)nc21,420.39
GLUE2125,Nc1ncc2ncn(S(=O)(=O)Nc3cccc4c3C(=O)N(C3CCC(=O)NC3=O)C4)c2n1,OEQAMHRIZWMPQW-UHFFFAOYSA-N,sulfonamide,*n1cnc2cnc(N)nc21,456.44
GLUE2126,Nc1ncc2ncn(CC(=O)Nc3cccc4c3C(=O)N(C3CCC(=O)NC3=O)C4)c2n1,WWNXNXPWBWERDO-UHFFFAOYSA-N,acetamide,*n1cnc2cnc(N)nc21,434.42
GLUE2127,Nc1ncc2ncn(NC(=O)Nc3cccc4c3C(=O)N(C3CCC(=O)NC3=O)C4)c2n1,TUKQFVIHKYTENB-UHFFFAOYSA-N,urea,*n1cnc2cnc(N)nc21,435.4
GLUE2128,Nc1ncc2ncn(OC(=O)Nc3cccc4c3C(=O)N(C3CCC(=O)NC3=O)C4)c2n1,SZFDDEAGCOCNHW-UHFFFAOYSA-N,carbamate,*n1cnc2cnc(N)nc21,436.39
GLUE2129,O=C1CCC(N2Cc3cccc(NC(=O)c4ccc(Cl)cc4Cl)c3C2=O)C(=O)N1,RKZZPHBRBRWOMQ-UHFFFAOYSA-N,amide,*c1ccc(Cl)cc1Cl,432.26
GLUE2130,O=C1CCC(N2Cc3cccc(NS(=O)(=O)c4ccc(Cl)cc4Cl)c3C2=O)C(=O)N1,PSBZHRUICRUGIF-UHFFFAOYSA-N,sulfonamide,*c1ccc(Cl)cc1Cl,468.32
GLUE2131,O=C1CCC(N2Cc3cccc(NC(=O)Cc4ccc(Cl)cc4Cl)c3C2=O)C(=O)N1,PNUTZMCKBBSZPV-UHFFFAOYSA-N,acetamide,*c1ccc(Cl)cc1Cl,446.29
GLUE2132,O=C1CCC(N2Cc3cccc(NC(=O)Nc4ccc(Cl)cc4Cl)c3C2=O)C(=O)N1,FCLHPWYGTTVBHC-UHFFFAOYSA-N,urea,*c1ccc(Cl)cc1Cl,447.28
GLUE2133,O=C1CCC(N2Cc3cccc(NC(=O)Oc4ccc(Cl)cc4Cl)c3C2=O)C(=O)N1,CNTKGPAPXQRECO-UHFFFAOYSA-N,carbamate,*c1ccc(Cl)cc1Cl,448.26
GLUE2134,CC1=C(CC(=O)O)c2cc(F)ccc2C1C(=O)Nc1cccc2c1C(=O)N(C1CCC(=O)NC1=O)C2,VFFHEMORPBSRSV-UHFFFAOYSA-N,amide,*C1C(C)=C(CC(=O)O)c2cc(F)ccc21,491.48
GLUE2135,CC1=C(CC(=O)O)c2cc(F)ccc2C1S(=O)(=O)Nc1cccc2c1C(=O)N(C1CCC(=O)NC1=O)C2,YTPJKXUIYZKBJQ-UHFFFAOYSA-N,sulfonamide,*C1C(C)=C(CC(=O)O)c2cc(F)ccc21,527.53
GLUE2136,CC1=C(CC(=O)O)c2cc(F)ccc2C1CC(=O)Nc1cccc2c1C(=O)N(C1CCC(=O)NC1=O)C2,QRJGYZTYSLVBIC-UHFFFAOYSA-N,acetamide,*C1C(C)=C(CC(=O)O)c2cc(F)ccc21,505.5
GLUE2137,CC1=C(CC(=O)O)c2cc(F)ccc2C1NC(=O)Nc1cccc2c1C(=O)N(C1CCC(=O)NC1=O)C2,QUNZFINIJOLMEK-UHFFFAOYSA-N,urea,*C1C(C)=C(CC(=O)O)c2cc(F)ccc21,506.49
GLUE2138,CC1=C(CC(=O)O)c2cc(F)ccc2C1OC(=O)Nc1cccc2c1C(=O)N(C1CCC(=O)NC1=O)C2,INIXMVHCPAYZAG-UHFFFAOYSA-N,carbamate,*C1C(C)=C(CC(=O)O)c2cc(F)ccc21,507.47
GLUE2139,C[S+]([O-])c1ccc(C(=O)Nc2cccc3c2C(=O)N(C2CCC(=O)NC2=O)C3)cc1,CJKCLXSMGPEJDR-UHFFFAOYSA-N,amide,*c1ccc([S+](C)[O-])cc1,425.47
GLUE2140,C[S+]([O-])c1ccc(S(=O)(=O)Nc2cccc3c2C(=O)N(C2CCC(=O)NC2=O)C3)cc1,KQHPSMUCGBXSFH-UHFFFAOYSA-N,sulfonamide,*c1ccc([S+](C)[O-])cc1,461.52
GLUE2141,C[S+]([O-])c1ccc(CC(=O)Nc2cccc3c2C(=O)N(C2CCC(=O)NC2=O)C3)cc1,GTMANFFHNWKVFB-UHFFFAOYSA-N,acetamide,*c1ccc([S+](C)[O-])cc1,439.49
GLUE2142,C[S+]([O-])c1ccc(NC(=O)Nc2cccc3c2C(=O)N(C2CCC(=O)NC2=O)C3)cc1,ZRHXVWHXYJSCNP-UHFFFAOYSA-N,urea,*c1ccc([S+](C)[O-])cc1,440.48
GLUE2143,C[S+]([O-])c1ccc(OC(=O)Nc2cccc3c2C(=O)N(C2CCC(=O)NC2=O)C3)cc1,FWMRDMIHYKWUAZ-UHFFFAOYSA-N,carbamate,*c1ccc([S+](C)[O-])cc1,441.47
GLUE2144,O=C(CCCCCCC(=O)C(=O)Nc1cccc2c1C(=O)N(C1CCC(=O)NC1=O)C2)NO,IPAQGFBPRUSDRH-UHFFFAOYSA-N,amide,*C(=O)CCCCCCC(=O)NO,458.47
GLUE2145,O=C(CCCCCCC(=O)S(=O)(=O)Nc1cccc2c1C(=O)N(C1CCC(=O)NC1=O)C2)NO,WTFYBLVOIFJMEN-UHFFFAOYSA-N,sulfonamide,*C(=O)CCCCCCC(=O)NO,494.53
GLUE2146,O=C(CCCCCCC(=O)NO)CC(=O)Nc1cccc2c1C(=O)N(C1CCC(=O)NC1=O)C2,OSUVRAUXJJAKQT-UHFFFAOYSA-N,acetamide,*C(=O)CCCCCCC(=O)NO,472.5
GLUE2147,O=C(CCCCCCC(=O)NC(=O)Nc1cccc2c1C(=O)N(C1CCC(=O)NC1=O)C2)NO,UFEXVEVDZLEHFV-UHFFFAOYSA-N,urea,*C(=O)CCCCCCC(=O)NO,473.49
GLUE2148,O=C(CCCCCCC(=O)OC(=O)Nc1cccc2c1C(=O)N(C1CCC(=O)NC1=O)C2)NO,XFQCUAJZDOPOEM-UHFFFAOYSA-N,carbamate,*C(=O)CCCCCCC(=O)NO,474.47
GLUE2149,CC[C@H](C)C(=O)C(=O)Nc1cccc2c1C(=O)N(C1CCC(=O)NC1=O)C2,MTXWZAHCVAPNED-NKUHCKNESA-N,amide,*C(=O)[C@@H](C)CC,371.39
GLUE2150,CC[C@H](C)C(=O)S(=O)(=O)Nc1cccc2c1C(=O)N(C1CCC(=O)NC1=O)C2,SDGYALMOBAMPEU-NKUHCKNESA-N,sulfonamide,*C(=O)[C@@H](C)CC,407.45
GLUE2151,CC[C@H](C)C(=O)CC(=O)Nc1cccc2c1C(=O)N(C1CCC(=O)NC1=O)C2,ZXGUXLKPAKEPRH-ZSOXZCCMSA-N,acetamide,*C(=O)[C@@H](C)CC,385.42
GLUE2152,CC[C@H](C)C(=O)NC(=O)Nc1cccc2c1C(=O)N(C1CCC(=O)NC1=O)C2,FESQFYVWYFXCMO-NKUHCKNESA-N,urea,*C(=O)[C@@H](C)CC,386.41
GLUE2153,CC[C@H](C)C(=O)OC(=O)Nc1cccc2c1C(=O)N(C1CCC(=O)NC1=O)C2,IFZQNZBCAQZAEZ-NKUHCKNESA-N,carbamate,*C(=O)[C@@H](C)CC,387.39
GLUE2154,CC(C(=O)Nc1cccc2c1C(=O)N(C1CCC(=O)NC1=O)C2)N(O)C(N)=O,DANWDWWNMNMHLC-UHFFFAOYSA-N,amide,*C(C)N(O)C(N)=O,389.37
GLUE2155,CC(N(O)C(N)=O)S(=O)(=O)Nc1cccc2c1C(=O)N(C1CCC(=O)NC1=O)C2,XHQPGZQNZQZTOU-UHFFFAOYSA-N,sulfonamide,*C(C)N(O)C(N)=O,425.42
GLUE2156,CC(CC(=O)Nc1cccc2c1C(=O)N(C1CCC(=O)NC1=O)C2)N(O)C(N)=O,KOZJTCGHYJVJNE-UHFFFAOYSA-N,acetamide,*C(C)N(O)C(N)=O,403.4
GLUE2157,CC(NC(=O)Nc1cccc2c1C(=O)N(C1CCC(=O)NC1=O)C2)N(O)C(N)=O,USFVIFYSGFIHDI-UHFFFAOYSA-N,urea,*C(C)N(O)C(N)=O,404.38
GLUE2158,CC(OC(=O)Nc1cccc2c1C(=O)N(C1CCC(=O)NC1=O)C2)N(O)C(N)=O,MSZHHYGZOLJGPX-UHFFFAOYSA-N,carbamate,*C(C)N(O)C(N)=O,405.37
GLUE2159,O=C1CCC(N2Cc3cccc(NC(=O)c4cc(Br)ccc4O)c3C2=O)C(=O)N1,ILXHEHFRMFRAHE-UHFFFAOYSA-N,amide,*c1cc(Br)ccc1O,458.27
GLUE2160,O=C1CCC(N2Cc3cccc(NS(=O)(=O)c4cc(Br)ccc4O)c3C2=O)C(=O)N1,VAZSZHXPLRRTLN-UHFFFAOYSA-N,sulfonamide,*c1cc(Br)ccc1O,494.32
GLUE2161,O=C1CCC(N2Cc3cccc(NC(=O)Cc4cc(Br)ccc4O)c3C2=O)C(=O)N1,ZUSLEVZBMCMOHU-UHFFFAOYSA-N,acetamide,*c1cc(Br)ccc1O,472.3
GLUE2162,O=C1CCC(N2Cc3cccc(NC(=O)Nc4cc(Br)ccc4O)c3C2=O)C(=O)N1,QQBBNWARLOCPDI-UHFFFAOYSA-N,urea,*c1cc(Br)ccc1O,473.28
GLUE2163,O=C1CCC(N2Cc3cccc(NC(=O)Oc4cc(Br)ccc4O)c3C2=O)C(=O)N1,CWCZYCOZUTYXIZ-UHFFFAOYSA-N,carbamate,*c1cc(Br)ccc1O,474.27
GLUE2164,O=C1CCC(N2Cc3cccc(NC(=O)c4ncncc4F)c3C2=O)C(=O)N1,WQFCFNLJPNOZIQ-UHFFFAOYSA-N,amide,*c1ncncc1F,383.34
GLUE2165,O=C1CCC(N2Cc3cccc(NS(=O)(=O)c4ncncc4F)c3C2=O)C(=O)N1,DEDFOCDFIPDZLL-UHFFFAOYSA-N,sulfonamide,*c1ncncc1F,419.39
GLUE2166,O=C1CCC(N2Cc3cccc(NC(=O)Cc4ncncc4F)c3C2=O)C(=O)N1,HWBCYVAJRUYJLX-UHFFFAOYSA-N,acetamide,*c1ncncc1F,397.37
GLUE2167,O=C1CCC(N2Cc3cccc(NC(=O)Nc4ncncc4F)c3C2=O)C(=O)N1,JLNGHYLLOCWZML-UHFFFAOYSA-N,urea,*c1ncncc1F,398.35
GLUE2168,O=C1CCC(N2Cc3cccc(NC(=O)Oc4ncncc4F)c3C2=O)C(=O)N1,VHRYEJMHCJMDCD-UHFFFAOYSA-N,carbamate,*c1ncncc1F,399.34
GLUE2169,O=C1CCC(N2Cc3cccc(NC(=O)C(=O)C(Cl)Cl)c3C2=O)C(=O)N1,UMXJCZVOGMMCNO-UHFFFAOYSA-N,amide,*C(=O)C(Cl)Cl,398.2
GLUE2170,O=C1CCC(N2Cc3cccc(NS(=O)(=O)C(=O)C(Cl)Cl)c3C2=O)C(=O)N1,GYASKMVWQKARBZ-UHFFFAOYSA-N,sulfonamide,*C(=O)C(Cl)Cl,434.26
GLUE2171,O=C1CCC(N2Cc3cccc(NC(=O)CC(=O)C(Cl)Cl)c3C2=O)C(=O)N1,DGTYHBGNRREDJO-UHFFFAOYSA-N,acetamide,*C(=O)C(Cl)Cl,412.23
GLUE2172,O=C1CCC(N2Cc3cccc(NC(=O)NC(=O)C(Cl)Cl)c3C2=O)C(=O)N1,PVXRPSGXSBLYJR-UHFFFAOYSA-N,urea,*C(=O)C(Cl)Cl,413.22
GLUE2173,O=C1CCC(N2Cc3cccc(NC(=O)OC(=O)C(Cl)Cl)c3C2=O)C(=O)N1,WDPPEWXXGZISQG-UHFFFAOYSA-N,carbamate,*C(=O)C(Cl)Cl,414.2
GLUE2174,CC1(C(=O)Nc2cccc3c2C(=O)N(C2CCC(=O)NC2=O)C3)CC(=O)NC1=O,WAKSIKLTNFZIGC-UHFFFAOYSA-N,amide,*C1(C)CC(=O)NC1=O,398.38
GLUE2175,CC1(S(=O)(=O)Nc2cccc3c2C(=O)N(C2CCC(=O)NC2=O)C3)CC(=O)NC1=O,JVSNHZRSEMKSRQ-UHFFFAOYSA-N,sulfonamide,*C1(C)CC(=O)NC1=O,434.43
GLUE2176,CC1(CC(=O)Nc2cccc3c2C(=O)N(C2CCC(=O)NC2=O)C3)CC(=O)NC1=O,MBYUKTIWGHBPQB-UHFFFAOYSA-N,acetamide,*C1(C)CC(=O)NC1=O,412.4
GLUE2177,CC1(NC(=O)Nc2cccc3c2C(=O)N(C2CCC(=O)NC2=O)C3)CC(=O)NC1=O,SSKYJWDFFMBMEM-UHFFFAOYSA-N,urea,*C1(C)CC(=O)NC1=O,413.39
GLUE2178,CC1(OC(=O)Nc2cccc3c2C(=O)N(C2CCC(=O)NC2=O)C3)CC(=O)NC1=O,HMZXVPASZUYDNQ-UHFFFAOYSA-N,carbamate,*C1(C)CC(=O)NC1=O,414.37
GLUE2179,NCC(CC(=O)O)C(=O)Nc1cccc2c1C(=O)N(C1CCC(=O)NC1=O)C2,IIDJSKCMVXFTQA-UHFFFAOYSA-N,amide,*C(CN)CC(=O)O,388.38
GLUE2180,NCC(CC(=O)O)S(=O)(=O)Nc1cccc2c1C(=O)N(C1CCC(=O)NC1=O)C2,SOJOTUBZOJWWCT-UHFFFAOYSA-N,sulfonamide,*C(CN)CC(=O)O,424.44
GLUE2181,NCC(CC(=O)O)CC(=O)Nc1cccc2c1C(=O)N(C1CCC(=O)NC1=O)C2,BGVCYOPJWQWQHJ-UHFFFAOYSA-N,acetamide,*C(CN)CC(=O)O,402.41
GLUE2182,NCC(CC(=O)O)NC(=O)Nc1cccc2c1C(=O)N(C1CCC(=O)NC1=O)C2,YGVUUZQTLUOTRF-UHFFFAOYSA-N,urea,*C(CN)CC(=O)O,403.4
GLUE2183,NCC(CC(=O)O)OC(=O)Nc1cccc2c1C(=O)N(C1CCC(=O)NC1=O)C2,UPDLCSFAJNDFPN-UHFFFAOYSA-N,carbamate,*C(CN)CC(=O)O,404.38
GLUE2184,Nc1ccc(O)c(C(=O)Nc2cccc3c2C(=O)N(C2CCC(=O)NC2=O)C3)c1,ABKFMVKDCMUOTG-UHFFFAOYSA-N,amide,*c1cc(N)ccc1O,394.39
GLUE2185,Nc1ccc(O)c(S(=O)(=O)Nc2cccc3c2C(=O)N(C2CCC(=O)NC2=O)C3)c1,ZWVKWETXUUVBRG-UHFFFAOYSA-N,sulfonamide,*c1cc(N)ccc1O,430.44
GLUE2186,Nc1ccc(O)c(CC(=O)Nc2cccc3c2C(=O)N(C2CCC(=O)NC2=O)C3)c1,CGNWFNKAFKKADI-UHFFFAOYSA-N,acetamide,*c1cc(N)ccc1O,408.41
GLUE2187,Nc1ccc(O)c(NC(=O)Nc2cccc3c2C(=O)N(C2CCC(=O)NC2=O)C3)c1,GMDLMFZPNBWSIG-UHFFFAOYSA-N,urea,*c1cc(N)ccc1O,409.4
GLUE2188,Nc1ccc(O)c(OC(=O)Nc2cccc3c2C(=O)N(C2CCC(=O)NC2=O)C3)c1,DDDAFDIFHLLGOS-UHFFFAOYSA-N,carbamate,*c1cc(N)ccc1O,410.39
GLUE2189,CC1(C)CCC(C)(C)c2cc(C(=O)Nc3cccc4c3C(=O)N(C3CCC(=O)NC3=O)C4)ccc21,KSXUKUJYZJSIDP-UHFFFAOYSA-N,amide,*c1ccc2c(c1)C(C)(C)CCC2(C)C,473.57
GLUE2190,CC1(C)CCC(C)(C)c2cc(S(=O)(=O)Nc3cccc4c3C(=O)N(C3CCC(=O)NC3=O)C4)ccc21,PAJLOKZKOCDJHY-UHFFFAOYSA-N,sulfonamide,*c1ccc2c(c1)C(C)(C)CCC2(C)C,509.63
GLUE2191,CC1(C)CCC(C)(C)c2cc(CC(=O)Nc3cccc4c3C(=O)N(C3CCC(=O)NC3=O)C4)ccc21,HCEVZWPRFBDLOM-UHFFFAOYSA-N,acetamide,*c1ccc2c(c1)C(C)(C)CCC2(C)C,487.6
GLUE2192,CC1(C)CCC(C)(C)c2cc(NC(=O)Nc3cccc4c3C(=O)N(C3CCC(=O)NC3=O)C4)ccc21,BSMTZUVJAGRZET-UHFFFAOYSA-N,urea,*c1ccc2c(c1)C(C)(C)CCC2(C)C,488.59
GLUE2193,CC1(C)CCC(C)(C)c2cc(OC(=O)Nc3cccc4c3C(=O)N(C3CCC(=O)NC3=O)C4)ccc21,SXKIWIDANDXDAB-UHFFFAOYSA-N,carbamate,*c1ccc2c(c1)C(C)(C)CCC2(C)C,489.57
GLUE2194,O=C1CCC(N2Cc3cccc(NC(=O)n4cc(I)c(=O)[nH]c4=O)c3C2=O)C(=O)N1,ANDPFMQWAKGOFC-UHFFFAOYSA-N,amide,*n1cc(I)c(=O)[nH]c1=O,523.24
GLUE2195,O=C1CCC(N2Cc3cccc(NC(=O)Cn4cc(I)c(=O)[nH]c4=O)c3C2=O)C(=O)N1,XPOFOXKGCIIJMA-UHFFFAOYSA-N,acetamide,*n1cc(I)c(=O)[nH]c1=O,537.27
GLUE2196,O=C1CCC(N2Cc3cccc(NC(=O)Nn4cc(I)c(=O)[nH]c4=O)c3C2=O)C(=O)N1,VKJKRBBNQTZUHD-UHFFFAOYSA-N,urea,*n1cc(I)c(=O)[nH]c1=O,538.26
GLUE2197,O=C1CCC(N2Cc3cccc(NC(=O)On4cc(I)c(=O)[nH]c4=O)c3C2=O)C(=O)N1,NIFHVGTUSJSALQ-UHFFFAOYSA-N,carbamate,*n1cc(I)c(=O)[nH]c1=O,539.24
GLUE2198,O=C1CCC(N2Cc3cccc(NC(=O)c4ccc5c(c4)CCC(=O)N5)c3C2=O)C(=O)N1,QHXKKJZPHKKVPK-UHFFFAOYSA-N,amide,*c1ccc2c(c1)CCC(=O)N2,432.44
GLUE2199,O=C1CCC(N2Cc3cccc(NS(=O)(=O)c4ccc5c(c4)CCC(=O)N5)c3C2=O)C(=O)N1,GSUFNVUGHSJFSF-UHFFFAOYSA-N,sulfonamide,*c1ccc2c(c1)CCC(=O)N2,468.49
GLUE2200,O=C1CCC(N2Cc3cccc(NC(=O)Cc4ccc5c(c4)CCC(=O)N5)c3C2=O)C(=O)N1,VXVRLULFGNBQFS-UHFFFAOYSA-N,acetamide,*c1ccc2c(c1)CCC(=O)N2,446.46
GLUE2201,O=C1CCC(N2Cc3cccc(NC(=O)Nc4ccc5c(c4)CCC(=O)N5)c3C2=O)C(=O)N1,BPTIDHRGFXRGHI-UHFFFAOYSA-N,urea,*c1ccc2c(c1)CCC(=O)N2,447.45
GLUE2202,O=C1CCC(N2Cc3cccc(NC(=O)Oc4ccc5c(c4)CCC(=O)N5)c3C2=O)C(=O)N1,AVXYSPRCKIPZNO-UHFFFAOYSA-N,carbamate,*c1ccc2c(c1)CCC(=O)N2,448.44
GLUE2203,Nc1cc(C(=O)Nc2cccc3c2C(=O)N(C2CCC(=O)NC2=O)C3)nc(N)[n+]1[O-],BKZYJCQPQJZINM-UHFFFAOYSA-N,amide,*c1cc(N)[n+]([O-])c(N)n1,411.38
GLUE2204,Nc1cc(S(=O)(=O)Nc2cccc3c2C(=O)N(C2CCC(=O)NC2=O)C3)nc(N)[n+]1[O-],HIGVVFHTSWPYIS-UHFFFAOYSA-N,sulfonamide,*c1cc(N)[n+]([O-])c(N)n1,447.43
GLUE2205,Nc1cc(CC(=O)Nc2cccc3c2C(=O)N(C2CCC(=O)NC2=O)C3)nc(N)[n+]1[O-],CRPQNBFNENETHK-UHFFFAOYSA-N,acetamide,*c1cc(N)[n+]([O-])c(N)n1,425.41
GLUE2206,Nc1cc(NC(=O)Nc2cccc3c2C(=O)N(C2CCC(=O)NC2=O)C3)nc(N)[n+]1[O-],KEQGYAPOGVMDPH-UHFFFAOYSA-N,urea,*c1cc(N)[n+]([O-])c(N)n1,426.39
GLUE2207,Nc1cc(OC(=O)Nc2cccc3c2C(=O)N(C2CCC(=O)NC2=O)C3)nc(N)[n+]1[O-],NIIWSNOXZKZLNV-UHFFFAOYSA-N,carbamate,*c1cc(N)[n+]([O-])c(N)n1,427.38
GLUE2208,Cn1nnc2c(C(=O)Nc3cccc4c3C(=O)N(C3CCC(=O)NC3=O)C4)ncn2c1=O,HCSOIJNJRDGBLI-UHFFFAOYSA-N,amide,*c1ncn2c(=O)n(C)nnc12,436.39
GLUE2209,Cn1nnc2c(S(=O)(=O)Nc3cccc4c3C(=O)N(C3CCC(=O)NC3=O)C4)ncn2c1=O,BCEYDAHJHVWCMO-UHFFFAOYSA-N,sulfonamide,*c1ncn2c(=O)n(C)nnc12,472.44
GLUE2210,Cn1nnc2c(CC(=O)Nc3cccc4c3C(=O)N(C3CCC(=O)NC3=O)C4)ncn2c1=O,NGDPQCINMDSZSO-UHFFFAOYSA-N,acetamide,*c1ncn2c(=O)n(C)nnc12,450.42
GLUE2211,Cn1nnc2c(NC(=O)Nc3cccc4c3C(=O)N(C3CCC(=O)NC3=O)C4)ncn2c1=O,VQXHGVHTAAXVNV-UHFFFAOYSA-N,urea,*c1ncn2c(=O)n(C)nnc12,451.4
GLUE2212,Cn1nnc2c(OC(=O)Nc3cccc4c3C(=O)N(C3CCC(=O)NC3=O)C4)ncn2c1=O,ZONVAABMHWBUBP-UHFFFAOYSA-N,carbamate,*c1ncn2c(=O)n(C)nnc12,452.39
GLUE2213,O=C1CCC(N2Cc3cccc(NC(=O)C(=O)NN4CCCCCC4)c3C2=O)C(=O)N1,WOXQIEAMFHEYGL-UHFFFAOYSA-N,amide,*C(=O)NN1CCCCCC1,427.46
GLUE2214,O=C1CCC(N2Cc3cccc(NS(=O)(=O)C(=O)NN4CCCCCC4)c3C2=O)C(=O)N1,OUOKYRGXJNORJI-UHFFFAOYSA-N,sulfonamide,*C(=O)NN1CCCCCC1,463.52
GLUE2215,O=C1CCC(N2Cc3cccc(NC(=O)CC(=O)NN4CCCCCC4)c3C2=O)C(=O)N1,LTXNVOGQJOCLQX-UHFFFAOYSA-N,acetamide,*C(=O)NN1CCCCCC1,441.49
GLUE2216,O=C1CCC(N2Cc3cccc(NC(=O)NC(=O)NN4CCCCCC4)c3C2=O)C(=O)N1,CDFPAURVBURVGP-UHFFFAOYSA-N,urea,*C(=O)NN1CCCCCC1,442.48
GLUE2217,O=C1CCC(N2Cc3cccc(NC(=O)OC(=O)NN4CCCCCC4)c3C2=O)C(=O)N1,WLUGUKKNUJYDGI-UHFFFAOYSA-N,carbamate,*C(=O)NN1CCCCCC1,443.46
GLUE2218,O=C1CCC(N2Cc3cccc(NC(=O)c4cccc(I)c4)c3C2=O)C(=O)N1,YIOOWEPAUGNBBW-UHFFFAOYSA-N,amide,*c1cccc(I)c1,489.27
GLUE2219,O=C1CCC(N2Cc3cccc(NS(=O)(=O)c4cccc(I)c4)c3C2=O)C(=O)N1,RKJRLQOXACWRBT-UHFFFAOYSA-N,sulfonamide,*c1cccc(I)c1,525.32
GLUE2220,O=C1CCC(N2Cc3cccc(NC(=O)Cc4cccc(I)c4)c3C2=O)C(=O)N1,WAHOPLISRLNGMO-UHFFFAOYSA-N,acetamide,*c1cccc(I)c1,503.3
GLUE2221,O=C1CCC(N2Cc3cccc(NC(=O)Nc4cccc(I)c4)c3C2=O)C(=O)N1,BWKHNOIORZFPGH-UHFFFAOYSA-N,urea,*c1cccc(I)c1,504.28
GLUE2222,O=C1CCC(N2Cc3cccc(NC(=O)Oc4cccc(I)c4)c3C2=O)C(=O)N1,MHEHPHGXRAUSEA-UHFFFAOYSA-N,carbamate,*c1cccc(I)c1,505.27
GLUE2223,O=C1CCC(N2Cc3cccc(NC(=O)NC4=NCCO4)c3C2=O)C(=O)N1,IWMKZTCUSIKGSM-UHFFFAOYSA-N,amide,*NC1=NCCO1,371.35
GLUE2224,O=C1CCC(N2Cc3cccc(NS(=O)(=O)NC4=NCCO4)c3C2=O)C(=O)N1,OHARQRUHWHJCKF-UHFFFAOYSA-N,sulfonamide,*NC1=NCCO1,407.41
GLUE2225,O=C1CCC(N2Cc3cccc(NC(=O)CNC4=NCCO4)c3C2=O)C(=O)N1,UMTNBBAXXKSXNO-UHFFFAOYSA-N,acetamide,*NC1=NCCO1,385.38
GLUE2226,O=C1CCC(N2Cc3cccc(NC(=O)NNC4=NCCO4)c3C2=O)C(=O)N1,QEVGIAUMBQEOEK-UHFFFAOYSA-N,urea,*NC1=NCCO1,386.37
GLUE2227,O=C1CCC(N2Cc3cccc(NC(=O)ONC4=NCCO4)c3C2=O)C(=O)N1,CEFJMDWLJFQAIT-UHFFFAOYSA-N,carbamate,*NC1=NCCO1,387.35
GLUE2228,Nc1cccc2c1C(=O)N(C(=O)Nc1cccc3c1C(=O)N(C1CCC(=O)NC1=O)C3)C2=O,XKNZLLOIKOYPCD-UHFFFAOYSA-N,amide,*N1C(=O)c2cccc(N)c2C1=O,447.41
GLUE2229,Nc1cccc2c1C(=O)N(S(=O)(=O)Nc1cccc3c1C(=O)N(C1CCC(=O)NC1=O)C3)C2=O,FFZGVXXJXBQRBF-UHFFFAOYSA-N,sulfonamide,*N1C(=O)c2cccc(N)c2C1=O,483.46
GLUE2230,Nc1cccc2c1C(=O)N(CC(=O)Nc1cccc3c1C(=O)N(C1CCC(=O)NC1=O)C3)C2=O,AKFUVPHAOQOQRJ-UHFFFAOYSA-N,acetamide,*N1C(=O)c2cccc(N)c2C1=O,461.43
GLUE2231,Nc1cccc2c1C(=O)N(NC(=O)Nc1cccc3c1C(=O)N(C1CCC(=O)NC1=O)C3)C2=O,OHORSSSGGSVTOZ-UHFFFAOYSA-N,urea,*N1C(=O)c2cccc(N)c2C1=O,462.42
GLUE2232,Nc1cccc2c1C(=O)N(OC(=O)Nc1cccc3c1C(=O)N(C1CCC(=O)NC1=O)C3)C2=O,LLZHQEQMVTZFTJ-UHFFFAOYSA-N,carbamate,*N1C(=O)c2cccc(N)c2C1=O,463.41
GLUE2233,C[C@@H]1CN(C(=O)Nc2cccc3c2C(=O)N(C2CCC(=O)NC2=O)C3)C[C@H](C)N1,YHNMEVHLMGEZFZ-ODOQXGPZSA-N,amide,*N1C[C@@H](C)N[C@@H](C)C1,399.45
GLUE2234,C[C@@H]1CN(S(=O)(=O)Nc2cccc3c2C(=O)N(C2CCC(=O)NC2=O)C3)C[C@H](C)N1,BMRMZKVSSXMLCP-ODOQXGPZSA-N,sulfonamide,*N1C[C@@H](C)N[C@@H](C)C1,435.51
GLUE2235,C[C@@H]1CN(CC(=O)Nc2cccc3c2C(=O)N(C2CCC(=O)NC2=O)C3)C[C@H](C)N1,YHWLVRMBKSPOJR-OCZCAGDBSA-N,acetamide,*N1C[C@@H](C)N[C@@H](C)C1,413.48
GLUE2236,C[C@@H]1CN(NC(=O)Nc2cccc3c2C(=O)N(C2CCC(=O)NC2=O)C3)C[C@H](C)N1,IGAQOUITEDZROH-ODOQXGPZSA-N,urea,*N1C[C@@H](C)N[C@@H](C)C1,414.47
GLUE2237,C[C@@H]1CN(OC(=O)Nc2cccc3c2C(=O)N(C2CCC(=O)NC2=O)C3)C[C@H](C)N1,ZHNGUFOQXXTWRI-ODOQXGPZSA-N,carbamate,*N1C[C@@H](C)N[C@@H](C)C1,415.45
GLUE2238,O=C1CCC(N2Cc3cccc(NC(=O)[C@@H]4SC[C@@H]5NC(=O)N[C@@H]54)c3C2=O)C(=O)N1,XQXPZYZODDCIOB-JRWCODRMSA-N,amide,*[C@@H]1SC[C@@H]2NC(=O)N[C@@H]21,429.46
GLUE2239,O=C1CCC(N2Cc3cccc(NS(=O)(=O)[C@@H]4SC[C@@H]5NC(=O)N[C@@H]54)c3C2=O)C(=O)N1,MMXDSKZWVODIBF-KXOIQSFWSA-N,sulfonamide,*[C@@H]1SC[C@@H]2NC(=O)N[C@@H]21,465.51
GLUE2240,O=C1CCC(N2Cc3cccc(NC(=O)C[C@@H]4SC[C@@H]5NC(=O)N[C@@H]54)c3C2=O)C(=O)N1,POXAAGCLZVMUCH-NBZQMUKKSA-N,acetamide,*[C@@H]1SC[C@@H]2NC(=O)N[C@@H]21,443.49
GLUE2241,O=C1CCC(N2Cc3cccc(NC(=O)N[C@@H]4SC[C@@H]5NC(=O)N[C@@H]54)c3C2=O)C(=O)N1,OSUQMHUVIOAHDV-FOLANACDSA-N,urea,*[C@@H]1SC[C@@H]2NC(=O)N[C@@H]21,444.47
GLUE2242,O=C1CCC(N2Cc3cccc(NC(=O)O[C@@H]4SC[C@@H]5NC(=O)N[C@@H]54)c3C2=O)C(=O)N1,PAXOSCJQJZTYPS-YHSYKIEQSA-N,carbamate,*[C@@H]1SC[C@@H]2NC(=O)N[C@@H]21,445.46
GLUE2243,O=C1CCC(N2Cc3cccc(NC(=O)c4cccc5[nH]ccc45)c3C2=O)C(=O)N1,JXXGIUMOUNGCRR-UHFFFAOYSA-N,amide,*c1cccc2[nH]ccc12,402.41
GLUE2244,O=C1CCC(N2Cc3cccc(NS(=O)(=O)c4cccc5[nH]ccc45)c3C2=O)C(=O)N1,YJQFHJJNUQXIMA-UHFFFAOYSA-N,sulfonamide,*c1cccc2[nH]ccc12,438.47
GLUE2245,O=C1CCC(N2Cc3cccc(NC(=O)Cc4cccc5[nH]ccc45)c3C2=O)C(=O)N1,HIZQYUOPDLJCAC-UHFFFAOYSA-N,acetamide,*c1cccc2[nH]ccc12,416.44
GLUE2246,O=C1CCC(N2Cc3cccc(NC(=O)Nc4cccc5[nH]ccc45)c3C2=O)C(=O)N1,NHRZHPUZNHODAQ-UHFFFAOYSA-N,urea,*c1cccc2[nH]ccc12,417.43
GLUE2247,O=C1CCC(N2Cc3cccc(NC(=O)Oc4cccc5[nH]ccc45)c3C2=O)C(=O)N1,PJLUFPDLXODCTA-UHFFFAOYSA-N,carbamate,*c1cccc2[nH]ccc12,418.41
GLUE2248,O=C1CCC(N2Cc3cccc(NC(=O)S(=O)(=O)c4ccc(Cl)cc4)c3C2=O)C(=O)N1,WJAWNZQYWBLEDI-UHFFFAOYSA-N,amide,*S(=O)(=O)c1ccc(Cl)cc1,461.88
GLUE2249,O=C1CCC(N2Cc3cccc(NS(=O)(=O)S(=O)(=O)c4ccc(Cl)cc4)c3C2=O)C(=O)N1,MZICVBDJEFZIEG-UHFFFAOYSA-N,sulfonamide,*S(=O)(=O)c1ccc(Cl)cc1,497.94
GLUE2250,O=C1CCC(N2Cc3cccc(NC(=O)CS(=O)(=O)c4ccc(Cl)cc4)c3C2=O)C(=O)N1,FVOUWZIWJVGOQR-UHFFFAOYSA-N,acetamide,*S(=O)(=O)c1ccc(Cl)cc1,475.91
GLUE2251,O=C1CCC(N2Cc3cccc(NC(=O)NS(=O)(=O)c4ccc(Cl)cc4)c3C2=O)C(=O)N1,DDDHAHMQYGOSRX-UHFFFAOYSA-N,urea,*S(=O)(=O)c1ccc(Cl)cc1,476.9
GLUE2252,O=C1CCC(N2Cc3cccc(NC(=O)OS(=O)(=O)c4ccc(Cl)cc4)c3C2=O)C(=O)N1,PLVHOJDHASWZRY-UHFFFAOYSA-N,carbamate,*S(=O)(=O)c1ccc(Cl)cc1,477.88
GLUE2253,O=C1CCC(N2Cc3cccc(NC(=O)N4C(=O)c5ccccc5C4=O)c3C2=O)C(=O)N1,LTKVSEKTDHNWTL-UHFFFAOYSA-N,amide,*N1C(=O)c2ccccc2C1=O,432.39
GLUE2254,O=C1CCC(N2Cc3cccc(NS(=O)(=O)N4C(=O)c5ccccc5C4=O)c3C2=O)C(=O)N1,LIISRLGZKBUVJU-UHFFFAOYSA-N,sulfonamide,*N1C(=O)c2ccccc2C1=O,468.45
GLUE2255,O=C1CCC(N2Cc3cccc(NC(=O)CN4C(=O)c5ccccc5C4=O)c3C2=O)C(=O)N1,SMZMCTYOVGCYCP-UHFFFAOYSA-N,acetamide,*N1C(=O)c2ccccc2C1=O,446.42
GLUE2256,O=C1CCC(N2Cc3cccc(NC(=O)NN4C(=O)c5ccccc5C4=O)c3C2=O)C(=O)N1,KTKBXXRDMUZULC-UHFFFAOYSA-N,urea,*N1C(=O)c2ccccc2C1=O,447.41
GLUE2257,O=C1CCC(N2Cc3cccc(NC(=O)ON4C(=O)c5ccccc5C4=O)c3C2=O)C(=O)N1,JIYHMBRMMZYYRB-UHFFFAOYSA-N,carbamate,*N1C(=O)c2ccccc2C1=O,448.39
GLUE2258,N#Cc1cnn2c(C(=O)Nc3cccc4c3C(=O)N(C3CCC(=O)NC3=O)C4)ccnc12,UACUGRSTHIAAEU-UHFFFAOYSA-N,amide,*c1ccnc2c(C#N)cnn12,429.4
GLUE2259,N#Cc1cnn2c(S(=O)(=O)Nc3cccc4c3C(=O)N(C3CCC(=O)NC3=O)C4)ccnc12,SNRLNAOMFBHGQB-UHFFFAOYSA-N,sulfonamide,*c1ccnc2c(C#N)cnn12,465.45
GLUE2260,N#Cc1cnn2c(CC(=O)Nc3cccc4c3C(=O)N(C3CCC(=O)NC3=O)C4)ccnc12,PEOGWGKVLOSJAP-UHFFFAOYSA-N,acetamide,*c1ccnc2c(C#N)cnn12,443.42
GLUE2261,N#Cc1cnn2c(NC(=O)Nc3cccc4c3C(=O)N(C3CCC(=O)NC3=O)C4)ccnc12,PPAQAJFMSAFYHZ-UHFFFAOYSA-N,urea,*c1ccnc2c(C#N)cnn12,444.41
GLUE2262,N#Cc1cnn2c(OC(=O)Nc3cccc4c3C(=O)N(C3CCC(=O)NC3=O)C4)ccnc12,RZMKBAYPVIJNBC-UHFFFAOYSA-N,carbamate,*c1ccnc2c(C#N)cnn12,445.4
GLUE2263,O=C1CCC(N2Cc3cccc(NC(=O)N4C(=O)CC5(CCCC5)CC4=O)c3C2=O)C(=O)N1,SXXFXHNTFUYNJO-UHFFFAOYSA-N,amide,*N1C(=O)CC2(CCCC2)CC1=O,452.47
GLUE2264,O=C1CCC(N2Cc3cccc(NS(=O)(=O)N4C(=O)CC5(CCCC5)CC4=O)c3C2=O)C(=O)N1,FGWSWJDPHWDMIK-UHFFFAOYSA-N,sulfonamide,*N1C(=O)CC2(CCCC2)CC1=O,488.52
GLUE2265,O=C1CCC(N2Cc3cccc(NC(=O)CN4C(=O)CC5(CCCC5)CC4=O)c3C2=O)C(=O)N1,DCFARDOMCZNZQH-UHFFFAOYSA-N,acetamide,*N1C(=O)CC2(CCCC2)CC1=O,466.49
GLUE2266,O=C1CCC(N2Cc3cccc(NC(=O)NN4C(=O)CC5(CCCC5)CC4=O)c3C2=O)C(=O)N1,YJOZINWBDIPDAC-UHFFFAOYSA-N,urea,*N1C(=O)CC2(CCCC2)CC1=O,467.48
GLUE2267,O=C1CCC(N2Cc3cccc(NC(=O)ON4C(=O)CC5(CCCC5)CC4=O)c3C2=O)C(=O)N1,CLLHLNWIIOHAJC-UHFFFAOYSA-N,carbamate,*N1C(=O)CC2(CCCC2)CC1=O,468.47
GLUE2268,Cc1nc2n(c(=O)c1C(=O)Nc1cccc3c1C(=O)N(C1CCC(=O)NC1=O)C3)CCCC2,DBKFUXDUYNMZKG-UHFFFAOYSA-N,amide,*c1c(C)nc2n(c1=O)CCCC2,449.47
GLUE2269,Cc1nc2n(c(=O)c1S(=O)(=O)Nc1cccc3c1C(=O)N(C1CCC(=O)NC1=O)C3)CCCC2,HPHJLSUEKXNQQO-UHFFFAOYSA-N,sulfonamide,*c1c(C)nc2n(c1=O)CCCC2,485.52
GLUE2270,Cc1nc2n(c(=O)c1CC(=O)Nc1cccc3c1C(=O)N(C1CCC(=O)NC1=O)C3)CCCC2,DIJFAMZPIFXWHE-UHFFFAOYSA-N,acetamide,*c1c(C)nc2n(c1=O)CCCC2,463.49
GLUE2271,Cc1nc2n(c(=O)c1NC(=O)Nc1cccc3c1C(=O)N(C1CCC(=O)NC1=O)C3)CCCC2,IWWZADKDNIFNSR-UHFFFAOYSA-N,urea,*c1c(C)nc2n(c1=O)CCCC2,464.48
GLUE2272,Cc1nc2n(c(=O)c1OC(=O)Nc1cccc3c1C(=O)N(C1CCC(=O)NC1=O)C3)CCCC2,APCBCGWLMCCNGC-UHFFFAOYSA-N,carbamate,*c1c(C)nc2n(c1=O)CCCC2,465.47
GLUE2273,Cn1cncc1C(=O)Nc1cccc2c1C(=O)N(C1CCC(=O)NC1=O)C2,RKHCWUJFEZRZBP-UHFFFAOYSA-N,amide,*c1cncn1C,367.37
GLUE2274,Cn1cncc1S(=O)(=O)Nc1cccc2c1C(=O)N(C1CCC(=O)NC1=O)C2,FLFHQANNUVNALS-UHFFFAOYSA-N,sulfonamide,*c1cncn1C,403.42
GLUE2275,Cn1cncc1CC(=O)Nc1cccc2c1C(=O)N(C1CCC(=O)NC1=O)C2,ONXLSEHKDFPIGD-UHFFFAOYSA-N,acetamide,*c1cncn1C,381.39
GLUE2276,Cn1cncc1NC(=O)Nc1cccc2c1C(=O)N(C1CCC(=O)NC1=O)C2,KMRFERWBVAXTGZ-UHFFFAOYSA-N,urea,*c1cncn1C,382.38
GLUE2277,Cn1cncc1OC(=O)Nc1cccc2c1C(=O)N(C1CCC(=O)NC1=O)C2,UCDHSJAFWORDQL-UHFFFAOYSA-N,carbamate,*c1cncn1C,383.36
GLUE2278,Cc1nc2ccccc2c(=O)n1C(=O)Nc1cccc2c1C(=O)N(C1CCC(=O)NC1=O)C2,ZUCPLNVFNPGBNK-UHFFFAOYSA-N,amide,*n1c(C)nc2ccccc2c1=O,445.44
GLUE2279,Cc1nc2ccccc2c(=O)n1S(=O)(=O)Nc1cccc2c1C(=O)N(C1CCC(=O)NC1=O)C2,PGUYCERURJJJNA-UHFFFAOYSA-N,sulfonamide,*n1c(C)nc2ccccc2c1=O,481.49
GLUE2280,Cc1nc2ccccc2c(=O)n1CC(=O)Nc1cccc2c1C(=O)N(C1CCC(=O)NC1=O)C2,ULSZRIUINGBTPQ-UHFFFAOYSA-N,acetamide,*n1c(C)nc2ccccc2c1=O,459.46
GLUE2281,Cc1nc2ccccc2c(=O)n1NC(=O)Nc1cccc2c1C(=O)N(C1CCC(=O)NC1=O)C2,NNPRDWAFKZRQIP-UHFFFAOYSA-N,urea,*n1c(C)nc2ccccc2c1=O,460.45
GLUE2282,Cc1nc2ccccc2c(=O)n1OC(=O)Nc1cccc2c1C(=O)N(C1CCC(=O)NC1=O)C2,VAEFBPQGCJESFO-UHFFFAOYSA-N,carbamate,*n1c(C)nc2ccccc2c1=O,461.43
GLUE2283,O=C1CCC(N2Cc3cccc(NC(=O)n4nc5ccccn5c4=O)c3C2=O)C(=O)N1,MRQKWVIGQFRVQS-UHFFFAOYSA-N,amide,*n1nc2ccccn2c1=O,420.39
GLUE2284,O=C1CCC(N2Cc3cccc(NS(=O)(=O)n4nc5ccccn5c4=O)c3C2=O)C(=O)N1,VQITWTCTCIMUMW-UHFFFAOYSA-N,sulfonamide,*n1nc2ccccn2c1=O,456.44
GLUE2285,O=C1CCC(N2Cc3cccc(NC(=O)Cn4nc5ccccn5c4=O)c3C2=O)C(=O)N1,YQODJKOYXMISGG-UHFFFAOYSA-N,acetamide,*n1nc2ccccn2c1=O,434.41
GLUE2286,O=C1CCC(N2Cc3cccc(NC(=O)Nn4nc5ccccn5c4=O)c3C2=O)C(=O)N1,DFXKCTJYESCAKR-UHFFFAOYSA-N,urea,*n1nc2ccccn2c1=O,435.4
GLUE2287,O=C1CCC(N2Cc3cccc(NC(=O)On4nc5ccccn5c4=O)c3C2=O)C(=O)N1,WBWIBJXLADKFNG-UHFFFAOYSA-N,carbamate,*n1nc2ccccn2c1=O,436.38
GLUE2288,CN1C(=O)CC(C)(C(=O)Nc2cccc3c2C(=O)N(C2CCC(=O)NC2=O)C3)C1=O,VGOCISLLTLRLBY-UHFFFAOYSA-N,amide,*C1(C)CC(=O)N(C)C1=O,412.4
GLUE2289,CN1C(=O)CC(C)(S(=O)(=O)Nc2cccc3c2C(=O)N(C2CCC(=O)NC2=O)C3)C1=O,CXCHANPVKMXZMX-UHFFFAOYSA-N,sulfonamide,*C1(C)CC(=O)N(C)C1=O,448.46
GLUE2290,CN1C(=O)CC(C)(CC(=O)Nc2cccc3c2C(=O)N(C2CCC(=O)NC2=O)C3)C1=O,RGNIBPZXUMCKRB-UHFFFAOYSA-N,acetamide,*C1(C)CC(=O)N(C)C1=O,426.43
GLUE2291,CN1C(=O)CC(C)(NC(=O)Nc2cccc3c2C(=O)N(C2CCC(=O)NC2=O)C3)C1=O,WVFURVKEVGOLLH-UHFFFAOYSA-N,urea,*C1(C)CC(=O)N(C)C1=O,427.42
GLUE2292,CN1C(=O)CC(C)(OC(=O)Nc2cccc3c2C(=O)N(C2CCC(=O)NC2=O)C3)C1=O,SMSBZNDTFRUYSX-UHFFFAOYSA-N,carbamate,*C1(C)CC(=O)N(C)C1=O,428.4
GLUE2293,CN1C(=O)CC(C(=O)Nc2cccc3c2C(=O)N(C2CCC(=O)NC2=O)C3)C1=O,WBKOXZVGAKSUCV-UHFFFAOYSA-N,amide,*C1CC(=O)N(C)C1=O,398.38
GLUE2294,CN1C(=O)CC(S(=O)(=O)Nc2cccc3c2C(=O)N(C2CCC(=O)NC2=O)C3)C1=O,HHCNTWXJQWRSAT-UHFFFAOYSA-N,sulfonamide,*C1CC(=O)N(C)C1=O,434.43
GLUE2295,CN1C(=O)CC(CC(=O)Nc2cccc3c2C(=O)N(C2CCC(=O)NC2=O)C3)C1=O,CAFYGEONZIFBQF-UHFFFAOYSA-N,acetamide,*C1CC(=O)N(C)C1=O,412.4
GLUE2296,CN1C(=O)CC(NC(=O)Nc2cccc3c2C(=O)N(C2CCC(=O)NC2=O)C3)C1=O,HOFRATZRTIQFMB-UHFFFAOYSA-N,urea,*C1CC(=O)N(C)C1=O,413.39
GLUE2297,CN1C(=O)CC(OC(=O)Nc2cccc3c2C(=O)N(C2CCC(=O)NC2=O)C3)C1=O,LSUSGAMYIVSSPR-UHFFFAOYSA-N,carbamate,*C1CC(=O)N(C)C1=O,414.37
GLUE2298,CC1(C)CC(=O)N(C(=O)Nc2cccc3c2C(=O)N(C2CCC(=O)NC2=O)C3)C(=O)C1,DAVITJHFTNOCHU-UHFFFAOYSA-N,amide,*N1C(=O)CC(C)(C)CC1=O,426.43
GLUE2299,CC1(C)CC(=O)N(S(=O)(=O)Nc2cccc3c2C(=O)N(C2CCC(=O)NC2=O)C3)C(=O)C1,JBDLXKBRSGKWIC-UHFFFAOYSA-N,sulfonamide,*N1C(=O)CC(C)(C)CC1=O,462.48
GLUE2300,CC1(C)CC(=O)N(CC(=O)Nc2cccc3c2C(=O)N(C2CCC(=O)NC2=O)C3)C(=O)C1,NEQCKJOKTHANHY-UHFFFAOYSA-N,acetamide,*N1C(=O)CC(C)(C)CC1=O,440.46
GLUE2301,CC1(C)CC(=O)N(NC(=O)Nc2cccc3c2C(=O)N(C2CCC(=O)NC2=O)C3)C(=O)C1,SMMQMXFENNSFDF-UHFFFAOYSA-N,urea,*N1C(=O)CC(C)(C)CC1=O,441.44
GLUE2302,CC1(C)CC(=O)N(OC(=O)Nc2cccc3c2C(=O)N(C2CCC(=O)NC2=O)C3)C(=O)C1,FLDGYKDFSAKIOZ-UHFFFAOYSA-N,carbamate,*N1C(=O)CC(C)(C)CC1=O,442.43
GLUE2303,CC1=NN(C(=O)Nc2cccc3c2C(=O)N(C2CCC(=O)NC2=O)C3)C(=O)C1,FVOVGJDBJLGIHV-UHFFFAOYSA-N,amide,*N1N=C(C)CC1=O,383.36
GLUE2304,CC1=NN(S(=O)(=O)Nc2cccc3c2C(=O)N(C2CCC(=O)NC2=O)C3)C(=O)C1,BPYMHGFAYOKGPL-UHFFFAOYSA-N,sulfonamide,*N1N=C(C)CC1=O,419.42
GLUE2305,CC1=NN(CC(=O)Nc2cccc3c2C(=O)N(C2CCC(=O)NC2=O)C3)C(=O)C1,OTFBPOZREIGVSU-UHFFFAOYSA-N,acetamide,*N1N=C(C)CC1=O,397.39
GLUE2306,CC1=NN(NC(=O)Nc2cccc3c2C(=O)N(C2CCC(=O)NC2=O)C3)C(=O)C1,UWOAJSINLURHQA-UHFFFAOYSA-N,urea,*N1N=C(C)CC1=O,398.38
GLUE2307,CC1=NN(OC(=O)Nc2cccc3c2C(=O)N(C2CCC(=O)NC2=O)C3)C(=O)C1,QHRVZZJRHPPYSB-UHFFFAOYSA-N,carbamate,*N1N=C(C)CC1=O,399.36
GLUE2308,CN1C(=O)OC(C)(C(=O)Nc2cccc3c2C(=O)N(C2CCC(=O)NC2=O)C3)C1=O,SZKNCQYFTIGONP-UHFFFAOYSA-N,amide,*C1(C)OC(=O)N(C)C1=O,414.37
GLUE2309,CN1C(=O)OC(C)(S(=O)(=O)Nc2cccc3c2C(=O)N(C2CCC(=O)NC2=O)C3)C1=O,DBALULBIBAAQPK-UHFFFAOYSA-N,sulfonamide,*C1(C)OC(=O)N(C)C1=O,450.43
GLUE2310,CN1C(=O)OC(C)(CC(=O)Nc2cccc3c2C(=O)N(C2CCC(=O)NC2=O)C3)C1=O,XOACZEWTANUGNV-UHFFFAOYSA-N,acetamide,*C1(C)OC(=O)N(C)C1=O,428.4
GLUE2311,CN1C(=O)OC(C)(NC(=O)Nc2cccc3c2C(=O)N(C2CCC(=O)NC2=O)C3)C1=O,LJXNKYWSMAQGJU-UHFFFAOYSA-N,urea,*C1(C)OC(=O)N(C)C1=O,429.39
GLUE2312,CN1C(=O)OC(C)(OC(=O)Nc2cccc3c2C(=O)N(C2CCC(=O)NC2=O)C3)C1=O,JTZAETPLNUCMRT-UHFFFAOYSA-N,carbamate,*C1(C)OC(=O)N(C)C1=O,430.37
GLUE2313,C[n+]1cccc(C(=O)Nc2cccc3c2C(=O)N(C2CCC(=O)NC2=O)C3)c1,PKGGMSRCSMJVRT-UHFFFAOYSA-O,amide,*c1ccc[n+](C)c1,379.4
GLUE2314,C[n+]1cccc(S(=O)(=O)Nc2cccc3c2C(=O)N(C2CCC(=O)NC2=O)C3)c1,YPTUBWPFUYYYCZ-UHFFFAOYSA-O,sulfonamide,*c1ccc[n+](C)c1,415.45
GLUE2315,C[n+]1cccc(CC(=O)Nc2cccc3c2C(=O)N(C2CCC(=O)NC2=O)C3)c1,NYJSPKPXJNITFV-UHFFFAOYSA-O,acetamide,*c1ccc[n+](C)c1,393.42
GLUE2316,C[n+]1cccc(NC(=O)Nc2cccc3c2C(=O)N(C2CCC(=O)NC2=O)C3)c1,KLPVTJPVDBRJJR-UHFFFAOYSA-O,urea,*c1ccc[n+](C)c1,394.41
GLUE2317,C[n+]1cccc(OC(=O)Nc2cccc3c2C(=O)N(C2CCC(=O)NC2=O)C3)c1,BSUHKOVCWCUNIK-UHFFFAOYSA-O,carbamate,*c1ccc[n+](C)c1,395.4
GLUE2318,O=C1CCC(N2Cc3cccc(NC(=O)C(Cl)C(F)(F)F)c3C2=O)C(=O)N1,ZJXBKYUYNCSYMM-UHFFFAOYSA-N,amide,*C(Cl)C(F)(F)F,403.74
GLUE2319,O=C1CCC(N2Cc3cccc(NS(=O)(=O)C(Cl)C(F)(F)F)c3C2=O)C(=O)N1,KPQTXNMOXQQNQF-UHFFFAOYSA-N,sulfonamide,*C(Cl)C(F)(F)F,439.8
GLUE2320,O=C1CCC(N2Cc3cccc(NC(=O)CC(Cl)C(F)(F)F)c3C2=O)C(=O)N1,IITUFCLKDRCUHB-UHFFFAOYSA-N,acetamide,*C(Cl)C(F)(F)F,417.77
GLUE2321,O=C1CCC(N2Cc3cccc(NC(=O)NC(Cl)C(F)(F)F)c3C2=O)C(=O)N1,QDLLDOWYOBLIKS-UHFFFAOYSA-N,urea,*C(Cl)C(F)(F)F,418.76
GLUE2322,O=C1CCC(N2Cc3cccc(NC(=O)OC(Cl)C(F)(F)F)c3C2=O)C(=O)N1,BUJTZZXRWGRZFY-UHFFFAOYSA-N,carbamate,*C(Cl)C(F)(F)F,419.74
GLUE2323,O=C1CCC(N2Cc3cccc(NC(=O)C(F)(F)C(F)Cl)c3C2=O)C(=O)N1,MTFKMAHFXTTYEH-UHFFFAOYSA-N,amide,*C(F)(F)C(F)Cl,403.74
GLUE2324,O=C1CCC(N2Cc3cccc(NS(=O)(=O)C(F)(F)C(F)Cl)c3C2=O)C(=O)N1,FXEOYVDYYWYEKB-UHFFFAOYSA-N,sulfonamide,*C(F)(F)C(F)Cl,439.8
GLUE2325,O=C1CCC(N2Cc3cccc(NC(=O)CC(F)(F)C(F)Cl)c3C2=O)C(=O)N1,ZGPHXPFGZQYGKL-UHFFFAOYSA-N,acetamide,*C(F)(F)C(F)Cl,417.77
GLUE2326,O=C1CCC(N2Cc3cccc(NC(=O)NC(F)(F)C(F)Cl)c3C2=O)C(=O)N1,QMYJTEJFYKLPKZ-UHFFFAOYSA-N,urea,*C(F)(F)C(F)Cl,418.76
GLUE2327,O=C1CCC(N2Cc3cccc(NC(=O)OC(F)(F)C(F)Cl)c3C2=O)C(=O)N1,YVPBKXGVHODQHW-UHFFFAOYSA-N,carbamate,*C(F)(F)C(F)Cl,419.74
GLUE2328,O=C1CCC(N2Cc3cccc(NC(=O)C(F)(F)C(Cl)Cl)c3C2=O)C(=O)N1,CJWMMQLQPDAIBE-UHFFFAOYSA-N,amide,*C(F)(F)C(Cl)Cl,420.2
GLUE2329,O=C1CCC(N2Cc3cccc(NS(=O)(=O)C(F)(F)C(Cl)Cl)c3C2=O)C(=O)N1,CWNRAJBUVDCRTC-UHFFFAOYSA-N,sulfonamide,*C(F)(F)C(Cl)Cl,456.25
GLUE2330,O=C1CCC(N2Cc3cccc(NC(=O)CC(F)(F)C(Cl)Cl)c3C2=O)C(=O)N1,QPCORXNDAADCGS-UHFFFAOYSA-N,acetamide,*C(F)(F)C(Cl)Cl,434.23
GLUE2331,O=C1CCC(N2Cc3cccc(NC(=O)NC(F)(F)C(Cl)Cl)c3C2=O)C(=O)N1,HOQRUMSMUVREIQ-UHFFFAOYSA-N,urea,*C(F)(F)C(Cl)Cl,435.21
GLUE2332,O=C1CCC(N2Cc3cccc(NC(=O)OC(F)(F)C(Cl)Cl)c3C2=O)C(=O)N1,NSOYFXMKLCLDRO-UHFFFAOYSA-N,carbamate,*C(F)(F)C(Cl)Cl,436.2
GLUE2333,Cc1c(Cl)c(C)[n+]([O-])c(Cl)c1C(=O)Nc1cccc2c1C(=O)N(C1CCC(=O)NC1=O)C2,VQJHYGSCFCPHBB-UHFFFAOYSA-N,amide,*c1c(C)c(Cl)c(C)[n+]([O-])c1Cl,477.3
GLUE2334,Cc1c(Cl)c(C)[n+]([O-])c(Cl)c1S(=O)(=O)Nc1cccc2c1C(=O)N(C1CCC(=O)NC1=O)C2,PISJIHJXWGKPCJ-UHFFFAOYSA-N,sulfonamide,*c1c(C)c(Cl)c(C)[n+]([O-])c1Cl,513.36
GLUE2335,Cc1c(Cl)c(C)[n+]([O-])c(Cl)c1CC(=O)Nc1cccc2c1C(=O)N(C1CCC(=O)NC1=O)C2,HSQVRGZMLJCKFB-UHFFFAOYSA-N,acetamide,*c1c(C)c(Cl)c(C)[n+]([O-])c1Cl,491.33
GLUE2336,Cc1c(Cl)c(C)[n+]([O-])c(Cl)c1NC(=O)Nc1cccc2c1C(=O)N(C1CCC(=O)NC1=O)C2,ISPPBDATHAIKMJ-UHFFFAOYSA-N,urea,*c1c(C)c(Cl)c(C)[n+]([O-])c1Cl,492.32
GLUE2337,Cc1c(Cl)c(C)[n+]([O-])c(Cl)c1OC(=O)Nc1cccc2c1C(=O)N(C1CCC(=O)NC1=O)C2,BHCNDCLGQHZZTF-UHFFFAOYSA-N,carbamate,*c1c(C)c(Cl)c(C)[n+]([O-])c1Cl,493.3
GLUE2338,NNC(=O)C(=O)Nc1cccc2c1C(=O)N(C1CCC(=O)NC1=O)C2,FHWQLYIFZMFZGO-UHFFFAOYSA-N,amide,*C(=O)NN,345.32
GLUE2339,NNC(=O)S(=O)(=O)Nc1cccc2c1C(=O)N(C1CCC(=O)NC1=O)C2,UDXJXQRYJVYJBL-UHFFFAOYSA-N,sulfonamide,*C(=O)NN,381.37
GLUE2340,NNC(=O)CC(=O)Nc1cccc2c1C(=O)N(C1CCC(=O)NC1=O)C2,TXHPXFGAFAXGMP-UHFFFAOYSA-N,acetamide,*C(=O)NN,359.34
GLUE2341,NNC(=O)NC(=O)Nc1cccc2c1C(=O)N(C1CCC(=O)NC1=O)C2,YMNOBSQGOHHIHM-UHFFFAOYSA-N,urea,*C(=O)NN,360.33
GLUE2342,NNC(=O)OC(=O)Nc1cccc2c1C(=O)N(C1CCC(=O)NC1=O)C2,FTJAEEIRIKHSIM-UHFFFAOYSA-N,carbamate,*C(=O)NN,361.31
GLUE2343,O=C1CCC(N2Cc3cccc(NC(=O)c4nc5cc(Cl)ccc5o4)c3C2=O)C(=O)N1,IDEOFCIANLUDCX-UHFFFAOYSA-N,amide,*c1nc2cc(Cl)ccc2o1,438.83
GLUE2344,O=C1CCC(N2Cc3cccc(NS(=O)(=O)c4nc5cc(Cl)ccc5o4)c3C2=O)C(=O)N1,OFPUGSUMMLVIQI-UHFFFAOYSA-N,sulfonamide,*c1nc2cc(Cl)ccc2o1,474.88
GLUE2345,O=C1CCC(N2Cc3cccc(NC(=O)Cc4nc5cc(Cl)ccc5o4)c3C2=O)C(=O)N1,HJXVCCKHHZFJAQ-UHFFFAOYSA-N,acetamide,*c1nc2cc(Cl)ccc2o1,452.85
GLUE2346,O=C1CCC(N2Cc3cccc(NC(=O)Nc4nc5cc(Cl)ccc5o4)c3C2=O)C(=O)N1,XNMRQPJKJOJOFW-UHFFFAOYSA-N,urea,*c1nc2cc(Cl)ccc2o1,453.84
GLUE2347,O=C1CCC(N2Cc3cccc(NC(=O)Oc4nc5cc(Cl)ccc5o4)c3C2=O)C(=O)N1,SUOPWEKVAMMQGO-UHFFFAOYSA-N,carbamate,*c1nc2cc(Cl)ccc2o1,454.83
GLUE2348,O=C1CCC(N2Cc3cccc(NC(=O)C(C(F)(F)F)C(F)(F)F)c3C2=O)C(=O)N1,BEMCURCMXBYMFV-UHFFFAOYSA-N,amide,*C(C(F)(F)F)C(F)(F)F,437.3
GLUE2349,O=C1CCC(N2Cc3cccc(NS(=O)(=O)C(C(F)(F)F)C(F)(F)F)c3C2=O)C(=O)N1,HERRWDGAAAQXOL-UHFFFAOYSA-N,sulfonamide,*C(C(F)(F)F)C(F)(F)F,473.35
GLUE2350,O=C1CCC(N2Cc3cccc(NC(=O)CC(C(F)(F)F)C(F)(F)F)c3C2=O)C(=O)N1,GELJAFQHIFAUFX-UHFFFAOYSA-N,acetamide,*C(C(F)(F)F)C(F)(F)F,451.32
GLUE2351,O=C1CCC(N2Cc3cccc(NC(=O)NC(C(F)(F)F)C(F)(F)F)c3C2=O)C(=O)N1,XPVJCOWKADRFFO-UHFFFAOYSA-N,urea,*C(C(F)(F)F)C(F)(F)F,452.31
GLUE2352,O=C1CCC(N2Cc3cccc(NC(=O)OC(C(F)(F)F)C(F)(F)F)c3C2=O)C(=O)N1,AIWMIKCABZXNNE-UHFFFAOYSA-N,carbamate,*C(C(F)(F)F)C(F)(F)F,453.3
GLUE2353,O=C1CCC(N2Cc3cccc(NC(=O)OCF)c3C2=O)C(=O)N1,FHDJLNDGJSNWBL-UHFFFAOYSA-N,amide,*OCF,335.29
GLUE2354,O=C1CCC(N2Cc3cccc(NS(=O)(=O)OCF)c3C2=O)C(=O)N1,CWGQYRNTBSGKIS-UHFFFAOYSA-N,sulfonamide,*OCF,371.35
GLUE2355,O=C1CCC(N2Cc3cccc(NC(=O)COCF)c3C2=O)C(=O)N1,COAGMFWQDYTLTE-UHFFFAOYSA-N,acetamide,*OCF,349.32
GLUE2356,O=C1CCC(N2Cc3cccc(NC(=O)NOCF)c3C2=O)C(=O)N1,KHIKNIIVEFVZIW-UHFFFAOYSA-N,urea,*OCF,350.31
GLUE2357,O=C1CCC(N2Cc3cccc(NC(=O)OOCF)c3C2=O)C(=O)N1,CSXOAXASWNRPLA-UHFFFAOYSA-N,carbamate,*OCF,351.29
GLUE2358,O=C1CCC(N2Cc3cccc(NC(=O)C(F)C(F)(F)F)c3C2=O)C(=O)N1,LCWHXCRYRMFVKB-UHFFFAOYSA-N,amide,*C(F)C(F)(F)F,387.29
GLUE2359,O=C1CCC(N2Cc3cccc(NS(=O)(=O)C(F)C(F)(F)F)c3C2=O)C(=O)N1,MRCZJJMXQLXJOS-UHFFFAOYSA-N,sulfonamide,*C(F)C(F)(F)F,423.34
GLUE2360,O=C1CCC(N2Cc3cccc(NC(=O)CC(F)C(F)(F)F)c3C2=O)C(=O)N1,AXGCNKHTPDLVIP-UHFFFAOYSA-N,acetamide,*C(F)C(F)(F)F,401.32
GLUE2361,O=C1CCC(N2Cc3cccc(NC(=O)NC(F)C(F)(F)F)c3C2=O)C(=O)N1,OTQQBIKJNWTPOL-UHFFFAOYSA-N,urea,*C(F)C(F)(F)F,402.3
GLUE2362,O=C1CCC(N2Cc3cccc(NC(=O)OC(F)C(F)(F)F)c3C2=O)C(=O)N1,KIJAZLTXXNUOOA-UHFFFAOYSA-N,carbamate,*C(F)C(F)(F)F,403.29
GLUE2363,N[C@@H]1C[C@H]1C(=O)Nc1cccc2c1C(=O)N(C1CCC(=O)NC1=O)C2,XQEOMBKEWUSXGW-UVTZGIPTSA-N,amide,*[C@@H]1C[C@H]1N,342.36
GLUE2364,N[C@@H]1C[C@H]1S(=O)(=O)Nc1cccc2c1C(=O)N(C1CCC(=O)NC1=O)C2,MRWLSRKFQFCRAQ-WSXXKJPRSA-N,sulfonamide,*[C@@H]1C[C@H]1N,378.41
GLUE2365,N[C@@H]1C[C@H]1CC(=O)Nc1cccc2c1C(=O)N(C1CCC(=O)NC1=O)C2,VTSSQOZBZOYFFT-VUDPYIQVSA-N,acetamide,*[C@@H]1C[C@H]1N,356.38
GLUE2366,N[C@@H]1C[C@H]1NC(=O)Nc1cccc2c1C(=O)N(C1CCC(=O)NC1=O)C2,QJVDGDKZGMARHJ-DFWSTUSTSA-N,urea,*[C@@H]1C[C@H]1N,357.37
GLUE2367,N[C@@H]1C[C@H]1OC(=O)Nc1cccc2c1C(=O)N(C1CCC(=O)NC1=O)C2,KRSNWYDHANGHHH-WSXXKJPRSA-N,carbamate,*[C@@H]1C[C@H]1N,358.35
GLUE2368,N[C@H]1C[C@@H]1C(=O)Nc1cccc2c1C(=O)N(C1CCC(=O)NC1=O)C2,XQEOMBKEWUSXGW-HVFQMFNGSA-N,amide,*[C@H]1C[C@@H]1N,342.36
GLUE2369,N[C@H]1C[C@@H]1S(=O)(=O)Nc1cccc2c1C(=O)N(C1CCC(=O)NC1=O)C2,MRWLSRKFQFCRAQ-VAGKLZBCSA-N,sulfonamide,*[C@H]1C[C@@H]1N,378.41
GLUE2370,N[C@H]1C[C@@H]1CC(=O)Nc1cccc2c1C(=O)N(C1CCC(=O)NC1=O)C2,VTSSQOZBZOYFFT-ILWADHIDSA-N,acetamide,*[C@H]1C[C@@H]1N,356.38
GLUE2371,N[C@H]1C[C@@H]1NC(=O)Nc1cccc2c1C(=O)N(C1CCC(=O)NC1=O)C2,QJVDGDKZGMARHJ-HFLPBZFISA-N,urea,*[C@H]1C[C@@H]1N,357.37
GLUE2372,N[C@H]1C[C@@H]1OC(=O)Nc1cccc2c1C(=O)N(C1CCC(=O)NC1=O)C2,KRSNWYDHANGHHH-VAGKLZBCSA-N,carbamate,*[C@H]1C[C@@H]1N,358.35
GLUE2373,CC1Cc2ccccc2N1NC(=O)C(=O)Nc1cccc2c1C(=O)N(C1CCC(=O)NC1=O)C2,IVQHUAAYDHFIFM-UHFFFAOYSA-N,amide,*C(=O)NN1c2ccccc2CC1C,461.48
GLUE2374,CC1Cc2ccccc2N1NC(=O)S(=O)(=O)Nc1cccc2c1C(=O)N(C1CCC(=O)NC1=O)C2,FWVAXJDDLVQZMH-UHFFFAOYSA-N,sulfonamide,*C(=O)NN1c2ccccc2CC1C,497.53
GLUE2375,CC1Cc2ccccc2N1NC(=O)CC(=O)Nc1cccc2c1C(=O)N(C1CCC(=O)NC1=O)C2,FUKGBIXPDKIFKN-UHFFFAOYSA-N,acetamide,*C(=O)NN1c2ccccc2CC1C,475.51
GLUE2376,CC1Cc2ccccc2N1NC(=O)NC(=O)Nc1cccc2c1C(=O)N(C1CCC(=O)NC1=O)C2,GERCZINOOCNTBD-UHFFFAOYSA-N,urea,*C(=O)NN1c2ccccc2CC1C,476.49
GLUE2377,CC1Cc2ccccc2N1NC(=O)OC(=O)Nc1cccc2c1C(=O)N(C1CCC(=O)NC1=O)C2,XGPYWSIPMWIRGQ-UHFFFAOYSA-N,carbamate,*C(=O)NN1c2ccccc2CC1C,477.48
GLUE2378,NS(=O)(=O)c1cc(C(=O)Nc2cccc3c2C(=O)N(C2CCC(=O)NC2=O)C3)ccc1Cl,WSWBVUHOTZBNKK-UHFFFAOYSA-N,amide,*c1ccc(Cl)c(S(N)(=O)=O)c1,476.9
GLUE2379,NS(=O)(=O)c1cc(S(=O)(=O)Nc2cccc3c2C(=O)N(C2CCC(=O)NC2=O)C3)ccc1Cl,HHYJMMURLQVZFY-UHFFFAOYSA-N,sulfonamide,*c1ccc(Cl)c(S(N)(=O)=O)c1,512.95
GLUE2380,NS(=O)(=O)c1cc(CC(=O)Nc2cccc3c2C(=O)N(C2CCC(=O)NC2=O)C3)ccc1Cl,QSHAKXUUMCKQSQ-UHFFFAOYSA-N,acetamide,*c1ccc(Cl)c(S(N)(=O)=O)c1,490.93
GLUE2381,NS(=O)(=O)c1cc(NC(=O)Nc2cccc3c2C(=O)N(C2CCC(=O)NC2=O)C3)ccc1Cl,APBNYGXZCHBRQJ-UHFFFAOYSA-N,urea,*c1ccc(Cl)c(S(N)(=O)=O)c1,491.91
GLUE2382,NS(=O)(=O)c1cc(OC(=O)Nc2cccc3c2C(=O)N(C2CCC(=O)NC2=O)C3)ccc1Cl,GGRICPMYSZTKBZ-UHFFFAOYSA-N,carbamate,*c1ccc(Cl)c(S(N)(=O)=O)c1,492.9
GLUE2383,Cc1c(C)c2c(c(C)c1O)CCC(C)(C(=O)Nc1cccc3c1C(=O)N(C1CCC(=O)NC1=O)C3)O2,OYZOEKUUCDDRQW-UHFFFAOYSA-N,amide,*C1(C)CCc2c(C)c(O)c(C)c(C)c2O1,491.54
GLUE2384,Cc1c(C)c2c(c(C)c1O)CCC(C)(S(=O)(=O)Nc1cccc3c1C(=O)N(C1CCC(=O)NC1=O)C3)O2,XRLRMLPIVOZOLU-UHFFFAOYSA-N,sulfonamide,*C1(C)CCc2c(C)c(O)c(C)c(C)c2O1,527.6
GLUE2385,Cc1c(C)c2c(c(C)c1O)CCC(C)(CC(=O)Nc1cccc3c1C(=O)N(C1CCC(=O)NC1=O)C3)O2,WJKTZWZPFOJGKG-UHFFFAOYSA-N,acetamide,*C1(C)CCc2c(C)c(O)c(C)c(C)c2O1,505.57
GLUE2386,Cc1c(C)c2c(c(C)c1O)CCC(C)(NC(=O)Nc1cccc3c1C(=O)N(C1CCC(=O)NC1=O)C3)O2,UPLNWOFZWFTPPS-UHFFFAOYSA-N,urea,*C1(C)CCc2c(C)c(O)c(C)c(C)c2O1,506.56
GLUE2387,Cc1c(C)c2c(c(C)c1O)CCC(C)(OC(=O)Nc1cccc3c1C(=O)N(C1CCC(=O)NC1=O)C3)O2,WXXBEMPAOWPUCI-UHFFFAOYSA-N,carbamate,*C1(C)CCc2c(C)c(O)c(C)c(C)c2O1,507.54
GLUE2388,CC(O)(CS(=O)(=O)c1ccc(F)cc1)C(=O)C(=O)Nc1cccc2c1C(=O)N(C1CCC(=O)NC1=O)C2,ZMRVQAUSSKDQQR-UHFFFAOYSA-N,amide,*C(=O)C(C)(O)CS(=O)(=O)c1ccc(F)cc1,531.52
GLUE2389,CC(O)(CS(=O)(=O)c1ccc(F)cc1)C(=O)CC(=O)Nc1cccc2c1C(=O)N(C1CCC(=O)NC1=O)C2,DTEPFSCUMYJENJ-UHFFFAOYSA-N,acetamide,*C(=O)C(C)(O)CS(=O)(=O)c1ccc(F)cc1,545.55
GLUE2390,CC(O)(CS(=O)(=O)c1ccc(F)cc1)C(=O)NC(=O)Nc1cccc2c1C(=O)N(C1CCC(=O)NC1=O)C2,ITKOXBHNBCANPH-UHFFFAOYSA-N,urea,*C(=O)C(C)(O)CS(=O)(=O)c1ccc(F)cc1,546.53
GLUE2391,CC(O)(CS(=O)(=O)c1ccc(F)cc1)C(=O)OC(=O)Nc1cccc2c1C(=O)N(C1CCC(=O)NC1=O)C2,RTTAWVGXRYMHPQ-UHFFFAOYSA-N,carbamate,*C(=O)C(C)(O)CS(=O)(=O)c1ccc(F)cc1,547.52
GLUE2392,NS(=O)(=O)c1nc2ccc(C(=O)Nc3cccc4c3C(=O)N(C3CCC(=O)NC3=O)C4)cc2s1,YNHOLVVUQLRWJU-UHFFFAOYSA-N,amide,*c1ccc2nc(S(N)(=O)=O)sc2c1,499.53
GLUE2393,NS(=O)(=O)c1nc2ccc(S(=O)(=O)Nc3cccc4c3C(=O)N(C3CCC(=O)NC3=O)C4)cc2s1,OSCYRWMZTKJVMP-UHFFFAOYSA-N,sulfonamide,*c1ccc2nc(S(N)(=O)=O)sc2c1,535.59
GLUE2394,NS(=O)(=O)c1nc2ccc(CC(=O)Nc3cccc4c3C(=O)N(C3CCC(=O)NC3=O)C4)cc2s1,RMDUMFXORDTJSZ-UHFFFAOYSA-N,acetamide,*c1ccc2nc(S(N)(=O)=O)sc2c1,513.56
GLUE2395,NS(=O)(=O)c1nc2ccc(NC(=O)Nc3cccc4c3C(=O)N(C3CCC(=O)NC3=O)C4)cc2s1,MYTMHNOTHNKLLW-UHFFFAOYSA-N,urea,*c1ccc2nc(S(N)(=O)=O)sc2c1,514.55
GLUE2396,NS(=O)(=O)c1nc2ccc(OC(=O)Nc3cccc4c3C(=O)N(C3CCC(=O)NC3=O)C4)cc2s1,BGRSRJFALIUVBH-UHFFFAOYSA-N,carbamate,*c1ccc2nc(S(N)(=O)=O)sc2c1,515.53
GLUE2397,NS(=O)(=O)c1nnc(C(=O)Nc2cccc3c2C(=O)N(C2CCC(=O)NC2=O)C3)s1,SRKPXDIPBUHYRH-UHFFFAOYSA-N,amide,*c1nnc(S(N)(=O)=O)s1,450.46
GLUE2398,NS(=O)(=O)c1nnc(S(=O)(=O)Nc2cccc3c2C(=O)N(C2CCC(=O)NC2=O)C3)s1,BFHXQNYNPLCENO-UHFFFAOYSA-N,sulfonamide,*c1nnc(S(N)(=O)=O)s1,486.51
GLUE2399,NS(=O)(=O)c1nnc(CC(=O)Nc2cccc3c2C(=O)N(C2CCC(=O)NC2=O)C3)s1,PLRQXPMVXICNRF-UHFFFAOYSA-N,acetamide,*c1nnc(S(N)(=O)=O)s1,464.49
GLUE2400,NS(=O)(=O)c1nnc(NC(=O)Nc2cccc3c2C(=O)N(C2CCC(=O)NC2=O)C3)s1,WIEFPWZGGGDAST-UHFFFAOYSA-N,urea,*c1nnc(S(N)(=O)=O)s1,465.47
GLUE2401,NS(=O)(=O)c1nnc(OC(=O)Nc2cccc3c2C(=O)N(C2CCC(=O)NC2=O)C3)s1,KRTZEDJJAAZYAH-UHFFFAOYSA-N,carbamate,*c1nnc(S(N)(=O)=O)s1,466.46
GLUE2402,CC(C)(CCCC(=O)Nc1cccc2c1C(=O)N(C1CCC(=O)NC1=O)C2)C(=O)O,XALXHWMTFVQBLV-UHFFFAOYSA-N,amide,*CCCC(C)(C)C(=O)O,415.45
GLUE2403,CC(C)(CCCS(=O)(=O)Nc1cccc2c1C(=O)N(C1CCC(=O)NC1=O)C2)C(=O)O,GXSUMEALLHKVFK-UHFFFAOYSA-N,sulfonamide,*CCCC(C)(C)C(=O)O,451.5
GLUE2404,CC(C)(CCCCC(=O)Nc1cccc2c1C(=O)N(C1CCC(=O)NC1=O)C2)C(=O)O,FLDAEDOMYYGBGH-UHFFFAOYSA-N,acetamide,*CCCC(C)(C)C(=O)O,429.47
GLUE2405,CC(C)(CCCNC(=O)Nc1cccc2c1C(=O)N(C1CCC(=O)NC1=O)C2)C(=O)O,SNXUOYIZSZCHPQ-UHFFFAOYSA-N,urea,*CCCC(C)(C)C(=O)O,430.46
GLUE2406,CC(C)(CCCOC(=O)Nc1cccc2c1C(=O)N(C1CCC(=O)NC1=O)C2)C(=O)O,AGKWEDGWLBCMDG-UHFFFAOYSA-N,carbamate,*CCCC(C)(C)C(=O)O,431.45
GLUE2407,Cc1ccc(C)c(C(=O)Nc2cccc3c2C(=O)N(C2CCC(=O)NC2=O)C3)c1,VJCOJPYGCCUIRB-UHFFFAOYSA-N,amide,*c1cc(C)ccc1C,391.43
GLUE2408,Cc1ccc(C)c(S(=O)(=O)Nc2cccc3c2C(=O)N(C2CCC(=O)NC2=O)C3)c1,LSFNNAHUIGFARZ-UHFFFAOYSA-N,sulfonamide,*c1cc(C)ccc1C,427.48
GLUE2409,Cc1ccc(C)c(CC(=O)Nc2cccc3c2C(=O)N(C2CCC(=O)NC2=O)C3)c1,HXBHZAGPFHBMDU-UHFFFAOYSA-N,acetamide,*c1cc(C)ccc1C,405.45
GLUE2410,Cc1ccc(C)c(NC(=O)Nc2cccc3c2C(=O)N(C2CCC(=O)NC2=O)C3)c1,WUSUYOGKLPFYFG-UHFFFAOYSA-N,urea,*c1cc(C)ccc1C,406.44
GLUE2411,Cc1ccc(C)c(OC(=O)Nc2cccc3c2C(=O)N(C2CCC(=O)NC2=O)C3)c1,DKZZQRGYFJAOTR-UHFFFAOYSA-N,carbamate,*c1cc(C)ccc1C,407.43
GLUE2412,CC(CCC(=O)O)C(=O)Nc1cccc2c1C(=O)N(C1CCC(=O)NC1=O)C2,NJOLMVYCMBFSGV-UHFFFAOYSA-N,amide,*C(C)CCC(=O)O,387.39
GLUE2413,CC(CCC(=O)O)S(=O)(=O)Nc1cccc2c1C(=O)N(C1CCC(=O)NC1=O)C2,AXXVIATZQJNUOM-UHFFFAOYSA-N,sulfonamide,*C(C)CCC(=O)O,423.45
GLUE2414,CC(CCC(=O)O)CC(=O)Nc1cccc2c1C(=O)N(C1CCC(=O)NC1=O)C2,KCEBUXPNGLBSSC-UHFFFAOYSA-N,acetamide,*C(C)CCC(=O)O,401.42
GLUE2415,CC(CCC(=O)O)NC(=O)Nc1cccc2c1C(=O)N(C1CCC(=O)NC1=O)C2,PGDGVVUKGFDCHN-UHFFFAOYSA-N,urea,*C(C)CCC(=O)O,402.41
GLUE2416,CC(CCC(=O)O)OC(=O)Nc1cccc2c1C(=O)N(C1CCC(=O)NC1=O)C2,QKKMCDSAJTWPRR-UHFFFAOYSA-N,carbamate,*C(C)CCC(=O)O,403.39
GLUE2417,Nc1nc(=O)n(C(=O)Nc2cccc3c2C(=O)N(C2CCC(=O)NC2=O)C3)cc1F,DHFFXSCNFVAGDC-UHFFFAOYSA-N,amide,*n1cc(F)c(N)nc1=O,414.35
GLUE2418,Nc1nc(=O)n(S(=O)(=O)Nc2cccc3c2C(=O)N(C2CCC(=O)NC2=O)C3)cc1F,ZOMMXJBCLVFLNR-UHFFFAOYSA-N,sulfonamide,*n1cc(F)c(N)nc1=O,450.41
GLUE2419,Nc1nc(=O)n(CC(=O)Nc2cccc3c2C(=O)N(C2CCC(=O)NC2=O)C3)cc1F,WNAOHGIEZDFJFQ-UHFFFAOYSA-N,acetamide,*n1cc(F)c(N)nc1=O,428.38
GLUE2420,Nc1nc(=O)n(NC(=O)Nc2cccc3c2C(=O)N(C2CCC(=O)NC2=O)C3)cc1F,DGMJBIKGBYFTNH-UHFFFAOYSA-N,urea,*n1cc(F)c(N)nc1=O,429.37
GLUE2421,Nc1nc(=O)n(OC(=O)Nc2cccc3c2C(=O)N(C2CCC(=O)NC2=O)C3)cc1F,OXVJBRCUVKBXHU-UHFFFAOYSA-N,carbamate,*n1cc(F)c(N)nc1=O,430.35
GLUE2422,C[C@H]1O[C@@H](C(=O)Nc2cccc3c2C(=O)N(C2CCC(=O)NC2=O)C3)[C@H](O)[C@@H]1O,ROOYPKMOXWCSSY-UVCRJGEESA-N,amide,*[C@@H]1O[C@H](C)[C@@H](O)[C@H]1O,403.39
GLUE2423,C[C@H]1O[C@@H](S(=O)(=O)Nc2cccc3c2C(=O)N(C2CCC(=O)NC2=O)C3)[C@H](O)[C@@H]1O,PHLQUQGVTOGBSJ-OJUCYXCMSA-N,sulfonamide,*[C@@H]1O[C@H](C)[C@@H](O)[C@H]1O,439.45
GLUE2424,C[C@H]1O[C@@H](CC(=O)Nc2cccc3c2C(=O)N(C2CCC(=O)NC2=O)C3)[C@H](O)[C@@H]1O,LBUWXEKVGGWGPI-ZKKCLPNYSA-N,acetamide,*[C@@H]1O[C@H](C)[C@@H](O)[C@H]1O,417.42
GLUE2425,C[C@H]1O[C@@H](NC(=O)Nc2cccc3c2C(=O)N(C2CCC(=O)NC2=O)C3)[C@H](O)[C@@H]1O,SHOWIUHRZMUHHS-VIMFGWMFSA-N,urea,*[C@@H]1O[C@H](C)[C@@H](O)[C@H]1O,418.41
GLUE2426,C[C@H]1O[C@@H](OC(=O)Nc2cccc3c2C(=O)N(C2CCC(=O)NC2=O)C3)[C@H](O)[C@@H]1O,NFIIFERJWDIFMJ-OJUCYXCMSA-N,carbamate,*[C@@H]1O[C@H](C)[C@@H](O)[C@H]1O,419.39
GLUE2427,O=C1CCC(N2Cc3cccc(NC(=O)c4c(F)cccc4Cl)c3C2=O)C(=O)N1,BDSCQEOCFQXKBS-UHFFFAOYSA-N,amide,*c1c(F)cccc1Cl,415.81
GLUE2428,O=C1CCC(N2Cc3cccc(NS(=O)(=O)c4c(F)cccc4Cl)c3C2=O)C(=O)N1,NAVSRKUASHCGQI-UHFFFAOYSA-N,sulfonamide,*c1c(F)cccc1Cl,451.86
GLUE2429,O=C1CCC(N2Cc3cccc(NC(=O)Cc4c(F)cccc4Cl)c3C2=O)C(=O)N1,MMRIOIXPJIYDOZ-UHFFFAOYSA-N,acetamide,*c1c(F)cccc1Cl,429.84
GLUE2430,O=C1CCC(N2Cc3cccc(NC(=O)Nc4c(F)cccc4Cl)c3C2=O)C(=O)N1,ZVOSYMCSDGGOTB-UHFFFAOYSA-N,urea,*c1c(F)cccc1Cl,430.82
GLUE2431,O=C1CCC(N2Cc3cccc(NC(=O)Oc4c(F)cccc4Cl)c3C2=O)C(=O)N1,FBKKAWLHTMYRMB-UHFFFAOYSA-N,carbamate,*c1c(F)cccc1Cl,431.81
GLUE2432,CN(CS(=O)(=O)O)C(=O)Nc1cccc2c1C(=O)N(C1CCC(=O)NC1=O)C2,GFFLCCNHXDFYOH-UHFFFAOYSA-N,amide,*N(C)CS(=O)(=O)O,410.41
GLUE2433,CN(CS(=O)(=O)O)S(=O)(=O)Nc1cccc2c1C(=O)N(C1CCC(=O)NC1=O)C2,RNULIFQHRVQCNG-UHFFFAOYSA-N,sulfonamide,*N(C)CS(=O)(=O)O,446.46
GLUE2434,CN(CC(=O)Nc1cccc2c1C(=O)N(C1CCC(=O)NC1=O)C2)CS(=O)(=O)O,VTOJCJWVJUGGCJ-UHFFFAOYSA-N,acetamide,*N(C)CS(=O)(=O)O,424.44
GLUE2435,CN(CS(=O)(=O)O)NC(=O)Nc1cccc2c1C(=O)N(C1CCC(=O)NC1=O)C2,XCQLMPJGVXIKNF-UHFFFAOYSA-N,urea,*N(C)CS(=O)(=O)O,425.42
GLUE2436,CN(CS(=O)(=O)O)OC(=O)Nc1cccc2c1C(=O)N(C1CCC(=O)NC1=O)C2,QPMGGEKBFSFZNF-UHFFFAOYSA-N,carbamate,*N(C)CS(=O)(=O)O,426.41
GLUE2437,CS(=O)(=O)OS(=O)(=O)Nc1cccc2c1C(=O)N(C1CCC(=O)NC1=O)C2,UYQQFMJHQBAVAW-UHFFFAOYSA-N,sulfonamide,*OS(C)(=O)=O,417.42
GLUE2438,CS(=O)(=O)OCC(=O)Nc1cccc2c1C(=O)N(C1CCC(=O)NC1=O)C2,ABFYWNLXNURLGF-UHFFFAOYSA-N,acetamide,*OS(C)(=O)=O,395.39
GLUE2439,CS(=O)(=O)ONC(=O)Nc1cccc2c1C(=O)N(C1CCC(=O)NC1=O)C2,QZRGFPQIOVBZAN-UHFFFAOYSA-N,urea,*OS(C)(=O)=O,396.38
GLUE2440,CS(=O)(=O)OOC(=O)Nc1cccc2c1C(=O)N(C1CCC(=O)NC1=O)C2,HSESPHSEYDOAPP-UHFFFAOYSA-N,carbamate,*OS(C)(=O)=O,397.37
GLUE2441,C[C@H](CS)C(=O)C(=O)Nc1cccc2c1C(=O)N(C1CCC(=O)NC1=O)C2,WWSRVPYWVZHPDV-PKEIRNPWSA-N,amide,*C(=O)[C@H](C)CS,389.43
GLUE2442,C[C@H](CS)C(=O)S(=O)(=O)Nc1cccc2c1C(=O)N(C1CCC(=O)NC1=O)C2,UALHPFXICZGYGG-PKEIRNPWSA-N,sulfonamide,*C(=O)[C@H](C)CS,425.49
GLUE2443,C[C@H](CS)C(=O)CC(=O)Nc1cccc2c1C(=O)N(C1CCC(=O)NC1=O)C2,IBYWVNYNRCIBSY-VUUHIHSGSA-N,acetamide,*C(=O)[C@H](C)CS,403.46
GLUE2444,C[C@H](CS)C(=O)NC(=O)Nc1cccc2c1C(=O)N(C1CCC(=O)NC1=O)C2,DCTUVQUATDRTIU-PKEIRNPWSA-N,urea,*C(=O)[C@H](C)CS,404.45
GLUE2445,C[C@H](CS)C(=O)OC(=O)Nc1cccc2c1C(=O)N(C1CCC(=O)NC1=O)C2,MDFRPECZLPMNOZ-PKEIRNPWSA-N,carbamate,*C(=O)[C@H](C)CS,405.43
GLUE2446,O=C1CCC(N2Cc3cccc(NC(=O)[C@@H](O)CO)c3C2=O)C(=O)N1,MBVULFTUIFYHPE-DTIOYNMSSA-N,amide,*[C@@H](O)CO,347.33
GLUE2447,O=C1CCC(N2Cc3cccc(NS(=O)(=O)[C@@H](O)CO)c3C2=O)C(=O)N1,CAKBBEVABHDLIT-TVKKRMFBSA-N,sulfonamide,*[C@@H](O)CO,383.38
GLUE2448,O=C1CCC(N2Cc3cccc(NC(=O)C[C@@H](O)CO)c3C2=O)C(=O)N1,HMBOYVQFZMTOHM-RWANSRKNSA-N,acetamide,*[C@@H](O)CO,361.35
GLUE2449,O=C1CCC(N2Cc3cccc(NC(=O)N[C@@H](O)CO)c3C2=O)C(=O)N1,XWXSOMKYRXUCNU-KFJBMODSSA-N,urea,*[C@@H](O)CO,362.34
GLUE2450,O=C1CCC(N2Cc3cccc(NC(=O)O[C@@H](O)CO)c3C2=O)C(=O)N1,UOYSZGGMFNELKC-TVKKRMFBSA-N,carbamate,*[C@@H](O)CO,363.33
GLUE2451,CC1CCC(C(=O)Nc2cccc3c2C(=O)N(C2CCC(=O)NC2=O)C3)C(O)C1,YAGMWTGPJCWQRQ-UHFFFAOYSA-N,amide,*C1CCC(C)CC1O,399.45
GLUE2452,CC1CCC(S(=O)(=O)Nc2cccc3c2C(=O)N(C2CCC(=O)NC2=O)C3)C(O)C1,YCPAUQZATOKHAV-UHFFFAOYSA-N,sulfonamide,*C1CCC(C)CC1O,435.5
GLUE2453,CC1CCC(CC(=O)Nc2cccc3c2C(=O)N(C2CCC(=O)NC2=O)C3)C(O)C1,ZIGJFPRYVVGYTI-UHFFFAOYSA-N,acetamide,*C1CCC(C)CC1O,413.47
GLUE2454,CC1CCC(NC(=O)Nc2cccc3c2C(=O)N(C2CCC(=O)NC2=O)C3)C(O)C1,YYHMUNDCSFQSJU-UHFFFAOYSA-N,urea,*C1CCC(C)CC1O,414.46
GLUE2455,CC1CCC(OC(=O)Nc2cccc3c2C(=O)N(C2CCC(=O)NC2=O)C3)C(O)C1,MQLAWYWFNDOJLL-UHFFFAOYSA-N,carbamate,*C1CCC(C)CC1O,415.45
GLUE2456,N[C@]1(C(=O)Nc2cccc3c2C(=O)N(C2CCC(=O)NC2=O)C3)C[C@@H]([18F])C1,HSJQSKFZMHPIFN-PVILSKPYSA-N,amide,*[C@]1(N)C[C@H]([18F])C1,373.37
GLUE2457,N[C@]1(S(=O)(=O)Nc2cccc3c2C(=O)N(C2CCC(=O)NC2=O)C3)C[C@@H]([18F])C1,OTTJNVOTGFZYGF-JLMCMMPTSA-N,sulfonamide,*[C@]1(N)C[C@H]([18F])C1,409.43
GLUE2458,N[C@]1(CC(=O)Nc2cccc3c2C(=O)N(C2CCC(=O)NC2=O)C3)C[C@@H]([18F])C1,MJLTTWLJABDHIQ-FHMLIWBVSA-N,acetamide,*[C@]1(N)C[C@H]([18F])C1,387.4
GLUE2459,N[C@]1(NC(=O)Nc2cccc3c2C(=O)N(C2CCC(=O)NC2=O)C3)C[C@@H]([18F])C1,KUNOIXLSIYBAHB-ULNGXIGUSA-N,urea,*[C@]1(N)C[C@H]([18F])C1,388.39
GLUE2460,N[C@]1(OC(=O)Nc2cccc3c2C(=O)N(C2CCC(=O)NC2=O)C3)C[C@@H]([18F])C1,RMVCAXOXADPDDK-ULNGXIGUSA-N,carbamate,*[C@]1(N)C[C@H]([18F])C1,389.37
GLUE2461,NC(N)=Nc1nc(C(=O)Nc2cccc3c2C(=O)N(C2CCC(=O)NC2=O)C3)cs1,CAFWOKHPJARSAR-UHFFFAOYSA-N,amide,*c1csc(N=C(N)N)n1,427.45
GLUE2462,NC(N)=Nc1nc(S(=O)(=O)Nc2cccc3c2C(=O)N(C2CCC(=O)NC2=O)C3)cs1,RCZZTTJUSKQWHT-UHFFFAOYSA-N,sulfonamide,*c1csc(N=C(N)N)n1,463.5
GLUE2463,NC(N)=Nc1nc(CC(=O)Nc2cccc3c2C(=O)N(C2CCC(=O)NC2=O)C3)cs1,LLVLYJRURXFJMI-UHFFFAOYSA-N,acetamide,*c1csc(N=C(N)N)n1,441.47
GLUE2464,NC(N)=Nc1nc(NC(=O)Nc2cccc3c2C(=O)N(C2CCC(=O)NC2=O)C3)cs1,AVDISZCTDGLBIE-UHFFFAOYSA-N,urea,*c1csc(N=C(N)N)n1,442.46
GLUE2465,NC(N)=Nc1nc(OC(=O)Nc2cccc3c2C(=O)N(C2CCC(=O)NC2=O)C3)cs1,LLBUTQAAHAEYPI-UHFFFAOYSA-N,carbamate,*c1csc(N=C(N)N)n1,443.45
GLUE2466,O=C1CCC(N2Cc3cccc(NC(=O)c4cc(=O)[nH]c(=S)[nH]4)c3C2=O)C(=O)N1,HXFKEIUAFZRLSE-UHFFFAOYSA-N,amide,*c1cc(=O)[nH]c(=S)[nH]1,413.42
GLUE2467,O=C1CCC(N2Cc3cccc(NS(=O)(=O)c4cc(=O)[nH]c(=S)[nH]4)c3C2=O)C(=O)N1,KOUDBINRAVLKQG-UHFFFAOYSA-N,sulfonamide,*c1cc(=O)[nH]c(=S)[nH]1,449.47
GLUE2468,O=C1CCC(N2Cc3cccc(NC(=O)Cc4cc(=O)[nH]c(=S)[nH]4)c3C2=O)C(=O)N1,CVNIOIFQJJAGKE-UHFFFAOYSA-N,acetamide,*c1cc(=O)[nH]c(=S)[nH]1,427.44
GLUE2469,O=C1CCC(N2Cc3cccc(NC(=O)Nc4cc(=O)[nH]c(=S)[nH]4)c3C2=O)C(=O)N1,XGLYEBICFXINQY-UHFFFAOYSA-N,urea,*c1cc(=O)[nH]c(=S)[nH]1,428.43
GLUE2470,O=C1CCC(N2Cc3cccc(NC(=O)Oc4cc(=O)[nH]c(=S)[nH]4)c3C2=O)C(=O)N1,HYQJWVRWAUBXNP-UHFFFAOYSA-N,carbamate,*c1cc(=O)[nH]c(=S)[nH]1,429.41
GLUE2471,O=C1CCC(N2Cc3cccc(NC(=O)c4cnc(O)nc4O)c3C2=O)C(=O)N1,WINLYLBZLZSMBS-UHFFFAOYSA-N,amide,*c1cnc(O)nc1O,397.35
GLUE2472,O=C1CCC(N2Cc3cccc(NS(=O)(=O)c4cnc(O)nc4O)c3C2=O)C(=O)N1,ZXKUUZWJZFHMSQ-UHFFFAOYSA-N,sulfonamide,*c1cnc(O)nc1O,433.4
GLUE2473,O=C1CCC(N2Cc3cccc(NC(=O)Cc4cnc(O)nc4O)c3C2=O)C(=O)N1,UPZWLPNKBLJKDT-UHFFFAOYSA-N,acetamide,*c1cnc(O)nc1O,411.37
GLUE2474,O=C1CCC(N2Cc3cccc(NC(=O)Nc4cnc(O)nc4O)c3C2=O)C(=O)N1,CKTRHCDSKRJDOH-UHFFFAOYSA-N,urea,*c1cnc(O)nc1O,412.36
GLUE2475,O=C1CCC(N2Cc3cccc(NC(=O)Oc4cnc(O)nc4O)c3C2=O)C(=O)N1,XBWDHODKMGLHEL-UHFFFAOYSA-N,carbamate,*c1cnc(O)nc1O,413.35
GLUE2476,Cc1nc(C(=O)Nc2cccc3c2C(=O)N(C2CCC(=O)NC2=O)C3)nc2ccccc12,XEQIUWBGJYUSAK-UHFFFAOYSA-N,amide,*c1nc(C)c2ccccc2n1,429.44
GLUE2477,Cc1nc(S(=O)(=O)Nc2cccc3c2C(=O)N(C2CCC(=O)NC2=O)C3)nc2ccccc12,OSYKYHDXNHBIES-UHFFFAOYSA-N,sulfonamide,*c1nc(C)c2ccccc2n1,465.49
GLUE2478,Cc1nc(CC(=O)Nc2cccc3c2C(=O)N(C2CCC(=O)NC2=O)C3)nc2ccccc12,OQYXBUQSIMLUKT-UHFFFAOYSA-N,acetamide,*c1nc(C)c2ccccc2n1,443.46
GLUE2479,Cc1nc(NC(=O)Nc2cccc3c2C(=O)N(C2CCC(=O)NC2=O)C3)nc2ccccc12,FBNHAAUGDZBMSL-UHFFFAOYSA-N,urea,*c1nc(C)c2ccccc2n1,444.45
GLUE2480,Cc1nc(OC(=O)Nc2cccc3c2C(=O)N(C2CCC(=O)NC2=O)C3)nc2ccccc12,JJLKRCBXMDGNIK-UHFFFAOYSA-N,carbamate,*c1nc(C)c2ccccc2n1,445.44
GLUE2481,CC#CCC(=O)Nc1cccc2c1C(=O)N(C1CCC(=O)NC1=O)C2,HSLYARDBCCFJPY-UHFFFAOYSA-N,amide,*CC#CC,339.35
GLUE2482,CC#CCS(=O)(=O)Nc1cccc2c1C(=O)N(C1CCC(=O)NC1=O)C2,RAYSUFWRLUWNFC-UHFFFAOYSA-N,sulfonamide,*CC#CC,375.41
GLUE2483,CC#CCCC(=O)Nc1cccc2c1C(=O)N(C1CCC(=O)NC1=O)C2,FLKOCMZERRRSFJ-UHFFFAOYSA-N,acetamide,*CC#CC,353.38
GLUE2484,CC#CCNC(=O)Nc1cccc2c1C(=O)N(C1CCC(=O)NC1=O)C2,GJHUJFHVPHADNU-UHFFFAOYSA-N,urea,*CC#CC,354.37
GLUE2485,CC#CCOC(=O)Nc1cccc2c1C(=O)N(C1CCC(=O)NC1=O)C2,USXPACNFCRHWDR-UHFFFAOYSA-N,carbamate,*CC#CC,355.35
GLUE2486,O=C1CCC(N2Cc3cccc(NC(=O)N4CCCCC4=O)c3C2=O)C(=O)N1,JHEGESHRHVNUEI-UHFFFAOYSA-N,amide,*N1CCCCC1=O,384.39
GLUE2487,O=C1CCC(N2Cc3cccc(NS(=O)(=O)N4CCCCC4=O)c3C2=O)C(=O)N1,YUWOGGIPFZNJPY-UHFFFAOYSA-N,sulfonamide,*N1CCCCC1=O,420.45
GLUE2488,O=C1CCC(N2Cc3cccc(NC(=O)CN4CCCCC4=O)c3C2=O)C(=O)N1,SPJAPGFWBCFGBQ-UHFFFAOYSA-N,acetamide,*N1CCCCC1=O,398.42
GLUE2489,O=C1CCC(N2Cc3cccc(NC(=O)NN4CCCCC4=O)c3C2=O)C(=O)N1,BFWXKIKUDJDXPY-UHFFFAOYSA-N,urea,*N1CCCCC1=O,399.41
GLUE2490,O=C1CCC(N2Cc3cccc(NC(=O)ON4CCCCC4=O)c3C2=O)C(=O)N1,LTDZODGOTIUJRX-UHFFFAOYSA-N,carbamate,*N1CCCCC1=O,400.39
GLUE2491,O=C1CCC(N2Cc3cccc(NC(=O)n4cnc5c(=O)[nH]cnc54)c3C2=O)C(=O)N1,KOORNELMPIECTQ-UHFFFAOYSA-N,amide,*n1cnc2c(=O)[nH]cnc21,421.37
GLUE2492,O=C1CCC(N2Cc3cccc(NS(=O)(=O)n4cnc5c(=O)[nH]cnc54)c3C2=O)C(=O)N1,RMMNLOFFITXCIA-UHFFFAOYSA-N,sulfonamide,*n1cnc2c(=O)[nH]cnc21,457.43
GLUE2493,O=C1CCC(N2Cc3cccc(NC(=O)Cn4cnc5c(=O)[nH]cnc54)c3C2=O)C(=O)N1,SFTYYZZKTKSNDC-UHFFFAOYSA-N,acetamide,*n1cnc2c(=O)[nH]cnc21,435.4
GLUE2494,O=C1CCC(N2Cc3cccc(NC(=O)Nn4cnc5c(=O)[nH]cnc54)c3C2=O)C(=O)N1,OAPGMGRDJMXSRY-UHFFFAOYSA-N,urea,*n1cnc2c(=O)[nH]cnc21,436.39
GLUE2495,O=C1CCC(N2Cc3cccc(NC(=O)On4cnc5c(=O)[nH]cnc54)c3C2=O)C(=O)N1,CVXPPNRXEWKRSL-UHFFFAOYSA-N,carbamate,*n1cnc2c(=O)[nH]cnc21,437.37
GLUE2496,O=C1CCC(N2Cc3cccc(NC(=O)CCl)c3C2=O)C(=O)N1,IWMCCUUFSZVLPK-UHFFFAOYSA-N,amide,*CCl,335.75
GLUE2497,O=C1CCC(N2Cc3cccc(NS(=O)(=O)CCl)c3C2=O)C(=O)N1,QUGFTBGREOGVDW-UHFFFAOYSA-N,sulfonamide,*CCl,371.8
GLUE2498,O=C1CCC(N2Cc3cccc(NC(=O)NCCl)c3C2=O)C(=O)N1,STRKOYQYMZEUBY-UHFFFAOYSA-N,urea,*CCl,350.76
GLUE2499,O=C1CCC(N2Cc3cccc(NC(=O)n4cnc5c4N=CNC[C@H]5O)c3C2=O)C(=O)N1,WTDUOHWLNMKPPS-ZGTCLIOFSA-N,amide,*n1cnc2c1N=CNC[C@H]2O,437.42
GLUE2500,O=C1CCC(N2Cc3cccc(NS(=O)(=O)n4cnc5c4N=CNC[C@H]5O)c3C2=O)C(=O)N1,UZABFZIXZNTKBV-ZGTCLIOFSA-N,sulfonamide,*n1cnc2c1N=CNC[C@H]2O,473.47
GLUE2501,O=C1CCC(N2Cc3cccc(NC(=O)Cn4cnc5c4N=CNC[C@H]5O)c3C2=O)C(=O)N1,PWGIEDXMWUVDRJ-ARLHGKGLSA-N,acetamide,*n1cnc2c1N=CNC[C@H]2O,451.44
GLUE2502,O=C1CCC(N2Cc3cccc(NC(=O)Nn4cnc5c4N=CNC[C@H]5O)c3C2=O)C(=O)N1,OWIJTMFFDSQAHU-ZGTCLIOFSA-N,urea,*n1cnc2c1N=CNC[C@H]2O,452.43
GLUE2503,O=C1CCC(N2Cc3cccc(NC(=O)On4cnc5c4N=CNC[C@H]5O)c3C2=O)C(=O)N1,WYPBIDKLXKVJMT-ZGTCLIOFSA-N,carbamate,*n1cnc2c1N=CNC[C@H]2O,453.42
GLUE2504,N[C@@H](C(=O)C(=O)Nc1cccc2c1C(=O)N(C1CCC(=O)NC1=O)C2)C1=CCC=CC1,BPIOWMOUDKRXTM-KPMSDPLLSA-N,amide,*C(=O)[C@H](N)C1=CCC=CC1,422.44
GLUE2505,N[C@@H](C(=O)S(=O)(=O)Nc1cccc2c1C(=O)N(C1CCC(=O)NC1=O)C2)C1=CCC=CC1,AVNNXYGYIFASFB-KPMSDPLLSA-N,sulfonamide,*C(=O)[C@H](N)C1=CCC=CC1,458.5
GLUE2506,N[C@@H](C(=O)CC(=O)Nc1cccc2c1C(=O)N(C1CCC(=O)NC1=O)C2)C1=CCC=CC1,FBLAEMDPLNEITG-CAWMZFRYSA-N,acetamide,*C(=O)[C@H](N)C1=CCC=CC1,436.47
GLUE2507,N[C@@H](C(=O)NC(=O)Nc1cccc2c1C(=O)N(C1CCC(=O)NC1=O)C2)C1=CCC=CC1,MKVUZHNMYSIFTF-KPMSDPLLSA-N,urea,*C(=O)[C@H](N)C1=CCC=CC1,437.46
GLUE2508,N[C@@H](C(=O)OC(=O)Nc1cccc2c1C(=O)N(C1CCC(=O)NC1=O)C2)C1=CCC=CC1,WFMKUEMMASNYAC-KPMSDPLLSA-N,carbamate,*C(=O)[C@H](N)C1=CCC=CC1,438.44
GLUE2509,CN(C)C(=N)c1ccc(C(=O)Nc2cccc3c2C(=O)N(C2CCC(=O)NC2=O)C3)cc1,BEBSUSHOBRYEPS-UHFFFAOYSA-N,amide,*c1ccc(C(=N)N(C)C)cc1,433.47
GLUE2510,CN(C)C(=N)c1ccc(S(=O)(=O)Nc2cccc3c2C(=O)N(C2CCC(=O)NC2=O)C3)cc1,YEOJPMKEILETGZ-UHFFFAOYSA-N,sulfonamide,*c1ccc(C(=N)N(C)C)cc1,469.52
GLUE2511,CN(C)C(=N)c1ccc(CC(=O)Nc2cccc3c2C(=O)N(C2CCC(=O)NC2=O)C3)cc1,FXTZPLWGYHJBNL-UHFFFAOYSA-N,acetamide,*c1ccc(C(=N)N(C)C)cc1,447.5
GLUE2512,CN(C)C(=N)c1ccc(NC(=O)Nc2cccc3c2C(=O)N(C2CCC(=O)NC2=O)C3)cc1,JNYLJQWEIZSDQI-UHFFFAOYSA-N,urea,*c1ccc(C(=N)N(C)C)cc1,448.48
GLUE2513,CN(C)C(=N)c1ccc(OC(=O)Nc2cccc3c2C(=O)N(C2CCC(=O)NC2=O)C3)cc1,MRSIXPDNWIESOV-UHFFFAOYSA-N,carbamate,*c1ccc(C(=N)N(C)C)cc1,449.47
GLUE2514,O=C1CCC(N2Cc3cccc(NC(=O)N4CCC(F)(F)C4)c3C2=O)C(=O)N1,ATFVMFUXEYMAFJ-UHFFFAOYSA-N,amide,*N1CCC(F)(F)C1,392.36
GLUE2515,O=C1CCC(N2Cc3cccc(NS(=O)(=O)N4CCC(F)(F)C4)c3C2=O)C(=O)N1,CFAAHBMQLBTPII-UHFFFAOYSA-N,sulfonamide,*N1CCC(F)(F)C1,428.42
GLUE2516,O=C1CCC(N2Cc3cccc(NC(=O)CN4CCC(F)(F)C4)c3C2=O)C(=O)N1,CTNQRLHMQHPJKX-UHFFFAOYSA-N,acetamide,*N1CCC(F)(F)C1,406.39
GLUE2517,O=C1CCC(N2Cc3cccc(NC(=O)NN4CCC(F)(F)C4)c3C2=O)C(=O)N1,ONOHRGUDGHRNBC-UHFFFAOYSA-N,urea,*N1CCC(F)(F)C1,407.38
GLUE2518,O=C1CCC(N2Cc3cccc(NC(=O)ON4CCC(F)(F)C4)c3C2=O)C(=O)N1,UWZFNKNSCVFJNP-UHFFFAOYSA-N,carbamate,*N1CCC(F)(F)C1,408.36
GLUE2519,CS(=O)(=O)c1ccc(C(=O)Nc2cccc3c2C(=O)N(C2CCC(=O)NC2=O)C3)c(Cl)c1,QODWRPILHKKLNG-UHFFFAOYSA-N,amide,*c1ccc(S(C)(=O)=O)cc1Cl,475.91
GLUE2520,CS(=O)(=O)c1ccc(S(=O)(=O)Nc2cccc3c2C(=O)N(C2CCC(=O)NC2=O)C3)c(Cl)c1,TYSYLPFTCIKUSB-UHFFFAOYSA-N,sulfonamide,*c1ccc(S(C)(=O)=O)cc1Cl,511.97
GLUE2521,CS(=O)(=O)c1ccc(CC(=O)Nc2cccc3c2C(=O)N(C2CCC(=O)NC2=O)C3)c(Cl)c1,FLQSAAZOXYTQBO-UHFFFAOYSA-N,acetamide,*c1ccc(S(C)(=O)=O)cc1Cl,489.94
GLUE2522,CS(=O)(=O)c1ccc(NC(=O)Nc2cccc3c2C(=O)N(C2CCC(=O)NC2=O)C3)c(Cl)c1,NSKDJADFPFVHHB-UHFFFAOYSA-N,urea,*c1ccc(S(C)(=O)=O)cc1Cl,490.93
GLUE2523,CS(=O)(=O)c1ccc(OC(=O)Nc2cccc3c2C(=O)N(C2CCC(=O)NC2=O)C3)c(Cl)c1,KVFPUUVQDGEIAA-UHFFFAOYSA-N,carbamate,*c1ccc(S(C)(=O)=O)cc1Cl,491.91
GLUE2524,O=C1CCC(N2Cc3cccc(NC(=O)c4cccc5c4CC(O)C(O)C5)c3C2=O)C(=O)N1,WTFKPFBMQUBQCT-UHFFFAOYSA-N,amide,*c1cccc2c1CC(O)C(O)C2,449.46
GLUE2525,O=C1CCC(N2Cc3cccc(NS(=O)(=O)c4cccc5c4CC(O)C(O)C5)c3C2=O)C(=O)N1,LMPQWSQPBQPYNN-UHFFFAOYSA-N,sulfonamide,*c1cccc2c1CC(O)C(O)C2,485.52
GLUE2526,O=C1CCC(N2Cc3cccc(NC(=O)Cc4cccc5c4CC(O)C(O)C5)c3C2=O)C(=O)N1,LRFWPYOITHTHLM-UHFFFAOYSA-N,acetamide,*c1cccc2c1CC(O)C(O)C2,463.49
GLUE2527,O=C1CCC(N2Cc3cccc(NC(=O)Nc4cccc5c4CC(O)C(O)C5)c3C2=O)C(=O)N1,FMFWFFAJEKPDBH-UHFFFAOYSA-N,urea,*c1cccc2c1CC(O)C(O)C2,464.48
GLUE2528,O=C1CCC(N2Cc3cccc(NC(=O)Oc4cccc5c4CC(O)C(O)C5)c3C2=O)C(=O)N1,GPICCYWUIATUSM-UHFFFAOYSA-N,carbamate,*c1cccc2c1CC(O)C(O)C2,465.46
GLUE2529,O=C1CCC(N2Cc3cccc(NC(=O)c4n[nH]c(=O)c5ccccc45)c3C2=O)C(=O)N1,YIJCNOPEUKAAMH-UHFFFAOYSA-N,amide,*c1n[nH]c(=O)c2ccccc12,431.41
GLUE2530,O=C1CCC(N2Cc3cccc(NS(=O)(=O)c4n[nH]c(=O)c5ccccc45)c3C2=O)C(=O)N1,YCTMHHDHXZVEFA-UHFFFAOYSA-N,sulfonamide,*c1n[nH]c(=O)c2ccccc12,467.46
GLUE2531,O=C1CCC(N2Cc3cccc(NC(=O)Cc4n[nH]c(=O)c5ccccc45)c3C2=O)C(=O)N1,DFGFGVQFYNVEME-UHFFFAOYSA-N,acetamide,*c1n[nH]c(=O)c2ccccc12,445.44
GLUE2532,O=C1CCC(N2Cc3cccc(NC(=O)Nc4n[nH]c(=O)c5ccccc45)c3C2=O)C(=O)N1,QEBCLIHLBIHUII-UHFFFAOYSA-N,urea,*c1n[nH]c(=O)c2ccccc12,446.42
GLUE2533,O=C1CCC(N2Cc3cccc(NC(=O)Oc4n[nH]c(=O)c5ccccc45)c3C2=O)C(=O)N1,ZFIUPCFXUVMTIC-UHFFFAOYSA-N,carbamate,*c1n[nH]c(=O)c2ccccc12,447.41
GLUE2534,O=C1CCC(N2Cc3cccc(NC(=O)c4cccc5nonc45)c3C2=O)C(=O)N1,JFIZVJCONDQPKQ-UHFFFAOYSA-N,amide,*c1cccc2nonc12,405.37
GLUE2535,O=C1CCC(N2Cc3cccc(NS(=O)(=O)c4cccc5nonc45)c3C2=O)C(=O)N1,BFIJWONHYYMBDI-UHFFFAOYSA-N,sulfonamide,*c1cccc2nonc12,441.43
GLUE2536,O=C1CCC(N2Cc3cccc(NC(=O)Cc4cccc5nonc45)c3C2=O)C(=O)N1,FKKCNKGSOCHBLP-UHFFFAOYSA-N,acetamide,*c1cccc2nonc12,419.4
GLUE2537,O=C1CCC(N2Cc3cccc(NC(=O)Nc4cccc5nonc45)c3C2=O)C(=O)N1,KFYPSQGJDORLRH-UHFFFAOYSA-N,urea,*c1cccc2nonc12,420.39
GLUE2538,O=C1CCC(N2Cc3cccc(NC(=O)Oc4cccc5nonc45)c3C2=O)C(=O)N1,VNNTYZLQBDMVGG-UHFFFAOYSA-N,carbamate,*c1cccc2nonc12,421.37
GLUE2539,O=C1CCC(N2Cc3cccc(NC(=O)CC(O)(P(=O)([O-])O)P(=O)(O)O)c3C2=O)C(=O)N1,MVFXIYXXJGAYIB-UHFFFAOYSA-M,amide,*CC(O)(P(=O)([O-])O)P(=O)(O)O,490.28
GLUE2540,O=C1CCC(N2Cc3cccc(NS(=O)(=O)CC(O)(P(=O)([O-])O)P(=O)(O)O)c3C2=O)C(=O)N1,MXWCOBRVIBCXSO-UHFFFAOYSA-M,sulfonamide,*CC(O)(P(=O)([O-])O)P(=O)(O)O,526.33
GLUE2541,O=C1CCC(N2Cc3cccc(NC(=O)CCC(O)(P(=O)([O-])O)P(=O)(O)O)c3C2=O)C(=O)N1,PPBZOPOOADVZIG-UHFFFAOYSA-M,acetamide,*CC(O)(P(=O)([O-])O)P(=O)(O)O,504.31
GLUE2542,O=C1CCC(N2Cc3cccc(NC(=O)NCC(O)(P(=O)([O-])O)P(=O)(O)O)c3C2=O)C(=O)N1,MQSJAWDMGHNSLS-UHFFFAOYSA-M,urea,*CC(O)(P(=O)([O-])O)P(=O)(O)O,505.29
GLUE2543,O=C1CCC(N2Cc3cccc(NC(=O)OCC(O)(P(=O)([O-])O)P(=O)(O)O)c3C2=O)C(=O)N1,ZAQTVFSCAFHXDU-UHFFFAOYSA-M,carbamate,*CC(O)(P(=O)([O-])O)P(=O)(O)O,506.28
GLUE2544,NCCCCC(=O)Nc1cccc2c1C(=O)N(C1CCC(=O)NC1=O)C2,FJQAZHUDDPTZJZ-UHFFFAOYSA-N,amide,*CCCCN,358.4
GLUE2545,NCCCCS(=O)(=O)Nc1cccc2c1C(=O)N(C1CCC(=O)NC1=O)C2,AERCXXOGBNPODK-UHFFFAOYSA-N,sulfonamide,*CCCCN,394.45
GLUE2546,NCCCCCC(=O)Nc1cccc2c1C(=O)N(C1CCC(=O)NC1=O)C2,KXLYYNXMEPJEQJ-UHFFFAOYSA-N,acetamide,*CCCCN,372.43
GLUE2547,NCCCCNC(=O)Nc1cccc2c1C(=O)N(C1CCC(=O)NC1=O)C2,DDGXHRXMSVINQW-UHFFFAOYSA-N,urea,*CCCCN,373.41
GLUE2548,NCCCCOC(=O)Nc1cccc2c1C(=O)N(C1CCC(=O)NC1=O)C2,CULGZNXGDSVRHM-UHFFFAOYSA-N,carbamate,*CCCCN,374.4
GLUE2549,O=C1CCC(N2Cc3cccc(NC(=O)c4ccccc4I)c3C2=O)C(=O)N1,YMWISOSFIUULFO-UHFFFAOYSA-N,amide,*c1ccccc1I,489.27
GLUE2550,O=C1CCC(N2Cc3cccc(NS(=O)(=O)c4ccccc4I)c3C2=O)C(=O)N1,VOBXZVXGZIMNEI-UHFFFAOYSA-N,sulfonamide,*c1ccccc1I,525.32
GLUE2551,O=C1CCC(N2Cc3cccc(NC(=O)Cc4ccccc4I)c3C2=O)C(=O)N1,TWDQVBWWXLONSX-UHFFFAOYSA-N,acetamide,*c1ccccc1I,503.3
GLUE2552,O=C1CCC(N2Cc3cccc(NC(=O)Nc4ccccc4I)c3C2=O)C(=O)N1,UKJJXZAERYAANB-UHFFFAOYSA-N,urea,*c1ccccc1I,504.28
GLUE2553,O=C1CCC(N2Cc3cccc(NC(=O)Oc4ccccc4I)c3C2=O)C(=O)N1,HSOHCQZAXHQSCW-UHFFFAOYSA-N,carbamate,*c1ccccc1I,505.27
GLUE2554,Cc1cc(C(=O)Nc2cccc3c2C(=O)N(C2CCC(=O)NC2=O)C3)nc(C)n1,VXNQMLAQLIYXHE-UHFFFAOYSA-N,amide,*c1cc(C)nc(C)n1,393.4
GLUE2555,Cc1cc(S(=O)(=O)Nc2cccc3c2C(=O)N(C2CCC(=O)NC2=O)C3)nc(C)n1,GSKFMGQMSZRPRG-UHFFFAOYSA-N,sulfonamide,*c1cc(C)nc(C)n1,429.46
GLUE2556,Cc1cc(CC(=O)Nc2cccc3c2C(=O)N(C2CCC(=O)NC2=O)C3)nc(C)n1,HJKFPFXOZJDSSS-UHFFFAOYSA-N,acetamide,*c1cc(C)nc(C)n1,407.43
GLUE2557,Cc1cc(NC(=O)Nc2cccc3c2C(=O)N(C2CCC(=O)NC2=O)C3)nc(C)n1,PRTGNHKEWQMVTJ-UHFFFAOYSA-N,urea,*c1cc(C)nc(C)n1,408.42
GLUE2558,Cc1cc(OC(=O)Nc2cccc3c2C(=O)N(C2CCC(=O)NC2=O)C3)nc(C)n1,MGYIQSDONUZZCW-UHFFFAOYSA-N,carbamate,*c1cc(C)nc(C)n1,409.4
GLUE2559,O=C1CCC(N2Cc3cccc(NC(=O)C4CC4(Cl)Cl)c3C2=O)C(=O)N1,AFYOHKCZDXBNFX-UHFFFAOYSA-N,amide,*C1CC1(Cl)Cl,396.23
GLUE2560,O=C1CCC(N2Cc3cccc(NS(=O)(=O)C4CC4(Cl)Cl)c3C2=O)C(=O)N1,WATPRGMSQNCOEF-UHFFFAOYSA-N,sulfonamide,*C1CC1(Cl)Cl,432.29
GLUE2561,O=C1CCC(N2Cc3cccc(NC(=O)CC4CC4(Cl)Cl)c3C2=O)C(=O)N1,WFIUEOYIBOMTKU-UHFFFAOYSA-N,acetamide,*C1CC1(Cl)Cl,410.26
GLUE2562,O=C1CCC(N2Cc3cccc(NC(=O)NC4CC4(Cl)Cl)c3C2=O)C(=O)N1,HQMTXKAGEJVJKC-UHFFFAOYSA-N,urea,*C1CC1(Cl)Cl,411.25
GLUE2563,O=C1CCC(N2Cc3cccc(NC(=O)OC4CC4(Cl)Cl)c3C2=O)C(=O)N1,HNGYKDZTHNAQMW-UHFFFAOYSA-N,carbamate,*C1CC1(Cl)Cl,412.23
GLUE2564,O=C([O-])CCCS(=O)(=O)Nc1cccc2c1C(=O)N(C1CCC(=O)NC1=O)C2,KWPYKSDOCGFANJ-UHFFFAOYSA-M,sulfonamide,*CCCC(=O)[O-],408.41
GLUE2565,O=C([O-])CCCCC(=O)Nc1cccc2c1C(=O)N(C1CCC(=O)NC1=O)C2,SPIGODXJJGPWHG-UHFFFAOYSA-M,acetamide,*CCCC(=O)[O-],386.38
GLUE2566,O=C([O-])CCCNC(=O)Nc1cccc2c1C(=O)N(C1CCC(=O)NC1=O)C2,XJOPTHZGAHVWCN-UHFFFAOYSA-M,urea,*CCCC(=O)[O-],387.37
GLUE2567,O=C([O-])CCCOC(=O)Nc1cccc2c1C(=O)N(C1CCC(=O)NC1=O)C2,HJACXWVKBXYXHD-UHFFFAOYSA-M,carbamate,*CCCC(=O)[O-],388.36
GLUE2568,O=C1CCC(N2Cc3cccc(NC(=O)N4CCC5(CC4)CNC(=O)O5)c3C2=O)C(=O)N1,BKQSFPXRGPTVQD-UHFFFAOYSA-N,amide,*N1CCC2(CC1)CNC(=O)O2,441.44
GLUE2569,O=C1CCC(N2Cc3cccc(NS(=O)(=O)N4CCC5(CC4)CNC(=O)O5)c3C2=O)C(=O)N1,VROGIROVDPRGLW-UHFFFAOYSA-N,sulfonamide,*N1CCC2(CC1)CNC(=O)O2,477.5
GLUE2570,O=C1CCC(N2Cc3cccc(NC(=O)CN4CCC5(CC4)CNC(=O)O5)c3C2=O)C(=O)N1,UVNBAJHWSKQJNW-UHFFFAOYSA-N,acetamide,*N1CCC2(CC1)CNC(=O)O2,455.47
GLUE2571,O=C1CCC(N2Cc3cccc(NC(=O)NN4CCC5(CC4)CNC(=O)O5)c3C2=O)C(=O)N1,DEPCJTXWDWWMGO-UHFFFAOYSA-N,urea,*N1CCC2(CC1)CNC(=O)O2,456.46
GLUE2572,O=C1CCC(N2Cc3cccc(NC(=O)ON4CCC5(CC4)CNC(=O)O5)c3C2=O)C(=O)N1,VTFGTNVPRCBSQN-UHFFFAOYSA-N,carbamate,*N1CCC2(CC1)CNC(=O)O2,457.44
GLUE2573,Cn1c(=O)c2c(ncn2C(=O)Nc2cccc3c2C(=O)N(C2CCC(=O)NC2=O)C3)n(C)c1=O,RROAHUKDRURMHT-UHFFFAOYSA-N,amide,*n1cnc2c1c(=O)n(C)c(=O)n2C,465.43
GLUE2574,Cn1c(=O)c2c(ncn2S(=O)(=O)Nc2cccc3c2C(=O)N(C2CCC(=O)NC2=O)C3)n(C)c1=O,PIZZZVBCJLHKPB-UHFFFAOYSA-N,sulfonamide,*n1cnc2c1c(=O)n(C)c(=O)n2C,501.48
GLUE2575,Cn1c(=O)c2c(ncn2CC(=O)Nc2cccc3c2C(=O)N(C2CCC(=O)NC2=O)C3)n(C)c1=O,YPJWCYBIIQPDLS-UHFFFAOYSA-N,acetamide,*n1cnc2c1c(=O)n(C)c(=O)n2C,479.45
GLUE2576,Cn1c(=O)c2c(ncn2NC(=O)Nc2cccc3c2C(=O)N(C2CCC(=O)NC2=O)C3)n(C)c1=O,KIOQNSOWOZHIBF-UHFFFAOYSA-N,urea,*n1cnc2c1c(=O)n(C)c(=O)n2C,480.44
GLUE2577,Cn1c(=O)c2c(ncn2OC(=O)Nc2cccc3c2C(=O)N(C2CCC(=O)NC2=O)C3)n(C)c1=O,VJXXOTYQKQHAIR-UHFFFAOYSA-N,carbamate,*n1cnc2c1c(=O)n(C)c(=O)n2C,481.43
GLUE2578,O=C1CCC(N2Cc3cccc(NC(=O)n4c(=O)[nH]c5ccccc54)c3C2=O)C(=O)N1,CASDPSJUDOTTCF-UHFFFAOYSA-N,amide,*n1c(=O)[nH]c2ccccc21,419.4
GLUE2579,O=C1CCC(N2Cc3cccc(NS(=O)(=O)n4c(=O)[nH]c5ccccc54)c3C2=O)C(=O)N1,OQKRKABJGVTTHU-UHFFFAOYSA-N,sulfonamide,*n1c(=O)[nH]c2ccccc21,455.45
GLUE2580,O=C1CCC(N2Cc3cccc(NC(=O)Cn4c(=O)[nH]c5ccccc54)c3C2=O)C(=O)N1,YNPBCOUFRVAMQI-UHFFFAOYSA-N,acetamide,*n1c(=O)[nH]c2ccccc21,433.42
GLUE2581,O=C1CCC(N2Cc3cccc(NC(=O)Nn4c(=O)[nH]c5ccccc54)c3C2=O)C(=O)N1,LOSBXIKMHHLPGL-UHFFFAOYSA-N,urea,*n1c(=O)[nH]c2ccccc21,434.41
GLUE2582,O=C1CCC(N2Cc3cccc(NC(=O)On4c(=O)[nH]c5ccccc54)c3C2=O)C(=O)N1,BISUKUOAHPXKJZ-UHFFFAOYSA-N,carbamate,*n1c(=O)[nH]c2ccccc21,435.4
GLUE2583,O=C1CCC(N2Cc3cccc(NC(=O)c4cc(Cl)ccc4O)c3C2=O)C(=O)N1,ONBYOGSXTVOOQI-UHFFFAOYSA-N,amide,*c1cc(Cl)ccc1O,413.82
GLUE2584,O=C1CCC(N2Cc3cccc(NS(=O)(=O)c4cc(Cl)ccc4O)c3C2=O)C(=O)N1,ZLZNWKJDNRIDQJ-UHFFFAOYSA-N,sulfonamide,*c1cc(Cl)ccc1O,449.87
GLUE2585,O=C1CCC(N2Cc3cccc(NC(=O)Cc4cc(Cl)ccc4O)c3C2=O)C(=O)N1,PSRMXSFFSKMHQI-UHFFFAOYSA-N,acetamide,*c1cc(Cl)ccc1O,427.84
GLUE2586,O=C1CCC(N2Cc3cccc(NC(=O)Nc4cc(Cl)ccc4O)c3C2=O)C(=O)N1,CYBILCIMVSIHAY-UHFFFAOYSA-N,urea,*c1cc(Cl)ccc1O,428.83
GLUE2587,O=C1CCC(N2Cc3cccc(NC(=O)Oc4cc(Cl)ccc4O)c3C2=O)C(=O)N1,USGCMSQBPDXZRR-UHFFFAOYSA-N,carbamate,*c1cc(Cl)ccc1O,429.82
GLUE2588,NC(=S)c1ccnc(C(=O)Nc2cccc3c2C(=O)N(C2CCC(=O)NC2=O)C3)c1,VHIAMQNHEULNTB-UHFFFAOYSA-N,amide,*c1cc(C(N)=S)ccn1,423.45
GLUE2589,NC(=S)c1ccnc(S(=O)(=O)Nc2cccc3c2C(=O)N(C2CCC(=O)NC2=O)C3)c1,BOONOMMOAMTHAR-UHFFFAOYSA-N,sulfonamide,*c1cc(C(N)=S)ccn1,459.51
GLUE2590,NC(=S)c1ccnc(CC(=O)Nc2cccc3c2C(=O)N(C2CCC(=O)NC2=O)C3)c1,QJUIKHVVZJKHOS-UHFFFAOYSA-N,acetamide,*c1cc(C(N)=S)ccn1,437.48
GLUE2591,NC(=S)c1ccnc(NC(=O)Nc2cccc3c2C(=O)N(C2CCC(=O)NC2=O)C3)c1,QAAJCCYWVFEWRC-UHFFFAOYSA-N,urea,*c1cc(C(N)=S)ccn1,438.47
GLUE2592,NC(=S)c1ccnc(OC(=O)Nc2cccc3c2C(=O)N(C2CCC(=O)NC2=O)C3)c1,XKZYIKSNAGQLFD-UHFFFAOYSA-N,carbamate,*c1cc(C(N)=S)ccn1,439.45
GLUE2593,O=C1CCC(N2Cc3cccc(NC(=O)c4cnc5ccccn45)c3C2=O)C(=O)N1,KGVRQBLRMFYAAX-UHFFFAOYSA-N,amide,*c1cnc2ccccn12,403.4
GLUE2594,O=C1CCC(N2Cc3cccc(NS(=O)(=O)c4cnc5ccccn45)c3C2=O)C(=O)N1,KITWEZBFSHMYBM-UHFFFAOYSA-N,sulfonamide,*c1cnc2ccccn12,439.45
GLUE2595,O=C1CCC(N2Cc3cccc(NC(=O)Cc4cnc5ccccn45)c3C2=O)C(=O)N1,OYNIYIXKWPPRGN-UHFFFAOYSA-N,acetamide,*c1cnc2ccccn12,417.43
GLUE2596,O=C1CCC(N2Cc3cccc(NC(=O)Nc4cnc5ccccn45)c3C2=O)C(=O)N1,JKSZPUCBEUAMKC-UHFFFAOYSA-N,urea,*c1cnc2ccccn12,418.41
GLUE2597,O=C1CCC(N2Cc3cccc(NC(=O)Oc4cnc5ccccn45)c3C2=O)C(=O)N1,MIQYFXGRYKCMSX-UHFFFAOYSA-N,carbamate,*c1cnc2ccccn12,419.4
GLUE2598,N/C(CCC(=O)Nc1cccc2c1C(=O)N(C1CCC(=O)NC1=O)C2)=N\S(N)(=O)=O,MQDLDNWNUJXKSZ-UHFFFAOYSA-N,amide,*CC/C(N)=N/S(N)(=O)=O,436.45
GLUE2599,N/C(CCS(=O)(=O)Nc1cccc2c1C(=O)N(C1CCC(=O)NC1=O)C2)=N\S(N)(=O)=O,SJDUUCWCNXBQNC-UHFFFAOYSA-N,sulfonamide,*CC/C(N)=N/S(N)(=O)=O,472.51
GLUE2600,N/C(CCCC(=O)Nc1cccc2c1C(=O)N(C1CCC(=O)NC1=O)C2)=N\S(N)(=O)=O,NFQSGQKAGLLJCT-UHFFFAOYSA-N,acetamide,*CC/C(N)=N/S(N)(=O)=O,450.48
GLUE2601,N/C(CCNC(=O)Nc1cccc2c1C(=O)N(C1CCC(=O)NC1=O)C2)=N\S(N)(=O)=O,SLLRLMOQIMYPHE-UHFFFAOYSA-N,urea,*CC/C(N)=N/S(N)(=O)=O,451.47
GLUE2602,N/C(CCOC(=O)Nc1cccc2c1C(=O)N(C1CCC(=O)NC1=O)C2)=N\S(N)(=O)=O,SFIDKUWHTUSYFH-UHFFFAOYSA-N,carbamate,*CC/C(N)=N/S(N)(=O)=O,452.45
GLUE2603,O=C1CCC(N2Cc3cccc(NC(=O)n4cc(F)c(=O)[nH]c4=O)c3C2=O)C(=O)N1,KHWFGUYXXJWVSW-UHFFFAOYSA-N,amide,*n1cc(F)c(=O)[nH]c1=O,415.34
GLUE2604,O=C1CCC(N2Cc3cccc(NS(=O)(=O)n4cc(F)c(=O)[nH]c4=O)c3C2=O)C(=O)N1,XYFJPAVIHZTDGL-UHFFFAOYSA-N,sulfonamide,*n1cc(F)c(=O)[nH]c1=O,451.39
GLUE2605,O=C1CCC(N2Cc3cccc(NC(=O)Cn4cc(F)c(=O)[nH]c4=O)c3C2=O)C(=O)N1,HICBOQLQCJLFED-UHFFFAOYSA-N,acetamide,*n1cc(F)c(=O)[nH]c1=O,429.36
GLUE2606,O=C1CCC(N2Cc3cccc(NC(=O)Nn4cc(F)c(=O)[nH]c4=O)c3C2=O)C(=O)N1,YNLQSWRMPSNYQY-UHFFFAOYSA-N,urea,*n1cc(F)c(=O)[nH]c1=O,430.35
GLUE2607,O=C1CCC(N2Cc3cccc(NC(=O)On4cc(F)c(=O)[nH]c4=O)c3C2=O)C(=O)N1,DEMNHLNRQBBTNT-UHFFFAOYSA-N,carbamate,*n1cc(F)c(=O)[nH]c1=O,431.34
GLUE2608,CC(C)C[C@@H](C(=O)O)C(=O)Nc1cccc2c1C(=O)N(C1CCC(=O)NC1=O)C2,YKBPSJOWGIXMBD-PUODRLBUSA-N,amide,*[C@@H](CC(C)C)C(=O)O,401.42
GLUE2609,CC(C)C[C@@H](C(=O)O)S(=O)(=O)Nc1cccc2c1C(=O)N(C1CCC(=O)NC1=O)C2,XGGVFUHDYSQPRV-KZUDCZAMSA-N,sulfonamide,*[C@@H](CC(C)C)C(=O)O,437.47
GLUE2610,CC(C)C[C@H](CC(=O)Nc1cccc2c1C(=O)N(C1CCC(=O)NC1=O)C2)C(=O)O,OFTNIHONTMDIJD-AFYYWNPRSA-N,acetamide,*[C@@H](CC(C)C)C(=O)O,415.45
GLUE2611,CC(C)C[C@H](NC(=O)Nc1cccc2c1C(=O)N(C1CCC(=O)NC1=O)C2)C(=O)O,SVWUPMWZQWCVNG-LSLKUGRBSA-N,urea,*[C@@H](CC(C)C)C(=O)O,416.43
GLUE2612,CC(C)C[C@H](OC(=O)Nc1cccc2c1C(=O)N(C1CCC(=O)NC1=O)C2)C(=O)O,ZYEZLMVXXQWFJX-KZUDCZAMSA-N,carbamate,*[C@@H](CC(C)C)C(=O)O,417.42
GLUE2613,O=C1CN(/N=C/c2ccc(C(=O)Nc3cccc4c3C(=O)N(C3CCC(=O)NC3=O)C4)o2)C(=O)[N-]1,UIAZUSOYIBPREZ-LIMNOBDPSA-M,amide,*c1ccc(/C=N/N2CC(=O)[N-]C2=O)o1,477.41
GLUE2614,O=C1CN(/N=C/c2ccc(S(=O)(=O)Nc3cccc4c3C(=O)N(C3CCC(=O)NC3=O)C4)o2)C(=O)[N-]1,MJJIZQMGDOVDQP-GZIVZEMBSA-M,sulfonamide,*c1ccc(/C=N/N2CC(=O)[N-]C2=O)o1,513.47
GLUE2615,O=C1CN(/N=C/c2ccc(CC(=O)Nc3cccc4c3C(=O)N(C3CCC(=O)NC3=O)C4)o2)C(=O)[N-]1,KQXGGPPPPBHSFV-PGGKNCGUSA-M,acetamide,*c1ccc(/C=N/N2CC(=O)[N-]C2=O)o1,491.44
GLUE2616,O=C1CN(/N=C/c2ccc(NC(=O)Nc3cccc4c3C(=O)N(C3CCC(=O)NC3=O)C4)o2)C(=O)[N-]1,IKHKAVZWXNNBNT-UHFFFAOYSA-M,urea,*c1ccc(/C=N/N2CC(=O)[N-]C2=O)o1,492.43
GLUE2617,O=C1CN(/N=C/c2ccc(OC(=O)Nc3cccc4c3C(=O)N(C3CCC(=O)NC3=O)C4)o2)C(=O)[N-]1,JVELESVSMYAHEQ-LIMNOBDPSA-M,carbamate,*c1ccc(/C=N/N2CC(=O)[N-]C2=O)o1,493.41
GLUE2618,Cc1oncc1C(=O)Nc1cccc2c1C(=O)N(C1CCC(=O)NC1=O)C2,GZHHYPZTTMQBNH-UHFFFAOYSA-N,amide,*c1cnoc1C,368.35
GLUE2619,Cc1oncc1S(=O)(=O)Nc1cccc2c1C(=O)N(C1CCC(=O)NC1=O)C2,XQKOAIYUMPOERK-UHFFFAOYSA-N,sulfonamide,*c1cnoc1C,404.4
GLUE2620,Cc1oncc1CC(=O)Nc1cccc2c1C(=O)N(C1CCC(=O)NC1=O)C2,PRUQIPXGGYRYGU-UHFFFAOYSA-N,acetamide,*c1cnoc1C,382.38
GLUE2621,Cc1oncc1NC(=O)Nc1cccc2c1C(=O)N(C1CCC(=O)NC1=O)C2,DZXJLWNGZMGJSZ-UHFFFAOYSA-N,urea,*c1cnoc1C,383.36
GLUE2622,Cc1oncc1OC(=O)Nc1cccc2c1C(=O)N(C1CCC(=O)NC1=O)C2,YEGPGAIAYMVUKK-UHFFFAOYSA-N,carbamate,*c1cnoc1C,384.35
GLUE2623,O=C([O-])CCCCS(=O)(=O)Nc1cccc2c1C(=O)N(C1CCC(=O)NC1=O)C2,ZRASUCLJKLFKGG-UHFFFAOYSA-M,sulfonamide,*CCCCC(=O)[O-],422.44
GLUE2624,O=C([O-])CCCCCC(=O)Nc1cccc2c1C(=O)N(C1CCC(=O)NC1=O)C2,ZLYPXQVYGZXLNP-UHFFFAOYSA-M,acetamide,*CCCCC(=O)[O-],400.41
GLUE2625,O=C([O-])CCCCNC(=O)Nc1cccc2c1C(=O)N(C1CCC(=O)NC1=O)C2,LETOBRQURALDBQ-UHFFFAOYSA-M,urea,*CCCCC(=O)[O-],401.4
GLUE2626,O=C([O-])CCCCOC(=O)Nc1cccc2c1C(=O)N(C1CCC(=O)NC1=O)C2,KGEXAKUCRVWBQQ-UHFFFAOYSA-M,carbamate,*CCCCC(=O)[O-],402.38
GLUE2627,O=C1CCC(N2Cc3cccc(NC(=O)n4cc(/C=C/Br)c(=O)[nH]c4=O)c3C2=O)C(=O)N1,AVNGAUUDKNCENM-VOTSOKGWSA-N,amide,*n1cc(/C=C/Br)c(=O)[nH]c1=O,502.28
GLUE2628,O=C1CCC(N2Cc3cccc(NS(=O)(=O)n4cc(/C=C/Br)c(=O)[nH]c4=O)c3C2=O)C(=O)N1,IYCWNGDNRICLQI-VOTSOKGWSA-N,sulfonamide,*n1cc(/C=C/Br)c(=O)[nH]c1=O,538.34
GLUE2629,O=C1CCC(N2Cc3cccc(NC(=O)Cn4cc(/C=C/Br)c(=O)[nH]c4=O)c3C2=O)C(=O)N1,FYEPOTYUVBLSCH-VOTSOKGWSA-N,acetamide,*n1cc(/C=C/Br)c(=O)[nH]c1=O,516.31
GLUE2630,O=C1CCC(N2Cc3cccc(NC(=O)Nn4cc(/C=C/Br)c(=O)[nH]c4=O)c3C2=O)C(=O)N1,BVDOOYVHKGVMRV-VOTSOKGWSA-N,urea,*n1cc(/C=C/Br)c(=O)[nH]c1=O,517.3
GLUE2631,O=C1CCC(N2Cc3cccc(NC(=O)On4cc(/C=C/Br)c(=O)[nH]c4=O)c3C2=O)C(=O)N1,QEXMHJSVENOEKU-VOTSOKGWSA-N,carbamate,*n1cc(/C=C/Br)c(=O)[nH]c1=O,518.28
GLUE2632,O=C1CCC(N2Cc3cccc(NC(=O)SP(=O)(O)O)c3C2=O)C(=O)N1,HUDABHBUKQWDKV-UHFFFAOYSA-N,amide,*SP(=O)(O)O,399.32
GLUE2633,O=C1CCC(N2Cc3cccc(NS(=O)(=O)SP(=O)(O)O)c3C2=O)C(=O)N1,WOOZWSIJDSHSGB-UHFFFAOYSA-N,sulfonamide,*SP(=O)(O)O,435.38
GLUE2634,O=C1CCC(N2Cc3cccc(NC(=O)CSP(=O)(O)O)c3C2=O)C(=O)N1,YMMMNUGWUPXSRW-UHFFFAOYSA-N,acetamide,*SP(=O)(O)O,413.35
GLUE2635,O=C1CCC(N2Cc3cccc(NC(=O)NSP(=O)(O)O)c3C2=O)C(=O)N1,CNJIYMOKZAPDHU-UHFFFAOYSA-N,urea,*SP(=O)(O)O,414.34
GLUE2636,O=C1CCC(N2Cc3cccc(NC(=O)OSP(=O)(O)O)c3C2=O)C(=O)N1,PITXGUVMGPVKIJ-UHFFFAOYSA-N,carbamate,*SP(=O)(O)O,415.32
GLUE2637,NCCCS(=O)(=O)Nc1cccc2c1C(=O)N(C1CCC(=O)NC1=O)C2,SHWTYSXLJCSJEE-UHFFFAOYSA-N,sulfonamide,*CCCN,380.43
GLUE2638,NCCCNC(=O)Nc1cccc2c1C(=O)N(C1CCC(=O)NC1=O)C2,LZUIBVHNZKYXAE-UHFFFAOYSA-N,urea,*CCCN,359.39
GLUE2639,NCCCOC(=O)Nc1cccc2c1C(=O)N(C1CCC(=O)NC1=O)C2,XHHDXZSVIWWBJV-UHFFFAOYSA-N,carbamate,*CCCN,360.37
GLUE2640,O=C1CCC(N2Cc3cccc(NC(=O)[C@H]4Oc5cc(O)cc(O)c5C[C@@H]4O)c3C2=O)C(=O)N1,VXRNXPYMTHTFRV-XAXWGMKYSA-N,amide,*[C@H]1Oc2cc(O)cc(O)c2C[C@@H]1O,467.43
GLUE2641,O=C1CCC(N2Cc3cccc(NS(=O)(=O)[C@H]4Oc5cc(O)cc(O)c5C[C@@H]4O)c3C2=O)C(=O)N1,VIWXLOPMLYTXSJ-QHBPIRHWSA-N,sulfonamide,*[C@H]1Oc2cc(O)cc(O)c2C[C@@H]1O,503.49
GLUE2642,O=C1CCC(N2Cc3cccc(NC(=O)C[C@H]4Oc5cc(O)cc(O)c5C[C@@H]4O)c3C2=O)C(=O)N1,UDUWFIFHPBFIOC-IYSUZNMVSA-N,acetamide,*[C@H]1Oc2cc(O)cc(O)c2C[C@@H]1O,481.46
GLUE2643,O=C1CCC(N2Cc3cccc(NC(=O)N[C@H]4Oc5cc(O)cc(O)c5C[C@@H]4O)c3C2=O)C(=O)N1,DRVZVZBONRJQNA-SVPPLLGISA-N,urea,*[C@H]1Oc2cc(O)cc(O)c2C[C@@H]1O,482.45
GLUE2644,O=C1CCC(N2Cc3cccc(NC(=O)O[C@H]4Oc5cc(O)cc(O)c5C[C@@H]4O)c3C2=O)C(=O)N1,OZSVYMSGCCWHMP-QHBPIRHWSA-N,carbamate,*[C@H]1Oc2cc(O)cc(O)c2C[C@@H]1O,483.43
GLUE2645,O=C1CCC(N2Cc3cccc(NC(=O)C(Cl)Cl)c3C2=O)C(=O)N1,LRUIMFMDSQGZIF-UHFFFAOYSA-N,amide,*C(Cl)Cl,370.19
GLUE2646,O=C1CCC(N2Cc3cccc(NS(=O)(=O)C(Cl)Cl)c3C2=O)C(=O)N1,BTJSLZLFVLNSDY-UHFFFAOYSA-N,sulfonamide,*C(Cl)Cl,406.25
GLUE2647,O=C1CCC(N2Cc3cccc(NC(=O)CC(Cl)Cl)c3C2=O)C(=O)N1,ZQLXANRTBRWKOD-UHFFFAOYSA-N,acetamide,*C(Cl)Cl,384.22
GLUE2648,O=C1CCC(N2Cc3cccc(NC(=O)NC(Cl)Cl)c3C2=O)C(=O)N1,MVVRHCJMRYKUNA-UHFFFAOYSA-N,urea,*C(Cl)Cl,385.21
GLUE2649,O=C1CCC(N2Cc3cccc(NC(=O)OC(Cl)Cl)c3C2=O)C(=O)N1,SUYWLQZNWXEYLZ-UHFFFAOYSA-N,carbamate,*C(Cl)Cl,386.19
GLUE2650,CCC(C)(C)C(=O)C(=O)Nc1cccc2c1C(=O)N(C1CCC(=O)NC1=O)C2,VRNYJKOMMIHXPL-UHFFFAOYSA-N,amide,*C(=O)C(C)(C)CC,385.42
GLUE2651,CCC(C)(C)C(=O)S(=O)(=O)Nc1cccc2c1C(=O)N(C1CCC(=O)NC1=O)C2,NLEUHRYNXJCZPZ-UHFFFAOYSA-N,sulfonamide,*C(=O)C(C)(C)CC,421.48
GLUE2652,CCC(C)(C)C(=O)CC(=O)Nc1cccc2c1C(=O)N(C1CCC(=O)NC1=O)C2,OKTIGKYVDGDVHL-UHFFFAOYSA-N,acetamide,*C(=O)C(C)(C)CC,399.45
GLUE2653,CCC(C)(C)C(=O)NC(=O)Nc1cccc2c1C(=O)N(C1CCC(=O)NC1=O)C2,LJNFPGMHSFTAPO-UHFFFAOYSA-N,urea,*C(=O)C(C)(C)CC,400.44
GLUE2654,CCC(C)(C)C(=O)OC(=O)Nc1cccc2c1C(=O)N(C1CCC(=O)NC1=O)C2,MLDFRNUDVGEONC-UHFFFAOYSA-N,carbamate,*C(=O)C(C)(C)CC,401.42
GLUE2655,Cc1cnc(C(=O)Nc2cccc3c2C(=O)N(C2CCC(=O)NC2=O)C3)cn1,IRQGOEBHMXHXQT-UHFFFAOYSA-N,amide,*c1cnc(C)cn1,379.38
GLUE2656,Cc1cnc(S(=O)(=O)Nc2cccc3c2C(=O)N(C2CCC(=O)NC2=O)C3)cn1,AEDDSIDWCUOXLP-UHFFFAOYSA-N,sulfonamide,*c1cnc(C)cn1,415.43
GLUE2657,Cc1cnc(CC(=O)Nc2cccc3c2C(=O)N(C2CCC(=O)NC2=O)C3)cn1,PRDQTIAUUNZUFB-UHFFFAOYSA-N,acetamide,*c1cnc(C)cn1,393.4
GLUE2658,Cc1cnc(NC(=O)Nc2cccc3c2C(=O)N(C2CCC(=O)NC2=O)C3)cn1,BHDRKFWJLZLUKH-UHFFFAOYSA-N,urea,*c1cnc(C)cn1,394.39
GLUE2659,Cc1cnc(OC(=O)Nc2cccc3c2C(=O)N(C2CCC(=O)NC2=O)C3)cn1,QFURQASIHCLUAF-UHFFFAOYSA-N,carbamate,*c1cnc(C)cn1,395.38
GLUE2660,O=C1CCC(N2Cc3cccc(NC(=O)c4nccc(=O)[nH]4)c3C2=O)C(=O)N1,XELOJXSMILVLHI-UHFFFAOYSA-N,amide,*c1nccc(=O)[nH]1,381.35
GLUE2661,O=C1CCC(N2Cc3cccc(NS(=O)(=O)c4nccc(=O)[nH]4)c3C2=O)C(=O)N1,KCZMWSHYJDLDMW-UHFFFAOYSA-N,sulfonamide,*c1nccc(=O)[nH]1,417.4
GLUE2662,O=C1CCC(N2Cc3cccc(NC(=O)Cc4nccc(=O)[nH]4)c3C2=O)C(=O)N1,IJLIIDGIPPJETA-UHFFFAOYSA-N,acetamide,*c1nccc(=O)[nH]1,395.38
GLUE2663,O=C1CCC(N2Cc3cccc(NC(=O)Nc4nccc(=O)[nH]4)c3C2=O)C(=O)N1,QRMLSAHNCIKIKS-UHFFFAOYSA-N,urea,*c1nccc(=O)[nH]1,396.36
GLUE2664,O=C1CCC(N2Cc3cccc(NC(=O)Oc4nccc(=O)[nH]4)c3C2=O)C(=O)N1,HWUAQDUQBQXKRT-UHFFFAOYSA-N,carbamate,*c1nccc(=O)[nH]1,397.35
GLUE2665,NC1=NCC(C(=O)Nc2cccc3c2C(=O)N(C2CCC(=O)NC2=O)C3)O1,GFPKLORIPFLXDX-UHFFFAOYSA-N,amide,*C1CN=C(N)O1,371.35
GLUE2666,NC1=NCC(S(=O)(=O)Nc2cccc3c2C(=O)N(C2CCC(=O)NC2=O)C3)O1,CEDOBLPJYKJTGG-UHFFFAOYSA-N,sulfonamide,*C1CN=C(N)O1,407.41
GLUE2667,NC1=NCC(CC(=O)Nc2cccc3c2C(=O)N(C2CCC(=O)NC2=O)C3)O1,CBXLCUYZCGWVTB-UHFFFAOYSA-N,acetamide,*C1CN=C(N)O1,385.38
GLUE2668,NC1=NCC(NC(=O)Nc2cccc3c2C(=O)N(C2CCC(=O)NC2=O)C3)O1,XZINTQCXMOVKKD-UHFFFAOYSA-N,urea,*C1CN=C(N)O1,386.37
GLUE2669,NC1=NCC(OC(=O)Nc2cccc3c2C(=O)N(C2CCC(=O)NC2=O)C3)O1,DDDHCVGHUJDJBC-UHFFFAOYSA-N,carbamate,*C1CN=C(N)O1,387.35
GLUE2670,O=C1CCC(N2Cc3cccc(NC(=O)c4nc(F)cnc4O)c3C2=O)C(=O)N1,HBEVLTSUBMEEIS-UHFFFAOYSA-N,amide,*c1nc(F)cnc1O,399.34
GLUE2671,O=C1CCC(N2Cc3cccc(NS(=O)(=O)c4nc(F)cnc4O)c3C2=O)C(=O)N1,JVMGPWAFNFZBBU-UHFFFAOYSA-N,sulfonamide,*c1nc(F)cnc1O,435.39
GLUE2672,O=C1CCC(N2Cc3cccc(NC(=O)Cc4nc(F)cnc4O)c3C2=O)C(=O)N1,OVSXRZJSYVSZDZ-UHFFFAOYSA-N,acetamide,*c1nc(F)cnc1O,413.37
GLUE2673,O=C1CCC(N2Cc3cccc(NC(=O)Nc4nc(F)cnc4O)c3C2=O)C(=O)N1,YKGJEOCVBXIAEB-UHFFFAOYSA-N,urea,*c1nc(F)cnc1O,414.35
GLUE2674,O=C1CCC(N2Cc3cccc(NC(=O)Oc4nc(F)cnc4O)c3C2=O)C(=O)N1,OXPXVSBCFOIEPP-UHFFFAOYSA-N,carbamate,*c1nc(F)cnc1O,415.34
GLUE2675,O=C([O-])C[C@@H](O)CC(=O)Nc1cccc2c1C(=O)N(C1CCC(=O)NC1=O)C2,YLICZBDBTGHWGL-NUHJPDEHSA-M,amide,*C[C@H](O)CC(=O)[O-],388.36
GLUE2676,O=C([O-])C[C@@H](O)CS(=O)(=O)Nc1cccc2c1C(=O)N(C1CCC(=O)NC1=O)C2,MGUMKWZUFGBROQ-RWANSRKNSA-M,sulfonamide,*C[C@H](O)CC(=O)[O-],424.41
GLUE2677,O=C([O-])C[C@@H](O)CCC(=O)Nc1cccc2c1C(=O)N(C1CCC(=O)NC1=O)C2,RWQNHCLVKVDRBK-AMGKYWFPSA-M,acetamide,*C[C@H](O)CC(=O)[O-],402.38
GLUE2678,O=C([O-])C[C@@H](O)CNC(=O)Nc1cccc2c1C(=O)N(C1CCC(=O)NC1=O)C2,LFZIZJIDXDHYSP-RWANSRKNSA-M,urea,*C[C@H](O)CC(=O)[O-],403.37
GLUE2679,O=C([O-])C[C@@H](O)COC(=O)Nc1cccc2c1C(=O)N(C1CCC(=O)NC1=O)C2,QPUXOEFKUGCKOT-RWANSRKNSA-M,carbamate,*C[C@H](O)CC(=O)[O-],404.36
GLUE2680,Cc1nnc(C(=O)Nc2cccc3c2C(=O)N(C2CCC(=O)NC2=O)C3)s1,WZVGXUPIAFCLRD-UHFFFAOYSA-N,amide,*c1nnc(C)s1,385.41
GLUE2681,Cc1nnc(S(=O)(=O)Nc2cccc3c2C(=O)N(C2CCC(=O)NC2=O)C3)s1,CFNRYACKGQCUAW-UHFFFAOYSA-N,sulfonamide,*c1nnc(C)s1,421.46
GLUE2682,Cc1nnc(CC(=O)Nc2cccc3c2C(=O)N(C2CCC(=O)NC2=O)C3)s1,PMJWAWYHGFHSTH-UHFFFAOYSA-N,acetamide,*c1nnc(C)s1,399.43
GLUE2683,Cc1nnc(NC(=O)Nc2cccc3c2C(=O)N(C2CCC(=O)NC2=O)C3)s1,JUCRVOHHRZALJG-UHFFFAOYSA-N,urea,*c1nnc(C)s1,400.42
GLUE2684,Cc1nnc(OC(=O)Nc2cccc3c2C(=O)N(C2CCC(=O)NC2=O)C3)s1,OMJUXJUZXWXILI-UHFFFAOYSA-N,carbamate,*c1nnc(C)s1,401.4
GLUE2685,CC1(C)NC(=O)N(C(=O)Nc2cccc3c2C(=O)N(C2CCC(=O)NC2=O)C3)C1=O,KAISVHPFEZXEIZ-UHFFFAOYSA-N,amide,*N1C(=O)NC(C)(C)C1=O,413.39
GLUE2686,CC1(C)NC(=O)N(S(=O)(=O)Nc2cccc3c2C(=O)N(C2CCC(=O)NC2=O)C3)C1=O,AGTCHLUXADGYQG-UHFFFAOYSA-N,sulfonamide,*N1C(=O)NC(C)(C)C1=O,449.45
GLUE2687,CC1(C)NC(=O)N(CC(=O)Nc2cccc3c2C(=O)N(C2CCC(=O)NC2=O)C3)C1=O,IFFCSPKDSIFZTC-UHFFFAOYSA-N,acetamide,*N1C(=O)NC(C)(C)C1=O,427.42
GLUE2688,CC1(C)NC(=O)N(NC(=O)Nc2cccc3c2C(=O)N(C2CCC(=O)NC2=O)C3)C1=O,ZYLHGSRTAITEIW-UHFFFAOYSA-N,urea,*N1C(=O)NC(C)(C)C1=O,428.41
GLUE2689,CC1(C)NC(=O)N(OC(=O)Nc2cccc3c2C(=O)N(C2CCC(=O)NC2=O)C3)C1=O,PTOSAUWUCAHCOG-UHFFFAOYSA-N,carbamate,*N1C(=O)NC(C)(C)C1=O,429.39
GLUE2690,O=C1CCC(N2Cc3cccc(NC(=O)[C@@H]4CO[C@H]5[C@@H]4OC[C@@H]5O)c3C2=O)C(=O)N1,ZXBJOGRJNPAVDP-NFPRHFRSSA-N,amide,*[C@@H]1CO[C@H]2[C@@H]1OC[C@@H]2O,415.4
GLUE2691,O=C1CCC(N2Cc3cccc(NS(=O)(=O)[C@@H]4CO[C@H]5[C@@H]4OC[C@@H]5O)c3C2=O)C(=O)N1,VKFHFZYYVHQUAB-LDWSZUNPSA-N,sulfonamide,*[C@@H]1CO[C@H]2[C@@H]1OC[C@@H]2O,451.46
GLUE2692,O=C1CCC(N2Cc3cccc(NC(=O)C[C@@H]4CO[C@H]5[C@@H]4OC[C@@H]5O)c3C2=O)C(=O)N1,QPQQVOKJIHZRFR-HQDOFIAFSA-N,acetamide,*[C@@H]1CO[C@H]2[C@@H]1OC[C@@H]2O,429.43
GLUE2693,O=C1CCC(N2Cc3cccc(NC(=O)N[C@@H]4CO[C@H]5[C@@H]4OC[C@@H]5O)c3C2=O)C(=O)N1,ZTMZPLQEWLRTGU-OGLPCCOCSA-N,urea,*[C@@H]1CO[C@H]2[C@@H]1OC[C@@H]2O,430.42
GLUE2694,O=C1CCC(N2Cc3cccc(NC(=O)O[C@@H]4CO[C@H]5[C@@H]4OC[C@@H]5O)c3C2=O)C(=O)N1,SCLNONXANZHHFE-LDWSZUNPSA-N,carbamate,*[C@@H]1CO[C@H]2[C@@H]1OC[C@@H]2O,431.4
GLUE2695,O=C1CCC(N2Cc3cccc(NC(=O)O[N+](=O)[O-])c3C2=O)C(=O)N1,LQXSNRCPPSWJAA-UHFFFAOYSA-N,amide,*O[N+](=O)[O-],348.27
GLUE2696,O=C1CCC(N2Cc3cccc(NS(=O)(=O)O[N+](=O)[O-])c3C2=O)C(=O)N1,FKRXXUOUJNOECH-UHFFFAOYSA-N,sulfonamide,*O[N+](=O)[O-],384.33
GLUE2697,O=C1CCC(N2Cc3cccc(NC(=O)CO[N+](=O)[O-])c3C2=O)C(=O)N1,BOWKPLZIPBZGGC-UHFFFAOYSA-N,acetamide,*O[N+](=O)[O-],362.3
GLUE2698,O=C1CCC(N2Cc3cccc(NC(=O)NO[N+](=O)[O-])c3C2=O)C(=O)N1,GXEQLJLGJHNBJB-UHFFFAOYSA-N,urea,*O[N+](=O)[O-],363.29
GLUE2699,O=C1CCC(N2Cc3cccc(NC(=O)OO[N+](=O)[O-])c3C2=O)C(=O)N1,INCNUPQDTLBAPA-UHFFFAOYSA-N,carbamate,*O[N+](=O)[O-],364.27
GLUE2700,CC(S)C(=O)C(=O)Nc1cccc2c1C(=O)N(C1CCC(=O)NC1=O)C2,YRXFJCFIRMLIHB-UHFFFAOYSA-N,amide,*C(=O)C(C)S,375.41
GLUE2701,CC(S)C(=O)S(=O)(=O)Nc1cccc2c1C(=O)N(C1CCC(=O)NC1=O)C2,BAZLTDVFHGXKJU-UHFFFAOYSA-N,sulfonamide,*C(=O)C(C)S,411.46
GLUE2702,CC(S)C(=O)CC(=O)Nc1cccc2c1C(=O)N(C1CCC(=O)NC1=O)C2,SJHIPAHJEQNJNH-UHFFFAOYSA-N,acetamide,*C(=O)C(C)S,389.43
GLUE2703,CC(S)C(=O)NC(=O)Nc1cccc2c1C(=O)N(C1CCC(=O)NC1=O)C2,QEFMNHOBJBKJGF-UHFFFAOYSA-N,urea,*C(=O)C(C)S,390.42
GLUE2704,CC(S)C(=O)OC(=O)Nc1cccc2c1C(=O)N(C1CCC(=O)NC1=O)C2,CHBTYLQRXPUHPE-UHFFFAOYSA-N,carbamate,*C(=O)C(C)S,391.41
GLUE2705,O=C1CCC(N2Cc3cccc(NC(=O)SC(P(=O)(O)O)P(=O)(O)O)c3C2=O)C(=O)N1,PQJYUTANZFQWSI-UHFFFAOYSA-N,amide,*SC(P(=O)(O)O)P(=O)(O)O,493.33
GLUE2706,O=C1CCC(N2Cc3cccc(NS(=O)(=O)SC(P(=O)(O)O)P(=O)(O)O)c3C2=O)C(=O)N1,JEKSFGYSVFCZIS-UHFFFAOYSA-N,sulfonamide,*SC(P(=O)(O)O)P(=O)(O)O,529.38
GLUE2707,O=C1CCC(N2Cc3cccc(NC(=O)CSC(P(=O)(O)O)P(=O)(O)O)c3C2=O)C(=O)N1,RXYLCLWDCHCULP-UHFFFAOYSA-N,acetamide,*SC(P(=O)(O)O)P(=O)(O)O,507.35
GLUE2708,O=C1CCC(N2Cc3cccc(NC(=O)NSC(P(=O)(O)O)P(=O)(O)O)c3C2=O)C(=O)N1,CCMNWCATCUZORS-UHFFFAOYSA-N,urea,*SC(P(=O)(O)O)P(=O)(O)O,508.34
GLUE2709,O=C1CCC(N2Cc3cccc(NC(=O)OSC(P(=O)(O)O)P(=O)(O)O)c3C2=O)C(=O)N1,GNXWMRLVPKBLQN-UHFFFAOYSA-N,carbamate,*SC(P(=O)(O)O)P(=O)(O)O,509.33
GLUE2710,O=C1CCC(N2Cc3cccc(NC(=O)S(=O)(=O)c4ccc(F)cc4)c3C2=O)C(=O)N1,XCQVMXBHDKWVIF-UHFFFAOYSA-N,amide,*S(=O)(=O)c1ccc(F)cc1,445.43
GLUE2711,O=C1CCC(N2Cc3cccc(NS(=O)(=O)S(=O)(=O)c4ccc(F)cc4)c3C2=O)C(=O)N1,ORLXFBMRUMOORM-UHFFFAOYSA-N,sulfonamide,*S(=O)(=O)c1ccc(F)cc1,481.48
GLUE2712,O=C1CCC(N2Cc3cccc(NC(=O)CS(=O)(=O)c4ccc(F)cc4)c3C2=O)C(=O)N1,VVHDFQYGKXJXMP-UHFFFAOYSA-N,acetamide,*S(=O)(=O)c1ccc(F)cc1,459.46
GLUE2713,O=C1CCC(N2Cc3cccc(NC(=O)NS(=O)(=O)c4ccc(F)cc4)c3C2=O)C(=O)N1,WZQWUPDBGJRYAL-UHFFFAOYSA-N,urea,*S(=O)(=O)c1ccc(F)cc1,460.44
GLUE2714,O=C1CCC(N2Cc3cccc(NC(=O)OS(=O)(=O)c4ccc(F)cc4)c3C2=O)C(=O)N1,HXXGQVMUYFAOMR-UHFFFAOYSA-N,carbamate,*S(=O)(=O)c1ccc(F)cc1,461.43
GLUE2715,O=C1CCC(N2Cc3cccc(NC(=O)N4CC=CC4)c3C2=O)C(=O)N1,RGGVWLWFWFGSAR-UHFFFAOYSA-N,amide,*N1CC=CC1,354.37
GLUE2716,O=C1CCC(N2Cc3cccc(NS(=O)(=O)N4CC=CC4)c3C2=O)C(=O)N1,XTDJHDNFOANIGQ-UHFFFAOYSA-N,sulfonamide,*N1CC=CC1,390.42
GLUE2717,O=C1CCC(N2Cc3cccc(NC(=O)CN4CC=CC4)c3C2=O)C(=O)N1,XTYLFADBAAQAHL-UHFFFAOYSA-N,acetamide,*N1CC=CC1,368.39
GLUE2718,O=C1CCC(N2Cc3cccc(NC(=O)NN4CC=CC4)c3C2=O)C(=O)N1,MJRNMILLRSMYGW-UHFFFAOYSA-N,urea,*N1CC=CC1,369.38
GLUE2719,O=C1CCC(N2Cc3cccc(NC(=O)ON4CC=CC4)c3C2=O)C(=O)N1,ACVOWKPNZAYPQZ-UHFFFAOYSA-N,carbamate,*N1CC=CC1,370.37
GLUE2720,O=C1CCC(N2Cc3cccc(NC(=O)c4ccc(Cl)s4)c3C2=O)C(=O)N1,PSOMRQSJZZUMEN-UHFFFAOYSA-N,amide,*c1ccc(Cl)s1,403.85
GLUE2721,O=C1CCC(N2Cc3cccc(NS(=O)(=O)c4ccc(Cl)s4)c3C2=O)C(=O)N1,RARIWJNDPMCQQG-UHFFFAOYSA-N,sulfonamide,*c1ccc(Cl)s1,439.9
GLUE2722,O=C1CCC(N2Cc3cccc(NC(=O)Cc4ccc(Cl)s4)c3C2=O)C(=O)N1,GTHYCWVHHFVZRT-UHFFFAOYSA-N,acetamide,*c1ccc(Cl)s1,417.87
GLUE2723,O=C1CCC(N2Cc3cccc(NC(=O)Nc4ccc(Cl)s4)c3C2=O)C(=O)N1,AFKIBHBIEHDLCU-UHFFFAOYSA-N,urea,*c1ccc(Cl)s1,418.86
GLUE2724,O=C1CCC(N2Cc3cccc(NC(=O)Oc4ccc(Cl)s4)c3C2=O)C(=O)N1,MUNAZKSMCQKQQM-UHFFFAOYSA-N,carbamate,*c1ccc(Cl)s1,419.85
GLUE2725,O=C1CCC(N2Cc3cccc(NC(=O)N4CCOCC4=O)c3C2=O)C(=O)N1,FKTTYEWSWNYBDC-UHFFFAOYSA-N,amide,*N1CCOCC1=O,386.36
GLUE2726,O=C1CCC(N2Cc3cccc(NS(=O)(=O)N4CCOCC4=O)c3C2=O)C(=O)N1,KUTPZXZASWNBQL-UHFFFAOYSA-N,sulfonamide,*N1CCOCC1=O,422.42
GLUE2727,O=C1CCC(N2Cc3cccc(NC(=O)CN4CCOCC4=O)c3C2=O)C(=O)N1,RREHBQBHTPJCOX-UHFFFAOYSA-N,acetamide,*N1CCOCC1=O,400.39
GLUE2728,O=C1CCC(N2Cc3cccc(NC(=O)NN4CCOCC4=O)c3C2=O)C(=O)N1,OTRKVHHLFMNJSJ-UHFFFAOYSA-N,urea,*N1CCOCC1=O,401.38
GLUE2729,O=C1CCC(N2Cc3cccc(NC(=O)ON4CCOCC4=O)c3C2=O)C(=O)N1,YGQSWXGAVOMDQF-UHFFFAOYSA-N,carbamate,*N1CCOCC1=O,402.36
GLUE2730,O=C1CCC(N2Cc3cccc(NC(=O)c4cccc(Cl)c4F)c3C2=O)C(=O)N1,PTGDSNJDTPLPDD-UHFFFAOYSA-N,amide,*c1cccc(Cl)c1F,415.81
GLUE2731,O=C1CCC(N2Cc3cccc(NS(=O)(=O)c4cccc(Cl)c4F)c3C2=O)C(=O)N1,XUDZIYRFDYQSDH-UHFFFAOYSA-N,sulfonamide,*c1cccc(Cl)c1F,451.86
GLUE2732,O=C1CCC(N2Cc3cccc(NC(=O)Cc4cccc(Cl)c4F)c3C2=O)C(=O)N1,RFUWREHLGZTQRY-UHFFFAOYSA-N,acetamide,*c1cccc(Cl)c1F,429.84
GLUE2733,O=C1CCC(N2Cc3cccc(NC(=O)Nc4cccc(Cl)c4F)c3C2=O)C(=O)N1,SQMWYRSETJMONP-UHFFFAOYSA-N,urea,*c1cccc(Cl)c1F,430.82
GLUE2734,O=C1CCC(N2Cc3cccc(NC(=O)Oc4cccc(Cl)c4F)c3C2=O)C(=O)N1,KBDXDWKYPDEUFH-UHFFFAOYSA-N,carbamate,*c1cccc(Cl)c1F,431.81
GLUE2735,CC(C)[C@@H](CO)C(=O)Nc1cccc2c1C(=O)N(C1CCC(=O)NC1=O)C2,PBFKQSDQTYPHPR-PUODRLBUSA-N,amide,*[C@H](CO)C(C)C,373.41
GLUE2736,CC(C)[C@@H](CO)S(=O)(=O)Nc1cccc2c1C(=O)N(C1CCC(=O)NC1=O)C2,HRJQBKHITRRCPM-ARLHGKGLSA-N,sulfonamide,*[C@H](CO)C(C)C,409.46
GLUE2737,CC(C)[C@@H](CO)CC(=O)Nc1cccc2c1C(=O)N(C1CCC(=O)NC1=O)C2,NAQZOAGSEBPVRT-AFYYWNPRSA-N,acetamide,*[C@H](CO)C(C)C,387.44
GLUE2738,CC(C)[C@@H](CO)NC(=O)Nc1cccc2c1C(=O)N(C1CCC(=O)NC1=O)C2,OTRGYWBMNZAKGA-KWCCSABGSA-N,urea,*[C@H](CO)C(C)C,388.42
GLUE2739,CC(C)[C@@H](CO)OC(=O)Nc1cccc2c1C(=O)N(C1CCC(=O)NC1=O)C2,IVORTNDARXEGBA-ARLHGKGLSA-N,carbamate,*[C@H](CO)C(C)C,389.41
GLUE2740,Cc1cc(C(=O)Nc2cccc3c2C(=O)N(C2CCC(=O)NC2=O)C3)n(O)c(=O)c1,VDMCPUSREJUOBL-UHFFFAOYSA-N,amide,*c1cc(C)cc(=O)n1O,410.39
GLUE2741,Cc1cc(S(=O)(=O)Nc2cccc3c2C(=O)N(C2CCC(=O)NC2=O)C3)n(O)c(=O)c1,XFIOZGYSQAKXSS-UHFFFAOYSA-N,sulfonamide,*c1cc(C)cc(=O)n1O,446.44
GLUE2742,Cc1cc(CC(=O)Nc2cccc3c2C(=O)N(C2CCC(=O)NC2=O)C3)n(O)c(=O)c1,WAVQPYKSWTXOSL-UHFFFAOYSA-N,acetamide,*c1cc(C)cc(=O)n1O,424.41
GLUE2743,Cc1cc(NC(=O)Nc2cccc3c2C(=O)N(C2CCC(=O)NC2=O)C3)n(O)c(=O)c1,LIEYOYIXPBRXGZ-UHFFFAOYSA-N,urea,*c1cc(C)cc(=O)n1O,425.4
GLUE2744,Cc1cc(OC(=O)Nc2cccc3c2C(=O)N(C2CCC(=O)NC2=O)C3)n(O)c(=O)c1,UCXSGOGUFCSEBP-UHFFFAOYSA-N,carbamate,*c1cc(C)cc(=O)n1O,426.39
GLUE2745,CCCCCCCCCCCCC(=O)Nc1cccc2c1C(=O)N(C1CCC(=O)NC1=O)C2,FJPLMKPXSJKJAF-UHFFFAOYSA-N,amide,*CCCCCCCCCCCC,455.6
GLUE2746,CCCCCCCCCCCCS(=O)(=O)Nc1cccc2c1C(=O)N(C1CCC(=O)NC1=O)C2,UHHCCTUYRQPKRZ-UHFFFAOYSA-N,sulfonamide,*CCCCCCCCCCCC,491.65
GLUE2747,CCCCCCCCCCCCCC(=O)Nc1cccc2c1C(=O)N(C1CCC(=O)NC1=O)C2,DFSLMUSDNDCGCY-UHFFFAOYSA-N,acetamide,*CCCCCCCCCCCC,469.63
GLUE2748,CCCCCCCCCCCCNC(=O)Nc1cccc2c1C(=O)N(C1CCC(=O)NC1=O)C2,XZRQKQOALFHANR-UHFFFAOYSA-N,urea,*CCCCCCCCCCCC,470.61
GLUE2749,CCCCCCCCCCCCOC(=O)Nc1cccc2c1C(=O)N(C1CCC(=O)NC1=O)C2,OJODWBNCFMXKPR-UHFFFAOYSA-N,carbamate,*CCCCCCCCCCCC,471.6
