glue_id,smiles,inchikey,linker,source_fragment,mw,clogp,tpsa,hbd,hba,rtb,aromatic_rings,fsp3,qed,pka_basic_est,cns_mpo_proxy,cns_mpo_wager_approx,gate_mw_lt450,gate_clogp_2_4,gate_tpsa_lt90,gate_mpo_ge4,gate_pains_free,gate_anchor,gate_tpsa_lt120_fb,gate_mpo_ge3p5_fb,passes_all_gates,passes_fallback
GLUE0000,O=C1CCC(N2Cc3cccc(NC(=O)c4ccccc4)c3C2=O)C(=O)N1,SJSUTTFUSXJKBB-UHFFFAOYSA-N,amide,*c1ccccc1,363.37,1.7,95.6,2,4,3,2,0.2,0.812,5.0,3.5,5.29,True,False,False,False,True,True,True,True,False,False
GLUE0001,O=C1CCC(N2Cc3cccc(NS(=O)(=O)c4ccccc4)c3C2=O)C(=O)N1,MCDJGVWKUNUNFB-UHFFFAOYSA-N,sulfonamide,*c1ccccc1,399.43,1.25,112.7,2,5,4,2,0.211,0.752,5.0,3.5,4.46,True,False,False,False,True,True,True,True,False,False
GLUE0002,O=C1CCC(N2Cc3cccc(NC(=O)Cc4ccccc4)c3C2=O)C(=O)N1,AGXMYLXZOHVCKD-UHFFFAOYSA-N,acetamide,*c1ccccc1,377.4,1.63,95.6,2,4,4,2,0.238,0.792,5.0,3.5,5.19,True,False,False,False,True,True,True,True,False,False
GLUE0003,O=C1CCC(N2Cc3cccc(NC(=O)Nc4ccccc4)c3C2=O)C(=O)N1,CIPDFIBYKVCCBH-UHFFFAOYSA-N,urea,*c1ccccc1,378.39,2.09,107.6,3,4,3,2,0.2,0.711,5.0,3.5,4.45,True,True,False,False,True,True,True,True,False,True
GLUE0004,O=C1CCC(N2Cc3cccc(NC(=O)Oc4ccccc4)c3C2=O)C(=O)N1,NPHXDIPZUDSLEW-UHFFFAOYSA-N,carbamate,*c1ccccc1,379.37,2.06,104.8,2,5,3,2,0.2,0.795,5.0,3.5,4.87,True,True,False,False,True,True,True,True,False,True
GLUE0005,O=C1CCC(N2Cc3cccc(NC(=O)C(=O)O)c3C2=O)C(=O)N1,LIAFGXHOAUPIAN-UHFFFAOYSA-N,amide,*C(=O)O,331.28,-0.53,132.9,3,5,2,1,0.267,0.493,5.0,3.5,4.17,True,False,False,False,True,True,False,True,False,False
GLUE0006,O=C1CCC(N2Cc3cccc(NS(=O)(=O)C(=O)O)c3C2=O)C(=O)N1,CCVLEXMIWQVVNE-UHFFFAOYSA-N,sulfonamide,*C(=O)O,367.34,-0.13,150.0,3,6,3,1,0.286,0.63,5.0,3.0,4.11,True,False,False,False,True,True,False,False,False,False
GLUE0007,O=C(O)CC(=O)Nc1cccc2c1C(=O)N(C1CCC(=O)NC1=O)C2,KPRUHHNMRFOJDZ-UHFFFAOYSA-N,acetamide,*C(=O)O,345.31,-0.14,132.9,3,5,4,1,0.312,0.514,5.0,3.5,4.17,True,False,False,False,True,True,False,True,False,False
GLUE0008,O=C(O)NC(=O)Nc1cccc2c1C(=O)N(C1CCC(=O)NC1=O)C2,RPSJQKNYIJPUSD-UHFFFAOYSA-N,urea,*C(=O)O,346.3,0.25,144.9,4,5,2,1,0.267,0.565,5.0,3.0,4.0,True,False,False,False,True,True,False,False,False,False
GLUE0009,O=C1CCC(N2Cc3cccc(NC(=O)OC(=O)O)c3C2=O)C(=O)N1,CXDKFIQZXOTBBF-UHFFFAOYSA-N,carbamate,*C(=O)O,347.28,0.67,142.1,3,6,2,1,0.267,0.405,5.0,3.5,4.17,True,False,False,False,True,True,False,True,False,False
GLUE0010,CC(C)C(=O)Nc1cccc2c1C(=O)N(C1CCC(=O)NC1=O)C2,RULZGSNBCMFFLL-UHFFFAOYSA-N,amide,*C(C)C,329.36,1.04,95.6,2,4,3,1,0.412,0.81,5.0,4.0,5.31,True,False,False,True,True,True,True,True,False,False
GLUE0011,CC(C)S(=O)(=O)Nc1cccc2c1C(=O)N(C1CCC(=O)NC1=O)C2,ASCZPSYPJNOOMN-UHFFFAOYSA-N,sulfonamide,*C(C)C,365.41,0.6,112.7,2,5,4,1,0.438,0.759,5.0,3.5,4.71,True,False,False,False,True,True,True,True,False,False
GLUE0012,CC(C)CC(=O)Nc1cccc2c1C(=O)N(C1CCC(=O)NC1=O)C2,DBCSEYOLWVMCPJ-UHFFFAOYSA-N,acetamide,*C(C)C,343.38,1.43,95.6,2,4,4,1,0.444,0.809,5.0,4.0,5.31,True,False,False,True,True,True,True,True,False,False
GLUE0013,CC(C)NC(=O)Nc1cccc2c1C(=O)N(C1CCC(=O)NC1=O)C2,ZTSZWBSGDSIZOP-UHFFFAOYSA-N,urea,*C(C)C,344.37,0.98,107.6,3,4,3,1,0.412,0.71,5.0,4.0,4.58,True,False,False,True,True,True,True,True,False,False
GLUE0014,CC(C)OC(=O)Nc1cccc2c1C(=O)N(C1CCC(=O)NC1=O)C2,POASSFBIHZDRDS-UHFFFAOYSA-N,carbamate,*C(C)C,345.36,1.4,104.8,2,5,3,1,0.412,0.806,5.0,4.0,5.01,True,False,False,True,True,True,True,True,False,False
GLUE0015,CN(C)C(=O)Nc1cccc2c1C(=O)N(C1CCC(=O)NC1=O)C2,QHLWGDDHWGCJKP-UHFFFAOYSA-N,amide,*N(C)C,330.34,0.54,98.8,2,4,2,1,0.375,0.773,5.0,4.0,5.21,True,False,False,True,True,True,True,True,False,False
GLUE0016,CN(C)S(=O)(=O)Nc1cccc2c1C(=O)N(C1CCC(=O)NC1=O)C2,TUCULJZZPBPEEM-UHFFFAOYSA-N,sulfonamide,*N(C)C,366.4,-0.33,115.9,2,5,4,1,0.4,0.708,5.0,3.5,4.59,True,False,False,False,True,True,True,True,False,False
GLUE0017,CN(C)CC(=O)Nc1cccc2c1C(=O)N(C1CCC(=O)NC1=O)C2,IEGGAXAGZPZLCY-UHFFFAOYSA-N,acetamide,*N(C)C,344.37,-0.05,98.8,2,5,4,1,0.412,0.746,9.5,4.0,4.46,True,False,False,True,True,True,True,True,False,False
GLUE0018,CN(C)NC(=O)Nc1cccc2c1C(=O)N(C1CCC(=O)NC1=O)C2,XPUHMUKOFZUTJR-UHFFFAOYSA-N,urea,*N(C)C,345.36,0.05,110.8,3,5,3,1,0.375,0.529,9.5,4.0,3.72,True,False,False,True,True,True,True,True,False,False
GLUE0019,CN(C)OC(=O)Nc1cccc2c1C(=O)N(C1CCC(=O)NC1=O)C2,LGKYXIPPSNMZIX-UHFFFAOYSA-N,carbamate,*N(C)C,346.34,0.47,108.1,2,6,3,1,0.375,0.608,9.5,4.0,4.15,True,False,False,True,True,True,True,True,False,False
GLUE0020,CC(=O)C(=O)Nc1cccc2c1C(=O)N(C1CCC(=O)NC1=O)C2,SGKVJCDCHKINRS-UHFFFAOYSA-N,amide,*C(C)=O,329.31,-0.02,112.7,2,5,3,1,0.312,0.597,5.0,4.0,4.74,True,False,False,True,True,True,True,True,False,False
GLUE0021,CC(=O)S(=O)(=O)Nc1cccc2c1C(=O)N(C1CCC(=O)NC1=O)C2,WMWSOGBQXAKEHH-UHFFFAOYSA-N,sulfonamide,*C(C)=O,365.37,-0.26,129.7,2,6,3,1,0.333,0.71,5.0,3.0,4.46,True,False,False,False,True,True,False,False,False,False
GLUE0022,CC(=O)CC(=O)Nc1cccc2c1C(=O)N(C1CCC(=O)NC1=O)C2,AEFWKCNGYGPCBG-UHFFFAOYSA-N,acetamide,*C(C)=O,343.34,0.37,112.7,2,5,4,1,0.353,0.606,5.0,4.0,4.74,True,False,False,True,True,True,True,True,False,False
GLUE0023,CC(=O)NC(=O)Nc1cccc2c1C(=O)N(C1CCC(=O)NC1=O)C2,XSGJNOTZRFRYIQ-UHFFFAOYSA-N,urea,*C(C)=O,344.33,0.12,124.7,3,5,2,1,0.312,0.657,5.0,3.5,4.17,True,False,False,False,True,True,False,True,False,False
GLUE0024,CC(=O)OC(=O)Nc1cccc2c1C(=O)N(C1CCC(=O)NC1=O)C2,SWDMRKDRINHZSB-UHFFFAOYSA-N,carbamate,*C(C)=O,345.31,0.54,121.9,2,6,2,1,0.312,0.458,5.0,3.5,4.5,True,False,False,False,True,True,False,True,False,False
GLUE0025,NC(=O)C(=O)Nc1cccc2c1C(=O)N(C1CCC(=O)NC1=O)C2,MFWPODCMBGDRCE-UHFFFAOYSA-N,amide,*C(N)=O,330.3,-1.13,138.7,3,5,2,1,0.267,0.465,5.0,3.5,4.17,True,False,False,False,True,True,False,True,False,False
GLUE0026,NC(=O)S(=O)(=O)Nc1cccc2c1C(=O)N(C1CCC(=O)NC1=O)C2,BWUJHDUGJUHTBN-UHFFFAOYSA-N,sulfonamide,*C(N)=O,366.36,-0.73,155.7,3,6,3,1,0.286,0.599,5.0,3.0,4.12,True,False,False,False,True,True,False,False,False,False
GLUE0027,NC(=O)CC(=O)Nc1cccc2c1C(=O)N(C1CCC(=O)NC1=O)C2,ULVUJSPYZSBISK-UHFFFAOYSA-N,acetamide,*C(N)=O,344.33,-0.74,138.7,3,5,4,1,0.312,0.488,5.0,3.5,4.17,True,False,False,False,True,True,False,True,False,False
GLUE0028,NC(=O)NC(=O)Nc1cccc2c1C(=O)N(C1CCC(=O)NC1=O)C2,CYSNKDVWKWEYOC-UHFFFAOYSA-N,urea,*C(N)=O,345.32,-0.35,150.7,4,5,2,1,0.267,0.54,5.0,3.0,4.0,True,False,False,False,True,True,False,False,False,False
GLUE0029,NC(=O)OC(=O)Nc1cccc2c1C(=O)N(C1CCC(=O)NC1=O)C2,IATJAIBHRLXJHV-UHFFFAOYSA-N,carbamate,*C(N)=O,346.3,0.07,147.9,3,6,2,1,0.267,0.51,5.0,3.5,4.17,True,False,False,False,True,True,False,True,False,False
GLUE0030,O=C1CCC(N2Cc3cccc(NC(=O)C4CC4)c3C2=O)C(=O)N1,XRVLKCAGNMYMOG-UHFFFAOYSA-N,amide,*C1CC1,327.34,0.8,95.6,2,4,3,1,0.412,0.803,5.0,4.0,5.31,True,False,False,True,True,True,True,True,False,False
GLUE0031,O=C1CCC(N2Cc3cccc(NS(=O)(=O)C4CC4)c3C2=O)C(=O)N1,YDQMTTYPWAWWLV-UHFFFAOYSA-N,sulfonamide,*C1CC1,363.4,0.35,112.7,2,5,4,1,0.438,0.75,5.0,3.5,4.72,True,False,False,False,True,True,True,True,False,False
GLUE0032,O=C1CCC(N2Cc3cccc(NC(=O)CC4CC4)c3C2=O)C(=O)N1,KACGGMYTKFNZAD-UHFFFAOYSA-N,acetamide,*C1CC1,341.37,1.19,95.6,2,4,4,1,0.444,0.804,5.0,4.0,5.31,True,False,False,True,True,True,True,True,False,False
GLUE0033,O=C1CCC(N2Cc3cccc(NC(=O)NC4CC4)c3C2=O)C(=O)N1,VZGGIIFGOKBKGV-UHFFFAOYSA-N,urea,*C1CC1,342.36,0.73,107.6,3,4,3,1,0.412,0.704,5.0,4.0,4.58,True,False,False,True,True,True,True,True,False,False
GLUE0034,O=C1CCC(N2Cc3cccc(NC(=O)OC4CC4)c3C2=O)C(=O)N1,CAUIVIMUVSCOEJ-UHFFFAOYSA-N,carbamate,*C1CC1,343.34,1.16,104.8,2,5,3,1,0.412,0.801,5.0,4.0,5.01,True,False,False,True,True,True,True,True,False,False
GLUE0035,CCCC(=O)Nc1cccc2c1C(=O)N(C1CCC(=O)NC1=O)C2,AJAHJTDFOAUUTE-UHFFFAOYSA-N,amide,*CCC,329.36,1.19,95.6,2,4,4,1,0.412,0.811,5.0,4.0,5.31,True,False,False,True,True,True,True,True,False,False
GLUE0036,CCCS(=O)(=O)Nc1cccc2c1C(=O)N(C1CCC(=O)NC1=O)C2,WLLWOGCPHZUDIN-UHFFFAOYSA-N,sulfonamide,*CCC,365.41,0.6,112.7,2,5,5,1,0.438,0.742,5.0,3.5,4.71,True,False,False,False,True,True,True,True,False,False
GLUE0037,CCCCC(=O)Nc1cccc2c1C(=O)N(C1CCC(=O)NC1=O)C2,PBBPHIJMUFFJMD-UHFFFAOYSA-N,acetamide,*CCC,343.38,1.58,95.6,2,4,5,1,0.444,0.794,5.0,4.0,5.31,True,False,False,True,True,True,True,True,False,False
GLUE0038,CCCNC(=O)Nc1cccc2c1C(=O)N(C1CCC(=O)NC1=O)C2,QKQOQLHOMBNJJB-UHFFFAOYSA-N,urea,*CCC,344.37,0.98,107.6,3,4,4,1,0.412,0.708,5.0,4.0,4.58,True,False,False,True,True,True,True,True,False,False
GLUE0039,CCCOC(=O)Nc1cccc2c1C(=O)N(C1CCC(=O)NC1=O)C2,ONMYHYCWJLHOGQ-UHFFFAOYSA-N,carbamate,*CCC,345.36,1.41,104.8,2,5,4,1,0.412,0.803,5.0,4.0,5.01,True,False,False,True,True,True,True,True,False,False
GLUE0040,O=C1CCC(N2Cc3cccc(NC(=O)C(F)(F)F)c3C2=O)C(=O)N1,XPQMZIVHTWRAHO-UHFFFAOYSA-N,amide,*C(F)(F)F,355.27,0.95,95.6,2,4,2,1,0.333,0.772,5.0,4.0,5.31,True,False,False,True,True,True,True,True,False,False
GLUE0041,O=C1CCC(N2Cc3cccc(NS(=O)(=O)C(F)(F)F)c3C2=O)C(=O)N1,IYMJNHZVLWNIQG-UHFFFAOYSA-N,sulfonamide,*C(F)(F)F,391.33,0.71,112.7,2,5,3,1,0.357,0.737,5.0,3.5,4.52,True,False,False,False,True,True,True,True,False,False
GLUE0042,O=C1CCC(N2Cc3cccc(NC(=O)CC(F)(F)F)c3C2=O)C(=O)N1,YMTDLXHPAMICKG-UHFFFAOYSA-N,acetamide,*C(F)(F)F,369.3,1.34,95.6,2,4,3,1,0.375,0.786,5.0,3.5,5.25,True,False,False,False,True,True,True,True,False,False
GLUE0043,O=C1CCC(N2Cc3cccc(NC(=O)NC(F)(F)F)c3C2=O)C(=O)N1,OPIJNCBLLHFTQH-UHFFFAOYSA-N,urea,*C(F)(F)F,370.29,1.09,107.6,3,4,2,1,0.333,0.535,5.0,3.5,4.51,True,False,False,False,True,True,True,True,False,False
GLUE0044,O=C1CCC(N2Cc3cccc(NC(=O)OC(F)(F)F)c3C2=O)C(=O)N1,WWBPLOLKBPDQAU-UHFFFAOYSA-N,carbamate,*C(F)(F)F,371.27,1.52,104.8,2,5,2,1,0.333,0.767,5.0,3.5,4.93,True,False,False,False,True,True,True,True,False,False
GLUE0045,O=C(O)CS(=O)(=O)Nc1cccc2c1C(=O)N(C1CCC(=O)NC1=O)C2,FMQOUJRFGHXALR-UHFFFAOYSA-N,sulfonamide,*CC(=O)O,381.37,-0.73,149.9,3,6,5,1,0.333,0.569,5.0,3.0,4.01,True,False,False,False,True,True,False,False,False,False
GLUE0046,O=C(O)CCC(=O)Nc1cccc2c1C(=O)N(C1CCC(=O)NC1=O)C2,XWURTPFNKLLKQL-UHFFFAOYSA-N,acetamide,*CC(=O)O,359.34,0.25,132.9,3,5,5,1,0.353,0.646,5.0,3.5,4.17,True,False,False,False,True,True,False,True,False,False
GLUE0047,O=C(O)CNC(=O)Nc1cccc2c1C(=O)N(C1CCC(=O)NC1=O)C2,MVCHGDFKABEZIS-UHFFFAOYSA-N,urea,*CC(=O)O,360.33,-0.35,144.9,4,5,4,1,0.312,0.54,5.0,2.5,4.0,True,False,False,False,True,True,False,False,False,False
GLUE0048,O=C(O)COC(=O)Nc1cccc2c1C(=O)N(C1CCC(=O)NC1=O)C2,DJFBIOLQDUGMOL-UHFFFAOYSA-N,carbamate,*CC(=O)O,361.31,0.08,142.1,3,6,4,1,0.312,0.645,5.0,3.0,4.16,True,False,False,False,True,True,False,False,False,False
GLUE0049,O=C1CCC(N2Cc3cccc(NC(=O)CCO)c3C2=O)C(=O)N1,SFSWGYHQQRHSHQ-UHFFFAOYSA-N,amide,*CCO,331.33,-0.23,115.8,3,5,4,1,0.375,0.659,5.0,4.0,4.31,True,False,False,True,True,True,True,True,False,False
GLUE0050,O=C1CCC(N2Cc3cccc(NS(=O)(=O)CCO)c3C2=O)C(=O)N1,JQVIQXLKIPERKQ-UHFFFAOYSA-N,sulfonamide,*CCO,367.38,-0.82,132.9,3,6,5,1,0.4,0.583,5.0,3.0,4.11,True,False,False,False,True,True,False,False,False,False
GLUE0051,O=C1CCC(N2Cc3cccc(NC(=O)CCCO)c3C2=O)C(=O)N1,OXYGKXUDTBTIFX-UHFFFAOYSA-N,acetamide,*CCO,345.36,0.16,115.8,3,5,5,1,0.412,0.658,5.0,4.0,4.31,True,False,False,True,True,True,True,True,False,False
GLUE0052,O=C1CCC(N2Cc3cccc(NC(=O)NCCO)c3C2=O)C(=O)N1,XWLUKSMFRTXODV-UHFFFAOYSA-N,urea,*CCO,346.34,-0.44,127.8,4,5,4,1,0.375,0.55,5.0,3.0,4.0,True,False,False,False,True,True,False,False,False,False
GLUE0053,O=C1CCC(N2Cc3cccc(NC(=O)OCCO)c3C2=O)C(=O)N1,SJGDRQCIOZRJTO-UHFFFAOYSA-N,carbamate,*CCO,347.33,-0.01,125.0,3,6,4,1,0.375,0.658,5.0,3.5,4.17,True,False,False,False,True,True,False,True,False,False
GLUE0054,O=C1CCC(N2Cc3cccc(NC(=O)c4ccc(F)cc4)c3C2=O)C(=O)N1,IPFUISUQZIVBPV-UHFFFAOYSA-N,amide,*c1ccc(F)cc1,381.36,1.84,95.6,2,4,3,2,0.2,0.793,5.0,3.5,5.16,True,False,False,False,True,True,True,True,False,False
GLUE0055,O=C1CCC(N2Cc3cccc(NS(=O)(=O)c4ccc(F)cc4)c3C2=O)C(=O)N1,XNKTXQMFQAJJKG-UHFFFAOYSA-N,sulfonamide,*c1ccc(F)cc1,417.42,1.39,112.7,2,5,4,2,0.211,0.73,5.0,3.5,4.33,True,False,False,False,True,True,True,True,False,False
GLUE0056,O=C1CCC(N2Cc3cccc(NC(=O)Cc4ccc(F)cc4)c3C2=O)C(=O)N1,HPSBMAKEMDXOOW-UHFFFAOYSA-N,acetamide,*c1ccc(F)cc1,395.39,1.77,95.6,2,4,4,2,0.238,0.772,5.0,3.5,5.06,True,False,False,False,True,True,True,True,False,False
GLUE0057,O=C1CCC(N2Cc3cccc(NC(=O)Nc4ccc(F)cc4)c3C2=O)C(=O)N1,HUMJHMHDGNZTPS-UHFFFAOYSA-N,urea,*c1ccc(F)cc1,396.38,2.23,107.6,3,4,3,2,0.2,0.692,5.0,3.5,4.32,True,True,False,False,True,True,True,True,False,True
GLUE0058,O=C1CCC(N2Cc3cccc(NC(=O)Oc4ccc(F)cc4)c3C2=O)C(=O)N1,FWWNKAYVTGWVPQ-UHFFFAOYSA-N,carbamate,*c1ccc(F)cc1,397.36,2.2,104.8,2,5,3,2,0.2,0.773,5.0,3.5,4.74,True,True,False,False,True,True,True,True,False,True
GLUE0059,O=C1CCC(N2Cc3cccc(NC(=O)c4ccc(Cl)cc4)c3C2=O)C(=O)N1,UXUHUTKSXUFTJS-UHFFFAOYSA-N,amide,*c1ccc(Cl)cc1,397.82,2.35,95.6,2,4,3,2,0.2,0.777,5.0,3.5,5.04,True,True,False,False,True,True,True,True,False,True
GLUE0060,O=C1CCC(N2Cc3cccc(NS(=O)(=O)c4ccc(Cl)cc4)c3C2=O)C(=O)N1,PYYILSUZKOQERK-UHFFFAOYSA-N,sulfonamide,*c1ccc(Cl)cc1,433.87,1.9,112.7,2,5,4,2,0.211,0.715,5.0,3.5,4.22,True,False,False,False,True,True,True,True,False,False
GLUE0061,O=C1CCC(N2Cc3cccc(NC(=O)Cc4ccc(Cl)cc4)c3C2=O)C(=O)N1,VEDQKUBABANVIS-UHFFFAOYSA-N,acetamide,*c1ccc(Cl)cc1,411.85,2.28,95.6,2,4,4,2,0.238,0.754,5.0,3.5,4.94,True,True,False,False,True,True,True,True,False,True
GLUE0062,O=C1CCC(N2Cc3cccc(NC(=O)Nc4ccc(Cl)cc4)c3C2=O)C(=O)N1,BDRAXWFDYORIRW-UHFFFAOYSA-N,urea,*c1ccc(Cl)cc1,412.83,2.75,107.6,3,4,3,2,0.2,0.673,5.0,3.5,4.08,True,True,False,False,True,True,True,True,False,True
GLUE0063,O=C1CCC(N2Cc3cccc(NC(=O)Oc4ccc(Cl)cc4)c3C2=O)C(=O)N1,UZTBNYPNRHEOSL-UHFFFAOYSA-N,carbamate,*c1ccc(Cl)cc1,413.82,2.71,104.8,2,5,3,2,0.2,0.753,5.0,3.5,4.52,True,True,False,False,True,True,True,True,False,True
GLUE0064,CC(C)(C)C(=O)Nc1cccc2c1C(=O)N(C1CCC(=O)NC1=O)C2,WSIADALFJLZHPD-UHFFFAOYSA-N,amide,*C(C)(C)C,343.38,1.43,95.6,2,4,2,1,0.444,0.794,5.0,4.0,5.31,True,False,False,True,True,True,True,True,False,False
GLUE0065,CC(C)(C)S(=O)(=O)Nc1cccc2c1C(=O)N(C1CCC(=O)NC1=O)C2,QCWVOGUNQPFGFN-UHFFFAOYSA-N,sulfonamide,*C(C)(C)C,379.44,0.99,112.7,2,5,3,1,0.471,0.761,5.0,3.5,4.61,True,False,False,False,True,True,True,True,False,False
GLUE0066,CC(C)(C)CC(=O)Nc1cccc2c1C(=O)N(C1CCC(=O)NC1=O)C2,NNFCJLKMERWMCC-UHFFFAOYSA-N,acetamide,*C(C)(C)C,357.41,1.82,95.6,2,4,3,1,0.474,0.807,5.0,4.0,5.31,True,False,False,True,True,True,True,True,False,False
GLUE0067,CC(C)(C)NC(=O)Nc1cccc2c1C(=O)N(C1CCC(=O)NC1=O)C2,VFWXYOCUQHIVAV-UHFFFAOYSA-N,urea,*C(C)(C)C,358.4,1.37,107.6,3,4,2,1,0.444,0.694,5.0,4.0,4.58,True,False,False,True,True,True,True,True,False,False
GLUE0068,CC(C)(C)OC(=O)Nc1cccc2c1C(=O)N(C1CCC(=O)NC1=O)C2,IAVXNCOAUQZCIP-UHFFFAOYSA-N,carbamate,*C(C)(C)C,359.38,1.79,104.8,2,5,2,1,0.444,0.784,5.0,4.0,5.01,True,False,False,True,True,True,True,True,False,False
GLUE0069,C=CCC(=O)Nc1cccc2c1C(=O)N(C1CCC(=O)NC1=O)C2,WRGVDFAJLKAFOM-UHFFFAOYSA-N,amide,*CC=C,327.34,0.96,95.6,2,4,4,1,0.294,0.636,5.0,4.0,5.31,True,False,False,True,True,True,True,True,False,False
GLUE0070,C=CCS(=O)(=O)Nc1cccc2c1C(=O)N(C1CCC(=O)NC1=O)C2,RXWNBUNURWQNFA-UHFFFAOYSA-N,sulfonamide,*CC=C,363.4,0.38,112.7,2,5,5,1,0.312,0.58,5.0,3.5,4.72,True,False,False,False,True,True,True,True,False,False
GLUE0071,C=CCCC(=O)Nc1cccc2c1C(=O)N(C1CCC(=O)NC1=O)C2,QZXNRNXLOMKUPH-UHFFFAOYSA-N,acetamide,*CC=C,341.37,1.35,95.6,2,4,5,1,0.333,0.624,5.0,4.0,5.31,True,False,False,True,True,True,True,True,False,False
GLUE0072,C=CCNC(=O)Nc1cccc2c1C(=O)N(C1CCC(=O)NC1=O)C2,MTNLRXUXFOQFOC-UHFFFAOYSA-N,urea,*CC=C,342.36,0.76,107.6,3,4,4,1,0.294,0.554,5.0,4.0,4.58,True,False,False,True,True,True,True,True,False,False
GLUE0073,C=CCOC(=O)Nc1cccc2c1C(=O)N(C1CCC(=O)NC1=O)C2,SADLRMDTQMXERB-UHFFFAOYSA-N,carbamate,*CC=C,343.34,1.18,104.8,2,5,4,1,0.294,0.631,5.0,4.0,5.01,True,False,False,True,True,True,True,True,False,False
GLUE0074,CCCCS(=O)(=O)Nc1cccc2c1C(=O)N(C1CCC(=O)NC1=O)C2,LOVGMAWUNXRAFH-UHFFFAOYSA-N,sulfonamide,*CCCC,379.44,0.99,112.7,2,5,6,1,0.471,0.716,5.0,3.5,4.61,True,False,False,False,True,True,True,True,False,False
GLUE0075,CCCCCC(=O)Nc1cccc2c1C(=O)N(C1CCC(=O)NC1=O)C2,LPVPMVFCCBRSRU-UHFFFAOYSA-N,acetamide,*CCCC,357.41,1.97,95.6,2,4,6,1,0.474,0.601,5.0,4.0,5.31,True,False,False,True,True,True,True,True,False,False
GLUE0076,CCCCNC(=O)Nc1cccc2c1C(=O)N(C1CCC(=O)NC1=O)C2,MPKPQEPFFBNDNF-UHFFFAOYSA-N,urea,*CCCC,358.4,1.37,107.6,3,4,5,1,0.444,0.546,5.0,4.0,4.58,True,False,False,True,True,True,True,True,False,False
GLUE0077,CCCCOC(=O)Nc1cccc2c1C(=O)N(C1CCC(=O)NC1=O)C2,DIDXPRVKKIPQJJ-UHFFFAOYSA-N,carbamate,*CCCC,359.38,1.8,104.8,2,5,5,1,0.444,0.616,5.0,4.0,5.01,True,False,False,True,True,True,True,True,False,False
GLUE0078,O=C1CCC(N2Cc3cccc(NC(=O)c4ccc(O)cc4)c3C2=O)C(=O)N1,LRZPUFSMDURFMH-UHFFFAOYSA-N,amide,*c1ccc(O)cc1,379.37,1.41,115.8,3,5,3,2,0.2,0.698,5.0,3.5,4.17,True,False,False,False,True,True,True,True,False,False
GLUE0079,O=C1CCC(N2Cc3cccc(NS(=O)(=O)c4ccc(O)cc4)c3C2=O)C(=O)N1,DRDYZVYAJYBIHO-UHFFFAOYSA-N,sulfonamide,*c1ccc(O)cc1,415.43,0.95,132.9,3,6,4,2,0.211,0.637,5.0,3.0,3.77,True,False,False,False,True,True,False,False,False,False
GLUE0080,O=C1CCC(N2Cc3cccc(NC(=O)Cc4ccc(O)cc4)c3C2=O)C(=O)N1,AWMOLUJWYZIAQM-UHFFFAOYSA-N,acetamide,*c1ccc(O)cc1,393.4,1.33,115.8,3,5,4,2,0.238,0.678,5.0,3.5,4.07,True,False,False,False,True,True,True,True,False,False
GLUE0081,O=C1CCC(N2Cc3cccc(NC(=O)Nc4ccc(O)cc4)c3C2=O)C(=O)N1,XKQIOMNTLHSMRO-UHFFFAOYSA-N,urea,*c1ccc(O)cc1,394.39,1.8,127.8,4,5,3,2,0.2,0.466,5.0,2.5,3.75,True,False,False,False,True,True,False,False,False,False
GLUE0082,O=C1CCC(N2Cc3cccc(NC(=O)Oc4ccc(O)cc4)c3C2=O)C(=O)N1,SRLSNUQKGDNGPE-UHFFFAOYSA-N,carbamate,*c1ccc(O)cc1,395.37,1.76,125.0,3,6,3,2,0.2,0.68,5.0,3.0,3.91,True,False,False,False,True,True,False,False,False,False
GLUE0083,O=C1CCC(N2Cc3cccc(NC(=O)C(=O)[O-])c3C2=O)C(=O)N1,LIAFGXHOAUPIAN-UHFFFAOYSA-M,amide,*C(=O)[O-],330.28,-1.86,135.7,2,6,2,1,0.267,0.482,5.0,3.5,4.5,True,False,False,False,True,True,False,True,False,False
GLUE0084,O=C1CCC(N2Cc3cccc(NS(=O)(=O)C(=O)[O-])c3C2=O)C(=O)N1,CCVLEXMIWQVVNE-UHFFFAOYSA-M,sulfonamide,*C(=O)[O-],366.33,-1.47,152.8,2,7,3,1,0.286,0.619,5.0,3.0,4.45,True,False,False,False,True,True,False,False,False,False
GLUE0085,O=C([O-])CC(=O)Nc1cccc2c1C(=O)N(C1CCC(=O)NC1=O)C2,KPRUHHNMRFOJDZ-UHFFFAOYSA-M,acetamide,*C(=O)[O-],344.3,-1.47,135.7,2,6,4,1,0.312,0.505,5.0,3.5,4.5,True,False,False,False,True,True,False,True,False,False
GLUE0086,O=C([O-])NC(=O)Nc1cccc2c1C(=O)N(C1CCC(=O)NC1=O)C2,RPSJQKNYIJPUSD-UHFFFAOYSA-M,urea,*C(=O)[O-],345.29,-1.09,147.7,3,6,2,1,0.267,0.58,5.0,3.5,4.17,True,False,False,False,True,True,False,True,False,False
GLUE0087,O=C1CCC(N2Cc3cccc(NC(=O)OC(=O)[O-])c3C2=O)C(=O)N1,CXDKFIQZXOTBBF-UHFFFAOYSA-M,carbamate,*C(=O)[O-],346.28,-0.66,144.9,2,7,2,1,0.267,0.411,5.0,3.5,4.5,True,False,False,False,True,True,False,True,False,False
GLUE0088,O=C1CCC(N2Cc3cccc(NC(=O)C4CCCCC4)c3C2=O)C(=O)N1,IDQUZTHKJXVVSW-UHFFFAOYSA-N,amide,*C1CCCCC1,369.42,1.97,95.6,2,4,3,1,0.5,0.796,5.0,3.5,5.25,True,False,False,False,True,True,True,True,False,False
GLUE0089,O=C1CCC(N2Cc3cccc(NS(=O)(=O)C4CCCCC4)c3C2=O)C(=O)N1,XHEJMCNMPPGXEP-UHFFFAOYSA-N,sulfonamide,*C1CCCCC1,405.48,1.52,112.7,2,5,4,1,0.526,0.738,5.0,3.5,4.42,True,False,False,False,True,True,True,True,False,False
GLUE0090,O=C1CCC(N2Cc3cccc(NC(=O)CC4CCCCC4)c3C2=O)C(=O)N1,NQXCVFZPCRIZJT-UHFFFAOYSA-N,acetamide,*C1CCCCC1,383.45,2.36,95.6,2,4,4,1,0.524,0.78,5.0,3.5,5.15,True,True,False,False,True,True,True,True,False,True
GLUE0091,O=C1CCC(N2Cc3cccc(NC(=O)NC4CCCCC4)c3C2=O)C(=O)N1,YEDSCESARQXMDS-UHFFFAOYSA-N,urea,*C1CCCCC1,384.44,1.9,107.6,3,4,3,1,0.5,0.692,5.0,3.5,4.41,True,False,False,False,True,True,True,True,False,False
GLUE0092,O=C1CCC(N2Cc3cccc(NC(=O)OC4CCCCC4)c3C2=O)C(=O)N1,WNIJKCNXYPGNHJ-UHFFFAOYSA-N,carbamate,*C1CCCCC1,385.42,2.33,104.8,2,5,3,1,0.5,0.777,5.0,3.5,4.82,True,True,False,False,True,True,True,True,False,True
GLUE0093,Nc1ccc(S(=O)(=O)C(=O)Nc2cccc3c2C(=O)N(C2CCC(=O)NC2=O)C3)cc1,PUKRLIFPGTZCIS-UHFFFAOYSA-N,amide,*S(=O)(=O)c1ccc(N)cc1,442.45,1.04,155.7,3,7,3,2,0.2,0.473,4.5,3.0,3.58,True,False,False,False,True,True,False,False,False,False
GLUE0094,Nc1ccc(S(=O)(=O)S(=O)(=O)Nc2cccc3c2C(=O)N(C2CCC(=O)NC2=O)C3)cc1,NXNYNOYBFPFRLU-UHFFFAOYSA-N,sulfonamide,*S(=O)(=O)c1ccc(N)cc1,478.51,0.16,172.8,3,8,5,2,0.211,0.31,4.5,3.0,3.32,False,False,False,False,True,True,False,False,False,False
GLUE0095,Nc1ccc(S(=O)(=O)CC(=O)Nc2cccc3c2C(=O)N(C2CCC(=O)NC2=O)C3)cc1,QSGXPDOXJCGMLE-UHFFFAOYSA-N,acetamide,*S(=O)(=O)c1ccc(N)cc1,456.48,0.44,155.7,3,7,5,2,0.238,0.435,4.5,3.0,3.48,False,False,False,False,True,True,False,False,False,False
GLUE0096,Nc1ccc(S(=O)(=O)NC(=O)Nc2cccc3c2C(=O)N(C2CCC(=O)NC2=O)C3)cc1,JFSKORDZXYDZKA-UHFFFAOYSA-N,urea,*S(=O)(=O)c1ccc(N)cc1,457.47,0.54,167.8,4,7,4,2,0.2,0.384,4.5,2.5,3.3,False,False,False,False,True,True,False,False,False,False
GLUE0097,Nc1ccc(S(=O)(=O)OC(=O)Nc2cccc3c2C(=O)N(C2CCC(=O)NC2=O)C3)cc1,IQRXVVQEODSYIS-UHFFFAOYSA-N,carbamate,*S(=O)(=O)c1ccc(N)cc1,458.45,0.97,165.0,3,8,4,2,0.2,0.346,4.5,3.0,3.46,False,False,False,False,True,True,False,False,False,False
GLUE0098,O=C1CCC(N2Cc3cccc(NC(=O)N4CCOCC4)c3C2=O)C(=O)N1,WVJKGYUPPXYAGX-UHFFFAOYSA-N,amide,*N1CCOCC1,372.38,0.31,108.1,2,5,2,1,0.444,0.727,5.0,3.5,4.81,True,False,False,False,True,True,True,True,False,False
GLUE0099,O=C1CCC(N2Cc3cccc(NS(=O)(=O)N4CCOCC4)c3C2=O)C(=O)N1,NDKPSQPLIFYMJN-UHFFFAOYSA-N,sulfonamide,*N1CCOCC1,408.44,-0.56,125.1,2,6,4,1,0.471,0.643,5.0,3.0,4.15,True,False,False,False,True,True,False,False,False,False
GLUE0100,O=C1CCC(N2Cc3cccc(NC(=O)CN4CCOCC4)c3C2=O)C(=O)N1,FVTNJTTUHALXRF-UHFFFAOYSA-N,acetamide,*N1CCOCC1,386.41,-0.28,108.1,2,6,4,1,0.474,0.689,9.5,3.5,3.96,True,False,False,False,True,True,True,True,False,False
GLUE0101,O=C1CCC(N2Cc3cccc(NC(=O)NN4CCOCC4)c3C2=O)C(=O)N1,IWAUWLHXOAQPSD-UHFFFAOYSA-N,urea,*N1CCOCC1,387.4,-0.18,120.1,3,6,3,1,0.444,0.619,9.5,3.0,3.22,True,False,False,False,True,True,False,False,False,False
GLUE0102,O=C1CCC(N2Cc3cccc(NC(=O)ON4CCOCC4)c3C2=O)C(=O)N1,DIANTYNBBSQQTL-UHFFFAOYSA-N,carbamate,*N1CCOCC1,388.38,0.24,117.3,2,7,3,1,0.444,0.713,9.5,3.5,3.64,True,False,False,False,True,True,True,True,False,False
GLUE0103,Cc1cccc(C)c1C(=O)Nc1cccc2c1C(=O)N(C1CCC(=O)NC1=O)C2,KJZZLYOJYUQAAR-UHFFFAOYSA-N,amide,*c1c(C)cccc1C,391.43,2.32,95.6,2,4,3,2,0.273,0.785,5.0,3.5,5.09,True,True,False,False,True,True,True,True,False,True
GLUE0104,Cc1cccc(C)c1S(=O)(=O)Nc1cccc2c1C(=O)N(C1CCC(=O)NC1=O)C2,NOTHXOCEAYJDFU-UHFFFAOYSA-N,sulfonamide,*c1c(C)cccc1C,427.48,1.87,112.7,2,5,4,2,0.286,0.724,5.0,3.5,4.26,True,False,False,False,True,True,True,True,False,False
GLUE0105,Cc1cccc(C)c1CC(=O)Nc1cccc2c1C(=O)N(C1CCC(=O)NC1=O)C2,DVAOLKJTLGCURF-UHFFFAOYSA-N,acetamide,*c1c(C)cccc1C,405.45,2.25,95.6,2,4,4,2,0.304,0.763,5.0,3.5,4.99,True,True,False,False,True,True,True,True,False,True
GLUE0106,Cc1cccc(C)c1NC(=O)Nc1cccc2c1C(=O)N(C1CCC(=O)NC1=O)C2,DZSKQPOPLKZDRW-UHFFFAOYSA-N,urea,*c1c(C)cccc1C,406.44,2.71,107.6,3,4,3,2,0.273,0.681,5.0,3.5,4.14,True,True,False,False,True,True,True,True,False,True
GLUE0107,Cc1cccc(C)c1OC(=O)Nc1cccc2c1C(=O)N(C1CCC(=O)NC1=O)C2,RMLCRDLSJREKKD-UHFFFAOYSA-N,carbamate,*c1c(C)cccc1C,407.43,2.68,104.8,2,5,3,2,0.273,0.761,5.0,3.5,4.58,True,True,False,False,True,True,True,True,False,True
GLUE0108,O=C1CCC(N2Cc3cccc(NC(=O)C(=O)CO)c3C2=O)C(=O)N1,SXSAXLMAWMOCGX-UHFFFAOYSA-N,amide,*C(=O)CO,345.31,-1.05,132.9,3,6,4,1,0.312,0.471,5.0,3.5,4.17,True,False,False,False,True,True,False,True,False,False
GLUE0109,O=C1CCC(N2Cc3cccc(NS(=O)(=O)C(=O)CO)c3C2=O)C(=O)N1,JPABXAFVGXBXBN-UHFFFAOYSA-N,sulfonamide,*C(=O)CO,381.37,-1.29,150.0,3,7,4,1,0.333,0.549,5.0,3.0,4.01,True,False,False,False,True,True,False,False,False,False
GLUE0110,O=C(CO)CC(=O)Nc1cccc2c1C(=O)N(C1CCC(=O)NC1=O)C2,DWTUVHSWWBORDL-UHFFFAOYSA-N,acetamide,*C(=O)CO,359.34,-0.66,132.9,3,6,5,1,0.353,0.472,5.0,3.5,4.17,True,False,False,False,True,True,False,True,False,False
GLUE0111,O=C(CO)NC(=O)Nc1cccc2c1C(=O)N(C1CCC(=O)NC1=O)C2,CTGZMMSJFVJMMK-UHFFFAOYSA-N,urea,*C(=O)CO,360.33,-0.91,144.9,4,6,3,1,0.312,0.514,5.0,2.5,4.0,True,False,False,False,True,True,False,False,False,False
GLUE0112,O=C1CCC(N2Cc3cccc(NC(=O)OC(=O)CO)c3C2=O)C(=O)N1,YLYAPHSXCFOZOG-UHFFFAOYSA-N,carbamate,*C(=O)CO,361.31,-0.49,142.1,3,7,3,1,0.312,0.375,5.0,3.0,4.16,True,False,False,False,True,True,False,False,False,False
GLUE0113,CCC(=O)C(=O)Nc1cccc2c1C(=O)N(C1CCC(=O)NC1=O)C2,LUUYZVVYJDOKOX-UHFFFAOYSA-N,amide,*C(=O)CC,343.34,0.37,112.7,2,5,4,1,0.353,0.606,5.0,4.0,4.74,True,False,False,True,True,True,True,True,False,False
GLUE0114,CCC(=O)S(=O)(=O)Nc1cccc2c1C(=O)N(C1CCC(=O)NC1=O)C2,JXPOAYXPKIRCCB-UHFFFAOYSA-N,sulfonamide,*C(=O)CC,379.39,0.13,129.7,2,6,4,1,0.375,0.715,5.0,3.0,4.36,True,False,False,False,True,True,False,False,False,False
GLUE0115,CCC(=O)CC(=O)Nc1cccc2c1C(=O)N(C1CCC(=O)NC1=O)C2,RLZOCHCHRFXKKY-UHFFFAOYSA-N,acetamide,*C(=O)CC,357.37,0.76,112.7,2,5,5,1,0.389,0.597,5.0,4.0,4.74,True,False,False,True,True,True,True,True,False,False
GLUE0116,CCC(=O)NC(=O)Nc1cccc2c1C(=O)N(C1CCC(=O)NC1=O)C2,OXYACFMSXYCQIK-UHFFFAOYSA-N,urea,*C(=O)CC,358.35,0.51,124.7,3,5,3,1,0.353,0.679,5.0,3.5,4.17,True,False,False,False,True,True,False,True,False,False
GLUE0117,CCC(=O)OC(=O)Nc1cccc2c1C(=O)N(C1CCC(=O)NC1=O)C2,RBWDKXDUEYIGPQ-UHFFFAOYSA-N,carbamate,*C(=O)CC,359.34,0.93,121.9,2,6,3,1,0.353,0.47,5.0,3.5,4.5,True,False,False,False,True,True,False,True,False,False
GLUE0118,NCCC(=O)Nc1cccc2c1C(=O)N(C1CCC(=O)NC1=O)C2,OUXJPWQIQUQSHW-UHFFFAOYSA-N,amide,*CCN,330.34,-0.27,121.6,3,5,4,1,0.375,0.656,9.0,3.5,3.67,True,False,False,False,True,True,False,True,False,False
GLUE0119,NCCS(=O)(=O)Nc1cccc2c1C(=O)N(C1CCC(=O)NC1=O)C2,MREQUQLLRIVJCJ-UHFFFAOYSA-N,sulfonamide,*CCN,366.4,-0.85,138.7,3,6,5,1,0.4,0.58,9.0,3.0,3.62,True,False,False,False,True,True,False,False,False,False
GLUE0120,NCCCC(=O)Nc1cccc2c1C(=O)N(C1CCC(=O)NC1=O)C2,QUJFFEHVVRWHBH-UHFFFAOYSA-N,acetamide,*CCN,344.37,0.13,121.6,3,5,5,1,0.412,0.655,9.0,3.5,3.67,True,False,False,False,True,True,False,True,False,False
GLUE0121,NCCNC(=O)Nc1cccc2c1C(=O)N(C1CCC(=O)NC1=O)C2,OAASMXLGCQXMIB-UHFFFAOYSA-N,urea,*CCN,345.36,-0.47,133.6,4,5,4,1,0.375,0.547,9.0,3.0,3.5,True,False,False,False,True,True,False,False,False,False
GLUE0122,NCCOC(=O)Nc1cccc2c1C(=O)N(C1CCC(=O)NC1=O)C2,UTFUPMYTWPKRND-UHFFFAOYSA-N,carbamate,*CCN,346.34,-0.05,130.8,3,6,4,1,0.375,0.656,9.0,3.5,3.67,True,False,False,False,True,True,False,True,False,False
GLUE0123,O=C1CCC(N2Cc3cccc(NC(=O)c4ccccc4Cl)c3C2=O)C(=O)N1,NXKHBGRBKTUBQW-UHFFFAOYSA-N,amide,*c1ccccc1Cl,397.82,2.35,95.6,2,4,3,2,0.2,0.777,5.0,3.5,5.04,True,True,False,False,True,True,True,True,False,True
GLUE0124,O=C1CCC(N2Cc3cccc(NS(=O)(=O)c4ccccc4Cl)c3C2=O)C(=O)N1,MCTKABDQCKVAJG-UHFFFAOYSA-N,sulfonamide,*c1ccccc1Cl,433.87,1.9,112.7,2,5,4,2,0.211,0.715,5.0,3.5,4.22,True,False,False,False,True,True,True,True,False,False
GLUE0125,O=C1CCC(N2Cc3cccc(NC(=O)Cc4ccccc4Cl)c3C2=O)C(=O)N1,PIIDRGQNTSBBNV-UHFFFAOYSA-N,acetamide,*c1ccccc1Cl,411.85,2.28,95.6,2,4,4,2,0.238,0.754,5.0,3.5,4.94,True,True,False,False,True,True,True,True,False,True
GLUE0126,O=C1CCC(N2Cc3cccc(NC(=O)Nc4ccccc4Cl)c3C2=O)C(=O)N1,HZCMJGNLZOFTHX-UHFFFAOYSA-N,urea,*c1ccccc1Cl,412.83,2.75,107.6,3,4,3,2,0.2,0.673,5.0,3.5,4.08,True,True,False,False,True,True,True,True,False,True
GLUE0127,O=C1CCC(N2Cc3cccc(NC(=O)Oc4ccccc4Cl)c3C2=O)C(=O)N1,QLHIIYHOEWEIQR-UHFFFAOYSA-N,carbamate,*c1ccccc1Cl,413.82,2.71,104.8,2,5,3,2,0.2,0.753,5.0,3.5,4.52,True,True,False,False,True,True,True,True,False,True
GLUE0128,CC(C)CS(=O)(=O)Nc1cccc2c1C(=O)N(C1CCC(=O)NC1=O)C2,VITYBGKVDPEOQW-UHFFFAOYSA-N,sulfonamide,*CC(C)C,379.44,0.85,112.7,2,5,5,1,0.471,0.737,5.0,3.5,4.61,True,False,False,False,True,True,True,True,False,False
GLUE0129,CC(C)CCC(=O)Nc1cccc2c1C(=O)N(C1CCC(=O)NC1=O)C2,NXBLIRQEOZFTEB-UHFFFAOYSA-N,acetamide,*CC(C)C,357.41,1.82,95.6,2,4,5,1,0.474,0.786,5.0,4.0,5.31,True,False,False,True,True,True,True,True,False,False
GLUE0130,CC(C)CNC(=O)Nc1cccc2c1C(=O)N(C1CCC(=O)NC1=O)C2,PWZMJPMLPLYHJW-UHFFFAOYSA-N,urea,*CC(C)C,358.4,1.23,107.6,3,4,4,1,0.444,0.704,5.0,4.0,4.58,True,False,False,True,True,True,True,True,False,False
GLUE0131,CC(C)COC(=O)Nc1cccc2c1C(=O)N(C1CCC(=O)NC1=O)C2,VHFOEEHILUFOQR-UHFFFAOYSA-N,carbamate,*CC(C)C,359.38,1.65,104.8,2,5,4,1,0.444,0.796,5.0,4.0,5.01,True,False,False,True,True,True,True,True,False,False
GLUE0132,O=C1CCC(N2Cc3cccc(NC(=O)N4CCCCC4)c3C2=O)C(=O)N1,GEOJWLIVQRPWFS-UHFFFAOYSA-N,amide,*N1CCCCC1,370.41,1.47,98.8,2,4,2,1,0.474,0.77,5.0,3.5,5.13,True,False,False,False,True,True,True,True,False,False
GLUE0133,O=C1CCC(N2Cc3cccc(NS(=O)(=O)N4CCCCC4)c3C2=O)C(=O)N1,CVUFOZPEIVSXPX-UHFFFAOYSA-N,sulfonamide,*N1CCCCC1,406.46,0.59,115.9,2,5,4,1,0.5,0.71,5.0,3.5,4.31,True,False,False,False,True,True,True,True,False,False
GLUE0134,O=C1CCC(N2Cc3cccc(NC(=O)CN4CCCCC4)c3C2=O)C(=O)N1,FIEBRTRGZMXTJK-UHFFFAOYSA-N,acetamide,*N1CCCCC1,384.44,0.87,98.8,2,5,4,1,0.5,0.751,9.5,3.5,4.28,True,False,False,False,True,True,True,True,False,False
GLUE0135,O=C1CCC(N2Cc3cccc(NC(=O)NN4CCCCC4)c3C2=O)C(=O)N1,MRVIPASUVLPWFV-UHFFFAOYSA-N,urea,*N1CCCCC1,385.42,0.97,110.8,3,5,3,1,0.474,0.672,9.5,3.5,3.54,True,False,False,False,True,True,True,True,False,False
GLUE0136,O=C1CCC(N2Cc3cccc(NC(=O)ON4CCCCC4)c3C2=O)C(=O)N1,IMOLQSOJQLWQOK-UHFFFAOYSA-N,carbamate,*N1CCCCC1,386.41,1.4,108.1,2,6,3,1,0.474,0.76,9.5,3.5,3.96,True,False,False,False,True,True,True,True,False,False
GLUE0137,O=C1CCC(N2Cc3cccc(NC(=O)c4cccs4)c3C2=O)C(=O)N1,KLNDLGIFNQDITR-UHFFFAOYSA-N,amide,*c1cccs1,369.4,1.76,95.6,2,5,3,2,0.222,0.806,5.0,3.5,5.25,True,False,False,False,True,True,True,True,False,False
GLUE0138,O=C1CCC(N2Cc3cccc(NS(=O)(=O)c4cccs4)c3C2=O)C(=O)N1,AXWOVVOPHDOAOB-UHFFFAOYSA-N,sulfonamide,*c1cccs1,405.46,1.31,112.7,2,6,4,2,0.235,0.745,5.0,3.5,4.42,True,False,False,False,True,True,True,True,False,False
GLUE0139,O=C1CCC(N2Cc3cccc(NC(=O)Cc4cccs4)c3C2=O)C(=O)N1,LOXRJWWUCLFVPP-UHFFFAOYSA-N,acetamide,*c1cccs1,383.43,1.69,95.6,2,5,4,2,0.263,0.786,5.0,3.5,5.15,True,False,False,False,True,True,True,True,False,False
GLUE0140,O=C1CCC(N2Cc3cccc(NC(=O)Nc4cccs4)c3C2=O)C(=O)N1,INJJUIMRAXVBCQ-UHFFFAOYSA-N,urea,*c1cccs1,384.42,2.15,107.6,3,5,3,2,0.222,0.705,5.0,3.5,4.41,True,True,False,False,True,True,True,True,False,True
GLUE0141,O=C1CCC(N2Cc3cccc(NC(=O)Oc4cccs4)c3C2=O)C(=O)N1,JGPBDKXQBOKWNI-UHFFFAOYSA-N,carbamate,*c1cccs1,385.4,2.12,104.8,2,6,3,2,0.222,0.788,5.0,3.5,4.82,True,True,False,False,True,True,True,True,False,True
GLUE0142,O=C1CCC(N2Cc3cccc(NC(=O)c4ccccn4)c3C2=O)C(=O)N1,BUBKWZUBRRFMTB-UHFFFAOYSA-N,amide,*c1ccccn1,364.36,1.09,108.5,2,5,3,2,0.211,0.793,5.0,3.5,4.85,True,False,False,False,True,True,True,True,False,False
GLUE0143,O=C1CCC(N2Cc3cccc(NS(=O)(=O)c4ccccn4)c3C2=O)C(=O)N1,PQSUDJVJHWEFGM-UHFFFAOYSA-N,sulfonamide,*c1ccccn1,400.42,0.64,125.5,2,6,4,2,0.222,0.726,5.0,3.0,4.21,True,False,False,False,True,True,False,False,False,False
GLUE0144,O=C1CCC(N2Cc3cccc(NC(=O)Cc4ccccn4)c3C2=O)C(=O)N1,AFFBKSCTKQJCMM-UHFFFAOYSA-N,acetamide,*c1ccccn1,378.39,1.02,108.5,2,5,4,2,0.25,0.773,5.0,3.5,4.75,True,False,False,False,True,True,True,True,False,False
GLUE0145,O=C1CCC(N2Cc3cccc(NC(=O)Nc4ccccn4)c3C2=O)C(=O)N1,SPZZCQCOXPJATC-UHFFFAOYSA-N,urea,*c1ccccn1,379.38,1.49,120.5,3,5,3,2,0.211,0.698,5.0,3.0,4.03,True,False,False,False,True,True,False,False,False,False
GLUE0146,O=C1CCC(N2Cc3cccc(NC(=O)Oc4ccccn4)c3C2=O)C(=O)N1,KGSLUCWSCQSCSK-UHFFFAOYSA-N,carbamate,*c1ccccn1,380.36,1.45,117.7,2,6,3,2,0.211,0.779,5.0,3.5,4.43,True,False,False,False,True,True,True,True,False,False
GLUE0147,O=C1CCC(N2Cc3cccc(NC(=O)C4CCCC4)c3C2=O)C(=O)N1,FGQPHPCFGOCIDN-UHFFFAOYSA-N,amide,*C1CCCC1,355.39,1.58,95.6,2,4,3,1,0.474,0.805,5.0,4.0,5.31,True,False,False,True,True,True,True,True,False,False
GLUE0148,O=C1CCC(N2Cc3cccc(NS(=O)(=O)C4CCCC4)c3C2=O)C(=O)N1,QTJKIGUNOJVDES-UHFFFAOYSA-N,sulfonamide,*C1CCCC1,391.45,1.13,112.7,2,5,4,1,0.5,0.747,5.0,3.5,4.52,True,False,False,False,True,True,True,True,False,False
GLUE0149,O=C1CCC(N2Cc3cccc(NC(=O)CC4CCCC4)c3C2=O)C(=O)N1,LNGBYQWJEIYBMT-UHFFFAOYSA-N,acetamide,*C1CCCC1,369.42,1.97,95.6,2,4,4,1,0.5,0.793,5.0,3.5,5.25,True,False,False,False,True,True,True,True,False,False
GLUE0150,O=C1CCC(N2Cc3cccc(NC(=O)NC4CCCC4)c3C2=O)C(=O)N1,UOQXKDZHXCFTBK-UHFFFAOYSA-N,urea,*C1CCCC1,370.41,1.51,107.6,3,4,3,1,0.474,0.701,5.0,3.5,4.51,True,False,False,False,True,True,True,True,False,False
GLUE0151,O=C1CCC(N2Cc3cccc(NC(=O)OC4CCCC4)c3C2=O)C(=O)N1,MEPSGXAVZUMCOT-UHFFFAOYSA-N,carbamate,*C1CCCC1,371.39,1.94,104.8,2,5,3,1,0.474,0.79,5.0,3.5,4.92,True,False,False,False,True,True,True,True,False,False
GLUE0152,Nc1ccc(C(=O)Nc2cccc3c2C(=O)N(C2CCC(=O)NC2=O)C3)cc1,KIBKUUPRHZAZFP-UHFFFAOYSA-N,amide,*c1ccc(N)cc1,378.39,1.28,121.6,3,5,3,2,0.2,0.549,4.5,3.0,4.04,True,False,False,False,True,True,False,False,False,False
GLUE0153,Nc1ccc(S(=O)(=O)Nc2cccc3c2C(=O)N(C2CCC(=O)NC2=O)C3)cc1,MGSJCKKBGYVWNN-UHFFFAOYSA-N,sulfonamide,*c1ccc(N)cc1,414.44,0.83,138.7,3,6,4,2,0.211,0.5,4.5,3.0,3.78,True,False,False,False,True,True,False,False,False,False
GLUE0154,Nc1ccc(CC(=O)Nc2cccc3c2C(=O)N(C2CCC(=O)NC2=O)C3)cc1,YIKOZAPJLQKOPB-UHFFFAOYSA-N,acetamide,*c1ccc(N)cc1,392.42,1.21,121.6,3,5,4,2,0.238,0.533,4.5,3.0,3.94,True,False,False,False,False,True,False,False,False,False
GLUE0155,Nc1ccc(NC(=O)Nc2cccc3c2C(=O)N(C2CCC(=O)NC2=O)C3)cc1,RVGHBXBWAJYFKE-UHFFFAOYSA-N,urea,*c1ccc(N)cc1,393.4,1.67,133.6,4,5,3,2,0.2,0.465,4.5,2.5,3.76,True,False,False,False,False,True,False,False,False,False
GLUE0156,Nc1ccc(OC(=O)Nc2cccc3c2C(=O)N(C2CCC(=O)NC2=O)C3)cc1,WXDICDVRIREZRL-UHFFFAOYSA-N,carbamate,*c1ccc(N)cc1,394.39,1.64,130.8,3,6,3,2,0.2,0.536,4.5,3.0,3.92,True,False,False,False,False,True,False,False,False,False
GLUE0157,CN1CCN(C(=O)Nc2cccc3c2C(=O)N(C2CCC(=O)NC2=O)C3)CC1,GCKYSGDQYRGVPH-UHFFFAOYSA-N,amide,*N1CCN(C)CC1,385.42,0.23,102.1,2,5,2,1,0.474,0.71,9.5,3.5,4.17,True,False,False,False,True,True,True,True,False,False
GLUE0158,CN1CCN(S(=O)(=O)Nc2cccc3c2C(=O)N(C2CCC(=O)NC2=O)C3)CC1,GZBFMYUSXHZQLD-UHFFFAOYSA-N,sulfonamide,*N1CCN(C)CC1,421.48,-0.65,119.1,2,6,4,1,0.5,0.624,9.5,3.5,3.34,True,False,False,False,True,True,True,True,False,False
GLUE0159,CN1CCN(CC(=O)Nc2cccc3c2C(=O)N(C2CCC(=O)NC2=O)C3)CC1,VYTKNVZTMFGXRB-UHFFFAOYSA-N,acetamide,*N1CCN(C)CC1,399.45,-0.37,102.1,2,6,4,1,0.5,0.67,9.5,3.5,4.07,True,False,False,False,True,True,True,True,False,False
GLUE0160,CN1CCN(NC(=O)Nc2cccc3c2C(=O)N(C2CCC(=O)NC2=O)C3)CC1,LPOMUFHMGCUFQU-UHFFFAOYSA-N,urea,*N1CCN(C)CC1,400.44,-0.27,114.1,3,6,3,1,0.474,0.602,9.5,3.5,3.32,True,False,False,False,True,True,True,True,False,False
GLUE0161,CN1CCN(OC(=O)Nc2cccc3c2C(=O)N(C2CCC(=O)NC2=O)C3)CC1,WHDZORDEFCILIX-UHFFFAOYSA-N,carbamate,*N1CCN(C)CC1,401.42,0.16,111.3,2,7,3,1,0.474,0.694,9.5,3.5,3.74,True,False,False,False,True,True,True,True,False,False
GLUE0162,O=C1CCC(N2Cc3cccc(NC(=O)c4ccc(F)cc4F)c3C2=O)C(=O)N1,RNSZBYRLKPUSGX-UHFFFAOYSA-N,amide,*c1ccc(F)cc1F,399.35,1.98,95.6,2,4,3,2,0.2,0.772,5.0,3.5,5.03,True,False,False,False,True,True,True,True,False,False
GLUE0163,O=C1CCC(N2Cc3cccc(NS(=O)(=O)c4ccc(F)cc4F)c3C2=O)C(=O)N1,ROPRWCGHKTYMBZ-UHFFFAOYSA-N,sulfonamide,*c1ccc(F)cc1F,435.41,1.53,112.7,2,5,4,2,0.211,0.708,5.0,3.5,4.21,True,False,False,False,True,True,True,True,False,False
GLUE0164,O=C1CCC(N2Cc3cccc(NC(=O)Cc4ccc(F)cc4F)c3C2=O)C(=O)N1,LEURGBMZTGHOSM-UHFFFAOYSA-N,acetamide,*c1ccc(F)cc1F,413.38,1.91,95.6,2,4,4,2,0.238,0.749,5.0,3.5,4.93,True,False,False,False,True,True,True,True,False,False
GLUE0165,O=C1CCC(N2Cc3cccc(NC(=O)Nc4ccc(F)cc4F)c3C2=O)C(=O)N1,MKAFMNGZWXNAPU-UHFFFAOYSA-N,urea,*c1ccc(F)cc1F,414.37,2.37,107.6,3,4,3,2,0.2,0.67,5.0,3.5,4.19,True,True,False,False,True,True,True,True,False,True
GLUE0166,O=C1CCC(N2Cc3cccc(NC(=O)Oc4ccc(F)cc4F)c3C2=O)C(=O)N1,AHSYUYRGZDCPGV-UHFFFAOYSA-N,carbamate,*c1ccc(F)cc1F,415.35,2.34,104.8,2,5,3,2,0.2,0.749,5.0,3.5,4.61,True,True,False,False,True,True,True,True,False,True
GLUE0167,O=C1CCC(N2Cc3cccc(NC(=O)c4c(Cl)cccc4Cl)c3C2=O)C(=O)N1,JQYZDSSMYHNNDH-UHFFFAOYSA-N,amide,*c1c(Cl)cccc1Cl,432.26,3.01,95.6,2,4,3,2,0.2,0.729,5.0,3.0,4.54,True,True,False,False,True,True,True,False,False,False
GLUE0168,O=C1CCC(N2Cc3cccc(NS(=O)(=O)c4c(Cl)cccc4Cl)c3C2=O)C(=O)N1,GHFJLZWVUCDISS-UHFFFAOYSA-N,sulfonamide,*c1c(Cl)cccc1Cl,468.32,2.56,112.7,2,5,4,2,0.211,0.67,5.0,3.5,3.94,False,True,False,False,True,True,True,True,False,False
GLUE0169,O=C1CCC(N2Cc3cccc(NC(=O)Cc4c(Cl)cccc4Cl)c3C2=O)C(=O)N1,OLPSVBGOFQJFGJ-UHFFFAOYSA-N,acetamide,*c1c(Cl)cccc1Cl,446.29,2.94,95.6,2,4,4,2,0.238,0.707,5.0,3.5,4.48,True,True,False,False,True,True,True,True,False,True
GLUE0170,O=C1CCC(N2Cc3cccc(NC(=O)Nc4c(Cl)cccc4Cl)c3C2=O)C(=O)N1,ZSZIIVPNXMUSHN-UHFFFAOYSA-N,urea,*c1c(Cl)cccc1Cl,447.28,3.4,107.6,3,4,3,2,0.2,0.627,5.0,3.0,3.31,True,True,False,False,True,True,True,False,False,False
GLUE0171,O=C1CCC(N2Cc3cccc(NC(=O)Oc4c(Cl)cccc4Cl)c3C2=O)C(=O)N1,SJHWVVLDHDOJKE-UHFFFAOYSA-N,carbamate,*c1c(Cl)cccc1Cl,448.26,3.37,104.8,2,5,3,2,0.2,0.701,5.0,3.0,3.76,True,True,False,False,True,True,True,False,False,False
GLUE0172,O=C1CCC(N2Cc3cccc(NC(=O)c4cccc(O)c4)c3C2=O)C(=O)N1,VQTDRGJRFPGXCW-UHFFFAOYSA-N,amide,*c1cccc(O)c1,379.37,1.41,115.8,3,5,3,2,0.2,0.698,5.0,3.5,4.17,True,False,False,False,True,True,True,True,False,False
GLUE0173,O=C1CCC(N2Cc3cccc(NS(=O)(=O)c4cccc(O)c4)c3C2=O)C(=O)N1,FPLLQHBEQVGHPO-UHFFFAOYSA-N,sulfonamide,*c1cccc(O)c1,415.43,0.95,132.9,3,6,4,2,0.211,0.637,5.0,3.0,3.77,True,False,False,False,True,True,False,False,False,False
GLUE0174,O=C1CCC(N2Cc3cccc(NC(=O)Cc4cccc(O)c4)c3C2=O)C(=O)N1,GPJMDWPCGADZOH-UHFFFAOYSA-N,acetamide,*c1cccc(O)c1,393.4,1.33,115.8,3,5,4,2,0.238,0.678,5.0,3.5,4.07,True,False,False,False,True,True,True,True,False,False
GLUE0175,O=C1CCC(N2Cc3cccc(NC(=O)Nc4cccc(O)c4)c3C2=O)C(=O)N1,HLOYEGFDJQDVGY-UHFFFAOYSA-N,urea,*c1cccc(O)c1,394.39,1.8,127.8,4,5,3,2,0.2,0.59,5.0,2.5,3.75,True,False,False,False,True,True,False,False,False,False
GLUE0176,O=C1CCC(N2Cc3cccc(NC(=O)Oc4cccc(O)c4)c3C2=O)C(=O)N1,XGLNEAGLWUCZDG-UHFFFAOYSA-N,carbamate,*c1cccc(O)c1,395.37,1.76,125.0,3,6,3,2,0.2,0.68,5.0,3.0,3.91,True,False,False,False,True,True,False,False,False,False
GLUE0177,N=C(N)NC(=O)Nc1cccc2c1C(=O)N(C1CCC(=O)NC1=O)C2,XKZVPNLCRCMPJP-UHFFFAOYSA-N,amide,*NC(=N)N,344.33,-0.54,157.5,5,5,2,1,0.267,0.277,9.0,3.0,3.5,True,False,False,False,True,True,False,False,False,False
GLUE0178,N=C(N)NS(=O)(=O)Nc1cccc2c1C(=O)N(C1CCC(=O)NC1=O)C2,OTHPAZSWFXNTMT-UHFFFAOYSA-N,sulfonamide,*NC(=N)N,380.39,-1.41,174.5,5,6,4,1,0.286,0.243,9.0,2.5,3.35,True,False,False,False,True,True,False,False,False,False
GLUE0179,N=C(N)NCC(=O)Nc1cccc2c1C(=O)N(C1CCC(=O)NC1=O)C2,QPMMZYQZKAWKEI-UHFFFAOYSA-N,acetamide,*NC(=N)N,358.36,-1.13,157.5,5,5,4,1,0.312,0.26,9.0,3.0,3.5,True,False,False,False,True,True,False,False,False,False
GLUE0180,N=C(N)NNC(=O)Nc1cccc2c1C(=O)N(C1CCC(=O)NC1=O)C2,XISIBTDCEQVTEQ-UHFFFAOYSA-N,urea,*NC(=N)N,359.35,-1.03,169.5,6,5,2,1,0.267,0.171,9.0,3.0,3.5,True,False,False,False,True,True,False,False,False,False
GLUE0181,N=C(N)NOC(=O)Nc1cccc2c1C(=O)N(C1CCC(=O)NC1=O)C2,HGBJEFCJOJNZRE-UHFFFAOYSA-N,carbamate,*NC(=N)N,360.33,-0.61,166.7,5,6,2,1,0.267,0.203,9.0,2.5,3.5,True,False,False,False,True,True,False,False,False,False
GLUE0182,O=C([O-])CS(=O)(=O)Nc1cccc2c1C(=O)N(C1CCC(=O)NC1=O)C2,FMQOUJRFGHXALR-UHFFFAOYSA-M,sulfonamide,*CC(=O)[O-],380.36,-2.06,152.8,2,7,5,1,0.333,0.557,5.0,3.0,4.35,True,False,False,False,True,True,False,False,False,False
GLUE0183,O=C([O-])CCC(=O)Nc1cccc2c1C(=O)N(C1CCC(=O)NC1=O)C2,XWURTPFNKLLKQL-UHFFFAOYSA-M,acetamide,*CC(=O)[O-],358.33,-1.08,135.7,2,6,5,1,0.353,0.643,5.0,3.5,4.5,True,False,False,False,True,True,False,True,False,False
GLUE0184,O=C([O-])CNC(=O)Nc1cccc2c1C(=O)N(C1CCC(=O)NC1=O)C2,MVCHGDFKABEZIS-UHFFFAOYSA-M,urea,*CC(=O)[O-],359.32,-1.68,147.7,3,6,4,1,0.312,0.547,5.0,3.5,4.17,True,False,False,False,True,True,False,True,False,False
GLUE0185,O=C([O-])COC(=O)Nc1cccc2c1C(=O)N(C1CCC(=O)NC1=O)C2,DJFBIOLQDUGMOL-UHFFFAOYSA-M,carbamate,*CC(=O)[O-],360.3,-1.25,144.9,2,7,4,1,0.312,0.638,5.0,3.0,4.5,True,False,False,False,True,True,False,False,False,False
GLUE0186,O=C1CCC(N2Cc3cccc(NC(=O)c4ccncc4)c3C2=O)C(=O)N1,OKMDFEJJRBVMIV-UHFFFAOYSA-N,amide,*c1ccncc1,364.36,1.09,108.5,2,5,3,2,0.211,0.793,5.0,3.5,4.85,True,False,False,False,True,True,True,True,False,False
GLUE0187,O=C1CCC(N2Cc3cccc(NS(=O)(=O)c4ccncc4)c3C2=O)C(=O)N1,RRINMLFSJVWGEV-UHFFFAOYSA-N,sulfonamide,*c1ccncc1,400.42,0.64,125.5,2,6,4,2,0.222,0.726,5.0,3.0,4.21,True,False,False,False,True,True,False,False,False,False
GLUE0188,O=C1CCC(N2Cc3cccc(NC(=O)Cc4ccncc4)c3C2=O)C(=O)N1,DHNDQBOUAIIDBZ-UHFFFAOYSA-N,acetamide,*c1ccncc1,378.39,1.02,108.5,2,5,4,2,0.25,0.773,5.0,3.5,4.75,True,False,False,False,True,True,True,True,False,False
GLUE0189,O=C1CCC(N2Cc3cccc(NC(=O)Nc4ccncc4)c3C2=O)C(=O)N1,WYJPKPAUBXDCTD-UHFFFAOYSA-N,urea,*c1ccncc1,379.38,1.49,120.5,3,5,3,2,0.211,0.698,5.0,3.0,4.03,True,False,False,False,True,True,False,False,False,False
GLUE0190,O=C1CCC(N2Cc3cccc(NC(=O)Oc4ccncc4)c3C2=O)C(=O)N1,KFFDDJQMTMJZLZ-UHFFFAOYSA-N,carbamate,*c1ccncc1,380.36,1.45,117.7,2,6,3,2,0.211,0.779,5.0,3.5,4.43,True,False,False,False,True,True,True,True,False,False
GLUE0191,C[N+](C)(C)C(=O)Nc1cccc2c1C(=O)N(C1CCC(=O)NC1=O)C2,ALPVKAQWVCFAFP-UHFFFAOYSA-O,amide,*[N+](C)(C)C,345.38,0.69,95.6,2,4,2,1,0.412,0.609,5.0,4.0,5.31,True,False,False,True,True,True,True,True,False,False
GLUE0192,C[N+](C)(C)S(=O)(=O)Nc1cccc2c1C(=O)N(C1CCC(=O)NC1=O)C2,RVUURZAETVYBHS-UHFFFAOYSA-O,sulfonamide,*[N+](C)(C)C,381.43,-0.19,112.7,2,5,4,1,0.438,0.555,5.0,3.5,4.59,True,False,False,False,True,True,True,True,False,False
GLUE0193,C[N+](C)(C)CC(=O)Nc1cccc2c1C(=O)N(C1CCC(=O)NC1=O)C2,PRYSDMVPUNMADD-UHFFFAOYSA-O,acetamide,*[N+](C)(C)C,359.41,0.09,95.6,2,4,4,1,0.444,0.588,5.0,4.0,5.31,True,False,False,True,True,True,True,True,False,False
GLUE0194,C[N+](C)(C)NC(=O)Nc1cccc2c1C(=O)N(C1CCC(=O)NC1=O)C2,XVEVZHFKBIZCPN-UHFFFAOYSA-O,urea,*[N+](C)(C)C,360.39,0.19,107.6,3,4,3,1,0.412,0.406,5.0,3.5,4.58,True,False,False,False,True,True,True,True,False,False
GLUE0195,C[N+](C)(C)OC(=O)Nc1cccc2c1C(=O)N(C1CCC(=O)NC1=O)C2,UWBGSHLPLFQNCI-UHFFFAOYSA-O,carbamate,*[N+](C)(C)C,361.38,0.62,104.8,2,5,3,1,0.412,0.466,5.0,3.5,5.0,True,False,False,False,True,True,True,True,False,False
GLUE0196,CCCC(C)C(=O)Nc1cccc2c1C(=O)N(C1CCC(=O)NC1=O)C2,PJSOXFRIEUYPJA-UHFFFAOYSA-N,amide,*C(C)CCC,357.41,1.82,95.6,2,4,5,1,0.474,0.786,5.0,4.0,5.31,True,False,False,True,True,True,True,True,False,False
GLUE0197,CCCC(C)S(=O)(=O)Nc1cccc2c1C(=O)N(C1CCC(=O)NC1=O)C2,GHDRMUIXCYMRQG-UHFFFAOYSA-N,sulfonamide,*C(C)CCC,393.47,1.38,112.7,2,5,6,1,0.5,0.709,5.0,3.5,4.51,True,False,False,False,True,True,True,True,False,False
GLUE0198,CCCC(C)CC(=O)Nc1cccc2c1C(=O)N(C1CCC(=O)NC1=O)C2,VYYLDVRPQPAQEZ-UHFFFAOYSA-N,acetamide,*C(C)CCC,371.44,2.21,95.6,2,4,6,1,0.5,0.75,5.0,3.5,5.23,True,True,False,False,True,True,True,True,False,True
GLUE0199,CCCC(C)NC(=O)Nc1cccc2c1C(=O)N(C1CCC(=O)NC1=O)C2,XMXWEZAGUNPSJR-UHFFFAOYSA-N,urea,*C(C)CCC,372.43,1.76,107.6,3,4,5,1,0.474,0.685,5.0,3.5,4.49,True,False,False,False,True,True,True,True,False,False
GLUE0200,CCCC(C)OC(=O)Nc1cccc2c1C(=O)N(C1CCC(=O)NC1=O)C2,KOFUVUJQMCHFHN-UHFFFAOYSA-N,carbamate,*C(C)CCC,373.41,2.18,104.8,2,5,5,1,0.474,0.77,5.0,3.5,4.91,True,True,False,False,True,True,True,True,False,True
GLUE0201,CC(C(=O)O)C(=O)Nc1cccc2c1C(=O)N(C1CCC(=O)NC1=O)C2,IZBCUVLOQVFBHC-UHFFFAOYSA-N,amide,*C(C)C(=O)O,359.34,0.11,132.9,3,5,4,1,0.353,0.516,5.0,3.5,4.17,True,False,False,False,True,True,False,True,False,False
GLUE0202,CC(C(=O)O)S(=O)(=O)Nc1cccc2c1C(=O)N(C1CCC(=O)NC1=O)C2,TWTRVVAFSBKWRC-UHFFFAOYSA-N,sulfonamide,*C(C)C(=O)O,395.39,-0.34,149.9,3,6,5,1,0.375,0.577,5.0,3.0,3.91,True,False,False,False,True,True,False,False,False,False
GLUE0203,CC(CC(=O)Nc1cccc2c1C(=O)N(C1CCC(=O)NC1=O)C2)C(=O)O,SORDLDIFRFWGKB-UHFFFAOYSA-N,acetamide,*C(C)C(=O)O,373.37,0.5,132.9,3,5,5,1,0.389,0.644,5.0,3.0,4.07,True,False,False,False,True,True,False,False,False,False
GLUE0204,CC(NC(=O)Nc1cccc2c1C(=O)N(C1CCC(=O)NC1=O)C2)C(=O)O,JFQYWFSNSWXXIQ-UHFFFAOYSA-N,urea,*C(C)C(=O)O,374.35,0.04,144.9,4,5,4,1,0.353,0.548,5.0,2.5,3.9,True,False,False,False,True,True,False,False,False,False
GLUE0205,CC(OC(=O)Nc1cccc2c1C(=O)N(C1CCC(=O)NC1=O)C2)C(=O)O,MCHYNMDUZMLDJU-UHFFFAOYSA-N,carbamate,*C(C)C(=O)O,375.34,0.47,142.1,3,6,4,1,0.353,0.649,5.0,3.0,4.06,True,False,False,False,True,True,False,False,False,False
GLUE0206,N[C@@H](CC(=O)Nc1cccc2c1C(=O)N(C1CCC(=O)NC1=O)C2)C(=O)O,LPTMWKCSXDUISU-FTNKSUMCSA-N,amide,*C[C@H](N)C(=O)O,374.35,-0.81,158.9,4,6,5,1,0.353,0.49,9.0,2.5,3.4,True,False,False,False,True,True,False,False,False,False
GLUE0207,N[C@@H](CS(=O)(=O)Nc1cccc2c1C(=O)N(C1CCC(=O)NC1=O)C2)C(=O)O,DYIOTDVIVVTFJK-FTNKSUMCSA-N,sulfonamide,*C[C@H](N)C(=O)O,410.41,-1.4,176.0,4,7,6,1,0.375,0.414,9.0,2.5,3.14,True,False,False,False,True,True,False,False,False,False
GLUE0208,N[C@@H](CCC(=O)Nc1cccc2c1C(=O)N(C1CCC(=O)NC1=O)C2)C(=O)O,GRCCERFMGXXIPP-NUHJPDEHSA-N,acetamide,*C[C@H](N)C(=O)O,388.38,-0.42,158.9,4,6,6,1,0.389,0.482,9.0,2.5,3.3,True,False,False,False,True,True,False,False,False,False
GLUE0209,N[C@@H](CNC(=O)Nc1cccc2c1C(=O)N(C1CCC(=O)NC1=O)C2)C(=O)O,MNANZELILYHWIH-FTNKSUMCSA-N,urea,*C[C@H](N)C(=O)O,389.37,-1.02,170.9,5,6,5,1,0.353,0.401,9.0,2.5,3.29,True,False,False,False,True,True,False,False,False,False
GLUE0210,N[C@@H](COC(=O)Nc1cccc2c1C(=O)N(C1CCC(=O)NC1=O)C2)C(=O)O,GPIGYJLBCCQPOF-FTNKSUMCSA-N,carbamate,*C[C@H](N)C(=O)O,390.35,-0.59,168.1,4,7,5,1,0.353,0.484,9.0,2.5,3.28,True,False,False,False,True,True,False,False,False,False
GLUE0211,O=C1CCC(N2Cc3cccc(NC(=O)N4CCCC4)c3C2=O)C(=O)N1,ORXGPIAQEFRADA-UHFFFAOYSA-N,amide,*N1CCCC1,356.38,1.08,98.8,2,4,2,1,0.444,0.775,5.0,4.0,5.21,True,False,False,True,True,True,True,True,False,False
GLUE0212,O=C1CCC(N2Cc3cccc(NS(=O)(=O)N4CCCC4)c3C2=O)C(=O)N1,SXZYCOXLPCGFNQ-UHFFFAOYSA-N,sulfonamide,*N1CCCC1,392.44,0.2,115.9,2,5,4,1,0.471,0.71,5.0,3.5,4.41,True,False,False,False,True,True,True,True,False,False
GLUE0213,O=C1CCC(N2Cc3cccc(NC(=O)CN4CCCC4)c3C2=O)C(=O)N1,IHCLSCZTHOARFD-UHFFFAOYSA-N,acetamide,*N1CCCC1,370.41,0.48,98.8,2,5,4,1,0.474,0.752,9.5,3.5,4.38,True,False,False,False,True,True,True,True,False,False
GLUE0214,O=C1CCC(N2Cc3cccc(NC(=O)NN4CCCC4)c3C2=O)C(=O)N1,OHJAUBGTMGOHPQ-UHFFFAOYSA-N,urea,*N1CCCC1,371.4,0.58,110.8,3,5,3,1,0.444,0.673,9.5,3.5,3.64,True,False,False,False,True,True,True,True,False,False
GLUE0215,O=C1CCC(N2Cc3cccc(NC(=O)ON4CCCC4)c3C2=O)C(=O)N1,WSMZOBVZOIGMGK-UHFFFAOYSA-N,carbamate,*N1CCCC1,372.38,1.01,108.1,2,6,3,1,0.444,0.767,9.5,3.5,4.06,True,False,False,False,True,True,True,True,False,False
GLUE0216,O=C1CCC(N2Cc3cccc(NC(=O)N4CCNCC4)c3C2=O)C(=O)N1,WSTVOGLTCGIURZ-UHFFFAOYSA-N,amide,*N1CCNCC1,371.4,-0.12,110.8,3,5,2,1,0.444,0.628,9.0,3.5,3.89,True,False,False,False,True,True,True,True,False,False
GLUE0217,O=C1CCC(N2Cc3cccc(NS(=O)(=O)N4CCNCC4)c3C2=O)C(=O)N1,YTFFDEMPWKFXAV-UHFFFAOYSA-N,sulfonamide,*N1CCNCC1,407.45,-0.99,127.9,3,6,4,1,0.471,0.55,9.5,3.0,3.08,True,False,False,False,True,True,False,False,False,False
GLUE0218,O=C1CCC(N2Cc3cccc(NC(=O)CN4CCNCC4)c3C2=O)C(=O)N1,DZRRPVFRRNAAPU-UHFFFAOYSA-N,acetamide,*N1CCNCC1,385.42,-0.71,110.8,3,6,4,1,0.474,0.591,9.5,3.5,3.54,True,False,False,False,True,True,True,True,False,False
GLUE0219,O=C1CCC(N2Cc3cccc(NC(=O)NN4CCNCC4)c3C2=O)C(=O)N1,HJIQMBZBWWTDJS-UHFFFAOYSA-N,urea,*N1CCNCC1,386.41,-0.61,122.9,4,6,3,1,0.444,0.514,9.5,2.5,3.06,True,False,False,False,True,True,False,False,False,False
GLUE0220,O=C1CCC(N2Cc3cccc(NC(=O)ON4CCNCC4)c3C2=O)C(=O)N1,VJTUSBDMGVYKJP-UHFFFAOYSA-N,carbamate,*N1CCNCC1,387.4,-0.18,120.1,3,7,3,1,0.444,0.615,9.5,3.0,3.22,True,False,False,False,True,True,False,False,False,False
GLUE0221,O=C1CCC(N2Cc3cccc(NC(=O)CC4=NCCN4)c3C2=O)C(=O)N1,VYDHOQYQCLGGQD-UHFFFAOYSA-N,amide,*CC1=NCCN1,369.38,-0.22,120.0,3,6,4,1,0.389,0.634,9.0,3.5,3.6,True,False,False,False,True,True,True,True,False,False
GLUE0222,O=C1CCC(N2Cc3cccc(NS(=O)(=O)CC4=NCCN4)c3C2=O)C(=O)N1,CDIWQKPHBTZSHV-UHFFFAOYSA-N,sulfonamide,*CC1=NCCN1,405.44,-0.81,137.0,3,7,5,1,0.412,0.548,9.0,3.0,3.34,True,False,False,False,True,True,False,False,False,False
GLUE0223,O=C1CCC(N2Cc3cccc(NC(=O)CCC4=NCCN4)c3C2=O)C(=O)N1,NBAORDZJAPWKGG-UHFFFAOYSA-N,acetamide,*CC1=NCCN1,383.41,0.17,120.0,3,6,5,1,0.421,0.626,9.0,3.5,3.5,True,False,False,False,True,True,True,True,False,False
GLUE0224,O=C1CCC(N2Cc3cccc(NC(=O)NCC4=NCCN4)c3C2=O)C(=O)N1,IRLKUGRRPIIORE-UHFFFAOYSA-N,urea,*CC1=NCCN1,384.4,-0.43,132.0,4,6,4,1,0.389,0.523,9.0,2.5,3.33,True,False,False,False,True,True,False,False,False,False
GLUE0225,O=C1CCC(N2Cc3cccc(NC(=O)OCC4=NCCN4)c3C2=O)C(=O)N1,SWYPZERVIHEEBM-UHFFFAOYSA-N,carbamate,*CC1=NCCN1,385.38,-0.0,129.2,3,7,4,1,0.389,0.626,9.0,3.0,3.49,True,False,False,False,True,True,False,False,False,False
GLUE0226,CN1CCC(C(=O)Nc2cccc3c2C(=O)N(C2CCC(=O)NC2=O)C3)CC1,URRMYTNLWYJDJP-UHFFFAOYSA-N,amide,*C1CCN(C)CC1,384.44,0.73,98.8,2,5,3,1,0.5,0.749,9.5,3.5,4.28,True,False,False,False,True,True,True,True,False,False
GLUE0227,CN1CCC(S(=O)(=O)Nc2cccc3c2C(=O)N(C2CCC(=O)NC2=O)C3)CC1,MIIVCHPNLRDGGO-UHFFFAOYSA-N,sulfonamide,*C1CCN(C)CC1,420.49,0.28,115.9,2,6,4,1,0.526,0.676,9.5,3.5,3.45,True,False,False,False,True,True,True,True,False,False
GLUE0228,CN1CCC(CC(=O)Nc2cccc3c2C(=O)N(C2CCC(=O)NC2=O)C3)CC1,RJDOSRJWLYOLCN-UHFFFAOYSA-N,acetamide,*C1CCN(C)CC1,398.46,1.12,98.8,2,5,4,1,0.524,0.741,9.5,3.5,4.18,True,False,False,False,True,True,True,True,False,False
GLUE0229,CN1CCC(NC(=O)Nc2cccc3c2C(=O)N(C2CCC(=O)NC2=O)C3)CC1,UFBRUWFPLSDMQS-UHFFFAOYSA-N,urea,*C1CCN(C)CC1,399.45,0.66,110.8,3,5,3,1,0.5,0.647,9.5,3.5,3.44,True,False,False,False,True,True,True,True,False,False
GLUE0230,CN1CCC(OC(=O)Nc2cccc3c2C(=O)N(C2CCC(=O)NC2=O)C3)CC1,UQFULSDSPIKNQG-UHFFFAOYSA-N,carbamate,*C1CCN(C)CC1,400.44,1.09,108.1,2,6,3,1,0.5,0.736,9.5,3.5,3.86,True,False,False,False,True,True,True,True,False,False
GLUE0231,Cc1ccccc1C(=O)Nc1cccc2c1C(=O)N(C1CCC(=O)NC1=O)C2,GGVILTXJFNCTOC-UHFFFAOYSA-N,amide,*c1ccccc1C,377.4,2.01,95.6,2,4,3,2,0.238,0.8,5.0,3.5,5.19,True,True,False,False,True,True,True,True,False,True
GLUE0232,Cc1ccccc1S(=O)(=O)Nc1cccc2c1C(=O)N(C1CCC(=O)NC1=O)C2,ADRIBEWTTWYRGS-UHFFFAOYSA-N,sulfonamide,*c1ccccc1C,413.46,1.56,112.7,2,5,4,2,0.25,0.739,5.0,3.5,4.36,True,False,False,False,True,True,True,True,False,False
GLUE0233,Cc1ccccc1CC(=O)Nc1cccc2c1C(=O)N(C1CCC(=O)NC1=O)C2,RXORRIBCROHRSO-UHFFFAOYSA-N,acetamide,*c1ccccc1C,391.43,1.94,95.6,2,4,4,2,0.273,0.779,5.0,3.5,5.09,True,False,False,False,True,True,True,True,False,False
GLUE0234,Cc1ccccc1NC(=O)Nc1cccc2c1C(=O)N(C1CCC(=O)NC1=O)C2,SIYSGUMNJWOJQX-UHFFFAOYSA-N,urea,*c1ccccc1C,392.42,2.4,107.6,3,4,3,2,0.238,0.697,5.0,3.5,4.35,True,True,False,False,True,True,True,True,False,True
GLUE0235,Cc1ccccc1OC(=O)Nc1cccc2c1C(=O)N(C1CCC(=O)NC1=O)C2,GYJIAQPGDTVQKZ-UHFFFAOYSA-N,carbamate,*c1ccccc1C,393.4,2.37,104.8,2,5,3,2,0.238,0.779,5.0,3.5,4.77,True,True,False,False,True,True,True,True,False,True
GLUE0236,O=C1CCC(N2Cc3cccc(NC(=O)c4cccc5ccccc45)c3C2=O)C(=O)N1,VWGGVYHCNQJVIZ-UHFFFAOYSA-N,amide,*c1cccc2ccccc12,413.43,2.85,95.6,2,4,3,3,0.167,0.646,5.0,3.5,4.76,True,True,False,False,True,True,True,True,False,True
GLUE0237,O=C1CCC(N2Cc3cccc(NS(=O)(=O)c4cccc5ccccc45)c3C2=O)C(=O)N1,JSMMRAGLPBVOBQ-UHFFFAOYSA-N,sulfonamide,*c1cccc2ccccc12,449.49,2.4,112.7,2,5,4,3,0.174,0.594,5.0,3.5,4.11,True,True,False,False,True,True,True,True,False,True
GLUE0238,O=C1CCC(N2Cc3cccc(NC(=O)Cc4cccc5ccccc45)c3C2=O)C(=O)N1,PZHORBCJUXAHPL-UHFFFAOYSA-N,acetamide,*c1cccc2ccccc12,427.46,2.78,95.6,2,4,4,3,0.2,0.626,5.0,3.5,4.69,True,True,False,False,True,True,True,True,False,True
GLUE0239,O=C1CCC(N2Cc3cccc(NC(=O)Nc4cccc5ccccc45)c3C2=O)C(=O)N1,SRZOXEZFRCGZIU-UHFFFAOYSA-N,urea,*c1cccc2ccccc12,428.45,3.24,107.6,3,4,3,3,0.167,0.557,5.0,3.0,3.6,True,True,False,False,True,True,True,False,False,False
GLUE0240,O=C1CCC(N2Cc3cccc(NC(=O)Oc4cccc5ccccc45)c3C2=O)C(=O)N1,KUNOATSJTXXMSK-UHFFFAOYSA-N,carbamate,*c1cccc2ccccc12,429.43,3.21,104.8,2,5,3,3,0.167,0.622,5.0,3.0,4.05,True,True,False,False,True,True,True,False,False,False
GLUE0241,O=C1CCC(N2Cc3cccc(NC(=O)c4ncnc5[nH]ccc45)c3C2=O)C(=O)N1,IYFKIAWVJZSUTI-UHFFFAOYSA-N,amide,*c1ncnc2[nH]ccc12,404.39,0.97,137.1,3,6,3,3,0.2,0.556,5.0,3.0,3.85,True,False,False,False,True,True,False,False,False,False
GLUE0242,O=C1CCC(N2Cc3cccc(NS(=O)(=O)c4ncnc5[nH]ccc45)c3C2=O)C(=O)N1,AVPYHPFCOQAZRY-UHFFFAOYSA-N,sulfonamide,*c1ncnc2[nH]ccc12,440.44,0.52,154.2,3,7,4,3,0.211,0.395,5.0,3.0,3.59,True,False,False,False,True,True,False,False,False,False
GLUE0243,O=C1CCC(N2Cc3cccc(NC(=O)Cc4ncnc5[nH]ccc45)c3C2=O)C(=O)N1,WGHRETVZRKRHBU-UHFFFAOYSA-N,acetamide,*c1ncnc2[nH]ccc12,418.41,0.9,137.1,3,6,4,3,0.238,0.539,5.0,3.0,3.75,True,False,False,False,True,True,False,False,False,False
GLUE0244,O=C1CCC(N2Cc3cccc(NC(=O)Nc4ncnc5[nH]ccc45)c3C2=O)C(=O)N1,CKDZESMPDVQHNM-UHFFFAOYSA-N,urea,*c1ncnc2[nH]ccc12,419.4,1.36,149.2,4,6,3,3,0.2,0.471,5.0,2.5,3.58,True,False,False,False,True,True,False,False,False,False
GLUE0245,O=C1CCC(N2Cc3cccc(NC(=O)Oc4ncnc5[nH]ccc45)c3C2=O)C(=O)N1,ORFBATGFIQDXNA-UHFFFAOYSA-N,carbamate,*c1ncnc2[nH]ccc12,420.39,1.33,146.4,3,7,3,3,0.2,0.542,5.0,3.0,3.74,True,False,False,False,True,True,False,False,False,False
GLUE0246,Cc1ccc(C(=O)Nc2cccc3c2C(=O)N(C2CCC(=O)NC2=O)C3)cc1,VZSJVLNSVTYBFL-UHFFFAOYSA-N,amide,*c1ccc(C)cc1,377.4,2.01,95.6,2,4,3,2,0.238,0.8,5.0,3.5,5.19,True,True,False,False,True,True,True,True,False,True
GLUE0247,Cc1ccc(S(=O)(=O)Nc2cccc3c2C(=O)N(C2CCC(=O)NC2=O)C3)cc1,QQNJHLJRJZLVMU-UHFFFAOYSA-N,sulfonamide,*c1ccc(C)cc1,413.46,1.56,112.7,2,5,4,2,0.25,0.739,5.0,3.5,4.36,True,False,False,False,True,True,True,True,False,False
GLUE0248,Cc1ccc(CC(=O)Nc2cccc3c2C(=O)N(C2CCC(=O)NC2=O)C3)cc1,UENQLSJGAYCLRL-UHFFFAOYSA-N,acetamide,*c1ccc(C)cc1,391.43,1.94,95.6,2,4,4,2,0.273,0.779,5.0,3.5,5.09,True,False,False,False,True,True,True,True,False,False
GLUE0249,Cc1ccc(NC(=O)Nc2cccc3c2C(=O)N(C2CCC(=O)NC2=O)C3)cc1,FZPZYDCWZWILNT-UHFFFAOYSA-N,urea,*c1ccc(C)cc1,392.42,2.4,107.6,3,4,3,2,0.238,0.697,5.0,3.5,4.35,True,True,False,False,True,True,True,True,False,True
GLUE0250,Cc1ccc(OC(=O)Nc2cccc3c2C(=O)N(C2CCC(=O)NC2=O)C3)cc1,PIBPKTPSAOPXNI-UHFFFAOYSA-N,carbamate,*c1ccc(C)cc1,393.4,2.37,104.8,2,5,3,2,0.238,0.779,5.0,3.5,4.77,True,True,False,False,True,True,True,True,False,True
GLUE0251,O=C1CCC(N2Cc3cccc(NC(=O)c4ccc5c(c4)OCO5)c3C2=O)C(=O)N1,WEIFLMZQTLXQEU-UHFFFAOYSA-N,amide,*c1ccc2c(c1)OCO2,407.38,1.43,114.0,2,6,3,2,0.238,0.744,5.0,3.5,4.36,True,False,False,False,True,True,True,True,False,False
GLUE0252,O=C1CCC(N2Cc3cccc(NS(=O)(=O)c4ccc5c(c4)OCO5)c3C2=O)C(=O)N1,MYIQDHZMSDRELR-UHFFFAOYSA-N,sulfonamide,*c1ccc2c(c1)OCO2,443.44,0.98,131.1,2,7,4,2,0.25,0.674,5.0,3.0,3.9,True,False,False,False,True,True,False,False,False,False
GLUE0253,O=C1CCC(N2Cc3cccc(NC(=O)Cc4ccc5c(c4)OCO5)c3C2=O)C(=O)N1,TXNHYDXTLPBJMM-UHFFFAOYSA-N,acetamide,*c1ccc2c(c1)OCO2,421.41,1.36,114.0,2,6,4,2,0.273,0.721,5.0,3.5,4.26,True,False,False,False,True,True,True,True,False,False
GLUE0254,O=C1CCC(N2Cc3cccc(NC(=O)Nc4ccc5c(c4)OCO5)c3C2=O)C(=O)N1,XSFUQVOCQMAWGM-UHFFFAOYSA-N,urea,*c1ccc2c(c1)OCO2,422.4,1.82,126.1,3,6,3,2,0.238,0.648,5.0,3.0,3.72,True,False,False,False,True,True,False,False,False,False
GLUE0255,O=C1CCC(N2Cc3cccc(NC(=O)Oc4ccc5c(c4)OCO5)c3C2=O)C(=O)N1,RLJQLQRXFMICGZ-UHFFFAOYSA-N,carbamate,*c1ccc2c(c1)OCO2,423.38,1.79,123.3,2,7,3,2,0.238,0.722,5.0,3.0,4.05,True,False,False,False,True,True,False,False,False,False
GLUE0256,O=C1CCC(N2Cc3cccc(NC(=O)c4cccc(Cl)c4Cl)c3C2=O)C(=O)N1,MMZGKOGEJBHGHB-UHFFFAOYSA-N,amide,*c1cccc(Cl)c1Cl,432.26,3.01,95.6,2,4,3,2,0.2,0.729,5.0,3.0,4.54,True,True,False,False,True,True,True,False,False,False
GLUE0257,O=C1CCC(N2Cc3cccc(NS(=O)(=O)c4cccc(Cl)c4Cl)c3C2=O)C(=O)N1,KKPJSXYJFMDATB-UHFFFAOYSA-N,sulfonamide,*c1cccc(Cl)c1Cl,468.32,2.56,112.7,2,5,4,2,0.211,0.67,5.0,3.5,3.94,False,True,False,False,True,True,True,True,False,False
GLUE0258,O=C1CCC(N2Cc3cccc(NC(=O)Cc4cccc(Cl)c4Cl)c3C2=O)C(=O)N1,ZVTCZNHDXOUBPK-UHFFFAOYSA-N,acetamide,*c1cccc(Cl)c1Cl,446.29,2.94,95.6,2,4,4,2,0.238,0.707,5.0,3.5,4.48,True,True,False,False,True,True,True,True,False,True
GLUE0259,O=C1CCC(N2Cc3cccc(NC(=O)Nc4cccc(Cl)c4Cl)c3C2=O)C(=O)N1,TYMJSCBSWYTPFM-UHFFFAOYSA-N,urea,*c1cccc(Cl)c1Cl,447.28,3.4,107.6,3,4,3,2,0.2,0.627,5.0,3.0,3.31,True,True,False,False,True,True,True,False,False,False
GLUE0260,O=C1CCC(N2Cc3cccc(NC(=O)Oc4cccc(Cl)c4Cl)c3C2=O)C(=O)N1,KRUQJVJANRJHOA-UHFFFAOYSA-N,carbamate,*c1cccc(Cl)c1Cl,448.26,3.37,104.8,2,5,3,2,0.2,0.701,5.0,3.0,3.76,True,True,False,False,True,True,True,False,False,False
GLUE0261,O=C1CCC(N2Cc3cccc(NC(=O)c4ncccn4)c3C2=O)C(=O)N1,YHKQBPQAKBFZKA-UHFFFAOYSA-N,amide,*c1ncccn1,365.35,0.49,121.4,2,6,3,2,0.222,0.764,5.0,3.0,4.46,True,False,False,False,True,True,False,False,False,False
GLUE0262,O=C1CCC(N2Cc3cccc(NS(=O)(=O)c4ncccn4)c3C2=O)C(=O)N1,MWPBFGJAYVPMJS-UHFFFAOYSA-N,sulfonamide,*c1ncccn1,401.4,0.04,138.4,2,7,4,2,0.235,0.545,5.0,3.0,4.2,True,False,False,False,True,True,False,False,False,False
GLUE0263,O=C1CCC(N2Cc3cccc(NC(=O)Cc4ncccn4)c3C2=O)C(=O)N1,PRGOJLYDJJTMBW-UHFFFAOYSA-N,acetamide,*c1ncccn1,379.38,0.42,121.4,2,6,4,2,0.263,0.743,5.0,3.0,4.36,True,False,False,False,True,True,False,False,False,False
GLUE0264,O=C1CCC(N2Cc3cccc(NC(=O)Nc4ncccn4)c3C2=O)C(=O)N1,CKXLAYDSSAWLPT-UHFFFAOYSA-N,urea,*c1ncccn1,380.36,0.88,133.4,3,6,3,2,0.222,0.677,5.0,3.0,4.02,True,False,False,False,True,True,False,False,False,False
GLUE0265,O=C1CCC(N2Cc3cccc(NC(=O)Oc4ncccn4)c3C2=O)C(=O)N1,FHFQQZQPYWKELD-UHFFFAOYSA-N,carbamate,*c1ncccn1,381.35,0.85,130.6,2,7,3,2,0.222,0.754,5.0,3.0,4.35,True,False,False,False,True,True,False,False,False,False
GLUE0266,O=C1CCC(N2Cc3cccc(NC(=O)NC4=NCCN4)c3C2=O)C(=O)N1,GPVBKPCZZNHCFY-UHFFFAOYSA-N,amide,*NC1=NCCN1,370.37,-0.47,132.0,4,6,2,1,0.353,0.523,9.0,2.5,3.43,True,False,False,False,True,True,False,False,False,False
GLUE0267,O=C1CCC(N2Cc3cccc(NS(=O)(=O)NC4=NCCN4)c3C2=O)C(=O)N1,DEANSHAAJIHWEG-UHFFFAOYSA-N,sulfonamide,*NC1=NCCN1,406.42,-1.35,149.1,4,7,4,1,0.375,0.455,9.0,2.5,3.17,True,False,False,False,True,True,False,False,False,False
GLUE0268,O=C1CCC(N2Cc3cccc(NC(=O)CNC4=NCCN4)c3C2=O)C(=O)N1,VCZHTHCGFHYFID-UHFFFAOYSA-N,acetamide,*NC1=NCCN1,384.4,-1.07,132.0,4,7,4,1,0.389,0.489,9.0,2.5,3.33,True,False,False,False,True,True,False,False,False,False
GLUE0269,O=C1CCC(N2Cc3cccc(NC(=O)NNC4=NCCN4)c3C2=O)C(=O)N1,AGXSWKQNDVEAGS-UHFFFAOYSA-N,urea,*NC1=NCCN1,385.38,-0.97,144.0,5,7,2,1,0.353,0.327,9.0,2.5,3.32,True,False,False,False,True,True,False,False,False,False
GLUE0270,O=C1CCC(N2Cc3cccc(NC(=O)ONC4=NCCN4)c3C2=O)C(=O)N1,ZWBJRZPRDWVCBW-UHFFFAOYSA-N,carbamate,*NC1=NCCN1,386.37,-0.54,141.2,4,8,2,1,0.353,0.395,9.0,2.5,3.31,True,False,False,False,True,True,False,False,False,False
GLUE0271,O=C1CCC(N2Cc3cccc(NC(=O)C4(O)CCCCC4)c3C2=O)C(=O)N1,KXUIFNLOBFNUAS-UHFFFAOYSA-N,amide,*C1(O)CCCCC1,385.42,1.08,115.8,3,5,3,1,0.5,0.674,5.0,3.5,4.12,True,False,False,False,True,True,True,True,False,False
GLUE0272,O=C1CCC(N2Cc3cccc(NS(=O)(=O)C4(O)CCCCC4)c3C2=O)C(=O)N1,MAKYCBWSLFLGGK-UHFFFAOYSA-N,sulfonamide,*C1(O)CCCCC1,421.48,0.84,132.9,3,6,4,1,0.526,0.617,5.0,3.0,3.73,True,False,False,False,True,True,False,False,False,False
GLUE0273,O=C1CCC(N2Cc3cccc(NC(=O)CC4(O)CCCCC4)c3C2=O)C(=O)N1,WCDHAQCPCYRYQB-UHFFFAOYSA-N,acetamide,*C1(O)CCCCC1,399.45,1.47,115.8,3,5,4,1,0.524,0.663,5.0,3.5,4.02,True,False,False,False,True,True,True,True,False,False
GLUE0274,O=C1CCC(N2Cc3cccc(NC(=O)NC4(O)CCCCC4)c3C2=O)C(=O)N1,XBMANBKNZBCLAX-UHFFFAOYSA-N,urea,*C1(O)CCCCC1,400.44,1.22,127.8,4,5,3,1,0.5,0.448,5.0,2.5,3.71,True,False,False,False,True,True,False,False,False,False
GLUE0275,O=C1CCC(N2Cc3cccc(NC(=O)OC4(O)CCCCC4)c3C2=O)C(=O)N1,PRNBJLOCWLGCPL-UHFFFAOYSA-N,carbamate,*C1(O)CCCCC1,401.42,1.65,125.0,3,6,3,1,0.5,0.522,5.0,3.0,3.87,True,False,False,False,True,True,False,False,False,False
GLUE0276,CS(=O)(=O)C(=O)Nc1cccc2c1C(=O)N(C1CCC(=O)NC1=O)C2,IZUPMJYZCQSRGC-UHFFFAOYSA-N,amide,*S(C)(=O)=O,365.37,0.02,129.7,2,6,2,1,0.333,0.711,5.0,3.0,4.46,True,False,False,False,True,True,False,False,False,False
GLUE0277,CS(=O)(=O)S(=O)(=O)Nc1cccc2c1C(=O)N(C1CCC(=O)NC1=O)C2,DOTLECCDUWRCDM-UHFFFAOYSA-N,sulfonamide,*S(C)(=O)=O,401.42,-0.85,146.8,2,7,4,1,0.357,0.493,5.0,3.0,4.2,True,False,False,False,True,True,False,False,False,False
GLUE0278,CS(=O)(=O)CC(=O)Nc1cccc2c1C(=O)N(C1CCC(=O)NC1=O)C2,VGVZCYXOWKFWMD-UHFFFAOYSA-N,acetamide,*S(C)(=O)=O,379.39,-0.57,129.7,2,6,4,1,0.375,0.674,5.0,3.0,4.36,True,False,False,False,True,True,False,False,False,False
GLUE0279,CS(=O)(=O)NC(=O)Nc1cccc2c1C(=O)N(C1CCC(=O)NC1=O)C2,KLWIKDLTZSEBJU-UHFFFAOYSA-N,urea,*S(C)(=O)=O,380.38,-0.47,141.8,3,6,3,1,0.333,0.605,5.0,3.0,4.02,True,False,False,False,True,True,False,False,False,False
GLUE0280,CS(=O)(=O)OC(=O)Nc1cccc2c1C(=O)N(C1CCC(=O)NC1=O)C2,MBZUXVWLCGVFHX-UHFFFAOYSA-N,carbamate,*S(C)(=O)=O,381.37,-0.04,138.9,2,7,3,1,0.333,0.553,5.0,3.0,4.35,True,False,False,False,True,True,False,False,False,False
GLUE0281,CC(N)CC(=O)Nc1cccc2c1C(=O)N(C1CCC(=O)NC1=O)C2,QMZCBAHXFBFAHZ-UHFFFAOYSA-N,amide,*CC(C)N,344.37,0.12,121.6,3,5,4,1,0.412,0.67,9.0,3.5,3.67,True,False,False,False,True,True,False,True,False,False
GLUE0282,CC(N)CS(=O)(=O)Nc1cccc2c1C(=O)N(C1CCC(=O)NC1=O)C2,FKVNNGNNADRKBJ-UHFFFAOYSA-N,sulfonamide,*CC(C)N,380.43,-0.46,138.7,3,6,5,1,0.438,0.591,9.0,3.0,3.52,True,False,False,False,True,True,False,False,False,False
GLUE0283,CC(N)CCC(=O)Nc1cccc2c1C(=O)N(C1CCC(=O)NC1=O)C2,NMNACDVLODFOKM-UHFFFAOYSA-N,acetamide,*CC(C)N,358.4,0.51,121.6,3,5,5,1,0.444,0.662,9.0,3.5,3.67,True,False,False,False,True,True,False,True,False,False
GLUE0284,CC(N)CNC(=O)Nc1cccc2c1C(=O)N(C1CCC(=O)NC1=O)C2,JTLPUHWFNZBRPL-UHFFFAOYSA-N,urea,*CC(C)N,359.39,-0.08,133.6,4,5,4,1,0.412,0.558,9.0,3.0,3.5,True,False,False,False,True,True,False,False,False,False
GLUE0285,CC(N)COC(=O)Nc1cccc2c1C(=O)N(C1CCC(=O)NC1=O)C2,PNCPUDQCPUTRHJ-UHFFFAOYSA-N,carbamate,*CC(C)N,360.37,0.34,130.8,3,6,4,1,0.412,0.664,9.0,3.0,3.66,True,False,False,False,True,True,False,False,False,False
GLUE0286,O=C1CCC(N2Cc3cccc(NC(=O)c4cccnc4)c3C2=O)C(=O)N1,SPYSCTUYWDJOKP-UHFFFAOYSA-N,amide,*c1cccnc1,364.36,1.09,108.5,2,5,3,2,0.211,0.793,5.0,3.5,4.85,True,False,False,False,True,True,True,True,False,False
GLUE0287,O=C1CCC(N2Cc3cccc(NS(=O)(=O)c4cccnc4)c3C2=O)C(=O)N1,KVSQOBCLWMKQLW-UHFFFAOYSA-N,sulfonamide,*c1cccnc1,400.42,0.64,125.5,2,6,4,2,0.222,0.726,5.0,3.0,4.21,True,False,False,False,True,True,False,False,False,False
GLUE0288,O=C1CCC(N2Cc3cccc(NC(=O)Cc4cccnc4)c3C2=O)C(=O)N1,QQOZYQXQLNMOAG-UHFFFAOYSA-N,acetamide,*c1cccnc1,378.39,1.02,108.5,2,5,4,2,0.25,0.773,5.0,3.5,4.75,True,False,False,False,True,True,True,True,False,False
GLUE0289,O=C1CCC(N2Cc3cccc(NC(=O)Nc4cccnc4)c3C2=O)C(=O)N1,TVLXHOQLIKZUKO-UHFFFAOYSA-N,urea,*c1cccnc1,379.38,1.49,120.5,3,5,3,2,0.211,0.698,5.0,3.0,4.03,True,False,False,False,True,True,False,False,False,False
GLUE0290,O=C1CCC(N2Cc3cccc(NC(=O)Oc4cccnc4)c3C2=O)C(=O)N1,ZJLYTYQSWNMCHB-UHFFFAOYSA-N,carbamate,*c1cccnc1,380.36,1.45,117.7,2,6,3,2,0.211,0.779,5.0,3.5,4.43,True,False,False,False,True,True,True,True,False,False
GLUE0291,O=C1CCC(N2Cc3cccc(NC(=O)OC(F)F)c3C2=O)C(=O)N1,FAKSIIMJJVBFQE-UHFFFAOYSA-N,amide,*OC(F)F,353.28,1.22,104.8,2,5,3,1,0.333,0.795,5.0,4.0,5.01,True,False,False,True,True,True,True,True,False,False
GLUE0292,O=C1CCC(N2Cc3cccc(NS(=O)(=O)OC(F)F)c3C2=O)C(=O)N1,NVNDIZVFRXHWBH-UHFFFAOYSA-N,sulfonamide,*OC(F)F,389.34,0.34,121.9,2,6,5,1,0.357,0.701,5.0,3.0,4.29,True,False,False,False,True,True,False,False,False,False
GLUE0293,O=C1CCC(N2Cc3cccc(NC(=O)COC(F)F)c3C2=O)C(=O)N1,PWOWUPBDUINAKC-UHFFFAOYSA-N,acetamide,*OC(F)F,367.31,0.63,104.8,2,5,5,1,0.375,0.743,5.0,3.5,4.95,True,False,False,False,True,True,True,True,False,False
GLUE0294,O=C1CCC(N2Cc3cccc(NC(=O)NOC(F)F)c3C2=O)C(=O)N1,BTTDJEBNRSBBOT-UHFFFAOYSA-N,urea,*OC(F)F,368.3,0.72,116.8,3,5,4,1,0.333,0.535,5.0,3.5,4.21,True,False,False,False,True,True,True,True,False,False
GLUE0295,O=C1CCC(N2Cc3cccc(NC(=O)OOC(F)F)c3C2=O)C(=O)N1,WJFKEBAFPXFSSS-UHFFFAOYSA-N,carbamate,*OC(F)F,369.28,1.15,114.0,2,6,4,1,0.333,0.468,5.0,3.5,4.63,True,False,False,False,True,True,True,True,False,False
GLUE0296,CC(C)[C@H](N)C(=O)C(=O)Nc1cccc2c1C(=O)N(C1CCC(=O)NC1=O)C2,QWMXTIAULWMNHV-CVRLYYSRSA-N,amide,*C(=O)[C@@H](N)C(C)C,386.41,-0.06,138.7,3,6,5,1,0.421,0.479,9.0,3.0,3.48,True,False,False,False,True,True,False,False,False,False
GLUE0297,CC(C)[C@H](N)C(=O)S(=O)(=O)Nc1cccc2c1C(=O)N(C1CCC(=O)NC1=O)C2,WMMYNYALSDSDIX-CVRLYYSRSA-N,sulfonamide,*C(=O)[C@@H](N)C(C)C,422.46,-0.3,155.7,3,7,5,1,0.444,0.55,9.0,3.0,3.22,True,False,False,False,True,True,False,False,False,False
GLUE0298,CC(C)[C@H](N)C(=O)CC(=O)Nc1cccc2c1C(=O)N(C1CCC(=O)NC1=O)C2,HJRZIXADUNBZRB-UWBLVGDVSA-N,acetamide,*C(=O)[C@@H](N)C(C)C,400.44,0.33,138.7,3,6,6,1,0.45,0.465,9.0,3.0,3.38,True,False,False,False,True,True,False,False,False,False
GLUE0299,CC(C)[C@H](N)C(=O)NC(=O)Nc1cccc2c1C(=O)N(C1CCC(=O)NC1=O)C2,PXMCJWWRUPRSEH-CVRLYYSRSA-N,urea,*C(=O)[C@@H](N)C(C)C,401.42,0.08,150.7,4,6,4,1,0.421,0.525,9.0,2.5,3.2,True,False,False,False,True,True,False,False,False,False
GLUE0300,CC(C)[C@H](N)C(=O)OC(=O)Nc1cccc2c1C(=O)N(C1CCC(=O)NC1=O)C2,KWNIVMRULGIFSH-CVRLYYSRSA-N,carbamate,*C(=O)[C@@H](N)C(C)C,402.41,0.51,147.9,3,7,4,1,0.421,0.377,9.0,3.0,3.36,True,False,False,False,True,True,False,False,False,False
GLUE0301,N#CCC(=O)Nc1cccc2c1C(=O)N(C1CCC(=O)NC1=O)C2,CGKIUUUOEFSVOP-UHFFFAOYSA-N,amide,*CC#N,326.31,0.3,119.4,2,5,3,1,0.312,0.774,5.0,4.0,4.52,True,False,False,True,True,True,True,True,False,False
GLUE0302,N#CCS(=O)(=O)Nc1cccc2c1C(=O)N(C1CCC(=O)NC1=O)C2,AZWDSBSYUSDZOA-UHFFFAOYSA-N,sulfonamide,*CC#N,362.37,-0.29,136.4,2,6,4,1,0.333,0.707,5.0,3.0,4.48,True,False,False,False,True,True,False,False,False,False
GLUE0303,N#CCCC(=O)Nc1cccc2c1C(=O)N(C1CCC(=O)NC1=O)C2,IJEBQHLTFZXDCA-UHFFFAOYSA-N,acetamide,*CC#N,340.34,0.69,119.4,2,5,4,1,0.353,0.782,5.0,4.0,4.52,True,False,False,True,True,True,True,True,False,False
GLUE0304,N#CCNC(=O)Nc1cccc2c1C(=O)N(C1CCC(=O)NC1=O)C2,QORIOEJYADAYGE-UHFFFAOYSA-N,urea,*CC#N,341.33,0.09,131.4,3,5,3,1,0.312,0.53,5.0,3.5,4.17,True,False,False,False,True,True,False,True,False,False
GLUE0305,N#CCOC(=O)Nc1cccc2c1C(=O)N(C1CCC(=O)NC1=O)C2,XXMGSRXBLGOOPP-UHFFFAOYSA-N,carbamate,*CC#N,342.31,0.52,128.6,2,6,3,1,0.312,0.771,5.0,3.5,4.5,True,False,False,False,True,True,False,True,False,False
GLUE0306,CC[C@@H](CO)C(=O)Nc1cccc2c1C(=O)N(C1CCC(=O)NC1=O)C2,PHCLDGWGMQWUBR-NKUHCKNESA-N,amide,*[C@@H](CC)CO,359.38,0.4,115.8,3,5,5,1,0.444,0.659,5.0,4.0,4.31,True,False,False,True,True,True,True,True,False,False
GLUE0307,CC[C@@H](CO)S(=O)(=O)Nc1cccc2c1C(=O)N(C1CCC(=O)NC1=O)C2,NWUBKMYBNMUFKQ-AMGKYWFPSA-N,sulfonamide,*[C@@H](CC)CO,395.44,-0.04,132.9,3,6,6,1,0.471,0.579,5.0,3.0,3.91,True,False,False,False,True,True,False,False,False,False
GLUE0308,CC[C@@H](CO)CC(=O)Nc1cccc2c1C(=O)N(C1CCC(=O)NC1=O)C2,FRZSUWQNKVJASR-YNODCEANSA-N,acetamide,*[C@@H](CC)CO,373.41,0.79,115.8,3,5,6,1,0.474,0.638,5.0,3.5,4.21,True,False,False,False,True,True,True,True,False,False
GLUE0309,CC[C@@H](CO)NC(=O)Nc1cccc2c1C(=O)N(C1CCC(=O)NC1=O)C2,YRURTWCBTRZIPH-AMGKYWFPSA-N,urea,*[C@@H](CC)CO,374.4,0.34,127.8,4,5,5,1,0.444,0.553,5.0,2.5,3.9,True,False,False,False,True,True,False,False,False,False
GLUE0310,CC[C@@H](CO)OC(=O)Nc1cccc2c1C(=O)N(C1CCC(=O)NC1=O)C2,DNAMBEKJBQPXHW-AMGKYWFPSA-N,carbamate,*[C@@H](CC)CO,375.38,0.77,125.0,3,6,5,1,0.444,0.653,5.0,3.0,4.06,True,False,False,False,True,True,False,False,False,False
GLUE0311,O=C1CCC(N2Cc3cccc(NC(=O)c4ccnc5cc(Cl)ccc45)c3C2=O)C(=O)N1,UQUZNKWQLFQJBI-UHFFFAOYSA-N,amide,*c1ccnc2cc(Cl)ccc12,448.87,2.9,108.5,2,5,3,3,0.174,0.599,5.0,3.5,4.05,True,True,False,False,True,True,True,True,False,True
GLUE0312,O=C1CCC(N2Cc3cccc(NS(=O)(=O)c4ccnc5cc(Cl)ccc45)c3C2=O)C(=O)N1,CCBRBMILLWSUOT-UHFFFAOYSA-N,sulfonamide,*c1ccnc2cc(Cl)ccc12,484.92,2.45,125.5,2,6,4,3,0.182,0.548,5.0,3.0,3.61,False,True,False,False,True,True,False,False,False,False
GLUE0313,O=C1CCC(N2Cc3cccc(NC(=O)Cc4ccnc5cc(Cl)ccc45)c3C2=O)C(=O)N1,YQMKLSJOAOYAFH-UHFFFAOYSA-N,acetamide,*c1ccnc2cc(Cl)ccc12,462.89,2.83,108.5,2,5,4,3,0.208,0.579,5.0,3.5,3.98,False,True,False,False,True,True,True,True,False,False
GLUE0314,O=C1CCC(N2Cc3cccc(NC(=O)Nc4ccnc5cc(Cl)ccc45)c3C2=O)C(=O)N1,YFGJJHNEEYHZOT-UHFFFAOYSA-N,urea,*c1ccnc2cc(Cl)ccc12,463.88,3.29,120.5,3,5,3,3,0.174,0.515,5.0,2.5,2.88,False,True,False,False,True,True,False,False,False,False
GLUE0315,O=C1CCC(N2Cc3cccc(NC(=O)Oc4ccnc5cc(Cl)ccc45)c3C2=O)C(=O)N1,UJLFIIFVGQEWIL-UHFFFAOYSA-N,carbamate,*c1ccnc2cc(Cl)ccc12,464.87,3.26,117.7,2,6,3,3,0.174,0.574,5.0,3.0,3.32,False,True,False,False,True,True,True,False,False,False
GLUE0316,O=C1CCC(N2Cc3cccc(NS(=O)(=O)CC(F)(F)F)c3C2=O)C(=O)N1,VJQAFIWXEHLVJJ-UHFFFAOYSA-N,sulfonamide,*CC(F)(F)F,405.35,0.75,112.7,2,5,4,1,0.4,0.718,5.0,3.5,4.42,True,False,False,False,True,True,True,True,False,False
GLUE0317,O=C1CCC(N2Cc3cccc(NC(=O)CCC(F)(F)F)c3C2=O)C(=O)N1,JNIYNNOHEOIEDZ-UHFFFAOYSA-N,acetamide,*CC(F)(F)F,383.33,1.73,95.6,2,4,4,1,0.412,0.774,5.0,3.5,5.15,True,False,False,False,True,True,True,True,False,False
GLUE0318,O=C1CCC(N2Cc3cccc(NC(=O)NCC(F)(F)F)c3C2=O)C(=O)N1,PSSDVEHKTAZSAG-UHFFFAOYSA-N,urea,*CC(F)(F)F,384.31,1.13,107.6,3,4,3,1,0.375,0.679,5.0,3.5,4.41,True,False,False,False,True,True,True,True,False,False
GLUE0319,O=C1CCC(N2Cc3cccc(NC(=O)OCC(F)(F)F)c3C2=O)C(=O)N1,XDOCAPKPXJMZOE-UHFFFAOYSA-N,carbamate,*CC(F)(F)F,385.3,1.56,104.8,2,5,3,1,0.375,0.769,5.0,3.5,4.83,True,False,False,False,True,True,True,True,False,False
GLUE0320,O=C1CCC(N2Cc3cccc(NC(=O)CCCl)c3C2=O)C(=O)N1,UINKTKNOXVLWCK-UHFFFAOYSA-N,amide,*CCCl,349.77,1.01,95.6,2,4,4,1,0.375,0.626,5.0,4.0,5.31,True,False,False,True,True,True,True,True,False,False
GLUE0321,O=C1CCC(N2Cc3cccc(NS(=O)(=O)CCCl)c3C2=O)C(=O)N1,WMWUSJCTDNFCLM-UHFFFAOYSA-N,sulfonamide,*CCCl,385.83,0.43,112.7,2,5,5,1,0.4,0.563,5.0,3.5,4.56,True,False,False,False,True,True,True,True,False,False
GLUE0322,O=C1CCC(N2Cc3cccc(NC(=O)CCCCl)c3C2=O)C(=O)N1,NMTJSCPQWRDEHH-UHFFFAOYSA-N,acetamide,*CCCl,363.8,1.41,95.6,2,4,5,1,0.412,0.61,5.0,3.5,5.29,True,False,False,False,True,True,True,True,False,False
GLUE0323,O=C1CCC(N2Cc3cccc(NC(=O)NCCCl)c3C2=O)C(=O)N1,QWVKHBRZZFADDC-UHFFFAOYSA-N,urea,*CCCl,364.79,0.81,107.6,3,4,4,1,0.375,0.542,5.0,3.5,4.55,True,False,False,False,True,True,True,True,False,False
GLUE0324,O=C1CCC(N2Cc3cccc(NC(=O)OCCCl)c3C2=O)C(=O)N1,YQHJGGYHBBYWIU-UHFFFAOYSA-N,carbamate,*CCCl,365.77,1.23,104.8,2,5,4,1,0.375,0.617,5.0,3.5,4.97,True,False,False,False,True,True,True,True,False,False
GLUE0325,CC1CN(C(=O)Nc2cccc3c2C(=O)N(C2CCC(=O)NC2=O)C3)CCN1,GRTIUGMXRIMFHJ-UHFFFAOYSA-N,amide,*N1CCNC(C)C1,385.42,0.27,110.8,3,5,2,1,0.474,0.633,9.0,3.5,3.79,True,False,False,False,True,True,True,True,False,False
GLUE0326,CC1CN(S(=O)(=O)Nc2cccc3c2C(=O)N(C2CCC(=O)NC2=O)C3)CCN1,CJSVKGIKCYJYJW-UHFFFAOYSA-N,sulfonamide,*N1CCNC(C)C1,421.48,-0.6,127.9,3,6,4,1,0.5,0.557,9.5,3.0,2.98,True,False,False,False,True,True,False,False,False,False
GLUE0327,CC1CN(CC(=O)Nc2cccc3c2C(=O)N(C2CCC(=O)NC2=O)C3)CCN1,IQAGOJRBKABKHQ-UHFFFAOYSA-N,acetamide,*N1CCNC(C)C1,399.45,-0.32,110.8,3,6,4,1,0.5,0.599,9.5,3.5,3.44,True,False,False,False,True,True,True,True,False,False
GLUE0328,CC1CN(NC(=O)Nc2cccc3c2C(=O)N(C2CCC(=O)NC2=O)C3)CCN1,GTPDQTDFNNHKQA-UHFFFAOYSA-N,urea,*N1CCNC(C)C1,400.44,-0.22,122.9,4,6,3,1,0.474,0.52,9.5,2.5,2.96,True,False,False,False,True,True,False,False,False,False
GLUE0329,CC1CN(OC(=O)Nc2cccc3c2C(=O)N(C2CCC(=O)NC2=O)C3)CCN1,DMZUIIJXAGLAHQ-UHFFFAOYSA-N,carbamate,*N1CCNC(C)C1,401.42,0.2,120.1,3,7,3,1,0.474,0.619,9.5,3.0,3.12,True,False,False,False,True,True,False,False,False,False
GLUE0330,O=C1CCC(N2Cc3cccc(NC(=O)C4CCCCN4)c3C2=O)C(=O)N1,MXXRHAFJNPIFFX-UHFFFAOYSA-N,amide,*C1CCCCN1,370.41,0.53,107.6,3,5,3,1,0.474,0.673,9.0,3.5,4.01,True,False,False,False,True,True,True,True,False,False
GLUE0331,O=C1CCC(N2Cc3cccc(NS(=O)(=O)C4CCCCN4)c3C2=O)C(=O)N1,QJDWDUSQVZMPBN-UHFFFAOYSA-N,sulfonamide,*C1CCCCN1,406.46,0.29,124.7,3,6,4,1,0.5,0.617,9.0,3.0,3.33,True,False,False,False,True,True,False,False,False,False
GLUE0332,O=C1CCC(N2Cc3cccc(NC(=O)CC4CCCCN4)c3C2=O)C(=O)N1,MJXNXDNJULPUIM-UHFFFAOYSA-N,acetamide,*C1CCCCN1,384.44,0.92,107.6,3,5,4,1,0.5,0.669,9.0,3.5,3.91,True,False,False,False,True,True,True,True,False,False
GLUE0333,O=C1CCC(N2Cc3cccc(NC(=O)NC4CCCCN4)c3C2=O)C(=O)N1,AIBSFMBUSCXYJP-UHFFFAOYSA-N,urea,*C1CCCCN1,385.42,0.67,119.6,4,5,3,1,0.474,0.57,9.0,3.0,3.33,True,False,False,False,True,True,True,False,False,False
GLUE0334,O=C1CCC(N2Cc3cccc(NC(=O)OC4CCCCN4)c3C2=O)C(=O)N1,PIUUVZWAWPJBOZ-UHFFFAOYSA-N,carbamate,*C1CCCCN1,386.41,1.1,116.8,3,6,3,1,0.474,0.67,9.0,3.5,3.58,True,False,False,False,True,True,True,True,False,False
GLUE0335,O=C1CCC(N2Cc3cccc(NC(=O)c4cccc(Cl)c4)c3C2=O)C(=O)N1,TXEJWPQXEGRCQX-UHFFFAOYSA-N,amide,*c1cccc(Cl)c1,397.82,2.35,95.6,2,4,3,2,0.2,0.777,5.0,3.5,5.04,True,True,False,False,True,True,True,True,False,True
GLUE0336,O=C1CCC(N2Cc3cccc(NS(=O)(=O)c4cccc(Cl)c4)c3C2=O)C(=O)N1,RAHGXXMEUZCBMT-UHFFFAOYSA-N,sulfonamide,*c1cccc(Cl)c1,433.87,1.9,112.7,2,5,4,2,0.211,0.715,5.0,3.5,4.22,True,False,False,False,True,True,True,True,False,False
GLUE0337,O=C1CCC(N2Cc3cccc(NC(=O)Cc4cccc(Cl)c4)c3C2=O)C(=O)N1,NWWGYJXJECHMTQ-UHFFFAOYSA-N,acetamide,*c1cccc(Cl)c1,411.85,2.28,95.6,2,4,4,2,0.238,0.754,5.0,3.5,4.94,True,True,False,False,True,True,True,True,False,True
GLUE0338,O=C1CCC(N2Cc3cccc(NC(=O)Nc4cccc(Cl)c4)c3C2=O)C(=O)N1,PAEUVFAQUFRTRO-UHFFFAOYSA-N,urea,*c1cccc(Cl)c1,412.83,2.75,107.6,3,4,3,2,0.2,0.673,5.0,3.5,4.08,True,True,False,False,True,True,True,True,False,True
GLUE0339,O=C1CCC(N2Cc3cccc(NC(=O)Oc4cccc(Cl)c4)c3C2=O)C(=O)N1,JAKYMGGNESBJIM-UHFFFAOYSA-N,carbamate,*c1cccc(Cl)c1,413.82,2.71,104.8,2,5,3,2,0.2,0.753,5.0,3.5,4.52,True,True,False,False,True,True,True,True,False,True
GLUE0340,Nc1ccn(C(=O)Nc2cccc3c2C(=O)N(C2CCC(=O)NC2=O)C3)c(=O)n1,JEYPLVMZVWKQDV-UHFFFAOYSA-N,amide,*n1ccc(N)nc1=O,396.36,-0.33,156.5,3,7,2,2,0.222,0.587,4.5,3.0,3.91,True,False,False,False,True,True,False,False,False,False
GLUE0341,Nc1ccn(S(=O)(=O)Nc2cccc3c2C(=O)N(C2CCC(=O)NC2=O)C3)c(=O)n1,OCVFMZQDJXYELE-UHFFFAOYSA-N,sulfonamide,*n1ccc(N)nc1=O,432.42,-1.21,173.6,3,8,4,2,0.235,0.505,4.5,3.0,3.65,True,False,False,False,True,True,False,False,False,False
GLUE0342,Nc1ccn(CC(=O)Nc2cccc3c2C(=O)N(C2CCC(=O)NC2=O)C3)c(=O)n1,NXDZUSMMAMQXDF-UHFFFAOYSA-N,acetamide,*n1ccc(N)nc1=O,410.39,-0.77,156.5,3,7,4,2,0.263,0.558,4.5,3.0,3.81,True,False,False,False,True,True,False,False,False,False
GLUE0343,Nc1ccn(NC(=O)Nc2cccc3c2C(=O)N(C2CCC(=O)NC2=O)C3)c(=O)n1,FVLVJUMUCJAIAA-UHFFFAOYSA-N,urea,*n1ccc(N)nc1=O,411.38,-0.64,168.5,4,7,3,2,0.222,0.487,4.5,2.5,3.63,True,False,False,False,True,True,False,False,False,False
GLUE0344,Nc1ccn(OC(=O)Nc2cccc3c2C(=O)N(C2CCC(=O)NC2=O)C3)c(=O)n1,OPBODMCJVWNVFL-UHFFFAOYSA-N,carbamate,*n1ccc(N)nc1=O,412.36,-0.75,165.7,3,8,3,2,0.222,0.554,4.5,3.0,3.79,True,False,False,False,True,True,False,False,False,False
GLUE0345,O=C1CCC(N2Cc3cccc(NC(=O)C4CCC4)c3C2=O)C(=O)N1,SYSJKSCLWUXNSV-UHFFFAOYSA-N,amide,*C1CCC1,341.37,1.19,95.6,2,4,3,1,0.444,0.807,5.0,4.0,5.31,True,False,False,True,True,True,True,True,False,False
GLUE0346,O=C1CCC(N2Cc3cccc(NS(=O)(=O)C4CCC4)c3C2=O)C(=O)N1,IZDRTUCYHGHNKZ-UHFFFAOYSA-N,sulfonamide,*C1CCC1,377.42,0.74,112.7,2,5,4,1,0.471,0.752,5.0,3.5,4.62,True,False,False,False,True,True,True,True,False,False
GLUE0347,O=C1CCC(N2Cc3cccc(NC(=O)CC4CCC4)c3C2=O)C(=O)N1,VFYPMBVRFVTNLC-UHFFFAOYSA-N,acetamide,*C1CCC1,355.39,1.58,95.6,2,4,4,1,0.474,0.802,5.0,4.0,5.31,True,False,False,True,True,True,True,True,False,False
GLUE0348,O=C1CCC(N2Cc3cccc(NC(=O)NC4CCC4)c3C2=O)C(=O)N1,MBUFLOAYSPHVCY-UHFFFAOYSA-N,urea,*C1CCC1,356.38,1.12,107.6,3,4,3,1,0.444,0.705,5.0,4.0,4.58,True,False,False,True,True,True,True,True,False,False
GLUE0349,O=C1CCC(N2Cc3cccc(NC(=O)OC4CCC4)c3C2=O)C(=O)N1,RBASNZAKFOKVLK-UHFFFAOYSA-N,carbamate,*C1CCC1,357.37,1.55,104.8,2,5,3,1,0.444,0.799,5.0,4.0,5.01,True,False,False,True,True,True,True,True,False,False
GLUE0350,O=C1CCC(N2Cc3cccc(NC(=O)n4cncn4)c3C2=O)C(=O)N1,KCAOEVSKFZLMLZ-UHFFFAOYSA-N,amide,*n1cncn1,354.33,0.12,126.3,2,6,2,2,0.25,0.738,5.0,3.5,4.5,True,False,False,False,True,True,False,True,False,False
GLUE0351,O=C1CCC(N2Cc3cccc(NS(=O)(=O)n4cncn4)c3C2=O)C(=O)N1,HASQRLXJMZKYDS-UHFFFAOYSA-N,sulfonamide,*n1cncn1,390.38,-0.76,143.4,2,7,4,2,0.267,0.653,5.0,3.0,4.28,True,False,False,False,True,True,False,False,False,False
GLUE0352,O=C1CCC(N2Cc3cccc(NC(=O)Cn4cncn4)c3C2=O)C(=O)N1,OQXOARIJRXZEDD-UHFFFAOYSA-N,acetamide,*n1cncn1,368.35,-0.32,126.3,2,6,4,2,0.294,0.712,5.0,3.0,4.44,True,False,False,False,True,True,False,False,False,False
GLUE0353,O=C1CCC(N2Cc3cccc(NC(=O)Nn4cncn4)c3C2=O)C(=O)N1,GIQRFSHPZPEUIU-UHFFFAOYSA-N,urea,*n1cncn1,369.34,-0.19,138.3,3,6,3,2,0.25,0.641,5.0,3.0,4.1,True,False,False,False,True,True,False,False,False,False
GLUE0354,O=C1CCC(N2Cc3cccc(NC(=O)On4cncn4)c3C2=O)C(=O)N1,POWVTARWWDZIBA-UHFFFAOYSA-N,carbamate,*n1cncn1,370.33,-0.3,135.5,2,7,3,2,0.25,0.708,5.0,3.0,4.43,True,False,False,False,True,True,False,False,False,False
GLUE0355,O=C1CCC(N2Cc3cccc(NC(=O)C4CNCCO4)c3C2=O)C(=O)N1,DBWAYDVMHZRGJD-UHFFFAOYSA-N,amide,*C1CNCCO1,372.38,-0.63,116.8,3,6,3,1,0.444,0.609,9.0,3.5,3.68,True,False,False,False,True,True,True,True,False,False
GLUE0356,O=C1CCC(N2Cc3cccc(NS(=O)(=O)C4CNCCO4)c3C2=O)C(=O)N1,GTURGSQSOYMCOO-UHFFFAOYSA-N,sulfonamide,*C1CNCCO1,408.44,-0.86,133.9,3,7,4,1,0.471,0.552,9.0,3.0,3.32,True,False,False,False,True,True,False,False,False,False
GLUE0357,O=C1CCC(N2Cc3cccc(NC(=O)CC4CNCCO4)c3C2=O)C(=O)N1,TXNKDTYIDNLLKZ-UHFFFAOYSA-N,acetamide,*C1CNCCO1,386.41,-0.24,116.8,3,6,4,1,0.474,0.615,9.0,3.5,3.58,True,False,False,False,True,True,True,True,False,False
GLUE0358,O=C1CCC(N2Cc3cccc(NC(=O)NC4CNCCO4)c3C2=O)C(=O)N1,JADGBXAPUGYWLE-UHFFFAOYSA-N,urea,*C1CNCCO1,387.4,-0.48,128.9,4,6,3,1,0.444,0.519,9.0,2.5,3.3,True,False,False,False,True,True,False,False,False,False
GLUE0359,O=C1CCC(N2Cc3cccc(NC(=O)OC4CNCCO4)c3C2=O)C(=O)N1,QHBBWHZCMSWIJL-UHFFFAOYSA-N,carbamate,*C1CNCCO1,388.38,-0.06,126.1,3,7,3,1,0.444,0.62,9.0,3.0,3.46,True,False,False,False,True,True,False,False,False,False
GLUE0360,O=C(O)CCCC(=O)Nc1cccc2c1C(=O)N(C1CCC(=O)NC1=O)C2,GDKPXGOUEULVFF-UHFFFAOYSA-N,amide,*CCCC(=O)O,373.37,0.64,132.9,3,5,6,1,0.389,0.627,5.0,3.0,4.07,True,False,False,False,True,True,False,False,False,False
GLUE0361,O=C(O)CCCS(=O)(=O)Nc1cccc2c1C(=O)N(C1CCC(=O)NC1=O)C2,KWPYKSDOCGFANJ-UHFFFAOYSA-N,sulfonamide,*CCCC(=O)O,409.42,0.05,149.9,3,6,7,1,0.412,0.539,5.0,3.0,3.81,True,False,False,False,True,True,False,False,False,False
GLUE0362,O=C(O)CCCCC(=O)Nc1cccc2c1C(=O)N(C1CCC(=O)NC1=O)C2,SPIGODXJJGPWHG-UHFFFAOYSA-N,acetamide,*CCCC(=O)O,387.39,1.03,132.9,3,5,7,1,0.421,0.473,5.0,3.0,3.97,True,False,False,False,True,True,False,False,False,False
GLUE0363,O=C(O)CCCNC(=O)Nc1cccc2c1C(=O)N(C1CCC(=O)NC1=O)C2,XJOPTHZGAHVWCN-UHFFFAOYSA-N,urea,*CCCC(=O)O,388.38,0.43,144.9,4,5,6,1,0.389,0.411,5.0,2.5,3.8,True,False,False,False,True,True,False,False,False,False
GLUE0364,O=C(O)CCCOC(=O)Nc1cccc2c1C(=O)N(C1CCC(=O)NC1=O)C2,HJACXWVKBXYXHD-UHFFFAOYSA-N,carbamate,*CCCC(=O)O,389.36,0.86,142.1,3,6,6,1,0.389,0.484,5.0,3.0,3.96,True,False,False,False,True,True,False,False,False,False
GLUE0365,O=C1CCC(N2Cc3cccc(NC(=O)OP(=O)(O)O)c3C2=O)C(=O)N1,SOSWCMATHLXBEL-UHFFFAOYSA-N,amide,*OP(=O)(O)O,383.25,0.09,162.3,4,6,3,1,0.286,0.421,5.0,2.5,3.83,True,False,False,False,True,True,False,False,False,False
GLUE0366,O=C1CCC(N2Cc3cccc(NS(=O)(=O)OP(=O)(O)O)c3C2=O)C(=O)N1,VHPFSCIPOKPJCR-UHFFFAOYSA-N,sulfonamide,*OP(=O)(O)O,419.31,-0.79,179.4,4,7,5,1,0.308,0.351,5.0,2.5,3.58,True,False,False,False,True,True,False,False,False,False
GLUE0367,O=C1CCC(N2Cc3cccc(NC(=O)COP(=O)(O)O)c3C2=O)C(=O)N1,BLQAUFYENIYQTJ-UHFFFAOYSA-N,acetamide,*OP(=O)(O)O,397.28,-0.5,162.3,4,6,5,1,0.333,0.382,5.0,2.5,3.73,True,False,False,False,True,True,False,False,False,False
GLUE0368,O=C1CCC(N2Cc3cccc(NC(=O)NOP(=O)(O)O)c3C2=O)C(=O)N1,DANAFTHKJMCBSM-UHFFFAOYSA-N,urea,*OP(=O)(O)O,398.27,-0.41,174.4,5,6,4,1,0.286,0.258,5.0,2.5,3.73,True,False,False,False,True,True,False,False,False,False
GLUE0369,O=C1CCC(N2Cc3cccc(NC(=O)OOP(=O)(O)O)c3C2=O)C(=O)N1,LHDYZVZHIHLURR-UHFFFAOYSA-N,carbamate,*OP(=O)(O)O,399.25,0.02,171.6,4,7,4,1,0.286,0.236,5.0,2.5,3.72,True,False,False,False,True,True,False,False,False,False
GLUE0370,CSC(=O)Nc1cccc2c1C(=O)N(C1CCC(=O)NC1=O)C2,GBFROMMLWVJNKU-UHFFFAOYSA-N,amide,*SC,333.37,1.34,95.6,2,5,2,1,0.333,0.796,5.0,4.0,5.31,True,False,False,True,True,True,True,True,False,False
GLUE0371,CSS(=O)(=O)Nc1cccc2c1C(=O)N(C1CCC(=O)NC1=O)C2,MUSLSQOXPHJKAH-UHFFFAOYSA-N,sulfonamide,*SC,369.42,0.47,112.7,2,6,4,1,0.357,0.589,5.0,3.5,4.68,True,False,False,False,True,True,True,True,False,False
GLUE0372,CSCC(=O)Nc1cccc2c1C(=O)N(C1CCC(=O)NC1=O)C2,QLGBCBACPUTDNQ-UHFFFAOYSA-N,acetamide,*SC,347.4,0.75,95.6,2,5,4,1,0.375,0.784,5.0,4.0,5.31,True,False,False,True,True,True,True,True,False,False
GLUE0373,CSNC(=O)Nc1cccc2c1C(=O)N(C1CCC(=O)NC1=O)C2,XIPRISMAVYSPDT-UHFFFAOYSA-N,urea,*SC,348.38,0.85,107.6,3,5,3,1,0.333,0.554,5.0,4.0,4.58,True,False,False,True,True,True,True,True,False,False
GLUE0374,CSOC(=O)Nc1cccc2c1C(=O)N(C1CCC(=O)NC1=O)C2,FNPWZTICTYSZFC-UHFFFAOYSA-N,carbamate,*SC,349.37,1.27,104.8,2,6,3,1,0.333,0.629,5.0,4.0,5.01,True,False,False,True,True,True,True,True,False,False
GLUE0375,O=C1CCC(N2Cc3cccc(NC(=O)c4c[nH]cn4)c3C2=O)C(=O)N1,ZCTABQPNLCZDHI-UHFFFAOYSA-N,amide,*c1c[nH]cn1,353.34,0.42,124.3,3,5,3,2,0.235,0.69,5.0,3.5,4.17,True,False,False,False,True,True,False,True,False,False
GLUE0376,O=C1CCC(N2Cc3cccc(NS(=O)(=O)c4c[nH]cn4)c3C2=O)C(=O)N1,NDDXDOSOZOJUKZ-UHFFFAOYSA-N,sulfonamide,*c1c[nH]cn1,389.39,-0.03,141.3,3,6,4,2,0.25,0.627,5.0,3.0,3.96,True,False,False,False,True,True,False,False,False,False
GLUE0377,O=C1CCC(N2Cc3cccc(NC(=O)Cc4c[nH]cn4)c3C2=O)C(=O)N1,IEFOURVXKDWYPL-UHFFFAOYSA-N,acetamide,*c1c[nH]cn1,367.37,0.35,124.3,3,5,4,2,0.278,0.673,5.0,3.0,4.11,True,False,False,False,True,True,False,False,False,False
GLUE0378,O=C1CCC(N2Cc3cccc(NC(=O)Nc4c[nH]cn4)c3C2=O)C(=O)N1,GMXKZOWOKMFNBO-UHFFFAOYSA-N,urea,*c1c[nH]cn1,368.35,0.81,136.3,4,5,3,2,0.235,0.595,5.0,2.5,3.94,True,False,False,False,True,True,False,False,False,False
GLUE0379,O=C1CCC(N2Cc3cccc(NC(=O)Oc4c[nH]cn4)c3C2=O)C(=O)N1,QEDVFQSAGGLGNS-UHFFFAOYSA-N,carbamate,*c1c[nH]cn1,369.34,0.78,133.5,3,6,3,2,0.235,0.685,5.0,3.0,4.1,True,False,False,False,True,True,False,False,False,False
GLUE0380,CN1CCCCC1C(=O)Nc1cccc2c1C(=O)N(C1CCC(=O)NC1=O)C2,OIGCOUBATDHMFF-UHFFFAOYSA-N,amide,*C1CCCCN1C,384.44,0.87,98.8,2,5,3,1,0.5,0.754,9.5,3.5,4.28,True,False,False,False,True,True,True,True,False,False
GLUE0381,CN1CCCCC1S(=O)(=O)Nc1cccc2c1C(=O)N(C1CCC(=O)NC1=O)C2,VUPNGVABAFITCD-UHFFFAOYSA-N,sulfonamide,*C1CCCCN1C,420.49,0.63,115.9,2,6,4,1,0.526,0.691,9.5,3.5,3.45,True,False,False,False,True,True,True,True,False,False
GLUE0382,CN1CCCCC1CC(=O)Nc1cccc2c1C(=O)N(C1CCC(=O)NC1=O)C2,YUDPYGDGSPLWIC-UHFFFAOYSA-N,acetamide,*C1CCCCN1C,398.46,1.26,98.8,2,5,4,1,0.524,0.744,9.5,3.5,4.18,True,False,False,False,True,True,True,True,False,False
GLUE0383,CN1CCCCC1NC(=O)Nc1cccc2c1C(=O)N(C1CCC(=O)NC1=O)C2,WBCUYWHXSQIAAT-UHFFFAOYSA-N,urea,*C1CCCCN1C,399.45,1.01,110.8,3,5,3,1,0.5,0.657,9.5,3.5,3.44,True,False,False,False,True,True,True,True,False,False
GLUE0384,CN1CCCCC1OC(=O)Nc1cccc2c1C(=O)N(C1CCC(=O)NC1=O)C2,JOSOSPAVPCGPOU-UHFFFAOYSA-N,carbamate,*C1CCCCN1C,400.44,1.44,108.1,2,6,3,1,0.5,0.744,9.5,3.5,3.86,True,False,False,False,True,True,True,True,False,False
GLUE0385,N[C@@H]1CCCN(C(=O)Nc2cccc3c2C(=O)N(C2CCC(=O)NC2=O)C3)C1,KJPROMHRHWOVOQ-PUODRLBUSA-N,amide,*N1CCC[C@@H](N)C1,385.42,0.4,124.8,3,5,2,1,0.474,0.636,9.0,3.0,3.49,True,False,False,False,True,True,False,False,False,False
GLUE0386,N[C@@H]1CCCN(S(=O)(=O)Nc2cccc3c2C(=O)N(C2CCC(=O)NC2=O)C3)C1,GYBKJOAAPLWWEK-PUODRLBUSA-N,sulfonamide,*N1CCC[C@@H](N)C1,421.48,-0.47,141.9,3,6,4,1,0.5,0.561,9.5,3.0,2.98,True,False,False,False,True,True,False,False,False,False
GLUE0387,N[C@@H]1CCCN(CC(=O)Nc2cccc3c2C(=O)N(C2CCC(=O)NC2=O)C3)C1,IZEQWHFTCRXFNO-AFYYWNPRSA-N,acetamide,*N1CCC[C@@H](N)C1,399.45,-0.19,124.8,3,6,4,1,0.5,0.603,9.5,3.0,3.13,True,False,False,False,True,True,False,False,False,False
GLUE0388,N[C@@H]1CCCN(NC(=O)Nc2cccc3c2C(=O)N(C2CCC(=O)NC2=O)C3)C1,UWJOFCFKRDDTLV-PUODRLBUSA-N,urea,*N1CCC[C@@H](N)C1,400.44,-0.09,136.9,4,6,3,1,0.474,0.523,9.5,2.5,2.96,True,False,False,False,True,True,False,False,False,False
GLUE0389,N[C@@H]1CCCN(OC(=O)Nc2cccc3c2C(=O)N(C2CCC(=O)NC2=O)C3)C1,NOOBNANRSSSYRG-PUODRLBUSA-N,carbamate,*N1CCC[C@@H](N)C1,401.42,0.33,134.1,3,7,3,1,0.474,0.622,9.5,3.0,3.12,True,False,False,False,True,True,False,False,False,False
GLUE0390,Nc1nc2c(ncn2C(=O)Nc2cccc3c2C(=O)N(C2CCC(=O)NC2=O)C3)c(=O)[nH]1,VSPQVELMKYEMQG-UHFFFAOYSA-N,amide,*n1cnc2c(=O)[nH]c(N)nc21,436.39,-0.46,185.2,4,8,2,3,0.211,0.389,4.5,2.5,3.45,True,False,False,False,True,True,False,False,False,False
GLUE0391,Nc1nc2c(ncn2S(=O)(=O)Nc2cccc3c2C(=O)N(C2CCC(=O)NC2=O)C3)c(=O)[nH]1,LJDPVRFUQSSJLT-UHFFFAOYSA-N,sulfonamide,*n1cnc2c(=O)[nH]c(N)nc21,472.44,-1.33,202.2,4,9,4,3,0.222,0.332,4.5,2.5,3.2,False,False,False,False,True,True,False,False,False,False
GLUE0392,Nc1nc2c(ncn2CC(=O)Nc2cccc3c2C(=O)N(C2CCC(=O)NC2=O)C3)c(=O)[nH]1,ZXBGXCWVRGHXCL-UHFFFAOYSA-N,acetamide,*n1cnc2c(=O)[nH]c(N)nc21,450.42,-0.9,185.2,4,8,4,3,0.25,0.368,4.5,2.5,3.35,False,False,False,False,True,True,False,False,False,False
GLUE0393,Nc1nc2c(ncn2NC(=O)Nc2cccc3c2C(=O)N(C2CCC(=O)NC2=O)C3)c(=O)[nH]1,UTLXJQWIDYJPGY-UHFFFAOYSA-N,urea,*n1cnc2c(=O)[nH]c(N)nc21,451.4,-0.76,197.2,5,8,3,3,0.211,0.32,4.5,2.5,3.35,False,False,False,False,True,True,False,False,False,False
GLUE0394,Nc1nc2c(ncn2OC(=O)Nc2cccc3c2C(=O)N(C2CCC(=O)NC2=O)C3)c(=O)[nH]1,RLDFHADOIVUYHT-UHFFFAOYSA-N,carbamate,*n1cnc2c(=O)[nH]c(N)nc21,452.39,-0.88,194.4,4,9,3,3,0.211,0.365,4.5,2.5,3.34,False,False,False,False,True,True,False,False,False,False
GLUE0395,O=C1CCC(N2Cc3cccc(NC(=O)C4SC(=O)NC4=O)c3C2=O)C(=O)N1,QZVRSIKMNHAJOC-UHFFFAOYSA-N,amide,*C1SC(=O)NC1=O,402.39,-0.26,141.8,3,7,3,1,0.294,0.467,5.0,3.0,3.86,True,False,False,False,True,True,False,False,False,False
GLUE0396,O=C1CCC(N2Cc3cccc(NS(=O)(=O)C4SC(=O)NC4=O)c3C2=O)C(=O)N1,LFZYGAFVJQLPIN-UHFFFAOYSA-N,sulfonamide,*C1SC(=O)NC1=O,438.44,-0.5,158.8,3,8,4,1,0.312,0.531,5.0,3.0,3.61,True,False,False,False,True,True,False,False,False,False
GLUE0397,O=C1CCC(N2Cc3cccc(NC(=O)CC4SC(=O)NC4=O)c3C2=O)C(=O)N1,HHZYGFPXGQLFNY-UHFFFAOYSA-N,acetamide,*C1SC(=O)NC1=O,416.42,0.13,141.8,3,7,4,1,0.333,0.592,5.0,3.0,3.76,True,False,False,False,True,True,False,False,False,False
GLUE0398,O=C1CCC(N2Cc3cccc(NC(=O)NC4SC(=O)NC4=O)c3C2=O)C(=O)N1,BUFXUJSBWXGJGK-UHFFFAOYSA-N,urea,*C1SC(=O)NC1=O,417.4,-0.12,153.8,4,7,3,1,0.294,0.5,5.0,2.5,3.59,True,False,False,False,True,True,False,False,False,False
GLUE0399,O=C1CCC(N2Cc3cccc(NC(=O)OC4SC(=O)NC4=O)c3C2=O)C(=O)N1,RTVJQIYCHKDYLQ-UHFFFAOYSA-N,carbamate,*C1SC(=O)NC1=O,418.39,0.31,151.0,3,8,3,1,0.294,0.593,5.0,3.0,3.75,True,False,False,False,True,True,False,False,False,False
GLUE0400,O=C1CCC(N2Cc3cccc(NC(=O)OS(=O)(=O)O)c3C2=O)C(=O)N1,QHQJNPYNKAOYGN-UHFFFAOYSA-N,amide,*OS(=O)(=O)O,383.34,-0.2,159.2,3,7,3,1,0.286,0.478,5.0,3.0,4.0,True,False,False,False,True,True,False,False,False,False
GLUE0401,O=C1CCC(N2Cc3cccc(NS(=O)(=O)OS(=O)(=O)O)c3C2=O)C(=O)N1,HODUSYQWYMIRSC-UHFFFAOYSA-N,sulfonamide,*OS(=O)(=O)O,419.39,-1.08,176.2,3,8,5,1,0.308,0.396,5.0,3.0,3.74,True,False,False,False,True,True,False,False,False,False
GLUE0402,O=C1CCC(N2Cc3cccc(NC(=O)COS(=O)(=O)O)c3C2=O)C(=O)N1,HJBOXLKNHXJMEM-UHFFFAOYSA-N,acetamide,*OS(=O)(=O)O,397.37,-0.79,159.2,3,7,5,1,0.333,0.43,5.0,3.0,3.9,True,False,False,False,True,True,False,False,False,False
GLUE0403,O=C1CCC(N2Cc3cccc(NC(=O)NOS(=O)(=O)O)c3C2=O)C(=O)N1,YQZDFNPFSQJCAV-UHFFFAOYSA-N,urea,*OS(=O)(=O)O,398.35,-0.7,171.2,4,7,4,1,0.286,0.293,5.0,2.5,3.73,True,False,False,False,True,True,False,False,False,False
GLUE0404,O=C1CCC(N2Cc3cccc(NC(=O)OOS(=O)(=O)O)c3C2=O)C(=O)N1,NPVLSVKITKASBY-UHFFFAOYSA-N,carbamate,*OS(=O)(=O)O,399.34,-0.27,168.4,3,8,4,1,0.286,0.267,5.0,3.0,3.89,True,False,False,False,True,True,False,False,False,False
GLUE0405,O=C1CCC(N2Cc3cccc(NC(=O)c4cccc(F)c4)c3C2=O)C(=O)N1,IYUNDSQYKCISDD-UHFFFAOYSA-N,amide,*c1cccc(F)c1,381.36,1.84,95.6,2,4,3,2,0.2,0.793,5.0,3.5,5.16,True,False,False,False,True,True,True,True,False,False
GLUE0406,O=C1CCC(N2Cc3cccc(NS(=O)(=O)c4cccc(F)c4)c3C2=O)C(=O)N1,HSQCTJPDYQHPNJ-UHFFFAOYSA-N,sulfonamide,*c1cccc(F)c1,417.42,1.39,112.7,2,5,4,2,0.211,0.73,5.0,3.5,4.33,True,False,False,False,True,True,True,True,False,False
GLUE0407,O=C1CCC(N2Cc3cccc(NC(=O)Cc4cccc(F)c4)c3C2=O)C(=O)N1,ROXPRXQGVUQCRO-UHFFFAOYSA-N,acetamide,*c1cccc(F)c1,395.39,1.77,95.6,2,4,4,2,0.238,0.772,5.0,3.5,5.06,True,False,False,False,True,True,True,True,False,False
GLUE0408,O=C1CCC(N2Cc3cccc(NC(=O)Nc4cccc(F)c4)c3C2=O)C(=O)N1,UGCJBZUIENLYFO-UHFFFAOYSA-N,urea,*c1cccc(F)c1,396.38,2.23,107.6,3,4,3,2,0.2,0.692,5.0,3.5,4.32,True,True,False,False,True,True,True,True,False,True
GLUE0409,O=C1CCC(N2Cc3cccc(NC(=O)Oc4cccc(F)c4)c3C2=O)C(=O)N1,SAFOQCIGPXDLHN-UHFFFAOYSA-N,carbamate,*c1cccc(F)c1,397.36,2.2,104.8,2,5,3,2,0.2,0.773,5.0,3.5,4.74,True,True,False,False,True,True,True,True,False,True
GLUE0410,O=C1CCC(N2Cc3cccc(NC(=O)c4cc(F)c(F)cc4F)c3C2=O)C(=O)N1,KXCDQHWGXKKMRK-UHFFFAOYSA-N,amide,*c1cc(F)c(F)cc1F,417.34,2.12,95.6,2,4,3,2,0.2,0.591,5.0,3.5,4.9,True,True,False,False,True,True,True,True,False,True
GLUE0411,O=C1CCC(N2Cc3cccc(NS(=O)(=O)c4cc(F)c(F)cc4F)c3C2=O)C(=O)N1,SYDAZKYFXUIPJX-UHFFFAOYSA-N,sulfonamide,*c1cc(F)c(F)cc1F,453.4,1.67,112.7,2,5,4,2,0.211,0.54,5.0,3.5,4.08,False,False,False,False,True,True,True,True,False,False
GLUE0412,O=C1CCC(N2Cc3cccc(NC(=O)Cc4cc(F)c(F)cc4F)c3C2=O)C(=O)N1,PCGOZRGYKKZABV-UHFFFAOYSA-N,acetamide,*c1cc(F)c(F)cc1F,431.37,2.05,95.6,2,4,4,2,0.238,0.572,5.0,3.5,4.8,True,True,False,False,True,True,True,True,False,True
GLUE0413,O=C1CCC(N2Cc3cccc(NC(=O)Nc4cc(F)c(F)cc4F)c3C2=O)C(=O)N1,VASIKHLVIBHLST-UHFFFAOYSA-N,urea,*c1cc(F)c(F)cc1F,432.36,2.51,107.6,3,4,3,2,0.2,0.512,5.0,3.5,4.06,True,True,False,False,True,True,True,True,False,True
GLUE0414,O=C1CCC(N2Cc3cccc(NC(=O)Oc4cc(F)c(F)cc4F)c3C2=O)C(=O)N1,SMBDPGUMXMZBHX-UHFFFAOYSA-N,carbamate,*c1cc(F)c(F)cc1F,433.34,2.48,104.8,2,5,3,2,0.2,0.572,5.0,3.5,4.48,True,True,False,False,True,True,True,True,False,True
GLUE0415,CCCC(=O)C(=O)Nc1cccc2c1C(=O)N(C1CCC(=O)NC1=O)C2,ACALSWZJNGMRFF-UHFFFAOYSA-N,amide,*C(=O)CCC,357.37,0.76,112.7,2,5,5,1,0.389,0.597,5.0,4.0,4.74,True,False,False,True,True,True,True,True,False,False
GLUE0416,CCCC(=O)S(=O)(=O)Nc1cccc2c1C(=O)N(C1CCC(=O)NC1=O)C2,NXRUNQIJXSXEQP-UHFFFAOYSA-N,sulfonamide,*C(=O)CCC,393.42,0.52,129.7,2,6,5,1,0.412,0.702,5.0,3.0,4.26,True,False,False,False,True,True,False,False,False,False
GLUE0417,CCCC(=O)CC(=O)Nc1cccc2c1C(=O)N(C1CCC(=O)NC1=O)C2,SZQQKLNCHQMMGV-UHFFFAOYSA-N,acetamide,*C(=O)CCC,371.39,1.15,112.7,2,5,6,1,0.421,0.575,5.0,3.5,4.66,True,False,False,False,True,True,True,True,False,False
GLUE0418,CCCC(=O)NC(=O)Nc1cccc2c1C(=O)N(C1CCC(=O)NC1=O)C2,JWKRWMYEUMGLTH-UHFFFAOYSA-N,urea,*C(=O)CCC,372.38,0.9,124.7,3,5,4,1,0.389,0.677,5.0,3.0,4.08,True,False,False,False,True,True,False,False,False,False
GLUE0419,CCCC(=O)OC(=O)Nc1cccc2c1C(=O)N(C1CCC(=O)NC1=O)C2,KBSLQBRKRQTPFE-UHFFFAOYSA-N,carbamate,*C(=O)CCC,373.37,1.32,121.9,2,6,4,1,0.389,0.466,5.0,3.0,4.4,True,False,False,False,True,True,False,False,False,False
GLUE0420,O=C1CCC(N2Cc3cccc(NC(=O)c4c(F)cc(F)cc4F)c3C2=O)C(=O)N1,HONWVSJEVSXLIX-UHFFFAOYSA-N,amide,*c1c(F)cc(F)cc1F,417.34,2.12,95.6,2,4,3,2,0.2,0.748,5.0,3.5,4.9,True,True,False,False,True,True,True,True,False,True
GLUE0421,O=C1CCC(N2Cc3cccc(NS(=O)(=O)c4c(F)cc(F)cc4F)c3C2=O)C(=O)N1,LLTHOPLYYATUIR-UHFFFAOYSA-N,sulfonamide,*c1c(F)cc(F)cc1F,453.4,1.67,112.7,2,5,4,2,0.211,0.684,5.0,3.5,4.08,False,False,False,False,True,True,True,True,False,False
GLUE0422,O=C1CCC(N2Cc3cccc(NC(=O)Cc4c(F)cc(F)cc4F)c3C2=O)C(=O)N1,UESJHKJOSGNSJN-UHFFFAOYSA-N,acetamide,*c1c(F)cc(F)cc1F,431.37,2.05,95.6,2,4,4,2,0.238,0.725,5.0,3.5,4.8,True,True,False,False,True,True,True,True,False,True
GLUE0423,O=C1CCC(N2Cc3cccc(NC(=O)Nc4c(F)cc(F)cc4F)c3C2=O)C(=O)N1,ZDAKNHNSPCWBFC-UHFFFAOYSA-N,urea,*c1c(F)cc(F)cc1F,432.36,2.51,107.6,3,4,3,2,0.2,0.648,5.0,3.5,4.06,True,True,False,False,True,True,True,True,False,True
GLUE0424,O=C1CCC(N2Cc3cccc(NC(=O)Oc4c(F)cc(F)cc4F)c3C2=O)C(=O)N1,DBNXUQBBIPPHLQ-UHFFFAOYSA-N,carbamate,*c1c(F)cc(F)cc1F,433.34,2.48,104.8,2,5,3,2,0.2,0.724,5.0,3.5,4.48,True,True,False,False,True,True,True,True,False,True
GLUE0425,Cc1ccc(C(=O)Nc2cccc3c2C(=O)N(C2CCC(=O)NC2=O)C3)c(C)c1,GTFXQUNQERXUQJ-UHFFFAOYSA-N,amide,*c1ccc(C)cc1C,391.43,2.32,95.6,2,4,3,2,0.273,0.785,5.0,3.5,5.09,True,True,False,False,True,True,True,True,False,True
GLUE0426,Cc1ccc(S(=O)(=O)Nc2cccc3c2C(=O)N(C2CCC(=O)NC2=O)C3)c(C)c1,PWWYOJMHMZJIRG-UHFFFAOYSA-N,sulfonamide,*c1ccc(C)cc1C,427.48,1.87,112.7,2,5,4,2,0.286,0.724,5.0,3.5,4.26,True,False,False,False,True,True,True,True,False,False
GLUE0427,Cc1ccc(CC(=O)Nc2cccc3c2C(=O)N(C2CCC(=O)NC2=O)C3)c(C)c1,XZMNGFHIGJIOLM-UHFFFAOYSA-N,acetamide,*c1ccc(C)cc1C,405.45,2.25,95.6,2,4,4,2,0.304,0.763,5.0,3.5,4.99,True,True,False,False,True,True,True,True,False,True
GLUE0428,Cc1ccc(NC(=O)Nc2cccc3c2C(=O)N(C2CCC(=O)NC2=O)C3)c(C)c1,XYDYSZAMHIQDBL-UHFFFAOYSA-N,urea,*c1ccc(C)cc1C,406.44,2.71,107.6,3,4,3,2,0.273,0.681,5.0,3.5,4.14,True,True,False,False,True,True,True,True,False,True
GLUE0429,Cc1ccc(OC(=O)Nc2cccc3c2C(=O)N(C2CCC(=O)NC2=O)C3)c(C)c1,REOLAWWBEVUYLR-UHFFFAOYSA-N,carbamate,*c1ccc(C)cc1C,407.43,2.68,104.8,2,5,3,2,0.273,0.761,5.0,3.5,4.58,True,True,False,False,True,True,True,True,False,True
GLUE0430,O=C1CCC(N2Cc3cccc(NC(=O)c4nsc5ccccc45)c3C2=O)C(=O)N1,UWXUYCFJDGMGCV-UHFFFAOYSA-N,amide,*c1nsc2ccccc12,420.45,2.31,108.5,2,6,3,3,0.19,0.632,5.0,3.5,4.45,True,True,False,False,True,True,True,True,False,True
GLUE0431,O=C1CCC(N2Cc3cccc(NS(=O)(=O)c4nsc5ccccc45)c3C2=O)C(=O)N1,BEVCPVHPSSNEDQ-UHFFFAOYSA-N,sulfonamide,*c1nsc2ccccc12,456.51,1.86,125.5,2,7,4,3,0.2,0.577,5.0,3.0,3.81,False,False,False,False,True,True,False,False,False,False
GLUE0432,O=C1CCC(N2Cc3cccc(NC(=O)Cc4nsc5ccccc45)c3C2=O)C(=O)N1,KHSGAVISBYJSPU-UHFFFAOYSA-N,acetamide,*c1nsc2ccccc12,434.48,2.24,108.5,2,6,4,3,0.227,0.612,5.0,3.5,4.35,True,True,False,False,True,True,True,True,False,True
GLUE0433,O=C1CCC(N2Cc3cccc(NC(=O)Nc4nsc5ccccc45)c3C2=O)C(=O)N1,OPYRLRDQLSYPTJ-UHFFFAOYSA-N,urea,*c1nsc2ccccc12,435.47,2.7,120.5,3,6,3,3,0.19,0.547,5.0,3.0,3.53,True,True,False,False,True,True,False,False,False,False
GLUE0434,O=C1CCC(N2Cc3cccc(NC(=O)Oc4nsc5ccccc45)c3C2=O)C(=O)N1,MBNBTIFAQPLSEJ-UHFFFAOYSA-N,carbamate,*c1nsc2ccccc12,436.45,2.67,117.7,2,7,3,3,0.19,0.61,5.0,3.5,3.95,True,True,False,False,True,True,True,True,False,True
GLUE0435,O=C1CCC(N2Cc3cccc(NC(=O)c4cc(O)cc(O)c4)c3C2=O)C(=O)N1,WDCGEYODMUNPOZ-UHFFFAOYSA-N,amide,*c1cc(O)cc(O)c1,395.37,1.11,136.0,4,6,3,2,0.2,0.575,5.0,2.5,3.75,True,False,False,False,True,True,False,False,False,False
GLUE0436,O=C1CCC(N2Cc3cccc(NS(=O)(=O)c4cc(O)cc(O)c4)c3C2=O)C(=O)N1,PAMOYGFERDYJFB-UHFFFAOYSA-N,sulfonamide,*c1cc(O)cc(O)c1,431.43,0.66,153.1,4,7,4,2,0.211,0.519,5.0,2.5,3.49,True,False,False,False,True,True,False,False,False,False
GLUE0437,O=C1CCC(N2Cc3cccc(NC(=O)Cc4cc(O)cc(O)c4)c3C2=O)C(=O)N1,MPMAIVYBHLLABN-UHFFFAOYSA-N,acetamide,*c1cc(O)cc(O)c1,409.4,1.04,136.0,4,6,4,2,0.238,0.557,5.0,2.5,3.65,True,False,False,False,True,True,False,False,False,False
GLUE0438,O=C1CCC(N2Cc3cccc(NC(=O)Nc4cc(O)cc(O)c4)c3C2=O)C(=O)N1,VNGHWKKMSFTEHV-UHFFFAOYSA-N,urea,*c1cc(O)cc(O)c1,410.39,1.5,148.1,5,6,3,2,0.2,0.484,5.0,2.5,3.64,True,False,False,False,True,True,False,False,False,False
GLUE0439,O=C1CCC(N2Cc3cccc(NC(=O)Oc4cc(O)cc(O)c4)c3C2=O)C(=O)N1,YCLANDWNJBVMJQ-UHFFFAOYSA-N,carbamate,*c1cc(O)cc(O)c1,411.37,1.47,145.3,4,7,3,2,0.2,0.56,5.0,2.5,3.63,True,False,False,False,True,True,False,False,False,False
GLUE0440,Nc1ncc(C(=O)Nc2cccc3c2C(=O)N(C2CCC(=O)NC2=O)C3)c(N)n1,KSUBUJZHOGBIOA-UHFFFAOYSA-N,amide,*c1cnc(N)nc1N,395.38,-0.35,173.4,4,8,3,2,0.222,0.51,4.5,2.5,3.75,True,False,False,False,True,True,False,False,False,False
GLUE0441,Nc1ncc(S(=O)(=O)Nc2cccc3c2C(=O)N(C2CCC(=O)NC2=O)C3)c(N)n1,RXDKBRNDJMCMFS-UHFFFAOYSA-N,sulfonamide,*c1cnc(N)nc1N,431.43,-0.8,190.5,4,9,4,2,0.235,0.449,4.5,2.5,3.49,True,False,False,False,True,True,False,False,False,False
GLUE0442,Nc1ncc(CC(=O)Nc2cccc3c2C(=O)N(C2CCC(=O)NC2=O)C3)c(N)n1,WTAZPGBLVQTFLA-UHFFFAOYSA-N,acetamide,*c1cnc(N)nc1N,409.41,-0.42,173.4,4,8,4,2,0.263,0.493,4.5,2.5,3.65,True,False,False,False,True,True,False,False,False,False
GLUE0443,Nc1ncc(NC(=O)Nc2cccc3c2C(=O)N(C2CCC(=O)NC2=O)C3)c(N)n1,IUAZWOGOOYAKAX-UHFFFAOYSA-N,urea,*c1cnc(N)nc1N,410.39,0.05,185.4,5,8,3,2,0.222,0.439,4.5,2.5,3.64,True,False,False,False,True,True,False,False,False,False
GLUE0444,Nc1ncc(OC(=O)Nc2cccc3c2C(=O)N(C2CCC(=O)NC2=O)C3)c(N)n1,WXWAOHZMEZUKST-UHFFFAOYSA-N,carbamate,*c1cnc(N)nc1N,411.38,0.01,182.6,4,9,3,2,0.222,0.505,4.5,2.5,3.63,True,False,False,False,True,True,False,False,False,False
GLUE0445,O=C1CCC(N2Cc3cccc(NC(=O)C4CC5C=CC4C5)c3C2=O)C(=O)N1,SHXAOTFUZLETRS-UHFFFAOYSA-N,amide,*C1CC2C=CC1C2,379.42,1.6,95.6,2,4,3,1,0.429,0.616,5.0,3.5,5.18,True,False,False,False,True,True,True,True,False,False
GLUE0446,O=C1CCC(N2Cc3cccc(NS(=O)(=O)C4CC5C=CC4C5)c3C2=O)C(=O)N1,FZUVLHDRUFFVNP-UHFFFAOYSA-N,sulfonamide,*C1CC2C=CC1C2,415.47,1.15,112.7,2,5,4,1,0.45,0.566,5.0,3.5,4.35,True,False,False,False,True,True,True,True,False,False
GLUE0447,O=C1CCC(N2Cc3cccc(NC(=O)CC4CC5C=CC4C5)c3C2=O)C(=O)N1,FHCSJILPGCQVKY-UHFFFAOYSA-N,acetamide,*C1CC2C=CC1C2,393.44,1.99,95.6,2,4,4,1,0.455,0.604,5.0,3.5,5.08,True,False,False,False,True,True,True,True,False,False
GLUE0448,O=C1CCC(N2Cc3cccc(NC(=O)NC4CC5C=CC4C5)c3C2=O)C(=O)N1,TWKKZHWGDZFUPM-UHFFFAOYSA-N,urea,*C1CC2C=CC1C2,394.43,1.53,107.6,3,4,3,1,0.429,0.534,5.0,3.5,4.33,True,False,False,False,True,True,True,True,False,False
GLUE0449,O=C1CCC(N2Cc3cccc(NC(=O)OC4CC5C=CC4C5)c3C2=O)C(=O)N1,YMDLNAIKEYZJMS-UHFFFAOYSA-N,carbamate,*C1CC2C=CC1C2,395.42,1.96,104.8,2,5,3,1,0.429,0.601,5.0,3.5,4.75,True,False,False,False,True,True,True,True,False,False
GLUE0450,O=C1CCC(N2Cc3cccc(NC(=O)c4ccccc4F)c3C2=O)C(=O)N1,WXBWFEWLQXYETR-UHFFFAOYSA-N,amide,*c1ccccc1F,381.36,1.84,95.6,2,4,3,2,0.2,0.793,5.0,3.5,5.16,True,False,False,False,True,True,True,True,False,False
GLUE0451,O=C1CCC(N2Cc3cccc(NS(=O)(=O)c4ccccc4F)c3C2=O)C(=O)N1,ZQLFGRJDZSEBGD-UHFFFAOYSA-N,sulfonamide,*c1ccccc1F,417.42,1.39,112.7,2,5,4,2,0.211,0.73,5.0,3.5,4.33,True,False,False,False,True,True,True,True,False,False
GLUE0452,O=C1CCC(N2Cc3cccc(NC(=O)Cc4ccccc4F)c3C2=O)C(=O)N1,YTYOUTWVODCSFL-UHFFFAOYSA-N,acetamide,*c1ccccc1F,395.39,1.77,95.6,2,4,4,2,0.238,0.772,5.0,3.5,5.06,True,False,False,False,True,True,True,True,False,False
GLUE0453,O=C1CCC(N2Cc3cccc(NC(=O)Nc4ccccc4F)c3C2=O)C(=O)N1,UEKNOPYSSUCSQG-UHFFFAOYSA-N,urea,*c1ccccc1F,396.38,2.23,107.6,3,4,3,2,0.2,0.692,5.0,3.5,4.32,True,True,False,False,True,True,True,True,False,True
GLUE0454,O=C1CCC(N2Cc3cccc(NC(=O)Oc4ccccc4F)c3C2=O)C(=O)N1,VOWODAROASPXEO-UHFFFAOYSA-N,carbamate,*c1ccccc1F,397.36,2.2,104.8,2,5,3,2,0.2,0.773,5.0,3.5,4.74,True,True,False,False,True,True,True,True,False,True
GLUE0455,O=C1CCC(N2Cc3cccc(NC(=O)c4c[nH]c5ccccc45)c3C2=O)C(=O)N1,NVAHBRDXKQUJLD-UHFFFAOYSA-N,amide,*c1c[nH]c2ccccc12,402.41,2.18,111.4,3,4,3,3,0.182,0.583,5.0,3.5,4.15,True,True,False,False,True,True,True,True,False,True
GLUE0456,O=C1CCC(N2Cc3cccc(NS(=O)(=O)c4c[nH]c5ccccc45)c3C2=O)C(=O)N1,RXUANXMTSZBWCU-UHFFFAOYSA-N,sulfonamide,*c1c[nH]c2ccccc12,438.47,1.73,128.4,3,5,4,3,0.19,0.535,5.0,3.0,3.61,True,False,False,False,True,True,False,False,False,False
GLUE0457,O=C1CCC(N2Cc3cccc(NC(=O)Cc4c[nH]c5ccccc45)c3C2=O)C(=O)N1,JEXMOGLNDNDUBH-UHFFFAOYSA-N,acetamide,*c1c[nH]c2ccccc12,416.44,2.11,111.4,3,4,4,3,0.217,0.566,5.0,3.5,4.05,True,True,False,False,True,True,True,True,False,True
GLUE0458,O=C1CCC(N2Cc3cccc(NC(=O)Nc4c[nH]c5ccccc45)c3C2=O)C(=O)N1,DWXUSSLGZYYCIV-UHFFFAOYSA-N,urea,*c1c[nH]c2ccccc12,417.43,2.57,123.4,4,4,3,3,0.182,0.489,5.0,2.5,3.55,True,True,False,False,True,True,False,False,False,False
GLUE0459,O=C1CCC(N2Cc3cccc(NC(=O)Oc4c[nH]c5ccccc45)c3C2=O)C(=O)N1,UYRCPLUOSFBLKW-UHFFFAOYSA-N,carbamate,*c1c[nH]c2ccccc12,418.41,2.54,120.6,3,5,3,3,0.182,0.565,5.0,3.0,3.73,True,True,False,False,True,True,False,False,False,False
GLUE0460,O=C1CCC(N2Cc3cccc(NC(=O)c4ccc(Br)cc4)c3C2=O)C(=O)N1,KVHBKWKOLJICNE-UHFFFAOYSA-N,amide,*c1ccc(Br)cc1,442.27,2.46,95.6,2,4,3,2,0.2,0.715,5.0,3.5,4.73,True,True,False,False,True,True,True,True,False,True
GLUE0461,O=C1CCC(N2Cc3cccc(NS(=O)(=O)c4ccc(Br)cc4)c3C2=O)C(=O)N1,ZKYDVXFTXAQBMK-UHFFFAOYSA-N,sulfonamide,*c1ccc(Br)cc1,478.32,2.01,112.7,2,5,4,2,0.211,0.653,5.0,3.5,3.9,False,True,False,False,True,True,True,True,False,False
GLUE0462,O=C1CCC(N2Cc3cccc(NC(=O)Cc4ccc(Br)cc4)c3C2=O)C(=O)N1,RQGVNHDHFMFZEC-UHFFFAOYSA-N,acetamide,*c1ccc(Br)cc1,456.3,2.39,95.6,2,4,4,2,0.238,0.691,5.0,3.5,4.63,False,True,False,False,True,True,True,True,False,False
GLUE0463,O=C1CCC(N2Cc3cccc(NC(=O)Nc4ccc(Br)cc4)c3C2=O)C(=O)N1,OWRIXCMTJQLXGC-UHFFFAOYSA-N,urea,*c1ccc(Br)cc1,457.28,2.85,107.6,3,4,3,2,0.2,0.617,5.0,3.5,3.71,False,True,False,False,True,True,True,True,False,False
GLUE0464,O=C1CCC(N2Cc3cccc(NC(=O)Oc4ccc(Br)cc4)c3C2=O)C(=O)N1,IOBRKSSIBRSMJB-UHFFFAOYSA-N,carbamate,*c1ccc(Br)cc1,458.27,2.82,104.8,2,5,3,2,0.2,0.689,5.0,3.5,4.14,False,True,False,False,True,True,True,True,False,False
GLUE0465,O=C1CCC(N2Cc3cccc(NC(=O)c4cc[nH]n4)c3C2=O)C(=O)N1,QAECOPZLWYCNAM-UHFFFAOYSA-N,amide,*c1cc[nH]n1,353.34,0.42,124.3,3,5,3,2,0.235,0.69,5.0,3.5,4.17,True,False,False,False,True,True,False,True,False,False
GLUE0466,O=C1CCC(N2Cc3cccc(NS(=O)(=O)c4cc[nH]n4)c3C2=O)C(=O)N1,LEIGZYNTZVNCPW-UHFFFAOYSA-N,sulfonamide,*c1cc[nH]n1,389.39,-0.03,141.3,3,6,4,2,0.25,0.627,5.0,3.0,3.96,True,False,False,False,True,True,False,False,False,False
GLUE0467,O=C1CCC(N2Cc3cccc(NC(=O)Cc4cc[nH]n4)c3C2=O)C(=O)N1,KKADGUBIOBSXFS-UHFFFAOYSA-N,acetamide,*c1cc[nH]n1,367.37,0.35,124.3,3,5,4,2,0.278,0.673,5.0,3.0,4.11,True,False,False,False,True,True,False,False,False,False
GLUE0468,O=C1CCC(N2Cc3cccc(NC(=O)Nc4cc[nH]n4)c3C2=O)C(=O)N1,JIOMQBNEWYKNGU-UHFFFAOYSA-N,urea,*c1cc[nH]n1,368.35,0.81,136.3,4,5,3,2,0.235,0.595,5.0,2.5,3.94,True,False,False,False,True,True,False,False,False,False
GLUE0469,O=C1CCC(N2Cc3cccc(NC(=O)Oc4cc[nH]n4)c3C2=O)C(=O)N1,VNTOKCCYWKNPLL-UHFFFAOYSA-N,carbamate,*c1cc[nH]n1,369.34,0.78,133.5,3,6,3,2,0.235,0.685,5.0,3.0,4.1,True,False,False,False,True,True,False,False,False,False
GLUE0470,O=C1CCC(N2Cc3cccc(NC(=O)c4nnn[nH]4)c3C2=O)C(=O)N1,KUBBUGTZVRCDAS-UHFFFAOYSA-N,amide,*c1nnn[nH]1,355.31,-0.79,150.0,3,7,3,2,0.267,0.611,5.0,3.5,4.17,True,False,False,False,True,True,False,True,False,False
GLUE0471,O=C1CCC(N2Cc3cccc(NS(=O)(=O)c4nnn[nH]4)c3C2=O)C(=O)N1,HBJMLGZICBGVAL-UHFFFAOYSA-N,sulfonamide,*c1nnn[nH]1,391.37,-1.24,167.1,3,8,4,2,0.286,0.544,5.0,3.0,3.94,True,False,False,False,True,True,False,False,False,False
GLUE0472,O=C1CCC(N2Cc3cccc(NC(=O)Cc4nnn[nH]4)c3C2=O)C(=O)N1,QMVZCMJHIJBNIZ-UHFFFAOYSA-N,acetamide,*c1nnn[nH]1,369.34,-0.86,150.0,3,7,4,2,0.312,0.594,5.0,3.0,4.1,True,False,False,False,True,True,False,False,False,False
GLUE0473,O=C1CCC(N2Cc3cccc(NC(=O)Nc4nnn[nH]4)c3C2=O)C(=O)N1,DHDJDQCRYUXQST-UHFFFAOYSA-N,urea,*c1nnn[nH]1,370.33,-0.4,162.1,4,7,3,2,0.267,0.534,5.0,2.5,3.93,True,False,False,False,True,True,False,False,False,False
GLUE0474,O=C1CCC(N2Cc3cccc(NC(=O)Oc4nnn[nH]4)c3C2=O)C(=O)N1,ZEWRULLORMDDSA-UHFFFAOYSA-N,carbamate,*c1nnn[nH]1,371.31,-0.43,159.3,3,8,3,2,0.267,0.613,5.0,3.0,4.09,True,False,False,False,True,True,False,False,False,False
GLUE0475,C[C@H](C(=O)O)C(=O)Nc1cccc2c1C(=O)N(C1CCC(=O)NC1=O)C2,IZBCUVLOQVFBHC-YMNIQAILSA-N,amide,*[C@H](C)C(=O)O,359.34,0.11,132.9,3,5,4,1,0.353,0.516,5.0,3.5,4.17,True,False,False,False,True,True,False,True,False,False
GLUE0476,C[C@H](C(=O)O)S(=O)(=O)Nc1cccc2c1C(=O)N(C1CCC(=O)NC1=O)C2,TWTRVVAFSBKWRC-RZZZFEHKSA-N,sulfonamide,*[C@H](C)C(=O)O,395.39,-0.34,149.9,3,6,5,1,0.375,0.577,5.0,3.0,3.91,True,False,False,False,True,True,False,False,False,False
GLUE0477,C[C@@H](CC(=O)Nc1cccc2c1C(=O)N(C1CCC(=O)NC1=O)C2)C(=O)O,SORDLDIFRFWGKB-QHGLUPRGSA-N,acetamide,*[C@H](C)C(=O)O,373.37,0.5,132.9,3,5,5,1,0.389,0.644,5.0,3.0,4.07,True,False,False,False,True,True,False,False,False,False
GLUE0478,C[C@@H](NC(=O)Nc1cccc2c1C(=O)N(C1CCC(=O)NC1=O)C2)C(=O)O,JFQYWFSNSWXXIQ-RZZZFEHKSA-N,urea,*[C@H](C)C(=O)O,374.35,0.04,144.9,4,5,4,1,0.353,0.548,5.0,2.5,3.9,True,False,False,False,True,True,False,False,False,False
GLUE0479,C[C@@H](OC(=O)Nc1cccc2c1C(=O)N(C1CCC(=O)NC1=O)C2)C(=O)O,MCHYNMDUZMLDJU-RZZZFEHKSA-N,carbamate,*[C@H](C)C(=O)O,375.34,0.47,142.1,3,6,4,1,0.353,0.649,5.0,3.0,4.06,True,False,False,False,True,True,False,False,False,False
GLUE0480,N=C(N)NC(=N)NC(=O)Nc1cccc2c1C(=O)N(C1CCC(=O)NC1=O)C2,VQYRZXBUBBMPAK-UHFFFAOYSA-N,amide,*NC(=N)NC(=N)N,386.37,-1.01,193.4,7,6,2,1,0.25,0.193,9.0,2.5,3.31,True,False,False,False,True,True,False,False,False,False
GLUE0481,N=C(N)NC(=N)NS(=O)(=O)Nc1cccc2c1C(=O)N(C1CCC(=O)NC1=O)C2,ADHCKHWISIOSTN-UHFFFAOYSA-N,sulfonamide,*NC(=N)NC(=N)N,422.43,-1.89,210.4,7,7,4,1,0.267,0.166,9.0,2.5,3.05,True,False,False,False,True,True,False,False,False,False
GLUE0482,N=C(N)NC(=N)NCC(=O)Nc1cccc2c1C(=O)N(C1CCC(=O)NC1=O)C2,FKMPIVHAKHRHAE-UHFFFAOYSA-N,acetamide,*NC(=N)NC(=N)N,400.4,-1.61,193.4,7,6,4,1,0.294,0.179,9.0,2.5,3.21,True,False,False,False,True,True,False,False,False,False
GLUE0483,N=C(N)NC(=N)NNC(=O)Nc1cccc2c1C(=O)N(C1CCC(=O)NC1=O)C2,WIZNQYABPPKGNP-UHFFFAOYSA-N,urea,*NC(=N)NC(=N)N,401.39,-1.51,205.4,8,6,2,1,0.25,0.127,9.0,2.5,3.2,True,False,False,False,True,True,False,False,False,False
GLUE0484,N=C(N)NC(=N)NOC(=O)Nc1cccc2c1C(=O)N(C1CCC(=O)NC1=O)C2,GBXFGWWTSBXELA-UHFFFAOYSA-N,carbamate,*NC(=N)NC(=N)N,402.37,-1.08,202.6,7,7,2,1,0.25,0.14,9.0,2.5,3.2,True,False,False,False,True,True,False,False,False,False
GLUE0485,CC#CC(=O)C(=O)Nc1cccc2c1C(=O)N(C1CCC(=O)NC1=O)C2,PIEPNHQUFKQQRK-UHFFFAOYSA-N,amide,*C(=O)C#CC,353.33,-0.02,112.7,2,5,3,1,0.278,0.343,5.0,4.0,4.74,True,False,False,True,True,True,True,True,False,False
GLUE0486,CC#CC(=O)S(=O)(=O)Nc1cccc2c1C(=O)N(C1CCC(=O)NC1=O)C2,JHBCYZBUFZVGDH-UHFFFAOYSA-N,sulfonamide,*C(=O)C#CC,389.39,-0.26,129.7,2,6,3,1,0.294,0.541,5.0,3.0,4.29,True,False,False,False,True,True,False,False,False,False
GLUE0487,CC#CC(=O)CC(=O)Nc1cccc2c1C(=O)N(C1CCC(=O)NC1=O)C2,QGKGNTDLRWAGCB-UHFFFAOYSA-N,acetamide,*C(=O)C#CC,367.36,0.37,112.7,2,5,4,1,0.316,0.346,5.0,3.5,4.69,True,False,False,False,True,True,True,True,False,False
GLUE0488,CC#CC(=O)NC(=O)Nc1cccc2c1C(=O)N(C1CCC(=O)NC1=O)C2,NBKZACKHEHLECY-UHFFFAOYSA-N,urea,*C(=O)C#CC,368.35,0.12,124.7,3,5,2,1,0.278,0.505,5.0,3.0,4.11,True,False,False,False,True,True,False,False,False,False
GLUE0489,CC#CC(=O)OC(=O)Nc1cccc2c1C(=O)N(C1CCC(=O)NC1=O)C2,OGBALOPDXQVVQZ-UHFFFAOYSA-N,carbamate,*C(=O)C#CC,369.33,0.55,121.9,2,6,2,1,0.278,0.258,5.0,3.0,4.43,True,False,False,False,True,True,False,False,False,False
GLUE0490,NS(=O)(=O)c1ccc(C(=O)Nc2cccc3c2C(=O)N(C2CCC(=O)NC2=O)C3)cc1,XSDKHBBJRGMNGI-UHFFFAOYSA-N,amide,*c1ccc(S(N)(=O)=O)cc1,442.45,0.35,155.7,3,6,4,2,0.2,0.58,5.0,3.0,3.58,True,False,False,False,True,True,False,False,False,False
GLUE0491,NS(=O)(=O)c1ccc(S(=O)(=O)Nc2cccc3c2C(=O)N(C2CCC(=O)NC2=O)C3)cc1,IHAKLEPZZGMNLE-UHFFFAOYSA-N,sulfonamide,*c1ccc(S(N)(=O)=O)cc1,478.51,-0.1,172.8,3,7,5,2,0.211,0.503,5.0,3.0,3.32,False,False,False,False,True,True,False,False,False,False
GLUE0492,NS(=O)(=O)c1ccc(CC(=O)Nc2cccc3c2C(=O)N(C2CCC(=O)NC2=O)C3)cc1,RHGZUETYZZWXDK-UHFFFAOYSA-N,acetamide,*c1ccc(S(N)(=O)=O)cc1,456.48,0.28,155.7,3,6,5,2,0.238,0.549,5.0,3.0,3.48,False,False,False,False,True,True,False,False,False,False
GLUE0493,NS(=O)(=O)c1ccc(NC(=O)Nc2cccc3c2C(=O)N(C2CCC(=O)NC2=O)C3)cc1,VWPJCOWFOIPPBX-UHFFFAOYSA-N,urea,*c1ccc(S(N)(=O)=O)cc1,457.47,0.74,167.8,4,6,4,2,0.2,0.494,5.0,2.5,3.3,False,False,False,False,True,True,False,False,False,False
GLUE0494,NS(=O)(=O)c1ccc(OC(=O)Nc2cccc3c2C(=O)N(C2CCC(=O)NC2=O)C3)cc1,INXCXKZKGBOPHV-UHFFFAOYSA-N,carbamate,*c1ccc(S(N)(=O)=O)cc1,458.45,0.71,165.0,3,7,4,2,0.2,0.568,5.0,3.0,3.46,False,False,False,False,True,True,False,False,False,False
GLUE0495,O=C1CCC(N2Cc3cccc(NC(=O)N4CC[C@@H](O)C4)c3C2=O)C(=O)N1,WGHODKBBFWGKRA-JTDNENJMSA-N,amide,*N1CC[C@@H](O)C1,372.38,0.05,119.1,3,5,2,1,0.444,0.634,5.0,3.5,4.11,True,False,False,False,True,True,True,True,False,False
GLUE0496,O=C1CCC(N2Cc3cccc(NS(=O)(=O)N4CC[C@@H](O)C4)c3C2=O)C(=O)N1,ZEIDAPIOCBXIJC-JTDNENJMSA-N,sulfonamide,*N1CC[C@@H](O)C1,408.44,-0.83,136.1,3,6,4,1,0.471,0.557,5.0,3.0,3.82,True,False,False,False,True,True,False,False,False,False
GLUE0497,O=C1CCC(N2Cc3cccc(NC(=O)CN4CC[C@@H](O)C4)c3C2=O)C(=O)N1,HCTAUBBZOSRPDZ-PUODRLBUSA-N,acetamide,*N1CC[C@@H](O)C1,386.41,-0.55,119.1,3,6,4,1,0.474,0.598,9.5,3.5,3.26,True,False,False,False,True,True,True,True,False,False
GLUE0498,O=C1CCC(N2Cc3cccc(NC(=O)NN4CC[C@@H](O)C4)c3C2=O)C(=O)N1,NMXZXKGDSONYNC-JTDNENJMSA-N,urea,*N1CC[C@@H](O)C1,387.4,-0.45,131.1,4,6,3,1,0.444,0.52,9.5,2.5,3.05,True,False,False,False,True,True,False,False,False,False
GLUE0499,O=C1CCC(N2Cc3cccc(NC(=O)ON4CC[C@@H](O)C4)c3C2=O)C(=O)N1,DPWPQMOWKKCDEE-JTDNENJMSA-N,carbamate,*N1CC[C@@H](O)C1,388.38,-0.02,128.3,3,7,3,1,0.444,0.621,9.5,3.0,3.21,True,False,False,False,True,True,False,False,False,False
GLUE0500,Cc1[nH]cnc1C(=O)Nc1cccc2c1C(=O)N(C1CCC(=O)NC1=O)C2,YRIYSBBZPYVGAY-UHFFFAOYSA-N,amide,*c1nc[nH]c1C,367.37,0.73,124.3,3,5,3,2,0.278,0.69,5.0,3.0,4.11,True,False,False,False,True,True,False,False,False,False
GLUE0501,Cc1[nH]cnc1S(=O)(=O)Nc1cccc2c1C(=O)N(C1CCC(=O)NC1=O)C2,DGPXPEZFFOKOFU-UHFFFAOYSA-N,sulfonamide,*c1nc[nH]c1C,403.42,0.28,141.3,3,6,4,2,0.294,0.626,5.0,3.0,3.86,True,False,False,False,True,True,False,False,False,False
GLUE0502,Cc1[nH]cnc1CC(=O)Nc1cccc2c1C(=O)N(C1CCC(=O)NC1=O)C2,RHSXJKHDPXYORN-UHFFFAOYSA-N,acetamide,*c1nc[nH]c1C,381.39,0.66,124.3,3,5,4,2,0.316,0.671,5.0,3.0,4.01,True,False,False,False,True,True,False,False,False,False
GLUE0503,Cc1[nH]cnc1NC(=O)Nc1cccc2c1C(=O)N(C1CCC(=O)NC1=O)C2,DGXYTPDTFZLRTL-UHFFFAOYSA-N,urea,*c1nc[nH]c1C,382.38,1.12,136.3,4,5,3,2,0.278,0.59,5.0,2.5,3.84,True,False,False,False,True,True,False,False,False,False
GLUE0504,Cc1[nH]cnc1OC(=O)Nc1cccc2c1C(=O)N(C1CCC(=O)NC1=O)C2,VZUHVWWVGIQOCN-UHFFFAOYSA-N,carbamate,*c1nc[nH]c1C,383.36,1.09,133.5,3,6,3,2,0.278,0.68,5.0,3.0,4.0,True,False,False,False,True,True,False,False,False,False
GLUE0505,O=C1CCC(N2Cc3cccc(NC(=O)C4CCCO4)c3C2=O)C(=O)N1,YCEMOLAXBVGOGO-UHFFFAOYSA-N,amide,*C1CCCO1,357.37,0.57,104.8,2,5,3,1,0.444,0.77,5.0,4.0,5.01,True,False,False,True,True,True,True,True,False,False
GLUE0506,O=C1CCC(N2Cc3cccc(NS(=O)(=O)C4CCCO4)c3C2=O)C(=O)N1,PSGGOIAZDGLNEY-UHFFFAOYSA-N,sulfonamide,*C1CCCO1,393.42,0.33,121.9,2,6,4,1,0.471,0.711,5.0,3.0,4.26,True,False,False,False,True,True,False,False,False,False
GLUE0507,O=C1CCC(N2Cc3cccc(NC(=O)CC4CCCO4)c3C2=O)C(=O)N1,DAOZMKRSQGXARN-UHFFFAOYSA-N,acetamide,*C1CCCO1,371.39,0.96,104.8,2,5,4,1,0.474,0.767,5.0,3.5,4.92,True,False,False,False,True,True,True,True,False,False
GLUE0508,O=C1CCC(N2Cc3cccc(NC(=O)NC4CCCO4)c3C2=O)C(=O)N1,KQWLKKQOLLFXAM-UHFFFAOYSA-N,urea,*C1CCCO1,372.38,0.71,116.8,3,5,3,1,0.444,0.676,5.0,3.5,4.18,True,False,False,False,True,True,True,True,False,False
GLUE0509,O=C1CCC(N2Cc3cccc(NC(=O)OC4CCCO4)c3C2=O)C(=O)N1,JQDRLCWUZVTMQE-UHFFFAOYSA-N,carbamate,*C1CCCO1,373.37,1.13,114.0,2,6,3,1,0.444,0.768,5.0,3.5,4.6,True,False,False,False,True,True,True,True,False,False
GLUE0510,O=C(CC(=O)Nc1cccc2c1C(=O)N(C1CCC(=O)NC1=O)C2)NO,RVIIIARXIINNJE-UHFFFAOYSA-N,amide,*CC(=O)NO,360.33,-0.72,144.9,4,6,4,1,0.312,0.241,5.0,2.5,4.0,True,False,False,False,True,True,False,False,False,False
GLUE0511,O=C(CS(=O)(=O)Nc1cccc2c1C(=O)N(C1CCC(=O)NC1=O)C2)NO,XBNAOPSSLNCYFZ-UHFFFAOYSA-N,sulfonamide,*CC(=O)NO,396.38,-1.31,162.0,4,7,5,1,0.333,0.273,5.0,2.5,3.74,True,False,False,False,True,True,False,False,False,False
GLUE0512,O=C(CCC(=O)Nc1cccc2c1C(=O)N(C1CCC(=O)NC1=O)C2)NO,WXGSBMLFPNGZBC-UHFFFAOYSA-N,acetamide,*CC(=O)NO,374.35,-0.33,144.9,4,6,5,1,0.353,0.316,5.0,2.5,3.9,True,False,False,False,True,True,False,False,False,False
GLUE0513,O=C(CNC(=O)Nc1cccc2c1C(=O)N(C1CCC(=O)NC1=O)C2)NO,GAEFBEUEXSOCDW-UHFFFAOYSA-N,urea,*CC(=O)NO,375.34,-0.93,156.9,5,6,4,1,0.312,0.26,5.0,2.5,3.89,True,False,False,False,True,True,False,False,False,False
GLUE0514,O=C(COC(=O)Nc1cccc2c1C(=O)N(C1CCC(=O)NC1=O)C2)NO,MOZLBGBCOVUMLU-UHFFFAOYSA-N,carbamate,*CC(=O)NO,376.33,-0.5,154.1,4,7,4,1,0.312,0.314,5.0,2.5,3.88,True,False,False,False,True,True,False,False,False,False
GLUE0515,Nc1ccc(C(=O)Nc2cccc3c2C(=O)N(C2CCC(=O)NC2=O)C3)c(O)c1,DVPCTHFKCZRRRE-UHFFFAOYSA-N,amide,*c1ccc(N)cc1O,394.39,0.99,141.8,4,6,3,2,0.2,0.452,4.5,2.5,3.75,True,False,False,False,True,True,False,False,False,False
GLUE0516,Nc1ccc(S(=O)(=O)Nc2cccc3c2C(=O)N(C2CCC(=O)NC2=O)C3)c(O)c1,KFAOSONIZZHWIP-UHFFFAOYSA-N,sulfonamide,*c1ccc(N)cc1O,430.44,0.54,158.9,4,7,4,2,0.211,0.407,4.5,2.5,3.5,True,False,False,False,True,True,False,False,False,False
GLUE0517,Nc1ccc(CC(=O)Nc2cccc3c2C(=O)N(C2CCC(=O)NC2=O)C3)c(O)c1,SMXCFKGIVBUQPU-UHFFFAOYSA-N,acetamide,*c1ccc(N)cc1O,408.41,0.92,141.8,4,6,4,2,0.238,0.438,4.5,2.5,3.65,True,False,False,False,True,True,False,False,False,False
GLUE0518,Nc1ccc(NC(=O)Nc2cccc3c2C(=O)N(C2CCC(=O)NC2=O)C3)c(O)c1,YTQUZRPOGUSQHD-UHFFFAOYSA-N,urea,*c1ccc(N)cc1O,409.4,1.38,153.9,5,6,3,2,0.2,0.293,4.5,2.5,3.65,True,False,False,False,True,True,False,False,False,False
GLUE0519,Nc1ccc(OC(=O)Nc2cccc3c2C(=O)N(C2CCC(=O)NC2=O)C3)c(O)c1,GSWLOIXFVVEJNN-UHFFFAOYSA-N,carbamate,*c1ccc(N)cc1O,410.39,1.35,151.1,4,7,3,2,0.2,0.44,4.5,2.5,3.64,True,False,False,False,True,True,False,False,False,False
GLUE0520,CCC(C)C(=O)Nc1cccc2c1C(=O)N(C1CCC(=O)NC1=O)C2,FOSKRUIGXYHTPQ-UHFFFAOYSA-N,amide,*C(C)CC,343.38,1.43,95.6,2,4,4,1,0.444,0.809,5.0,4.0,5.31,True,False,False,True,True,True,True,True,False,False
GLUE0521,CCC(C)S(=O)(=O)Nc1cccc2c1C(=O)N(C1CCC(=O)NC1=O)C2,GGARTCGYQDBMRU-UHFFFAOYSA-N,sulfonamide,*C(C)CC,379.44,0.99,112.7,2,5,5,1,0.471,0.741,5.0,3.5,4.61,True,False,False,False,True,True,True,True,False,False
GLUE0522,CCC(C)CC(=O)Nc1cccc2c1C(=O)N(C1CCC(=O)NC1=O)C2,KJQNTAGDPKKPIN-UHFFFAOYSA-N,acetamide,*C(C)CC,357.41,1.82,95.6,2,4,5,1,0.474,0.786,5.0,4.0,5.31,True,False,False,True,True,True,True,True,False,False
GLUE0523,CCC(C)NC(=O)Nc1cccc2c1C(=O)N(C1CCC(=O)NC1=O)C2,YSSCWPBUGOTTGG-UHFFFAOYSA-N,urea,*C(C)CC,358.4,1.37,107.6,3,4,4,1,0.444,0.707,5.0,4.0,4.58,True,False,False,True,True,True,True,True,False,False
GLUE0524,CCC(C)OC(=O)Nc1cccc2c1C(=O)N(C1CCC(=O)NC1=O)C2,UDUKRDNYZNDAGT-UHFFFAOYSA-N,carbamate,*C(C)CC,359.38,1.79,104.8,2,5,4,1,0.444,0.798,5.0,4.0,5.01,True,False,False,True,True,True,True,True,False,False
GLUE0525,CC(N)C(O)C(=O)Nc1cccc2c1C(=O)N(C1CCC(=O)NC1=O)C2,LMBSNEKPVONKKP-UHFFFAOYSA-N,amide,*C(O)C(C)N,360.37,-0.91,141.8,4,6,4,1,0.412,0.512,9.0,2.5,3.5,True,False,False,False,True,True,False,False,False,False
GLUE0526,CC(N)C(O)S(=O)(=O)Nc1cccc2c1C(=O)N(C1CCC(=O)NC1=O)C2,XKFHHLZBKFBCJC-UHFFFAOYSA-N,sulfonamide,*C(O)C(C)N,396.43,-1.15,158.9,4,7,5,1,0.438,0.458,9.0,2.5,3.24,True,False,False,False,True,True,False,False,False,False
GLUE0527,CC(N)C(O)CC(=O)Nc1cccc2c1C(=O)N(C1CCC(=O)NC1=O)C2,LTTYLDAFQCZNIL-UHFFFAOYSA-N,acetamide,*C(O)C(C)N,374.4,-0.52,141.8,4,6,5,1,0.444,0.511,9.0,2.5,3.4,True,False,False,False,True,True,False,False,False,False
GLUE0528,CC(N)C(O)NC(=O)Nc1cccc2c1C(=O)N(C1CCC(=O)NC1=O)C2,CSVPCUBKWOGNFO-UHFFFAOYSA-N,urea,*C(O)C(C)N,375.39,-0.77,153.9,5,6,4,1,0.412,0.344,9.0,2.5,3.39,True,False,False,False,True,True,False,False,False,False
GLUE0529,CC(N)C(O)OC(=O)Nc1cccc2c1C(=O)N(C1CCC(=O)NC1=O)C2,JXUTWWWQQLFRPA-UHFFFAOYSA-N,carbamate,*C(O)C(C)N,376.37,-0.34,151.1,4,7,4,1,0.412,0.414,9.0,2.5,3.38,True,False,False,False,True,True,False,False,False,False
GLUE0530,O=C(O)CCCCS(=O)(=O)Nc1cccc2c1C(=O)N(C1CCC(=O)NC1=O)C2,ZRASUCLJKLFKGG-UHFFFAOYSA-N,sulfonamide,*CCCCC(=O)O,423.45,0.44,149.9,3,6,8,1,0.444,0.406,5.0,3.0,3.71,True,False,False,False,True,True,False,False,False,False
GLUE0531,O=C(O)CCCCCC(=O)Nc1cccc2c1C(=O)N(C1CCC(=O)NC1=O)C2,ZLYPXQVYGZXLNP-UHFFFAOYSA-N,acetamide,*CCCCC(=O)O,401.42,1.42,132.9,3,5,8,1,0.45,0.446,5.0,3.0,3.87,True,False,False,False,True,True,False,False,False,False
GLUE0532,O=C(O)CCCCNC(=O)Nc1cccc2c1C(=O)N(C1CCC(=O)NC1=O)C2,LETOBRQURALDBQ-UHFFFAOYSA-N,urea,*CCCCC(=O)O,402.41,0.82,144.9,4,5,7,1,0.421,0.393,5.0,2.5,3.7,True,False,False,False,True,True,False,False,False,False
GLUE0533,O=C(O)CCCCOC(=O)Nc1cccc2c1C(=O)N(C1CCC(=O)NC1=O)C2,KGEXAKUCRVWBQQ-UHFFFAOYSA-N,carbamate,*CCCCC(=O)O,403.39,1.25,142.1,3,6,7,1,0.421,0.459,5.0,3.0,3.86,True,False,False,False,True,True,False,False,False,False
GLUE0534,CO/N=C(\C(=O)C(=O)Nc1cccc2c1C(=O)N(C1CCC(=O)NC1=O)C2)c1csc(N)n1,WQSZQBUDIDPUQQ-MYYYXRDXSA-N,amide,*C(=O)/C(=N\OC)c1csc(N)n1,470.47,0.04,173.1,3,10,6,2,0.25,0.23,4.5,3.0,3.38,False,False,False,False,False,True,False,False,False,False
GLUE0535,CO/N=C(\C(=O)S(=O)(=O)Nc1cccc2c1C(=O)N(C1CCC(=O)NC1=O)C2)c1csc(N)n1,AZNXTSHYGOQFNB-HAHDFKILSA-N,sulfonamide,*C(=O)/C(=N\OC)c1csc(N)n1,506.52,-0.19,190.2,3,11,6,2,0.263,0.271,4.5,2.5,3.17,False,False,False,False,False,True,False,False,False,False
GLUE0536,CO/N=C(\C(=O)CC(=O)Nc1cccc2c1C(=O)N(C1CCC(=O)NC1=O)C2)c1csc(N)n1,PJQAOQOWRVHCRP-ITYLOYPMSA-N,acetamide,*C(=O)/C(=N\OC)c1csc(N)n1,484.49,0.43,173.1,3,10,7,2,0.286,0.22,4.5,3.0,3.28,False,False,False,False,False,True,False,False,False,False
GLUE0537,CO/N=C(\C(=O)NC(=O)Nc1cccc2c1C(=O)N(C1CCC(=O)NC1=O)C2)c1csc(N)n1,WQJYYWWFDTVHSV-YSMPRRRNSA-N,urea,*C(=O)/C(=N\OC)c1csc(N)n1,485.48,0.19,185.2,4,10,5,2,0.25,0.262,4.5,2.5,3.1,False,False,False,False,True,True,False,False,False,False
GLUE0538,CO/N=C(\C(=O)OC(=O)Nc1cccc2c1C(=O)N(C1CCC(=O)NC1=O)C2)c1csc(N)n1,XVTWYEGUYSIKRO-MYYYXRDXSA-N,carbamate,*C(=O)/C(=N\OC)c1csc(N)n1,486.47,0.61,182.4,3,11,5,2,0.25,0.179,4.5,3.0,3.26,False,False,False,False,True,True,False,False,False,False
GLUE0539,O=C(O)CCS(=O)(=O)Nc1cccc2c1C(=O)N(C1CCC(=O)NC1=O)C2,YTTVCIMMPMDPOO-UHFFFAOYSA-N,sulfonamide,*CCC(=O)O,395.39,-0.34,149.9,3,6,6,1,0.375,0.558,5.0,3.0,3.91,True,False,False,False,True,True,False,False,False,False
GLUE0540,O=C(O)CCNC(=O)Nc1cccc2c1C(=O)N(C1CCC(=O)NC1=O)C2,WFTQETMXEXYPHV-UHFFFAOYSA-N,urea,*CCC(=O)O,374.35,0.04,144.9,4,5,5,1,0.353,0.536,5.0,2.5,3.9,True,False,False,False,True,True,False,False,False,False
GLUE0541,O=C(O)CCOC(=O)Nc1cccc2c1C(=O)N(C1CCC(=O)NC1=O)C2,GYYARSXSRWHEIV-UHFFFAOYSA-N,carbamate,*CCC(=O)O,375.34,0.47,142.1,3,6,5,1,0.353,0.635,5.0,3.0,4.06,True,False,False,False,True,True,False,False,False,False
GLUE0542,C[C@H](N)CC(=O)Nc1cccc2c1C(=O)N(C1CCC(=O)NC1=O)C2,QMZCBAHXFBFAHZ-QHGLUPRGSA-N,amide,*C[C@H](C)N,344.37,0.12,121.6,3,5,4,1,0.412,0.67,9.0,3.5,3.67,True,False,False,False,True,True,False,True,False,False
GLUE0543,C[C@H](N)CS(=O)(=O)Nc1cccc2c1C(=O)N(C1CCC(=O)NC1=O)C2,FKVNNGNNADRKBJ-QHGLUPRGSA-N,sulfonamide,*C[C@H](C)N,380.43,-0.46,138.7,3,6,5,1,0.438,0.591,9.0,3.0,3.52,True,False,False,False,True,True,False,False,False,False
GLUE0544,C[C@H](N)CCC(=O)Nc1cccc2c1C(=O)N(C1CCC(=O)NC1=O)C2,NMNACDVLODFOKM-NKUHCKNESA-N,acetamide,*C[C@H](C)N,358.4,0.51,121.6,3,5,5,1,0.444,0.662,9.0,3.5,3.67,True,False,False,False,True,True,False,True,False,False
GLUE0545,C[C@H](N)CNC(=O)Nc1cccc2c1C(=O)N(C1CCC(=O)NC1=O)C2,JTLPUHWFNZBRPL-QHGLUPRGSA-N,urea,*C[C@H](C)N,359.39,-0.08,133.6,4,5,4,1,0.412,0.558,9.0,3.0,3.5,True,False,False,False,True,True,False,False,False,False
GLUE0546,C[C@H](N)COC(=O)Nc1cccc2c1C(=O)N(C1CCC(=O)NC1=O)C2,PNCPUDQCPUTRHJ-QHGLUPRGSA-N,carbamate,*C[C@H](C)N,360.37,0.34,130.8,3,6,4,1,0.412,0.664,9.0,3.0,3.66,True,False,False,False,True,True,False,False,False,False
GLUE0547,O=C1CCC(N2Cc3cccc(NC(=O)CC(O)(P(=O)(O)O)P(=O)(O)O)c3C2=O)C(=O)N1,MVFXIYXXJGAYIB-UHFFFAOYSA-N,amide,*CC(O)(P(=O)(O)O)P(=O)(O)O,491.29,-1.22,230.9,7,7,6,1,0.375,0.184,5.0,2.5,3.06,False,False,False,False,True,True,False,False,False,False
GLUE0548,O=C1CCC(N2Cc3cccc(NS(=O)(=O)CC(O)(P(=O)(O)O)P(=O)(O)O)c3C2=O)C(=O)N1,MXWCOBRVIBCXSO-UHFFFAOYSA-N,sulfonamide,*CC(O)(P(=O)(O)O)P(=O)(O)O,527.34,-1.81,247.9,7,8,7,1,0.4,0.153,5.0,2.0,3.0,False,False,False,False,True,True,False,False,False,False
GLUE0549,O=C1CCC(N2Cc3cccc(NC(=O)CCC(O)(P(=O)(O)O)P(=O)(O)O)c3C2=O)C(=O)N1,PPBZOPOOADVZIG-UHFFFAOYSA-N,acetamide,*CC(O)(P(=O)(O)O)P(=O)(O)O,505.31,-0.83,230.9,7,7,7,1,0.412,0.178,5.0,2.0,3.0,False,False,False,False,True,True,False,False,False,False
GLUE0550,O=C1CCC(N2Cc3cccc(NC(=O)NCC(O)(P(=O)(O)O)P(=O)(O)O)c3C2=O)C(=O)N1,MQSJAWDMGHNSLS-UHFFFAOYSA-N,urea,*CC(O)(P(=O)(O)O)P(=O)(O)O,506.3,-1.43,242.9,8,7,6,1,0.375,0.164,5.0,2.0,3.0,False,False,False,False,True,True,False,False,False,False
GLUE0551,O=C1CCC(N2Cc3cccc(NC(=O)OCC(O)(P(=O)(O)O)P(=O)(O)O)c3C2=O)C(=O)N1,ZAQTVFSCAFHXDU-UHFFFAOYSA-N,carbamate,*CC(O)(P(=O)(O)O)P(=O)(O)O,507.29,-1.0,240.1,7,8,6,1,0.375,0.181,5.0,2.0,3.0,False,False,False,False,True,True,False,False,False,False
GLUE0552,O=C1CCC(C(=O)Nc2cccc3c2C(=O)N(C2CCC(=O)NC2=O)C3)C(=O)N1,YFMCWSZYVHMZDH-UHFFFAOYSA-N,amide,*C1CCC(=O)NC1=O,398.38,-0.56,141.8,3,6,3,1,0.368,0.46,5.0,3.0,3.89,True,False,False,False,True,True,False,False,False,False
GLUE0553,O=C1CCC(N2Cc3cccc(NS(=O)(=O)C4CCC(=O)NC4=O)c3C2=O)C(=O)N1,IGDVZXZVUFJEIQ-UHFFFAOYSA-N,sulfonamide,*C1CCC(=O)NC1=O,434.43,-1.01,158.8,3,7,4,1,0.389,0.512,5.0,3.0,3.64,True,False,False,False,True,True,False,False,False,False
GLUE0554,O=C1CCC(CC(=O)Nc2cccc3c2C(=O)N(C2CCC(=O)NC2=O)C3)C(=O)N1,SGCOUMKBJHVKRE-UHFFFAOYSA-N,acetamide,*C1CCC(=O)NC1=O,412.4,-0.17,141.8,3,6,4,1,0.4,0.586,5.0,3.0,3.79,True,False,False,False,True,True,False,False,False,False
GLUE0555,O=C1CCC(NC(=O)Nc2cccc3c2C(=O)N(C2CCC(=O)NC2=O)C3)C(=O)N1,SWKDYWKTGDHZIR-UHFFFAOYSA-N,urea,*C1CCC(=O)NC1=O,413.39,-0.63,153.8,4,6,3,1,0.368,0.484,5.0,2.5,3.62,True,False,False,False,True,True,False,False,False,False
GLUE0556,O=C1CCC(OC(=O)Nc2cccc3c2C(=O)N(C2CCC(=O)NC2=O)C3)C(=O)N1,HHYFIIVHKZNENO-UHFFFAOYSA-N,carbamate,*C1CCC(=O)NC1=O,414.37,-0.2,151.0,3,7,3,1,0.368,0.58,5.0,3.0,3.78,True,False,False,False,True,True,False,False,False,False
GLUE0557,N=C(N)c1ccc(C(=O)Nc2cccc3c2C(=O)N(C2CCC(=O)NC2=O)C3)cc1,XWZRQYZITDBSOY-UHFFFAOYSA-N,amide,*c1ccc(C(=N)N)cc1,405.41,0.98,145.4,4,5,4,2,0.19,0.34,9.0,2.5,3.18,True,False,False,False,True,True,False,False,False,False
GLUE0558,N=C(N)c1ccc(S(=O)(=O)Nc2cccc3c2C(=O)N(C2CCC(=O)NC2=O)C3)cc1,LVVUPFSRNYJUSK-UHFFFAOYSA-N,sulfonamide,*c1ccc(C(=N)N)cc1,441.47,0.53,162.5,4,6,5,2,0.2,0.3,9.0,2.5,2.92,True,False,False,False,True,True,False,False,False,False
GLUE0559,N=C(N)c1ccc(CC(=O)Nc2cccc3c2C(=O)N(C2CCC(=O)NC2=O)C3)cc1,BVKULGNZSBIDDA-UHFFFAOYSA-N,acetamide,*c1ccc(C(=N)N)cc1,419.44,0.91,145.4,4,5,5,2,0.227,0.323,9.0,2.5,3.08,True,False,False,False,True,True,False,False,False,False
GLUE0560,N=C(N)c1ccc(NC(=O)Nc2cccc3c2C(=O)N(C2CCC(=O)NC2=O)C3)cc1,IEJUVXTUWCGTOY-UHFFFAOYSA-N,urea,*c1ccc(C(=N)N)cc1,420.43,1.38,157.5,5,5,4,2,0.19,0.287,9.0,2.5,3.07,True,False,False,False,True,True,False,False,False,False
GLUE0561,N=C(N)c1ccc(OC(=O)Nc2cccc3c2C(=O)N(C2CCC(=O)NC2=O)C3)cc1,NOXIUVAMCYIBHM-UHFFFAOYSA-N,carbamate,*c1ccc(C(=N)N)cc1,421.41,1.34,154.7,4,6,4,2,0.19,0.332,9.0,2.5,3.06,True,False,False,False,True,True,False,False,False,False
GLUE0562,N#Cc1ccc(C(=O)Nc2cccc3c2C(=O)N(C2CCC(=O)NC2=O)C3)cc1,ZXSPEFGKWWTOJU-UHFFFAOYSA-N,amide,*c1ccc(C#N)cc1,388.38,1.57,119.4,2,5,3,2,0.19,0.774,5.0,3.5,4.32,True,False,False,False,True,True,True,True,False,False
GLUE0563,N#Cc1ccc(S(=O)(=O)Nc2cccc3c2C(=O)N(C2CCC(=O)NC2=O)C3)cc1,HHWYZJFTLQKXQB-UHFFFAOYSA-N,sulfonamide,*c1ccc(C#N)cc1,424.44,1.12,136.4,2,6,4,2,0.2,0.706,5.0,3.0,4.04,True,False,False,False,True,True,False,False,False,False
GLUE0564,N#Cc1ccc(CC(=O)Nc2cccc3c2C(=O)N(C2CCC(=O)NC2=O)C3)cc1,LYYHGTNGUJVCAI-UHFFFAOYSA-N,acetamide,*c1ccc(C#N)cc1,402.41,1.5,119.4,2,5,4,2,0.227,0.751,5.0,3.5,4.22,True,False,False,False,True,True,True,True,False,False
GLUE0565,N#Cc1ccc(NC(=O)Nc2cccc3c2C(=O)N(C2CCC(=O)NC2=O)C3)cc1,MUINWYJJUQQPMC-UHFFFAOYSA-N,urea,*c1ccc(C#N)cc1,403.4,1.96,131.4,3,5,3,2,0.19,0.674,5.0,3.0,3.86,True,False,False,False,True,True,False,False,False,False
GLUE0566,N#Cc1ccc(OC(=O)Nc2cccc3c2C(=O)N(C2CCC(=O)NC2=O)C3)cc1,RUHNKSRYMZQBIY-UHFFFAOYSA-N,carbamate,*c1ccc(C#N)cc1,404.38,1.93,128.6,2,6,3,2,0.19,0.752,5.0,3.0,4.18,True,False,False,False,True,True,False,False,False,False
GLUE0567,C[C@@H](O)C(=O)Nc1cccc2c1C(=O)N(C1CCC(=O)NC1=O)C2,NADUJGNCWGIEFL-RZZZFEHKSA-N,amide,*[C@@H](C)O,331.33,-0.23,115.8,3,5,3,1,0.375,0.662,5.0,4.0,4.31,True,False,False,True,True,True,True,True,False,False
GLUE0568,C[C@@H](O)S(=O)(=O)Nc1cccc2c1C(=O)N(C1CCC(=O)NC1=O)C2,PVIJOGLHCMUZQE-YMNIQAILSA-N,sulfonamide,*[C@@H](C)O,367.38,-0.47,132.9,3,6,4,1,0.4,0.616,5.0,3.0,4.11,True,False,False,False,True,True,False,False,False,False
GLUE0569,C[C@@H](O)CC(=O)Nc1cccc2c1C(=O)N(C1CCC(=O)NC1=O)C2,WUYRIAOCBXOWJO-PKEIRNPWSA-N,acetamide,*[C@@H](C)O,345.36,0.16,115.8,3,5,4,1,0.412,0.672,5.0,4.0,4.31,True,False,False,True,True,True,True,True,False,False
GLUE0570,C[C@@H](O)NC(=O)Nc1cccc2c1C(=O)N(C1CCC(=O)NC1=O)C2,KKXPMVDSSWQDJX-RZZZFEHKSA-N,urea,*[C@@H](C)O,346.34,-0.09,127.8,4,5,3,1,0.375,0.449,5.0,3.0,4.0,True,False,False,False,True,True,False,False,False,False
GLUE0571,C[C@@H](O)OC(=O)Nc1cccc2c1C(=O)N(C1CCC(=O)NC1=O)C2,DKOOTDZMBISXLD-YMNIQAILSA-N,carbamate,*[C@@H](C)O,347.33,0.33,125.0,3,6,3,1,0.375,0.535,5.0,3.5,4.17,True,False,False,False,True,True,False,True,False,False
GLUE0572,O=C1CCC(N2Cc3cccc(NC(=O)c4nc5ccccc5[nH]4)c3C2=O)C(=O)N1,MLXBOPHGKAFIRO-UHFFFAOYSA-N,amide,*c1nc2ccccc2[nH]1,403.4,1.58,124.3,3,5,3,3,0.19,0.573,5.0,3.0,3.86,True,False,False,False,True,True,False,False,False,False
GLUE0573,O=C1CCC(N2Cc3cccc(NS(=O)(=O)c4nc5ccccc5[nH]4)c3C2=O)C(=O)N1,HOLSUUZTDXBXTC-UHFFFAOYSA-N,sulfonamide,*c1nc2ccccc2[nH]1,439.45,1.12,141.3,3,6,4,3,0.2,0.52,5.0,3.0,3.6,True,False,False,False,True,True,False,False,False,False
GLUE0574,O=C1CCC(N2Cc3cccc(NC(=O)Cc4nc5ccccc5[nH]4)c3C2=O)C(=O)N1,KNCSTBGWGLKTMI-UHFFFAOYSA-N,acetamide,*c1nc2ccccc2[nH]1,417.43,1.51,124.3,3,5,4,3,0.227,0.555,5.0,3.0,3.76,True,False,False,False,True,True,False,False,False,False
GLUE0575,O=C1CCC(N2Cc3cccc(NC(=O)Nc4nc5ccccc5[nH]4)c3C2=O)C(=O)N1,RNVLIFBIQPECDO-UHFFFAOYSA-N,urea,*c1nc2ccccc2[nH]1,418.41,1.97,136.3,4,5,3,3,0.19,0.482,5.0,2.5,3.58,True,False,False,False,True,True,False,False,False,False
GLUE0576,O=C1CCC(N2Cc3cccc(NC(=O)Oc4nc5ccccc5[nH]4)c3C2=O)C(=O)N1,XDSFTIYYBZVGED-UHFFFAOYSA-N,carbamate,*c1nc2ccccc2[nH]1,419.4,1.93,133.5,3,6,3,3,0.19,0.556,5.0,3.0,3.74,True,False,False,False,True,True,False,False,False,False
GLUE0577,Cn1cc(C(=O)Nc2cccc3c2C(=O)N(C2CCC(=O)NC2=O)C3)c2ccccc21,XAKHTOYTKLGDIK-UHFFFAOYSA-N,amide,*c1cn(C)c2ccccc12,416.44,2.19,100.5,2,4,3,3,0.217,0.639,5.0,3.5,4.75,True,True,False,False,True,True,True,True,False,True
GLUE0578,Cn1cc(S(=O)(=O)Nc2cccc3c2C(=O)N(C2CCC(=O)NC2=O)C3)c2ccccc21,DNFKSABRWVDZPF-UHFFFAOYSA-N,sulfonamide,*c1cn(C)c2ccccc12,452.49,1.74,117.6,2,5,4,3,0.227,0.585,5.0,3.5,3.92,False,False,False,False,True,True,True,True,False,False
GLUE0579,Cn1cc(CC(=O)Nc2cccc3c2C(=O)N(C2CCC(=O)NC2=O)C3)c2ccccc21,RFZFCJNPGXOWFI-UHFFFAOYSA-N,acetamide,*c1cn(C)c2ccccc12,430.46,2.12,100.5,2,4,4,3,0.25,0.619,5.0,3.5,4.65,True,True,False,False,True,True,True,True,False,True
GLUE0580,Cn1cc(NC(=O)Nc2cccc3c2C(=O)N(C2CCC(=O)NC2=O)C3)c2ccccc21,DMTKPUGCBAXVRZ-UHFFFAOYSA-N,urea,*c1cn(C)c2ccccc12,431.45,2.58,112.5,3,4,3,3,0.217,0.553,5.0,3.5,3.86,True,True,False,False,True,True,True,True,False,True
GLUE0581,Cn1cc(OC(=O)Nc2cccc3c2C(=O)N(C2CCC(=O)NC2=O)C3)c2ccccc21,UEVMYFUEAKXJGQ-UHFFFAOYSA-N,carbamate,*c1cn(C)c2ccccc12,432.44,2.55,109.7,2,5,3,3,0.217,0.618,5.0,3.5,4.3,True,True,False,False,True,True,True,True,False,True
GLUE0582,O=CNC(=O)Nc1cccc2c1C(=O)N(C1CCC(=O)NC1=O)C2,RFMCLEZJNLBFGD-UHFFFAOYSA-N,amide,*NC=O,330.3,-0.27,124.7,3,5,3,1,0.267,0.519,5.0,3.5,4.17,True,False,False,False,True,True,False,True,False,False
GLUE0583,O=CNS(=O)(=O)Nc1cccc2c1C(=O)N(C1CCC(=O)NC1=O)C2,QALWXWBHNGOVHM-UHFFFAOYSA-N,sulfonamide,*NC=O,366.36,-1.15,141.8,3,6,5,1,0.286,0.444,5.0,3.0,4.12,True,False,False,False,True,True,False,False,False,False
GLUE0584,O=CNCC(=O)Nc1cccc2c1C(=O)N(C1CCC(=O)NC1=O)C2,XOASBHVEOFHCIX-UHFFFAOYSA-N,acetamide,*NC=O,344.33,-0.87,124.7,3,5,5,1,0.312,0.473,5.0,3.5,4.17,True,False,False,False,True,True,False,True,False,False
GLUE0585,O=CNNC(=O)Nc1cccc2c1C(=O)N(C1CCC(=O)NC1=O)C2,FZDBIIWGCUQHGY-UHFFFAOYSA-N,urea,*NC=O,345.32,-0.77,136.7,4,5,4,1,0.267,0.323,5.0,3.0,4.0,True,False,False,False,True,True,False,False,False,False
GLUE0586,O=CNOC(=O)Nc1cccc2c1C(=O)N(C1CCC(=O)NC1=O)C2,FQYHFSGHSJYUPO-UHFFFAOYSA-N,carbamate,*NC=O,346.3,-0.34,133.9,3,6,4,1,0.267,0.388,5.0,3.5,4.17,True,False,False,False,True,True,False,True,False,False
GLUE0587,Cc1cc(C(=O)Nc2cccc3c2C(=O)N(C2CCC(=O)NC2=O)C3)no1,BSOVAIFQWPFHNV-UHFFFAOYSA-N,amide,*c1cc(C)on1,368.35,1.0,121.6,2,6,3,2,0.278,0.78,5.0,3.0,4.44,True,False,False,False,True,True,False,False,False,False
GLUE0588,Cc1cc(S(=O)(=O)Nc2cccc3c2C(=O)N(C2CCC(=O)NC2=O)C3)no1,NLBBWAYJHRBIOO-UHFFFAOYSA-N,sulfonamide,*c1cc(C)on1,404.4,0.54,138.7,2,7,4,2,0.294,0.709,5.0,3.0,4.18,True,False,False,False,True,True,False,False,False,False
GLUE0589,Cc1cc(CC(=O)Nc2cccc3c2C(=O)N(C2CCC(=O)NC2=O)C3)no1,ZTLUXGIOTVEXIT-UHFFFAOYSA-N,acetamide,*c1cc(C)on1,382.38,0.93,121.6,2,6,4,2,0.316,0.759,5.0,3.0,4.34,True,False,False,False,True,True,False,False,False,False
GLUE0590,Cc1cc(NC(=O)Nc2cccc3c2C(=O)N(C2CCC(=O)NC2=O)C3)no1,DPHRAQZJGSUGSL-UHFFFAOYSA-N,urea,*c1cc(C)on1,383.36,1.39,133.6,3,6,3,2,0.278,0.686,5.0,3.0,4.0,True,False,False,False,True,True,False,False,False,False
GLUE0591,Cc1cc(OC(=O)Nc2cccc3c2C(=O)N(C2CCC(=O)NC2=O)C3)no1,NJWPRTONZPGNBT-UHFFFAOYSA-N,carbamate,*c1cc(C)on1,384.35,1.35,130.8,2,7,3,2,0.278,0.764,5.0,3.0,4.33,True,False,False,False,True,True,False,False,False,False
GLUE0592,NCC(=O)CCC(=O)C(=O)Nc1cccc2c1C(=O)N(C1CCC(=O)NC1=O)C2,XDFLWRRUCCXPGR-UHFFFAOYSA-N,amide,*C(=O)CCC(=O)CN,400.39,-0.74,155.7,3,7,7,1,0.368,0.402,9.0,3.0,3.38,True,False,False,False,True,True,False,False,False,False
GLUE0593,NCC(=O)CCC(=O)S(=O)(=O)Nc1cccc2c1C(=O)N(C1CCC(=O)NC1=O)C2,PTJIWRSQXALYAN-UHFFFAOYSA-N,sulfonamide,*C(=O)CCC(=O)CN,436.45,-0.98,172.8,3,8,7,1,0.389,0.458,9.0,3.0,3.12,True,False,False,False,True,True,False,False,False,False
GLUE0594,NCC(=O)CCC(=O)CC(=O)Nc1cccc2c1C(=O)N(C1CCC(=O)NC1=O)C2,QMWMJICBDAFBRY-UHFFFAOYSA-N,acetamide,*C(=O)CCC(=O)CN,414.42,-0.35,155.7,3,7,8,1,0.4,0.388,9.0,3.0,3.28,True,False,False,False,True,True,False,False,False,False
GLUE0595,NCC(=O)CCC(=O)NC(=O)Nc1cccc2c1C(=O)N(C1CCC(=O)NC1=O)C2,CIVPBEAEZCSAMV-UHFFFAOYSA-N,urea,*C(=O)CCC(=O)CN,415.41,-0.6,167.8,4,7,6,1,0.368,0.45,9.0,2.5,3.1,True,False,False,False,True,True,False,False,False,False
GLUE0596,NCC(=O)CCC(=O)OC(=O)Nc1cccc2c1C(=O)N(C1CCC(=O)NC1=O)C2,MNQJRKSKPZUICY-UHFFFAOYSA-N,carbamate,*C(=O)CCC(=O)CN,416.39,-0.17,165.0,3,8,6,1,0.368,0.327,9.0,3.0,3.26,True,False,False,False,True,True,False,False,False,False
GLUE0597,Cc1cccc(C(=O)Nc2cccc3c2C(=O)N(C2CCC(=O)NC2=O)C3)c1C,LCFIQMYJQOGXSG-UHFFFAOYSA-N,amide,*c1cccc(C)c1C,391.43,2.32,95.6,2,4,3,2,0.273,0.785,5.0,3.5,5.09,True,True,False,False,True,True,True,True,False,True
GLUE0598,Cc1cccc(S(=O)(=O)Nc2cccc3c2C(=O)N(C2CCC(=O)NC2=O)C3)c1C,JYOGWEYYZKMVNW-UHFFFAOYSA-N,sulfonamide,*c1cccc(C)c1C,427.48,1.87,112.7,2,5,4,2,0.286,0.724,5.0,3.5,4.26,True,False,False,False,True,True,True,True,False,False
GLUE0599,Cc1cccc(CC(=O)Nc2cccc3c2C(=O)N(C2CCC(=O)NC2=O)C3)c1C,YCRKJONBJNHTDM-UHFFFAOYSA-N,acetamide,*c1cccc(C)c1C,405.45,2.25,95.6,2,4,4,2,0.304,0.763,5.0,3.5,4.99,True,True,False,False,True,True,True,True,False,True
GLUE0600,Cc1cccc(NC(=O)Nc2cccc3c2C(=O)N(C2CCC(=O)NC2=O)C3)c1C,VTLXDKIJPFFJNM-UHFFFAOYSA-N,urea,*c1cccc(C)c1C,406.44,2.71,107.6,3,4,3,2,0.273,0.681,5.0,3.5,4.14,True,True,False,False,True,True,True,True,False,True
GLUE0601,Cc1cccc(OC(=O)Nc2cccc3c2C(=O)N(C2CCC(=O)NC2=O)C3)c1C,ICDBIWDIRIHMJE-UHFFFAOYSA-N,carbamate,*c1cccc(C)c1C,407.43,2.68,104.8,2,5,3,2,0.273,0.761,5.0,3.5,4.58,True,True,False,False,True,True,True,True,False,True
GLUE0602,C[C@@H](C(N)=O)C(=O)Nc1cccc2c1C(=O)N(C1CCC(=O)NC1=O)C2,KREKMORVGYISCS-YMNIQAILSA-N,amide,*[C@@H](C)C(N)=O,358.35,-0.49,138.7,3,5,4,1,0.353,0.492,5.0,3.5,4.17,True,False,False,False,True,True,False,True,False,False
GLUE0603,C[C@@H](C(N)=O)S(=O)(=O)Nc1cccc2c1C(=O)N(C1CCC(=O)NC1=O)C2,QTDIFPRXARJPOO-YMNIQAILSA-N,sulfonamide,*[C@@H](C)C(N)=O,394.41,-0.94,155.7,3,6,5,1,0.375,0.548,5.0,3.0,3.92,True,False,False,False,True,True,False,False,False,False
GLUE0604,C[C@H](CC(=O)Nc1cccc2c1C(=O)N(C1CCC(=O)NC1=O)C2)C(N)=O,FSSWWXHRYOEXQD-PKEIRNPWSA-N,acetamide,*[C@@H](C)C(N)=O,372.38,-0.1,138.7,3,5,5,1,0.389,0.619,5.0,3.0,4.08,True,False,False,False,True,True,False,False,False,False
GLUE0605,C[C@H](NC(=O)Nc1cccc2c1C(=O)N(C1CCC(=O)NC1=O)C2)C(N)=O,CHEDDLUVZPMVQZ-YMNIQAILSA-N,urea,*[C@@H](C)C(N)=O,373.37,-0.56,150.7,4,5,4,1,0.353,0.522,5.0,2.5,3.9,True,False,False,False,True,True,False,False,False,False
GLUE0606,C[C@H](OC(=O)Nc1cccc2c1C(=O)N(C1CCC(=O)NC1=O)C2)C(N)=O,LZZZALHZMUFRMK-YMNIQAILSA-N,carbamate,*[C@@H](C)C(N)=O,374.35,-0.13,147.9,3,6,4,1,0.353,0.625,5.0,3.0,4.06,True,False,False,False,True,True,False,False,False,False
GLUE0607,NCC(=O)C(=O)Nc1cccc2c1C(=O)N(C1CCC(=O)NC1=O)C2,VVYSUPNRLUIXRX-UHFFFAOYSA-N,amide,*C(=O)CN,344.33,-1.09,138.7,3,6,4,1,0.312,0.469,9.0,3.5,3.67,True,False,False,False,True,True,False,True,False,False
GLUE0608,NCC(=O)S(=O)(=O)Nc1cccc2c1C(=O)N(C1CCC(=O)NC1=O)C2,QBVYIEIFNGKEFN-UHFFFAOYSA-N,sulfonamide,*C(=O)CN,380.38,-1.33,155.7,3,7,4,1,0.333,0.547,9.0,3.0,3.52,True,False,False,False,True,True,False,False,False,False
GLUE0609,NCC(=O)CC(=O)Nc1cccc2c1C(=O)N(C1CCC(=O)NC1=O)C2,VJIQJSGSDLTAOR-UHFFFAOYSA-N,acetamide,*C(=O)CN,358.35,-0.7,138.7,3,6,5,1,0.353,0.47,9.0,3.5,3.67,True,False,False,False,True,True,False,True,False,False
GLUE0610,NCC(=O)NC(=O)Nc1cccc2c1C(=O)N(C1CCC(=O)NC1=O)C2,ILXCLIRERFFOEB-UHFFFAOYSA-N,urea,*C(=O)CN,359.34,-0.95,150.7,4,6,3,1,0.312,0.511,9.0,3.0,3.5,True,False,False,False,True,True,False,False,False,False
GLUE0611,NCC(=O)OC(=O)Nc1cccc2c1C(=O)N(C1CCC(=O)NC1=O)C2,RJLKRQTYSFALJJ-UHFFFAOYSA-N,carbamate,*C(=O)CN,360.33,-0.52,147.9,3,7,3,1,0.312,0.373,9.0,3.0,3.66,True,False,False,False,True,True,False,False,False,False
GLUE0612,O=C1CCC(N2Cc3cccc(NC(=O)n4nccn4)c3C2=O)C(=O)N1,MPODPNYTSRRINC-UHFFFAOYSA-N,amide,*n1nccn1,354.33,0.12,126.3,2,6,2,2,0.25,0.738,5.0,3.5,4.5,True,False,False,False,True,True,False,True,False,False
GLUE0613,O=C1CCC(N2Cc3cccc(NS(=O)(=O)n4nccn4)c3C2=O)C(=O)N1,BCBKVHWPQKWTRI-UHFFFAOYSA-N,sulfonamide,*n1nccn1,390.38,-0.76,143.4,2,7,4,2,0.267,0.653,5.0,3.0,4.28,True,False,False,False,True,True,False,False,False,False
GLUE0614,O=C1CCC(N2Cc3cccc(NC(=O)Cn4nccn4)c3C2=O)C(=O)N1,PCIDCTJPTGJXLG-UHFFFAOYSA-N,acetamide,*n1nccn1,368.35,-0.32,126.3,2,6,4,2,0.294,0.712,5.0,3.0,4.44,True,False,False,False,True,True,False,False,False,False
GLUE0615,O=C1CCC(N2Cc3cccc(NC(=O)Nn4nccn4)c3C2=O)C(=O)N1,RKZQNUMQZQODSO-UHFFFAOYSA-N,urea,*n1nccn1,369.34,-0.19,138.3,3,6,3,2,0.25,0.641,5.0,3.0,4.1,True,False,False,False,True,True,False,False,False,False
GLUE0616,O=C1CCC(N2Cc3cccc(NC(=O)On4nccn4)c3C2=O)C(=O)N1,WBQQYTXKFCQGGE-UHFFFAOYSA-N,carbamate,*n1nccn1,370.33,-0.3,135.5,2,7,3,2,0.25,0.708,5.0,3.0,4.43,True,False,False,False,True,True,False,False,False,False
GLUE0617,CC[C@@H](C(N)=O)C(=O)Nc1cccc2c1C(=O)N(C1CCC(=O)NC1=O)C2,SUCLLCWQUJEWHI-NUHJPDEHSA-N,amide,*[C@@H](CC)C(N)=O,372.38,-0.1,138.7,3,5,5,1,0.389,0.489,5.0,3.0,4.08,True,False,False,False,True,True,False,False,False,False
GLUE0618,CC[C@@H](C(N)=O)S(=O)(=O)Nc1cccc2c1C(=O)N(C1CCC(=O)NC1=O)C2,YSLXKCNUBRBXFU-KIYNQFGBSA-N,sulfonamide,*[C@@H](CC)C(N)=O,408.44,-0.55,155.7,3,6,6,1,0.412,0.537,5.0,3.0,3.82,True,False,False,False,True,True,False,False,False,False
GLUE0619,CC[C@H](CC(=O)Nc1cccc2c1C(=O)N(C1CCC(=O)NC1=O)C2)C(N)=O,UTUCUUTULDUHDN-VUUHIHSGSA-N,acetamide,*[C@@H](CC)C(N)=O,386.41,0.29,138.7,3,5,6,1,0.421,0.603,5.0,3.0,3.98,True,False,False,False,True,True,False,False,False,False
GLUE0620,CC[C@H](NC(=O)Nc1cccc2c1C(=O)N(C1CCC(=O)NC1=O)C2)C(N)=O,MLZJPAKMUYKNIN-NUHJPDEHSA-N,urea,*[C@@H](CC)C(N)=O,387.4,-0.17,150.7,4,5,5,1,0.389,0.517,5.0,2.5,3.8,True,False,False,False,True,True,False,False,False,False
GLUE0621,CC[C@H](OC(=O)Nc1cccc2c1C(=O)N(C1CCC(=O)NC1=O)C2)C(N)=O,UULNTYCYSJVMOW-KIYNQFGBSA-N,carbamate,*[C@@H](CC)C(N)=O,388.38,0.26,147.9,3,6,5,1,0.389,0.616,5.0,3.0,3.96,True,False,False,False,True,True,False,False,False,False
GLUE0622,O=C1CCC(N2Cc3cccc(NC(=O)N[C@@H]4CCc5ccccc54)c3C2=O)C(=O)N1,ZOXGKSIJJGJGSA-PYUWXLGESA-N,amide,*N[C@@H]1CCc2ccccc21,418.45,2.26,107.6,3,4,3,2,0.304,0.665,5.0,3.5,4.16,True,True,False,False,True,True,True,True,False,True
GLUE0623,O=C1CCC(N2Cc3cccc(NS(=O)(=O)N[C@@H]4CCc5ccccc54)c3C2=O)C(=O)N1,UQYRDGASPPHDAG-PYUWXLGESA-N,sulfonamide,*N[C@@H]1CCc2ccccc21,454.51,1.38,124.7,3,5,5,2,0.318,0.589,5.0,3.0,3.49,False,False,False,False,True,True,False,False,False,False
GLUE0624,O=C1CCC(N2Cc3cccc(NC(=O)CN[C@@H]4CCc5ccccc54)c3C2=O)C(=O)N1,OPAWOLGPYRBJCM-DUSLRRAJSA-N,acetamide,*N[C@@H]1CCc2ccccc21,432.48,1.66,107.6,3,5,5,2,0.333,0.623,9.0,3.5,3.56,True,False,False,False,True,True,True,True,False,False
GLUE0625,O=C1CCC(N2Cc3cccc(NC(=O)NN[C@@H]4CCc5ccccc54)c3C2=O)C(=O)N1,BTLXPWYXIBVHJB-PYUWXLGESA-N,urea,*N[C@@H]1CCc2ccccc21,433.47,1.76,119.6,4,5,4,2,0.304,0.433,9.0,3.0,2.99,True,False,False,False,True,True,True,False,False,False
GLUE0626,O=C1CCC(N2Cc3cccc(NC(=O)ON[C@@H]4CCc5ccccc54)c3C2=O)C(=O)N1,UIYSSCWDFLHPGY-PYUWXLGESA-N,carbamate,*N[C@@H]1CCc2ccccc21,434.45,2.19,116.8,3,6,4,2,0.304,0.502,9.0,3.5,3.24,True,True,False,False,True,True,True,True,False,True
GLUE0627,O=C1CCC(N2Cc3cccc(NC(=O)CC(O)CO)c3C2=O)C(=O)N1,HMBOYVQFZMTOHM-UHFFFAOYSA-N,amide,*CC(O)CO,361.35,-0.87,136.0,4,6,5,1,0.412,0.503,5.0,2.5,3.99,True,False,False,False,True,True,False,False,False,False
GLUE0628,O=C1CCC(N2Cc3cccc(NS(=O)(=O)CC(O)CO)c3C2=O)C(=O)N1,ZQVNUFAJMKECAX-UHFFFAOYSA-N,sulfonamide,*CC(O)CO,397.41,-1.46,153.1,4,7,6,1,0.438,0.428,5.0,2.5,3.73,True,False,False,False,True,True,False,False,False,False
GLUE0629,O=C1CCC(N2Cc3cccc(NC(=O)CCC(O)CO)c3C2=O)C(=O)N1,RNQFKVYHIHOOJL-UHFFFAOYSA-N,acetamide,*CC(O)CO,375.38,-0.48,136.0,4,6,6,1,0.444,0.496,5.0,2.5,3.89,True,False,False,False,True,True,False,False,False,False
GLUE0630,O=C1CCC(N2Cc3cccc(NC(=O)NCC(O)CO)c3C2=O)C(=O)N1,OLABKINUDGOBGH-UHFFFAOYSA-N,urea,*CC(O)CO,376.37,-1.08,148.1,5,6,5,1,0.412,0.413,5.0,2.5,3.88,True,False,False,False,True,True,False,False,False,False
GLUE0631,O=C1CCC(N2Cc3cccc(NC(=O)OCC(O)CO)c3C2=O)C(=O)N1,AOLZUOYTEBNXHI-UHFFFAOYSA-N,carbamate,*CC(O)CO,377.35,-0.65,145.3,4,7,5,1,0.412,0.499,5.0,2.5,3.88,True,False,False,False,True,True,False,False,False,False
GLUE0632,CC(C)(N)CC(=O)Nc1cccc2c1C(=O)N(C1CCC(=O)NC1=O)C2,AJZCCGMHKOXESZ-UHFFFAOYSA-N,amide,*CC(C)(C)N,358.4,0.51,121.6,3,5,4,1,0.444,0.677,9.0,3.5,3.67,True,False,False,False,True,True,False,True,False,False
GLUE0633,CC(C)(N)CS(=O)(=O)Nc1cccc2c1C(=O)N(C1CCC(=O)NC1=O)C2,LLWFTAAOPXZRRO-UHFFFAOYSA-N,sulfonamide,*CC(C)(C)N,394.45,-0.07,138.7,3,6,5,1,0.471,0.597,9.0,3.0,3.42,True,False,False,False,True,True,False,False,False,False
GLUE0634,CC(C)(N)CCC(=O)Nc1cccc2c1C(=O)N(C1CCC(=O)NC1=O)C2,JBZVFKHAKDMTSH-UHFFFAOYSA-N,acetamide,*CC(C)(C)N,372.43,0.9,121.6,3,5,5,1,0.474,0.663,9.0,3.0,3.58,True,False,False,False,True,True,False,False,False,False
GLUE0635,CC(C)(N)CNC(=O)Nc1cccc2c1C(=O)N(C1CCC(=O)NC1=O)C2,PSQNVKKMQDBMMP-UHFFFAOYSA-N,urea,*CC(C)(C)N,373.41,0.31,133.6,4,5,4,1,0.444,0.564,9.0,2.5,3.4,True,False,False,False,True,True,False,False,False,False
GLUE0636,CC(C)(N)COC(=O)Nc1cccc2c1C(=O)N(C1CCC(=O)NC1=O)C2,KQUXUHRUKZRVQN-UHFFFAOYSA-N,carbamate,*CC(C)(C)N,374.4,0.73,130.8,3,6,4,1,0.444,0.666,9.0,3.0,3.56,True,False,False,False,True,True,False,False,False,False
GLUE0637,O=C1CCC(N2Cc3cccc(NC(=O)c4noc5cc(F)ccc45)c3C2=O)C(=O)N1,WHBLTJFZOLKKPY-UHFFFAOYSA-N,amide,*c1noc2cc(F)ccc12,422.37,1.98,121.6,2,6,3,3,0.19,0.623,5.0,3.0,4.05,True,False,False,False,True,True,False,False,False,False
GLUE0638,O=C1CCC(N2Cc3cccc(NS(=O)(=O)c4noc5cc(F)ccc45)c3C2=O)C(=O)N1,HGFBNFGSDKFCPJ-UHFFFAOYSA-N,sulfonamide,*c1noc2cc(F)ccc12,458.43,1.53,138.7,2,7,4,3,0.2,0.565,5.0,3.0,3.8,False,False,False,False,True,True,False,False,False,False
GLUE0639,O=C1CCC(N2Cc3cccc(NC(=O)Cc4noc5cc(F)ccc45)c3C2=O)C(=O)N1,KOIGXWNYDUFGIN-UHFFFAOYSA-N,acetamide,*c1noc2cc(F)ccc12,436.4,1.91,121.6,2,6,4,3,0.227,0.603,5.0,3.0,3.95,True,False,False,False,True,True,False,False,False,False
GLUE0640,O=C1CCC(N2Cc3cccc(NC(=O)Nc4noc5cc(F)ccc45)c3C2=O)C(=O)N1,UIIAWEATSCZNOT-UHFFFAOYSA-N,urea,*c1noc2cc(F)ccc12,437.39,2.37,133.6,3,6,3,3,0.19,0.539,5.0,3.0,3.61,True,True,False,False,True,True,False,False,False,False
GLUE0641,O=C1CCC(N2Cc3cccc(NC(=O)Oc4noc5cc(F)ccc45)c3C2=O)C(=O)N1,GRHYLOOMDXCBIR-UHFFFAOYSA-N,carbamate,*c1noc2cc(F)ccc12,438.37,2.34,130.8,2,7,3,3,0.19,0.6,5.0,3.0,3.94,True,True,False,False,True,True,False,False,False,False
GLUE0642,CC(C)(C)C(=O)C(=O)Nc1cccc2c1C(=O)N(C1CCC(=O)NC1=O)C2,SFBGJVRQRYYGHC-UHFFFAOYSA-N,amide,*C(=O)C(C)(C)C,371.39,1.0,112.7,2,5,3,1,0.421,0.608,5.0,3.5,4.66,True,False,False,False,True,True,True,True,False,False
GLUE0643,CC(C)(C)C(=O)S(=O)(=O)Nc1cccc2c1C(=O)N(C1CCC(=O)NC1=O)C2,HFGWKLOGBCNLCP-UHFFFAOYSA-N,sulfonamide,*C(=O)C(C)(C)C,407.45,0.76,129.7,2,6,3,1,0.444,0.712,5.0,3.0,4.16,True,False,False,False,True,True,False,False,False,False
GLUE0644,CC(C)(C)C(=O)CC(=O)Nc1cccc2c1C(=O)N(C1CCC(=O)NC1=O)C2,UOOOGVGJEGFENC-UHFFFAOYSA-N,acetamide,*C(=O)C(C)(C)C,385.42,1.39,112.7,2,5,4,1,0.45,0.601,5.0,3.5,4.56,True,False,False,False,True,True,True,True,False,False
GLUE0645,CC(C)(C)C(=O)NC(=O)Nc1cccc2c1C(=O)N(C1CCC(=O)NC1=O)C2,XPBCHZQPJAXBLE-UHFFFAOYSA-N,urea,*C(=O)C(C)(C)C,386.41,1.14,124.7,3,5,2,1,0.421,0.658,5.0,3.0,3.98,True,False,False,False,True,True,False,False,False,False
GLUE0646,CC(C)(C)C(=O)OC(=O)Nc1cccc2c1C(=O)N(C1CCC(=O)NC1=O)C2,DTYOYQXJBQVBCP-UHFFFAOYSA-N,carbamate,*C(=O)C(C)(C)C,387.39,1.57,121.9,2,6,2,1,0.421,0.451,5.0,3.0,4.3,True,False,False,False,True,True,False,False,False,False
GLUE0647,O=C1CCC(N2Cc3cccc(NC(=O)c4cc5c(cc4Cl)NC(=O)C5)c3C2=O)C(=O)N1,JPYLPVHYLSOOIM-UHFFFAOYSA-N,amide,*c1cc2c(cc1Cl)NC(=O)C2,452.85,1.85,124.7,3,5,3,2,0.227,0.613,5.0,3.0,3.5,False,False,False,False,True,True,False,False,False,False
GLUE0648,O=C1CCC(N2Cc3cccc(NS(=O)(=O)c4cc5c(cc4Cl)NC(=O)C5)c3C2=O)C(=O)N1,BTJDTNAWMICIBA-UHFFFAOYSA-N,sulfonamide,*c1cc2c(cc1Cl)NC(=O)C2,488.91,1.4,141.8,3,6,4,2,0.238,0.555,5.0,3.0,3.25,False,False,False,False,True,True,False,False,False,False
GLUE0649,O=C1CCC(N2Cc3cccc(NC(=O)Cc4cc5c(cc4Cl)NC(=O)C5)c3C2=O)C(=O)N1,NFOPDJBSMGHSBT-UHFFFAOYSA-N,acetamide,*c1cc2c(cc1Cl)NC(=O)C2,466.88,1.78,124.7,3,5,4,2,0.261,0.592,5.0,3.0,3.4,False,False,False,False,True,True,False,False,False,False
GLUE0650,O=C1CCC(N2Cc3cccc(NC(=O)Nc4cc5c(cc4Cl)NC(=O)C5)c3C2=O)C(=O)N1,VEGXIPWFQJXSGC-UHFFFAOYSA-N,urea,*c1cc2c(cc1Cl)NC(=O)C2,467.87,2.24,136.7,4,5,3,2,0.227,0.513,5.0,2.5,3.23,False,True,False,False,True,True,False,False,False,False
GLUE0651,O=C1CCC(N2Cc3cccc(NC(=O)Oc4cc5c(cc4Cl)NC(=O)C5)c3C2=O)C(=O)N1,RQTJNTYMXCAZGP-UHFFFAOYSA-N,carbamate,*c1cc2c(cc1Cl)NC(=O)C2,468.85,2.21,133.9,3,6,3,2,0.227,0.591,5.0,3.0,3.39,False,True,False,False,True,True,False,False,False,False
GLUE0652,N#Cc1ccc2[nH]cc(C(=O)Nc3cccc4c3C(=O)N(C3CCC(=O)NC3=O)C4)c2c1,KDLCDWCSDIGORN-UHFFFAOYSA-N,amide,*c1c[nH]c2ccc(C#N)cc12,427.42,2.05,135.2,3,5,3,3,0.174,0.55,5.0,3.0,3.69,True,True,False,False,True,True,False,False,False,False
GLUE0653,N#Cc1ccc2[nH]cc(S(=O)(=O)Nc3cccc4c3C(=O)N(C3CCC(=O)NC3=O)C4)c2c1,ZUOHGCVOYALWIM-UHFFFAOYSA-N,sulfonamide,*c1c[nH]c2ccc(C#N)cc12,463.48,1.6,152.2,3,6,4,3,0.182,0.5,5.0,3.0,3.43,False,False,False,False,True,True,False,False,False,False
GLUE0654,N#Cc1ccc2[nH]cc(CC(=O)Nc3cccc4c3C(=O)N(C3CCC(=O)NC3=O)C4)c2c1,IHQGVGQKRUSRTE-UHFFFAOYSA-N,acetamide,*c1c[nH]c2ccc(C#N)cc12,441.45,1.98,135.2,3,5,4,3,0.208,0.532,5.0,3.0,3.58,True,False,False,False,True,True,False,False,False,False
GLUE0655,N#Cc1ccc2[nH]cc(NC(=O)Nc3cccc4c3C(=O)N(C3CCC(=O)NC3=O)C4)c2c1,VADYRWSZNUBUAT-UHFFFAOYSA-N,urea,*c1c[nH]c2ccc(C#N)cc12,442.44,2.44,147.2,4,5,3,3,0.174,0.46,5.0,2.5,3.41,True,True,False,False,True,True,False,False,False,False
GLUE0656,N#Cc1ccc2[nH]cc(OC(=O)Nc3cccc4c3C(=O)N(C3CCC(=O)NC3=O)C4)c2c1,AKJCEGLLGSWWTN-UHFFFAOYSA-N,carbamate,*c1c[nH]c2ccc(C#N)cc12,443.42,2.41,144.4,3,6,3,3,0.174,0.53,5.0,3.0,3.57,True,True,False,False,True,True,False,False,False,False
GLUE0657,O=C1CCC(N2Cc3cccc(NC(=O)C4CCNCC4)c3C2=O)C(=O)N1,ORTCDFNUIGXCBO-UHFFFAOYSA-N,amide,*C1CCNCC1,370.41,0.39,107.6,3,5,3,1,0.474,0.667,9.0,3.5,4.01,True,False,False,False,True,True,True,True,False,False
GLUE0658,O=C1CCC(N2Cc3cccc(NS(=O)(=O)C4CCNCC4)c3C2=O)C(=O)N1,XJTUXZSYRWEHSD-UHFFFAOYSA-N,sulfonamide,*C1CCNCC1,406.46,-0.06,124.7,3,6,4,1,0.5,0.602,9.0,3.0,3.33,True,False,False,False,True,True,False,False,False,False
GLUE0659,O=C1CCC(N2Cc3cccc(NC(=O)CC4CCNCC4)c3C2=O)C(=O)N1,IVBRNFSUZFRHKT-UHFFFAOYSA-N,acetamide,*C1CCNCC1,384.44,0.78,107.6,3,5,4,1,0.5,0.665,9.0,3.5,3.91,True,False,False,False,True,True,True,True,False,False
GLUE0660,O=C1CCC(N2Cc3cccc(NC(=O)NC4CCNCC4)c3C2=O)C(=O)N1,BCZMLQWLXIEHKA-UHFFFAOYSA-N,urea,*C1CCNCC1,385.42,0.32,119.6,4,5,3,1,0.474,0.559,9.0,3.0,3.33,True,False,False,False,True,True,True,False,False,False
GLUE0661,O=C1CCC(N2Cc3cccc(NC(=O)OC4CCNCC4)c3C2=O)C(=O)N1,IEIVTIYPDLUHIS-UHFFFAOYSA-N,carbamate,*C1CCNCC1,386.41,0.75,116.8,3,6,3,1,0.474,0.66,9.0,3.5,3.58,True,False,False,False,True,True,True,True,False,False
GLUE0662,C[C@H](N)[C@H](O)C(=O)Nc1cccc2c1C(=O)N(C1CCC(=O)NC1=O)C2,LMBSNEKPVONKKP-FOJQBMCESA-N,amide,*[C@@H](O)[C@H](C)N,360.37,-0.91,141.8,4,6,4,1,0.412,0.512,9.0,2.5,3.5,True,False,False,False,True,True,False,False,False,False
GLUE0663,C[C@H](N)[C@H](O)S(=O)(=O)Nc1cccc2c1C(=O)N(C1CCC(=O)NC1=O)C2,XKFHHLZBKFBCJC-UIMYGVISSA-N,sulfonamide,*[C@@H](O)[C@H](C)N,396.43,-1.15,158.9,4,7,5,1,0.438,0.458,9.0,2.5,3.24,True,False,False,False,True,True,False,False,False,False
GLUE0664,C[C@H](N)[C@H](O)CC(=O)Nc1cccc2c1C(=O)N(C1CCC(=O)NC1=O)C2,LTTYLDAFQCZNIL-OBBQPFKBSA-N,acetamide,*[C@@H](O)[C@H](C)N,374.4,-0.52,141.8,4,6,5,1,0.444,0.511,9.0,2.5,3.4,True,False,False,False,True,True,False,False,False,False
GLUE0665,C[C@H](N)[C@H](O)NC(=O)Nc1cccc2c1C(=O)N(C1CCC(=O)NC1=O)C2,CSVPCUBKWOGNFO-FOJQBMCESA-N,urea,*[C@@H](O)[C@H](C)N,375.39,-0.77,153.9,5,6,4,1,0.412,0.344,9.0,2.5,3.39,True,False,False,False,True,True,False,False,False,False
GLUE0666,C[C@H](N)[C@H](O)OC(=O)Nc1cccc2c1C(=O)N(C1CCC(=O)NC1=O)C2,JXUTWWWQQLFRPA-UIMYGVISSA-N,carbamate,*[C@@H](O)[C@H](C)N,376.37,-0.34,151.1,4,7,4,1,0.412,0.414,9.0,2.5,3.38,True,False,False,False,True,True,False,False,False,False
GLUE0667,O=C1CCC(N2Cc3cccc(NC(=O)CCS(=O)(=O)c4ccccc4)c3C2=O)C(=O)N1,KTDKFZDYNJEZTO-UHFFFAOYSA-N,amide,*CCS(=O)(=O)c1ccccc1,455.49,1.25,129.7,2,6,6,2,0.273,0.631,5.0,3.0,3.82,False,False,False,False,True,True,False,False,False,False
GLUE0668,O=C1CCC(N2Cc3cccc(NS(=O)(=O)CCS(=O)(=O)c4ccccc4)c3C2=O)C(=O)N1,MGVRFBIVBJDUCR-UHFFFAOYSA-N,sulfonamide,*CCS(=O)(=O)c1ccccc1,491.55,0.66,146.8,2,7,7,2,0.286,0.541,5.0,3.0,3.56,False,False,False,False,True,True,False,False,False,False
GLUE0669,O=C1CCC(N2Cc3cccc(NC(=O)CCCS(=O)(=O)c4ccccc4)c3C2=O)C(=O)N1,DWFDMOWZNYIEGX-UHFFFAOYSA-N,acetamide,*CCS(=O)(=O)c1ccccc1,469.52,1.64,129.7,2,6,7,2,0.304,0.593,5.0,3.0,3.72,False,False,False,False,True,True,False,False,False,False
GLUE0670,O=C1CCC(N2Cc3cccc(NC(=O)NCCS(=O)(=O)c4ccccc4)c3C2=O)C(=O)N1,NRMQYTWKKZVPDQ-UHFFFAOYSA-N,urea,*CCS(=O)(=O)c1ccccc1,470.51,1.04,141.8,3,6,6,2,0.273,0.539,5.0,3.0,3.38,False,False,False,False,True,True,False,False,False,False
GLUE0671,O=C1CCC(N2Cc3cccc(NC(=O)OCCS(=O)(=O)c4ccccc4)c3C2=O)C(=O)N1,ALXJZMRNEPQKTF-UHFFFAOYSA-N,carbamate,*CCS(=O)(=O)c1ccccc1,471.49,1.47,138.9,2,7,6,2,0.273,0.608,5.0,3.0,3.7,False,False,False,False,True,True,False,False,False,False
GLUE0672,O=C1CCC(N2Cc3cccc(NC(=O)c4cccc5c4CC(=O)N5)c3C2=O)C(=O)N1,JDSNMRCFMVGXHU-UHFFFAOYSA-N,amide,*c1cccc2c1CC(=O)N2,418.41,1.19,124.7,3,5,3,2,0.227,0.646,5.0,3.0,3.75,True,False,False,False,True,True,False,False,False,False
GLUE0673,O=C1CCC(N2Cc3cccc(NS(=O)(=O)c4cccc5c4CC(=O)N5)c3C2=O)C(=O)N1,ABKGJGSAQDJNFH-UHFFFAOYSA-N,sulfonamide,*c1cccc2c1CC(=O)N2,454.46,0.74,141.8,3,6,4,2,0.238,0.582,5.0,3.0,3.49,False,False,False,False,True,True,False,False,False,False
GLUE0674,O=C1CCC(N2Cc3cccc(NC(=O)Cc4cccc5c4CC(=O)N5)c3C2=O)C(=O)N1,JAFRBHMXOMPRKY-UHFFFAOYSA-N,acetamide,*c1cccc2c1CC(=O)N2,432.44,1.12,124.7,3,5,4,2,0.261,0.625,5.0,3.0,3.65,True,False,False,False,True,True,False,False,False,False
GLUE0675,O=C1CCC(N2Cc3cccc(NC(=O)Nc4cccc5c4CC(=O)N5)c3C2=O)C(=O)N1,XDOPEZYPVUFAFF-UHFFFAOYSA-N,urea,*c1cccc2c1CC(=O)N2,433.42,1.59,136.7,4,5,3,2,0.227,0.545,5.0,2.5,3.48,True,False,False,False,True,True,False,False,False,False
GLUE0676,O=C1CCC(N2Cc3cccc(NC(=O)Oc4cccc5c4CC(=O)N5)c3C2=O)C(=O)N1,UTBRGNSYVXROKM-UHFFFAOYSA-N,carbamate,*c1cccc2c1CC(=O)N2,434.41,1.55,133.9,3,6,3,2,0.227,0.628,5.0,3.0,3.64,True,False,False,False,True,True,False,False,False,False
GLUE0677,O=C(O)CC[C@@H](C(=O)O)C(=O)Nc1cccc2c1C(=O)N(C1CCC(=O)NC1=O)C2,NFHHCUBGGTXVBU-RWANSRKNSA-N,amide,*[C@@H](CCC(=O)O)C(=O)O,417.37,-0.05,170.2,4,6,7,1,0.368,0.353,5.0,2.5,3.59,True,False,False,False,True,True,False,False,False,False
GLUE0678,O=C(O)CC[C@@H](C(=O)O)S(=O)(=O)Nc1cccc2c1C(=O)N(C1CCC(=O)NC1=O)C2,XRLJEKASUOAVGC-KIYNQFGBSA-N,sulfonamide,*[C@@H](CCC(=O)O)C(=O)O,453.43,-0.49,187.2,4,7,8,1,0.389,0.377,5.0,2.5,3.33,False,False,False,False,True,True,False,False,False,False
GLUE0679,O=C(O)CC[C@H](CC(=O)Nc1cccc2c1C(=O)N(C1CCC(=O)NC1=O)C2)C(=O)O,CHYZIKBCJAGQTB-VUUHIHSGSA-N,acetamide,*[C@@H](CCC(=O)O)C(=O)O,431.4,0.34,170.2,4,6,8,1,0.4,0.427,5.0,2.5,3.49,True,False,False,False,True,True,False,False,False,False
GLUE0680,O=C(O)CC[C@H](NC(=O)Nc1cccc2c1C(=O)N(C1CCC(=O)NC1=O)C2)C(=O)O,OZPHAHOVWQMCPV-PXYINDEMSA-N,urea,*[C@@H](CCC(=O)O)C(=O)O,432.39,-0.11,182.2,5,6,7,1,0.368,0.37,5.0,2.5,3.48,True,False,False,False,True,True,False,False,False,False
GLUE0681,O=C(O)CC[C@H](OC(=O)Nc1cccc2c1C(=O)N(C1CCC(=O)NC1=O)C2)C(=O)O,VEKALWUJASCBKQ-KIYNQFGBSA-N,carbamate,*[C@@H](CCC(=O)O)C(=O)O,433.37,0.31,179.4,4,7,7,1,0.368,0.44,5.0,2.5,3.48,True,False,False,False,True,True,False,False,False,False
GLUE0682,Nc1nc2c(s1)C[C@@H](C(=O)Nc1cccc3c1C(=O)N(C1CCC(=O)NC1=O)C3)CC2,RSAKIGNPIWWXRE-XLLULAGJSA-N,amide,*[C@H]1CCc2nc(N)sc2C1,439.5,1.23,134.5,3,7,3,2,0.381,0.616,4.5,3.0,3.6,True,False,False,False,True,True,False,False,False,False
GLUE0683,Nc1nc2c(s1)C[C@@H](S(=O)(=O)Nc1cccc3c1C(=O)N(C1CCC(=O)NC1=O)C3)CC2,QMJWUAIONOOSLG-ZSOXZCCMSA-N,sulfonamide,*[C@H]1CCc2nc(N)sc2C1,475.55,0.79,151.6,3,8,4,2,0.4,0.553,4.5,3.0,3.34,False,False,False,False,True,True,False,False,False,False
GLUE0684,Nc1nc2c(s1)C[C@@H](CC(=O)Nc1cccc3c1C(=O)N(C1CCC(=O)NC1=O)C3)CC2,HGRWHTSUMUODMD-VPHXOMNUSA-N,acetamide,*[C@H]1CCc2nc(N)sc2C1,453.52,1.62,134.5,3,7,4,2,0.409,0.602,4.5,3.0,3.5,False,False,False,False,True,True,False,False,False,False
GLUE0685,Nc1nc2c(s1)C[C@@H](NC(=O)Nc1cccc3c1C(=O)N(C1CCC(=O)NC1=O)C3)CC2,QPVIOXRZVWYQCC-ZSOXZCCMSA-N,urea,*[C@H]1CCc2nc(N)sc2C1,454.51,1.17,146.5,4,7,3,2,0.381,0.512,4.5,2.5,3.32,False,False,False,False,True,True,False,False,False,False
GLUE0686,Nc1nc2c(s1)C[C@@H](OC(=O)Nc1cccc3c1C(=O)N(C1CCC(=O)NC1=O)C3)CC2,YIQSVCDTHKVDMA-ZSOXZCCMSA-N,carbamate,*[C@H]1CCc2nc(N)sc2C1,455.5,1.59,143.7,3,8,3,2,0.381,0.596,4.5,3.0,3.48,False,False,False,False,True,True,False,False,False,False
GLUE0687,O=C1CCC(N2Cc3cccc(NC(=O)[C@@H]4CC[C@@H]5CN4C(=O)N5OS(=O)(=O)O)c3C2=O)C(=O)N1,XZFPXGXOSJCGSX-VFXSIBAZSA-N,amide,*[C@@H]1CC[C@@H]2CN1C(=O)N2OS(=O)(=O)O,507.48,-0.61,182.7,3,8,5,1,0.45,0.346,5.0,2.5,3.17,False,False,False,False,True,True,False,False,False,False
GLUE0688,O=C1CCC(N2Cc3cccc(NS(=O)(=O)[C@@H]4CC[C@@H]5CN4C(=O)N5OS(=O)(=O)O)c3C2=O)C(=O)N1,DXKLBAKUJUUEGM-IMORHIPNSA-N,sulfonamide,*[C@@H]1CC[C@@H]2CN1C(=O)N2OS(=O)(=O)O,543.54,-0.85,199.8,3,9,6,1,0.474,0.3,5.0,2.5,3.17,False,False,False,False,True,True,False,False,False,False
GLUE0689,O=C1CCC(N2Cc3cccc(NC(=O)C[C@@H]4CC[C@@H]5CN4C(=O)N5OS(=O)(=O)O)c3C2=O)C(=O)N1,PKNZRFVGJYZYSN-IKCIUXDWSA-N,acetamide,*[C@@H]1CC[C@@H]2CN1C(=O)N2OS(=O)(=O)O,521.51,-0.22,182.7,3,8,6,1,0.476,0.336,5.0,2.5,3.17,False,False,False,False,True,True,False,False,False,False
GLUE0690,O=C1CCC(N2Cc3cccc(NC(=O)N[C@@H]4CC[C@@H]5CN4C(=O)N5OS(=O)(=O)O)c3C2=O)C(=O)N1,FJUGQRAAILPULX-VFXSIBAZSA-N,urea,*[C@@H]1CC[C@@H]2CN1C(=O)N2OS(=O)(=O)O,522.5,-0.47,194.8,4,8,5,1,0.45,0.292,5.0,2.0,3.0,False,False,False,False,True,True,False,False,False,False
GLUE0691,O=C1CCC(N2Cc3cccc(NC(=O)O[C@@H]4CC[C@@H]5CN4C(=O)N5OS(=O)(=O)O)c3C2=O)C(=O)N1,JHROXRBETMNNLC-IMORHIPNSA-N,carbamate,*[C@@H]1CC[C@@H]2CN1C(=O)N2OS(=O)(=O)O,523.48,-0.04,192.0,3,9,5,1,0.45,0.348,5.0,2.5,3.17,False,False,False,False,True,True,False,False,False,False
GLUE0692,Cc1cccc(C(=O)Nc2cccc3c2C(=O)N(C2CCC(=O)NC2=O)C3)c1,ASEBNTLHRSJWFK-UHFFFAOYSA-N,amide,*c1cccc(C)c1,377.4,2.01,95.6,2,4,3,2,0.238,0.8,5.0,3.5,5.19,True,True,False,False,True,True,True,True,False,True
GLUE0693,Cc1cccc(S(=O)(=O)Nc2cccc3c2C(=O)N(C2CCC(=O)NC2=O)C3)c1,SPFSZZJKJYVKBN-UHFFFAOYSA-N,sulfonamide,*c1cccc(C)c1,413.46,1.56,112.7,2,5,4,2,0.25,0.739,5.0,3.5,4.36,True,False,False,False,True,True,True,True,False,False
GLUE0694,Cc1cccc(CC(=O)Nc2cccc3c2C(=O)N(C2CCC(=O)NC2=O)C3)c1,UIGVKQIVFNCNFP-UHFFFAOYSA-N,acetamide,*c1cccc(C)c1,391.43,1.94,95.6,2,4,4,2,0.273,0.779,5.0,3.5,5.09,True,False,False,False,True,True,True,True,False,False
GLUE0695,Cc1cccc(NC(=O)Nc2cccc3c2C(=O)N(C2CCC(=O)NC2=O)C3)c1,XHABMVWQVLBZFU-UHFFFAOYSA-N,urea,*c1cccc(C)c1,392.42,2.4,107.6,3,4,3,2,0.238,0.697,5.0,3.5,4.35,True,True,False,False,True,True,True,True,False,True
GLUE0696,Cc1cccc(OC(=O)Nc2cccc3c2C(=O)N(C2CCC(=O)NC2=O)C3)c1,UHPHGUQMMRJSQH-UHFFFAOYSA-N,carbamate,*c1cccc(C)c1,393.4,2.37,104.8,2,5,3,2,0.238,0.779,5.0,3.5,4.77,True,True,False,False,True,True,True,True,False,True
GLUE0697,Cc1cn(C(=O)Nc2cccc3c2C(=O)N(C2CCC(=O)NC2=O)C3)c(=O)[nH]c1=O,MWFYQYKYGMOQIX-UHFFFAOYSA-N,amide,*n1cc(C)c(=O)[nH]c1=O,411.37,-0.31,150.4,3,6,2,2,0.263,0.577,5.0,3.0,3.8,True,False,False,False,True,True,False,False,False,False
GLUE0698,Cc1cn(S(=O)(=O)Nc2cccc3c2C(=O)N(C2CCC(=O)NC2=O)C3)c(=O)[nH]c1=O,FGNPOMMSOHXGOA-UHFFFAOYSA-N,sulfonamide,*n1cc(C)c(=O)[nH]c1=O,447.43,-1.19,167.5,3,7,4,2,0.278,0.495,5.0,3.0,3.54,True,False,False,False,True,True,False,False,False,False
GLUE0699,Cc1cn(CC(=O)Nc2cccc3c2C(=O)N(C2CCC(=O)NC2=O)C3)c(=O)[nH]c1=O,QMOAHSWGYQNVFV-UHFFFAOYSA-N,acetamide,*n1cc(C)c(=O)[nH]c1=O,425.4,-0.76,150.4,3,6,4,2,0.3,0.548,5.0,3.0,3.7,True,False,False,False,True,True,False,False,False,False
GLUE0700,Cc1cn(NC(=O)Nc2cccc3c2C(=O)N(C2CCC(=O)NC2=O)C3)c(=O)[nH]c1=O,LRXPDNJYVMNMNN-UHFFFAOYSA-N,urea,*n1cc(C)c(=O)[nH]c1=O,426.39,-0.62,162.5,4,6,3,2,0.263,0.478,5.0,2.5,3.53,True,False,False,False,True,True,False,False,False,False
GLUE0701,Cc1cn(OC(=O)Nc2cccc3c2C(=O)N(C2CCC(=O)NC2=O)C3)c(=O)[nH]c1=O,RCPYTDRWLZKUJD-UHFFFAOYSA-N,carbamate,*n1cc(C)c(=O)[nH]c1=O,427.37,-0.73,159.7,3,7,3,2,0.263,0.544,5.0,3.0,3.69,True,False,False,False,True,True,False,False,False,False
GLUE0702,CC(C(=O)Nc1cccc2c1C(=O)N(C1CCC(=O)NC1=O)C2)C1=NCCN1,NATWMRVRYJFQGH-UHFFFAOYSA-N,amide,*C(C)C1=NCCN1,383.41,0.02,120.0,3,6,4,1,0.421,0.634,9.0,3.5,3.5,True,False,False,False,True,True,True,True,False,False
GLUE0703,CC(C1=NCCN1)S(=O)(=O)Nc1cccc2c1C(=O)N(C1CCC(=O)NC1=O)C2,XMJZVTPJAYUYKC-UHFFFAOYSA-N,sulfonamide,*C(C)C1=NCCN1,419.46,-0.42,137.0,3,7,5,1,0.444,0.555,9.0,3.0,3.24,True,False,False,False,True,True,False,False,False,False
GLUE0704,CC(CC(=O)Nc1cccc2c1C(=O)N(C1CCC(=O)NC1=O)C2)C1=NCCN1,DCWMQMQCXCBBCP-UHFFFAOYSA-N,acetamide,*C(C)C1=NCCN1,397.44,0.41,120.0,3,6,5,1,0.45,0.622,9.0,3.5,3.4,True,False,False,False,True,True,True,True,False,False
GLUE0705,CC(NC(=O)Nc1cccc2c1C(=O)N(C1CCC(=O)NC1=O)C2)C1=NCCN1,BOQFTFWCPKGFDP-UHFFFAOYSA-N,urea,*C(C)C1=NCCN1,398.42,-0.04,132.0,4,6,4,1,0.421,0.529,9.0,2.5,3.23,True,False,False,False,True,True,False,False,False,False
GLUE0706,CC(OC(=O)Nc1cccc2c1C(=O)N(C1CCC(=O)NC1=O)C2)C1=NCCN1,MYIYCHPTCQOEEP-UHFFFAOYSA-N,carbamate,*C(C)C1=NCCN1,399.41,0.39,129.2,3,7,4,1,0.421,0.628,9.0,3.0,3.39,True,False,False,False,True,True,False,False,False,False
GLUE0707,O=C(O)CCC(=O)C(=O)Nc1cccc2c1C(=O)N(C1CCC(=O)NC1=O)C2,AIRYGYQPTVLHSA-UHFFFAOYSA-N,amide,*C(=O)CCC(=O)O,387.35,-0.18,149.9,3,6,6,1,0.333,0.452,5.0,3.0,3.97,True,False,False,False,True,True,False,False,False,False
GLUE0708,O=C(O)CCC(=O)S(=O)(=O)Nc1cccc2c1C(=O)N(C1CCC(=O)NC1=O)C2,XKYCAKAYAFANIV-UHFFFAOYSA-N,sulfonamide,*C(=O)CCC(=O)O,423.4,-0.42,167.0,3,7,6,1,0.353,0.519,5.0,3.0,3.71,True,False,False,False,True,True,False,False,False,False
GLUE0709,O=C(O)CCC(=O)CC(=O)Nc1cccc2c1C(=O)N(C1CCC(=O)NC1=O)C2,HWMPGAHFZHADQM-UHFFFAOYSA-N,acetamide,*C(=O)CCC(=O)O,401.38,0.21,149.9,3,6,7,1,0.368,0.436,5.0,3.0,3.87,True,False,False,False,True,True,False,False,False,False
GLUE0710,O=C(O)CCC(=O)NC(=O)Nc1cccc2c1C(=O)N(C1CCC(=O)NC1=O)C2,GEZAVXCKLVHRIW-UHFFFAOYSA-N,urea,*C(=O)CCC(=O)O,402.36,-0.04,162.0,4,6,5,1,0.333,0.502,5.0,2.5,3.7,True,False,False,False,True,True,False,False,False,False
GLUE0711,O=C(O)CCC(=O)OC(=O)Nc1cccc2c1C(=O)N(C1CCC(=O)NC1=O)C2,BDVKRIUCCRQUIW-UHFFFAOYSA-N,carbamate,*C(=O)CCC(=O)O,403.35,0.39,159.2,3,7,5,1,0.333,0.362,5.0,3.0,3.86,True,False,False,False,True,True,False,False,False,False
GLUE0712,CCCCC[C@H](O)CCC(=O)Nc1cccc2c1C(=O)N(C1CCC(=O)NC1=O)C2,XQSNYIJXWOLSSQ-MYJWUSKBSA-N,amide,*CC[C@@H](O)CCCCC,415.49,2.11,115.8,3,5,9,1,0.545,0.422,5.0,3.0,3.91,True,True,False,False,True,True,True,False,False,False
GLUE0713,CCCCC[C@H](O)CCS(=O)(=O)Nc1cccc2c1C(=O)N(C1CCC(=O)NC1=O)C2,LMWXASNVRARSMG-MYJWUSKBSA-N,sulfonamide,*CC[C@@H](O)CCCCC,451.55,1.52,132.9,3,6,10,1,0.571,0.365,5.0,2.5,3.51,False,False,False,False,True,True,False,False,False,False
GLUE0714,CCCCC[C@H](O)CCCC(=O)Nc1cccc2c1C(=O)N(C1CCC(=O)NC1=O)C2,OFKBUVPMDCBTEJ-ATNAJCNCSA-N,acetamide,*CC[C@@H](O)CCCCC,429.52,2.5,115.8,3,5,10,1,0.565,0.39,5.0,3.0,3.81,True,True,False,False,True,True,True,False,False,False
GLUE0715,CCCCC[C@H](O)CCNC(=O)Nc1cccc2c1C(=O)N(C1CCC(=O)NC1=O)C2,SQWICMWLLMLFSC-MYJWUSKBSA-N,urea,*CC[C@@H](O)CCCCC,430.51,1.9,127.8,4,5,9,1,0.545,0.351,5.0,2.0,3.5,True,False,False,False,True,True,False,False,False,False
GLUE0716,CCCCC[C@H](O)CCOC(=O)Nc1cccc2c1C(=O)N(C1CCC(=O)NC1=O)C2,FGGAJNRMUPBPEL-MYJWUSKBSA-N,carbamate,*CC[C@@H](O)CCCCC,431.49,2.33,125.0,3,6,9,1,0.545,0.407,5.0,2.5,3.66,True,True,False,False,True,True,False,False,False,False
GLUE0717,O=C1CCC(N2Cc3cccc(NC(=O)C(=O)CCl)c3C2=O)C(=O)N1,SJAKZIFYVUVKBN-UHFFFAOYSA-N,amide,*C(=O)CCl,363.76,0.19,112.7,2,5,4,1,0.312,0.45,5.0,3.5,4.72,True,False,False,False,True,True,True,True,False,False
GLUE0718,O=C1CCC(N2Cc3cccc(NS(=O)(=O)C(=O)CCl)c3C2=O)C(=O)N1,DOKPEWDALFAGLL-UHFFFAOYSA-N,sulfonamide,*C(=O)CCl,399.81,-0.05,129.7,2,6,4,1,0.333,0.539,5.0,3.0,4.22,True,False,False,False,True,True,False,False,False,False
GLUE0719,O=C(CCl)CC(=O)Nc1cccc2c1C(=O)N(C1CCC(=O)NC1=O)C2,FHBFMTLGODDRTE-UHFFFAOYSA-N,acetamide,*C(=O)CCl,377.78,0.58,112.7,2,5,5,1,0.353,0.443,5.0,3.5,4.62,True,False,False,False,True,True,True,True,False,False
GLUE0720,O=C(CCl)NC(=O)Nc1cccc2c1C(=O)N(C1CCC(=O)NC1=O)C2,ZDHFPTYGXJQRCY-UHFFFAOYSA-N,urea,*C(=O)CCl,378.77,0.33,124.7,3,5,3,1,0.312,0.516,5.0,3.0,4.03,True,False,False,False,True,True,False,False,False,False
GLUE0721,O=C1CCC(N2Cc3cccc(NC(=O)OC(=O)CCl)c3C2=O)C(=O)N1,HWYWACVAFMZKNU-UHFFFAOYSA-N,carbamate,*C(=O)CCl,379.76,0.76,121.9,2,6,3,1,0.312,0.346,5.0,3.0,4.36,True,False,False,False,True,True,False,False,False,False
GLUE0722,CCCCCCC(=O)Nc1cccc2c1C(=O)N(C1CCC(=O)NC1=O)C2,JQONWMFUTRBHGZ-UHFFFAOYSA-N,amide,*CCCCCC,371.44,2.36,95.6,2,4,7,1,0.5,0.568,5.0,3.5,5.23,True,True,False,False,True,True,True,True,False,True
GLUE0723,CCCCCCS(=O)(=O)Nc1cccc2c1C(=O)N(C1CCC(=O)NC1=O)C2,NUPUJRHXNNGBAJ-UHFFFAOYSA-N,sulfonamide,*CCCCCC,407.49,1.77,112.7,2,5,8,1,0.526,0.504,5.0,3.5,4.41,True,False,False,False,True,True,True,True,False,False
GLUE0724,CCCCCCCC(=O)Nc1cccc2c1C(=O)N(C1CCC(=O)NC1=O)C2,CNJXVYKUVIDBCW-UHFFFAOYSA-N,acetamide,*CCCCCC,385.46,2.75,95.6,2,4,8,1,0.524,0.531,5.0,3.5,5.01,True,True,False,False,True,True,True,True,False,True
GLUE0725,CCCCCCNC(=O)Nc1cccc2c1C(=O)N(C1CCC(=O)NC1=O)C2,AAGNIUQAEXSPPI-UHFFFAOYSA-N,urea,*CCCCCC,386.45,2.15,107.6,3,4,7,1,0.5,0.493,5.0,3.5,4.39,True,True,False,False,True,True,True,True,False,True
GLUE0726,CCCCCCOC(=O)Nc1cccc2c1C(=O)N(C1CCC(=O)NC1=O)C2,NDPCBTLWTZBXIS-UHFFFAOYSA-N,carbamate,*CCCCCC,387.44,2.58,104.8,2,5,7,1,0.5,0.553,5.0,3.5,4.77,True,True,False,False,True,True,True,True,False,True
GLUE0727,CN1[C@@H]2CC[C@H]1C[C@@H](C(=O)Nc1cccc3c1C(=O)N(C1CCC(=O)NC1=O)C3)C2,UZYUBVBITHRSLG-MSNLLQCJSA-N,amide,*[C@H]1C[C@H]2CC[C@@H](C1)N2C,410.47,1.26,98.8,2,5,3,1,0.545,0.731,9.5,3.5,4.1,True,False,False,False,True,True,True,True,False,False
GLUE0728,CN1[C@@H]2CC[C@H]1C[C@@H](S(=O)(=O)Nc1cccc3c1C(=O)N(C1CCC(=O)NC1=O)C3)C2,CLEXGMYJKHMWBJ-CELGIQRLSA-N,sulfonamide,*[C@H]1C[C@H]2CC[C@@H](C1)N2C,446.53,0.81,115.9,2,6,4,1,0.571,0.662,9.5,3.5,3.27,True,False,False,False,True,True,True,True,False,False
GLUE0729,CN1[C@@H]2CC[C@H]1C[C@@H](CC(=O)Nc1cccc3c1C(=O)N(C1CCC(=O)NC1=O)C3)C2,ITWWZGKOWGETTH-HCBVFMPGSA-N,acetamide,*[C@H]1C[C@H]2CC[C@@H](C1)N2C,424.5,1.65,98.8,2,5,4,1,0.565,0.716,9.5,3.5,4.0,True,False,False,False,True,True,True,True,False,False
GLUE0730,CN1[C@@H]2CC[C@H]1C[C@@H](NC(=O)Nc1cccc3c1C(=O)N(C1CCC(=O)NC1=O)C3)C2,QZVLUPMMUICLJV-MSNLLQCJSA-N,urea,*[C@H]1C[C@H]2CC[C@@H](C1)N2C,425.49,1.19,110.8,3,5,3,1,0.545,0.63,9.5,3.5,3.25,True,False,False,False,True,True,True,True,False,False
GLUE0731,CN1[C@@H]2CC[C@H]1C[C@@H](OC(=O)Nc1cccc3c1C(=O)N(C1CCC(=O)NC1=O)C3)C2,VJPCWECPRPLDQJ-CELGIQRLSA-N,carbamate,*[C@H]1C[C@H]2CC[C@@H](C1)N2C,426.47,1.62,108.1,2,6,3,1,0.545,0.711,9.5,3.5,3.67,True,False,False,False,True,True,True,True,False,False
GLUE0732,O=C1CCC(N2Cc3cccc(NC(=O)c4ccc(Cl)cn4)c3C2=O)C(=O)N1,GTNIXKJAMOPIKC-UHFFFAOYSA-N,amide,*c1ccc(Cl)cn1,398.81,1.75,108.5,2,5,3,2,0.211,0.765,5.0,3.5,4.61,True,False,False,False,True,True,True,True,False,False
GLUE0733,O=C1CCC(N2Cc3cccc(NS(=O)(=O)c4ccc(Cl)cn4)c3C2=O)C(=O)N1,FGODUJYTNOQTRJ-UHFFFAOYSA-N,sulfonamide,*c1ccc(Cl)cn1,434.86,1.3,125.5,2,6,4,2,0.222,0.698,5.0,3.0,3.97,True,False,False,False,True,True,False,False,False,False
GLUE0734,O=C1CCC(N2Cc3cccc(NC(=O)Cc4ccc(Cl)cn4)c3C2=O)C(=O)N1,PQNMNMDGNDUHRM-UHFFFAOYSA-N,acetamide,*c1ccc(Cl)cn1,412.83,1.68,108.5,2,5,4,2,0.25,0.743,5.0,3.5,4.51,True,False,False,False,True,True,True,True,False,False
GLUE0735,O=C1CCC(N2Cc3cccc(NC(=O)Nc4ccc(Cl)cn4)c3C2=O)C(=O)N1,MSYFBNNQLPMELM-UHFFFAOYSA-N,urea,*c1ccc(Cl)cn1,413.82,2.14,120.5,3,5,3,2,0.211,0.666,5.0,3.0,3.78,True,True,False,False,True,True,False,False,False,False
GLUE0736,O=C1CCC(N2Cc3cccc(NC(=O)Oc4ccc(Cl)cn4)c3C2=O)C(=O)N1,IBGSBPDCDXOFRN-UHFFFAOYSA-N,carbamate,*c1ccc(Cl)cn1,414.81,2.11,117.7,2,6,3,2,0.211,0.743,5.0,3.5,4.19,True,True,False,False,True,True,True,True,False,True
GLUE0737,O=C([O-])C[C@H](O)C[C@H](O)CC(=O)Nc1cccc2c1C(=O)N(C1CCC(=O)NC1=O)C2,RPORWFLQTUKMML-KTYPHDMWSA-M,amide,*C[C@@H](O)C[C@@H](O)CC(=O)[O-],432.41,-1.97,176.2,4,8,8,1,0.45,0.342,5.0,2.5,3.48,True,False,False,False,True,True,False,False,False,False
GLUE0738,O=C([O-])C[C@H](O)C[C@H](O)CS(=O)(=O)Nc1cccc2c1C(=O)N(C1CCC(=O)NC1=O)C2,ICPPMPGNANWDGI-RJTITELWSA-M,sulfonamide,*C[C@@H](O)C[C@@H](O)CC(=O)[O-],468.46,-2.56,193.2,4,9,9,1,0.474,0.282,5.0,2.0,3.23,False,False,False,False,True,True,False,False,False,False
GLUE0739,O=C([O-])C[C@H](O)C[C@H](O)CCC(=O)Nc1cccc2c1C(=O)N(C1CCC(=O)NC1=O)C2,IFNDTFUYKKBNBY-HCYNLOQUSA-M,acetamide,*C[C@@H](O)C[C@@H](O)CC(=O)[O-],446.44,-1.58,176.2,4,8,9,1,0.476,0.328,5.0,2.0,3.38,True,False,False,False,True,True,False,False,False,False
GLUE0740,O=C([O-])C[C@H](O)C[C@H](O)CNC(=O)Nc1cccc2c1C(=O)N(C1CCC(=O)NC1=O)C2,ZYSNZFBFVKWRTN-RJTITELWSA-M,urea,*C[C@@H](O)C[C@@H](O)CC(=O)[O-],447.42,-2.18,188.2,5,8,8,1,0.45,0.278,5.0,2.5,3.38,True,False,False,False,True,True,False,False,False,False
GLUE0741,O=C([O-])C[C@H](O)C[C@H](O)COC(=O)Nc1cccc2c1C(=O)N(C1CCC(=O)NC1=O)C2,JAIHUONLGXAZDX-RJTITELWSA-M,carbamate,*C[C@@H](O)C[C@@H](O)CC(=O)[O-],448.41,-1.75,185.4,4,9,8,1,0.45,0.335,5.0,2.5,3.37,True,False,False,False,True,True,False,False,False,False
GLUE0742,O=C1CCC(N2Cc3cccc(NC(=O)[C@H]4CCOC4)c3C2=O)C(=O)N1,AQVSGQMBJTXLHW-AMGKYWFPSA-N,amide,*[C@H]1CCOC1,357.37,0.42,104.8,2,5,3,1,0.444,0.763,5.0,4.0,5.01,True,False,False,True,True,True,True,True,False,False
GLUE0743,O=C1CCC(N2Cc3cccc(NS(=O)(=O)[C@H]4CCOC4)c3C2=O)C(=O)N1,SCTGFANIBSBPDR-AMGKYWFPSA-N,sulfonamide,*[C@H]1CCOC1,393.42,-0.02,121.9,2,6,4,1,0.471,0.693,5.0,3.0,4.26,True,False,False,False,True,True,False,False,False,False
GLUE0744,O=C1CCC(N2Cc3cccc(NC(=O)C[C@H]4CCOC4)c3C2=O)C(=O)N1,YHTIFCBPRZKYBQ-YNODCEANSA-N,acetamide,*[C@H]1CCOC1,371.39,0.81,104.8,2,5,4,1,0.474,0.762,5.0,3.5,4.92,True,False,False,False,True,True,True,True,False,False
GLUE0745,O=C1CCC(N2Cc3cccc(NC(=O)N[C@H]4CCOC4)c3C2=O)C(=O)N1,XFGBRGKCBGTFRO-AMGKYWFPSA-N,urea,*[C@H]1CCOC1,372.38,0.36,116.8,3,5,3,1,0.444,0.663,5.0,3.5,4.18,True,False,False,False,True,True,True,True,False,False
GLUE0746,O=C1CCC(N2Cc3cccc(NC(=O)O[C@H]4CCOC4)c3C2=O)C(=O)N1,PKOCBNWNXYZCOL-AMGKYWFPSA-N,carbamate,*[C@H]1CCOC1,373.37,0.78,114.0,2,6,3,1,0.444,0.757,5.0,3.5,4.6,True,False,False,False,True,True,True,True,False,False
GLUE0747,Nc1ncnc2c1ncn2C(=O)Nc1cccc2c1C(=O)N(C1CCC(=O)NC1=O)C2,GQVIBFKGDJGFFC-UHFFFAOYSA-N,amide,*n1cnc2c(N)ncnc21,420.39,0.25,165.2,3,8,2,3,0.211,0.496,4.5,3.0,3.74,True,False,False,False,True,True,False,False,False,False
GLUE0748,Nc1ncnc2c1ncn2S(=O)(=O)Nc1cccc2c1C(=O)N(C1CCC(=O)NC1=O)C2,KQVXXSVAOCFMCW-UHFFFAOYSA-N,sulfonamide,*n1cnc2c(N)ncnc21,456.44,-0.63,182.3,3,9,4,3,0.222,0.431,4.5,3.0,3.48,False,False,False,False,True,True,False,False,False,False
GLUE0749,Nc1ncnc2c1ncn2CC(=O)Nc1cccc2c1C(=O)N(C1CCC(=O)NC1=O)C2,BEBDMLUVYGEUAW-UHFFFAOYSA-N,acetamide,*n1cnc2c(N)ncnc21,434.42,-0.19,165.2,3,8,4,3,0.25,0.475,4.5,3.0,3.64,True,False,False,False,True,True,False,False,False,False
GLUE0750,Nc1ncnc2c1ncn2NC(=O)Nc1cccc2c1C(=O)N(C1CCC(=O)NC1=O)C2,NOGPZOVSDDUGLT-UHFFFAOYSA-N,urea,*n1cnc2c(N)ncnc21,435.4,-0.05,177.2,4,8,3,3,0.211,0.414,4.5,2.5,3.46,True,False,False,False,True,True,False,False,False,False
GLUE0751,Nc1ncnc2c1ncn2OC(=O)Nc1cccc2c1C(=O)N(C1CCC(=O)NC1=O)C2,VJAFSZXCLZROBG-UHFFFAOYSA-N,carbamate,*n1cnc2c(N)ncnc21,436.39,-0.17,174.4,3,9,3,3,0.211,0.471,4.5,3.0,3.62,True,False,False,False,True,True,False,False,False,False
GLUE0752,O=C1CCC(N2Cc3cccc(NC(=O)c4cc(F)ccc4F)c3C2=O)C(=O)N1,BLHSSTXFCQGTJQ-UHFFFAOYSA-N,amide,*c1cc(F)ccc1F,399.35,1.98,95.6,2,4,3,2,0.2,0.772,5.0,3.5,5.03,True,False,False,False,True,True,True,True,False,False
GLUE0753,O=C1CCC(N2Cc3cccc(NS(=O)(=O)c4cc(F)ccc4F)c3C2=O)C(=O)N1,XNKWBHCEQUTQJV-UHFFFAOYSA-N,sulfonamide,*c1cc(F)ccc1F,435.41,1.53,112.7,2,5,4,2,0.211,0.708,5.0,3.5,4.21,True,False,False,False,True,True,True,True,False,False
GLUE0754,O=C1CCC(N2Cc3cccc(NC(=O)Cc4cc(F)ccc4F)c3C2=O)C(=O)N1,CREUYDVZEIJTOH-UHFFFAOYSA-N,acetamide,*c1cc(F)ccc1F,413.38,1.91,95.6,2,4,4,2,0.238,0.749,5.0,3.5,4.93,True,False,False,False,True,True,True,True,False,False
GLUE0755,O=C1CCC(N2Cc3cccc(NC(=O)Nc4cc(F)ccc4F)c3C2=O)C(=O)N1,WWCJDEBBRNFDAC-UHFFFAOYSA-N,urea,*c1cc(F)ccc1F,414.37,2.37,107.6,3,4,3,2,0.2,0.67,5.0,3.5,4.19,True,True,False,False,True,True,True,True,False,True
GLUE0756,O=C1CCC(N2Cc3cccc(NC(=O)Oc4cc(F)ccc4F)c3C2=O)C(=O)N1,DVHPFEFCWHLRDH-UHFFFAOYSA-N,carbamate,*c1cc(F)ccc1F,415.35,2.34,104.8,2,5,3,2,0.2,0.749,5.0,3.5,4.61,True,True,False,False,True,True,True,True,False,True
GLUE0757,O=C1CCC(N2Cc3cccc(NC(=O)c4ccco4)c3C2=O)C(=O)N1,KYWYTAVHSUGIPN-UHFFFAOYSA-N,amide,*c1ccco1,353.33,1.29,108.7,2,5,3,2,0.222,0.809,5.0,4.0,4.88,True,False,False,True,True,True,True,True,False,False
GLUE0758,O=C1CCC(N2Cc3cccc(NS(=O)(=O)c4ccco4)c3C2=O)C(=O)N1,FEMICTUJVMQRBV-UHFFFAOYSA-N,sulfonamide,*c1ccco1,389.39,0.84,125.8,2,6,4,2,0.235,0.747,5.0,3.0,4.29,True,False,False,False,True,True,False,False,False,False
GLUE0759,O=C1CCC(N2Cc3cccc(NC(=O)Cc4ccco4)c3C2=O)C(=O)N1,FXDCNVRNVXOVJS-UHFFFAOYSA-N,acetamide,*c1ccco1,367.36,1.22,108.7,2,5,4,2,0.263,0.79,5.0,3.5,4.82,True,False,False,False,True,True,True,True,False,False
GLUE0760,O=C1CCC(N2Cc3cccc(NC(=O)Nc4ccco4)c3C2=O)C(=O)N1,MBGNGTWVKPJOMQ-UHFFFAOYSA-N,urea,*c1ccco1,368.35,1.68,120.8,3,5,3,2,0.222,0.712,5.0,3.0,4.11,True,False,False,False,True,True,False,False,False,False
GLUE0761,O=C1CCC(N2Cc3cccc(NC(=O)Oc4ccco4)c3C2=O)C(=O)N1,AWFWQVXKVQMUPI-UHFFFAOYSA-N,carbamate,*c1ccco1,369.33,1.65,117.9,2,6,3,2,0.222,0.795,5.0,3.5,4.5,True,False,False,False,True,True,True,True,False,False
GLUE0762,Cc1c(Cl)ccc2[nH]c(C(=O)Nc3cccc4c3C(=O)N(C3CCC(=O)NC3=O)C4)nc12,MJJRLAADWIWFHM-UHFFFAOYSA-N,amide,*c1nc2c(C)c(Cl)ccc2[nH]1,451.87,2.54,124.3,3,5,3,3,0.227,0.528,5.0,3.0,3.49,False,True,False,False,True,True,False,False,False,False
GLUE0763,Cc1c(Cl)ccc2[nH]c(S(=O)(=O)Nc3cccc4c3C(=O)N(C3CCC(=O)NC3=O)C4)nc12,XVPOLTVBQOYQCI-UHFFFAOYSA-N,sulfonamide,*c1nc2c(C)c(Cl)ccc2[nH]1,487.93,2.09,141.3,3,6,4,3,0.238,0.481,5.0,3.0,3.25,False,True,False,False,True,True,False,False,False,False
GLUE0764,Cc1c(Cl)ccc2[nH]c(CC(=O)Nc3cccc4c3C(=O)N(C3CCC(=O)NC3=O)C4)nc12,RUDVZIQCGYUONB-UHFFFAOYSA-N,acetamide,*c1nc2c(C)c(Cl)ccc2[nH]1,465.9,2.47,124.3,3,5,4,3,0.261,0.51,5.0,3.0,3.41,False,True,False,False,True,True,False,False,False,False
GLUE0765,Cc1c(Cl)ccc2[nH]c(NC(=O)Nc3cccc4c3C(=O)N(C3CCC(=O)NC3=O)C4)nc12,SRSHGVOPQLBSAT-UHFFFAOYSA-N,urea,*c1nc2c(C)c(Cl)ccc2[nH]1,466.89,2.93,136.3,4,5,3,3,0.227,0.44,5.0,2.5,3.02,False,True,False,False,True,True,False,False,False,False
GLUE0766,Cc1c(Cl)ccc2[nH]c(OC(=O)Nc3cccc4c3C(=O)N(C3CCC(=O)NC3=O)C4)nc12,CAOHIUMFFXRBES-UHFFFAOYSA-N,carbamate,*c1nc2c(C)c(Cl)ccc2[nH]1,467.87,2.9,133.5,3,6,3,3,0.227,0.507,5.0,3.0,3.2,False,True,False,False,True,True,False,False,False,False
GLUE0767,CC(C(=O)[O-])C(=O)Nc1cccc2c1C(=O)N(C1CCC(=O)NC1=O)C2,IZBCUVLOQVFBHC-UHFFFAOYSA-M,amide,*C(C)C(=O)[O-],358.33,-1.23,135.7,2,6,4,1,0.353,0.511,5.0,3.5,4.5,True,False,False,False,True,True,False,True,False,False
GLUE0768,CC(C(=O)[O-])S(=O)(=O)Nc1cccc2c1C(=O)N(C1CCC(=O)NC1=O)C2,TWTRVVAFSBKWRC-UHFFFAOYSA-M,sulfonamide,*C(C)C(=O)[O-],394.39,-1.67,152.8,2,7,5,1,0.375,0.566,5.0,3.0,4.25,True,False,False,False,True,True,False,False,False,False
GLUE0769,CC(CC(=O)Nc1cccc2c1C(=O)N(C1CCC(=O)NC1=O)C2)C(=O)[O-],SORDLDIFRFWGKB-UHFFFAOYSA-M,acetamide,*C(C)C(=O)[O-],372.36,-0.84,135.7,2,6,5,1,0.389,0.647,5.0,3.0,4.41,True,False,False,False,True,True,False,False,False,False
GLUE0770,CC(NC(=O)Nc1cccc2c1C(=O)N(C1CCC(=O)NC1=O)C2)C(=O)[O-],JFQYWFSNSWXXIQ-UHFFFAOYSA-M,urea,*C(C)C(=O)[O-],373.35,-1.29,147.7,3,6,4,1,0.353,0.559,5.0,3.0,4.07,True,False,False,False,True,True,False,False,False,False
GLUE0771,CC(OC(=O)Nc1cccc2c1C(=O)N(C1CCC(=O)NC1=O)C2)C(=O)[O-],MCHYNMDUZMLDJU-UHFFFAOYSA-M,carbamate,*C(C)C(=O)[O-],374.33,-0.87,144.9,2,7,4,1,0.353,0.652,5.0,3.0,4.4,True,False,False,False,True,True,False,False,False,False
GLUE0772,NCCCC[C@H](N)C(=O)C(=O)Nc1cccc2c1C(=O)N(C1CCC(=O)NC1=O)C2,USDJSVQXIXAJPQ-NBFOIZRFSA-N,amide,*C(=O)[C@@H](N)CCCCN,415.45,-0.59,164.7,4,7,8,1,0.45,0.25,9.0,2.5,3.1,True,False,False,False,True,True,False,False,False,False
GLUE0773,NCCCC[C@H](N)C(=O)S(=O)(=O)Nc1cccc2c1C(=O)N(C1CCC(=O)NC1=O)C2,ANDLNHFKZPTIQV-NBFOIZRFSA-N,sulfonamide,*C(=O)[C@@H](N)CCCCN,451.51,-0.83,181.8,4,8,8,1,0.474,0.292,9.0,2.5,2.85,False,False,False,False,True,True,False,False,False,False
GLUE0774,NCCCC[C@H](N)C(=O)CC(=O)Nc1cccc2c1C(=O)N(C1CCC(=O)NC1=O)C2,UXYRRFZCZDONEV-CFMCSPIPSA-N,acetamide,*C(=O)[C@@H](N)CCCCN,429.48,-0.2,164.7,4,7,9,1,0.476,0.24,9.0,2.0,3.0,True,False,False,False,True,True,False,False,False,False
GLUE0775,NCCCC[C@H](N)C(=O)NC(=O)Nc1cccc2c1C(=O)N(C1CCC(=O)NC1=O)C2,LZTQFUMJYXQNBH-NBFOIZRFSA-N,urea,*C(=O)[C@@H](N)CCCCN,430.47,-0.45,176.7,5,7,7,1,0.45,0.287,9.0,2.5,3.0,True,False,False,False,True,True,False,False,False,False
GLUE0776,NCCCC[C@H](N)C(=O)OC(=O)Nc1cccc2c1C(=O)N(C1CCC(=O)NC1=O)C2,IQICQPOVMSFQKN-NBFOIZRFSA-N,carbamate,*C(=O)[C@@H](N)CCCCN,431.45,-0.02,173.9,4,8,7,1,0.45,0.202,9.0,2.5,2.99,True,False,False,False,True,True,False,False,False,False
GLUE0777,O=C1CCC(N2Cc3cccc(NC(=O)CC(Cl)(Cl)Cl)c3C2=O)C(=O)N1,YFZSZDNSJXTJGD-UHFFFAOYSA-N,amide,*CC(Cl)(Cl)Cl,418.66,2.15,95.6,2,4,3,1,0.375,0.581,5.0,3.5,4.89,True,True,False,False,True,True,True,True,False,True
GLUE0778,O=C1CCC(N2Cc3cccc(NS(=O)(=O)CC(Cl)(Cl)Cl)c3C2=O)C(=O)N1,PQVYBXQUVLVBOT-UHFFFAOYSA-N,sulfonamide,*CC(Cl)(Cl)Cl,454.72,1.56,112.7,2,5,4,1,0.4,0.529,5.0,3.5,4.07,False,False,False,False,True,True,True,True,False,False
GLUE0779,O=C1CCC(N2Cc3cccc(NC(=O)CCC(Cl)(Cl)Cl)c3C2=O)C(=O)N1,IBVDOSFTTDFYMJ-UHFFFAOYSA-N,acetamide,*CC(Cl)(Cl)Cl,432.69,2.54,95.6,2,4,4,1,0.412,0.564,5.0,3.5,4.78,True,True,False,False,True,True,True,True,False,True
GLUE0780,O=C1CCC(N2Cc3cccc(NC(=O)NCC(Cl)(Cl)Cl)c3C2=O)C(=O)N1,JHWGHCZZCAGIFG-UHFFFAOYSA-N,urea,*CC(Cl)(Cl)Cl,433.68,1.94,107.6,3,4,3,1,0.375,0.5,5.0,3.5,4.05,True,False,False,False,True,True,True,True,False,False
GLUE0781,O=C1CCC(N2Cc3cccc(NC(=O)OCC(Cl)(Cl)Cl)c3C2=O)C(=O)N1,KFSFANYVQPWBAZ-UHFFFAOYSA-N,carbamate,*CC(Cl)(Cl)Cl,434.66,2.37,104.8,2,5,3,1,0.375,0.561,5.0,3.5,4.47,True,True,False,False,True,True,True,True,False,True
GLUE0782,CCC#CC(C)C(=O)Nc1cccc2c1C(=O)N(C1CCC(=O)NC1=O)C2,WQQZINBGVMHISW-UHFFFAOYSA-N,amide,*C(C)C#CCC,367.41,1.44,95.6,2,4,3,1,0.4,0.624,5.0,3.5,5.26,True,False,False,False,True,True,True,True,False,False
GLUE0783,CCC#CC(C)S(=O)(=O)Nc1cccc2c1C(=O)N(C1CCC(=O)NC1=O)C2,SBBPFKNWBXOVGE-UHFFFAOYSA-N,sulfonamide,*C(C)C#CCC,403.46,0.99,112.7,2,5,4,1,0.421,0.575,5.0,3.5,4.43,True,False,False,False,True,True,True,True,False,False
GLUE0784,CCC#CC(C)CC(=O)Nc1cccc2c1C(=O)N(C1CCC(=O)NC1=O)C2,VEYMGXCGMCPZNI-UHFFFAOYSA-N,acetamide,*C(C)C#CCC,381.43,1.83,95.6,2,4,4,1,0.429,0.614,5.0,3.5,5.16,True,False,False,False,True,True,True,True,False,False
GLUE0785,CCC#CC(C)NC(=O)Nc1cccc2c1C(=O)N(C1CCC(=O)NC1=O)C2,PHECTGZDKWADRD-UHFFFAOYSA-N,urea,*C(C)C#CCC,382.42,1.37,107.6,3,4,3,1,0.4,0.542,5.0,3.5,4.42,True,False,False,False,True,True,True,True,False,False
GLUE0786,CCC#CC(C)OC(=O)Nc1cccc2c1C(=O)N(C1CCC(=O)NC1=O)C2,BUINHMNSVBZWDJ-UHFFFAOYSA-N,carbamate,*C(C)C#CCC,383.4,1.8,104.8,2,5,3,1,0.4,0.612,5.0,3.5,4.84,True,False,False,False,True,True,True,True,False,False
GLUE0787,Nc1ccc(C(=O)Nc2cccc3c2C(=O)N(C2CCC(=O)NC2=O)C3)c(Cl)c1,MQDUCLOPRVMUDD-UHFFFAOYSA-N,amide,*c1ccc(N)cc1Cl,412.83,1.94,121.6,3,5,3,2,0.2,0.525,4.5,3.0,3.79,True,False,False,False,True,True,False,False,False,False
GLUE0788,Nc1ccc(S(=O)(=O)Nc2cccc3c2C(=O)N(C2CCC(=O)NC2=O)C3)c(Cl)c1,BJRMMGPESIYUKF-UHFFFAOYSA-N,sulfonamide,*c1ccc(N)cc1Cl,448.89,1.48,138.7,3,6,4,2,0.211,0.478,4.5,3.0,3.53,True,False,False,False,True,True,False,False,False,False
GLUE0789,Nc1ccc(CC(=O)Nc2cccc3c2C(=O)N(C2CCC(=O)NC2=O)C3)c(Cl)c1,WHNREANSGBABLL-UHFFFAOYSA-N,acetamide,*c1ccc(N)cc1Cl,426.86,1.86,121.6,3,5,4,2,0.238,0.509,4.5,3.0,3.69,True,False,False,False,True,True,False,False,False,False
GLUE0790,Nc1ccc(NC(=O)Nc2cccc3c2C(=O)N(C2CCC(=O)NC2=O)C3)c(Cl)c1,IRVMBUCLUASGCX-UHFFFAOYSA-N,urea,*c1ccc(N)cc1Cl,427.85,2.33,133.6,4,5,3,2,0.2,0.44,4.5,2.5,3.52,True,True,False,False,True,True,False,False,False,False
GLUE0791,Nc1ccc(OC(=O)Nc2cccc3c2C(=O)N(C2CCC(=O)NC2=O)C3)c(Cl)c1,SMCFGGUJGXZEOJ-UHFFFAOYSA-N,carbamate,*c1ccc(N)cc1Cl,428.83,2.29,130.8,3,6,3,2,0.2,0.507,4.5,3.0,3.68,True,True,False,False,True,True,False,False,False,False
GLUE0792,Nc1nc([O-])c2ncn(C(=O)Nc3cccc4c3C(=O)N(C3CCC(=O)NC3=O)C4)c2n1,VSPQVELMKYEMQG-UHFFFAOYSA-M,amide,*n1cnc2c([O-])nc(N)nc21,435.38,-0.68,188.3,3,9,2,3,0.211,0.438,4.5,3.0,3.63,True,False,False,False,True,True,False,False,False,False
GLUE0793,Nc1nc([O-])c2ncn(S(=O)(=O)Nc3cccc4c3C(=O)N(C3CCC(=O)NC3=O)C4)c2n1,LJDPVRFUQSSJLT-UHFFFAOYSA-M,sulfonamide,*n1cnc2c([O-])nc(N)nc21,471.44,-1.55,205.3,3,10,4,3,0.222,0.373,4.5,3.0,3.37,False,False,False,False,True,True,False,False,False,False
GLUE0794,Nc1nc([O-])c2ncn(CC(=O)Nc3cccc4c3C(=O)N(C3CCC(=O)NC3=O)C4)c2n1,ZXBGXCWVRGHXCL-UHFFFAOYSA-M,acetamide,*n1cnc2c([O-])nc(N)nc21,449.41,-1.12,188.3,3,9,4,3,0.25,0.414,4.5,3.0,3.53,True,False,False,False,True,True,False,False,False,False
GLUE0795,Nc1nc([O-])c2ncn(NC(=O)Nc3cccc4c3C(=O)N(C3CCC(=O)NC3=O)C4)c2n1,UTLXJQWIDYJPGY-UHFFFAOYSA-M,urea,*n1cnc2c([O-])nc(N)nc21,450.4,-0.98,200.3,4,9,3,3,0.211,0.362,4.5,2.5,3.35,False,False,False,False,True,True,False,False,False,False
GLUE0796,Nc1nc([O-])c2ncn(OC(=O)Nc3cccc4c3C(=O)N(C3CCC(=O)NC3=O)C4)c2n1,RLDFHADOIVUYHT-UHFFFAOYSA-M,carbamate,*n1cnc2c([O-])nc(N)nc21,451.38,-1.1,197.5,3,10,3,3,0.211,0.411,4.5,3.0,3.51,False,False,False,False,True,True,False,False,False,False
GLUE0797,N#Cc1ccccc1C(=O)Nc1cccc2c1C(=O)N(C1CCC(=O)NC1=O)C2,VNWRXDOPFIWDKV-UHFFFAOYSA-N,amide,*c1ccccc1C#N,388.38,1.57,119.4,2,5,3,2,0.19,0.774,5.0,3.5,4.32,True,False,False,False,True,True,True,True,False,False
GLUE0798,N#Cc1ccccc1S(=O)(=O)Nc1cccc2c1C(=O)N(C1CCC(=O)NC1=O)C2,BLCFNJLOIIZCNU-UHFFFAOYSA-N,sulfonamide,*c1ccccc1C#N,424.44,1.12,136.4,2,6,4,2,0.2,0.706,5.0,3.0,4.04,True,False,False,False,True,True,False,False,False,False
GLUE0799,N#Cc1ccccc1CC(=O)Nc1cccc2c1C(=O)N(C1CCC(=O)NC1=O)C2,MUFIOGNHOBAJOO-UHFFFAOYSA-N,acetamide,*c1ccccc1C#N,402.41,1.5,119.4,2,5,4,2,0.227,0.751,5.0,3.5,4.22,True,False,False,False,True,True,True,True,False,False
GLUE0800,N#Cc1ccccc1NC(=O)Nc1cccc2c1C(=O)N(C1CCC(=O)NC1=O)C2,UBPMARUHDWIMBA-UHFFFAOYSA-N,urea,*c1ccccc1C#N,403.4,1.96,131.4,3,5,3,2,0.19,0.674,5.0,3.0,3.86,True,False,False,False,True,True,False,False,False,False
GLUE0801,N#Cc1ccccc1OC(=O)Nc1cccc2c1C(=O)N(C1CCC(=O)NC1=O)C2,BWHNNYFCRJFCHT-UHFFFAOYSA-N,carbamate,*c1ccccc1C#N,404.38,1.93,128.6,2,6,3,2,0.19,0.752,5.0,3.0,4.18,True,False,False,False,True,True,False,False,False,False
GLUE0802,O=C1CCC(N2Cc3cccc(NC(=O)[C@H]4CCCCN4)c3C2=O)C(=O)N1,MXXRHAFJNPIFFX-KWCCSABGSA-N,amide,*[C@H]1CCCCN1,370.41,0.53,107.6,3,5,3,1,0.474,0.673,9.0,3.5,4.01,True,False,False,False,True,True,True,True,False,False
GLUE0803,O=C1CCC(N2Cc3cccc(NS(=O)(=O)[C@H]4CCCCN4)c3C2=O)C(=O)N1,QJDWDUSQVZMPBN-WUJWULDRSA-N,sulfonamide,*[C@H]1CCCCN1,406.46,0.29,124.7,3,6,4,1,0.5,0.617,9.0,3.0,3.33,True,False,False,False,True,True,False,False,False,False
GLUE0804,O=C1CCC(N2Cc3cccc(NC(=O)C[C@H]4CCCCN4)c3C2=O)C(=O)N1,MJXNXDNJULPUIM-AFYYWNPRSA-N,acetamide,*[C@H]1CCCCN1,384.44,0.92,107.6,3,5,4,1,0.5,0.669,9.0,3.5,3.91,True,False,False,False,True,True,True,True,False,False
GLUE0805,O=C1CCC(N2Cc3cccc(NC(=O)N[C@H]4CCCCN4)c3C2=O)C(=O)N1,AIBSFMBUSCXYJP-KZUDCZAMSA-N,urea,*[C@H]1CCCCN1,385.42,0.67,119.6,4,5,3,1,0.474,0.57,9.0,3.0,3.33,True,False,False,False,True,True,True,False,False,False
GLUE0806,O=C1CCC(N2Cc3cccc(NC(=O)O[C@H]4CCCCN4)c3C2=O)C(=O)N1,PIUUVZWAWPJBOZ-WUJWULDRSA-N,carbamate,*[C@H]1CCCCN1,386.41,1.1,116.8,3,6,3,1,0.474,0.67,9.0,3.5,3.58,True,False,False,False,True,True,True,True,False,False
GLUE0807,Cc1ccc(S(=O)(=O)C(=O)Nc2cccc3c2C(=O)N(C2CCC(=O)NC2=O)C3)cc1,FWVQXVKOFGQGIJ-UHFFFAOYSA-N,amide,*S(=O)(=O)c1ccc(C)cc1,441.47,1.76,129.7,2,6,3,2,0.238,0.698,5.0,3.0,3.92,True,False,False,False,True,True,False,False,False,False
GLUE0808,Cc1ccc(S(=O)(=O)S(=O)(=O)Nc2cccc3c2C(=O)N(C2CCC(=O)NC2=O)C3)cc1,WXDPAXLUWGUHJR-UHFFFAOYSA-N,sulfonamide,*S(=O)(=O)c1ccc(C)cc1,477.52,0.89,146.8,2,7,5,2,0.25,0.48,5.0,3.0,3.66,False,False,False,False,True,True,False,False,False,False
GLUE0809,Cc1ccc(S(=O)(=O)CC(=O)Nc2cccc3c2C(=O)N(C2CCC(=O)NC2=O)C3)cc1,XZKCECKMUSFYGT-UHFFFAOYSA-N,acetamide,*S(=O)(=O)c1ccc(C)cc1,455.49,1.17,129.7,2,6,5,2,0.273,0.651,5.0,3.0,3.82,False,False,False,False,True,True,False,False,False,False
GLUE0810,Cc1ccc(S(=O)(=O)NC(=O)Nc2cccc3c2C(=O)N(C2CCC(=O)NC2=O)C3)cc1,FTJYWDIZENBCQK-UHFFFAOYSA-N,urea,*S(=O)(=O)c1ccc(C)cc1,456.48,1.27,141.8,3,6,4,2,0.238,0.592,5.0,3.0,3.48,False,False,False,False,True,True,False,False,False,False
GLUE0811,Cc1ccc(S(=O)(=O)OC(=O)Nc2cccc3c2C(=O)N(C2CCC(=O)NC2=O)C3)cc1,CBSQFGSFLGQILI-UHFFFAOYSA-N,carbamate,*S(=O)(=O)c1ccc(C)cc1,457.46,1.69,138.9,2,7,4,2,0.238,0.526,5.0,3.0,3.8,False,False,False,False,True,True,False,False,False,False
GLUE0812,C[C@H](CCC(=O)O)C(=O)Nc1cccc2c1C(=O)N(C1CCC(=O)NC1=O)C2,NJOLMVYCMBFSGV-VUUHIHSGSA-N,amide,*[C@H](C)CCC(=O)O,387.39,0.89,132.9,3,5,6,1,0.421,0.621,5.0,3.0,3.97,True,False,False,False,True,True,False,False,False,False
GLUE0813,C[C@H](CCC(=O)O)S(=O)(=O)Nc1cccc2c1C(=O)N(C1CCC(=O)NC1=O)C2,AXXVIATZQJNUOM-VUUHIHSGSA-N,sulfonamide,*[C@H](C)CCC(=O)O,423.45,0.44,149.9,3,6,7,1,0.444,0.539,5.0,3.0,3.71,True,False,False,False,True,True,False,False,False,False
GLUE0814,C[C@H](CCC(=O)O)CC(=O)Nc1cccc2c1C(=O)N(C1CCC(=O)NC1=O)C2,KCEBUXPNGLBSSC-YNODCEANSA-N,acetamide,*[C@H](C)CCC(=O)O,401.42,1.28,132.9,3,5,7,1,0.45,0.59,5.0,3.0,3.87,True,False,False,False,True,True,False,False,False,False
GLUE0815,C[C@H](CCC(=O)O)NC(=O)Nc1cccc2c1C(=O)N(C1CCC(=O)NC1=O)C2,PGDGVVUKGFDCHN-VUUHIHSGSA-N,urea,*[C@H](C)CCC(=O)O,402.41,0.82,144.9,4,5,6,1,0.421,0.519,5.0,2.5,3.7,True,False,False,False,True,True,False,False,False,False
GLUE0816,C[C@H](CCC(=O)O)OC(=O)Nc1cccc2c1C(=O)N(C1CCC(=O)NC1=O)C2,QKKMCDSAJTWPRR-VUUHIHSGSA-N,carbamate,*[C@H](C)CCC(=O)O,403.39,1.25,142.1,3,6,6,1,0.421,0.607,5.0,3.0,3.86,True,False,False,False,True,True,False,False,False,False
GLUE0817,O=C1CCC(N2Cc3cccc(NC(=O)c4ccc(F)c(Cl)c4)c3C2=O)C(=O)N1,IMDFCEPLCWQDNB-UHFFFAOYSA-N,amide,*c1ccc(F)c(Cl)c1,415.81,2.49,95.6,2,4,3,2,0.2,0.753,5.0,3.5,4.92,True,True,False,False,True,True,True,True,False,True
GLUE0818,O=C1CCC(N2Cc3cccc(NS(=O)(=O)c4ccc(F)c(Cl)c4)c3C2=O)C(=O)N1,PGKYINULLHEHJN-UHFFFAOYSA-N,sulfonamide,*c1ccc(F)c(Cl)c1,451.86,2.04,112.7,2,5,4,2,0.211,0.691,5.0,3.5,4.09,False,True,False,False,True,True,True,True,False,False
GLUE0819,O=C1CCC(N2Cc3cccc(NC(=O)Cc4ccc(F)c(Cl)c4)c3C2=O)C(=O)N1,CJNCPWQYQJGWLK-UHFFFAOYSA-N,acetamide,*c1ccc(F)c(Cl)c1,429.84,2.42,95.6,2,4,4,2,0.238,0.73,5.0,3.5,4.82,True,True,False,False,True,True,True,True,False,True
GLUE0820,O=C1CCC(N2Cc3cccc(NC(=O)Nc4ccc(F)c(Cl)c4)c3C2=O)C(=O)N1,ZARIHEAWTQHACT-UHFFFAOYSA-N,urea,*c1ccc(F)c(Cl)c1,430.82,2.88,107.6,3,4,3,2,0.2,0.651,5.0,3.5,3.88,True,True,False,False,True,True,True,True,False,True
GLUE0821,O=C1CCC(N2Cc3cccc(NC(=O)Oc4ccc(F)c(Cl)c4)c3C2=O)C(=O)N1,DQDTYZXJZORAQT-UHFFFAOYSA-N,carbamate,*c1ccc(F)c(Cl)c1,431.81,2.85,104.8,2,5,3,2,0.2,0.727,5.0,3.5,4.32,True,True,False,False,True,True,True,True,False,True
GLUE0822,Cc1ncc(C(=O)Nc2cccc3c2C(=O)N(C2CCC(=O)NC2=O)C3)c(N)n1,AFTLBFHBPPEJRW-UHFFFAOYSA-N,amide,*c1cnc(C)nc1N,394.39,0.38,147.4,3,7,3,2,0.263,0.638,4.5,3.0,3.92,True,False,False,False,True,True,False,False,False,False
GLUE0823,Cc1ncc(S(=O)(=O)Nc2cccc3c2C(=O)N(C2CCC(=O)NC2=O)C3)c(N)n1,AYYVEKDPXROSAU-UHFFFAOYSA-N,sulfonamide,*c1cnc(C)nc1N,430.45,-0.07,164.4,3,8,4,2,0.278,0.567,4.5,3.0,3.66,True,False,False,False,True,True,False,False,False,False
GLUE0824,Cc1ncc(CC(=O)Nc2cccc3c2C(=O)N(C2CCC(=O)NC2=O)C3)c(N)n1,SVXZFHIUTDQJMQ-UHFFFAOYSA-N,acetamide,*c1cnc(C)nc1N,408.42,0.31,147.4,3,7,4,2,0.3,0.617,4.5,3.0,3.82,True,False,False,False,True,True,False,False,False,False
GLUE0825,Cc1ncc(NC(=O)Nc2cccc3c2C(=O)N(C2CCC(=O)NC2=O)C3)c(N)n1,YUGZCVIIMFUABK-UHFFFAOYSA-N,urea,*c1cnc(C)nc1N,409.41,0.77,159.4,4,7,3,2,0.263,0.545,4.5,2.5,3.65,True,False,False,False,True,True,False,False,False,False
GLUE0826,Cc1ncc(OC(=O)Nc2cccc3c2C(=O)N(C2CCC(=O)NC2=O)C3)c(N)n1,NZOHQHXIXCBCFB-UHFFFAOYSA-N,carbamate,*c1cnc(C)nc1N,410.39,0.74,156.6,3,8,3,2,0.263,0.625,4.5,3.0,3.81,True,False,False,False,True,True,False,False,False,False
GLUE0827,CC(C)CCS(=O)(=O)Nc1cccc2c1C(=O)N(C1CCC(=O)NC1=O)C2,SAQMPHRNQGWAJU-UHFFFAOYSA-N,sulfonamide,*CCC(C)C,393.47,1.24,112.7,2,5,6,1,0.5,0.706,5.0,3.5,4.51,True,False,False,False,True,True,True,True,False,False
GLUE0828,CC(C)CCCC(=O)Nc1cccc2c1C(=O)N(C1CCC(=O)NC1=O)C2,HFFRYFCJCBGRPI-UHFFFAOYSA-N,acetamide,*CCC(C)C,371.44,2.21,95.6,2,4,6,1,0.5,0.75,5.0,3.5,5.23,True,True,False,False,True,True,True,True,False,True
GLUE0829,CC(C)CCNC(=O)Nc1cccc2c1C(=O)N(C1CCC(=O)NC1=O)C2,ARLPAZVIWZZFPW-UHFFFAOYSA-N,urea,*CCC(C)C,372.43,1.62,107.6,3,4,5,1,0.474,0.683,5.0,3.5,4.49,True,False,False,False,True,True,True,True,False,False
GLUE0830,CC(C)CCOC(=O)Nc1cccc2c1C(=O)N(C1CCC(=O)NC1=O)C2,LXYDFIGVXINXRU-UHFFFAOYSA-N,carbamate,*CCC(C)C,373.41,2.04,104.8,2,5,5,1,0.474,0.769,5.0,3.5,4.91,True,True,False,False,True,True,True,True,False,True
GLUE0831,CC(O)CC(=O)Nc1cccc2c1C(=O)N(C1CCC(=O)NC1=O)C2,WUYRIAOCBXOWJO-UHFFFAOYSA-N,amide,*CC(C)O,345.36,0.16,115.8,3,5,4,1,0.412,0.672,5.0,4.0,4.31,True,False,False,True,True,True,True,True,False,False
GLUE0832,CC(O)CS(=O)(=O)Nc1cccc2c1C(=O)N(C1CCC(=O)NC1=O)C2,FAVDDJWCVAPRJI-UHFFFAOYSA-N,sulfonamide,*CC(C)O,381.41,-0.43,132.9,3,6,5,1,0.438,0.593,5.0,3.0,4.01,True,False,False,False,True,True,False,False,False,False
GLUE0833,CC(O)CCC(=O)Nc1cccc2c1C(=O)N(C1CCC(=O)NC1=O)C2,UUABEGYNYSOJCJ-UHFFFAOYSA-N,acetamide,*CC(C)O,359.38,0.55,115.8,3,5,5,1,0.444,0.664,5.0,4.0,4.31,True,False,False,True,True,True,True,True,False,False
GLUE0834,CC(O)CNC(=O)Nc1cccc2c1C(=O)N(C1CCC(=O)NC1=O)C2,WZUICFOUPLZDBL-UHFFFAOYSA-N,urea,*CC(C)O,360.37,-0.05,127.8,4,5,4,1,0.412,0.56,5.0,2.5,4.0,True,False,False,False,True,True,False,False,False,False
GLUE0835,CC(O)COC(=O)Nc1cccc2c1C(=O)N(C1CCC(=O)NC1=O)C2,LRUJONVZNWVMME-UHFFFAOYSA-N,carbamate,*CC(C)O,361.35,0.38,125.0,3,6,4,1,0.412,0.666,5.0,3.0,4.16,True,False,False,False,True,True,False,False,False,False
GLUE0836,O=C1CCC(N2Cc3cccc(NC(=O)O/N=C(\Cl)c4ccc[n+]([O-])c4)c3C2=O)C(=O)N1,CIRZLELQYYIRBS-ULJHMMPZSA-N,amide,*O/N=C(\Cl)c1ccc[n+]([O-])c1,457.83,1.23,144.1,2,7,4,2,0.2,0.176,5.0,3.0,3.8,False,False,False,False,True,True,False,False,False,False
GLUE0837,O=C1CCC(N2Cc3cccc(NS(=O)(=O)O/N=C(\Cl)c4ccc[n+]([O-])c4)c3C2=O)C(=O)N1,KBGWDEFHGUIXAX-XLNRJJMWSA-N,sulfonamide,*O/N=C(\Cl)c1ccc[n+]([O-])c1,493.89,0.35,161.2,2,8,6,2,0.211,0.193,5.0,3.0,3.54,False,False,False,False,True,True,False,False,False,False
GLUE0838,O=C1CCC(N2Cc3cccc(NC(=O)CO/N=C(\Cl)c4ccc[n+]([O-])c4)c3C2=O)C(=O)N1,KRAACPXNLFNXPH-PLRJNAJWSA-N,acetamide,*O/N=C(\Cl)c1ccc[n+]([O-])c1,471.86,0.64,144.1,2,7,6,2,0.238,0.208,5.0,3.0,3.7,False,False,False,False,True,True,False,False,False,False
GLUE0839,O=C1CCC(N2Cc3cccc(NC(=O)NO/N=C(\Cl)c4ccc[n+]([O-])c4)c3C2=O)C(=O)N1,JPVLYGNFFUEFHF-ULJHMMPZSA-N,urea,*O/N=C(\Cl)c1ccc[n+]([O-])c1,472.85,0.73,156.1,3,7,5,2,0.2,0.191,5.0,3.0,3.36,False,False,False,False,True,True,False,False,False,False
GLUE0840,O=C1CCC(N2Cc3cccc(NC(=O)OO/N=C(\Cl)c4ccc[n+]([O-])c4)c3C2=O)C(=O)N1,BZSUCRZPKNZKNJ-ULJHMMPZSA-N,carbamate,*O/N=C(\Cl)c1ccc[n+]([O-])c1,473.83,1.16,153.3,2,8,5,2,0.2,0.165,5.0,3.0,3.69,False,False,False,False,True,True,False,False,False,False
GLUE0841,CN1CCC[C@@H]1C(=O)Nc1cccc2c1C(=O)N(C1CCC(=O)NC1=O)C2,BZPCYPGQXWPMEX-KWCCSABGSA-N,amide,*[C@H]1CCCN1C,370.41,0.48,98.8,2,5,3,1,0.474,0.754,9.5,3.5,4.38,True,False,False,False,True,True,True,True,False,False
GLUE0842,CN1CCC[C@@H]1S(=O)(=O)Nc1cccc2c1C(=O)N(C1CCC(=O)NC1=O)C2,NCQSUMNLROCSHV-WUJWULDRSA-N,sulfonamide,*[C@H]1CCCN1C,406.46,0.24,115.9,2,6,4,1,0.5,0.692,9.5,3.5,3.56,True,False,False,False,True,True,True,True,False,False
GLUE0843,CN1CCC[C@@H]1CC(=O)Nc1cccc2c1C(=O)N(C1CCC(=O)NC1=O)C2,AKWMUSOJRKSJKK-AFYYWNPRSA-N,acetamide,*[C@H]1CCCN1C,384.44,0.87,98.8,2,5,4,1,0.5,0.751,9.5,3.5,4.28,True,False,False,False,True,True,True,True,False,False
GLUE0844,CN1CCC[C@@H]1NC(=O)Nc1cccc2c1C(=O)N(C1CCC(=O)NC1=O)C2,JSSFRXJQRDLOBT-ARLHGKGLSA-N,urea,*[C@H]1CCCN1C,385.42,0.62,110.8,3,5,3,1,0.474,0.661,9.5,3.5,3.54,True,False,False,False,True,True,True,True,False,False
GLUE0845,CN1CCC[C@@H]1OC(=O)Nc1cccc2c1C(=O)N(C1CCC(=O)NC1=O)C2,AJRRMPUPABLRFF-WUJWULDRSA-N,carbamate,*[C@H]1CCCN1C,386.41,1.05,108.1,2,6,3,1,0.474,0.752,9.5,3.5,3.96,True,False,False,False,True,True,True,True,False,False
GLUE0846,O=C1CCC(N2Cc3cccc(NC(=O)n4ccnc4)c3C2=O)C(=O)N1,NALDMBQWAZOXCW-UHFFFAOYSA-N,amide,*n1ccnc1,353.34,0.72,113.4,2,5,2,2,0.235,0.773,5.0,4.0,4.72,True,False,False,True,True,True,True,True,False,False
GLUE0847,O=C1CCC(N2Cc3cccc(NS(=O)(=O)n4ccnc4)c3C2=O)C(=O)N1,LTRNCDKAGXKYJJ-UHFFFAOYSA-N,sulfonamide,*n1ccnc1,389.39,-0.15,130.5,2,6,4,2,0.25,0.7,5.0,3.0,4.29,True,False,False,False,True,True,False,False,False,False
GLUE0848,O=C1CCC(N2Cc3cccc(NC(=O)Cn4ccnc4)c3C2=O)C(=O)N1,QACZZYTUIJRRTQ-UHFFFAOYSA-N,acetamide,*n1ccnc1,367.37,0.28,113.4,2,5,4,2,0.278,0.754,5.0,3.5,4.67,True,False,False,False,True,True,True,True,False,False
GLUE0849,O=C1CCC(N2Cc3cccc(NC(=O)Nn4ccnc4)c3C2=O)C(=O)N1,KZGJOHNTARWRRF-UHFFFAOYSA-N,urea,*n1ccnc1,368.35,0.42,125.4,3,5,3,2,0.235,0.677,5.0,3.0,4.11,True,False,False,False,True,True,False,False,False,False
GLUE0850,O=C1CCC(N2Cc3cccc(NC(=O)On4ccnc4)c3C2=O)C(=O)N1,NSNJSACDWIZSDM-UHFFFAOYSA-N,carbamate,*n1ccnc1,369.34,0.3,122.6,2,6,3,2,0.235,0.751,5.0,3.0,4.43,True,False,False,False,True,True,False,False,False,False
GLUE0851,CC(C)(C)[C@@](C)(O)C(=O)Nc1cccc2c1C(=O)N(C1CCC(=O)NC1=O)C2,WBEOYBNBSTZQEI-JDOQCHFPSA-N,amide,*[C@](C)(O)C(C)(C)C,387.44,1.18,115.8,3,5,3,1,0.5,0.674,5.0,3.5,4.11,True,False,False,False,True,True,True,True,False,False
GLUE0852,CC(C)(C)[C@@](C)(O)S(=O)(=O)Nc1cccc2c1C(=O)N(C1CCC(=O)NC1=O)C2,KBWWPIBYCOZIEB-YFKXAPIDSA-N,sulfonamide,*[C@](C)(O)C(C)(C)C,423.49,0.94,132.9,3,6,4,1,0.526,0.618,5.0,3.0,3.71,True,False,False,False,True,True,False,False,False,False
GLUE0853,CC(C)(C)[C@@](C)(O)CC(=O)Nc1cccc2c1C(=O)N(C1CCC(=O)NC1=O)C2,QCMVHJWZCZHNOZ-YNNZGITBSA-N,acetamide,*[C@](C)(O)C(C)(C)C,401.46,1.57,115.8,3,5,4,1,0.524,0.663,5.0,3.5,4.01,True,False,False,False,True,True,True,True,False,False
GLUE0854,CC(C)(C)[C@@](C)(O)NC(=O)Nc1cccc2c1C(=O)N(C1CCC(=O)NC1=O)C2,RWZFSTHANKHYDY-LCNBYPMKSA-N,urea,*[C@](C)(O)C(C)(C)C,402.45,1.32,127.8,4,5,3,1,0.5,0.448,5.0,2.5,3.7,True,False,False,False,True,True,False,False,False,False
GLUE0855,CC(C)(C)[C@@](C)(O)OC(=O)Nc1cccc2c1C(=O)N(C1CCC(=O)NC1=O)C2,HOBWZRRXZZXSQK-JDOQCHFPSA-N,carbamate,*[C@](C)(O)C(C)(C)C,403.44,1.75,125.0,3,6,3,1,0.5,0.522,5.0,3.0,3.86,True,False,False,False,True,True,False,False,False,False
GLUE0856,CCCCCS(=O)(=O)Nc1cccc2c1C(=O)N(C1CCC(=O)NC1=O)C2,FUDDQGHWIOQLCZ-UHFFFAOYSA-N,sulfonamide,*CCCCC,393.47,1.38,112.7,2,5,7,1,0.5,0.537,5.0,3.5,4.51,True,False,False,False,True,True,True,True,False,False
GLUE0857,CCCCCNC(=O)Nc1cccc2c1C(=O)N(C1CCC(=O)NC1=O)C2,BHTRKVJGTFRLID-UHFFFAOYSA-N,urea,*CCCCC,372.43,1.76,107.6,3,4,6,1,0.474,0.522,5.0,3.5,4.49,True,False,False,False,True,True,True,True,False,False
GLUE0858,CCCCCOC(=O)Nc1cccc2c1C(=O)N(C1CCC(=O)NC1=O)C2,CKHIZYUSUZNILC-UHFFFAOYSA-N,carbamate,*CCCCC,373.41,2.19,104.8,2,5,6,1,0.474,0.587,5.0,3.5,4.91,True,True,False,False,True,True,True,True,False,True
GLUE0859,C[N+]1(C)CCC(C(=O)Nc2cccc3c2C(=O)N(C2CCC(=O)NC2=O)C3)C1,XHCYUAWPFYDQKE-UHFFFAOYSA-O,amide,*C1CC[N+](C)(C)C1,385.44,0.48,95.6,2,4,3,1,0.5,0.585,5.0,3.5,5.13,True,False,False,False,True,True,True,True,False,False
GLUE0860,C[N+]1(C)CCC(S(=O)(=O)Nc2cccc3c2C(=O)N(C2CCC(=O)NC2=O)C3)C1,KCQNNTBGFHYSFO-UHFFFAOYSA-O,sulfonamide,*C1CC[N+](C)(C)C1,421.5,0.04,112.7,2,5,4,1,0.526,0.527,5.0,3.5,4.31,True,False,False,False,True,True,True,True,False,False
GLUE0861,C[N+]1(C)CCC(CC(=O)Nc2cccc3c2C(=O)N(C2CCC(=O)NC2=O)C3)C1,UUGSHOILFVLPSF-UHFFFAOYSA-O,acetamide,*C1CC[N+](C)(C)C1,399.47,0.87,95.6,2,4,4,1,0.524,0.58,5.0,3.5,5.03,True,False,False,False,True,True,True,True,False,False
GLUE0862,C[N+]1(C)CCC(NC(=O)Nc2cccc3c2C(=O)N(C2CCC(=O)NC2=O)C3)C1,POGAXQYGSDPUBU-UHFFFAOYSA-O,urea,*C1CC[N+](C)(C)C1,400.46,0.42,107.6,3,4,3,1,0.5,0.505,5.0,3.5,4.29,True,False,False,False,True,True,True,True,False,False
GLUE0863,C[N+]1(C)CCC(OC(=O)Nc2cccc3c2C(=O)N(C2CCC(=O)NC2=O)C3)C1,VUHLXTLMCZOCRY-UHFFFAOYSA-O,carbamate,*C1CC[N+](C)(C)C1,401.44,0.84,104.8,2,5,3,1,0.5,0.577,5.0,3.5,4.71,True,False,False,False,True,True,True,True,False,False
GLUE0864,O=C1CCC(N2Cc3cccc(NC(=O)c4c(O)c5ccccc5oc4=O)c3C2=O)C(=O)N1,RXZQNPDKMPLCLL-UHFFFAOYSA-N,amide,*c1c(O)c2ccccc2oc1=O,447.4,1.51,146.0,3,7,3,3,0.174,0.407,5.0,3.0,3.54,True,False,False,False,True,True,False,False,False,False
GLUE0865,O=C1CCC(N2Cc3cccc(NS(=O)(=O)c4c(O)c5ccccc5oc4=O)c3C2=O)C(=O)N1,STAQPWBHTWGOKC-UHFFFAOYSA-N,sulfonamide,*c1c(O)c2ccccc2oc1=O,483.46,1.06,163.1,3,8,4,3,0.182,0.366,5.0,3.0,3.28,False,False,False,False,True,True,False,False,False,False
GLUE0866,O=C1CCC(N2Cc3cccc(NC(=O)Cc4c(O)c5ccccc5oc4=O)c3C2=O)C(=O)N1,NELJRMTUCRPUIH-UHFFFAOYSA-N,acetamide,*c1c(O)c2ccccc2oc1=O,461.43,1.44,146.0,3,7,4,3,0.208,0.394,5.0,3.0,3.44,False,False,False,False,True,True,False,False,False,False
GLUE0867,O=C1CCC(N2Cc3cccc(NC(=O)Nc4c(O)c5ccccc5oc4=O)c3C2=O)C(=O)N1,JHOQXICUNQBXEE-UHFFFAOYSA-N,urea,*c1c(O)c2ccccc2oc1=O,462.42,1.9,158.0,4,7,3,3,0.174,0.342,5.0,2.5,3.27,False,False,False,False,True,True,False,False,False,False
GLUE0868,O=C1CCC(N2Cc3cccc(NC(=O)Oc4c(O)c5ccccc5oc4=O)c3C2=O)C(=O)N1,HSLVXYXFGZGKLA-UHFFFAOYSA-N,carbamate,*c1c(O)c2ccccc2oc1=O,463.4,1.87,155.2,3,8,3,3,0.174,0.393,5.0,3.0,3.43,False,False,False,False,True,True,False,False,False,False
GLUE0869,CC(C)(C)CS(=O)(=O)Nc1cccc2c1C(=O)N(C1CCC(=O)NC1=O)C2,SMTKXXQCSMOVII-UHFFFAOYSA-N,sulfonamide,*CC(C)(C)C,393.47,1.24,112.7,2,5,4,1,0.5,0.747,5.0,3.5,4.51,True,False,False,False,True,True,True,True,False,False
GLUE0870,CC(C)(C)CCC(=O)Nc1cccc2c1C(=O)N(C1CCC(=O)NC1=O)C2,RYTQLMIGYNFGMS-UHFFFAOYSA-N,acetamide,*CC(C)(C)C,371.44,2.21,95.6,2,4,4,1,0.5,0.793,5.0,3.5,5.23,True,True,False,False,True,True,True,True,False,True
GLUE0871,CC(C)(C)CNC(=O)Nc1cccc2c1C(=O)N(C1CCC(=O)NC1=O)C2,NEUDLSYGUGEVDK-UHFFFAOYSA-N,urea,*CC(C)(C)C,372.43,1.62,107.6,3,4,3,1,0.474,0.701,5.0,3.5,4.49,True,False,False,False,True,True,True,True,False,False
GLUE0872,CC(C)(C)COC(=O)Nc1cccc2c1C(=O)N(C1CCC(=O)NC1=O)C2,JZXFEIFFQOEAPZ-UHFFFAOYSA-N,carbamate,*CC(C)(C)C,373.41,2.04,104.8,2,5,3,1,0.474,0.789,5.0,3.5,4.91,True,True,False,False,True,True,True,True,False,True
GLUE0873,NNCCC(=O)Nc1cccc2c1C(=O)N(C1CCC(=O)NC1=O)C2,OILDZZCVUSEYKN-UHFFFAOYSA-N,amide,*CCNN,345.36,-0.76,133.6,4,6,5,1,0.375,0.315,9.0,3.0,3.5,True,False,False,False,True,True,False,False,False,False
GLUE0874,NNCCS(=O)(=O)Nc1cccc2c1C(=O)N(C1CCC(=O)NC1=O)C2,DIODSHSXVDEGSS-UHFFFAOYSA-N,sulfonamide,*CCNN,381.41,-1.35,150.7,4,7,6,1,0.4,0.27,9.0,2.5,3.35,True,False,False,False,True,True,False,False,False,False
GLUE0875,NNCCCC(=O)Nc1cccc2c1C(=O)N(C1CCC(=O)NC1=O)C2,GBCGJABFGHGFHH-UHFFFAOYSA-N,acetamide,*CCNN,359.39,-0.37,133.6,4,6,6,1,0.412,0.237,9.0,3.0,3.5,True,False,False,False,True,True,False,False,False,False
GLUE0876,NNCCNC(=O)Nc1cccc2c1C(=O)N(C1CCC(=O)NC1=O)C2,LPCYLNAFCUTIFR-UHFFFAOYSA-N,urea,*CCNN,360.37,-0.97,145.7,5,6,5,1,0.375,0.198,9.0,2.5,3.5,True,False,False,False,True,True,False,False,False,False
GLUE0877,NNCCOC(=O)Nc1cccc2c1C(=O)N(C1CCC(=O)NC1=O)C2,XPFMTCWGTGSFAH-UHFFFAOYSA-N,carbamate,*CCNN,361.36,-0.54,142.9,4,7,5,1,0.375,0.239,9.0,2.5,3.49,True,False,False,False,True,True,False,False,False,False
GLUE0878,CCCCCCCCC(=O)Nc1cccc2c1C(=O)N(C1CCC(=O)NC1=O)C2,LDWFSCKYSBFTKR-UHFFFAOYSA-N,amide,*CCCCCCCC,399.49,3.14,95.6,2,4,9,1,0.545,0.493,5.0,2.5,4.65,True,True,False,False,True,True,True,False,False,False
GLUE0879,CCCCCCCCS(=O)(=O)Nc1cccc2c1C(=O)N(C1CCC(=O)NC1=O)C2,YZYFTLVBROZODG-UHFFFAOYSA-N,sulfonamide,*CCCCCCCC,435.55,2.55,112.7,2,5,10,1,0.571,0.433,5.0,3.0,4.18,True,True,False,False,True,True,True,False,False,False
GLUE0880,CCCCCCCCCC(=O)Nc1cccc2c1C(=O)N(C1CCC(=O)NC1=O)C2,WSCGOKGNLNEGKU-UHFFFAOYSA-N,acetamide,*CCCCCCCC,413.52,3.53,95.6,2,4,10,1,0.565,0.453,5.0,2.5,4.15,True,True,False,False,True,True,True,False,False,False
GLUE0881,CCCCCCCCNC(=O)Nc1cccc2c1C(=O)N(C1CCC(=O)NC1=O)C2,YDWRETGZJAGIMH-UHFFFAOYSA-N,urea,*CCCCCCCC,414.51,2.93,107.6,3,4,9,1,0.545,0.426,5.0,3.0,3.98,True,True,False,False,True,True,True,False,False,False
GLUE0882,CCCCCCCCOC(=O)Nc1cccc2c1C(=O)N(C1CCC(=O)NC1=O)C2,RZRBPJSGGDMJJO-UHFFFAOYSA-N,carbamate,*CCCCCCCC,415.49,3.36,104.8,2,5,9,1,0.545,0.475,5.0,2.5,4.0,True,True,False,False,True,True,True,False,False,False
GLUE0883,O=C1CCC(N2Cc3cccc(NC(=O)OS(=O)(=O)[O-])c3C2=O)C(=O)N1,QHQJNPYNKAOYGN-UHFFFAOYSA-M,amide,*OS(=O)(=O)[O-],382.33,-0.54,162.0,2,8,3,1,0.286,0.4,5.0,3.0,4.34,True,False,False,False,True,True,False,False,False,False
GLUE0884,O=C1CCC(N2Cc3cccc(NS(=O)(=O)OS(=O)(=O)[O-])c3C2=O)C(=O)N1,HODUSYQWYMIRSC-UHFFFAOYSA-M,sulfonamide,*OS(=O)(=O)[O-],418.39,-1.42,179.1,2,9,5,1,0.308,0.33,5.0,3.0,4.08,True,False,False,False,True,True,False,False,False,False
GLUE0885,O=C1CCC(N2Cc3cccc(NC(=O)COS(=O)(=O)[O-])c3C2=O)C(=O)N1,HJBOXLKNHXJMEM-UHFFFAOYSA-M,acetamide,*OS(=O)(=O)[O-],396.36,-1.14,162.0,2,8,5,1,0.333,0.359,5.0,3.0,4.24,True,False,False,False,True,True,False,False,False,False
GLUE0886,O=C1CCC(N2Cc3cccc(NC(=O)NOS(=O)(=O)[O-])c3C2=O)C(=O)N1,YQZDFNPFSQJCAV-UHFFFAOYSA-M,urea,*OS(=O)(=O)[O-],397.35,-1.04,174.0,3,8,4,1,0.286,0.25,5.0,3.0,3.9,True,False,False,False,True,True,False,False,False,False
GLUE0887,O=C1CCC(N2Cc3cccc(NC(=O)OOS(=O)(=O)[O-])c3C2=O)C(=O)N1,NPVLSVKITKASBY-UHFFFAOYSA-M,carbamate,*OS(=O)(=O)[O-],398.33,-0.61,171.2,2,9,4,1,0.286,0.221,5.0,3.0,4.23,True,False,False,False,True,True,False,False,False,False
GLUE0888,N#Cc1ccc(F)cc1C(=O)Nc1cccc2c1C(=O)N(C1CCC(=O)NC1=O)C2,DHBHIIMDXNQBFH-UHFFFAOYSA-N,amide,*c1cc(F)ccc1C#N,406.37,1.71,119.4,2,5,3,2,0.19,0.752,5.0,3.5,4.19,True,False,False,False,True,True,True,True,False,False
GLUE0889,N#Cc1ccc(F)cc1S(=O)(=O)Nc1cccc2c1C(=O)N(C1CCC(=O)NC1=O)C2,FOOYOKRXKBZAAQ-UHFFFAOYSA-N,sulfonamide,*c1cc(F)ccc1C#N,442.43,1.26,136.4,2,6,4,2,0.2,0.684,5.0,3.0,3.91,True,False,False,False,True,True,False,False,False,False
GLUE0890,N#Cc1ccc(F)cc1CC(=O)Nc1cccc2c1C(=O)N(C1CCC(=O)NC1=O)C2,KHHLSTCUVUWEEI-UHFFFAOYSA-N,acetamide,*c1cc(F)ccc1C#N,420.4,1.64,119.4,2,5,4,2,0.227,0.729,5.0,3.5,4.09,True,False,False,False,True,True,True,True,False,False
GLUE0891,N#Cc1ccc(F)cc1NC(=O)Nc1cccc2c1C(=O)N(C1CCC(=O)NC1=O)C2,CLOURYLMEYXPDP-UHFFFAOYSA-N,urea,*c1cc(F)ccc1C#N,421.39,2.1,131.4,3,5,3,2,0.19,0.653,5.0,3.0,3.73,True,True,False,False,True,True,False,False,False,False
GLUE0892,N#Cc1ccc(F)cc1OC(=O)Nc1cccc2c1C(=O)N(C1CCC(=O)NC1=O)C2,QVEYLLZFYYKUBO-UHFFFAOYSA-N,carbamate,*c1cc(F)ccc1C#N,422.37,2.07,128.6,2,6,3,2,0.19,0.729,5.0,3.0,4.05,True,True,False,False,True,True,False,False,False,False
GLUE0893,NC(CO)(CO)CCC(=O)Nc1cccc2c1C(=O)N(C1CCC(=O)NC1=O)C2,QWPSSLKTVUUJEV-UHFFFAOYSA-N,amide,*CCC(N)(CO)CO,404.42,-1.15,162.1,5,7,7,1,0.474,0.358,9.0,2.5,3.18,True,False,False,False,True,True,False,False,False,False
GLUE0894,NC(CO)(CO)CCS(=O)(=O)Nc1cccc2c1C(=O)N(C1CCC(=O)NC1=O)C2,LVCZBNYJDZWAIB-UHFFFAOYSA-N,sulfonamide,*CCC(N)(CO)CO,440.48,-1.74,179.1,5,8,8,1,0.5,0.296,9.0,2.5,2.93,True,False,False,False,True,True,False,False,False,False
GLUE0895,NC(CO)(CO)CCCC(=O)Nc1cccc2c1C(=O)N(C1CCC(=O)NC1=O)C2,KZSOHFUUMFXWIA-UHFFFAOYSA-N,acetamide,*CCC(N)(CO)CO,418.45,-0.76,162.1,5,7,8,1,0.5,0.347,9.0,2.5,3.08,True,False,False,False,True,True,False,False,False,False
GLUE0896,NC(CO)(CO)CCNC(=O)Nc1cccc2c1C(=O)N(C1CCC(=O)NC1=O)C2,KWNAKWXXERMFIE-UHFFFAOYSA-N,urea,*CCC(N)(CO)CO,419.44,-1.36,174.1,6,7,7,1,0.474,0.296,9.0,2.5,3.08,True,False,False,False,True,True,False,False,False,False
GLUE0897,NC(CO)(CO)CCOC(=O)Nc1cccc2c1C(=O)N(C1CCC(=O)NC1=O)C2,XJZDNHCRUGSLBH-UHFFFAOYSA-N,carbamate,*CCC(N)(CO)CO,420.42,-0.93,171.3,5,8,7,1,0.474,0.352,9.0,2.5,3.07,True,False,False,False,True,True,False,False,False,False
GLUE0898,CCCCC(CC)CCC(CC(C)C)C(=O)Nc1cccc2c1C(=O)N(C1CCC(=O)NC1=O)C2,ZBNMTLXXZWEISP-UHFFFAOYSA-N,amide,*C(CCC(CC)CCCC)CC(C)C,483.65,5.05,95.6,2,4,12,1,0.643,0.407,5.0,1.5,2.43,False,False,False,False,True,True,True,False,False,False
GLUE0899,CCCCC(CC)CCC(CC(C)C)S(=O)(=O)Nc1cccc2c1C(=O)N(C1CCC(=O)NC1=O)C2,UKKZDXVJLCDGRN-UHFFFAOYSA-N,sulfonamide,*C(CCC(CC)CCCC)CC(C)C,519.71,4.6,112.7,2,5,13,1,0.667,0.37,5.0,1.5,1.94,False,False,False,False,True,True,True,False,False,False
GLUE0900,CCCCC(CC)CCC(CC(=O)Nc1cccc2c1C(=O)N(C1CCC(=O)NC1=O)C2)CC(C)C,UZBXNXHYMXGBBP-UHFFFAOYSA-N,acetamide,*C(CCC(CC)CCCC)CC(C)C,497.68,5.44,95.6,2,4,13,1,0.655,0.355,5.0,1.5,2.33,False,False,False,False,True,True,True,False,False,False
GLUE0901,CCCCC(CC)CCC(CC(C)C)NC(=O)Nc1cccc2c1C(=O)N(C1CCC(=O)NC1=O)C2,CDMFCJSSPBKKRO-UHFFFAOYSA-N,urea,*C(CCC(CC)CCCC)CC(C)C,498.67,4.98,107.6,3,4,12,1,0.643,0.353,5.0,2.0,1.6,False,False,False,False,True,True,True,False,False,False
GLUE0902,CCCCC(CC)CCC(CC(C)C)OC(=O)Nc1cccc2c1C(=O)N(C1CCC(=O)NC1=O)C2,YMBJEAODKZAXOC-UHFFFAOYSA-N,carbamate,*C(CCC(CC)CCCC)CC(C)C,499.65,5.41,104.8,2,5,12,1,0.643,0.374,5.0,1.5,2.01,False,False,False,False,True,True,True,False,False,False
GLUE0903,Cc1[nH]c2ccccc2c1C(=O)Nc1cccc2c1C(=O)N(C1CCC(=O)NC1=O)C2,JBACFRZMRZDQMI-UHFFFAOYSA-N,amide,*c1c(C)[nH]c2ccccc12,416.44,2.49,111.4,3,4,3,3,0.217,0.57,5.0,3.5,4.05,True,True,False,False,True,True,True,True,False,True
GLUE0904,Cc1[nH]c2ccccc2c1S(=O)(=O)Nc1cccc2c1C(=O)N(C1CCC(=O)NC1=O)C2,DICNUCJHZADYBO-UHFFFAOYSA-N,sulfonamide,*c1c(C)[nH]c2ccccc12,452.49,2.04,128.4,3,5,4,3,0.227,0.522,5.0,3.0,3.51,False,True,False,False,True,True,False,False,False,False
GLUE0905,Cc1[nH]c2ccccc2c1CC(=O)Nc1cccc2c1C(=O)N(C1CCC(=O)NC1=O)C2,WJFOMOVSYYVONV-UHFFFAOYSA-N,acetamide,*c1c(C)[nH]c2ccccc12,430.46,2.42,111.4,3,4,4,3,0.25,0.552,5.0,3.5,3.95,True,True,False,False,False,True,True,True,False,False
GLUE0906,Cc1[nH]c2ccccc2c1NC(=O)Nc1cccc2c1C(=O)N(C1CCC(=O)NC1=O)C2,WXGQTIPIONURAO-UHFFFAOYSA-N,urea,*c1c(C)[nH]c2ccccc12,431.45,2.88,123.4,4,4,3,3,0.217,0.476,5.0,2.5,3.3,True,True,False,False,True,True,False,False,False,False
GLUE0907,Cc1[nH]c2ccccc2c1OC(=O)Nc1cccc2c1C(=O)N(C1CCC(=O)NC1=O)C2,ZODNETPYQOQHMO-UHFFFAOYSA-N,carbamate,*c1c(C)[nH]c2ccccc12,432.44,2.85,120.6,3,5,3,3,0.217,0.55,5.0,3.0,3.48,True,True,False,False,True,True,False,False,False,False
GLUE0908,O=C1CCC(N2Cc3cccc(NC(=O)c4c(Cl)ccc5nsnc45)c3C2=O)C(=O)N1,BOZPTZBNYJBXFV-UHFFFAOYSA-N,amide,*c1c(Cl)ccc2nsnc12,455.88,2.36,121.4,2,7,3,3,0.2,0.585,5.0,3.0,3.82,False,True,False,False,True,True,False,False,False,False
GLUE0909,O=C1CCC(N2Cc3cccc(NS(=O)(=O)c4c(Cl)ccc5nsnc45)c3C2=O)C(=O)N1,GGYZLCZDTDHXBV-UHFFFAOYSA-N,sulfonamide,*c1c(Cl)ccc2nsnc12,491.94,1.91,138.4,2,8,4,3,0.211,0.531,5.0,3.0,3.56,False,False,False,False,False,True,False,False,False,False
GLUE0910,O=C1CCC(N2Cc3cccc(NC(=O)Cc4c(Cl)ccc5nsnc45)c3C2=O)C(=O)N1,HDZYRWRBMZBJQC-UHFFFAOYSA-N,acetamide,*c1c(Cl)ccc2nsnc12,469.91,2.29,121.4,2,7,4,3,0.238,0.565,5.0,3.0,3.71,False,True,False,False,True,True,False,False,False,False
GLUE0911,O=C1CCC(N2Cc3cccc(NC(=O)Nc4c(Cl)ccc5nsnc45)c3C2=O)C(=O)N1,YZANBSZIQMXFMC-UHFFFAOYSA-N,urea,*c1c(Cl)ccc2nsnc12,470.9,2.75,133.4,3,7,3,3,0.2,0.504,5.0,3.0,3.25,False,True,False,False,True,True,False,False,False,False
GLUE0912,O=C1CCC(N2Cc3cccc(NC(=O)Oc4c(Cl)ccc5nsnc45)c3C2=O)C(=O)N1,PTCSENCKSCRGMM-UHFFFAOYSA-N,carbamate,*c1c(Cl)ccc2nsnc12,471.88,2.72,130.6,2,8,3,3,0.2,0.561,5.0,3.0,3.59,False,True,False,False,True,True,False,False,False,False
GLUE0913,O=C1CCC(N2Cc3cccc(NC(=O)C4COC5(CCCCC5)O4)c3C2=O)C(=O)N1,OSPXCDKLNBIHNV-UHFFFAOYSA-N,amide,*C1COC2(CCCCC2)O1,427.46,1.46,114.0,2,6,3,1,0.545,0.706,5.0,3.5,4.22,True,False,False,False,True,True,True,True,False,False
GLUE0914,O=C1CCC(N2Cc3cccc(NS(=O)(=O)C4COC5(CCCCC5)O4)c3C2=O)C(=O)N1,QJHTUABTEZMPPO-UHFFFAOYSA-N,sulfonamide,*C1COC2(CCCCC2)O1,463.51,1.22,131.1,2,7,4,1,0.571,0.642,5.0,3.0,3.76,False,False,False,False,True,True,False,False,False,False
GLUE0915,O=C1CCC(N2Cc3cccc(NC(=O)CC4COC5(CCCCC5)O4)c3C2=O)C(=O)N1,LHHFACDTBIYSPR-UHFFFAOYSA-N,acetamide,*C1COC2(CCCCC2)O1,441.48,1.85,114.0,2,6,4,1,0.565,0.69,5.0,3.5,4.12,True,False,False,False,True,True,True,True,False,False
GLUE0916,O=C1CCC(N2Cc3cccc(NC(=O)NC4COC5(CCCCC5)O4)c3C2=O)C(=O)N1,PZAJJWXWNJXLQX-UHFFFAOYSA-N,urea,*C1COC2(CCCCC2)O1,442.47,1.6,126.1,3,6,3,1,0.545,0.611,5.0,3.0,3.58,True,False,False,False,True,True,False,False,False,False
GLUE0917,O=C1CCC(N2Cc3cccc(NC(=O)OC4COC5(CCCCC5)O4)c3C2=O)C(=O)N1,CWDUGKDUXHDZSS-UHFFFAOYSA-N,carbamate,*C1COC2(CCCCC2)O1,443.46,2.03,123.3,2,7,3,1,0.545,0.685,5.0,3.0,3.9,True,True,False,False,True,True,False,False,False,False
GLUE0918,C[N+]1(C)[C@@H]2CC[C@H]1C[C@@H](C(=O)Nc1cccc3c1C(=O)N(C1CCC(=O)NC1=O)C3)C2,NQISOYCYWUUXPG-NUDRIIIVSA-O,amide,*[C@H]1C[C@H]2CC[C@@H](C1)[N+]2(C)C,425.51,1.4,95.6,2,4,3,1,0.565,0.565,5.0,3.5,4.85,True,False,False,False,True,True,True,True,False,False
GLUE0919,C[N+]1(C)[C@@H]2CC[C@H]1C[C@@H](S(=O)(=O)Nc1cccc3c1C(=O)N(C1CCC(=O)NC1=O)C3)C2,UTTOFDOJGXZLDY-MBYOPUIYSA-O,sulfonamide,*[C@H]1C[C@H]2CC[C@@H](C1)[N+]2(C)C,461.56,0.96,112.7,2,5,4,1,0.591,0.512,5.0,3.5,4.02,False,False,False,False,True,True,True,True,False,False
GLUE0920,C[N+]1(C)[C@@H]2CC[C@H]1C[C@@H](CC(=O)Nc1cccc3c1C(=O)N(C1CCC(=O)NC1=O)C3)C2,HNYOKEAUDHVFRZ-DHMWNBKSSA-O,acetamide,*[C@H]1C[C@H]2CC[C@@H](C1)[N+]2(C)C,439.54,1.79,95.6,2,4,4,1,0.583,0.552,5.0,3.5,4.75,True,False,False,False,True,True,True,True,False,False
GLUE0921,C[N+]1(C)[C@@H]2CC[C@H]1C[C@@H](NC(=O)Nc1cccc3c1C(=O)N(C1CCC(=O)NC1=O)C3)C2,RPKJGLLTVHDPKZ-NUDRIIIVSA-O,urea,*[C@H]1C[C@H]2CC[C@@H](C1)[N+]2(C)C,440.52,1.34,107.6,3,4,3,1,0.565,0.487,5.0,3.5,4.0,True,False,False,False,True,True,True,True,False,False
GLUE0922,C[N+]1(C)[C@@H]2CC[C@H]1C[C@@H](OC(=O)Nc1cccc3c1C(=O)N(C1CCC(=O)NC1=O)C3)C2,RYDPTCPALRKWFA-MBYOPUIYSA-O,carbamate,*[C@H]1C[C@H]2CC[C@@H](C1)[N+]2(C)C,441.51,1.77,104.8,2,5,3,1,0.565,0.55,5.0,3.5,4.42,True,False,False,False,True,True,True,True,False,False
GLUE0923,O=C1CCC(N2Cc3cccc(NC(=O)[C@H]4CCc5cc(F)cc(F)c5C4)c3C2=O)C(=O)N1,KFQQJQSVHUNINZ-YTJLLHSVSA-N,amide,*[C@H]1CCc2cc(F)cc(F)c2C1,453.45,2.47,95.6,2,4,3,2,0.333,0.698,5.0,3.5,4.65,False,True,False,False,True,True,True,True,False,False
GLUE0924,O=C1CCC(N2Cc3cccc(NS(=O)(=O)[C@H]4CCc5cc(F)cc(F)c5C4)c3C2=O)C(=O)N1,NTXJSYSKGICGHW-FUKCDUGKSA-N,sulfonamide,*[C@H]1CCc2cc(F)cc(F)c2C1,489.5,2.03,112.7,2,5,4,2,0.348,0.639,5.0,3.5,3.82,False,True,False,False,True,True,True,True,False,False
GLUE0925,O=C1CCC(N2Cc3cccc(NC(=O)C[C@H]4CCc5cc(F)cc(F)c5C4)c3C2=O)C(=O)N1,RRTUYIZNHGLLST-SZQRVLIRSA-N,acetamide,*[C@H]1CCc2cc(F)cc(F)c2C1,467.47,2.86,95.6,2,4,4,2,0.36,0.676,5.0,3.5,4.37,False,True,False,False,True,True,True,True,False,False
GLUE0926,O=C1CCC(N2Cc3cccc(NC(=O)N[C@H]4CCc5cc(F)cc(F)c5C4)c3C2=O)C(=O)N1,SDDFUBFPXBVNBR-FUKCDUGKSA-N,urea,*[C@H]1CCc2cc(F)cc(F)c2C1,468.46,2.4,107.6,3,4,3,2,0.333,0.602,5.0,3.5,3.8,False,True,False,False,True,True,True,True,False,False
GLUE0927,O=C1CCC(N2Cc3cccc(NC(=O)O[C@H]4CCc5cc(F)cc(F)c5C4)c3C2=O)C(=O)N1,IQJUIAKQVVNLSA-FUKCDUGKSA-N,carbamate,*[C@H]1CCc2cc(F)cc(F)c2C1,469.44,2.83,104.8,2,5,3,2,0.333,0.673,5.0,3.5,4.06,False,True,False,False,True,True,True,True,False,False
GLUE0928,O=C1CCC(N2Cc3cccc(NC(=O)c4ccc(O)c5[nH]c(=O)ccc45)c3C2=O)C(=O)N1,NVICHBRYHZWCMR-UHFFFAOYSA-N,amide,*c1ccc(O)c2[nH]c(=O)ccc12,446.42,1.25,148.7,4,6,3,3,0.174,0.445,5.0,2.5,3.38,True,False,False,False,True,True,False,False,False,False
GLUE0929,O=C1CCC(N2Cc3cccc(NS(=O)(=O)c4ccc(O)c5[nH]c(=O)ccc45)c3C2=O)C(=O)N1,DMPFYVZVKXMQSS-UHFFFAOYSA-N,sulfonamide,*c1ccc(O)c2[nH]c(=O)ccc12,482.47,0.8,165.7,4,7,4,3,0.182,0.399,5.0,2.5,3.13,False,False,False,False,True,True,False,False,False,False
GLUE0930,O=C1CCC(N2Cc3cccc(NC(=O)Cc4ccc(O)c5[nH]c(=O)ccc45)c3C2=O)C(=O)N1,IEGSFVHNQIUPHO-UHFFFAOYSA-N,acetamide,*c1ccc(O)c2[nH]c(=O)ccc12,460.45,1.18,148.7,4,6,4,3,0.208,0.43,5.0,2.5,3.28,False,False,False,False,True,True,False,False,False,False
GLUE0931,O=C1CCC(N2Cc3cccc(NC(=O)Nc4ccc(O)c5[nH]c(=O)ccc45)c3C2=O)C(=O)N1,VPXIXKJTOQVUQX-UHFFFAOYSA-N,urea,*c1ccc(O)c2[nH]c(=O)ccc12,461.43,1.64,160.7,5,6,3,3,0.174,0.294,5.0,2.5,3.28,False,False,False,False,True,True,False,False,False,False
GLUE0932,O=C1CCC(N2Cc3cccc(NC(=O)Oc4ccc(O)c5[nH]c(=O)ccc45)c3C2=O)C(=O)N1,FYGVAKWVSOEREQ-UHFFFAOYSA-N,carbamate,*c1ccc(O)c2[nH]c(=O)ccc12,462.42,1.61,157.9,4,7,3,3,0.174,0.431,5.0,2.5,3.27,False,False,False,False,True,True,False,False,False,False
GLUE0933,O=C1CCC(N2Cc3cccc(NC(=O)c4cc(O)cc5c4OCC(=O)N5)c3C2=O)C(=O)N1,LAERDEIMQFHNAT-UHFFFAOYSA-N,amide,*c1cc(O)cc2c1OCC(=O)N2,450.41,0.74,154.1,4,7,3,2,0.227,0.503,5.0,2.5,3.35,False,False,False,False,True,True,False,False,False,False
GLUE0934,O=C1CCC(N2Cc3cccc(NS(=O)(=O)c4cc(O)cc5c4OCC(=O)N5)c3C2=O)C(=O)N1,NZHGZLUFGZKSGJ-UHFFFAOYSA-N,sulfonamide,*c1cc(O)cc2c1OCC(=O)N2,486.46,0.28,171.2,4,8,4,2,0.238,0.447,5.0,2.5,3.1,False,False,False,False,True,True,False,False,False,False
GLUE0935,O=C1CCC(N2Cc3cccc(NC(=O)Cc4cc(O)cc5c4OCC(=O)N5)c3C2=O)C(=O)N1,WUUCANLNPJDNEJ-UHFFFAOYSA-N,acetamide,*c1cc(O)cc2c1OCC(=O)N2,464.43,0.67,154.1,4,7,4,2,0.261,0.485,5.0,2.5,3.25,False,False,False,False,True,True,False,False,False,False
GLUE0936,O=C1CCC(N2Cc3cccc(NC(=O)Nc4cc(O)cc5c4OCC(=O)N5)c3C2=O)C(=O)N1,YXBGFXAVLGGPMY-UHFFFAOYSA-N,urea,*c1cc(O)cc2c1OCC(=O)N2,465.42,1.13,166.2,5,7,3,2,0.227,0.424,5.0,2.5,3.25,False,False,False,False,True,True,False,False,False,False
GLUE0937,O=C1CCC(N2Cc3cccc(NC(=O)Oc4cc(O)cc5c4OCC(=O)N5)c3C2=O)C(=O)N1,OMGFMVGLLUCVDE-UHFFFAOYSA-N,carbamate,*c1cc(O)cc2c1OCC(=O)N2,466.41,1.09,163.4,4,8,3,2,0.227,0.489,5.0,2.5,3.24,False,False,False,False,True,True,False,False,False,False
GLUE0938,O=C(O)CN1C(=O)[C@@H](C(=O)Nc2cccc3c2C(=O)N(C2CCC(=O)NC2=O)C3)CCc2ccccc21,CJLPFKAQXHYZEX-VTBWFHPJSA-N,amide,*[C@H]1CCc2ccccc2N(CC(=O)O)C1=O,504.5,1.07,153.2,3,6,5,2,0.308,0.407,5.0,2.5,3.17,False,False,False,False,True,True,False,False,False,False
GLUE0939,O=C(O)CN1C(=O)[C@@H](S(=O)(=O)Nc2cccc3c2C(=O)N(C2CCC(=O)NC2=O)C3)CCc2ccccc21,PIWMZNNHIYSQAX-GGYWPGCISA-N,sulfonamide,*[C@H]1CCc2ccccc2N(CC(=O)O)C1=O,540.55,0.62,170.3,3,7,6,2,0.32,0.448,5.0,2.5,3.17,False,False,False,False,True,True,False,False,False,False
GLUE0940,O=C(O)CN1C(=O)[C@@H](CC(=O)Nc2cccc3c2C(=O)N(C2CCC(=O)NC2=O)C3)CCc2ccccc21,NQDQILXCRGETCS-QRIPLOBPSA-N,acetamide,*[C@H]1CCc2ccccc2N(CC(=O)O)C1=O,518.53,1.46,153.2,3,6,6,2,0.333,0.489,5.0,2.5,3.17,False,False,False,False,True,True,False,False,False,False
GLUE0941,O=C(O)CN1C(=O)[C@@H](NC(=O)Nc2cccc3c2C(=O)N(C2CCC(=O)NC2=O)C3)CCc2ccccc21,BLHWDWKQYDKTFL-KKFHFHRHSA-N,urea,*[C@H]1CCc2ccccc2N(CC(=O)O)C1=O,519.51,1.0,165.2,4,6,5,2,0.308,0.428,5.0,2.0,3.0,False,False,False,False,True,True,False,False,False,False
GLUE0942,O=C(O)CN1C(=O)[C@@H](OC(=O)Nc2cccc3c2C(=O)N(C2CCC(=O)NC2=O)C3)CCc2ccccc21,HCBOMSPRNPWRKV-GGYWPGCISA-N,carbamate,*[C@H]1CCc2ccccc2N(CC(=O)O)C1=O,520.5,1.43,162.4,3,7,5,2,0.308,0.499,5.0,2.5,3.17,False,False,False,False,True,True,False,False,False,False
GLUE0943,O=C1CCC(N2Cc3cccc(NC(=O)c4cccc5c4CCC(=O)N5)c3C2=O)C(=O)N1,MXQOUPLVNZNICC-UHFFFAOYSA-N,amide,*c1cccc2c1CCC(=O)N2,432.44,1.58,124.7,3,5,3,2,0.261,0.636,5.0,3.0,3.65,True,False,False,False,True,True,False,False,False,False
GLUE0944,O=C1CCC(N2Cc3cccc(NS(=O)(=O)c4cccc5c4CCC(=O)N5)c3C2=O)C(=O)N1,ZSJGFYUIJUUBGJ-UHFFFAOYSA-N,sulfonamide,*c1cccc2c1CCC(=O)N2,468.49,1.13,141.8,3,6,4,2,0.273,0.575,5.0,3.0,3.39,False,False,False,False,True,True,False,False,False,False
GLUE0945,O=C1CCC(N2Cc3cccc(NC(=O)Cc4cccc5c4CCC(=O)N5)c3C2=O)C(=O)N1,QCUAICHPLBJURF-UHFFFAOYSA-N,acetamide,*c1cccc2c1CCC(=O)N2,446.46,1.51,124.7,3,5,4,2,0.292,0.614,5.0,3.0,3.55,True,False,False,False,True,True,False,False,False,False
GLUE0946,O=C1CCC(N2Cc3cccc(NC(=O)Nc4cccc5c4CCC(=O)N5)c3C2=O)C(=O)N1,OLAOFZAFALFJLC-UHFFFAOYSA-N,urea,*c1cccc2c1CCC(=O)N2,447.45,1.98,136.7,4,5,3,2,0.261,0.534,5.0,2.5,3.38,True,False,False,False,True,True,False,False,False,False
GLUE0947,O=C1CCC(N2Cc3cccc(NC(=O)Oc4cccc5c4CCC(=O)N5)c3C2=O)C(=O)N1,FRAGPHJPDGQOHZ-UHFFFAOYSA-N,carbamate,*c1cccc2c1CCC(=O)N2,448.44,1.94,133.9,3,6,3,2,0.261,0.615,5.0,3.0,3.53,True,False,False,False,True,True,False,False,False,False
GLUE0948,O=C1CCC(N2Cc3cccc(NC(=O)c4ccc5nccnc5c4Br)c3C2=O)C(=O)N1,SIMIYFGZNSRCQG-UHFFFAOYSA-N,amide,*c1ccc2nccnc2c1Br,494.31,2.41,121.4,2,6,3,3,0.182,0.54,5.0,3.0,3.54,False,True,False,False,True,True,False,False,False,False
GLUE0949,O=C1CCC(N2Cc3cccc(NS(=O)(=O)c4ccc5nccnc5c4Br)c3C2=O)C(=O)N1,SPDZTUODSYHAAB-UHFFFAOYSA-N,sulfonamide,*c1ccc2nccnc2c1Br,530.36,1.95,138.4,2,7,4,3,0.19,0.492,5.0,2.5,3.5,False,False,False,False,True,True,False,False,False,False
GLUE0950,O=C1CCC(N2Cc3cccc(NC(=O)Cc4ccc5nccnc5c4Br)c3C2=O)C(=O)N1,SDCBZUZDNWLLJQ-UHFFFAOYSA-N,acetamide,*c1ccc2nccnc2c1Br,508.33,2.33,121.4,2,6,4,3,0.217,0.522,5.0,2.5,3.5,False,True,False,False,True,True,False,False,False,False
GLUE0951,O=C1CCC(N2Cc3cccc(NC(=O)Nc4ccc5nccnc5c4Br)c3C2=O)C(=O)N1,RKGBMXJQZYDFOY-UHFFFAOYSA-N,urea,*c1ccc2nccnc2c1Br,509.32,2.8,133.4,3,6,3,3,0.182,0.465,5.0,2.5,3.02,False,True,False,False,True,True,False,False,False,False
GLUE0952,O=C1CCC(N2Cc3cccc(NC(=O)Oc4ccc5nccnc5c4Br)c3C2=O)C(=O)N1,FBZVZHIAHPFWBU-UHFFFAOYSA-N,carbamate,*c1ccc2nccnc2c1Br,510.3,2.76,130.6,2,7,3,3,0.182,0.519,5.0,2.5,3.37,False,True,False,False,True,True,False,False,False,False
GLUE0953,Nc1cccc2c1CN(C(=O)Nc1cccc3c1C(=O)N(C1CCC(=O)NC1=O)C3)C2=O,WFZPZZUTLNHKRQ-UHFFFAOYSA-N,amide,*N1Cc2c(N)cccc2C1=O,433.42,1.22,141.9,3,6,2,2,0.227,0.48,4.5,3.0,3.64,True,False,False,False,True,True,False,False,False,False
GLUE0954,Nc1cccc2c1CN(S(=O)(=O)Nc1cccc3c1C(=O)N(C1CCC(=O)NC1=O)C3)C2=O,MYJVRYLSCRPCOT-UHFFFAOYSA-N,sulfonamide,*N1Cc2c(N)cccc2C1=O,469.48,0.34,159.0,3,7,4,2,0.238,0.43,4.5,3.0,3.38,False,False,False,False,True,True,False,False,False,False
GLUE0955,Nc1cccc2c1CN(CC(=O)Nc1cccc3c1C(=O)N(C1CCC(=O)NC1=O)C3)C2=O,PTPCDSZJHAYWMB-UHFFFAOYSA-N,acetamide,*N1Cc2c(N)cccc2C1=O,447.45,0.62,141.9,3,6,4,2,0.261,0.463,4.5,3.0,3.54,True,False,False,False,True,True,False,False,False,False
GLUE0956,Nc1cccc2c1CN(NC(=O)Nc1cccc3c1C(=O)N(C1CCC(=O)NC1=O)C3)C2=O,JZCWHTGMTFLJRY-UHFFFAOYSA-N,urea,*N1Cc2c(N)cccc2C1=O,448.44,0.72,153.9,4,6,3,2,0.227,0.401,4.5,2.5,3.37,True,False,False,False,True,True,False,False,False,False
GLUE0957,Nc1cccc2c1CN(OC(=O)Nc1cccc3c1C(=O)N(C1CCC(=O)NC1=O)C3)C2=O,BMOXIQYOHKRXBP-UHFFFAOYSA-N,carbamate,*N1Cc2c(N)cccc2C1=O,449.42,1.15,151.1,3,7,3,2,0.227,0.47,4.5,3.0,3.53,True,False,False,False,True,True,False,False,False,False
GLUE0958,O=C1CCC(N2Cc3cccc(NC(=O)c4ccc5[nH]ncc5c4)c3C2=O)C(=O)N1,PKBRNSHVEPRVSC-UHFFFAOYSA-N,amide,*c1ccc2[nH]ncc2c1,403.4,1.58,124.3,3,5,3,3,0.19,0.573,5.0,3.0,3.86,True,False,False,False,True,True,False,False,False,False
GLUE0959,O=C1CCC(N2Cc3cccc(NS(=O)(=O)c4ccc5[nH]ncc5c4)c3C2=O)C(=O)N1,CIUZRQMOEJYOGK-UHFFFAOYSA-N,sulfonamide,*c1ccc2[nH]ncc2c1,439.45,1.12,141.3,3,6,4,3,0.2,0.52,5.0,3.0,3.6,True,False,False,False,True,True,False,False,False,False
GLUE0960,O=C1CCC(N2Cc3cccc(NC(=O)Cc4ccc5[nH]ncc5c4)c3C2=O)C(=O)N1,UERAXZFLWVVYQF-UHFFFAOYSA-N,acetamide,*c1ccc2[nH]ncc2c1,417.43,1.51,124.3,3,5,4,3,0.227,0.555,5.0,3.0,3.76,True,False,False,False,True,True,False,False,False,False
GLUE0961,O=C1CCC(N2Cc3cccc(NC(=O)Nc4ccc5[nH]ncc5c4)c3C2=O)C(=O)N1,MHZRCFYVTJGFSA-UHFFFAOYSA-N,urea,*c1ccc2[nH]ncc2c1,418.41,1.97,136.3,4,5,3,3,0.19,0.482,5.0,2.5,3.58,True,False,False,False,True,True,False,False,False,False
GLUE0962,O=C1CCC(N2Cc3cccc(NC(=O)Oc4ccc5[nH]ncc5c4)c3C2=O)C(=O)N1,GDJZMDZMBRKNBM-UHFFFAOYSA-N,carbamate,*c1ccc2[nH]ncc2c1,419.4,1.93,133.5,3,6,3,3,0.19,0.556,5.0,3.0,3.74,True,False,False,False,True,True,False,False,False,False
GLUE0963,O=C1CCC(N2Cc3cccc(NC(=O)[C@@H]4CCCNC4)c3C2=O)C(=O)N1,CXTLERCKXYTVDC-YNODCEANSA-N,amide,*[C@@H]1CCCNC1,370.41,0.39,107.6,3,5,3,1,0.474,0.667,9.0,3.5,4.01,True,False,False,False,True,True,True,True,False,False
GLUE0964,O=C1CCC(N2Cc3cccc(NS(=O)(=O)[C@@H]4CCCNC4)c3C2=O)C(=O)N1,SQUFJSXGHPCZTC-PUODRLBUSA-N,sulfonamide,*[C@@H]1CCCNC1,406.46,-0.06,124.7,3,6,4,1,0.5,0.602,9.0,3.0,3.33,True,False,False,False,True,True,False,False,False,False
GLUE0965,O=C1CCC(N2Cc3cccc(NC(=O)C[C@@H]4CCCNC4)c3C2=O)C(=O)N1,FDNFMNCPDQAXPR-SFVWDYPZSA-N,acetamide,*[C@@H]1CCCNC1,384.44,0.78,107.6,3,5,4,1,0.5,0.665,9.0,3.5,3.91,True,False,False,False,True,True,True,True,False,False
GLUE0966,O=C1CCC(N2Cc3cccc(NC(=O)N[C@@H]4CCCNC4)c3C2=O)C(=O)N1,PPZFUJBQTOLBME-PUODRLBUSA-N,urea,*[C@@H]1CCCNC1,385.42,0.32,119.6,4,5,3,1,0.474,0.559,9.0,3.0,3.33,True,False,False,False,True,True,True,False,False,False
GLUE0967,O=C1CCC(N2Cc3cccc(NC(=O)O[C@@H]4CCCNC4)c3C2=O)C(=O)N1,OBDSTQVITVPZIH-PUODRLBUSA-N,carbamate,*[C@@H]1CCCNC1,386.41,0.75,116.8,3,6,3,1,0.474,0.66,9.0,3.5,3.58,True,False,False,False,True,True,True,True,False,False
GLUE0968,CC(N)C(=O)C(=O)Nc1cccc2c1C(=O)N(C1CCC(=O)NC1=O)C2,ODRKKHUKQJXVRK-UHFFFAOYSA-N,amide,*C(=O)C(C)N,358.35,-0.7,138.7,3,6,4,1,0.353,0.481,9.0,3.5,3.67,True,False,False,False,True,True,False,True,False,False
GLUE0969,CC(N)C(=O)S(=O)(=O)Nc1cccc2c1C(=O)N(C1CCC(=O)NC1=O)C2,STEVLDQYEWGLRB-UHFFFAOYSA-N,sulfonamide,*C(=O)C(C)N,394.41,-0.94,155.7,3,7,4,1,0.375,0.557,9.0,3.0,3.42,True,False,False,False,True,True,False,False,False,False
GLUE0970,CC(N)C(=O)CC(=O)Nc1cccc2c1C(=O)N(C1CCC(=O)NC1=O)C2,HUIYKIPIZVGJMQ-UHFFFAOYSA-N,acetamide,*C(=O)C(C)N,372.38,-0.31,138.7,3,6,5,1,0.389,0.479,9.0,3.0,3.58,True,False,False,False,True,True,False,False,False,False
GLUE0971,CC(N)C(=O)NC(=O)Nc1cccc2c1C(=O)N(C1CCC(=O)NC1=O)C2,HBIAOUOHFMRTQI-UHFFFAOYSA-N,urea,*C(=O)C(C)N,373.37,-0.56,150.7,4,6,3,1,0.353,0.522,9.0,2.5,3.4,True,False,False,False,True,True,False,False,False,False
GLUE0972,CC(N)C(=O)OC(=O)Nc1cccc2c1C(=O)N(C1CCC(=O)NC1=O)C2,JQOMGHFKZONESF-UHFFFAOYSA-N,carbamate,*C(=O)C(C)N,374.35,-0.13,147.9,3,7,3,1,0.353,0.379,9.0,3.0,3.56,True,False,False,False,True,True,False,False,False,False
GLUE0973,O=C1CCC(N2Cc3cccc(NC(=O)c4nc5ccc(O)cc5s4)c3C2=O)C(=O)N1,MGXDSVXBCCEHBO-UHFFFAOYSA-N,amide,*c1nc2ccc(O)cc2s1,436.45,2.02,128.7,3,7,3,3,0.19,0.539,5.0,3.0,3.62,True,True,False,False,True,True,False,False,False,False
GLUE0974,O=C1CCC(N2Cc3cccc(NS(=O)(=O)c4nc5ccc(O)cc5s4)c3C2=O)C(=O)N1,JFCGXGRJIKVMDG-UHFFFAOYSA-N,sulfonamide,*c1nc2ccc(O)cc2s1,472.5,1.56,145.8,3,8,4,3,0.2,0.489,5.0,3.0,3.36,False,False,False,False,True,True,False,False,False,False
GLUE0975,O=C1CCC(N2Cc3cccc(NC(=O)Cc4nc5ccc(O)cc5s4)c3C2=O)C(=O)N1,ZHOXDDITSRTSAO-UHFFFAOYSA-N,acetamide,*c1nc2ccc(O)cc2s1,450.48,1.94,128.7,3,7,4,3,0.227,0.521,5.0,3.0,3.52,False,False,False,False,True,True,False,False,False,False
GLUE0976,O=C1CCC(N2Cc3cccc(NC(=O)Nc4nc5ccc(O)cc5s4)c3C2=O)C(=O)N1,GEISPDYKVRZAGM-UHFFFAOYSA-N,urea,*c1nc2ccc(O)cc2s1,451.46,2.41,140.7,4,7,3,3,0.19,0.451,5.0,2.5,3.35,False,True,False,False,True,True,False,False,False,False
GLUE0977,O=C1CCC(N2Cc3cccc(NC(=O)Oc4nc5ccc(O)cc5s4)c3C2=O)C(=O)N1,WSXGPLWGQXTNHZ-UHFFFAOYSA-N,carbamate,*c1nc2ccc(O)cc2s1,452.45,2.37,137.9,3,8,3,3,0.19,0.519,5.0,3.0,3.51,False,True,False,False,True,True,False,False,False,False
GLUE0978,O=C1CCC(N2Cc3cccc(NC(=O)c4nnn[n-]4)c3C2=O)C(=O)N1,XXGCLDKZNVGODP-UHFFFAOYSA-M,amide,*c1nnn[n-]1,354.31,-1.16,148.3,2,7,3,2,0.267,0.656,5.0,3.5,4.5,True,False,False,False,True,True,False,True,False,False
GLUE0979,O=C1CCC(N2Cc3cccc(NS(=O)(=O)c4nnn[n-]4)c3C2=O)C(=O)N1,FEUDDCMOYNWACQ-UHFFFAOYSA-M,sulfonamide,*c1nnn[n-]1,390.36,-1.61,165.4,2,8,4,2,0.286,0.584,5.0,3.0,4.28,True,False,False,False,True,True,False,False,False,False
GLUE0980,O=C1CCC(N2Cc3cccc(NC(=O)Cc4nnn[n-]4)c3C2=O)C(=O)N1,VUXRJGHONXRPEG-UHFFFAOYSA-M,acetamide,*c1nnn[n-]1,368.33,-1.23,148.3,2,7,4,2,0.312,0.637,5.0,3.0,4.44,True,False,False,False,True,True,False,False,False,False
GLUE0981,O=C1CCC(N2Cc3cccc(NC(=O)Nc4nnn[n-]4)c3C2=O)C(=O)N1,BVXPIEMWJFIESK-UHFFFAOYSA-M,urea,*c1nnn[n-]1,369.32,-0.77,160.4,3,7,3,2,0.267,0.595,5.0,3.0,4.1,True,False,False,False,True,True,False,False,False,False
GLUE0982,O=C1CCC(N2Cc3cccc(NC(=O)Oc4nnn[n-]4)c3C2=O)C(=O)N1,FFQVEBKXBUUYFG-UHFFFAOYSA-M,carbamate,*c1nnn[n-]1,370.31,-0.8,157.6,2,8,3,2,0.267,0.66,5.0,3.0,4.43,True,False,False,False,True,True,False,False,False,False
GLUE0983,Nc1nc(N)c(C(=O)Nc2cccc3c2C(=O)N(C2CCC(=O)NC2=O)C3)nc1Cl,DVXPRDCKHRCKLT-UHFFFAOYSA-N,amide,*c1nc(Cl)c(N)nc1N,429.82,0.31,173.4,4,8,3,2,0.222,0.504,4.5,2.5,3.5,True,False,False,False,True,True,False,False,False,False
GLUE0984,Nc1nc(N)c(S(=O)(=O)Nc2cccc3c2C(=O)N(C2CCC(=O)NC2=O)C3)nc1Cl,UIMDOLAZIVFFPM-UHFFFAOYSA-N,sulfonamide,*c1nc(Cl)c(N)nc1N,465.88,-0.14,190.5,4,9,4,2,0.235,0.445,4.5,2.5,3.24,False,False,False,False,True,True,False,False,False,False
GLUE0985,Nc1nc(N)c(CC(=O)Nc2cccc3c2C(=O)N(C2CCC(=O)NC2=O)C3)nc1Cl,VMSHNCBVXPRPCC-UHFFFAOYSA-N,acetamide,*c1nc(Cl)c(N)nc1N,443.85,0.24,173.4,4,8,4,2,0.263,0.486,4.5,2.5,3.4,True,False,False,False,True,True,False,False,False,False
GLUE0986,Nc1nc(N)c(NC(=O)Nc2cccc3c2C(=O)N(C2CCC(=O)NC2=O)C3)nc1Cl,OXRJRAJRTUGILZ-UHFFFAOYSA-N,urea,*c1nc(Cl)c(N)nc1N,444.84,0.7,185.4,5,8,3,2,0.222,0.428,4.5,2.5,3.39,True,False,False,False,True,True,False,False,False,False
GLUE0987,Nc1nc(N)c(OC(=O)Nc2cccc3c2C(=O)N(C2CCC(=O)NC2=O)C3)nc1Cl,OSIHJGTVWUKNFY-UHFFFAOYSA-N,carbamate,*c1nc(Cl)c(N)nc1N,445.82,0.67,182.6,4,9,3,2,0.222,0.493,4.5,2.5,3.39,True,False,False,False,True,True,False,False,False,False
GLUE0988,CC(N)C(=O)Nc1cccc2c1C(=O)N(C1CCC(=O)NC1=O)C2,YBRREMKEPVAPMZ-UHFFFAOYSA-N,amide,*C(C)N,330.34,-0.27,121.6,3,5,3,1,0.375,0.659,9.0,3.5,3.67,True,False,False,False,True,True,False,True,False,False
GLUE0989,CC(N)S(=O)(=O)Nc1cccc2c1C(=O)N(C1CCC(=O)NC1=O)C2,JMLUZTGWOWGFFM-UHFFFAOYSA-N,sulfonamide,*C(C)N,366.4,-0.51,138.7,3,6,4,1,0.4,0.614,9.0,3.0,3.62,True,False,False,False,True,True,False,False,False,False
GLUE0990,CC(N)NC(=O)Nc1cccc2c1C(=O)N(C1CCC(=O)NC1=O)C2,MDEWOCMNJBNFIB-UHFFFAOYSA-N,urea,*C(C)N,345.36,-0.13,133.6,4,5,3,1,0.375,0.447,9.0,3.0,3.5,True,False,False,False,True,True,False,False,False,False
GLUE0991,CC(N)OC(=O)Nc1cccc2c1C(=O)N(C1CCC(=O)NC1=O)C2,WKHCKDGTQQJYFZ-UHFFFAOYSA-N,carbamate,*C(C)N,346.34,0.3,130.8,3,6,3,1,0.375,0.533,9.0,3.5,3.67,True,False,False,False,True,True,False,True,False,False
GLUE0992,Cc1c2ccc(C(=O)Nc3cccc4c3C(=O)N(C3CCC(=O)NC3=O)C4)cc2nn1C,XONXXYCLUJOVHR-UHFFFAOYSA-N,amide,*c1ccc2c(C)n(C)nc2c1,431.45,1.9,113.4,2,5,3,3,0.261,0.615,5.0,3.5,4.21,True,False,False,False,True,True,True,True,False,False
GLUE0993,Cc1c2ccc(S(=O)(=O)Nc3cccc4c3C(=O)N(C3CCC(=O)NC3=O)C4)cc2nn1C,VDYXIEYKAJZRHK-UHFFFAOYSA-N,sulfonamide,*c1ccc2c(C)n(C)nc2c1,467.51,1.44,130.5,2,6,4,3,0.273,0.559,5.0,3.0,3.73,False,False,False,False,True,True,False,False,False,False
GLUE0994,Cc1c2ccc(CC(=O)Nc3cccc4c3C(=O)N(C3CCC(=O)NC3=O)C4)cc2nn1C,NSLLFQQRUUGSST-UHFFFAOYSA-N,acetamide,*c1ccc2c(C)n(C)nc2c1,445.48,1.82,113.4,2,5,4,3,0.292,0.595,5.0,3.5,4.11,True,False,False,False,True,True,True,True,False,False
GLUE0995,Cc1c2ccc(NC(=O)Nc3cccc4c3C(=O)N(C3CCC(=O)NC3=O)C4)cc2nn1C,OCQLUJBAZCQLHB-UHFFFAOYSA-N,urea,*c1ccc2c(C)n(C)nc2c1,446.47,2.29,125.4,3,5,3,3,0.261,0.533,5.0,3.0,3.55,True,True,False,False,True,True,False,False,False,False
GLUE0996,Cc1c2ccc(OC(=O)Nc3cccc4c3C(=O)N(C3CCC(=O)NC3=O)C4)cc2nn1C,JCRIHTJAZITBHB-UHFFFAOYSA-N,carbamate,*c1ccc2c(C)n(C)nc2c1,447.45,2.25,122.6,2,6,3,3,0.261,0.594,5.0,3.0,3.88,True,True,False,False,True,True,False,False,False,False
GLUE0997,CC(O)C(=O)Nc1cccc2c1C(=O)N(C1CCC(=O)NC1=O)C2,NADUJGNCWGIEFL-UHFFFAOYSA-N,amide,*C(C)O,331.33,-0.23,115.8,3,5,3,1,0.375,0.662,5.0,4.0,4.31,True,False,False,True,True,True,True,True,False,False
GLUE0998,CC(O)S(=O)(=O)Nc1cccc2c1C(=O)N(C1CCC(=O)NC1=O)C2,PVIJOGLHCMUZQE-UHFFFAOYSA-N,sulfonamide,*C(C)O,367.38,-0.47,132.9,3,6,4,1,0.4,0.616,5.0,3.0,4.11,True,False,False,False,True,True,False,False,False,False
GLUE0999,CC(O)NC(=O)Nc1cccc2c1C(=O)N(C1CCC(=O)NC1=O)C2,KKXPMVDSSWQDJX-UHFFFAOYSA-N,urea,*C(C)O,346.34,-0.09,127.8,4,5,3,1,0.375,0.449,5.0,3.0,4.0,True,False,False,False,True,True,False,False,False,False
GLUE1000,CC(O)OC(=O)Nc1cccc2c1C(=O)N(C1CCC(=O)NC1=O)C2,DKOOTDZMBISXLD-UHFFFAOYSA-N,carbamate,*C(C)O,347.33,0.33,125.0,3,6,3,1,0.375,0.535,5.0,3.5,4.17,True,False,False,False,True,True,False,True,False,False
GLUE1001,O=C1CN(C(=O)Nc2cccc3c2C(=O)N(C2CCC(=O)NC2=O)C3)CC(=O)N1,LCTNECFCAHOTBV-UHFFFAOYSA-N,amide,*N1CC(=O)NC(=O)C1,399.36,-1.06,145.0,3,6,2,1,0.333,0.541,5.0,3.0,3.89,True,False,False,False,True,True,False,False,False,False
GLUE1002,O=C1CN(S(=O)(=O)Nc2cccc3c2C(=O)N(C2CCC(=O)NC2=O)C3)CC(=O)N1,JTOLVFWXCIWHBJ-UHFFFAOYSA-N,sulfonamide,*N1CC(=O)NC(=O)C1,435.42,-1.94,162.1,3,7,4,1,0.353,0.464,5.0,3.0,3.63,True,False,False,False,True,True,False,False,False,False
GLUE1003,O=C1CN(CC(=O)Nc2cccc3c2C(=O)N(C2CCC(=O)NC2=O)C3)CC(=O)N1,QHOMRSDIALBCIS-UHFFFAOYSA-N,acetamide,*N1CC(=O)NC(=O)C1,413.39,-1.66,145.0,3,7,4,1,0.368,0.501,9.5,3.0,3.04,True,False,False,False,True,True,False,False,False,False
GLUE1004,O=C1CN(NC(=O)Nc2cccc3c2C(=O)N(C2CCC(=O)NC2=O)C3)CC(=O)N1,AKTCKFDYRDPXJP-UHFFFAOYSA-N,urea,*N1CC(=O)NC(=O)C1,414.38,-1.56,157.0,4,7,3,1,0.333,0.436,9.5,2.5,2.86,True,False,False,False,True,True,False,False,False,False
GLUE1005,O=C1CN(OC(=O)Nc2cccc3c2C(=O)N(C2CCC(=O)NC2=O)C3)CC(=O)N1,LJDRBQCRXIXKGA-UHFFFAOYSA-N,carbamate,*N1CC(=O)NC(=O)C1,415.36,-1.13,154.2,3,8,3,1,0.333,0.524,9.5,3.0,3.02,True,False,False,False,True,True,False,False,False,False
GLUE1006,CC(C)(C(=O)O)C(=O)Nc1cccc2c1C(=O)N(C1CCC(=O)NC1=O)C2,PVOFGCTYIBZBQC-UHFFFAOYSA-N,amide,*C(C)(C)C(=O)O,373.37,0.5,132.9,3,5,4,1,0.389,0.52,5.0,3.0,4.07,True,False,False,False,True,True,False,False,False,False
GLUE1007,CC(C)(C(=O)O)S(=O)(=O)Nc1cccc2c1C(=O)N(C1CCC(=O)NC1=O)C2,ULYYTIJTGDJBJK-UHFFFAOYSA-N,sulfonamide,*C(C)(C)C(=O)O,409.42,0.05,149.9,3,6,5,1,0.412,0.582,5.0,3.0,3.81,True,False,False,False,True,True,False,False,False,False
GLUE1008,CC(C)(CC(=O)Nc1cccc2c1C(=O)N(C1CCC(=O)NC1=O)C2)C(=O)O,WPXCNQODPDFJKU-UHFFFAOYSA-N,acetamide,*C(C)(C)C(=O)O,387.39,0.89,132.9,3,5,5,1,0.421,0.643,5.0,3.0,3.97,True,False,False,False,True,True,False,False,False,False
GLUE1009,CC(C)(NC(=O)Nc1cccc2c1C(=O)N(C1CCC(=O)NC1=O)C2)C(=O)O,FLOHYYBOPSXKMC-UHFFFAOYSA-N,urea,*C(C)(C)C(=O)O,388.38,0.43,144.9,4,5,4,1,0.389,0.551,5.0,2.5,3.8,True,False,False,False,True,True,False,False,False,False
GLUE1010,CC(C)(OC(=O)Nc1cccc2c1C(=O)N(C1CCC(=O)NC1=O)C2)C(=O)O,AKOCJCJQGRPVMB-UHFFFAOYSA-N,carbamate,*C(C)(C)C(=O)O,389.36,0.86,142.1,3,6,4,1,0.389,0.648,5.0,3.0,3.96,True,False,False,False,True,True,False,False,False,False
GLUE1011,N=C1CCCN1C(=O)Nc1cccc2c1C(=O)N(C1CCC(=O)NC1=O)C2,ULXWYIAJLTUNFC-UHFFFAOYSA-N,amide,*N1CCCC1=N,369.38,1.05,122.7,3,5,2,1,0.389,0.674,5.0,3.0,4.1,True,False,False,False,True,True,False,False,False,False
GLUE1012,N=C1CCCN1S(=O)(=O)Nc1cccc2c1C(=O)N(C1CCC(=O)NC1=O)C2,OKJSGAQVRXWPAA-UHFFFAOYSA-N,sulfonamide,*N1CCCC1=N,405.44,0.18,139.7,3,6,4,1,0.412,0.613,5.0,3.0,3.84,True,False,False,False,True,True,False,False,False,False
GLUE1013,N=C1CCCN1CC(=O)Nc1cccc2c1C(=O)N(C1CCC(=O)NC1=O)C2,ILFAMTTVMJAJMG-UHFFFAOYSA-N,acetamide,*N1CCCC1=N,383.41,0.46,122.7,3,5,4,1,0.421,0.652,9.5,3.0,3.25,True,False,False,False,True,True,False,False,False,False
GLUE1014,N=C1CCCN1NC(=O)Nc1cccc2c1C(=O)N(C1CCC(=O)NC1=O)C2,YEWGEJWHRJBWMT-UHFFFAOYSA-N,urea,*N1CCCC1=N,384.4,0.56,134.7,4,5,3,1,0.389,0.565,9.5,2.5,3.08,True,False,False,False,True,True,False,False,False,False
GLUE1015,N=C1CCCN1OC(=O)Nc1cccc2c1C(=O)N(C1CCC(=O)NC1=O)C2,GEAJYKJEGSOKKY-UHFFFAOYSA-N,carbamate,*N1CCCC1=N,385.38,0.98,131.9,3,6,3,1,0.389,0.665,9.5,3.0,3.24,True,False,False,False,True,True,False,False,False,False
GLUE1016,O=C1CCC(N2Cc3cccc(NC(=O)c4[nH]c(=O)[nH]c(=O)c4Cl)c3C2=O)C(=O)N1,QNYKEFNNPYPDCM-UHFFFAOYSA-N,amide,*c1[nH]c(=O)[nH]c(=O)c1Cl,431.79,-0.27,161.3,4,6,3,2,0.222,0.489,5.0,2.5,3.49,True,False,False,False,True,True,False,False,False,False
GLUE1017,O=C1CCC(N2Cc3cccc(NS(=O)(=O)c4[nH]c(=O)[nH]c(=O)c4Cl)c3C2=O)C(=O)N1,OQSUCUKLXPBKPE-UHFFFAOYSA-N,sulfonamide,*c1[nH]c(=O)[nH]c(=O)c1Cl,467.85,-0.72,178.4,4,7,4,2,0.235,0.338,5.0,2.5,3.23,False,False,False,False,True,True,False,False,False,False
GLUE1018,O=C1CCC(N2Cc3cccc(NC(=O)Cc4[nH]c(=O)[nH]c(=O)c4Cl)c3C2=O)C(=O)N1,BANTZQCYAWITCX-UHFFFAOYSA-N,acetamide,*c1[nH]c(=O)[nH]c(=O)c1Cl,445.82,-0.34,161.3,4,6,4,2,0.263,0.47,5.0,2.5,3.39,True,False,False,False,True,True,False,False,False,False
GLUE1019,O=C1CCC(N2Cc3cccc(NC(=O)Nc4[nH]c(=O)[nH]c(=O)c4Cl)c3C2=O)C(=O)N1,UCZNSCQEZJGPDX-UHFFFAOYSA-N,urea,*c1[nH]c(=O)[nH]c(=O)c1Cl,446.81,0.12,173.3,5,6,3,2,0.222,0.419,5.0,2.5,3.38,True,False,False,False,True,True,False,False,False,False
GLUE1020,O=C1CCC(N2Cc3cccc(NC(=O)Oc4[nH]c(=O)[nH]c(=O)c4Cl)c3C2=O)C(=O)N1,NBFOJTBMXLLBQQ-UHFFFAOYSA-N,carbamate,*c1[nH]c(=O)[nH]c(=O)c1Cl,447.79,0.09,170.5,4,7,3,2,0.222,0.483,5.0,2.5,3.37,True,False,False,False,True,True,False,False,False,False
GLUE1021,CCCCC[C@H](O)CC(=O)Nc1cccc2c1C(=O)N(C1CCC(=O)NC1=O)C2,NVHDONXKZJNNNK-LBAUFKAWSA-N,amide,*C[C@@H](O)CCCCC,401.46,1.72,115.8,3,5,8,1,0.524,0.453,5.0,3.5,4.01,True,False,False,False,True,True,True,True,False,False
GLUE1022,CCCCC[C@H](O)CS(=O)(=O)Nc1cccc2c1C(=O)N(C1CCC(=O)NC1=O)C2,LSWITKMVPYENAF-LBAUFKAWSA-N,sulfonamide,*C[C@@H](O)CCCCC,437.52,1.13,132.9,3,6,9,1,0.55,0.392,5.0,2.5,3.61,True,False,False,False,True,True,False,False,False,False
GLUE1023,CCCCC[C@H](O)CNC(=O)Nc1cccc2c1C(=O)N(C1CCC(=O)NC1=O)C2,XJTJMWCYSYJRTK-LBAUFKAWSA-N,urea,*C[C@@H](O)CCCCC,416.48,1.51,127.8,4,5,8,1,0.524,0.377,5.0,2.5,3.6,True,False,False,False,True,True,False,False,False,False
GLUE1024,CCCCC[C@H](O)COC(=O)Nc1cccc2c1C(=O)N(C1CCC(=O)NC1=O)C2,IWFJMNSWPPKFGF-LBAUFKAWSA-N,carbamate,*C[C@@H](O)CCCCC,417.46,1.94,125.0,3,6,8,1,0.524,0.438,5.0,3.0,3.76,True,False,False,False,True,True,False,False,False,False
GLUE1025,Nc1nc(Cl)nc2c1ncn2C(=O)Nc1cccc2c1C(=O)N(C1CCC(=O)NC1=O)C2,CVBRGLFKSPVWLS-UHFFFAOYSA-N,amide,*n1cnc2c(N)nc(Cl)nc21,454.83,0.9,165.2,3,8,2,3,0.211,0.379,4.5,3.0,3.49,False,False,False,False,True,True,False,False,False,False
GLUE1026,Nc1nc(Cl)nc2c1ncn2S(=O)(=O)Nc1cccc2c1C(=O)N(C1CCC(=O)NC1=O)C2,SFEVSHFMADMBKV-UHFFFAOYSA-N,sulfonamide,*n1cnc2c(N)nc(Cl)nc21,490.89,0.03,182.3,3,9,4,3,0.222,0.335,4.5,3.0,3.23,False,False,False,False,True,True,False,False,False,False
GLUE1027,Nc1nc(Cl)nc2c1ncn2CC(=O)Nc1cccc2c1C(=O)N(C1CCC(=O)NC1=O)C2,ZFKPKZWDOOSKPL-UHFFFAOYSA-N,acetamide,*n1cnc2c(N)nc(Cl)nc21,468.86,0.46,165.2,3,8,4,3,0.25,0.367,4.5,3.0,3.39,False,False,False,False,True,True,False,False,False,False
GLUE1028,Nc1nc(Cl)nc2c1ncn2NC(=O)Nc1cccc2c1C(=O)N(C1CCC(=O)NC1=O)C2,UYFZIKSPWZNFLU-UHFFFAOYSA-N,urea,*n1cnc2c(N)nc(Cl)nc21,469.85,0.6,177.2,4,8,3,3,0.211,0.318,4.5,2.5,3.22,False,False,False,False,True,True,False,False,False,False
GLUE1029,Nc1nc(Cl)nc2c1ncn2OC(=O)Nc1cccc2c1C(=O)N(C1CCC(=O)NC1=O)C2,YBERUXAJFAJUJQ-UHFFFAOYSA-N,carbamate,*n1cnc2c(N)nc(Cl)nc21,470.83,0.48,174.4,3,9,3,3,0.211,0.363,4.5,3.0,3.38,False,False,False,False,True,True,False,False,False,False
GLUE1030,Cc1ccc(C(=O)Nc2cccc3c2C(=O)N(C2CCC(=O)NC2=O)C3)cc1S(N)(=O)=O,XTNNJSYRWWARNN-UHFFFAOYSA-N,amide,*c1ccc(C)c(S(N)(=O)=O)c1,456.48,0.66,155.7,3,6,4,2,0.238,0.574,5.0,3.0,3.48,False,False,False,False,True,True,False,False,False,False
GLUE1031,Cc1ccc(S(=O)(=O)Nc2cccc3c2C(=O)N(C2CCC(=O)NC2=O)C3)cc1S(N)(=O)=O,RGWHMNUNVCJTAS-UHFFFAOYSA-N,sulfonamide,*c1ccc(C)c(S(N)(=O)=O)c1,492.54,0.2,172.8,3,7,5,2,0.25,0.5,5.0,3.0,3.22,False,False,False,False,True,True,False,False,False,False
GLUE1032,Cc1ccc(CC(=O)Nc2cccc3c2C(=O)N(C2CCC(=O)NC2=O)C3)cc1S(N)(=O)=O,WBJMCARVLYYFGZ-UHFFFAOYSA-N,acetamide,*c1ccc(C)c(S(N)(=O)=O)c1,470.51,0.58,155.7,3,6,5,2,0.273,0.543,5.0,3.0,3.38,False,False,False,False,True,True,False,False,False,False
GLUE1033,Cc1ccc(NC(=O)Nc2cccc3c2C(=O)N(C2CCC(=O)NC2=O)C3)cc1S(N)(=O)=O,YVIPJTPQPCOXBA-UHFFFAOYSA-N,urea,*c1ccc(C)c(S(N)(=O)=O)c1,471.5,1.05,167.8,4,6,4,2,0.238,0.486,5.0,2.5,3.2,False,False,False,False,True,True,False,False,False,False
GLUE1034,Cc1ccc(OC(=O)Nc2cccc3c2C(=O)N(C2CCC(=O)NC2=O)C3)cc1S(N)(=O)=O,GBBGEEJSUFMVFT-UHFFFAOYSA-N,carbamate,*c1ccc(C)c(S(N)(=O)=O)c1,472.48,1.01,165.0,3,7,4,2,0.238,0.559,5.0,3.0,3.36,False,False,False,False,True,True,False,False,False,False
GLUE1035,Cc1[nH]c(=O)c(C#N)cc1C(=O)Nc1cccc2c1C(=O)N(C1CCC(=O)NC1=O)C2,DLAFFQRGYRCFOK-UHFFFAOYSA-N,amide,*c1cc(C#N)c(=O)[nH]c1C,419.4,0.57,152.2,3,6,3,2,0.238,0.619,5.0,3.0,3.74,True,False,False,False,True,True,False,False,False,False
GLUE1036,Cc1[nH]c(=O)c(C#N)cc1S(=O)(=O)Nc1cccc2c1C(=O)N(C1CCC(=O)NC1=O)C2,YOOFKOSZRNNBDK-UHFFFAOYSA-N,sulfonamide,*c1cc(C#N)c(=O)[nH]c1C,455.45,0.12,169.3,3,7,4,2,0.25,0.55,5.0,3.0,3.48,False,False,False,False,True,True,False,False,False,False
GLUE1037,Cc1[nH]c(=O)c(C#N)cc1CC(=O)Nc1cccc2c1C(=O)N(C1CCC(=O)NC1=O)C2,ZRKOXDIFKNURDV-UHFFFAOYSA-N,acetamide,*c1cc(C#N)c(=O)[nH]c1C,433.42,0.5,152.2,3,6,4,2,0.273,0.597,5.0,3.0,3.64,True,False,False,False,True,True,False,False,False,False
GLUE1038,Cc1[nH]c(=O)c(C#N)cc1NC(=O)Nc1cccc2c1C(=O)N(C1CCC(=O)NC1=O)C2,YFNVREPIAPBDBV-UHFFFAOYSA-N,urea,*c1cc(C#N)c(=O)[nH]c1C,434.41,0.96,164.3,4,6,3,2,0.238,0.526,5.0,2.5,3.47,True,False,False,False,True,True,False,False,False,False
GLUE1039,Cc1[nH]c(=O)c(C#N)cc1OC(=O)Nc1cccc2c1C(=O)N(C1CCC(=O)NC1=O)C2,USMYLXRRNWYXGR-UHFFFAOYSA-N,carbamate,*c1cc(C#N)c(=O)[nH]c1C,435.4,0.93,161.5,3,7,3,2,0.238,0.604,5.0,3.0,3.63,True,False,False,False,True,True,False,False,False,False
GLUE1040,Cc1cccc(Cl)c1C(=O)Nc1cccc2c1C(=O)N(C1CCC(=O)NC1=O)C2,ZSVWQELJFCDCGE-UHFFFAOYSA-N,amide,*c1c(C)cccc1Cl,411.85,2.66,95.6,2,4,3,2,0.238,0.759,5.0,3.5,4.86,True,True,False,False,True,True,True,True,False,True
GLUE1041,Cc1cccc(Cl)c1S(=O)(=O)Nc1cccc2c1C(=O)N(C1CCC(=O)NC1=O)C2,INZUYLWPQDGJDO-UHFFFAOYSA-N,sulfonamide,*c1c(C)cccc1Cl,447.9,2.21,112.7,2,5,4,2,0.25,0.698,5.0,3.5,4.12,True,True,False,False,True,True,True,True,False,True
GLUE1042,Cc1cccc(Cl)c1CC(=O)Nc1cccc2c1C(=O)N(C1CCC(=O)NC1=O)C2,JAVUQYPLETXCAK-UHFFFAOYSA-N,acetamide,*c1c(C)cccc1Cl,425.87,2.59,95.6,2,4,4,2,0.273,0.736,5.0,3.5,4.8,True,True,False,False,True,True,True,True,False,True
GLUE1043,Cc1cccc(Cl)c1NC(=O)Nc1cccc2c1C(=O)N(C1CCC(=O)NC1=O)C2,WISMYPMJSMPDPG-UHFFFAOYSA-N,urea,*c1c(C)cccc1Cl,426.86,3.05,107.6,3,4,3,2,0.238,0.655,5.0,3.0,3.8,True,True,False,False,True,True,True,False,False,False
GLUE1044,Cc1cccc(Cl)c1OC(=O)Nc1cccc2c1C(=O)N(C1CCC(=O)NC1=O)C2,PBFOYXAGKCCJNO-UHFFFAOYSA-N,carbamate,*c1c(C)cccc1Cl,427.84,3.02,104.8,2,5,3,2,0.238,0.732,5.0,3.0,4.25,True,True,False,False,True,True,True,False,False,False
GLUE1045,O=C1CCC(N2Cc3cccc(NC(=O)C(CO)CO)c3C2=O)C(=O)N1,UVHZXFZYIYKEPL-UHFFFAOYSA-N,amide,*C(CO)CO,361.35,-1.01,136.0,4,6,5,1,0.412,0.496,5.0,2.5,3.99,True,False,False,False,True,True,False,False,False,False
GLUE1046,O=C1CCC(N2Cc3cccc(NS(=O)(=O)C(CO)CO)c3C2=O)C(=O)N1,BGOPAZKIMGHONL-UHFFFAOYSA-N,sulfonamide,*C(CO)CO,397.41,-1.46,153.1,4,7,6,1,0.438,0.428,5.0,2.5,3.73,True,False,False,False,True,True,False,False,False,False
GLUE1047,O=C1CCC(N2Cc3cccc(NC(=O)CC(CO)CO)c3C2=O)C(=O)N1,KIYDTZGTYIEJJZ-UHFFFAOYSA-N,acetamide,*C(CO)CO,375.38,-0.62,136.0,4,6,6,1,0.444,0.489,5.0,2.5,3.89,True,False,False,False,True,True,False,False,False,False
GLUE1048,O=C1CCC(N2Cc3cccc(NC(=O)NC(CO)CO)c3C2=O)C(=O)N1,MGBRGAWGTWWINA-UHFFFAOYSA-N,urea,*C(CO)CO,376.37,-1.08,148.1,5,6,5,1,0.412,0.413,5.0,2.5,3.88,True,False,False,False,True,True,False,False,False,False
GLUE1049,O=C1CCC(N2Cc3cccc(NC(=O)OC(CO)CO)c3C2=O)C(=O)N1,GELLRTUBTFKGGA-UHFFFAOYSA-N,carbamate,*C(CO)CO,377.35,-0.65,145.3,4,7,5,1,0.412,0.499,5.0,2.5,3.88,True,False,False,False,True,True,False,False,False,False
GLUE1050,N#CCC(=O)C(=O)Nc1cccc2c1C(=O)N(C1CCC(=O)NC1=O)C2,MFORVHSRRZOUSC-UHFFFAOYSA-N,amide,*C(=O)CC#N,354.32,-0.13,136.4,2,6,4,1,0.294,0.571,5.0,3.5,4.5,True,False,False,False,True,True,False,True,False,False
GLUE1051,N#CCC(=O)S(=O)(=O)Nc1cccc2c1C(=O)N(C1CCC(=O)NC1=O)C2,GEPRFQORJKFCDZ-UHFFFAOYSA-N,sulfonamide,*C(=O)CC#N,390.38,-0.37,153.5,2,7,4,1,0.312,0.665,5.0,3.0,4.28,True,False,False,False,True,True,False,False,False,False
GLUE1052,N#CCC(=O)CC(=O)Nc1cccc2c1C(=O)N(C1CCC(=O)NC1=O)C2,VBDULCFMSJBRGP-UHFFFAOYSA-N,acetamide,*C(=O)CC#N,368.35,0.26,136.4,2,6,5,1,0.333,0.565,5.0,3.0,4.44,True,False,False,False,True,True,False,False,False,False
GLUE1053,N#CCC(=O)NC(=O)Nc1cccc2c1C(=O)N(C1CCC(=O)NC1=O)C2,SHPYMVTZLJEFLN-UHFFFAOYSA-N,urea,*C(=O)CC#N,369.34,0.01,148.5,3,6,3,1,0.294,0.639,5.0,3.0,4.1,True,False,False,False,True,True,False,False,False,False
GLUE1054,N#CCC(=O)OC(=O)Nc1cccc2c1C(=O)N(C1CCC(=O)NC1=O)C2,UITGYOVVFUTOJT-UHFFFAOYSA-N,carbamate,*C(=O)CC#N,370.32,0.44,145.7,2,7,3,1,0.294,0.446,5.0,3.0,4.43,True,False,False,False,True,True,False,False,False,False
GLUE1055,CO/N=C(\C(=O)C(=O)Nc1cccc2c1C(=O)N(C1CCC(=O)NC1=O)C2)c1ccco1,QYYFFHPFHLSDDX-ULJHMMPZSA-N,amide,*C(=O)/C(=N\OC)c1ccco1,438.4,0.6,147.4,2,8,6,2,0.238,0.29,5.0,3.0,3.94,True,False,False,False,False,True,False,False,False,False
GLUE1056,CO/N=C(\C(=O)S(=O)(=O)Nc1cccc2c1C(=O)N(C1CCC(=O)NC1=O)C2)c1ccco1,FDGQFDQVQVTBGE-XLNRJJMWSA-N,sulfonamide,*C(=O)/C(=N\OC)c1ccco1,474.45,0.36,164.4,2,9,6,2,0.25,0.344,5.0,3.0,3.68,False,False,False,False,False,True,False,False,False,False
GLUE1057,CO/N=C(\C(=O)CC(=O)Nc1cccc2c1C(=O)N(C1CCC(=O)NC1=O)C2)c1ccco1,XWNVALZXLDZZSY-LKUDQCMESA-N,acetamide,*C(=O)/C(=N\OC)c1ccco1,452.42,0.99,147.4,2,8,7,2,0.273,0.275,5.0,3.0,3.84,False,False,False,False,False,True,False,False,False,False
GLUE1058,CO/N=C(\C(=O)NC(=O)Nc1cccc2c1C(=O)N(C1CCC(=O)NC1=O)C2)c1ccco1,PFFZVDPMRUYWLL-UQQQWYQISA-N,urea,*C(=O)/C(=N\OC)c1ccco1,453.41,0.74,159.4,3,8,5,2,0.238,0.342,5.0,3.0,3.5,False,False,False,False,True,True,False,False,False,False
GLUE1059,CO/N=C(\C(=O)OC(=O)Nc1cccc2c1C(=O)N(C1CCC(=O)NC1=O)C2)c1ccco1,LTMSDJQBAGZECF-ULJHMMPZSA-N,carbamate,*C(=O)/C(=N\OC)c1ccco1,454.4,1.17,156.6,2,9,5,2,0.238,0.224,5.0,3.0,3.83,False,False,False,False,True,True,False,False,False,False
GLUE1060,C[N+]1(C(=O)Nc2cccc3c2C(=O)N(C2CCC(=O)NC2=O)C3)CCCC1,BXNTYFMQZCITMZ-UHFFFAOYSA-O,amide,*[N+]1(C)CCCC1,371.42,1.22,95.6,2,4,2,1,0.474,0.604,5.0,3.5,5.23,True,False,False,False,True,True,True,True,False,False
GLUE1061,C[N+]1(S(=O)(=O)Nc2cccc3c2C(=O)N(C2CCC(=O)NC2=O)C3)CCCC1,IAMVVNYJKLLYCP-UHFFFAOYSA-O,sulfonamide,*[N+]1(C)CCCC1,407.47,0.34,112.7,2,5,4,1,0.5,0.552,5.0,3.5,4.41,True,False,False,False,True,True,True,True,False,False
GLUE1062,C[N+]1(CC(=O)Nc2cccc3c2C(=O)N(C2CCC(=O)NC2=O)C3)CCCC1,WFLQGAHICCTZDF-UHFFFAOYSA-O,acetamide,*[N+]1(C)CCCC1,385.44,0.63,95.6,2,4,4,1,0.5,0.587,5.0,3.5,5.13,True,False,False,False,True,True,True,True,False,False
GLUE1063,C[N+]1(NC(=O)Nc2cccc3c2C(=O)N(C2CCC(=O)NC2=O)C3)CCCC1,YQJZPRWFJJTHLA-UHFFFAOYSA-O,urea,*[N+]1(C)CCCC1,386.43,0.72,107.6,3,4,3,1,0.474,0.526,5.0,3.5,4.39,True,False,False,False,True,True,True,True,False,False
GLUE1064,C[N+]1(OC(=O)Nc2cccc3c2C(=O)N(C2CCC(=O)NC2=O)C3)CCCC1,ZEVKPCFCQNTPEI-UHFFFAOYSA-O,carbamate,*[N+]1(C)CCCC1,387.42,1.15,104.8,2,5,3,1,0.474,0.598,5.0,3.5,4.81,True,False,False,False,True,True,True,True,False,False
GLUE1065,NC[C@H](O)C(=O)Nc1cccc2c1C(=O)N(C1CCC(=O)NC1=O)C2,KQCVYXMJQQMCKT-DTIOYNMSSA-N,amide,*[C@@H](O)CN,346.34,-1.29,141.8,4,6,4,1,0.375,0.5,9.0,3.0,3.5,True,False,False,False,True,True,False,False,False,False
GLUE1066,NC[C@H](O)S(=O)(=O)Nc1cccc2c1C(=O)N(C1CCC(=O)NC1=O)C2,CYAALOBTJOPAJS-TVKKRMFBSA-N,sulfonamide,*[C@@H](O)CN,382.4,-1.53,158.9,4,7,5,1,0.4,0.449,9.0,2.5,3.34,True,False,False,False,True,True,False,False,False,False
GLUE1067,NC[C@H](O)CC(=O)Nc1cccc2c1C(=O)N(C1CCC(=O)NC1=O)C2,QPIDGYMKTIYVOZ-RWANSRKNSA-N,acetamide,*[C@@H](O)CN,360.37,-0.9,141.8,4,6,5,1,0.412,0.501,9.0,2.5,3.5,True,False,False,False,True,True,False,False,False,False
GLUE1068,NC[C@H](O)NC(=O)Nc1cccc2c1C(=O)N(C1CCC(=O)NC1=O)C2,LXVCGSDMHATTRP-KFJBMODSSA-N,urea,*[C@@H](O)CN,361.36,-1.15,153.9,5,6,4,1,0.375,0.337,9.0,2.5,3.49,True,False,False,False,True,True,False,False,False,False
GLUE1069,NC[C@H](O)OC(=O)Nc1cccc2c1C(=O)N(C1CCC(=O)NC1=O)C2,GQBUEIOEKGUESN-TVKKRMFBSA-N,carbamate,*[C@@H](O)CN,362.34,-0.73,151.1,4,7,4,1,0.375,0.407,9.0,2.5,3.48,True,False,False,False,True,True,False,False,False,False
GLUE1070,O=C1CCC(N2Cc3cccc(NC(=O)C(=O)C(=O)O)c3C2=O)C(=O)N1,KQRFETJMIFNSSC-UHFFFAOYSA-N,amide,*C(=O)C(=O)O,359.29,-0.96,150.0,3,6,4,1,0.25,0.356,5.0,3.5,4.17,True,False,False,False,True,True,False,True,False,False
GLUE1071,O=C1CCC(N2Cc3cccc(NS(=O)(=O)C(=O)C(=O)O)c3C2=O)C(=O)N1,PWRCJDMGLIGDCJ-UHFFFAOYSA-N,sulfonamide,*C(=O)C(=O)O,395.35,-1.2,167.0,3,7,3,1,0.267,0.424,5.0,3.0,3.91,True,False,False,False,True,True,False,False,False,False
GLUE1072,O=C1CCC(N2Cc3cccc(NC(=O)CC(=O)C(=O)O)c3C2=O)C(=O)N1,IXZBMVTZVGFBAG-UHFFFAOYSA-N,acetamide,*C(=O)C(=O)O,373.32,-0.57,150.0,3,6,5,1,0.294,0.355,5.0,3.0,4.07,True,False,False,False,True,True,False,False,False,False
GLUE1073,O=C1CCC(N2Cc3cccc(NC(=O)NC(=O)C(=O)O)c3C2=O)C(=O)N1,IYYOBOMOUQRGDQ-UHFFFAOYSA-N,urea,*C(=O)C(=O)O,374.31,-0.82,162.0,4,6,2,1,0.25,0.388,5.0,2.5,3.9,True,False,False,False,True,True,False,False,False,False
GLUE1074,O=C1CCC(N2Cc3cccc(NC(=O)OC(=O)C(=O)O)c3C2=O)C(=O)N1,UXQVYZHSENGETQ-UHFFFAOYSA-N,carbamate,*C(=O)C(=O)O,375.29,-0.39,159.2,3,7,2,1,0.25,0.273,5.0,3.0,4.06,True,False,False,False,True,True,False,False,False,False
GLUE1075,C/N=C(\NC)NC(=O)Nc1cccc2c1C(=O)N(C1CCC(=O)NC1=O)C2,YPTACVLMWHWHML-UHFFFAOYSA-N,amide,*N/C(=N/C)NC,372.39,-0.23,132.0,4,5,2,1,0.353,0.324,9.0,2.5,3.41,True,False,False,False,True,True,False,False,False,False
GLUE1076,C/N=C(\NC)NS(=O)(=O)Nc1cccc2c1C(=O)N(C1CCC(=O)NC1=O)C2,QOIGGBQSVXBVHK-UHFFFAOYSA-N,sulfonamide,*N/C(=N/C)NC,408.44,-1.1,149.1,4,6,4,1,0.375,0.282,9.0,2.5,3.15,True,False,False,False,True,True,False,False,False,False
GLUE1077,C/N=C(\NC)NCC(=O)Nc1cccc2c1C(=O)N(C1CCC(=O)NC1=O)C2,IKZRSEALBABXGU-UHFFFAOYSA-N,acetamide,*N/C(=N/C)NC,386.41,-0.82,132.0,4,5,4,1,0.389,0.304,9.0,2.5,3.31,True,False,False,False,True,True,False,False,False,False
GLUE1078,C/N=C(\NC)NNC(=O)Nc1cccc2c1C(=O)N(C1CCC(=O)NC1=O)C2,IVEXUTLGHBEMGQ-UHFFFAOYSA-N,urea,*N/C(=N/C)NC,387.4,-0.72,144.0,5,5,2,1,0.353,0.196,9.0,2.5,3.3,True,False,False,False,True,True,False,False,False,False
GLUE1079,C/N=C(\NC)NOC(=O)Nc1cccc2c1C(=O)N(C1CCC(=O)NC1=O)C2,PNTYQNSAKJFCET-UHFFFAOYSA-N,carbamate,*N/C(=N/C)NC,388.38,-0.29,141.2,4,6,2,1,0.353,0.236,9.0,2.5,3.3,True,False,False,False,True,True,False,False,False,False
GLUE1080,O=C1CCC(N2Cc3cccc(NC(=O)c4cccc5c4CCCC5=O)c3C2=O)C(=O)N1,NLJHDYJQVQHXLA-UHFFFAOYSA-N,amide,*c1cccc2c1CCCC2=O,431.45,2.22,112.7,2,5,3,2,0.292,0.724,5.0,3.5,4.23,True,True,False,False,True,True,True,True,False,True
GLUE1081,O=C1CCC(N2Cc3cccc(NS(=O)(=O)c4cccc5c4CCCC5=O)c3C2=O)C(=O)N1,LUKOZIQWWVMWKR-UHFFFAOYSA-N,sulfonamide,*c1cccc2c1CCCC2=O,467.5,1.77,129.7,2,6,4,2,0.304,0.659,5.0,3.0,3.73,False,False,False,False,True,True,False,False,False,False
GLUE1082,O=C1CCC(N2Cc3cccc(NC(=O)Cc4cccc5c4CCCC5=O)c3C2=O)C(=O)N1,XPPRFXOOHWFKKP-UHFFFAOYSA-N,acetamide,*c1cccc2c1CCCC2=O,445.48,2.15,112.7,2,5,4,2,0.32,0.701,5.0,3.5,4.13,True,True,False,False,True,True,True,True,False,True
GLUE1083,O=C1CCC(N2Cc3cccc(NC(=O)Nc4cccc5c4CCCC5=O)c3C2=O)C(=O)N1,ZSIIMFVEAZNDCL-UHFFFAOYSA-N,urea,*c1cccc2c1CCCC2=O,446.46,2.61,124.7,3,5,3,2,0.292,0.625,5.0,3.0,3.49,True,True,False,False,True,True,False,False,False,False
GLUE1084,O=C1CCC(N2Cc3cccc(NC(=O)Oc4cccc5c4CCCC5=O)c3C2=O)C(=O)N1,OJNBAHQVQUTDAT-UHFFFAOYSA-N,carbamate,*c1cccc2c1CCCC2=O,447.45,2.58,121.9,2,6,3,2,0.292,0.698,5.0,3.0,3.84,True,True,False,False,True,True,False,False,False,False
GLUE1085,O=C1CCC(N2Cc3cccc(NC(=O)c4ccsc4)c3C2=O)C(=O)N1,XCFDDSRJRCMCDJ-UHFFFAOYSA-N,amide,*c1ccsc1,369.4,1.76,95.6,2,5,3,2,0.222,0.806,5.0,3.5,5.25,True,False,False,False,True,True,True,True,False,False
GLUE1086,O=C1CCC(N2Cc3cccc(NS(=O)(=O)c4ccsc4)c3C2=O)C(=O)N1,OQZCTPANSYDRMI-UHFFFAOYSA-N,sulfonamide,*c1ccsc1,405.46,1.31,112.7,2,6,4,2,0.235,0.745,5.0,3.5,4.42,True,False,False,False,True,True,True,True,False,False
GLUE1087,O=C1CCC(N2Cc3cccc(NC(=O)Cc4ccsc4)c3C2=O)C(=O)N1,AXBHDSBWJIRJLZ-UHFFFAOYSA-N,acetamide,*c1ccsc1,383.43,1.69,95.6,2,5,4,2,0.263,0.786,5.0,3.5,5.15,True,False,False,False,True,True,True,True,False,False
GLUE1088,O=C1CCC(N2Cc3cccc(NC(=O)Nc4ccsc4)c3C2=O)C(=O)N1,RRNMNONONFJSOR-UHFFFAOYSA-N,urea,*c1ccsc1,384.42,2.15,107.6,3,5,3,2,0.222,0.705,5.0,3.5,4.41,True,True,False,False,True,True,True,True,False,True
GLUE1089,O=C1CCC(N2Cc3cccc(NC(=O)Oc4ccsc4)c3C2=O)C(=O)N1,YFRBISNNFLDKIZ-UHFFFAOYSA-N,carbamate,*c1ccsc1,385.4,2.12,104.8,2,6,3,2,0.222,0.788,5.0,3.5,4.82,True,True,False,False,True,True,True,True,False,True
GLUE1090,Cc1cccn2c(=O)c(C(=O)Nc3cccc4c3C(=O)N(C3CCC(=O)NC3=O)C4)cnc12,GFBKTRVQBCIXKB-UHFFFAOYSA-N,amide,*c1cnc2c(C)cccn2c1=O,445.44,1.02,129.9,2,6,3,3,0.217,0.579,5.0,3.0,3.89,True,False,False,False,True,True,False,False,False,False
GLUE1091,Cc1cccn2c(=O)c(S(=O)(=O)Nc3cccc4c3C(=O)N(C3CCC(=O)NC3=O)C4)cnc12,UNGXEIVBYPZKED-UHFFFAOYSA-N,sulfonamide,*c1cnc2c(C)cccn2c1=O,481.49,0.56,147.0,2,7,4,3,0.227,0.518,5.0,3.0,3.63,False,False,False,False,True,True,False,False,False,False
GLUE1092,Cc1cccn2c(=O)c(CC(=O)Nc3cccc4c3C(=O)N(C3CCC(=O)NC3=O)C4)cnc12,OAELCLWOBDZEQF-UHFFFAOYSA-N,acetamide,*c1cnc2c(C)cccn2c1=O,459.46,0.95,129.9,2,6,4,3,0.25,0.559,5.0,3.0,3.79,False,False,False,False,True,True,False,False,False,False
GLUE1093,Cc1cccn2c(=O)c(NC(=O)Nc3cccc4c3C(=O)N(C3CCC(=O)NC3=O)C4)cnc12,OVJNTHRQXWHMSH-UHFFFAOYSA-N,urea,*c1cnc2c(C)cccn2c1=O,460.45,1.41,142.0,3,6,3,3,0.217,0.505,5.0,3.0,3.45,False,False,False,False,True,True,False,False,False,False
GLUE1094,Cc1cccn2c(=O)c(OC(=O)Nc3cccc4c3C(=O)N(C3CCC(=O)NC3=O)C4)cnc12,RLUXXVMLYYVXSA-UHFFFAOYSA-N,carbamate,*c1cnc2c(C)cccn2c1=O,461.43,1.37,139.2,2,7,3,3,0.217,0.562,5.0,3.0,3.78,False,False,False,False,True,True,False,False,False,False
GLUE1095,N#C[C@@H]1C[C@@H]2C[C@@H]2N1C(=O)Nc1cccc2c1C(=O)N(C1CCC(=O)NC1=O)C2,AFCYHYODWBASAE-RAZXKKGZSA-N,amide,*N1[C@H](C#N)C[C@@H]2C[C@@H]21,393.4,0.97,122.6,2,5,2,1,0.45,0.725,5.0,3.0,4.26,True,False,False,False,True,True,False,False,False,False
GLUE1096,N#C[C@@H]1C[C@@H]2C[C@@H]2N1S(=O)(=O)Nc1cccc2c1C(=O)N(C1CCC(=O)NC1=O)C2,BHGXGKHNIUJGJN-RAZXKKGZSA-N,sulfonamide,*N1[C@H](C#N)C[C@@H]2C[C@@H]21,429.46,0.09,139.7,2,6,4,1,0.474,0.65,5.0,3.0,4.0,True,False,False,False,True,True,False,False,False,False
GLUE1097,N#C[C@@H]1C[C@@H]2C[C@@H]2N1CC(=O)Nc1cccc2c1C(=O)N(C1CCC(=O)NC1=O)C2,AADYWOGMAJLSEV-JNPCOIHVSA-N,acetamide,*N1[C@H](C#N)C[C@@H]2C[C@@H]21,407.43,0.37,122.6,2,6,4,1,0.476,0.696,9.5,3.0,3.41,True,False,False,False,True,True,False,False,False,False
GLUE1098,N#C[C@@H]1C[C@@H]2C[C@@H]2N1NC(=O)Nc1cccc2c1C(=O)N(C1CCC(=O)NC1=O)C2,GAWNCHIUOWDQIU-RAZXKKGZSA-N,urea,*N1[C@H](C#N)C[C@@H]2C[C@@H]21,408.42,0.47,134.6,3,6,3,1,0.45,0.623,9.5,3.0,3.07,True,False,False,False,True,True,False,False,False,False
GLUE1099,N#C[C@@H]1C[C@@H]2C[C@@H]2N1OC(=O)Nc1cccc2c1C(=O)N(C1CCC(=O)NC1=O)C2,CADIIUFCVAPCIC-RAZXKKGZSA-N,carbamate,*N1[C@H](C#N)C[C@@H]2C[C@@H]21,409.4,0.9,131.8,2,7,3,1,0.45,0.709,9.5,3.0,3.4,True,False,False,False,True,True,False,False,False,False
GLUE1100,O=C1CCC(N2Cc3cccc(NC(=O)c4c([O-])c5ccccc5oc4=O)c3C2=O)C(=O)N1,RXZQNPDKMPLCLL-UHFFFAOYSA-M,amide,*c1c([O-])c2ccccc2oc1=O,446.4,0.88,148.8,2,7,3,3,0.174,0.448,5.0,3.0,3.88,True,False,False,False,True,True,False,False,False,False
GLUE1101,O=C1CCC(N2Cc3cccc(NS(=O)(=O)c4c([O-])c5ccccc5oc4=O)c3C2=O)C(=O)N1,STAQPWBHTWGOKC-UHFFFAOYSA-M,sulfonamide,*c1c([O-])c2ccccc2oc1=O,482.45,0.43,165.9,2,8,4,3,0.182,0.399,5.0,3.0,3.63,False,False,False,False,True,True,False,False,False,False
GLUE1102,O=C1CCC(N2Cc3cccc(NC(=O)Cc4c([O-])c5ccccc5oc4=O)c3C2=O)C(=O)N1,NELJRMTUCRPUIH-UHFFFAOYSA-M,acetamide,*c1c([O-])c2ccccc2oc1=O,460.42,0.81,148.8,2,7,4,3,0.208,0.432,5.0,3.0,3.78,False,False,False,False,True,True,False,False,False,False
GLUE1103,O=C1CCC(N2Cc3cccc(NC(=O)Nc4c([O-])c5ccccc5oc4=O)c3C2=O)C(=O)N1,JHOQXICUNQBXEE-UHFFFAOYSA-M,urea,*c1c([O-])c2ccccc2oc1=O,461.41,1.27,160.9,3,7,3,3,0.174,0.391,5.0,3.0,3.44,False,False,False,False,True,True,False,False,False,False
GLUE1104,O=C1CCC(N2Cc3cccc(NC(=O)Oc4c([O-])c5ccccc5oc4=O)c3C2=O)C(=O)N1,HSLVXYXFGZGKLA-UHFFFAOYSA-M,carbamate,*c1c([O-])c2ccccc2oc1=O,462.39,1.24,158.1,2,8,3,3,0.174,0.435,5.0,3.0,3.77,False,False,False,False,True,True,False,False,False,False
GLUE1105,O=C1CCC(N2Cc3cccc(NC(=O)c4ccoc4)c3C2=O)C(=O)N1,NIUZLZHSKAMKOE-UHFFFAOYSA-N,amide,*c1ccoc1,353.33,1.29,108.7,2,5,3,2,0.222,0.809,5.0,4.0,4.88,True,False,False,True,True,True,True,True,False,False
GLUE1106,O=C1CCC(N2Cc3cccc(NS(=O)(=O)c4ccoc4)c3C2=O)C(=O)N1,MGDYQMLQTNMQLA-UHFFFAOYSA-N,sulfonamide,*c1ccoc1,389.39,0.84,125.8,2,6,4,2,0.235,0.747,5.0,3.0,4.29,True,False,False,False,True,True,False,False,False,False
GLUE1107,O=C1CCC(N2Cc3cccc(NC(=O)Cc4ccoc4)c3C2=O)C(=O)N1,VQRGFWGLJLALLN-UHFFFAOYSA-N,acetamide,*c1ccoc1,367.36,1.22,108.7,2,5,4,2,0.263,0.79,5.0,3.5,4.82,True,False,False,False,True,True,True,True,False,False
GLUE1108,O=C1CCC(N2Cc3cccc(NC(=O)Nc4ccoc4)c3C2=O)C(=O)N1,ZZNMPTYTNCUTPL-UHFFFAOYSA-N,urea,*c1ccoc1,368.35,1.68,120.8,3,5,3,2,0.222,0.712,5.0,3.0,4.11,True,False,False,False,True,True,False,False,False,False
GLUE1109,O=C1CCC(N2Cc3cccc(NC(=O)Oc4ccoc4)c3C2=O)C(=O)N1,GMLQQUVSHHXWFV-UHFFFAOYSA-N,carbamate,*c1ccoc1,369.33,1.65,117.9,2,6,3,2,0.222,0.795,5.0,3.5,4.5,True,False,False,False,True,True,True,True,False,False
GLUE1110,O=C1CCC(N2Cc3cccc(NC(=O)c4ncnc5[nH]cnc45)c3C2=O)C(=O)N1,QTPMDPKYLBADML-UHFFFAOYSA-N,amide,*c1ncnc2[nH]cnc12,405.37,0.37,150.0,3,7,3,3,0.211,0.533,5.0,3.0,3.84,True,False,False,False,True,True,False,False,False,False
GLUE1111,O=C1CCC(N2Cc3cccc(NS(=O)(=O)c4ncnc5[nH]cnc45)c3C2=O)C(=O)N1,BGGNJWZTJXMENQ-UHFFFAOYSA-N,sulfonamide,*c1ncnc2[nH]cnc12,441.43,-0.09,167.1,3,8,4,3,0.222,0.373,5.0,3.0,3.59,True,False,False,False,True,True,False,False,False,False
GLUE1112,O=C1CCC(N2Cc3cccc(NC(=O)Cc4ncnc5[nH]cnc45)c3C2=O)C(=O)N1,JQSNKMKKZWESPZ-UHFFFAOYSA-N,acetamide,*c1ncnc2[nH]cnc12,419.4,0.3,150.0,3,7,4,3,0.25,0.515,5.0,3.0,3.74,True,False,False,False,True,True,False,False,False,False
GLUE1113,O=C1CCC(N2Cc3cccc(NC(=O)Nc4ncnc5[nH]cnc45)c3C2=O)C(=O)N1,XYTRLMJADSSKBR-UHFFFAOYSA-N,urea,*c1ncnc2[nH]cnc12,420.39,0.76,162.1,4,7,3,3,0.211,0.455,5.0,2.5,3.57,True,False,False,False,True,True,False,False,False,False
GLUE1114,O=C1CCC(N2Cc3cccc(NC(=O)Oc4ncnc5[nH]cnc45)c3C2=O)C(=O)N1,LFEDEBFECGKBFI-UHFFFAOYSA-N,carbamate,*c1ncnc2[nH]cnc12,421.37,0.72,159.3,3,8,3,3,0.211,0.522,5.0,3.0,3.73,True,False,False,False,True,True,False,False,False,False
GLUE1115,Nc1ncn(C(=O)Nc2cccc3c2C(=O)N(C2CCC(=O)NC2=O)C3)c(=O)n1,CLCGGORHGWGRIU-UHFFFAOYSA-N,amide,*n1cnc(N)nc1=O,397.35,-0.94,169.4,3,8,2,2,0.235,0.545,4.5,3.0,3.9,True,False,False,False,True,True,False,False,False,False
GLUE1116,Nc1ncn(S(=O)(=O)Nc2cccc3c2C(=O)N(C2CCC(=O)NC2=O)C3)c(=O)n1,BPQFGNIWCYFIHT-UHFFFAOYSA-N,sulfonamide,*n1cnc(N)nc1=O,433.41,-1.81,186.4,3,9,4,2,0.25,0.467,4.5,3.0,3.64,True,False,False,False,True,True,False,False,False,False
GLUE1117,Nc1ncn(CC(=O)Nc2cccc3c2C(=O)N(C2CCC(=O)NC2=O)C3)c(=O)n1,UQCHCUWETLUFTN-UHFFFAOYSA-N,acetamide,*n1cnc(N)nc1=O,411.38,-1.38,169.4,3,8,4,2,0.278,0.517,4.5,3.0,3.8,True,False,False,False,True,True,False,False,False,False
GLUE1118,Nc1ncn(NC(=O)Nc2cccc3c2C(=O)N(C2CCC(=O)NC2=O)C3)c(=O)n1,AIILGCWHCZFZBA-UHFFFAOYSA-N,urea,*n1cnc(N)nc1=O,412.37,-1.24,181.4,4,8,3,2,0.235,0.451,4.5,2.5,3.63,True,False,False,False,True,True,False,False,False,False
GLUE1119,Nc1ncn(OC(=O)Nc2cccc3c2C(=O)N(C2CCC(=O)NC2=O)C3)c(=O)n1,HPYJIDFSPXDPLG-UHFFFAOYSA-N,carbamate,*n1cnc(N)nc1=O,413.35,-1.36,178.6,3,9,3,2,0.235,0.512,4.5,3.0,3.79,True,False,False,False,True,True,False,False,False,False
GLUE1120,CN1CCCN=C1CC(=O)Nc1cccc2c1C(=O)N(C1CCC(=O)NC1=O)C2,YLNZIPQQHBWTFM-UHFFFAOYSA-N,amide,*CC1=NCCCN1C,397.44,0.51,111.2,2,6,4,1,0.45,0.719,9.5,3.5,3.78,True,False,False,False,True,True,True,True,False,False
GLUE1121,CN1CCCN=C1CS(=O)(=O)Nc1cccc2c1C(=O)N(C1CCC(=O)NC1=O)C2,XSXLUDDTUGAVJQ-UHFFFAOYSA-N,sulfonamide,*CC1=NCCCN1C,433.49,-0.08,128.2,2,7,5,1,0.474,0.626,9.5,3.0,3.23,True,False,False,False,True,True,False,False,False,False
GLUE1122,CN1CCCN=C1CCC(=O)Nc1cccc2c1C(=O)N(C1CCC(=O)NC1=O)C2,KQPLEAQHWJAKHB-UHFFFAOYSA-N,acetamide,*CC1=NCCCN1C,411.46,0.9,111.2,2,6,5,1,0.476,0.7,9.5,3.5,3.68,True,False,False,False,True,True,True,True,False,False
GLUE1123,CN1CCCN=C1CNC(=O)Nc1cccc2c1C(=O)N(C1CCC(=O)NC1=O)C2,GCVMIVNSFQWNKB-UHFFFAOYSA-N,urea,*CC1=NCCCN1C,412.45,0.3,123.2,3,6,4,1,0.45,0.614,9.5,3.0,3.04,True,False,False,False,True,True,False,False,False,False
GLUE1124,CN1CCCN=C1COC(=O)Nc1cccc2c1C(=O)N(C1CCC(=O)NC1=O)C2,YCWAUGGJNWNSKN-UHFFFAOYSA-N,carbamate,*CC1=NCCCN1C,413.43,0.73,120.4,2,7,4,1,0.45,0.702,9.5,3.0,3.37,True,False,False,False,True,True,False,False,False,False
GLUE1125,O=C1CCC(N2Cc3cccc(NC(=O)CCC(CO)CO)c3C2=O)C(=O)N1,RLSYJIVEJOMZSU-UHFFFAOYSA-N,amide,*CCC(CO)CO,389.41,-0.23,136.0,4,6,7,1,0.474,0.476,5.0,2.5,3.79,True,False,False,False,True,True,False,False,False,False
GLUE1126,O=C1CCC(N2Cc3cccc(NS(=O)(=O)CCC(CO)CO)c3C2=O)C(=O)N1,IYBBDBJQUCCYRF-UHFFFAOYSA-N,sulfonamide,*CCC(CO)CO,425.46,-0.82,153.1,4,7,8,1,0.5,0.397,5.0,2.5,3.53,True,False,False,False,True,True,False,False,False,False
GLUE1127,O=C1CCC(N2Cc3cccc(NC(=O)CCCC(CO)CO)c3C2=O)C(=O)N1,JGFHXWQEPKNFKK-UHFFFAOYSA-N,acetamide,*CCC(CO)CO,403.44,0.16,136.0,4,6,8,1,0.5,0.457,5.0,2.5,3.69,True,False,False,False,True,True,False,False,False,False
GLUE1128,O=C1CCC(N2Cc3cccc(NC(=O)NCCC(CO)CO)c3C2=O)C(=O)N1,PKOSMLMUEPZCJN-UHFFFAOYSA-N,urea,*CCC(CO)CO,404.42,-0.44,148.1,5,6,7,1,0.474,0.389,5.0,2.5,3.68,True,False,False,False,True,True,False,False,False,False
GLUE1129,O=C1CCC(N2Cc3cccc(NC(=O)OCCC(CO)CO)c3C2=O)C(=O)N1,GXIFWZXGHWZMJO-UHFFFAOYSA-N,carbamate,*CCC(CO)CO,405.41,-0.01,145.3,4,7,7,1,0.474,0.467,5.0,2.5,3.68,True,False,False,False,True,True,False,False,False,False
GLUE1130,CN1C2CCCC1CC(C(=O)Nc1cccc3c1C(=O)N(C1CCC(=O)NC1=O)C3)C2,KPFKBMMFAXZPAF-UHFFFAOYSA-N,amide,*C1CC2CCCC(C1)N2C,424.5,1.65,98.8,2,5,3,1,0.565,0.719,9.5,3.5,4.0,True,False,False,False,True,True,True,True,False,False
GLUE1131,CN1C2CCCC1CC(S(=O)(=O)Nc1cccc3c1C(=O)N(C1CCC(=O)NC1=O)C3)C2,JOVHKTQBIFHDPR-UHFFFAOYSA-N,sulfonamide,*C1CC2CCCC(C1)N2C,460.56,1.2,115.9,2,6,4,1,0.591,0.653,9.5,3.5,3.17,False,False,False,False,True,True,True,True,False,False
GLUE1132,CN1C2CCCC1CC(CC(=O)Nc1cccc3c1C(=O)N(C1CCC(=O)NC1=O)C3)C2,QQWVHDZRBAYRMH-UHFFFAOYSA-N,acetamide,*C1CC2CCCC(C1)N2C,438.53,2.04,98.8,2,5,4,1,0.583,0.701,9.5,3.5,3.9,True,True,False,False,True,True,True,True,False,True
GLUE1133,CN1C2CCCC1CC(NC(=O)Nc1cccc3c1C(=O)N(C1CCC(=O)NC1=O)C3)C2,ZFJZQBQBIRWIIK-UHFFFAOYSA-N,urea,*C1CC2CCCC(C1)N2C,439.52,1.58,110.8,3,5,3,1,0.565,0.62,9.5,3.5,3.15,True,False,False,False,True,True,True,True,False,False
GLUE1134,CN1C2CCCC1CC(OC(=O)Nc1cccc3c1C(=O)N(C1CCC(=O)NC1=O)C3)C2,HHQPCFXXEQHWGA-UHFFFAOYSA-N,carbamate,*C1CC2CCCC(C1)N2C,440.5,2.01,108.1,2,6,3,1,0.565,0.696,9.5,3.5,3.57,True,True,False,False,True,True,True,True,False,True
GLUE1135,CCCCC(=O)C(=O)Nc1cccc2c1C(=O)N(C1CCC(=O)NC1=O)C2,IUENNSRZGJGJBP-UHFFFAOYSA-N,amide,*C(=O)CCCC,371.39,1.15,112.7,2,5,6,1,0.421,0.575,5.0,3.5,4.66,True,False,False,False,True,True,True,True,False,False
GLUE1136,CCCCC(=O)S(=O)(=O)Nc1cccc2c1C(=O)N(C1CCC(=O)NC1=O)C2,DSQMCSWOBPHWNS-UHFFFAOYSA-N,sulfonamide,*C(=O)CCCC,407.45,0.91,129.7,2,6,6,1,0.444,0.674,5.0,3.0,4.16,True,False,False,False,True,True,False,False,False,False
GLUE1137,CCCCC(=O)CC(=O)Nc1cccc2c1C(=O)N(C1CCC(=O)NC1=O)C2,VVHHACRWYXQDPJ-UHFFFAOYSA-N,acetamide,*C(=O)CCCC,385.42,1.54,112.7,2,5,7,1,0.45,0.546,5.0,3.5,4.56,True,False,False,False,True,True,True,True,False,False
GLUE1138,CCCCC(=O)NC(=O)Nc1cccc2c1C(=O)N(C1CCC(=O)NC1=O)C2,JKGQVPNFAUFFDC-UHFFFAOYSA-N,urea,*C(=O)CCCC,386.41,1.29,124.7,3,5,5,1,0.421,0.658,5.0,3.0,3.98,True,False,False,False,True,True,False,False,False,False
GLUE1139,CCCCC(=O)OC(=O)Nc1cccc2c1C(=O)N(C1CCC(=O)NC1=O)C2,HOTQZUXFLHMEFC-UHFFFAOYSA-N,carbamate,*C(=O)CCCC,387.39,1.71,121.9,2,6,5,1,0.421,0.451,5.0,3.0,4.3,True,False,False,False,True,True,False,False,False,False
GLUE1140,CCCCC1=NC2(CCCC2)C(=O)N1C(=O)Nc1cccc2c1C(=O)N(C1CCC(=O)NC1=O)C2,CAIIAABRSAFXSG-UHFFFAOYSA-N,amide,*N1C(=O)C2(CCCC2)N=C1CCCC,479.54,2.72,128.2,2,6,5,1,0.52,0.628,5.0,3.0,3.53,False,True,False,False,True,True,False,False,False,False
GLUE1141,CCCCC1=NC2(CCCC2)C(=O)N1S(=O)(=O)Nc1cccc2c1C(=O)N(C1CCC(=O)NC1=O)C2,UUUDHWMMILFYNS-UHFFFAOYSA-N,sulfonamide,*N1C(=O)C2(CCCC2)N=C1CCCC,515.59,1.85,145.3,2,7,7,1,0.542,0.53,5.0,2.5,3.5,False,False,False,False,True,True,False,False,False,False
GLUE1142,CCCCC1=NC2(CCCC2)C(=O)N1CC(=O)Nc1cccc2c1C(=O)N(C1CCC(=O)NC1=O)C2,YSWGATOUTJIEFP-UHFFFAOYSA-N,acetamide,*N1C(=O)C2(CCCC2)N=C1CCCC,493.56,2.13,128.2,2,6,7,1,0.538,0.563,5.0,3.0,3.55,False,True,False,False,True,True,False,False,False,False
GLUE1143,CCCCC1=NC2(CCCC2)C(=O)N1NC(=O)Nc1cccc2c1C(=O)N(C1CCC(=O)NC1=O)C2,LSUQDCOFQVCTLS-UHFFFAOYSA-N,urea,*N1C(=O)C2(CCCC2)N=C1CCCC,494.55,2.23,140.3,3,6,6,1,0.52,0.52,5.0,3.0,3.21,False,True,False,False,True,True,False,False,False,False
GLUE1144,CCCCC1=NC2(CCCC2)C(=O)N1OC(=O)Nc1cccc2c1C(=O)N(C1CCC(=O)NC1=O)C2,ZQYLVIPEGROFBN-UHFFFAOYSA-N,carbamate,*N1C(=O)C2(CCCC2)N=C1CCCC,495.54,2.65,137.5,2,7,6,1,0.52,0.582,5.0,3.0,3.45,False,True,False,False,True,True,False,False,False,False
GLUE1145,Cc1nnc(C(=O)Nc2cccc3c2C(=O)N(C2CCC(=O)NC2=O)C3)o1,ZALWCNQSNMLWOR-UHFFFAOYSA-N,amide,*c1nnc(C)o1,369.34,0.39,134.5,2,7,3,2,0.294,0.747,5.0,3.0,4.43,True,False,False,False,True,True,False,False,False,False
GLUE1146,Cc1nnc(S(=O)(=O)Nc2cccc3c2C(=O)N(C2CCC(=O)NC2=O)C3)o1,MGXLZGYIQOTSMA-UHFFFAOYSA-N,sulfonamide,*c1nnc(C)o1,405.39,-0.06,151.6,2,8,4,2,0.312,0.671,5.0,3.0,4.18,True,False,False,False,True,True,False,False,False,False
GLUE1147,Cc1nnc(CC(=O)Nc2cccc3c2C(=O)N(C2CCC(=O)NC2=O)C3)o1,QJVLUEMTKWLPKT-UHFFFAOYSA-N,acetamide,*c1nnc(C)o1,383.36,0.32,134.5,2,7,4,2,0.333,0.726,5.0,3.0,4.33,True,False,False,False,True,True,False,False,False,False
GLUE1148,Cc1nnc(NC(=O)Nc2cccc3c2C(=O)N(C2CCC(=O)NC2=O)C3)o1,FTPSNMNZTASBNN-UHFFFAOYSA-N,urea,*c1nnc(C)o1,384.35,0.78,146.5,3,7,3,2,0.294,0.663,5.0,3.0,3.99,True,False,False,False,True,True,False,False,False,False
GLUE1149,Cc1nnc(OC(=O)Nc2cccc3c2C(=O)N(C2CCC(=O)NC2=O)C3)o1,HTUOXEXSPMVHPB-UHFFFAOYSA-N,carbamate,*c1nnc(C)o1,385.34,0.75,143.7,2,8,3,2,0.294,0.737,5.0,3.0,4.32,True,False,False,False,True,True,False,False,False,False
GLUE1150,C#CC1(C(=O)Nc2cccc3c2C(=O)N(C2CCC(=O)NC2=O)C3)CCCCC1,YBMLBSXDUWFEEO-UHFFFAOYSA-N,amide,*C1(C#C)CCCCC1,393.44,1.97,95.6,2,4,3,1,0.455,0.606,5.0,3.5,5.08,True,False,False,False,True,True,True,True,False,False
GLUE1151,C#CC1(S(=O)(=O)Nc2cccc3c2C(=O)N(C2CCC(=O)NC2=O)C3)CCCCC1,VTJIDTIXUCDKFH-UHFFFAOYSA-N,sulfonamide,*C1(C#C)CCCCC1,429.5,1.53,112.7,2,5,4,1,0.476,0.557,5.0,3.5,4.25,True,False,False,False,True,True,True,True,False,False
GLUE1152,C#CC1(CC(=O)Nc2cccc3c2C(=O)N(C2CCC(=O)NC2=O)C3)CCCCC1,VGWLRIFZBDQFHZ-UHFFFAOYSA-N,acetamide,*C1(C#C)CCCCC1,407.47,2.36,95.6,2,4,4,1,0.478,0.592,5.0,3.5,4.97,True,True,False,False,True,True,True,True,False,True
GLUE1153,C#CC1(NC(=O)Nc2cccc3c2C(=O)N(C2CCC(=O)NC2=O)C3)CCCCC1,LHLYHDORUPVCBW-UHFFFAOYSA-N,urea,*C1(C#C)CCCCC1,408.46,1.91,107.6,3,4,3,1,0.455,0.524,5.0,3.5,4.23,True,False,False,False,True,True,True,True,False,False
GLUE1154,C#CC1(OC(=O)Nc2cccc3c2C(=O)N(C2CCC(=O)NC2=O)C3)CCCCC1,VKLMVWUIKZRPPV-UHFFFAOYSA-N,carbamate,*C1(C#C)CCCCC1,409.44,2.33,104.8,2,5,3,1,0.455,0.589,5.0,3.5,4.65,True,True,False,False,True,True,True,True,False,True
GLUE1155,C[C@H]1NCc2cc(C(=O)Nc3cccc4c3C(=O)N(C3CCC(=O)NC3=O)C4)ccc21,XUUKXDOHGLOMKY-GKOGFXNCSA-N,amide,*c1ccc2c(c1)CN[C@@H]2C,418.45,1.86,107.6,3,5,3,2,0.304,0.66,9.0,3.5,3.66,True,False,False,False,True,True,True,True,False,False
GLUE1156,C[C@H]1NCc2cc(S(=O)(=O)Nc3cccc4c3C(=O)N(C3CCC(=O)NC3=O)C4)ccc21,LNFJDEBRTUNPIR-GKOGFXNCSA-N,sulfonamide,*c1ccc2c(c1)CN[C@@H]2C,454.51,1.41,124.7,3,6,4,2,0.318,0.6,9.0,3.0,2.99,False,False,False,False,True,True,False,False,False,False
GLUE1157,C[C@H]1NCc2cc(CC(=O)Nc3cccc4c3C(=O)N(C3CCC(=O)NC3=O)C4)ccc21,LDBDNZJZTCMDJN-BSOCMFCZSA-N,acetamide,*c1ccc2c(c1)CN[C@@H]2C,432.48,1.79,107.6,3,5,4,2,0.333,0.639,9.0,3.5,3.56,True,False,False,False,True,True,True,True,False,False
GLUE1158,C[C@H]1NCc2cc(NC(=O)Nc3cccc4c3C(=O)N(C3CCC(=O)NC3=O)C4)ccc21,VXVOGNAXNHMBOL-GKOGFXNCSA-N,urea,*c1ccc2c(c1)CN[C@@H]2C,433.47,2.26,119.6,4,5,3,2,0.304,0.554,9.0,3.0,2.99,True,True,False,False,True,True,True,False,False,False
GLUE1159,C[C@H]1NCc2cc(OC(=O)Nc3cccc4c3C(=O)N(C3CCC(=O)NC3=O)C4)ccc21,LEWVODKXLOHCCY-GKOGFXNCSA-N,carbamate,*c1ccc2c(c1)CN[C@@H]2C,434.45,2.22,116.8,3,6,3,2,0.304,0.638,9.0,3.5,3.24,True,True,False,False,True,True,True,True,False,True
GLUE1160,O=C1CCC(N2Cc3cccc(NC(=O)[C@@H]4CCc5[nH]cnc5C4)c3C2=O)C(=O)N1,QLCWDCDVXUCOOT-ZVDHGWRTSA-N,amide,*[C@@H]1CCc2[nH]cnc2C1,407.43,0.91,124.3,3,5,3,2,0.381,0.653,5.0,3.0,3.83,True,False,False,False,True,True,False,False,False,False
GLUE1161,O=C1CCC(N2Cc3cccc(NS(=O)(=O)[C@@H]4CCc5[nH]cnc5C4)c3C2=O)C(=O)N1,COZQQKLNQGVSHL-ZGTOLYCTSA-N,sulfonamide,*[C@@H]1CCc2[nH]cnc2C1,443.49,0.47,141.3,3,6,4,2,0.4,0.587,5.0,3.0,3.57,True,False,False,False,True,True,False,False,False,False
GLUE1162,O=C1CCC(N2Cc3cccc(NC(=O)C[C@@H]4CCc5[nH]cnc5C4)c3C2=O)C(=O)N1,VBTLXCGUGMYSLK-MTATWXBHSA-N,acetamide,*[C@@H]1CCc2[nH]cnc2C1,421.46,1.3,124.3,3,5,4,2,0.409,0.642,5.0,3.0,3.73,True,False,False,False,True,True,False,False,False,False
GLUE1163,O=C1CCC(N2Cc3cccc(NC(=O)N[C@@H]4CCc5[nH]cnc5C4)c3C2=O)C(=O)N1,IKSPXPRXBKXTDX-ZGTOLYCTSA-N,urea,*[C@@H]1CCc2[nH]cnc2C1,422.45,0.85,136.3,4,5,3,2,0.381,0.544,5.0,2.5,3.55,True,False,False,False,True,True,False,False,False,False
GLUE1164,O=C1CCC(N2Cc3cccc(NC(=O)O[C@@H]4CCc5[nH]cnc5C4)c3C2=O)C(=O)N1,XCVHZIXJZGDBCD-ZGTOLYCTSA-N,carbamate,*[C@@H]1CCc2[nH]cnc2C1,423.43,1.28,133.5,3,6,3,2,0.381,0.637,5.0,3.0,3.71,True,False,False,False,True,True,False,False,False,False
GLUE1165,O=C1CCC(N2Cc3cccc(NC(=O)C4(O)CCCC4)c3C2=O)C(=O)N1,AGGTYAMHPUZHGT-UHFFFAOYSA-N,amide,*C1(O)CCCC1,371.39,0.69,115.8,3,5,3,1,0.474,0.676,5.0,3.5,4.22,True,False,False,False,True,True,True,True,False,False
GLUE1166,O=C1CCC(N2Cc3cccc(NS(=O)(=O)C4(O)CCCC4)c3C2=O)C(=O)N1,MCTZVMJGEDWWNA-UHFFFAOYSA-N,sulfonamide,*C1(O)CCCC1,407.45,0.45,132.9,3,6,4,1,0.5,0.621,5.0,3.0,3.83,True,False,False,False,True,True,False,False,False,False
GLUE1167,O=C1CCC(N2Cc3cccc(NC(=O)CC4(O)CCCC4)c3C2=O)C(=O)N1,KMMMSHHQUAEMFP-UHFFFAOYSA-N,acetamide,*C1(O)CCCC1,385.42,1.08,115.8,3,5,4,1,0.5,0.671,5.0,3.5,4.12,True,False,False,False,True,True,True,True,False,False
GLUE1168,O=C1CCC(N2Cc3cccc(NC(=O)NC4(O)CCCC4)c3C2=O)C(=O)N1,MXZSYJSVVWHQMG-UHFFFAOYSA-N,urea,*C1(O)CCCC1,386.41,0.83,127.8,4,5,3,1,0.474,0.452,5.0,2.5,3.81,True,False,False,False,True,True,False,False,False,False
GLUE1169,O=C1CCC(N2Cc3cccc(NC(=O)OC4(O)CCCC4)c3C2=O)C(=O)N1,WTWNOGYCOZJWNA-UHFFFAOYSA-N,carbamate,*C1(O)CCCC1,387.39,1.26,125.0,3,6,3,1,0.474,0.53,5.0,3.0,3.97,True,False,False,False,True,True,False,False,False,False
GLUE1170,O=C1CCC(N2Cc3cccc(NC(=O)[C@H]4NC[C@H](O)[C@@H](O)[C@H]4O)c3C2=O)C(=O)N1,ASWLCYICDXCFCP-FRZPUMQYSA-N,amide,*[C@H]1NC[C@H](O)[C@@H](O)[C@H]1O,418.41,-2.56,168.3,6,8,3,1,0.474,0.291,9.0,2.5,3.08,True,False,False,False,True,True,False,False,False,False
GLUE1171,O=C1CCC(N2Cc3cccc(NS(=O)(=O)[C@H]4NC[C@H](O)[C@@H](O)[C@H]4O)c3C2=O)C(=O)N1,GGNPDSAAHCDMHT-XZSRYWFISA-N,sulfonamide,*[C@H]1NC[C@H](O)[C@@H](O)[C@H]1O,454.46,-2.8,185.4,6,9,4,1,0.5,0.261,9.0,2.5,2.83,False,False,False,False,True,True,False,False,False,False
GLUE1172,O=C1CCC(N2Cc3cccc(NC(=O)C[C@H]4NC[C@H](O)[C@@H](O)[C@H]4O)c3C2=O)C(=O)N1,NDTLJZOWPHEYMV-QOYUWVAUSA-N,acetamide,*[C@H]1NC[C@H](O)[C@@H](O)[C@H]1O,432.43,-2.17,168.3,6,8,4,1,0.5,0.292,9.0,2.5,2.98,True,False,False,False,True,True,False,False,False,False
GLUE1173,O=C1CCC(N2Cc3cccc(NC(=O)N[C@H]4NC[C@H](O)[C@@H](O)[C@H]4O)c3C2=O)C(=O)N1,ZTCAYMXKKGZFCQ-JYRNQISNSA-N,urea,*[C@H]1NC[C@H](O)[C@@H](O)[C@H]1O,433.42,-2.42,180.3,7,8,3,1,0.474,0.257,9.0,2.5,2.98,True,False,False,False,True,True,False,False,False,False
GLUE1174,O=C1CCC(N2Cc3cccc(NC(=O)O[C@H]4NC[C@H](O)[C@@H](O)[C@H]4O)c3C2=O)C(=O)N1,XCEKGGZDBUAUGB-XZSRYWFISA-N,carbamate,*[C@H]1NC[C@H](O)[C@@H](O)[C@H]1O,434.41,-1.99,177.5,6,9,3,1,0.474,0.294,9.0,2.5,2.97,True,False,False,False,True,True,False,False,False,False
GLUE1175,O=C1CCC(N2Cc3cccc(NC(=O)c4ccccc4O)c3C2=O)C(=O)N1,QBNDJTHIDJAEQM-UHFFFAOYSA-N,amide,*c1ccccc1O,379.37,1.41,115.8,3,5,3,2,0.2,0.698,5.0,3.5,4.17,True,False,False,False,True,True,True,True,False,False
GLUE1176,O=C1CCC(N2Cc3cccc(NS(=O)(=O)c4ccccc4O)c3C2=O)C(=O)N1,KOESAUXGHMPACP-UHFFFAOYSA-N,sulfonamide,*c1ccccc1O,415.43,0.95,132.9,3,6,4,2,0.211,0.637,5.0,3.0,3.77,True,False,False,False,True,True,False,False,False,False
GLUE1177,O=C1CCC(N2Cc3cccc(NC(=O)Cc4ccccc4O)c3C2=O)C(=O)N1,QDPZSTPCRDGJTN-UHFFFAOYSA-N,acetamide,*c1ccccc1O,393.4,1.33,115.8,3,5,4,2,0.238,0.678,5.0,3.5,4.07,True,False,False,False,True,True,True,True,False,False
GLUE1178,O=C1CCC(N2Cc3cccc(NC(=O)Nc4ccccc4O)c3C2=O)C(=O)N1,NMPVEHBERZYZQD-UHFFFAOYSA-N,urea,*c1ccccc1O,394.39,1.8,127.8,4,5,3,2,0.2,0.466,5.0,2.5,3.75,True,False,False,False,True,True,False,False,False,False
GLUE1179,O=C1CCC(N2Cc3cccc(NC(=O)Oc4ccccc4O)c3C2=O)C(=O)N1,ATKXKUGRWPHSCM-UHFFFAOYSA-N,carbamate,*c1ccccc1O,395.37,1.76,125.0,3,6,3,2,0.2,0.68,5.0,3.0,3.91,True,False,False,False,True,True,False,False,False,False
GLUE1180,O=C1CCC(N2Cc3cccc(NC(=O)c4cccc([131I])c4)c3C2=O)C(=O)N1,YIOOWEPAUGNBBW-TWYGLIRSSA-N,amide,*c1cccc([131I])c1,493.27,2.3,95.6,2,4,3,2,0.2,0.507,5.0,3.5,4.36,False,True,False,False,True,True,True,True,False,False
GLUE1181,O=C1CCC(N2Cc3cccc(NS(=O)(=O)c4cccc([131I])c4)c3C2=O)C(=O)N1,RKJRLQOXACWRBT-URWOLLDTSA-N,sulfonamide,*c1cccc([131I])c1,529.33,1.85,112.7,2,5,4,2,0.211,0.464,5.0,3.0,3.74,False,False,False,False,True,True,True,False,False,False
GLUE1182,O=C1CCC(N2Cc3cccc(NC(=O)Cc4cccc([131I])c4)c3C2=O)C(=O)N1,WAHOPLISRLNGMO-ITIOBDTJSA-N,acetamide,*c1cccc([131I])c1,507.3,2.23,95.6,2,4,4,2,0.238,0.491,5.0,3.0,4.31,False,True,False,False,True,True,True,False,False,False
GLUE1183,O=C1CCC(N2Cc3cccc(NC(=O)Nc4cccc([131I])c4)c3C2=O)C(=O)N1,BWKHNOIORZFPGH-TWYGLIRSSA-N,urea,*c1cccc([131I])c1,508.29,2.7,107.6,3,4,3,2,0.2,0.438,5.0,3.0,3.48,False,True,False,False,True,True,True,False,False,False
GLUE1184,O=C1CCC(N2Cc3cccc(NC(=O)Oc4cccc([131I])c4)c3C2=O)C(=O)N1,MHEHPHGXRAUSEA-TWYGLIRSSA-N,carbamate,*c1cccc([131I])c1,509.27,2.66,104.8,2,5,3,2,0.2,0.489,5.0,3.0,3.92,False,True,False,False,True,True,True,False,False,False
GLUE1185,CC(C(=O)Nc1cccc2c1C(=O)N(C1CCC(=O)NC1=O)C2)C(C)(C)C,BLTGUCYFZIJPCX-UHFFFAOYSA-N,amide,*C(C)C(C)(C)C,371.44,2.07,95.6,2,4,3,1,0.5,0.795,5.0,3.5,5.23,True,True,False,False,True,True,True,True,False,True
GLUE1186,CC(C(C)(C)C)S(=O)(=O)Nc1cccc2c1C(=O)N(C1CCC(=O)NC1=O)C2,LGIAJLDLIHMZKQ-UHFFFAOYSA-N,sulfonamide,*C(C)C(C)(C)C,407.49,1.62,112.7,2,5,4,1,0.526,0.737,5.0,3.5,4.41,True,False,False,False,True,True,True,True,False,False
GLUE1187,CC(CC(=O)Nc1cccc2c1C(=O)N(C1CCC(=O)NC1=O)C2)C(C)(C)C,BEIULCYYLNMTMM-UHFFFAOYSA-N,acetamide,*C(C)C(C)(C)C,385.46,2.46,95.6,2,4,4,1,0.524,0.778,5.0,3.5,5.13,True,True,False,False,True,True,True,True,False,True
GLUE1188,CC(NC(=O)Nc1cccc2c1C(=O)N(C1CCC(=O)NC1=O)C2)C(C)(C)C,ZYSXWVIWSPKFGR-UHFFFAOYSA-N,urea,*C(C)C(C)(C)C,386.45,2.0,107.6,3,4,3,1,0.5,0.691,5.0,3.5,4.39,True,True,False,False,True,True,True,True,False,True
GLUE1189,CC(OC(=O)Nc1cccc2c1C(=O)N(C1CCC(=O)NC1=O)C2)C(C)(C)C,HUBQOVIWFRBZSA-UHFFFAOYSA-N,carbamate,*C(C)C(C)(C)C,387.44,2.43,104.8,2,5,3,1,0.5,0.775,5.0,3.5,4.81,True,True,False,False,True,True,True,True,False,True
GLUE1190,Nc1c(Cl)cc(C(=O)Nc2cccc3c2C(=O)N(C2CCC(=O)NC2=O)C3)c2c1CCO2,HJWXCTMLGIRAJI-UHFFFAOYSA-N,amide,*c1cc(Cl)c(N)c2c1OCC2,454.87,1.87,130.8,3,6,3,2,0.273,0.479,4.5,3.0,3.49,False,False,False,False,True,True,False,False,False,False
GLUE1191,Nc1c(Cl)cc(S(=O)(=O)Nc2cccc3c2C(=O)N(C2CCC(=O)NC2=O)C3)c2c1CCO2,YPMROFZYBODIRC-UHFFFAOYSA-N,sulfonamide,*c1cc(Cl)c(N)c2c1OCC2,490.93,1.42,147.9,3,7,4,2,0.286,0.433,4.5,3.0,3.23,False,False,False,False,True,True,False,False,False,False
GLUE1192,Nc1c(Cl)cc(CC(=O)Nc2cccc3c2C(=O)N(C2CCC(=O)NC2=O)C3)c2c1CCO2,ZRVCKQXWRGNEQV-UHFFFAOYSA-N,acetamide,*c1cc(Cl)c(N)c2c1OCC2,468.9,1.8,130.8,3,6,4,2,0.304,0.463,4.5,3.0,3.39,False,False,False,False,True,True,False,False,False,False
GLUE1193,Nc1c(Cl)cc(NC(=O)Nc2cccc3c2C(=O)N(C2CCC(=O)NC2=O)C3)c2c1CCO2,FRLLCHFBUWTQAN-UHFFFAOYSA-N,urea,*c1cc(Cl)c(N)c2c1OCC2,469.89,2.26,142.9,4,6,3,2,0.273,0.401,4.5,2.5,3.22,False,True,False,False,True,True,False,False,False,False
GLUE1194,Nc1c(Cl)cc(OC(=O)Nc2cccc3c2C(=O)N(C2CCC(=O)NC2=O)C3)c2c1CCO2,GTPWGOIDYMYLRE-UHFFFAOYSA-N,carbamate,*c1cc(Cl)c(N)c2c1OCC2,470.87,2.23,140.1,3,7,3,2,0.273,0.461,4.5,3.0,3.37,False,True,False,False,True,True,False,False,False,False
GLUE1195,O=C1CCC(N2Cc3cccc(NC(=O)c4ccc(Br)cc4Cl)c3C2=O)C(=O)N1,FIEGDTAMDSVSJC-UHFFFAOYSA-N,amide,*c1ccc(Br)cc1Cl,476.71,3.12,95.6,2,4,3,2,0.2,0.666,5.0,3.0,4.11,False,True,False,False,True,True,True,False,False,False
GLUE1196,O=C1CCC(N2Cc3cccc(NS(=O)(=O)c4ccc(Br)cc4Cl)c3C2=O)C(=O)N1,DEXOLIGDQKAJBG-UHFFFAOYSA-N,sulfonamide,*c1ccc(Br)cc1Cl,512.77,2.66,112.7,2,5,4,2,0.211,0.612,5.0,3.0,3.66,False,True,False,False,True,True,True,False,False,False
GLUE1197,O=C1CCC(N2Cc3cccc(NC(=O)Cc4ccc(Br)cc4Cl)c3C2=O)C(=O)N1,VBQMRRSRFQRPOP-UHFFFAOYSA-N,acetamide,*c1ccc(Br)cc1Cl,490.74,3.04,95.6,2,4,4,2,0.238,0.644,5.0,3.0,4.09,False,True,False,False,True,True,True,False,False,False
GLUE1198,O=C1CCC(N2Cc3cccc(NC(=O)Nc4ccc(Br)cc4Cl)c3C2=O)C(=O)N1,DUBPBVFQVSLHKL-UHFFFAOYSA-N,urea,*c1ccc(Br)cc1Cl,491.73,3.51,107.6,3,4,3,2,0.2,0.571,5.0,3.0,2.88,False,True,False,False,True,True,True,False,False,False
GLUE1199,O=C1CCC(N2Cc3cccc(NC(=O)Oc4ccc(Br)cc4Cl)c3C2=O)C(=O)N1,SEGHPSOHPSHYHJ-UHFFFAOYSA-N,carbamate,*c1ccc(Br)cc1Cl,492.71,3.47,104.8,2,5,3,2,0.2,0.639,5.0,3.0,3.33,False,True,False,False,True,True,True,False,False,False
GLUE1200,CCC(CC)C(=O)Nc1cccc2c1C(=O)N(C1CCC(=O)NC1=O)C2,IPGCWKXFZMVPEE-UHFFFAOYSA-N,amide,*C(CC)CC,357.41,1.82,95.6,2,4,5,1,0.474,0.786,5.0,4.0,5.31,True,False,False,True,True,True,True,True,False,False
GLUE1201,CCC(CC)S(=O)(=O)Nc1cccc2c1C(=O)N(C1CCC(=O)NC1=O)C2,MXVAIAVXPUEVJF-UHFFFAOYSA-N,sulfonamide,*C(CC)CC,393.47,1.38,112.7,2,5,6,1,0.5,0.709,5.0,3.5,4.51,True,False,False,False,True,True,True,True,False,False
GLUE1202,CCC(CC)CC(=O)Nc1cccc2c1C(=O)N(C1CCC(=O)NC1=O)C2,JTPSRPDEHPRQBT-UHFFFAOYSA-N,acetamide,*C(CC)CC,371.44,2.21,95.6,2,4,6,1,0.5,0.75,5.0,3.5,5.23,True,True,False,False,True,True,True,True,False,True
GLUE1203,CCC(CC)NC(=O)Nc1cccc2c1C(=O)N(C1CCC(=O)NC1=O)C2,PIQXJJMTOKUYLR-UHFFFAOYSA-N,urea,*C(CC)CC,372.43,1.76,107.6,3,4,5,1,0.474,0.685,5.0,3.5,4.49,True,False,False,False,True,True,True,True,False,False
GLUE1204,CCC(CC)OC(=O)Nc1cccc2c1C(=O)N(C1CCC(=O)NC1=O)C2,QNWBCTKGDUICLU-UHFFFAOYSA-N,carbamate,*C(CC)CC,373.41,2.18,104.8,2,5,5,1,0.474,0.77,5.0,3.5,4.91,True,True,False,False,True,True,True,True,False,True
GLUE1205,C[N+]1(C)CCCC(C(=O)Nc2cccc3c2C(=O)N(C2CCC(=O)NC2=O)C3)C1,NXXDDBLFCDJNKJ-UHFFFAOYSA-O,amide,*C1CCC[N+](C)(C)C1,399.47,0.87,95.6,2,4,3,1,0.524,0.582,5.0,3.5,5.03,True,False,False,False,True,True,True,True,False,False
GLUE1206,C[N+]1(C)CCCC(S(=O)(=O)Nc2cccc3c2C(=O)N(C2CCC(=O)NC2=O)C3)C1,CEJXOUYIPWPLGC-UHFFFAOYSA-O,sulfonamide,*C1CCC[N+](C)(C)C1,435.53,0.43,112.7,2,5,4,1,0.55,0.526,5.0,3.5,4.21,True,False,False,False,True,True,True,True,False,False
GLUE1207,C[N+]1(C)CCCC(CC(=O)Nc2cccc3c2C(=O)N(C2CCC(=O)NC2=O)C3)C1,QONGDFDXHGABND-UHFFFAOYSA-O,acetamide,*C1CCC[N+](C)(C)C1,413.5,1.26,95.6,2,4,4,1,0.545,0.574,5.0,3.5,4.93,True,False,False,False,True,True,True,True,False,False
GLUE1208,C[N+]1(C)CCCC(NC(=O)Nc2cccc3c2C(=O)N(C2CCC(=O)NC2=O)C3)C1,DNZHOVPVRFFFOR-UHFFFAOYSA-O,urea,*C1CCC[N+](C)(C)C1,414.49,0.81,107.6,3,4,3,1,0.524,0.502,5.0,3.5,4.19,True,False,False,False,True,True,True,True,False,False
GLUE1209,C[N+]1(C)CCCC(OC(=O)Nc2cccc3c2C(=O)N(C2CCC(=O)NC2=O)C3)C1,JZQFNJHUSBINEI-UHFFFAOYSA-O,carbamate,*C1CCC[N+](C)(C)C1,415.47,1.23,104.8,2,5,3,1,0.524,0.571,5.0,3.5,4.61,True,False,False,False,True,True,True,True,False,False
GLUE1210,N#C[C@@H]1CCCN1C(=O)Nc1cccc2c1C(=O)N(C1CCC(=O)NC1=O)C2,FNABXLWGIOUPJQ-NBFOIZRFSA-N,amide,*N1CCC[C@H]1C#N,381.39,0.97,122.6,2,5,2,1,0.421,0.739,5.0,3.0,4.35,True,False,False,False,True,True,False,False,False,False
GLUE1211,N#C[C@@H]1CCCN1S(=O)(=O)Nc1cccc2c1C(=O)N(C1CCC(=O)NC1=O)C2,OWDYMONYOVRDAN-NBFOIZRFSA-N,sulfonamide,*N1CCC[C@H]1C#N,417.45,0.09,139.7,2,6,4,1,0.444,0.666,5.0,3.0,4.09,True,False,False,False,True,True,False,False,False,False
GLUE1212,N#C[C@@H]1CCCN1CC(=O)Nc1cccc2c1C(=O)N(C1CCC(=O)NC1=O)C2,KJONZAXIASHBNS-CFMCSPIPSA-N,acetamide,*N1CCC[C@H]1C#N,395.42,0.37,122.6,2,6,4,1,0.45,0.711,9.5,3.0,3.5,True,False,False,False,True,True,False,False,False,False
GLUE1213,N#C[C@@H]1CCCN1NC(=O)Nc1cccc2c1C(=O)N(C1CCC(=O)NC1=O)C2,DIJJHERGHMRISD-NBFOIZRFSA-N,urea,*N1CCC[C@H]1C#N,396.41,0.47,134.6,3,6,3,1,0.421,0.636,9.5,3.0,3.16,True,False,False,False,True,True,False,False,False,False
GLUE1214,N#C[C@@H]1CCCN1OC(=O)Nc1cccc2c1C(=O)N(C1CCC(=O)NC1=O)C2,QQEZOYDCKZMNKU-NBFOIZRFSA-N,carbamate,*N1CCC[C@H]1C#N,397.39,0.9,131.8,2,7,3,1,0.421,0.724,9.5,3.0,3.48,True,False,False,False,True,True,False,False,False,False
GLUE1215,O=C([O-])CCS(=O)(=O)Nc1cccc2c1C(=O)N(C1CCC(=O)NC1=O)C2,YTTVCIMMPMDPOO-UHFFFAOYSA-M,sulfonamide,*CCC(=O)[O-],394.39,-1.67,152.8,2,7,6,1,0.375,0.547,5.0,3.0,4.25,True,False,False,False,True,True,False,False,False,False
GLUE1216,O=C([O-])CCCC(=O)Nc1cccc2c1C(=O)N(C1CCC(=O)NC1=O)C2,GDKPXGOUEULVFF-UHFFFAOYSA-M,acetamide,*CCC(=O)[O-],372.36,-0.69,135.7,2,6,6,1,0.389,0.634,5.0,3.0,4.41,True,False,False,False,True,True,False,False,False,False
GLUE1217,O=C([O-])CCNC(=O)Nc1cccc2c1C(=O)N(C1CCC(=O)NC1=O)C2,WFTQETMXEXYPHV-UHFFFAOYSA-M,urea,*CCC(=O)[O-],373.35,-1.29,147.7,3,6,5,1,0.353,0.547,5.0,3.0,4.07,True,False,False,False,True,True,False,False,False,False
GLUE1218,O=C([O-])CCOC(=O)Nc1cccc2c1C(=O)N(C1CCC(=O)NC1=O)C2,GYYARSXSRWHEIV-UHFFFAOYSA-M,carbamate,*CCC(=O)[O-],374.33,-0.86,144.9,2,7,5,1,0.353,0.638,5.0,3.0,4.4,True,False,False,False,True,True,False,False,False,False
GLUE1219,N=C(N)c1ccc(C(=O)Nc2cccc3c2C(=O)N(C2CCC(=O)NC2=O)C3)c(O)c1,DDQIEXPXCZSGBZ-UHFFFAOYSA-N,amide,*c1ccc(C(=N)N)cc1O,421.41,0.69,165.7,5,6,4,2,0.19,0.277,9.0,2.5,3.06,True,False,False,False,True,True,False,False,False,False
GLUE1220,N=C(N)c1ccc(S(=O)(=O)Nc2cccc3c2C(=O)N(C2CCC(=O)NC2=O)C3)c(O)c1,PXKABHJTBJZJKB-UHFFFAOYSA-N,sulfonamide,*c1ccc(C(=N)N)cc1O,457.47,0.24,182.7,5,7,5,2,0.2,0.242,9.0,2.5,2.8,False,False,False,False,True,True,False,False,False,False
GLUE1221,N=C(N)c1ccc(CC(=O)Nc2cccc3c2C(=O)N(C2CCC(=O)NC2=O)C3)c(O)c1,ASVXIHAXTDRSNW-UHFFFAOYSA-N,acetamide,*c1ccc(C(=N)N)cc1O,435.44,0.62,165.7,5,6,5,2,0.227,0.262,9.0,2.5,2.96,True,False,False,False,True,True,False,False,False,False
GLUE1222,N=C(N)c1ccc(NC(=O)Nc2cccc3c2C(=O)N(C2CCC(=O)NC2=O)C3)c(O)c1,MBYQUURUDCYWTL-UHFFFAOYSA-N,urea,*c1ccc(C(=N)N)cc1O,436.43,1.08,177.7,6,6,4,2,0.19,0.181,9.0,2.5,2.95,True,False,False,False,True,True,False,False,False,False
GLUE1223,N=C(N)c1ccc(OC(=O)Nc2cccc3c2C(=O)N(C2CCC(=O)NC2=O)C3)c(O)c1,QFOSJOQUBIVVLQ-UHFFFAOYSA-N,carbamate,*c1ccc(C(=N)N)cc1O,437.41,1.05,174.9,5,7,4,2,0.19,0.27,9.0,2.5,2.95,True,False,False,False,True,True,False,False,False,False
GLUE1224,C[C@@](CC(=O)Nc1cccc2c1C(=O)N(C1CCC(=O)NC1=O)C2)(NN)C(=O)O,HXCOWHLKDQPOCK-MCEAHNFKSA-N,amide,*C[C@](C)(NN)C(=O)O,403.4,-0.92,170.9,5,7,6,1,0.389,0.231,9.0,2.5,3.19,True,False,False,False,True,True,False,False,False,False
GLUE1225,C[C@@](CS(=O)(=O)Nc1cccc2c1C(=O)N(C1CCC(=O)NC1=O)C2)(NN)C(=O)O,DMOKTYQUQYIFLI-KLLZUTDZSA-N,sulfonamide,*C[C@](C)(NN)C(=O)O,439.45,-1.5,188.0,5,8,7,1,0.412,0.191,9.0,2.5,2.93,True,False,False,False,True,True,False,False,False,False
GLUE1226,C[C@@](CCC(=O)Nc1cccc2c1C(=O)N(C1CCC(=O)NC1=O)C2)(NN)C(=O)O,LCCDEZUYRVMBBL-RKLCOFROSA-N,acetamide,*C[C@](C)(NN)C(=O)O,417.42,-0.53,170.9,5,7,7,1,0.421,0.224,9.0,2.5,3.09,True,False,False,False,True,True,False,False,False,False
GLUE1227,C[C@@](CNC(=O)Nc1cccc2c1C(=O)N(C1CCC(=O)NC1=O)C2)(NN)C(=O)O,PTCNHUXDGNSPJV-MCEAHNFKSA-N,urea,*C[C@](C)(NN)C(=O)O,418.41,-1.12,183.0,6,7,6,1,0.389,0.191,9.0,2.5,3.08,True,False,False,False,True,True,False,False,False,False
GLUE1228,C[C@@](COC(=O)Nc1cccc2c1C(=O)N(C1CCC(=O)NC1=O)C2)(NN)C(=O)O,JEPXXKIDRFPDFD-MCEAHNFKSA-N,carbamate,*C[C@](C)(NN)C(=O)O,419.39,-0.7,180.2,5,8,6,1,0.389,0.226,9.0,2.5,3.08,True,False,False,False,True,True,False,False,False,False
GLUE1229,Cc1ccc(C(=O)Nc2cccc3c2C(=O)N(C2CCC(=O)NC2=O)C3)cc1C,GOXWRAXQFJPVCX-UHFFFAOYSA-N,amide,*c1ccc(C)c(C)c1,391.43,2.32,95.6,2,4,3,2,0.273,0.785,5.0,3.5,5.09,True,True,False,False,True,True,True,True,False,True
GLUE1230,Cc1ccc(S(=O)(=O)Nc2cccc3c2C(=O)N(C2CCC(=O)NC2=O)C3)cc1C,KVKHOTJXNFMSIO-UHFFFAOYSA-N,sulfonamide,*c1ccc(C)c(C)c1,427.48,1.87,112.7,2,5,4,2,0.286,0.724,5.0,3.5,4.26,True,False,False,False,True,True,True,True,False,False
GLUE1231,Cc1ccc(CC(=O)Nc2cccc3c2C(=O)N(C2CCC(=O)NC2=O)C3)cc1C,MJDMKRDMKMYENG-UHFFFAOYSA-N,acetamide,*c1ccc(C)c(C)c1,405.45,2.25,95.6,2,4,4,2,0.304,0.763,5.0,3.5,4.99,True,True,False,False,True,True,True,True,False,True
GLUE1232,Cc1ccc(NC(=O)Nc2cccc3c2C(=O)N(C2CCC(=O)NC2=O)C3)cc1C,PPOXTDMHAJXWNU-UHFFFAOYSA-N,urea,*c1ccc(C)c(C)c1,406.44,2.71,107.6,3,4,3,2,0.273,0.681,5.0,3.5,4.14,True,True,False,False,True,True,True,True,False,True
GLUE1233,Cc1ccc(OC(=O)Nc2cccc3c2C(=O)N(C2CCC(=O)NC2=O)C3)cc1C,MLTUCFBUTLVWOT-UHFFFAOYSA-N,carbamate,*c1ccc(C)c(C)c1,407.43,2.68,104.8,2,5,3,2,0.273,0.761,5.0,3.5,4.58,True,True,False,False,True,True,True,True,False,True
GLUE1234,O=C1CCC(N2Cc3cccc(NC(=O)C(=O)NO)c3C2=O)C(=O)N1,PEKXDJJUQRJMLU-UHFFFAOYSA-N,amide,*C(=O)NO,346.3,-1.11,144.9,4,6,2,1,0.267,0.231,5.0,3.0,4.0,True,False,False,False,True,True,False,False,False,False
GLUE1235,O=C1CCC(N2Cc3cccc(NS(=O)(=O)C(=O)NO)c3C2=O)C(=O)N1,CREMNRJYHKTOMM-UHFFFAOYSA-N,sulfonamide,*C(=O)NO,382.35,-0.71,162.0,4,7,3,1,0.286,0.305,5.0,2.5,3.84,True,False,False,False,True,True,False,False,False,False
GLUE1236,O=C1CCC(N2Cc3cccc(NC(=O)NC(=O)NO)c3C2=O)C(=O)N1,BLQSZSMLNWJIKA-UHFFFAOYSA-N,urea,*C(=O)NO,361.31,-0.33,156.9,5,6,2,1,0.267,0.276,5.0,2.5,3.99,True,False,False,False,True,True,False,False,False,False
GLUE1237,O=C1CCC(N2Cc3cccc(NC(=O)OC(=O)NO)c3C2=O)C(=O)N1,GTNNQMAOHPMYDY-UHFFFAOYSA-N,carbamate,*C(=O)NO,362.3,0.09,154.1,4,7,2,1,0.267,0.252,5.0,2.5,3.98,True,False,False,False,True,True,False,False,False,False
GLUE1238,CC1NCCOC1C(=O)Nc1cccc2c1C(=O)N(C1CCC(=O)NC1=O)C2,CKBMUQXZKMDPIV-UHFFFAOYSA-N,amide,*C1OCCNC1C,386.41,-0.24,116.8,3,6,3,1,0.474,0.618,9.0,3.5,3.58,True,False,False,False,True,True,True,True,False,False
GLUE1239,CC1NCCOC1S(=O)(=O)Nc1cccc2c1C(=O)N(C1CCC(=O)NC1=O)C2,KRWIHEWMFDMPPI-UHFFFAOYSA-N,sulfonamide,*C1OCCNC1C,422.46,-0.48,133.9,3,7,4,1,0.5,0.558,9.0,3.0,3.22,True,False,False,False,True,True,False,False,False,False
GLUE1240,CC1NCCOC1CC(=O)Nc1cccc2c1C(=O)N(C1CCC(=O)NC1=O)C2,JKALZBVSUPWYCU-UHFFFAOYSA-N,acetamide,*C1OCCNC1C,400.44,0.15,116.8,3,6,4,1,0.5,0.62,9.0,3.5,3.48,True,False,False,False,True,True,True,True,False,False
GLUE1241,CC1NCCOC1NC(=O)Nc1cccc2c1C(=O)N(C1CCC(=O)NC1=O)C2,QYSVKRGPYZFMLZ-UHFFFAOYSA-N,urea,*C1OCCNC1C,401.42,-0.1,128.9,4,6,3,1,0.474,0.524,9.0,2.5,3.2,True,False,False,False,True,True,False,False,False,False
GLUE1242,CC1NCCOC1OC(=O)Nc1cccc2c1C(=O)N(C1CCC(=O)NC1=O)C2,GYLYTAHXLMQDJL-UHFFFAOYSA-N,carbamate,*C1OCCNC1C,402.41,0.33,126.1,3,7,3,1,0.474,0.622,9.0,3.0,3.36,True,False,False,False,True,True,False,False,False,False
GLUE1243,CNNCC(=O)Nc1cccc2c1C(=O)N(C1CCC(=O)NC1=O)C2,KKMZTPOWHMUJMI-UHFFFAOYSA-N,amide,*CNNC,345.36,-0.89,119.6,4,6,5,1,0.375,0.406,9.0,3.5,3.51,True,False,False,False,True,True,True,True,False,False
GLUE1244,CNNCS(=O)(=O)Nc1cccc2c1C(=O)N(C1CCC(=O)NC1=O)C2,YYJPGUWFMZLRAI-UHFFFAOYSA-N,sulfonamide,*CNNC,381.41,-1.13,136.7,4,7,6,1,0.4,0.361,9.0,2.5,3.35,True,False,False,False,True,True,False,False,False,False
GLUE1245,CNNCCC(=O)Nc1cccc2c1C(=O)N(C1CCC(=O)NC1=O)C2,PFTQOHHJZXEVKR-UHFFFAOYSA-N,acetamide,*CNNC,359.39,-0.5,119.6,4,6,6,1,0.412,0.309,9.0,3.5,3.51,True,False,False,False,True,True,True,True,False,False
GLUE1246,CNNCNC(=O)Nc1cccc2c1C(=O)N(C1CCC(=O)NC1=O)C2,PWLHSZHHHROJGE-UHFFFAOYSA-N,urea,*CNNC,360.37,-0.75,131.7,5,6,5,1,0.375,0.203,9.0,2.5,3.5,True,False,False,False,True,True,False,False,False,False
GLUE1247,CNNCOC(=O)Nc1cccc2c1C(=O)N(C1CCC(=O)NC1=O)C2,OMELSGBQFBIELK-UHFFFAOYSA-N,carbamate,*CNNC,361.36,-0.32,128.9,4,7,5,1,0.375,0.245,9.0,2.5,3.49,True,False,False,False,True,True,False,False,False,False
GLUE1248,O=C1CCC(N2Cc3cccc(NC(=O)c4ccc5c(c4)CCO5)c3C2=O)C(=O)N1,UYYHMOCPGBWOFB-UHFFFAOYSA-N,amide,*c1ccc2c(c1)CCO2,405.41,1.63,104.8,2,5,3,2,0.273,0.756,5.0,3.5,4.68,True,False,False,False,True,True,True,True,False,False
GLUE1249,O=C1CCC(N2Cc3cccc(NS(=O)(=O)c4ccc5c(c4)CCO5)c3C2=O)C(=O)N1,PWSAGNYVQGTZCC-UHFFFAOYSA-N,sulfonamide,*c1ccc2c(c1)CCO2,441.47,1.18,121.9,2,6,4,2,0.286,0.688,5.0,3.0,3.92,True,False,False,False,True,True,False,False,False,False
GLUE1250,O=C1CCC(N2Cc3cccc(NC(=O)Cc4ccc5c(c4)CCO5)c3C2=O)C(=O)N1,KJCYEOHCTRREOI-UHFFFAOYSA-N,acetamide,*c1ccc2c(c1)CCO2,419.44,1.56,104.8,2,5,4,2,0.304,0.732,5.0,3.5,4.58,True,False,False,False,True,True,True,True,False,False
GLUE1251,O=C1CCC(N2Cc3cccc(NC(=O)Nc4ccc5c(c4)CCO5)c3C2=O)C(=O)N1,BJFZJNNOUUYRFY-UHFFFAOYSA-N,urea,*c1ccc2c(c1)CCO2,420.43,2.03,116.8,3,5,3,2,0.273,0.657,5.0,3.5,3.84,True,True,False,False,True,True,True,True,False,True
GLUE1252,O=C1CCC(N2Cc3cccc(NC(=O)Oc4ccc5c(c4)CCO5)c3C2=O)C(=O)N1,ISSDOHIWLUQWAD-UHFFFAOYSA-N,carbamate,*c1ccc2c(c1)CCO2,421.41,1.99,114.0,2,6,3,2,0.273,0.733,5.0,3.5,4.26,True,False,False,False,True,True,True,True,False,False
GLUE1253,O=C1CCC(N2Cc3cccc(NC(=O)c4ccc5c(c4)CCC5)c3C2=O)C(=O)N1,DEUXASVCVKQKLV-UHFFFAOYSA-N,amide,*c1ccc2c(c1)CCC2,403.44,2.19,95.6,2,4,3,2,0.304,0.768,5.0,3.5,5.0,True,True,False,False,True,True,True,True,False,True
GLUE1254,O=C1CCC(N2Cc3cccc(NS(=O)(=O)c4ccc5c(c4)CCC5)c3C2=O)C(=O)N1,URPJKFMZODIQNO-UHFFFAOYSA-N,sulfonamide,*c1ccc2c(c1)CCC2,439.49,1.74,112.7,2,5,4,2,0.318,0.705,5.0,3.5,4.18,True,False,False,False,True,True,True,True,False,False
GLUE1255,O=C1CCC(N2Cc3cccc(NC(=O)Cc4ccc5c(c4)CCC5)c3C2=O)C(=O)N1,GXCULIIGOXDWEJ-UHFFFAOYSA-N,acetamide,*c1ccc2c(c1)CCC2,417.47,2.12,95.6,2,4,4,2,0.333,0.745,5.0,3.5,4.9,True,True,False,False,True,True,True,True,False,True
GLUE1256,O=C1CCC(N2Cc3cccc(NC(=O)Nc4ccc5c(c4)CCC5)c3C2=O)C(=O)N1,CDEYKZYBKBRZSA-UHFFFAOYSA-N,urea,*c1ccc2c(c1)CCC2,418.45,2.58,107.6,3,4,3,2,0.304,0.666,5.0,3.5,4.12,True,True,False,False,True,True,True,True,False,True
GLUE1257,O=C1CCC(N2Cc3cccc(NC(=O)Oc4ccc5c(c4)CCC5)c3C2=O)C(=O)N1,PSWWALMGUXHDPW-UHFFFAOYSA-N,carbamate,*c1ccc2c(c1)CCC2,419.44,2.55,104.8,2,5,3,2,0.304,0.744,5.0,3.5,4.56,True,True,False,False,True,True,True,True,False,True
GLUE1258,CC(C)(CO)[C@@H](O)C(=O)C(=O)Nc1cccc2c1C(=O)N(C1CCC(=O)NC1=O)C2,FMPNXYYOGYBAMY-INSVYWFGSA-N,amide,*C(=O)[C@H](O)C(C)(C)CO,417.42,-0.67,153.1,4,7,6,1,0.45,0.354,5.0,2.5,3.59,True,False,False,False,True,True,False,False,False,False
GLUE1259,CC(C)(CO)[C@@H](O)C(=O)S(=O)(=O)Nc1cccc2c1C(=O)N(C1CCC(=O)NC1=O)C2,KECPUCDACFXAJE-CVRLYYSRSA-N,sulfonamide,*C(=O)[C@H](O)C(C)(C)CO,453.47,-0.9,170.2,4,8,6,1,0.474,0.401,5.0,2.5,3.33,False,False,False,False,True,True,False,False,False,False
GLUE1260,CC(C)(CO)[C@@H](O)C(=O)CC(=O)Nc1cccc2c1C(=O)N(C1CCC(=O)NC1=O)C2,IIACFYLRNKXWQW-UWBLVGDVSA-N,acetamide,*C(=O)[C@H](O)C(C)(C)CO,431.45,-0.28,153.1,4,7,7,1,0.476,0.342,5.0,2.5,3.49,True,False,False,False,True,True,False,False,False,False
GLUE1261,CC(C)(CO)[C@@H](O)C(=O)NC(=O)Nc1cccc2c1C(=O)N(C1CCC(=O)NC1=O)C2,HBEPSCWCDXQSJH-CVRLYYSRSA-N,urea,*C(=O)[C@H](O)C(C)(C)CO,432.43,-0.52,165.1,5,7,5,1,0.45,0.39,5.0,2.5,3.48,True,False,False,False,True,True,False,False,False,False
GLUE1262,CC(C)(CO)[C@@H](O)C(=O)OC(=O)Nc1cccc2c1C(=O)N(C1CCC(=O)NC1=O)C2,JGPBKDDVUNMRLY-CVRLYYSRSA-N,carbamate,*C(=O)[C@H](O)C(C)(C)CO,433.42,-0.1,162.3,4,8,5,1,0.45,0.284,5.0,2.5,3.48,True,False,False,False,True,True,False,False,False,False
GLUE1263,N[C@@H]1CCCCN(C(=O)Nc2cccc3c2C(=O)N(C2CCC(=O)NC2=O)C3)C1,RPUNUEACIMOOFR-AFYYWNPRSA-N,amide,*N1CCCC[C@@H](N)C1,399.45,0.79,124.8,3,5,2,1,0.5,0.634,9.0,3.0,3.38,True,False,False,False,True,True,False,False,False,False
GLUE1264,N[C@@H]1CCCCN(S(=O)(=O)Nc2cccc3c2C(=O)N(C2CCC(=O)NC2=O)C3)C1,GRAANEDEWBASGJ-AFYYWNPRSA-N,sulfonamide,*N1CCCC[C@@H](N)C1,435.51,-0.08,141.9,3,6,4,1,0.526,0.565,9.5,3.0,2.88,True,False,False,False,True,True,False,False,False,False
GLUE1265,N[C@@H]1CCCCN(CC(=O)Nc2cccc3c2C(=O)N(C2CCC(=O)NC2=O)C3)C1,NZQYGWXFZKRBEU-IURRXHLWSA-N,acetamide,*N1CCCC[C@@H](N)C1,413.48,0.2,124.8,3,6,4,1,0.524,0.606,9.5,3.0,3.03,True,False,False,False,True,True,False,False,False,False
GLUE1266,N[C@@H]1CCCCN(NC(=O)Nc2cccc3c2C(=O)N(C2CCC(=O)NC2=O)C3)C1,OJCOLNMTKRQQLY-AFYYWNPRSA-N,urea,*N1CCCC[C@@H](N)C1,414.47,0.3,136.9,4,6,3,1,0.5,0.525,9.5,2.5,2.86,True,False,False,False,True,True,False,False,False,False
GLUE1267,N[C@@H]1CCCCN(OC(=O)Nc2cccc3c2C(=O)N(C2CCC(=O)NC2=O)C3)C1,WSACMGQQBLFYNI-AFYYWNPRSA-N,carbamate,*N1CCCC[C@@H](N)C1,415.45,0.72,134.1,3,7,3,1,0.5,0.62,9.5,3.0,3.02,True,False,False,False,True,True,False,False,False,False
GLUE1268,O=C([O-])CCC(=O)C(=O)Nc1cccc2c1C(=O)N(C1CCC(=O)NC1=O)C2,AIRYGYQPTVLHSA-UHFFFAOYSA-M,amide,*C(=O)CCC(=O)[O-],386.34,-1.51,152.8,2,7,6,1,0.333,0.445,5.0,3.0,4.31,True,False,False,False,True,True,False,False,False,False
GLUE1269,O=C([O-])CCC(=O)S(=O)(=O)Nc1cccc2c1C(=O)N(C1CCC(=O)NC1=O)C2,XKYCAKAYAFANIV-UHFFFAOYSA-M,sulfonamide,*C(=O)CCC(=O)[O-],422.4,-1.75,169.8,2,8,6,1,0.353,0.508,5.0,3.0,4.05,True,False,False,False,True,True,False,False,False,False
GLUE1270,O=C([O-])CCC(=O)CC(=O)Nc1cccc2c1C(=O)N(C1CCC(=O)NC1=O)C2,HWMPGAHFZHADQM-UHFFFAOYSA-M,acetamide,*C(=O)CCC(=O)[O-],400.37,-1.12,152.8,2,7,7,1,0.368,0.434,5.0,3.0,4.21,True,False,False,False,True,True,False,False,False,False
GLUE1271,O=C([O-])CCC(=O)NC(=O)Nc1cccc2c1C(=O)N(C1CCC(=O)NC1=O)C2,GEZAVXCKLVHRIW-UHFFFAOYSA-M,urea,*C(=O)CCC(=O)[O-],401.36,-1.37,164.8,3,7,5,1,0.333,0.512,5.0,3.0,3.87,True,False,False,False,True,True,False,False,False,False
GLUE1272,O=C([O-])CCC(=O)OC(=O)Nc1cccc2c1C(=O)N(C1CCC(=O)NC1=O)C2,BDVKRIUCCRQUIW-UHFFFAOYSA-M,carbamate,*C(=O)CCC(=O)[O-],402.34,-0.95,162.0,2,8,5,1,0.333,0.362,5.0,3.0,4.2,True,False,False,False,True,True,False,False,False,False
GLUE1273,C[N+]1(C)CCN(C(=O)Nc2cccc3c2C(=O)N(C2CCC(=O)NC2=O)C3)CC1,CICCCOLQXNOGOH-UHFFFAOYSA-O,amide,*N1CC[N+](C)(C)CC1,400.46,0.37,98.8,2,4,2,1,0.5,0.554,5.0,3.5,4.92,True,False,False,False,True,True,True,True,False,False
GLUE1274,C[N+]1(C)CCN(S(=O)(=O)Nc2cccc3c2C(=O)N(C2CCC(=O)NC2=O)C3)CC1,UREIAQDJSANPEQ-UHFFFAOYSA-O,sulfonamide,*N1CC[N+](C)(C)CC1,436.51,-0.5,115.9,2,5,4,1,0.526,0.488,5.0,3.5,4.09,True,False,False,False,True,True,True,True,False,False
GLUE1275,C[N+]1(C)CCN(CC(=O)Nc2cccc3c2C(=O)N(C2CCC(=O)NC2=O)C3)CC1,SWFSQMCDGAUGKH-UHFFFAOYSA-O,acetamide,*N1CC[N+](C)(C)CC1,414.49,-0.22,98.8,2,5,4,1,0.524,0.524,9.5,3.5,4.07,True,False,False,False,True,True,True,True,False,False
GLUE1276,C[N+]1(C)CCN(NC(=O)Nc2cccc3c2C(=O)N(C2CCC(=O)NC2=O)C3)CC1,UQSULSJNAWEXDN-UHFFFAOYSA-O,urea,*N1CC[N+](C)(C)CC1,415.47,-0.12,110.8,3,5,3,1,0.5,0.471,9.5,3.5,3.33,True,False,False,False,True,True,True,True,False,False
GLUE1277,C[N+]1(C)CCN(OC(=O)Nc2cccc3c2C(=O)N(C2CCC(=O)NC2=O)C3)CC1,NQXZYSFUECMOAO-UHFFFAOYSA-O,carbamate,*N1CC[N+](C)(C)CC1,416.46,0.3,108.1,2,6,3,1,0.5,0.542,9.5,3.5,3.75,True,False,False,False,True,True,True,True,False,False
GLUE1278,Cn1nc(C(=O)Nc2cccc3c2C(=O)N(C2CCC(=O)NC2=O)C3)c2ccccc21,POPKNTXJFVRVGI-UHFFFAOYSA-N,amide,*c1nn(C)c2ccccc12,417.43,1.59,113.4,2,5,3,3,0.227,0.629,5.0,3.5,4.31,True,False,False,False,True,True,True,True,False,False
GLUE1279,Cn1nc(S(=O)(=O)Nc2cccc3c2C(=O)N(C2CCC(=O)NC2=O)C3)c2ccccc21,MSIHGMYVSPLVRP-UHFFFAOYSA-N,sulfonamide,*c1nn(C)c2ccccc12,453.48,1.14,130.5,2,6,4,3,0.238,0.57,5.0,3.0,3.83,False,False,False,False,True,True,False,False,False,False
GLUE1280,Cn1nc(CC(=O)Nc2cccc3c2C(=O)N(C2CCC(=O)NC2=O)C3)c2ccccc21,PHOZXGPWWDJCNY-UHFFFAOYSA-N,acetamide,*c1nn(C)c2ccccc12,431.45,1.52,113.4,2,5,4,3,0.261,0.608,5.0,3.5,4.21,True,False,False,False,True,True,True,True,False,False
GLUE1281,Cn1nc(NC(=O)Nc2cccc3c2C(=O)N(C2CCC(=O)NC2=O)C3)c2ccccc21,LCPIEDYWCZQYKP-UHFFFAOYSA-N,urea,*c1nn(C)c2ccccc12,432.44,1.98,125.4,3,5,3,3,0.227,0.546,5.0,3.0,3.65,True,False,False,False,True,True,False,False,False,False
GLUE1282,Cn1nc(OC(=O)Nc2cccc3c2C(=O)N(C2CCC(=O)NC2=O)C3)c2ccccc21,HMYLFMSLSQOIPD-UHFFFAOYSA-N,carbamate,*c1nn(C)c2ccccc12,433.42,1.95,122.6,2,6,3,3,0.227,0.609,5.0,3.0,3.98,True,False,False,False,True,True,False,False,False,False
GLUE1283,O=C1CCC(N2Cc3cccc(NC(=O)C4C(=O)Nc5ccc(F)cc54)c3C2=O)C(=O)N1,DORFHROTYGHHQO-UHFFFAOYSA-N,amide,*C1C(=O)Nc2ccc(F)cc21,436.4,1.26,124.7,3,5,3,2,0.227,0.494,5.0,3.0,3.62,True,False,False,False,True,True,False,False,False,False
GLUE1284,O=C1CCC(N2Cc3cccc(NS(=O)(=O)C4C(=O)Nc5ccc(F)cc54)c3C2=O)C(=O)N1,FDVRUCXUJKCNTN-UHFFFAOYSA-N,sulfonamide,*C1C(=O)Nc2ccc(F)cc21,472.45,1.02,141.8,3,6,4,2,0.238,0.568,5.0,3.0,3.36,False,False,False,False,True,True,False,False,False,False
GLUE1285,O=C1CCC(N2Cc3cccc(NC(=O)CC4C(=O)Nc5ccc(F)cc54)c3C2=O)C(=O)N1,OIBXFZNECMFZNA-UHFFFAOYSA-N,acetamide,*C1C(=O)Nc2ccc(F)cc21,450.43,1.65,124.7,3,5,4,2,0.261,0.611,5.0,3.0,3.52,False,False,False,False,True,True,False,False,False,False
GLUE1286,O=C1CCC(N2Cc3cccc(NC(=O)NC4C(=O)Nc5ccc(F)cc54)c3C2=O)C(=O)N1,QLYGEHBYRFQCTA-UHFFFAOYSA-N,urea,*C1C(=O)Nc2ccc(F)cc21,451.41,1.4,136.7,4,5,3,2,0.227,0.523,5.0,2.5,3.35,False,False,False,False,True,True,False,False,False,False
GLUE1287,O=C1CCC(N2Cc3cccc(NC(=O)OC4C(=O)Nc5ccc(F)cc54)c3C2=O)C(=O)N1,IXZMDHZBEDQCSK-UHFFFAOYSA-N,carbamate,*C1C(=O)Nc2ccc(F)cc21,452.4,1.83,133.9,3,6,3,2,0.227,0.609,5.0,3.0,3.51,False,False,False,False,True,True,False,False,False,False
GLUE1288,Cc1ccc(Cl)c(C(=O)Nc2cccc3c2C(=O)N(C2CCC(=O)NC2=O)C3)c1Cl,ROSJCHHPOOTWQQ-UHFFFAOYSA-N,amide,*c1c(Cl)ccc(C)c1Cl,446.29,3.32,95.6,2,4,3,2,0.238,0.708,5.0,3.0,4.13,True,True,False,False,True,True,True,False,False,False
GLUE1289,Cc1ccc(Cl)c(S(=O)(=O)Nc2cccc3c2C(=O)N(C2CCC(=O)NC2=O)C3)c1Cl,HDMLOETXDNMWIJ-UHFFFAOYSA-N,sulfonamide,*c1c(Cl)ccc(C)c1Cl,482.35,2.86,112.7,2,5,4,2,0.25,0.651,5.0,3.5,3.69,False,True,False,False,True,True,True,True,False,False
GLUE1290,Cc1ccc(Cl)c(CC(=O)Nc2cccc3c2C(=O)N(C2CCC(=O)NC2=O)C3)c1Cl,XSQFJNWDSIDRMN-UHFFFAOYSA-N,acetamide,*c1c(Cl)ccc(C)c1Cl,460.32,3.24,95.6,2,4,4,2,0.273,0.685,5.0,3.0,4.1,False,True,False,False,True,True,True,False,False,False
GLUE1291,Cc1ccc(Cl)c(NC(=O)Nc2cccc3c2C(=O)N(C2CCC(=O)NC2=O)C3)c1Cl,MKLQLBVFHWXPNB-UHFFFAOYSA-N,urea,*c1c(Cl)ccc(C)c1Cl,461.31,3.71,107.6,3,4,3,2,0.238,0.606,5.0,3.0,2.9,False,True,False,False,True,True,True,False,False,False
GLUE1292,Cc1ccc(Cl)c(OC(=O)Nc2cccc3c2C(=O)N(C2CCC(=O)NC2=O)C3)c1Cl,RPSXPEXCEYVRNV-UHFFFAOYSA-N,carbamate,*c1c(Cl)ccc(C)c1Cl,462.29,3.67,104.8,2,5,3,2,0.238,0.678,5.0,3.0,3.35,False,True,False,False,True,True,True,False,False,False
GLUE1293,Cc1nc2n(c(=O)c1C(=O)Nc1cccc3c1C(=O)N(C1CCC(=O)NC1=O)C3)CCCC2O,GIDSPXJVOWCBOD-UHFFFAOYSA-N,amide,*c1c(C)nc2n(c1=O)CCCC2O,465.47,0.39,150.7,3,7,3,2,0.391,0.555,5.0,3.0,3.41,False,False,False,False,True,True,False,False,False,False
GLUE1294,Cc1nc2n(c(=O)c1S(=O)(=O)Nc1cccc3c1C(=O)N(C1CCC(=O)NC1=O)C3)CCCC2O,IBPYCTJLLIGTGH-UHFFFAOYSA-N,sulfonamide,*c1c(C)nc2n(c1=O)CCCC2O,501.52,-0.06,167.8,3,8,4,2,0.409,0.49,5.0,2.5,3.17,False,False,False,False,True,True,False,False,False,False
GLUE1295,Cc1nc2n(c(=O)c1CC(=O)Nc1cccc3c1C(=O)N(C1CCC(=O)NC1=O)C3)CCCC2O,HCPBMEBLSFCXBM-UHFFFAOYSA-N,acetamide,*c1c(C)nc2n(c1=O)CCCC2O,479.49,0.32,150.7,3,7,4,2,0.417,0.535,5.0,3.0,3.31,False,False,False,False,True,True,False,False,False,False
GLUE1296,Cc1nc2n(c(=O)c1NC(=O)Nc1cccc3c1C(=O)N(C1CCC(=O)NC1=O)C3)CCCC2O,VEWXOFBIMXEDJL-UHFFFAOYSA-N,urea,*c1c(C)nc2n(c1=O)CCCC2O,480.48,0.78,162.7,4,7,3,2,0.391,0.472,5.0,2.5,3.14,False,False,False,False,True,True,False,False,False,False
GLUE1297,Cc1nc2n(c(=O)c1OC(=O)Nc1cccc3c1C(=O)N(C1CCC(=O)NC1=O)C3)CCCC2O,SFDZYFZQTVXCBI-UHFFFAOYSA-N,carbamate,*c1c(C)nc2n(c1=O)CCCC2O,481.47,0.75,159.9,3,8,3,2,0.391,0.542,5.0,3.0,3.3,False,False,False,False,True,True,False,False,False,False
GLUE1298,O=C1CCC(N2Cc3cccc(NC(=O)N4C[C@@H]5CCCN[C@@H]5C4)c3C2=O)C(=O)N1,HKDOGNHRYMCDHH-PNMZXMJCSA-N,amide,*N1C[C@@H]2CCCN[C@@H]2C1,411.46,0.66,110.8,3,5,2,1,0.524,0.62,9.0,3.5,3.6,True,False,False,False,True,True,True,True,False,False
GLUE1299,O=C1CCC(N2Cc3cccc(NS(=O)(=O)N4C[C@@H]5CCCN[C@@H]5C4)c3C2=O)C(=O)N1,TVBLRGKGMBBEFW-PNMZXMJCSA-N,sulfonamide,*N1C[C@@H]2CCCN[C@@H]2C1,447.52,-0.21,127.9,3,6,4,1,0.55,0.548,9.5,3.0,2.79,True,False,False,False,True,True,False,False,False,False
GLUE1300,O=C1CCC(N2Cc3cccc(NC(=O)CN4C[C@@H]5CCCN[C@@H]5C4)c3C2=O)C(=O)N1,IDQZITCOEQKVLH-XVMZJDAESA-N,acetamide,*N1C[C@@H]2CCCN[C@@H]2C1,425.49,0.07,110.8,3,6,4,1,0.545,0.589,9.5,3.5,3.25,True,False,False,False,True,True,True,True,False,False
GLUE1301,O=C1CCC(N2Cc3cccc(NC(=O)NN4C[C@@H]5CCCN[C@@H]5C4)c3C2=O)C(=O)N1,RRTQXKSVOVXBCU-PNMZXMJCSA-N,urea,*N1C[C@@H]2CCCN[C@@H]2C1,426.48,0.17,122.9,4,6,3,1,0.524,0.511,9.5,2.5,2.78,True,False,False,False,True,True,False,False,False,False
GLUE1302,O=C1CCC(N2Cc3cccc(NC(=O)ON4C[C@@H]5CCCN[C@@H]5C4)c3C2=O)C(=O)N1,JJVJISCEOGAZLZ-PNMZXMJCSA-N,carbamate,*N1C[C@@H]2CCCN[C@@H]2C1,427.46,0.59,120.1,3,7,3,1,0.524,0.604,9.5,3.0,2.93,True,False,False,False,True,True,False,False,False,False
GLUE1303,O=C1CCC(N2Cc3cccc(NC(=O)c4nccs4)c3C2=O)C(=O)N1,DECXLFQALOIYBM-UHFFFAOYSA-N,amide,*c1nccs1,370.39,1.16,108.5,2,6,3,2,0.235,0.788,5.0,3.5,4.81,True,False,False,False,True,True,True,True,False,False
GLUE1304,O=C1CCC(N2Cc3cccc(NS(=O)(=O)c4nccs4)c3C2=O)C(=O)N1,WNKLMWCUWKSNKE-UHFFFAOYSA-N,sulfonamide,*c1nccs1,406.45,0.7,125.5,2,7,4,2,0.25,0.72,5.0,3.0,4.17,True,False,False,False,True,True,False,False,False,False
GLUE1305,O=C1CCC(N2Cc3cccc(NC(=O)Cc4nccs4)c3C2=O)C(=O)N1,VFOZJOBIBJAPOU-UHFFFAOYSA-N,acetamide,*c1nccs1,384.42,1.09,108.5,2,6,4,2,0.278,0.767,5.0,3.5,4.71,True,False,False,False,True,True,True,True,False,False
GLUE1306,O=C1CCC(N2Cc3cccc(NC(=O)Nc4nccs4)c3C2=O)C(=O)N1,FTJZGWMAKKYFHK-UHFFFAOYSA-N,urea,*c1nccs1,385.41,1.55,120.5,3,6,3,2,0.235,0.692,5.0,3.0,3.99,True,False,False,False,True,True,False,False,False,False
GLUE1307,O=C1CCC(N2Cc3cccc(NC(=O)Oc4nccs4)c3C2=O)C(=O)N1,XWXREFRISVVLPZ-UHFFFAOYSA-N,carbamate,*c1nccs1,386.39,1.51,117.7,2,7,3,2,0.235,0.772,5.0,3.5,4.39,True,False,False,False,True,True,True,True,False,False
GLUE1308,Cc1ccnc(C(=O)Nc2cccc3c2C(=O)N(C2CCC(=O)NC2=O)C3)n1,ZOYDAOIJFKSELQ-UHFFFAOYSA-N,amide,*c1nccc(C)n1,379.38,0.8,121.4,2,6,3,2,0.263,0.761,5.0,3.0,4.36,True,False,False,False,True,True,False,False,False,False
GLUE1309,Cc1ccnc(S(=O)(=O)Nc2cccc3c2C(=O)N(C2CCC(=O)NC2=O)C3)n1,ZKPHVTZXUXAENO-UHFFFAOYSA-N,sulfonamide,*c1nccc(C)n1,415.43,0.35,138.4,2,7,4,2,0.278,0.542,5.0,3.0,4.1,True,False,False,False,True,True,False,False,False,False
GLUE1310,Cc1ccnc(CC(=O)Nc2cccc3c2C(=O)N(C2CCC(=O)NC2=O)C3)n1,YPLXBWHKVGQVFN-UHFFFAOYSA-N,acetamide,*c1nccc(C)n1,393.4,0.73,121.4,2,6,4,2,0.3,0.739,5.0,3.0,4.26,True,False,False,False,True,True,False,False,False,False
GLUE1311,Cc1ccnc(NC(=O)Nc2cccc3c2C(=O)N(C2CCC(=O)NC2=O)C3)n1,HKUVMUGALURWMH-UHFFFAOYSA-N,urea,*c1nccc(C)n1,394.39,1.19,133.4,3,6,3,2,0.263,0.67,5.0,3.0,3.92,True,False,False,False,True,True,False,False,False,False
GLUE1312,Cc1ccnc(OC(=O)Nc2cccc3c2C(=O)N(C2CCC(=O)NC2=O)C3)n1,VHSXFBLDSSXPOT-UHFFFAOYSA-N,carbamate,*c1nccc(C)n1,395.38,1.16,130.6,2,7,3,2,0.263,0.746,5.0,3.0,4.25,True,False,False,False,True,True,False,False,False,False
GLUE1313,Cc1cc(C)nc(C(=O)Nc2cccc3c2C(=O)N(C2CCC(=O)NC2=O)C3)n1,IUXHZUYYVIZWTD-UHFFFAOYSA-N,amide,*c1nc(C)cc(C)n1,393.4,1.11,121.4,2,6,3,2,0.3,0.754,5.0,3.0,4.26,True,False,False,False,True,True,False,False,False,False
GLUE1314,Cc1cc(C)nc(S(=O)(=O)Nc2cccc3c2C(=O)N(C2CCC(=O)NC2=O)C3)n1,OGCXKQZKLACUHY-UHFFFAOYSA-N,sulfonamide,*c1nc(C)cc(C)n1,429.46,0.66,138.4,2,7,4,2,0.316,0.538,5.0,3.0,4.0,True,False,False,False,True,True,False,False,False,False
GLUE1315,Cc1cc(C)nc(CC(=O)Nc2cccc3c2C(=O)N(C2CCC(=O)NC2=O)C3)n1,FERSVIDPPUDZQE-UHFFFAOYSA-N,acetamide,*c1nc(C)cc(C)n1,407.43,1.04,121.4,2,6,4,2,0.333,0.731,5.0,3.0,4.16,True,False,False,False,True,True,False,False,False,False
GLUE1316,Cc1cc(C)nc(NC(=O)Nc2cccc3c2C(=O)N(C2CCC(=O)NC2=O)C3)n1,KMAXOKPZMUWPTJ-UHFFFAOYSA-N,urea,*c1nc(C)cc(C)n1,408.42,1.5,133.4,3,6,3,2,0.3,0.659,5.0,3.0,3.82,True,False,False,False,True,True,False,False,False,False
GLUE1317,Cc1cc(C)nc(OC(=O)Nc2cccc3c2C(=O)N(C2CCC(=O)NC2=O)C3)n1,KAHJTRDXYKRUPB-UHFFFAOYSA-N,carbamate,*c1nc(C)cc(C)n1,409.4,1.47,130.6,2,7,3,2,0.3,0.734,5.0,3.0,4.15,True,False,False,False,True,True,False,False,False,False
GLUE1318,Cc1noc(C(=O)Nc2cccc3c2C(=O)N(C2CCC(=O)NC2=O)C3)c1C,YNNXEZZGTOSBNK-UHFFFAOYSA-N,amide,*c1onc(C)c1C,382.38,1.3,121.6,2,6,3,2,0.316,0.772,5.0,3.0,4.34,True,False,False,False,True,True,False,False,False,False
GLUE1319,Cc1noc(S(=O)(=O)Nc2cccc3c2C(=O)N(C2CCC(=O)NC2=O)C3)c1C,QGZQHZYFXRGALN-UHFFFAOYSA-N,sulfonamide,*c1onc(C)c1C,418.43,0.85,138.7,2,7,4,2,0.333,0.702,5.0,3.0,4.08,True,False,False,False,True,True,False,False,False,False
GLUE1320,Cc1noc(CC(=O)Nc2cccc3c2C(=O)N(C2CCC(=O)NC2=O)C3)c1C,XMHFNGIDBPJYMW-UHFFFAOYSA-N,acetamide,*c1onc(C)c1C,396.4,1.23,121.6,2,6,4,2,0.35,0.75,5.0,3.0,4.24,True,False,False,False,True,True,False,False,False,False
GLUE1321,Cc1noc(NC(=O)Nc2cccc3c2C(=O)N(C2CCC(=O)NC2=O)C3)c1C,AAVJFVXXCUPBQR-UHFFFAOYSA-N,urea,*c1onc(C)c1C,397.39,1.7,133.6,3,6,3,2,0.316,0.675,5.0,3.0,3.9,True,False,False,False,True,True,False,False,False,False
GLUE1322,Cc1noc(OC(=O)Nc2cccc3c2C(=O)N(C2CCC(=O)NC2=O)C3)c1C,BXKJOLGEJBQRKW-UHFFFAOYSA-N,carbamate,*c1onc(C)c1C,398.38,1.66,130.8,2,7,3,2,0.316,0.752,5.0,3.0,4.23,True,False,False,False,True,True,False,False,False,False
GLUE1323,O=C1CCC(N2Cc3cccc(NC(=O)S(=O)(=O)c4cccc5cccnc45)c3C2=O)C(=O)N1,XLCZPPWSNOZCHF-UHFFFAOYSA-N,amide,*S(=O)(=O)c1cccc2cccnc12,478.49,2.0,142.6,2,7,3,3,0.174,0.548,5.0,3.0,3.65,False,True,False,False,True,True,False,False,False,False
GLUE1324,O=C1CCC(N2Cc3cccc(NS(=O)(=O)S(=O)(=O)c4cccc5cccnc45)c3C2=O)C(=O)N1,NTINWSFTJSCEHZ-UHFFFAOYSA-N,sulfonamide,*S(=O)(=O)c1cccc2cccnc12,514.54,1.13,159.7,2,8,5,3,0.182,0.378,5.0,2.5,3.5,False,False,False,False,True,True,False,False,False,False
GLUE1325,O=C1CCC(N2Cc3cccc(NC(=O)CS(=O)(=O)c4cccc5cccnc45)c3C2=O)C(=O)N1,VNWSEBNFBIPNKR-UHFFFAOYSA-N,acetamide,*S(=O)(=O)c1cccc2cccnc12,492.51,1.41,142.6,2,7,5,3,0.208,0.513,5.0,3.0,3.55,False,False,False,False,True,True,False,False,False,False
GLUE1326,O=C1CCC(N2Cc3cccc(NC(=O)NS(=O)(=O)c4cccc5cccnc45)c3C2=O)C(=O)N1,LCYJYWLQHVBIDJ-UHFFFAOYSA-N,urea,*S(=O)(=O)c1cccc2cccnc12,493.5,1.51,154.6,3,7,4,3,0.174,0.465,5.0,3.0,3.21,False,False,False,False,True,True,False,False,False,False
GLUE1327,O=C1CCC(N2Cc3cccc(NC(=O)OS(=O)(=O)c4cccc5cccnc45)c3C2=O)C(=O)N1,VHNYXRFSOWTJJK-UHFFFAOYSA-N,carbamate,*S(=O)(=O)c1cccc2cccnc12,494.49,1.93,151.8,2,8,4,3,0.174,0.412,5.0,3.0,3.54,False,False,False,False,True,True,False,False,False,False
GLUE1328,Cn1cc(C(=O)Nc2cccc3c2C(=O)N(C2CCC(=O)NC2=O)C3)cn1,JUYNNNDWNBGDAF-UHFFFAOYSA-N,amide,*c1cnn(C)c1,367.37,0.43,113.4,2,5,3,2,0.278,0.764,5.0,3.5,4.67,True,False,False,False,True,True,True,True,False,False
GLUE1329,Cn1cc(S(=O)(=O)Nc2cccc3c2C(=O)N(C2CCC(=O)NC2=O)C3)cn1,NMBGHYHIPFUCKI-UHFFFAOYSA-N,sulfonamide,*c1cnn(C)c1,403.42,-0.02,130.5,2,6,4,2,0.294,0.69,5.0,3.0,4.19,True,False,False,False,True,True,False,False,False,False
GLUE1330,Cn1cc(CC(=O)Nc2cccc3c2C(=O)N(C2CCC(=O)NC2=O)C3)cn1,GVSJGRIUJIVXSB-UHFFFAOYSA-N,acetamide,*c1cnn(C)c1,381.39,0.36,113.4,2,5,4,2,0.316,0.743,5.0,3.5,4.57,True,False,False,False,True,True,True,True,False,False
GLUE1331,Cn1cc(NC(=O)Nc2cccc3c2C(=O)N(C2CCC(=O)NC2=O)C3)cn1,BIYDWOAYHXQIMV-UHFFFAOYSA-N,urea,*c1cnn(C)c1,382.38,0.83,125.4,3,5,3,2,0.278,0.678,5.0,3.0,4.01,True,False,False,False,True,True,False,False,False,False
GLUE1332,Cn1cc(OC(=O)Nc2cccc3c2C(=O)N(C2CCC(=O)NC2=O)C3)cn1,UWGRODJBZSRRDX-UHFFFAOYSA-N,carbamate,*c1cnn(C)c1,383.36,0.79,122.6,2,6,3,2,0.278,0.756,5.0,3.0,4.33,True,False,False,False,True,True,False,False,False,False
GLUE1333,C[C@](N)(CC(=O)Nc1cccc2c1C(=O)N(C1CCC(=O)NC1=O)C2)C(=O)O,XZYBIVNIGWAGBC-MCEAHNFKSA-N,amide,*C[C@](C)(N)C(=O)O,388.38,-0.42,158.9,4,6,5,1,0.389,0.498,9.0,2.5,3.3,True,False,False,False,True,True,False,False,False,False
GLUE1334,C[C@](N)(CS(=O)(=O)Nc1cccc2c1C(=O)N(C1CCC(=O)NC1=O)C2)C(=O)O,RZEPLVBYSTZUMD-KLLZUTDZSA-N,sulfonamide,*C[C@](C)(N)C(=O)O,424.44,-1.01,176.0,4,7,6,1,0.412,0.42,9.0,2.5,3.04,True,False,False,False,True,True,False,False,False,False
GLUE1335,C[C@](N)(CCC(=O)Nc1cccc2c1C(=O)N(C1CCC(=O)NC1=O)C2)C(=O)O,LTWWUANOJMXOQY-RKLCOFROSA-N,acetamide,*C[C@](C)(N)C(=O)O,402.41,-0.03,158.9,4,6,6,1,0.421,0.486,9.0,2.5,3.2,True,False,False,False,True,True,False,False,False,False
GLUE1336,C[C@](N)(CNC(=O)Nc1cccc2c1C(=O)N(C1CCC(=O)NC1=O)C2)C(=O)O,KNTJXPHMGUPPAU-MCEAHNFKSA-N,urea,*C[C@](C)(N)C(=O)O,403.4,-0.63,170.9,5,6,5,1,0.389,0.407,9.0,2.5,3.19,True,False,False,False,True,True,False,False,False,False
GLUE1337,C[C@](N)(COC(=O)Nc1cccc2c1C(=O)N(C1CCC(=O)NC1=O)C2)C(=O)O,LTMMTZZQPGHCKU-MCEAHNFKSA-N,carbamate,*C[C@](C)(N)C(=O)O,404.38,-0.2,168.1,4,7,5,1,0.389,0.489,9.0,2.5,3.18,True,False,False,False,True,True,False,False,False,False
GLUE1338,O=C1CCC(N2Cc3cccc(NC(=O)C4(C5=CCCCCC5)C(=O)NC(=O)NC4=O)c3C2=O)C(=O)N1,YPOPCPDNRULOJK-UHFFFAOYSA-N,amide,*C1(C2=CCCCCC2)C(=O)NC(=O)NC1=O,507.5,0.63,170.8,4,7,4,1,0.4,0.263,5.0,2.0,3.0,False,False,False,False,True,True,False,False,False,False
GLUE1339,O=C1CCC(N2Cc3cccc(NS(=O)(=O)C4(C5=CCCCCC5)C(=O)NC(=O)NC4=O)c3C2=O)C(=O)N1,YBBRJTAESGMWPH-UHFFFAOYSA-N,sulfonamide,*C1(C2=CCCCCC2)C(=O)NC(=O)NC1=O,543.56,0.18,187.9,4,8,5,1,0.417,0.23,5.0,2.0,3.0,False,False,False,False,True,True,False,False,False,False
GLUE1340,O=C1CCC(N2Cc3cccc(NC(=O)CC4(C5=CCCCCC5)C(=O)NC(=O)NC4=O)c3C2=O)C(=O)N1,LEWLTNRLUCTJRC-UHFFFAOYSA-N,acetamide,*C1(C2=CCCCCC2)C(=O)NC(=O)NC1=O,521.53,1.02,170.8,4,7,5,1,0.423,0.254,5.0,2.0,3.0,False,False,False,False,True,True,False,False,False,False
GLUE1341,O=C1CCC(N2Cc3cccc(NC(=O)NC4(C5=CCCCCC5)C(=O)NC(=O)NC4=O)c3C2=O)C(=O)N1,AVAJELZFQRFZOS-UHFFFAOYSA-N,urea,*C1(C2=CCCCCC2)C(=O)NC(=O)NC1=O,522.52,0.56,182.9,5,7,4,1,0.4,0.217,5.0,2.0,3.0,False,False,False,False,True,True,False,False,False,False
GLUE1342,O=C1CCC(N2Cc3cccc(NC(=O)OC4(C5=CCCCCC5)C(=O)NC(=O)NC4=O)c3C2=O)C(=O)N1,QQZDYIUSXHDQEO-UHFFFAOYSA-N,carbamate,*C1(C2=CCCCCC2)C(=O)NC(=O)NC1=O,523.5,0.99,180.1,4,8,4,1,0.4,0.256,5.0,2.0,3.0,False,False,False,False,True,True,False,False,False,False
GLUE1343,O=C1CCC(N2Cc3cccc(NC(=O)c4ccc5n4CCC5C(=O)O)c3C2=O)C(=O)N1,LNHZSLJJLMZGBN-UHFFFAOYSA-N,amide,*c1ccc2n1CCC2C(=O)O,436.42,1.07,137.8,3,5,4,2,0.318,0.613,5.0,3.0,3.62,True,False,False,False,True,True,False,False,False,False
GLUE1344,O=C1CCC(N2Cc3cccc(NS(=O)(=O)c4ccc5n4CCC5C(=O)O)c3C2=O)C(=O)N1,PAHPAQNPGLFRKB-UHFFFAOYSA-N,sulfonamide,*c1ccc2n1CCC2C(=O)O,472.48,0.62,154.9,3,6,5,2,0.333,0.539,5.0,3.0,3.36,False,False,False,False,True,True,False,False,False,False
GLUE1345,O=C1CCC(N2Cc3cccc(NC(=O)Cc4ccc5n4CCC5C(=O)O)c3C2=O)C(=O)N1,XATXIERDKCKIRZ-UHFFFAOYSA-N,acetamide,*c1ccc2n1CCC2C(=O)O,450.45,1.0,137.8,3,5,5,2,0.348,0.581,5.0,3.0,3.52,False,False,False,False,True,True,False,False,False,False
GLUE1346,O=C1CCC(N2Cc3cccc(NC(=O)Nc4ccc5n4CCC5C(=O)O)c3C2=O)C(=O)N1,WCUSPNYHSJRHLX-UHFFFAOYSA-N,urea,*c1ccc2n1CCC2C(=O)O,451.44,1.46,149.8,4,5,4,2,0.318,0.517,5.0,2.5,3.35,False,False,False,False,True,True,False,False,False,False
GLUE1347,O=C1CCC(N2Cc3cccc(NC(=O)Oc4ccc5n4CCC5C(=O)O)c3C2=O)C(=O)N1,OPPHODVFEGAPDD-UHFFFAOYSA-N,carbamate,*c1ccc2n1CCC2C(=O)O,452.42,1.43,147.0,3,6,4,2,0.318,0.595,5.0,3.0,3.51,False,False,False,False,True,True,False,False,False,False
GLUE1348,CC(C)C(=O)C(=O)Nc1cccc2c1C(=O)N(C1CCC(=O)NC1=O)C2,OTMYQWMOSMMYKL-UHFFFAOYSA-N,amide,*C(=O)C(C)C,357.37,0.61,112.7,2,5,4,1,0.389,0.606,5.0,4.0,4.74,True,False,False,True,True,True,True,True,False,False
GLUE1349,CC(C)C(=O)S(=O)(=O)Nc1cccc2c1C(=O)N(C1CCC(=O)NC1=O)C2,ZILGQBQBMCLEFL-UHFFFAOYSA-N,sulfonamide,*C(=O)C(C)C,393.42,0.37,129.7,2,6,4,1,0.412,0.711,5.0,3.0,4.26,True,False,False,False,True,True,False,False,False,False
GLUE1350,CC(C)C(=O)CC(=O)Nc1cccc2c1C(=O)N(C1CCC(=O)NC1=O)C2,GSBUHBZFPPOSAV-UHFFFAOYSA-N,acetamide,*C(=O)C(C)C,371.39,1.0,112.7,2,5,5,1,0.421,0.592,5.0,3.5,4.66,True,False,False,False,True,True,True,True,False,False
GLUE1351,CC(C)C(=O)NC(=O)Nc1cccc2c1C(=O)N(C1CCC(=O)NC1=O)C2,XEDGZPNRZIWTNJ-UHFFFAOYSA-N,urea,*C(=O)C(C)C,372.38,0.75,124.7,3,5,3,1,0.389,0.676,5.0,3.0,4.08,True,False,False,False,True,True,False,False,False,False
GLUE1352,CC(C)C(=O)OC(=O)Nc1cccc2c1C(=O)N(C1CCC(=O)NC1=O)C2,NOVXLRLXHJQZRR-UHFFFAOYSA-N,carbamate,*C(=O)C(C)C,373.37,1.18,121.9,2,6,3,1,0.389,0.466,5.0,3.0,4.4,True,False,False,False,True,True,False,False,False,False
GLUE1353,O=C1CCC(N2Cc3cccc(NC(=O)C[S+]([O-])c4nc5ccccc5[nH]4)c3C2=O)C(=O)N1,PDGOQTOUXDQOFP-UHFFFAOYSA-N,amide,*C[S+]([O-])c1nc2ccccc2[nH]1,465.49,1.07,147.3,3,6,5,3,0.227,0.379,5.0,3.0,3.41,False,False,False,False,True,True,False,False,False,False
GLUE1354,O=C1CCC(N2Cc3cccc(NS(=O)(=O)C[S+]([O-])c4nc5ccccc5[nH]4)c3C2=O)C(=O)N1,KODSCEKUJOCLKT-UHFFFAOYSA-N,sulfonamide,*C[S+]([O-])c1nc2ccccc2[nH]1,501.55,0.83,164.4,3,7,6,3,0.238,0.332,5.0,2.5,3.17,False,False,False,False,True,True,False,False,False,False
GLUE1355,O=C1CCC(N2Cc3cccc(NC(=O)CC[S+]([O-])c4nc5ccccc5[nH]4)c3C2=O)C(=O)N1,ZGZKTOFBDSKGNA-UHFFFAOYSA-N,acetamide,*C[S+]([O-])c1nc2ccccc2[nH]1,479.52,1.46,147.3,3,6,6,3,0.261,0.36,5.0,3.0,3.31,False,False,False,False,True,True,False,False,False,False
GLUE1356,O=C1CCC(N2Cc3cccc(NC(=O)NC[S+]([O-])c4nc5ccccc5[nH]4)c3C2=O)C(=O)N1,QHEUNWQPFWHWQD-UHFFFAOYSA-N,urea,*C[S+]([O-])c1nc2ccccc2[nH]1,480.51,1.21,159.3,4,6,5,3,0.227,0.317,5.0,2.5,3.14,False,False,False,False,True,True,False,False,False,False
GLUE1357,O=C1CCC(N2Cc3cccc(NC(=O)OC[S+]([O-])c4nc5ccccc5[nH]4)c3C2=O)C(=O)N1,HYJWTULGMZIAQX-UHFFFAOYSA-N,carbamate,*C[S+]([O-])c1nc2ccccc2[nH]1,481.49,1.64,156.5,3,7,5,3,0.227,0.369,5.0,3.0,3.3,False,False,False,False,True,True,False,False,False,False
GLUE1358,CC#CCC(C)[C@H](O)CC(=O)Nc1cccc2c1C(=O)N(C1CCC(=O)NC1=O)C2,DXIAQYKCLIPLNH-QWFMPGPPSA-N,amide,*C[C@@H](O)C(C)CC#CC,411.46,1.19,115.8,3,5,6,1,0.455,0.48,5.0,3.5,3.94,True,False,False,False,True,True,True,True,False,False
GLUE1359,CC#CCC(C)[C@H](O)CS(=O)(=O)Nc1cccc2c1C(=O)N(C1CCC(=O)NC1=O)C2,TWAREVFSFLLNIY-QWFMPGPPSA-N,sulfonamide,*C[C@@H](O)C(C)CC#CC,447.51,0.6,132.9,3,6,7,1,0.476,0.414,5.0,3.0,3.54,True,False,False,False,True,True,False,False,False,False
GLUE1360,CC#CCC(C)[C@H](O)CCC(=O)Nc1cccc2c1C(=O)N(C1CCC(=O)NC1=O)C2,LUYXBOJDDQEVGO-IUPXNIOVSA-N,acetamide,*C[C@@H](O)C(C)CC#CC,425.49,1.58,115.8,3,5,7,1,0.478,0.453,5.0,3.5,3.84,True,False,False,False,True,True,True,True,False,False
GLUE1361,CC#CCC(C)[C@H](O)CNC(=O)Nc1cccc2c1C(=O)N(C1CCC(=O)NC1=O)C2,ODZASLOGWFUEIQ-QWFMPGPPSA-N,urea,*C[C@@H](O)C(C)CC#CC,426.47,0.98,127.8,4,5,6,1,0.455,0.398,5.0,2.5,3.53,True,False,False,False,True,True,False,False,False,False
GLUE1362,CC#CCC(C)[C@H](O)COC(=O)Nc1cccc2c1C(=O)N(C1CCC(=O)NC1=O)C2,GXIGROQWZCOVHK-QWFMPGPPSA-N,carbamate,*C[C@@H](O)C(C)CC#CC,427.46,1.41,125.0,3,6,6,1,0.455,0.466,5.0,3.0,3.68,True,False,False,False,True,True,False,False,False,False
GLUE1363,O=C1CCC(N2Cc3cccc(NC(=O)N4CCS(=O)(=O)CC4)c3C2=O)C(=O)N1,BUBNZTGGJYSFHL-UHFFFAOYSA-N,amide,*N1CCS(=O)(=O)CC1,420.45,-0.29,133.0,2,6,2,1,0.444,0.632,5.0,3.0,4.07,True,False,False,False,True,True,False,False,False,False
GLUE1364,O=C1CCC(N2Cc3cccc(NS(=O)(=O)N4CCS(=O)(=O)CC4)c3C2=O)C(=O)N1,PFDTZWNESLSZMP-UHFFFAOYSA-N,sulfonamide,*N1CCS(=O)(=O)CC1,456.5,-1.17,150.0,2,7,4,1,0.471,0.542,5.0,3.0,3.81,False,False,False,False,True,True,False,False,False,False
GLUE1365,O=C1CCC(N2Cc3cccc(NC(=O)CN4CCS(=O)(=O)CC4)c3C2=O)C(=O)N1,NCNRBTBNSICADM-UHFFFAOYSA-N,acetamide,*N1CCS(=O)(=O)CC1,434.47,-0.88,133.0,2,7,4,1,0.474,0.588,9.5,3.0,3.22,True,False,False,False,True,True,False,False,False,False
GLUE1366,O=C1CCC(N2Cc3cccc(NC(=O)NN4CCS(=O)(=O)CC4)c3C2=O)C(=O)N1,YLCQERMQXKIKMS-UHFFFAOYSA-N,urea,*N1CCS(=O)(=O)CC1,435.46,-0.79,145.0,3,7,3,1,0.444,0.528,9.5,3.0,2.88,True,False,False,False,True,True,False,False,False,False
GLUE1367,O=C1CCC(N2Cc3cccc(NC(=O)ON4CCS(=O)(=O)CC4)c3C2=O)C(=O)N1,KGUWWIFKIFHKRH-UHFFFAOYSA-N,carbamate,*N1CCS(=O)(=O)CC1,436.45,-0.36,142.2,2,8,3,1,0.444,0.612,9.5,3.0,3.2,True,False,False,False,True,True,False,False,False,False
GLUE1368,O=C1CCC(N2Cc3cccc(NC(=O)c4cc5ccccc5s4)c3C2=O)C(=O)N1,MMNYMTHXVZKWGF-UHFFFAOYSA-N,amide,*c1cc2ccccc2s1,419.46,2.91,95.6,2,5,3,3,0.182,0.638,5.0,3.5,4.68,True,True,False,False,True,True,True,True,False,True
GLUE1369,O=C1CCC(N2Cc3cccc(NS(=O)(=O)c4cc5ccccc5s4)c3C2=O)C(=O)N1,UGGWRDGIBGEBDS-UHFFFAOYSA-N,sulfonamide,*c1cc2ccccc2s1,455.52,2.46,112.7,2,6,4,3,0.19,0.587,5.0,3.5,4.06,False,True,False,False,True,True,True,True,False,False
GLUE1370,O=C1CCC(N2Cc3cccc(NC(=O)Cc4cc5ccccc5s4)c3C2=O)C(=O)N1,LCUXVZQJZGCDHP-UHFFFAOYSA-N,acetamide,*c1cc2ccccc2s1,433.49,2.84,95.6,2,5,4,3,0.217,0.619,5.0,3.5,4.62,True,True,False,False,True,True,True,True,False,True
GLUE1371,O=C1CCC(N2Cc3cccc(NC(=O)Nc4cc5ccccc5s4)c3C2=O)C(=O)N1,QWNHYSVIOOMZJH-UHFFFAOYSA-N,urea,*c1cc2ccccc2s1,434.48,3.31,107.6,3,5,3,3,0.182,0.55,5.0,3.0,3.49,True,True,False,False,True,True,True,False,False,False
GLUE1372,O=C1CCC(N2Cc3cccc(NC(=O)Oc4cc5ccccc5s4)c3C2=O)C(=O)N1,VUEDQNRERHBFEQ-UHFFFAOYSA-N,carbamate,*c1cc2ccccc2s1,435.46,3.27,104.8,2,6,3,3,0.182,0.615,5.0,3.0,3.94,True,True,False,False,True,True,True,False,False,False
GLUE1373,O=C1CCC(N2Cc3cccc(NC(=O)c4ccc5ncccc5c4)c3C2=O)C(=O)N1,IZCOBQMUSJDREN-UHFFFAOYSA-N,amide,*c1ccc2ncccc2c1,414.42,2.25,108.5,2,5,3,3,0.174,0.639,5.0,3.5,4.5,True,True,False,False,True,True,True,True,False,True
GLUE1374,O=C1CCC(N2Cc3cccc(NS(=O)(=O)c4ccc5ncccc5c4)c3C2=O)C(=O)N1,QDUFJCYXZXANEN-UHFFFAOYSA-N,sulfonamide,*c1ccc2ncccc2c1,450.48,1.8,125.5,2,6,4,3,0.182,0.584,5.0,3.0,3.85,False,False,False,False,True,True,False,False,False,False
GLUE1375,O=C1CCC(N2Cc3cccc(NC(=O)Cc4ccc5ncccc5c4)c3C2=O)C(=O)N1,CSQAHHHQGJCGCZ-UHFFFAOYSA-N,acetamide,*c1ccc2ncccc2c1,428.45,2.18,108.5,2,5,4,3,0.208,0.619,5.0,3.5,4.4,True,True,False,False,True,True,True,True,False,True
GLUE1376,O=C1CCC(N2Cc3cccc(NC(=O)Nc4ccc5ncccc5c4)c3C2=O)C(=O)N1,AWUQYOLDIQSQSQ-UHFFFAOYSA-N,urea,*c1ccc2ncccc2c1,429.44,2.64,120.5,3,5,3,3,0.174,0.553,5.0,3.0,3.6,True,True,False,False,True,True,False,False,False,False
GLUE1377,O=C1CCC(N2Cc3cccc(NC(=O)Oc4ccc5ncccc5c4)c3C2=O)C(=O)N1,NPFODRHDSAKVKL-UHFFFAOYSA-N,carbamate,*c1ccc2ncccc2c1,430.42,2.61,117.7,2,6,3,3,0.174,0.617,5.0,3.5,4.02,True,True,False,False,True,True,True,True,False,True
GLUE1378,O=C1CCC(N2Cc3cccc(NC(=O)[C@@H]4C[C@@H](O)CC(=O)O4)c3C2=O)C(=O)N1,GOMMMTWPCQWMPM-VBUNGHGYSA-N,amide,*[C@@H]1C[C@@H](O)CC(=O)O1,401.38,-0.55,142.1,3,7,3,1,0.421,0.456,5.0,3.0,3.87,True,False,False,False,True,True,False,False,False,False
GLUE1379,O=C1CCC(N2Cc3cccc(NS(=O)(=O)[C@@H]4C[C@@H](O)CC(=O)O4)c3C2=O)C(=O)N1,XUYPMSGKZMWYFQ-PJRDJYAKSA-N,sulfonamide,*[C@@H]1C[C@@H](O)CC(=O)O1,437.43,-0.79,159.2,3,8,4,1,0.444,0.408,5.0,3.0,3.61,True,False,False,False,True,True,False,False,False,False
GLUE1380,O=C1CCC(N2Cc3cccc(NC(=O)C[C@@H]4C[C@@H](O)CC(=O)O4)c3C2=O)C(=O)N1,FXQVOTVJEOTXLL-RJTITELWSA-N,acetamide,*[C@@H]1C[C@@H](O)CC(=O)O1,415.4,-0.16,142.1,3,7,4,1,0.45,0.458,5.0,3.0,3.77,True,False,False,False,True,True,False,False,False,False
GLUE1381,O=C1CCC(N2Cc3cccc(NC(=O)N[C@@H]4C[C@@H](O)CC(=O)O4)c3C2=O)C(=O)N1,ODOJQTZZWJCLCT-HDDSUISISA-N,urea,*[C@@H]1C[C@@H](O)CC(=O)O1,416.39,-0.41,154.1,4,7,3,1,0.421,0.386,5.0,2.5,3.6,True,False,False,False,True,True,False,False,False,False
GLUE1382,O=C1CCC(N2Cc3cccc(NC(=O)O[C@@H]4C[C@@H](O)CC(=O)O4)c3C2=O)C(=O)N1,IDBNYKNJUUNHEH-PJRDJYAKSA-N,carbamate,*[C@@H]1C[C@@H](O)CC(=O)O1,417.37,0.02,151.3,3,8,3,1,0.421,0.46,5.0,3.0,3.76,True,False,False,False,True,True,False,False,False,False
GLUE1383,CC(CCCN)C(=O)Nc1cccc2c1C(=O)N(C1CCC(=O)NC1=O)C2,WQLSDEKPBUCZEK-UHFFFAOYSA-N,amide,*C(C)CCCN,372.43,0.76,121.6,3,5,6,1,0.474,0.637,9.0,3.0,3.58,True,False,False,False,True,True,False,False,False,False
GLUE1384,CC(CCCN)S(=O)(=O)Nc1cccc2c1C(=O)N(C1CCC(=O)NC1=O)C2,QZLLYRFZZCWEDG-UHFFFAOYSA-N,sulfonamide,*C(C)CCCN,408.48,0.32,138.7,3,6,7,1,0.5,0.555,9.0,3.0,3.32,True,False,False,False,True,True,False,False,False,False
GLUE1385,CC(CCCN)CC(=O)Nc1cccc2c1C(=O)N(C1CCC(=O)NC1=O)C2,WOIIIHKVCNTQEB-UHFFFAOYSA-N,acetamide,*C(C)CCCN,386.45,1.15,121.6,3,5,7,1,0.5,0.607,9.0,3.0,3.48,True,False,False,False,True,True,False,False,False,False
GLUE1386,CC(CCCN)NC(=O)Nc1cccc2c1C(=O)N(C1CCC(=O)NC1=O)C2,KAHVIELNOYIXCV-UHFFFAOYSA-N,urea,*C(C)CCCN,387.44,0.7,133.6,4,5,6,1,0.474,0.533,9.0,2.5,3.3,True,False,False,False,True,True,False,False,False,False
GLUE1387,CC(CCCN)OC(=O)Nc1cccc2c1C(=O)N(C1CCC(=O)NC1=O)C2,DVXTXDHGYDWHEN-UHFFFAOYSA-N,carbamate,*C(C)CCCN,388.42,1.12,130.8,3,6,6,1,0.474,0.626,9.0,3.0,3.46,True,False,False,False,True,True,False,False,False,False
GLUE1388,CC(O)CC(=O)C(=O)Nc1cccc2c1C(=O)N(C1CCC(=O)NC1=O)C2,BKSKDINYBORYRD-UHFFFAOYSA-N,amide,*C(=O)CC(C)O,373.37,-0.27,132.9,3,6,5,1,0.389,0.481,5.0,3.0,4.07,True,False,False,False,True,True,False,False,False,False
GLUE1389,CC(O)CC(=O)S(=O)(=O)Nc1cccc2c1C(=O)N(C1CCC(=O)NC1=O)C2,FRNQLASOUUABSO-UHFFFAOYSA-N,sulfonamide,*C(=O)CC(C)O,409.42,-0.51,149.9,3,7,5,1,0.412,0.554,5.0,3.0,3.81,True,False,False,False,True,True,False,False,False,False
GLUE1390,CC(O)CC(=O)CC(=O)Nc1cccc2c1C(=O)N(C1CCC(=O)NC1=O)C2,UCFXUZWSNLUXCV-UHFFFAOYSA-N,acetamide,*C(=O)CC(C)O,387.39,0.12,132.9,3,6,6,1,0.421,0.469,5.0,3.0,3.97,True,False,False,False,True,True,False,False,False,False
GLUE1391,CC(O)CC(=O)NC(=O)Nc1cccc2c1C(=O)N(C1CCC(=O)NC1=O)C2,DRYJGHAHZKUMBU-UHFFFAOYSA-N,urea,*C(=O)CC(C)O,388.38,-0.13,144.9,4,6,4,1,0.389,0.529,5.0,2.5,3.8,True,False,False,False,True,True,False,False,False,False
GLUE1392,CC(O)CC(=O)OC(=O)Nc1cccc2c1C(=O)N(C1CCC(=O)NC1=O)C2,GAJDSVLSERMLQR-UHFFFAOYSA-N,carbamate,*C(=O)CC(C)O,389.36,0.29,142.1,3,7,4,1,0.389,0.382,5.0,3.0,3.96,True,False,False,False,True,True,False,False,False,False
GLUE1393,O=NN(CCCl)C(=O)C(=O)Nc1cccc2c1C(=O)N(C1CCC(=O)NC1=O)C2,MDFYYQIMMDJPTM-UHFFFAOYSA-N,amide,*C(=O)N(CCCl)N=O,421.8,0.13,145.3,2,7,5,1,0.353,0.227,5.0,3.0,4.06,True,False,False,False,True,True,False,False,False,False
GLUE1394,O=NN(CCCl)C(=O)S(=O)(=O)Nc1cccc2c1C(=O)N(C1CCC(=O)NC1=O)C2,VFOMPHBRBNJWEY-UHFFFAOYSA-N,sulfonamide,*C(=O)N(CCCl)N=O,457.85,0.53,162.4,2,8,6,1,0.375,0.272,5.0,3.0,3.8,False,False,False,False,True,True,False,False,False,False
GLUE1395,O=NN(CCCl)C(=O)CC(=O)Nc1cccc2c1C(=O)N(C1CCC(=O)NC1=O)C2,JLENDXGCYBLVRU-UHFFFAOYSA-N,acetamide,*C(=O)N(CCCl)N=O,435.82,0.52,145.3,2,7,7,1,0.389,0.21,5.0,3.0,3.96,True,False,False,False,True,True,False,False,False,False
GLUE1396,O=NN(CCCl)C(=O)NC(=O)Nc1cccc2c1C(=O)N(C1CCC(=O)NC1=O)C2,DICGXAKPGNKMDC-UHFFFAOYSA-N,urea,*C(=O)N(CCCl)N=O,436.81,0.91,157.3,3,7,5,1,0.353,0.269,5.0,3.0,3.62,True,False,False,False,True,True,False,False,False,False
GLUE1397,O=NN(CCCl)C(=O)OC(=O)Nc1cccc2c1C(=O)N(C1CCC(=O)NC1=O)C2,BGNVXBWIULSBMB-UHFFFAOYSA-N,carbamate,*C(=O)N(CCCl)N=O,437.8,1.34,154.5,2,8,5,1,0.353,0.231,5.0,3.0,3.94,True,False,False,False,True,True,False,False,False,False
GLUE1398,CN/C(=N\CCC(=O)Nc1cccc2c1C(=O)N(C1CCC(=O)NC1=O)C2)NC#N,SMXVOBLBZQEHSB-UHFFFAOYSA-N,amide,*CC/N=C(\NC)NC#N,411.42,-0.58,155.8,4,6,5,1,0.368,0.166,9.0,2.5,3.13,True,False,False,False,True,True,False,False,False,False
GLUE1399,CN/C(=N\CCS(=O)(=O)Nc1cccc2c1C(=O)N(C1CCC(=O)NC1=O)C2)NC#N,IQWWOPGCQIBCFM-UHFFFAOYSA-N,sulfonamide,*CC/N=C(\NC)NC#N,447.48,-1.16,172.9,4,7,6,1,0.389,0.139,9.0,2.5,2.88,True,False,False,False,True,True,False,False,False,False
GLUE1400,CN/C(=N\CCCC(=O)Nc1cccc2c1C(=O)N(C1CCC(=O)NC1=O)C2)NC#N,XWXYQTNZHOMALM-UHFFFAOYSA-N,acetamide,*CC/N=C(\NC)NC#N,425.45,-0.19,155.8,4,6,6,1,0.4,0.123,9.0,2.5,3.03,True,False,False,False,True,True,False,False,False,False
GLUE1401,CN/C(=N\CCNC(=O)Nc1cccc2c1C(=O)N(C1CCC(=O)NC1=O)C2)NC#N,CERBYTDPLYCIGE-UHFFFAOYSA-N,urea,*CC/N=C(\NC)NC#N,426.44,-0.78,167.8,5,6,5,1,0.368,0.103,9.0,2.5,3.03,True,False,False,False,True,True,False,False,False,False
GLUE1402,CN/C(=N\CCOC(=O)Nc1cccc2c1C(=O)N(C1CCC(=O)NC1=O)C2)NC#N,WKKZJQMTCZAZLL-UHFFFAOYSA-N,carbamate,*CC/N=C(\NC)NC#N,427.42,-0.36,165.0,4,7,5,1,0.368,0.124,9.0,2.5,3.02,True,False,False,False,True,True,False,False,False,False
GLUE1403,N[C@@H]1[C@H]2CN(C(=O)Nc3cccc4c3C(=O)N(C3CCC(=O)NC3=O)C4)C[C@@H]12,QROIRRYHALQNCS-NNIOETMZSA-N,amide,*N1C[C@@H]2[C@@H](N)[C@@H]2C1,383.41,-0.13,124.8,3,5,2,1,0.474,0.614,9.0,3.0,3.5,True,False,False,False,True,True,False,False,False,False
GLUE1404,N[C@@H]1[C@H]2CN(S(=O)(=O)Nc3cccc4c3C(=O)N(C3CCC(=O)NC3=O)C4)C[C@@H]12,LITZYBGOPAZBSC-NNIOETMZSA-N,sulfonamide,*N1C[C@@H]2[C@@H](N)[C@@H]2C1,419.46,-1.01,141.9,3,6,4,1,0.5,0.534,9.5,3.0,2.99,True,False,False,False,True,True,False,False,False,False
GLUE1405,N[C@@H]1[C@H]2CN(CC(=O)Nc3cccc4c3C(=O)N(C3CCC(=O)NC3=O)C4)C[C@@H]12,KUCHARQGKGXNCX-GLZHMRSSSA-N,acetamide,*N1C[C@@H]2[C@@H](N)[C@@H]2C1,397.44,-0.72,124.8,3,6,4,1,0.5,0.576,9.5,3.0,3.15,True,False,False,False,True,True,False,False,False,False
GLUE1406,N[C@@H]1[C@H]2CN(NC(=O)Nc3cccc4c3C(=O)N(C3CCC(=O)NC3=O)C4)C[C@@H]12,IEBMCDMXLQONSA-NNIOETMZSA-N,urea,*N1C[C@@H]2[C@@H](N)[C@@H]2C1,398.42,-0.63,136.9,4,6,3,1,0.474,0.501,9.5,2.5,2.98,True,False,False,False,True,True,False,False,False,False
GLUE1407,N[C@@H]1[C@H]2CN(OC(=O)Nc3cccc4c3C(=O)N(C3CCC(=O)NC3=O)C4)C[C@@H]12,AVIZSXYHNGQJSI-NNIOETMZSA-N,carbamate,*N1C[C@@H]2[C@@H](N)[C@@H]2C1,399.41,-0.2,134.1,3,7,3,1,0.474,0.599,9.5,3.0,3.14,True,False,False,False,True,True,False,False,False,False
GLUE1408,C#Cc1cccc(C(=O)Nc2cccc3c2C(=O)N(C2CCC(=O)NC2=O)C3)c1,LJUNBEHRDHAWOO-UHFFFAOYSA-N,amide,*c1cccc(C#C)c1,387.4,1.68,95.6,2,4,3,2,0.182,0.619,5.0,3.5,5.12,True,False,False,False,True,True,True,True,False,False
GLUE1409,C#Cc1cccc(S(=O)(=O)Nc2cccc3c2C(=O)N(C2CCC(=O)NC2=O)C3)c1,DTOAOAUDWUCSQF-UHFFFAOYSA-N,sulfonamide,*c1cccc(C#C)c1,423.45,1.23,112.7,2,5,4,2,0.19,0.567,5.0,3.5,4.29,True,False,False,False,True,True,True,True,False,False
GLUE1410,C#Cc1cccc(CC(=O)Nc2cccc3c2C(=O)N(C2CCC(=O)NC2=O)C3)c1,AYIRLTDRGGGKMB-UHFFFAOYSA-N,acetamide,*c1cccc(C#C)c1,401.42,1.61,95.6,2,4,4,2,0.217,0.601,5.0,3.5,5.02,True,False,False,False,True,True,True,True,False,False
GLUE1411,C#Cc1cccc(NC(=O)Nc2cccc3c2C(=O)N(C2CCC(=O)NC2=O)C3)c1,DSVUWNKECLULLY-UHFFFAOYSA-N,urea,*c1cccc(C#C)c1,402.41,2.07,107.6,3,4,3,2,0.182,0.54,5.0,3.5,4.28,True,True,False,False,True,True,True,True,False,True
GLUE1412,C#Cc1cccc(OC(=O)Nc2cccc3c2C(=O)N(C2CCC(=O)NC2=O)C3)c1,QABLCPUJRYYWEV-UHFFFAOYSA-N,carbamate,*c1cccc(C#C)c1,403.39,2.04,104.8,2,5,3,2,0.182,0.603,5.0,3.5,4.7,True,True,False,False,True,True,True,True,False,True
GLUE1413,O=C1CCC(N2Cc3cccc(NC(=O)OC(F)(F)Cl)c3C2=O)C(=O)N1,JJZRICWTFTWECV-UHFFFAOYSA-N,amide,*OC(F)(F)Cl,387.73,1.79,104.8,2,5,3,1,0.333,0.607,5.0,3.5,4.81,True,False,False,False,True,True,True,True,False,False
GLUE1414,O=C1CCC(N2Cc3cccc(NS(=O)(=O)OC(F)(F)Cl)c3C2=O)C(=O)N1,VYQITGPJETYMOK-UHFFFAOYSA-N,sulfonamide,*OC(F)(F)Cl,423.78,0.91,121.9,2,6,5,1,0.357,0.536,5.0,3.0,4.04,True,False,False,False,True,True,False,False,False,False
GLUE1415,O=C1CCC(N2Cc3cccc(NC(=O)COC(F)(F)Cl)c3C2=O)C(=O)N1,HMXBNRRFYBTWJF-UHFFFAOYSA-N,acetamide,*OC(F)(F)Cl,401.75,1.19,104.8,2,5,5,1,0.375,0.569,5.0,3.5,4.71,True,False,False,False,True,True,True,True,False,False
GLUE1416,O=C1CCC(N2Cc3cccc(NC(=O)NOC(F)(F)Cl)c3C2=O)C(=O)N1,IXVATEQFGPYQPH-UHFFFAOYSA-N,urea,*OC(F)(F)Cl,402.74,1.29,116.8,3,5,4,1,0.333,0.398,5.0,3.5,3.97,True,False,False,False,True,True,True,True,False,False
GLUE1417,O=C1CCC(N2Cc3cccc(NC(=O)OOC(F)(F)Cl)c3C2=O)C(=O)N1,GHZRSUVUBPIZFW-UHFFFAOYSA-N,carbamate,*OC(F)(F)Cl,403.73,1.72,114.0,2,6,4,1,0.333,0.342,5.0,3.5,4.39,True,False,False,False,True,True,True,True,False,False
GLUE1418,O=C1CCC(N2Cc3cccc(NC(=O)c4cccc5c4CCO5)c3C2=O)C(=O)N1,TTZQXYRFDPDRPF-UHFFFAOYSA-N,amide,*c1cccc2c1CCO2,405.41,1.63,104.8,2,5,3,2,0.273,0.756,5.0,3.5,4.68,True,False,False,False,True,True,True,True,False,False
GLUE1419,O=C1CCC(N2Cc3cccc(NS(=O)(=O)c4cccc5c4CCO5)c3C2=O)C(=O)N1,RVCBRPIAGOLEQK-UHFFFAOYSA-N,sulfonamide,*c1cccc2c1CCO2,441.47,1.18,121.9,2,6,4,2,0.286,0.688,5.0,3.0,3.92,True,False,False,False,True,True,False,False,False,False
GLUE1420,O=C1CCC(N2Cc3cccc(NC(=O)Cc4cccc5c4CCO5)c3C2=O)C(=O)N1,XLVATACOYSTRKK-UHFFFAOYSA-N,acetamide,*c1cccc2c1CCO2,419.44,1.56,104.8,2,5,4,2,0.304,0.732,5.0,3.5,4.58,True,False,False,False,True,True,True,True,False,False
GLUE1421,O=C1CCC(N2Cc3cccc(NC(=O)Nc4cccc5c4CCO5)c3C2=O)C(=O)N1,XFRHHLZRBBWUMM-UHFFFAOYSA-N,urea,*c1cccc2c1CCO2,420.43,2.03,116.8,3,5,3,2,0.273,0.657,5.0,3.5,3.84,True,True,False,False,True,True,True,True,False,True
GLUE1422,O=C1CCC(N2Cc3cccc(NC(=O)Oc4cccc5c4CCO5)c3C2=O)C(=O)N1,UQGBPPVHZVAIKV-UHFFFAOYSA-N,carbamate,*c1cccc2c1CCO2,421.41,1.99,114.0,2,6,3,2,0.273,0.733,5.0,3.5,4.26,True,False,False,False,True,True,True,True,False,False
GLUE1423,CC(C)C(Br)C(=O)C(=O)Nc1cccc2c1C(=O)N(C1CCC(=O)NC1=O)C2,VWSTXAVHTYZYJP-UHFFFAOYSA-N,amide,*C(=O)C(Br)C(C)C,450.29,1.37,112.7,2,5,5,1,0.421,0.4,5.0,3.5,4.1,False,False,False,False,True,True,True,True,False,False
GLUE1424,CC(C)C(Br)C(=O)S(=O)(=O)Nc1cccc2c1C(=O)N(C1CCC(=O)NC1=O)C2,CVMRDMQPLAHJSU-UHFFFAOYSA-N,sulfonamide,*C(=O)C(Br)C(C)C,486.34,1.14,129.7,2,6,5,1,0.444,0.474,5.0,3.0,3.6,False,False,False,False,True,True,False,False,False,False
GLUE1425,CC(C)C(Br)C(=O)CC(=O)Nc1cccc2c1C(=O)N(C1CCC(=O)NC1=O)C2,MZOIEZICHQESED-UHFFFAOYSA-N,acetamide,*C(=O)C(Br)C(C)C,464.32,1.76,112.7,2,5,6,1,0.45,0.379,5.0,3.5,4.0,False,False,False,False,True,True,True,True,False,False
GLUE1426,CC(C)C(Br)C(=O)NC(=O)Nc1cccc2c1C(=O)N(C1CCC(=O)NC1=O)C2,BIUKBGWDOOHYFS-UHFFFAOYSA-N,urea,*C(=O)C(Br)C(C)C,465.3,1.52,124.7,3,5,4,1,0.421,0.46,5.0,3.0,3.41,False,False,False,False,True,True,False,False,False,False
GLUE1427,CC(C)C(Br)C(=O)OC(=O)Nc1cccc2c1C(=O)N(C1CCC(=O)NC1=O)C2,BFJWRWZYMYXQFK-UHFFFAOYSA-N,carbamate,*C(=O)C(Br)C(C)C,466.29,1.94,121.9,2,6,4,1,0.421,0.303,5.0,3.0,3.74,False,False,False,False,True,True,False,False,False,False
GLUE1428,O=C1CCC(N2Cc3cccc(NC(=O)c4cc(Cl)cc(Cl)c4)c3C2=O)C(=O)N1,MZZXHUWIBITANL-UHFFFAOYSA-N,amide,*c1cc(Cl)cc(Cl)c1,432.26,3.01,95.6,2,4,3,2,0.2,0.729,5.0,3.0,4.54,True,True,False,False,True,True,True,False,False,False
GLUE1429,O=C1CCC(N2Cc3cccc(NS(=O)(=O)c4cc(Cl)cc(Cl)c4)c3C2=O)C(=O)N1,ZSFNMBCUILYAJM-UHFFFAOYSA-N,sulfonamide,*c1cc(Cl)cc(Cl)c1,468.32,2.56,112.7,2,5,4,2,0.211,0.67,5.0,3.5,3.94,False,True,False,False,True,True,True,True,False,False
GLUE1430,O=C1CCC(N2Cc3cccc(NC(=O)Cc4cc(Cl)cc(Cl)c4)c3C2=O)C(=O)N1,HOSUYNNUSHEUAJ-UHFFFAOYSA-N,acetamide,*c1cc(Cl)cc(Cl)c1,446.29,2.94,95.6,2,4,4,2,0.238,0.707,5.0,3.5,4.48,True,True,False,False,True,True,True,True,False,True
GLUE1431,O=C1CCC(N2Cc3cccc(NC(=O)Nc4cc(Cl)cc(Cl)c4)c3C2=O)C(=O)N1,JEZPRSLWUOBJIP-UHFFFAOYSA-N,urea,*c1cc(Cl)cc(Cl)c1,447.28,3.4,107.6,3,4,3,2,0.2,0.627,5.0,3.0,3.31,True,True,False,False,True,True,True,False,False,False
GLUE1432,O=C1CCC(N2Cc3cccc(NC(=O)Oc4cc(Cl)cc(Cl)c4)c3C2=O)C(=O)N1,CFUIAXXCXINUFO-UHFFFAOYSA-N,carbamate,*c1cc(Cl)cc(Cl)c1,448.26,3.37,104.8,2,5,3,2,0.2,0.701,5.0,3.0,3.76,True,True,False,False,True,True,True,False,False,False
GLUE1433,O=C1CCC(N2Cc3cccc(NC(=O)c4c(F)cccc4F)c3C2=O)C(=O)N1,FXWVMWGGMHYRHA-UHFFFAOYSA-N,amide,*c1c(F)cccc1F,399.35,1.98,95.6,2,4,3,2,0.2,0.772,5.0,3.5,5.03,True,False,False,False,True,True,True,True,False,False
GLUE1434,O=C1CCC(N2Cc3cccc(NS(=O)(=O)c4c(F)cccc4F)c3C2=O)C(=O)N1,MAWJTRUULCGPPJ-UHFFFAOYSA-N,sulfonamide,*c1c(F)cccc1F,435.41,1.53,112.7,2,5,4,2,0.211,0.708,5.0,3.5,4.21,True,False,False,False,True,True,True,True,False,False
GLUE1435,O=C1CCC(N2Cc3cccc(NC(=O)Cc4c(F)cccc4F)c3C2=O)C(=O)N1,UUCFIZAIMASKDI-UHFFFAOYSA-N,acetamide,*c1c(F)cccc1F,413.38,1.91,95.6,2,4,4,2,0.238,0.749,5.0,3.5,4.93,True,False,False,False,True,True,True,True,False,False
GLUE1436,O=C1CCC(N2Cc3cccc(NC(=O)Nc4c(F)cccc4F)c3C2=O)C(=O)N1,UZICLFSAVKNNSU-UHFFFAOYSA-N,urea,*c1c(F)cccc1F,414.37,2.37,107.6,3,4,3,2,0.2,0.67,5.0,3.5,4.19,True,True,False,False,True,True,True,True,False,True
GLUE1437,O=C1CCC(N2Cc3cccc(NC(=O)Oc4c(F)cccc4F)c3C2=O)C(=O)N1,LPDHCMLAHREDIP-UHFFFAOYSA-N,carbamate,*c1c(F)cccc1F,415.35,2.34,104.8,2,5,3,2,0.2,0.749,5.0,3.5,4.61,True,True,False,False,True,True,True,True,False,True
GLUE1438,O=C1CCC(N2Cc3cccc(NC(=O)c4cccc5sccc45)c3C2=O)C(=O)N1,NYFYNMAMLLPLCH-UHFFFAOYSA-N,amide,*c1cccc2sccc12,419.46,2.91,95.6,2,5,3,3,0.182,0.638,5.0,3.5,4.68,True,True,False,False,True,True,True,True,False,True
GLUE1439,O=C1CCC(N2Cc3cccc(NS(=O)(=O)c4cccc5sccc45)c3C2=O)C(=O)N1,WEVMADGNGKJXRN-UHFFFAOYSA-N,sulfonamide,*c1cccc2sccc12,455.52,2.46,112.7,2,6,4,3,0.19,0.587,5.0,3.5,4.06,False,True,False,False,True,True,True,True,False,False
GLUE1440,O=C1CCC(N2Cc3cccc(NC(=O)Cc4cccc5sccc45)c3C2=O)C(=O)N1,AHMBDENVBYUYQG-UHFFFAOYSA-N,acetamide,*c1cccc2sccc12,433.49,2.84,95.6,2,5,4,3,0.217,0.619,5.0,3.5,4.62,True,True,False,False,True,True,True,True,False,True
GLUE1441,O=C1CCC(N2Cc3cccc(NC(=O)Nc4cccc5sccc45)c3C2=O)C(=O)N1,JQHQMHJCDMYSPG-UHFFFAOYSA-N,urea,*c1cccc2sccc12,434.48,3.31,107.6,3,5,3,3,0.182,0.55,5.0,3.0,3.49,True,True,False,False,True,True,True,False,False,False
GLUE1442,O=C1CCC(N2Cc3cccc(NC(=O)Oc4cccc5sccc45)c3C2=O)C(=O)N1,IEUCRFUIUYNXMG-UHFFFAOYSA-N,carbamate,*c1cccc2sccc12,435.46,3.27,104.8,2,6,3,3,0.182,0.615,5.0,3.0,3.94,True,True,False,False,True,True,True,False,False,False
GLUE1443,O=C1CCC(N2Cc3cccc(NC(=O)c4ccc5ccc(=O)[nH]c5c4)c3C2=O)C(=O)N1,RLFCCQNFOIGSMA-UHFFFAOYSA-N,amide,*c1ccc2ccc(=O)[nH]c2c1,430.42,1.54,128.4,3,5,3,3,0.174,0.543,5.0,3.0,3.66,True,False,False,False,True,True,False,False,False,False
GLUE1444,O=C1CCC(N2Cc3cccc(NS(=O)(=O)c4ccc5ccc(=O)[nH]c5c4)c3C2=O)C(=O)N1,KDZRBWFVGZEENG-UHFFFAOYSA-N,sulfonamide,*c1ccc2ccc(=O)[nH]c2c1,466.48,1.09,145.5,3,6,4,3,0.182,0.491,5.0,3.0,3.41,False,False,False,False,True,True,False,False,False,False
GLUE1445,O=C1CCC(N2Cc3cccc(NC(=O)Cc4ccc5ccc(=O)[nH]c5c4)c3C2=O)C(=O)N1,RQMKUZZRIOWBAW-UHFFFAOYSA-N,acetamide,*c1ccc2ccc(=O)[nH]c2c1,444.45,1.47,128.4,3,5,4,3,0.208,0.525,5.0,3.0,3.56,True,False,False,False,True,True,False,False,False,False
GLUE1446,O=C1CCC(N2Cc3cccc(NC(=O)Nc4ccc5ccc(=O)[nH]c5c4)c3C2=O)C(=O)N1,KRJFUXFTQCBXHF-UHFFFAOYSA-N,urea,*c1ccc2ccc(=O)[nH]c2c1,445.44,1.93,140.5,4,5,3,3,0.174,0.456,5.0,2.5,3.39,True,False,False,False,True,True,False,False,False,False
GLUE1447,O=C1CCC(N2Cc3cccc(NC(=O)Oc4ccc5ccc(=O)[nH]c5c4)c3C2=O)C(=O)N1,WEUQMVRPSNAYHO-UHFFFAOYSA-N,carbamate,*c1ccc2ccc(=O)[nH]c2c1,446.42,1.9,137.7,3,6,3,3,0.174,0.526,5.0,3.0,3.55,True,False,False,False,True,True,False,False,False,False
GLUE1448,Cc1ncc(C(=O)Nc2cccc3c2C(=O)N(C2CCC(=O)NC2=O)C3)c(C)n1,WYBJBKUHSMMLEJ-UHFFFAOYSA-N,amide,*c1cnc(C)nc1C,393.4,1.11,121.4,2,6,3,2,0.3,0.754,5.0,3.0,4.26,True,False,False,False,True,True,False,False,False,False
GLUE1449,Cc1ncc(S(=O)(=O)Nc2cccc3c2C(=O)N(C2CCC(=O)NC2=O)C3)c(C)n1,HOJHKFRWLHBDRS-UHFFFAOYSA-N,sulfonamide,*c1cnc(C)nc1C,429.46,0.66,138.4,2,7,4,2,0.316,0.681,5.0,3.0,4.0,True,False,False,False,True,True,False,False,False,False
GLUE1450,Cc1ncc(CC(=O)Nc2cccc3c2C(=O)N(C2CCC(=O)NC2=O)C3)c(C)n1,ZUYIVWRPTHTQDG-UHFFFAOYSA-N,acetamide,*c1cnc(C)nc1C,407.43,1.04,121.4,2,6,4,2,0.333,0.731,5.0,3.0,4.16,True,False,False,False,True,True,False,False,False,False
GLUE1451,Cc1ncc(NC(=O)Nc2cccc3c2C(=O)N(C2CCC(=O)NC2=O)C3)c(C)n1,RUZHFUMSZBIMIH-UHFFFAOYSA-N,urea,*c1cnc(C)nc1C,408.42,1.5,133.4,3,6,3,2,0.3,0.659,5.0,3.0,3.82,True,False,False,False,True,True,False,False,False,False
GLUE1452,Cc1ncc(OC(=O)Nc2cccc3c2C(=O)N(C2CCC(=O)NC2=O)C3)c(C)n1,JPBOSUCMDHLGAL-UHFFFAOYSA-N,carbamate,*c1cnc(C)nc1C,409.4,1.47,130.6,2,7,3,2,0.3,0.734,5.0,3.0,4.15,True,False,False,False,True,True,False,False,False,False
GLUE1453,O=C1CCC(N2Cc3cccc(NC(=O)c4ccc(F)cn4)c3C2=O)C(=O)N1,UMVOKJKFYQIEOZ-UHFFFAOYSA-N,amide,*c1ccc(F)cn1,382.35,1.23,108.5,2,5,3,2,0.211,0.777,5.0,3.5,4.72,True,False,False,False,True,True,True,True,False,False
GLUE1454,O=C1CCC(N2Cc3cccc(NS(=O)(=O)c4ccc(F)cn4)c3C2=O)C(=O)N1,KJZOINMNOADIIA-UHFFFAOYSA-N,sulfonamide,*c1ccc(F)cn1,418.41,0.78,125.5,2,6,4,2,0.222,0.707,5.0,3.0,4.08,True,False,False,False,True,True,False,False,False,False
GLUE1455,O=C1CCC(N2Cc3cccc(NC(=O)Cc4ccc(F)cn4)c3C2=O)C(=O)N1,MHDAVHGDLIRBNQ-UHFFFAOYSA-N,acetamide,*c1ccc(F)cn1,396.38,1.16,108.5,2,5,4,2,0.25,0.754,5.0,3.5,4.62,True,False,False,False,True,True,True,True,False,False
GLUE1456,O=C1CCC(N2Cc3cccc(NC(=O)Nc4ccc(F)cn4)c3C2=O)C(=O)N1,SLYDFUGXDZIEND-UHFFFAOYSA-N,urea,*c1ccc(F)cn1,397.37,1.63,120.5,3,5,3,2,0.211,0.68,5.0,3.0,3.9,True,False,False,False,True,True,False,False,False,False
GLUE1457,O=C1CCC(N2Cc3cccc(NC(=O)Oc4ccc(F)cn4)c3C2=O)C(=O)N1,GGLZIWNRZVVTLS-UHFFFAOYSA-N,carbamate,*c1ccc(F)cn1,398.35,1.59,117.7,2,6,3,2,0.211,0.759,5.0,3.5,4.3,True,False,False,False,True,True,True,True,False,False
GLUE1458,CN(CS(=O)(=O)[O-])C(=O)Nc1cccc2c1C(=O)N(C1CCC(=O)NC1=O)C2,GFFLCCNHXDFYOH-UHFFFAOYSA-M,amide,*N(C)CS(=O)(=O)[O-],409.4,-0.59,156.0,2,7,4,1,0.375,0.497,5.0,3.0,4.15,True,False,False,False,True,True,False,False,False,False
GLUE1459,CN(CS(=O)(=O)[O-])S(=O)(=O)Nc1cccc2c1C(=O)N(C1CCC(=O)NC1=O)C2,RNULIFQHRVQCNG-UHFFFAOYSA-M,sulfonamide,*N(C)CS(=O)(=O)[O-],445.46,-1.46,173.1,2,8,6,1,0.4,0.395,5.0,3.0,3.89,True,False,False,False,True,True,False,False,False,False
GLUE1460,CN(CC(=O)Nc1cccc2c1C(=O)N(C1CCC(=O)NC1=O)C2)CS(=O)(=O)[O-],VTOJCJWVJUGGCJ-UHFFFAOYSA-M,acetamide,*N(C)CS(=O)(=O)[O-],423.43,-1.18,156.0,2,8,6,1,0.412,0.428,9.5,3.0,3.3,True,False,False,False,True,True,False,False,False,False
GLUE1461,CN(CS(=O)(=O)[O-])NC(=O)Nc1cccc2c1C(=O)N(C1CCC(=O)NC1=O)C2,XCQLMPJGVXIKNF-UHFFFAOYSA-M,urea,*N(C)CS(=O)(=O)[O-],424.42,-1.08,168.0,3,8,5,1,0.375,0.305,9.5,3.0,2.96,True,False,False,False,True,True,False,False,False,False
GLUE1462,CN(CS(=O)(=O)[O-])OC(=O)Nc1cccc2c1C(=O)N(C1CCC(=O)NC1=O)C2,QPMGGEKBFSFZNF-UHFFFAOYSA-M,carbamate,*N(C)CS(=O)(=O)[O-],425.4,-0.65,165.2,2,9,5,1,0.375,0.354,9.5,3.0,3.28,True,False,False,False,True,True,False,False,False,False
GLUE1463,CC(C)(O)CC(=O)Nc1cccc2c1C(=O)N(C1CCC(=O)NC1=O)C2,DVSXXRQNGVTWRG-UHFFFAOYSA-N,amide,*CC(C)(C)O,359.38,0.55,115.8,3,5,4,1,0.444,0.679,5.0,4.0,4.31,True,False,False,True,True,True,True,True,False,False
GLUE1464,CC(C)(O)CS(=O)(=O)Nc1cccc2c1C(=O)N(C1CCC(=O)NC1=O)C2,LFEFJFUOOOJFPQ-UHFFFAOYSA-N,sulfonamide,*CC(C)(C)O,395.44,-0.04,132.9,3,6,5,1,0.471,0.599,5.0,3.0,3.91,True,False,False,False,True,True,False,False,False,False
GLUE1465,CC(C)(O)CCC(=O)Nc1cccc2c1C(=O)N(C1CCC(=O)NC1=O)C2,XHXXGNVNXPQDGB-UHFFFAOYSA-N,acetamide,*CC(C)(C)O,373.41,0.94,115.8,3,5,5,1,0.474,0.664,5.0,3.5,4.21,True,False,False,False,True,True,True,True,False,False
GLUE1466,CC(C)(O)CNC(=O)Nc1cccc2c1C(=O)N(C1CCC(=O)NC1=O)C2,GNCTZHRLGRUHRI-UHFFFAOYSA-N,urea,*CC(C)(C)O,374.4,0.34,127.8,4,5,4,1,0.444,0.565,5.0,2.5,3.9,True,False,False,False,True,True,False,False,False,False
GLUE1467,CC(C)(O)COC(=O)Nc1cccc2c1C(=O)N(C1CCC(=O)NC1=O)C2,NTZNNKZZAAVMED-UHFFFAOYSA-N,carbamate,*CC(C)(C)O,375.38,0.77,125.0,3,6,4,1,0.444,0.668,5.0,3.0,4.06,True,False,False,False,True,True,False,False,False,False
GLUE1468,NC(=O)CS(=O)(=O)Nc1cccc2c1C(=O)N(C1CCC(=O)NC1=O)C2,DLQNEBKDZVBNNB-UHFFFAOYSA-N,sulfonamide,*CC(N)=O,380.38,-1.33,155.7,3,6,5,1,0.333,0.538,5.0,3.0,4.02,True,False,False,False,True,True,False,False,False,False
GLUE1469,NC(=O)CCC(=O)Nc1cccc2c1C(=O)N(C1CCC(=O)NC1=O)C2,HHJQHKFXEXTZEP-UHFFFAOYSA-N,acetamide,*CC(N)=O,358.35,-0.35,138.7,3,5,5,1,0.353,0.618,5.0,3.5,4.17,True,False,False,False,True,True,False,True,False,False
GLUE1470,NC(=O)CNC(=O)Nc1cccc2c1C(=O)N(C1CCC(=O)NC1=O)C2,NOFSUBDTUNNFCF-UHFFFAOYSA-N,urea,*CC(N)=O,359.34,-0.95,150.7,4,5,4,1,0.312,0.511,5.0,3.0,4.0,True,False,False,False,True,True,False,False,False,False
GLUE1471,NC(=O)COC(=O)Nc1cccc2c1C(=O)N(C1CCC(=O)NC1=O)C2,ZTKPAWHNGDBOPY-UHFFFAOYSA-N,carbamate,*CC(N)=O,360.33,-0.52,147.9,3,6,4,1,0.312,0.616,5.0,3.0,4.16,True,False,False,False,True,True,False,False,False,False
GLUE1472,O=C1CCC(N2Cc3cccc(NC(=O)n4ncnn4)c3C2=O)C(=O)N1,QVSNYBPJWAMTNX-UHFFFAOYSA-N,amide,*n1ncnn1,355.31,-0.49,139.2,2,7,2,2,0.267,0.693,5.0,3.5,4.5,True,False,False,False,True,True,False,True,False,False
GLUE1473,O=C1CCC(N2Cc3cccc(NS(=O)(=O)n4ncnn4)c3C2=O)C(=O)N1,OKRVGRUNZZMOJX-UHFFFAOYSA-N,sulfonamide,*n1ncnn1,391.37,-1.36,156.2,2,8,4,2,0.286,0.605,5.0,3.0,4.28,True,False,False,False,True,True,False,False,False,False
GLUE1474,O=C1CCC(N2Cc3cccc(NC(=O)Cn4ncnn4)c3C2=O)C(=O)N1,BHWJFJVKDYAWGY-UHFFFAOYSA-N,acetamide,*n1ncnn1,369.34,-0.93,139.2,2,7,4,2,0.312,0.664,5.0,3.0,4.43,True,False,False,False,True,True,False,False,False,False
GLUE1475,O=C1CCC(N2Cc3cccc(NC(=O)Nn4ncnn4)c3C2=O)C(=O)N1,MUPCOIJCKJJHSH-UHFFFAOYSA-N,urea,*n1ncnn1,370.33,-0.79,151.2,3,7,3,2,0.267,0.599,5.0,3.0,4.09,True,False,False,False,True,True,False,False,False,False
GLUE1476,O=C1CCC(N2Cc3cccc(NC(=O)On4ncnn4)c3C2=O)C(=O)N1,GELUSCSNGVRBFR-UHFFFAOYSA-N,carbamate,*n1ncnn1,371.31,-0.91,148.4,2,8,3,2,0.267,0.52,5.0,3.0,4.42,True,False,False,False,True,True,False,False,False,False
GLUE1477,N#Cc1cnn(C(=O)Nc2cccc3c2C(=O)N(C2CCC(=O)NC2=O)C3)c1,KBBGPOOVNGHBCM-UHFFFAOYSA-N,amide,*n1cc(C#N)cn1,378.35,0.6,137.2,2,6,2,2,0.222,0.734,5.0,3.0,4.37,True,False,False,False,True,True,False,False,False,False
GLUE1478,N#Cc1cnn(S(=O)(=O)Nc2cccc3c2C(=O)N(C2CCC(=O)NC2=O)C3)c1,HPNSMUTZSWYZSU-UHFFFAOYSA-N,sulfonamide,*n1cc(C#N)cn1,414.4,-0.28,154.3,2,7,4,2,0.235,0.652,5.0,3.0,4.11,True,False,False,False,True,True,False,False,False,False
GLUE1479,N#Cc1cnn(CC(=O)Nc2cccc3c2C(=O)N(C2CCC(=O)NC2=O)C3)c1,QFHSVYKTQBQATI-UHFFFAOYSA-N,acetamide,*n1cc(C#N)cn1,392.38,0.15,137.2,2,6,4,2,0.263,0.711,5.0,3.0,4.27,True,False,False,False,True,True,False,False,False,False
GLUE1480,N#Cc1cnn(NC(=O)Nc2cccc3c2C(=O)N(C2CCC(=O)NC2=O)C3)c1,QFJBBFWYSGQFHQ-UHFFFAOYSA-N,urea,*n1cc(C#N)cn1,393.36,0.29,149.2,3,6,3,2,0.222,0.638,5.0,3.0,3.93,True,False,False,False,True,True,False,False,False,False
GLUE1481,N#Cc1cnn(OC(=O)Nc2cccc3c2C(=O)N(C2CCC(=O)NC2=O)C3)c1,DNUVJGMHMOHKMI-UHFFFAOYSA-N,carbamate,*n1cc(C#N)cn1,394.35,0.18,146.4,2,7,3,2,0.222,0.706,5.0,3.0,4.25,True,False,False,False,True,True,False,False,False,False
GLUE1482,CC1(C)[C@H](C(=O)Nc2cccc3c2C(=O)N(C2CCC(=O)NC2=O)C3)N2C(=O)C[C@H]2S1(=O)=O,OZRLMSDPEQWOGX-PCODZPRTSA-N,amide,*[C@@H]1N2C(=O)C[C@H]2S(=O)(=O)C1(C)C,474.5,-0.48,150.0,2,7,3,1,0.476,0.444,5.0,3.0,3.68,False,False,False,False,True,True,False,False,False,False
GLUE1483,CC1(C)[C@H](S(=O)(=O)Nc2cccc3c2C(=O)N(C2CCC(=O)NC2=O)C3)N2C(=O)C[C@H]2S1(=O)=O,FWVHGUIFTKVEEC-YJVRRGMSSA-N,sulfonamide,*[C@@H]1N2C(=O)C[C@H]2S(=O)(=O)C1(C)C,510.55,-0.72,167.1,2,8,4,1,0.5,0.395,5.0,2.5,3.5,False,False,False,False,True,True,False,False,False,False
GLUE1484,CC1(C)[C@H](CC(=O)Nc2cccc3c2C(=O)N(C2CCC(=O)NC2=O)C3)N2C(=O)C[C@H]2S1(=O)=O,TZYHTBOGOFPVKT-VVPPIPSKSA-N,acetamide,*[C@@H]1N2C(=O)C[C@H]2S(=O)(=O)C1(C)C,488.52,-0.09,150.0,2,7,4,1,0.5,0.444,5.0,3.0,3.58,False,False,False,False,True,True,False,False,False,False
GLUE1485,CC1(C)[C@H](NC(=O)Nc2cccc3c2C(=O)N(C2CCC(=O)NC2=O)C3)N2C(=O)C[C@H]2S1(=O)=O,RMLKWTSGFIJMIG-BPABVPKJSA-N,urea,*[C@@H]1N2C(=O)C[C@H]2S(=O)(=O)C1(C)C,489.51,-0.34,162.1,3,7,3,1,0.476,0.386,5.0,3.0,3.24,False,False,False,False,True,True,False,False,False,False
GLUE1486,CC1(C)[C@H](OC(=O)Nc2cccc3c2C(=O)N(C2CCC(=O)NC2=O)C3)N2C(=O)C[C@H]2S1(=O)=O,QKZJSHIGKZVBMP-YJVRRGMSSA-N,carbamate,*[C@@H]1N2C(=O)C[C@H]2S(=O)(=O)C1(C)C,490.49,0.09,159.3,2,8,3,1,0.476,0.445,5.0,3.0,3.57,False,False,False,False,True,True,False,False,False,False
GLUE1487,O=C1CCC(N2Cc3cccc(NC(=O)n4ccnn4)c3C2=O)C(=O)N1,XYFXICHINBZIKE-UHFFFAOYSA-N,amide,*n1ccnn1,354.33,0.12,126.3,2,6,2,2,0.25,0.738,5.0,3.5,4.5,True,False,False,False,True,True,False,True,False,False
GLUE1488,O=C1CCC(N2Cc3cccc(NS(=O)(=O)n4ccnn4)c3C2=O)C(=O)N1,PPOXETZGBHMJQE-UHFFFAOYSA-N,sulfonamide,*n1ccnn1,390.38,-0.76,143.4,2,7,4,2,0.267,0.653,5.0,3.0,4.28,True,False,False,False,True,True,False,False,False,False
GLUE1489,O=C1CCC(N2Cc3cccc(NC(=O)Cn4ccnn4)c3C2=O)C(=O)N1,LUVPMCOHNJBUNE-UHFFFAOYSA-N,acetamide,*n1ccnn1,368.35,-0.32,126.3,2,6,4,2,0.294,0.712,5.0,3.0,4.44,True,False,False,False,True,True,False,False,False,False
GLUE1490,O=C1CCC(N2Cc3cccc(NC(=O)Nn4ccnn4)c3C2=O)C(=O)N1,QJOFNSYNQISKKX-UHFFFAOYSA-N,urea,*n1ccnn1,369.34,-0.19,138.3,3,6,3,2,0.25,0.641,5.0,3.0,4.1,True,False,False,False,True,True,False,False,False,False
GLUE1491,O=C1CCC(N2Cc3cccc(NC(=O)On4ccnn4)c3C2=O)C(=O)N1,LMAFSBHWNFEGNE-UHFFFAOYSA-N,carbamate,*n1ccnn1,370.33,-0.3,135.5,2,7,3,2,0.25,0.559,5.0,3.0,4.43,True,False,False,False,True,True,False,False,False,False
GLUE1492,O=C1CCC(N2Cc3cccc(NS(=O)(=O)COP(=O)(O)O)c3C2=O)C(=O)N1,YVGUMYPRUWXDIV-UHFFFAOYSA-N,sulfonamide,*COP(=O)(O)O,433.34,-0.74,179.4,4,7,6,1,0.357,0.332,5.0,2.5,3.48,True,False,False,False,True,True,False,False,False,False
GLUE1493,O=C1CCC(N2Cc3cccc(NC(=O)CCOP(=O)(O)O)c3C2=O)C(=O)N1,YOZJYUDYLNULTG-UHFFFAOYSA-N,acetamide,*COP(=O)(O)O,411.31,-0.11,162.3,4,6,6,1,0.375,0.372,5.0,2.5,3.63,True,False,False,False,True,True,False,False,False,False
GLUE1494,O=C1CCC(N2Cc3cccc(NC(=O)NCOP(=O)(O)O)c3C2=O)C(=O)N1,IDEQIEVIBJAYRM-UHFFFAOYSA-N,urea,*COP(=O)(O)O,412.3,-0.36,174.4,5,6,5,1,0.333,0.247,5.0,2.5,3.63,True,False,False,False,True,True,False,False,False,False
GLUE1495,O=C1CCC(N2Cc3cccc(NC(=O)OCOP(=O)(O)O)c3C2=O)C(=O)N1,MGXUZMYKDAATPG-UHFFFAOYSA-N,carbamate,*COP(=O)(O)O,413.28,0.06,171.6,4,7,5,1,0.333,0.296,5.0,2.5,3.62,True,False,False,False,True,True,False,False,False,False
GLUE1496,Cc1n[nH]c(C)c1C(=O)Nc1cccc2c1C(=O)N(C1CCC(=O)NC1=O)C2,CVTYHNXANAPEDT-UHFFFAOYSA-N,amide,*c1c(C)n[nH]c1C,381.39,1.04,124.3,3,5,3,2,0.316,0.685,5.0,3.0,4.01,True,False,False,False,True,True,False,False,False,False
GLUE1497,Cc1n[nH]c(C)c1S(=O)(=O)Nc1cccc2c1C(=O)N(C1CCC(=O)NC1=O)C2,UTKIQPODUICBQL-UHFFFAOYSA-N,sulfonamide,*c1c(C)n[nH]c1C,417.45,0.59,141.3,3,6,4,2,0.333,0.622,5.0,3.0,3.76,True,False,False,False,True,True,False,False,False,False
GLUE1498,Cc1n[nH]c(C)c1CC(=O)Nc1cccc2c1C(=O)N(C1CCC(=O)NC1=O)C2,PTJGMMPWUTWANI-UHFFFAOYSA-N,acetamide,*c1c(C)n[nH]c1C,395.42,0.97,124.3,3,5,4,2,0.35,0.666,5.0,3.0,3.91,True,False,False,False,True,True,False,False,False,False
GLUE1499,Cc1n[nH]c(C)c1NC(=O)Nc1cccc2c1C(=O)N(C1CCC(=O)NC1=O)C2,RPLACFAYRKPHLT-UHFFFAOYSA-N,urea,*c1c(C)n[nH]c1C,396.41,1.43,136.3,4,5,3,2,0.316,0.582,5.0,2.5,3.74,True,False,False,False,True,True,False,False,False,False
GLUE1500,Cc1n[nH]c(C)c1OC(=O)Nc1cccc2c1C(=O)N(C1CCC(=O)NC1=O)C2,UKRGBDFHCPBQOC-UHFFFAOYSA-N,carbamate,*c1c(C)n[nH]c1C,397.39,1.4,133.5,3,6,3,2,0.316,0.671,5.0,3.0,3.9,True,False,False,False,True,True,False,False,False,False
GLUE1501,O=C1CCC(N2Cc3cccc(NC(=O)N4CC[C@H](O)C4)c3C2=O)C(=O)N1,WGHODKBBFWGKRA-AMGKYWFPSA-N,amide,*N1CC[C@H](O)C1,372.38,0.05,119.1,3,5,2,1,0.444,0.634,5.0,3.5,4.11,True,False,False,False,True,True,True,True,False,False
GLUE1502,O=C1CCC(N2Cc3cccc(NS(=O)(=O)N4CC[C@H](O)C4)c3C2=O)C(=O)N1,ZEIDAPIOCBXIJC-AMGKYWFPSA-N,sulfonamide,*N1CC[C@H](O)C1,408.44,-0.83,136.1,3,6,4,1,0.471,0.557,5.0,3.0,3.82,True,False,False,False,True,True,False,False,False,False
GLUE1503,O=C1CCC(N2Cc3cccc(NC(=O)CN4CC[C@H](O)C4)c3C2=O)C(=O)N1,HCTAUBBZOSRPDZ-NBFOIZRFSA-N,acetamide,*N1CC[C@H](O)C1,386.41,-0.55,119.1,3,6,4,1,0.474,0.598,9.5,3.5,3.26,True,False,False,False,True,True,True,True,False,False
GLUE1504,O=C1CCC(N2Cc3cccc(NC(=O)NN4CC[C@H](O)C4)c3C2=O)C(=O)N1,NMXZXKGDSONYNC-AMGKYWFPSA-N,urea,*N1CC[C@H](O)C1,387.4,-0.45,131.1,4,6,3,1,0.444,0.52,9.5,2.5,3.05,True,False,False,False,True,True,False,False,False,False
GLUE1505,O=C1CCC(N2Cc3cccc(NC(=O)ON4CC[C@H](O)C4)c3C2=O)C(=O)N1,DPWPQMOWKKCDEE-AMGKYWFPSA-N,carbamate,*N1CC[C@H](O)C1,388.38,-0.02,128.3,3,7,3,1,0.444,0.621,9.5,3.0,3.21,True,False,False,False,True,True,False,False,False,False
GLUE1506,CC1(C)C2CCC(C2)C1(C)C(=O)Nc1cccc2c1C(=O)N(C1CCC(=O)NC1=O)C2,LWEYWYOAOGRGPO-UHFFFAOYSA-N,amide,*C1(C)C2CCC(C2)C1(C)C,423.51,2.85,95.6,2,4,3,1,0.583,0.731,5.0,3.5,4.69,True,True,False,False,True,True,True,True,False,True
GLUE1507,CC1(C)C2CCC(C2)C1(C)S(=O)(=O)Nc1cccc2c1C(=O)N(C1CCC(=O)NC1=O)C2,WPAFIGXOYFIMBT-UHFFFAOYSA-N,sulfonamide,*C1(C)C2CCC(C2)C1(C)C,459.57,2.4,112.7,2,5,4,1,0.609,0.672,5.0,3.5,4.03,False,True,False,False,True,True,True,True,False,False
GLUE1508,CC1(C)C2CCC(C2)C1(C)CC(=O)Nc1cccc2c1C(=O)N(C1CCC(=O)NC1=O)C2,PAVVKLKCTLYWHW-UHFFFAOYSA-N,acetamide,*C1(C)C2CCC(C2)C1(C)C,437.54,3.24,95.6,2,4,4,1,0.6,0.707,5.0,3.0,4.27,True,True,False,False,True,True,True,False,False,False
GLUE1509,CC1(C)C2CCC(C2)C1(C)NC(=O)Nc1cccc2c1C(=O)N(C1CCC(=O)NC1=O)C2,MTACHWBKFSAOJR-UHFFFAOYSA-N,urea,*C1(C)C2CCC(C2)C1(C)C,438.53,2.78,107.6,3,4,3,1,0.583,0.631,5.0,3.5,3.88,True,True,False,False,True,True,True,True,False,True
GLUE1510,CC1(C)C2CCC(C2)C1(C)OC(=O)Nc1cccc2c1C(=O)N(C1CCC(=O)NC1=O)C2,AOQQXAHKIPQGFV-UHFFFAOYSA-N,carbamate,*C1(C)C2CCC(C2)C1(C)C,439.51,3.21,104.8,2,5,3,1,0.583,0.704,5.0,3.0,3.98,True,True,False,False,True,True,True,False,False,False
GLUE1511,O=C1CCC(N2Cc3cccc(NC(=O)CCCS(=O)(=O)O)c3C2=O)C(=O)N1,SYWYOPCDXZTCDU-UHFFFAOYSA-N,amide,*CCCS(=O)(=O)O,409.42,0.05,150.0,3,6,6,1,0.412,0.444,5.0,3.0,3.81,True,False,False,False,True,True,False,False,False,False
GLUE1512,O=C1CCC(N2Cc3cccc(NS(=O)(=O)CCCS(=O)(=O)O)c3C2=O)C(=O)N1,DNBXLSOLDCUHOA-UHFFFAOYSA-N,sulfonamide,*CCCS(=O)(=O)O,445.48,-0.53,167.0,3,7,7,1,0.438,0.372,5.0,3.0,3.56,True,False,False,False,True,True,False,False,False,False
GLUE1513,O=C1CCC(N2Cc3cccc(NC(=O)CCCCS(=O)(=O)O)c3C2=O)C(=O)N1,FVZDCSDUEKUYKY-UHFFFAOYSA-N,acetamide,*CCCS(=O)(=O)O,423.45,0.44,150.0,3,6,7,1,0.444,0.327,5.0,3.0,3.71,True,False,False,False,True,True,False,False,False,False
GLUE1514,O=C1CCC(N2Cc3cccc(NC(=O)NCCCS(=O)(=O)O)c3C2=O)C(=O)N1,DRXBYYWHMVCEIE-UHFFFAOYSA-N,urea,*CCCS(=O)(=O)O,424.44,-0.15,162.0,4,6,6,1,0.412,0.28,5.0,2.5,3.54,True,False,False,False,True,True,False,False,False,False
GLUE1515,O=C1CCC(N2Cc3cccc(NC(=O)OCCCS(=O)(=O)O)c3C2=O)C(=O)N1,AVLGBTHEWIXSPG-UHFFFAOYSA-N,carbamate,*CCCS(=O)(=O)O,425.42,0.27,159.2,3,7,6,1,0.412,0.333,5.0,3.0,3.7,True,False,False,False,True,True,False,False,False,False
GLUE1516,Nc1cc(C(=O)Nc2cccc3c2C(=O)N(C2CCC(=O)NC2=O)C3)c[nH]c1=O,CAISZQZNMLWWEP-UHFFFAOYSA-N,amide,*c1c[nH]c(=O)c(N)c1,395.38,-0.03,154.5,4,6,3,2,0.211,0.535,4.5,2.5,3.75,True,False,False,False,True,True,False,False,False,False
GLUE1517,Nc1cc(S(=O)(=O)Nc2cccc3c2C(=O)N(C2CCC(=O)NC2=O)C3)c[nH]c1=O,FKDOAXLBKJQLGI-UHFFFAOYSA-N,sulfonamide,*c1c[nH]c(=O)c(N)c1,431.43,-0.48,171.5,4,7,4,2,0.222,0.473,4.5,2.5,3.49,True,False,False,False,True,True,False,False,False,False
GLUE1518,Nc1cc(CC(=O)Nc2cccc3c2C(=O)N(C2CCC(=O)NC2=O)C3)c[nH]c1=O,JMNVODWLDVLIIB-UHFFFAOYSA-N,acetamide,*c1c[nH]c(=O)c(N)c1,409.4,-0.1,154.5,4,6,4,2,0.25,0.517,4.5,2.5,3.65,True,False,False,False,True,True,False,False,False,False
GLUE1519,Nc1cc(NC(=O)Nc2cccc3c2C(=O)N(C2CCC(=O)NC2=O)C3)c[nH]c1=O,SGDMZGPGTCVSTR-UHFFFAOYSA-N,urea,*c1c[nH]c(=O)c(N)c1,410.39,0.36,166.5,5,6,3,2,0.211,0.458,4.5,2.5,3.64,True,False,False,False,True,True,False,False,False,False
GLUE1520,Nc1cc(OC(=O)Nc2cccc3c2C(=O)N(C2CCC(=O)NC2=O)C3)c[nH]c1=O,UYXWCGPBVQQSIM-UHFFFAOYSA-N,carbamate,*c1c[nH]c(=O)c(N)c1,411.37,0.33,163.7,4,7,3,2,0.211,0.529,4.5,2.5,3.63,True,False,False,False,True,True,False,False,False,False
GLUE1521,CC(C)(C)C(O)CC(=O)Nc1cccc2c1C(=O)N(C1CCC(=O)NC1=O)C2,LXVLDBQWPWLNTP-UHFFFAOYSA-N,amide,*CC(O)C(C)(C)C,387.44,1.18,115.8,3,5,4,1,0.5,0.671,5.0,3.5,4.11,True,False,False,False,True,True,True,True,False,False
GLUE1522,CC(C)(C)C(O)CS(=O)(=O)Nc1cccc2c1C(=O)N(C1CCC(=O)NC1=O)C2,COXYDMDZNIVXJD-UHFFFAOYSA-N,sulfonamide,*CC(O)C(C)(C)C,423.49,0.6,132.9,3,6,5,1,0.526,0.594,5.0,3.0,3.71,True,False,False,False,True,True,False,False,False,False
GLUE1523,CC(C)(C)C(O)CCC(=O)Nc1cccc2c1C(=O)N(C1CCC(=O)NC1=O)C2,HTQOIDQRIQVCMM-UHFFFAOYSA-N,acetamide,*CC(O)C(C)(C)C,401.46,1.57,115.8,3,5,5,1,0.524,0.648,5.0,3.5,4.01,True,False,False,False,True,True,True,True,False,False
GLUE1524,CC(C)(C)C(O)CNC(=O)Nc1cccc2c1C(=O)N(C1CCC(=O)NC1=O)C2,HLUQLURQVFLYKA-UHFFFAOYSA-N,urea,*CC(O)C(C)(C)C,402.45,0.98,127.8,4,5,4,1,0.5,0.558,5.0,2.5,3.7,True,False,False,False,True,True,False,False,False,False
GLUE1525,CC(C)(C)C(O)COC(=O)Nc1cccc2c1C(=O)N(C1CCC(=O)NC1=O)C2,HMDKYXQPYHAKPZ-UHFFFAOYSA-N,carbamate,*CC(O)C(C)(C)C,403.44,1.4,125.0,3,6,4,1,0.5,0.653,5.0,3.0,3.86,True,False,False,False,True,True,False,False,False,False
GLUE1526,O=C(O)CCCCCCC(=O)Nc1cccc2c1C(=O)N(C1CCC(=O)NC1=O)C2,UGBCPEFUGMFATO-UHFFFAOYSA-N,amide,*CCCCCCC(=O)O,415.45,1.81,132.9,3,5,9,1,0.476,0.416,5.0,2.5,3.77,True,False,False,False,True,True,False,False,False,False
GLUE1527,O=C(O)CCCCCCS(=O)(=O)Nc1cccc2c1C(=O)N(C1CCC(=O)NC1=O)C2,KIFOTJUZEYEZLV-UHFFFAOYSA-N,sulfonamide,*CCCCCCC(=O)O,451.5,1.22,149.9,3,6,10,1,0.5,0.357,5.0,2.5,3.51,False,False,False,False,True,True,False,False,False,False
GLUE1528,O=C(O)CCCCCCCC(=O)Nc1cccc2c1C(=O)N(C1CCC(=O)NC1=O)C2,ITTQTKYHRSKINY-UHFFFAOYSA-N,acetamide,*CCCCCCC(=O)O,429.47,2.2,132.9,3,5,10,1,0.5,0.386,5.0,2.5,3.67,True,True,False,False,True,True,False,False,False,False
GLUE1529,O=C(O)CCCCCCNC(=O)Nc1cccc2c1C(=O)N(C1CCC(=O)NC1=O)C2,DPFGLUPNMACNCF-UHFFFAOYSA-N,urea,*CCCCCCC(=O)O,430.46,1.6,144.9,4,5,9,1,0.476,0.346,5.0,2.0,3.5,True,False,False,False,True,True,False,False,False,False
GLUE1530,O=C(O)CCCCCCOC(=O)Nc1cccc2c1C(=O)N(C1CCC(=O)NC1=O)C2,UNLABHYVVQDDML-UHFFFAOYSA-N,carbamate,*CCCCCCC(=O)O,431.45,2.03,142.1,3,6,9,1,0.476,0.401,5.0,2.5,3.66,True,True,False,False,True,True,False,False,False,False
GLUE1531,O=C1CCC(N2Cc3cccc(NC(=O)C4COc5ccccc5O4)c3C2=O)C(=O)N1,JNGFSBGCFMOJFK-UHFFFAOYSA-N,amide,*C1COc2ccccc2O1,421.41,1.23,114.0,2,6,3,2,0.273,0.721,5.0,3.5,4.26,True,False,False,False,True,True,True,True,False,False
GLUE1532,O=C1CCC(N2Cc3cccc(NS(=O)(=O)C4COc5ccccc5O4)c3C2=O)C(=O)N1,WWYGQXLFWWPTNJ-UHFFFAOYSA-N,sulfonamide,*C1COc2ccccc2O1,457.46,0.99,131.1,2,7,4,2,0.286,0.655,5.0,3.0,3.8,False,False,False,False,True,True,False,False,False,False
GLUE1533,O=C1CCC(N2Cc3cccc(NC(=O)CC4COc5ccccc5O4)c3C2=O)C(=O)N1,LMKSDHVATBRTNU-UHFFFAOYSA-N,acetamide,*C1COc2ccccc2O1,435.44,1.62,114.0,2,6,4,2,0.304,0.706,5.0,3.5,4.16,True,False,False,False,True,True,True,True,False,False
GLUE1534,O=C1CCC(N2Cc3cccc(NC(=O)NC4COc5ccccc5O4)c3C2=O)C(=O)N1,XTVNBIOXMLFKHA-UHFFFAOYSA-N,urea,*C1COc2ccccc2O1,436.42,1.37,126.1,3,6,3,2,0.273,0.624,5.0,3.0,3.62,True,False,False,False,True,True,False,False,False,False
GLUE1535,O=C1CCC(N2Cc3cccc(NC(=O)OC4COc5ccccc5O4)c3C2=O)C(=O)N1,HXHXCLUPDCPKNR-UHFFFAOYSA-N,carbamate,*C1COc2ccccc2O1,437.41,1.79,123.3,2,7,3,2,0.273,0.702,5.0,3.0,3.95,True,False,False,False,True,True,False,False,False,False
GLUE1536,O=C1CCC(N2Cc3cccc(NC(=O)C4CCc5cc(F)ccc5O4)c3C2=O)C(=O)N1,AONKIXTZDHBCLZ-UHFFFAOYSA-N,amide,*C1CCc2cc(F)ccc2O1,437.43,1.92,104.8,2,5,3,2,0.304,0.714,5.0,3.5,4.45,True,False,False,False,True,True,True,True,False,False
GLUE1537,O=C1CCC(N2Cc3cccc(NS(=O)(=O)C4CCc5cc(F)ccc5O4)c3C2=O)C(=O)N1,YFBMVWZAWURUCI-UHFFFAOYSA-N,sulfonamide,*C1CCc2cc(F)ccc2O1,473.48,1.68,121.9,2,6,4,2,0.318,0.652,5.0,3.0,3.69,False,False,False,False,True,True,False,False,False,False
GLUE1538,O=C1CCC(N2Cc3cccc(NC(=O)CC4CCc5cc(F)ccc5O4)c3C2=O)C(=O)N1,WVJUNWGRJMHJGP-UHFFFAOYSA-N,acetamide,*C1CCc2cc(F)ccc2O1,451.45,2.31,104.8,2,5,4,2,0.333,0.695,5.0,3.5,4.35,False,True,False,False,True,True,True,True,False,False
GLUE1539,O=C1CCC(N2Cc3cccc(NC(=O)NC4CCc5cc(F)ccc5O4)c3C2=O)C(=O)N1,CERBZFXVTFQPKH-UHFFFAOYSA-N,urea,*C1CCc2cc(F)ccc2O1,452.44,2.06,116.8,3,5,3,2,0.304,0.617,5.0,3.5,3.61,False,True,False,False,True,True,True,True,False,False
GLUE1540,O=C1CCC(N2Cc3cccc(NC(=O)OC4CCc5cc(F)ccc5O4)c3C2=O)C(=O)N1,XCAHNUUTZAKWLH-UHFFFAOYSA-N,carbamate,*C1CCc2cc(F)ccc2O1,453.43,2.49,114.0,2,6,3,2,0.304,0.691,5.0,3.5,4.03,False,True,False,False,True,True,True,True,False,False
GLUE1541,Nc1nc2ccc(C(=O)Nc3cccc4c3C(=O)N(C3CCC(=O)NC3=O)C4)cc2s1,UFPJFQTXGZBTPV-UHFFFAOYSA-N,amide,*c1ccc2nc(N)sc2c1,435.47,1.89,134.5,3,7,3,3,0.19,0.538,4.5,3.0,3.63,True,False,False,False,True,True,False,False,False,False
GLUE1542,Nc1nc2ccc(S(=O)(=O)Nc3cccc4c3C(=O)N(C3CCC(=O)NC3=O)C4)cc2s1,SKSBEAYUCLZJTC-UHFFFAOYSA-N,sulfonamide,*c1ccc2nc(N)sc2c1,471.52,1.44,151.6,3,8,4,3,0.2,0.487,4.5,3.0,3.37,False,False,False,False,True,True,False,False,False,False
GLUE1543,Nc1nc2ccc(CC(=O)Nc3cccc4c3C(=O)N(C3CCC(=O)NC3=O)C4)cc2s1,YJZVRCIAOYSAHP-UHFFFAOYSA-N,acetamide,*c1ccc2nc(N)sc2c1,449.49,1.82,134.5,3,7,4,3,0.227,0.52,4.5,3.0,3.53,True,False,False,False,True,True,False,False,False,False
GLUE1544,Nc1nc2ccc(NC(=O)Nc3cccc4c3C(=O)N(C3CCC(=O)NC3=O)C4)cc2s1,DPRSEIJVSKMTHE-UHFFFAOYSA-N,urea,*c1ccc2nc(N)sc2c1,450.48,2.28,146.5,4,7,3,3,0.19,0.45,4.5,2.5,3.35,False,True,False,False,True,True,False,False,False,False
GLUE1545,Nc1nc2ccc(OC(=O)Nc3cccc4c3C(=O)N(C3CCC(=O)NC3=O)C4)cc2s1,GEKCRMGZMKJVEI-UHFFFAOYSA-N,carbamate,*c1ccc2nc(N)sc2c1,451.46,2.25,143.7,3,8,3,3,0.19,0.518,4.5,3.0,3.51,False,True,False,False,True,True,False,False,False,False
GLUE1546,O=C1CCC(N2Cc3cccc(NC(=O)N4CCCCCCC4)c3C2=O)C(=O)N1,GKAKKRHENCFEOL-UHFFFAOYSA-N,amide,*N1CCCCCCC1,398.46,2.25,98.8,2,4,2,1,0.524,0.747,5.0,3.5,4.93,True,True,False,False,True,True,True,True,False,True
GLUE1547,O=C1CCC(N2Cc3cccc(NS(=O)(=O)N4CCCCCCC4)c3C2=O)C(=O)N1,GZMQBGZLYQLQOD-UHFFFAOYSA-N,sulfonamide,*N1CCCCCCC1,434.52,1.37,115.9,2,5,4,1,0.55,0.695,5.0,3.5,4.1,True,False,False,False,True,True,True,True,False,False
GLUE1548,O=C1CCC(N2Cc3cccc(NC(=O)CN4CCCCCCC4)c3C2=O)C(=O)N1,HIXIJEKBLYVVTK-UHFFFAOYSA-N,acetamide,*N1CCCCCCC1,412.49,1.65,98.8,2,5,4,1,0.545,0.733,9.5,3.5,4.08,True,False,False,False,True,True,True,True,False,False
GLUE1549,O=C1CCC(N2Cc3cccc(NC(=O)NN4CCCCCCC4)c3C2=O)C(=O)N1,VNHKJLCADZEULG-UHFFFAOYSA-N,urea,*N1CCCCCCC1,413.48,1.75,110.8,3,5,3,1,0.524,0.654,9.5,3.5,3.34,True,False,False,False,True,True,True,True,False,False
GLUE1550,O=C1CCC(N2Cc3cccc(NC(=O)ON4CCCCCCC4)c3C2=O)C(=O)N1,VLRQKTBNPQHOHQ-UHFFFAOYSA-N,carbamate,*N1CCCCCCC1,414.46,2.18,108.1,2,6,3,1,0.524,0.734,9.5,3.5,3.76,True,True,False,False,True,True,True,True,False,True
GLUE1551,O=C1CCC(N2Cc3cccc(NS(=O)(=O)OC(F)(F)F)c3C2=O)C(=O)N1,HUKFKKGCIVVBQK-UHFFFAOYSA-N,sulfonamide,*OC(F)(F)F,407.33,0.64,121.9,2,6,4,1,0.357,0.707,5.0,3.0,4.16,True,False,False,False,True,True,False,False,False,False
GLUE1552,O=C1CCC(N2Cc3cccc(NC(=O)COC(F)(F)F)c3C2=O)C(=O)N1,HSCBUVLQFVNZSM-UHFFFAOYSA-N,acetamide,*OC(F)(F)F,385.3,0.92,104.8,2,5,4,1,0.375,0.75,5.0,3.5,4.83,True,False,False,False,True,True,True,True,False,False
GLUE1553,O=C1CCC(N2Cc3cccc(NC(=O)NOC(F)(F)F)c3C2=O)C(=O)N1,GBSCWAZOLZRDAI-UHFFFAOYSA-N,urea,*OC(F)(F)F,386.29,1.02,116.8,3,5,3,1,0.333,0.53,5.0,3.5,4.08,True,False,False,False,True,True,True,True,False,False
GLUE1554,O=C1CCC(N2Cc3cccc(NC(=O)OOC(F)(F)F)c3C2=O)C(=O)N1,UNOCDQJWUPTAIT-UHFFFAOYSA-N,carbamate,*OC(F)(F)F,387.27,1.45,114.0,2,6,3,1,0.333,0.461,5.0,3.5,4.5,True,False,False,False,True,True,True,True,False,False
GLUE1555,Nc1nnc(C(=O)Nc2cccc3c2C(=O)N(C2CCC(=O)NC2=O)C3)c(N)n1,WXWMYTNROCGRFQ-UHFFFAOYSA-N,amide,*c1nnc(N)nc1N,396.37,-0.95,186.3,4,9,3,2,0.235,0.474,4.5,2.5,3.74,True,False,False,False,True,True,False,False,False,False
GLUE1556,Nc1nnc(S(=O)(=O)Nc2cccc3c2C(=O)N(C2CCC(=O)NC2=O)C3)c(N)n1,YTGKMPJUFJEBJL-UHFFFAOYSA-N,sulfonamide,*c1nnc(N)nc1N,432.42,-1.4,203.4,4,10,4,2,0.25,0.416,4.5,2.5,3.48,True,False,False,False,True,True,False,False,False,False
GLUE1557,Nc1nnc(CC(=O)Nc2cccc3c2C(=O)N(C2CCC(=O)NC2=O)C3)c(N)n1,FFPQXMLCADUCOR-UHFFFAOYSA-N,acetamide,*c1nnc(N)nc1N,410.39,-1.02,186.3,4,9,4,2,0.278,0.457,4.5,2.5,3.64,True,False,False,False,True,True,False,False,False,False
GLUE1558,Nc1nnc(NC(=O)Nc2cccc3c2C(=O)N(C2CCC(=O)NC2=O)C3)c(N)n1,AJJCNRXDHLTPOY-UHFFFAOYSA-N,urea,*c1nnc(N)nc1N,411.38,-0.56,198.3,5,9,3,2,0.235,0.411,4.5,2.5,3.63,True,False,False,False,False,True,False,False,False,False
GLUE1559,Nc1nnc(OC(=O)Nc2cccc3c2C(=O)N(C2CCC(=O)NC2=O)C3)c(N)n1,VDIHBLSETBYJPJ-UHFFFAOYSA-N,carbamate,*c1nnc(N)nc1N,412.37,-0.59,195.5,4,10,3,2,0.235,0.473,4.5,2.5,3.63,True,False,False,False,True,True,False,False,False,False
GLUE1560,Cn1cnc(C(=O)Nc2cccc3c2C(=O)N(C2CCC(=O)NC2=O)C3)n1,CURMIEOJWONIAR-UHFFFAOYSA-N,amide,*c1ncn(C)n1,368.35,-0.17,126.3,2,6,3,2,0.294,0.724,5.0,3.0,4.44,True,False,False,False,True,True,False,False,False,False
GLUE1561,Cn1cnc(S(=O)(=O)Nc2cccc3c2C(=O)N(C2CCC(=O)NC2=O)C3)n1,YGRGFAKZXIGQEB-UHFFFAOYSA-N,sulfonamide,*c1ncn(C)n1,404.41,-0.62,143.4,2,7,4,2,0.312,0.646,5.0,3.0,4.18,True,False,False,False,True,True,False,False,False,False
GLUE1562,Cn1cnc(CC(=O)Nc2cccc3c2C(=O)N(C2CCC(=O)NC2=O)C3)n1,MUAMGLYLHNMQNI-UHFFFAOYSA-N,acetamide,*c1ncn(C)n1,382.38,-0.24,126.3,2,6,4,2,0.333,0.703,5.0,3.0,4.34,True,False,False,False,True,True,False,False,False,False
GLUE1563,Cn1cnc(NC(=O)Nc2cccc3c2C(=O)N(C2CCC(=O)NC2=O)C3)n1,BUTWAECOGIQFSH-UHFFFAOYSA-N,urea,*c1ncn(C)n1,383.37,0.22,138.3,3,6,3,2,0.294,0.648,5.0,3.0,4.0,True,False,False,False,True,True,False,False,False,False
GLUE1564,Cn1cnc(OC(=O)Nc2cccc3c2C(=O)N(C2CCC(=O)NC2=O)C3)n1,SDIWNIDHJWNSKK-UHFFFAOYSA-N,carbamate,*c1ncn(C)n1,384.35,0.19,135.5,2,7,3,2,0.294,0.721,5.0,3.0,4.33,True,False,False,False,True,True,False,False,False,False
GLUE1565,O=C1CCC(N2Cc3cccc(NC(=O)n4ccc(=O)[nH]c4=O)c3C2=O)C(=O)N1,UJOHOZSQZDVAIP-UHFFFAOYSA-N,amide,*n1ccc(=O)[nH]c1=O,397.35,-0.62,150.4,3,6,2,2,0.222,0.575,5.0,3.0,3.9,True,False,False,False,True,True,False,False,False,False
GLUE1566,O=C1CCC(N2Cc3cccc(NS(=O)(=O)n4ccc(=O)[nH]c4=O)c3C2=O)C(=O)N1,LKHKFJAUBYBUPH-UHFFFAOYSA-N,sulfonamide,*n1ccc(=O)[nH]c1=O,433.4,-1.5,167.5,3,7,4,2,0.235,0.493,5.0,3.0,3.64,True,False,False,False,True,True,False,False,False,False
GLUE1567,O=C1CCC(N2Cc3cccc(NC(=O)Cn4ccc(=O)[nH]c4=O)c3C2=O)C(=O)N1,VBUYMGJJWFSHQG-UHFFFAOYSA-N,acetamide,*n1ccc(=O)[nH]c1=O,411.37,-1.06,150.4,3,6,4,2,0.263,0.546,5.0,3.0,3.8,True,False,False,False,True,True,False,False,False,False
GLUE1568,O=C1CCC(N2Cc3cccc(NC(=O)Nn4ccc(=O)[nH]c4=O)c3C2=O)C(=O)N1,SJYUWHVKILVBQW-UHFFFAOYSA-N,urea,*n1ccc(=O)[nH]c1=O,412.36,-0.93,162.5,4,6,3,2,0.222,0.476,5.0,2.5,3.63,True,False,False,False,True,True,False,False,False,False
GLUE1569,O=C1CCC(N2Cc3cccc(NC(=O)On4ccc(=O)[nH]c4=O)c3C2=O)C(=O)N1,JEVAXMOZHWLALY-UHFFFAOYSA-N,carbamate,*n1ccc(=O)[nH]c1=O,413.35,-1.04,159.7,3,7,3,2,0.222,0.542,5.0,3.0,3.79,True,False,False,False,True,True,False,False,False,False
GLUE1570,O=C1CCC(N2Cc3cccc(NC(=O)c4ccc5c(c4)NC(=O)CC5)c3C2=O)C(=O)N1,SRZPTQXYCQCXGG-UHFFFAOYSA-N,amide,*c1ccc2c(c1)NC(=O)CC2,432.44,1.58,124.7,3,5,3,2,0.261,0.636,5.0,3.0,3.65,True,False,False,False,True,True,False,False,False,False
GLUE1571,O=C1CCC(N2Cc3cccc(NS(=O)(=O)c4ccc5c(c4)NC(=O)CC5)c3C2=O)C(=O)N1,RWJCYMHKQLUOTP-UHFFFAOYSA-N,sulfonamide,*c1ccc2c(c1)NC(=O)CC2,468.49,1.13,141.8,3,6,4,2,0.273,0.575,5.0,3.0,3.39,False,False,False,False,True,True,False,False,False,False
GLUE1572,O=C1CCC(N2Cc3cccc(NC(=O)Cc4ccc5c(c4)NC(=O)CC5)c3C2=O)C(=O)N1,ZNKIBHCWYIPBKS-UHFFFAOYSA-N,acetamide,*c1ccc2c(c1)NC(=O)CC2,446.46,1.51,124.7,3,5,4,2,0.292,0.614,5.0,3.0,3.55,True,False,False,False,True,True,False,False,False,False
GLUE1573,O=C1CCC(N2Cc3cccc(NC(=O)Nc4ccc5c(c4)NC(=O)CC5)c3C2=O)C(=O)N1,MPMZTPVICDQDMD-UHFFFAOYSA-N,urea,*c1ccc2c(c1)NC(=O)CC2,447.45,1.98,136.7,4,5,3,2,0.261,0.534,5.0,2.5,3.38,True,False,False,False,True,True,False,False,False,False
GLUE1574,O=C1CCC(N2Cc3cccc(NC(=O)Oc4ccc5c(c4)NC(=O)CC5)c3C2=O)C(=O)N1,OOVNLJVZHFKPAU-UHFFFAOYSA-N,carbamate,*c1ccc2c(c1)NC(=O)CC2,448.44,1.94,133.9,3,6,3,2,0.261,0.615,5.0,3.0,3.53,True,False,False,False,True,True,False,False,False,False
GLUE1575,Cc1noc(C(=O)Nc2cccc3c2C(=O)N(C2CCC(=O)NC2=O)C3)c1Cl,KFSBDCPRSKKYKK-UHFFFAOYSA-N,amide,*c1onc(C)c1Cl,402.79,1.65,121.6,2,6,3,2,0.278,0.753,5.0,3.0,4.19,True,False,False,False,True,True,False,False,False,False
GLUE1576,Cc1noc(S(=O)(=O)Nc2cccc3c2C(=O)N(C2CCC(=O)NC2=O)C3)c1Cl,XIPFNQIIWFLEOY-UHFFFAOYSA-N,sulfonamide,*c1onc(C)c1Cl,438.85,1.2,138.7,2,7,4,2,0.294,0.683,5.0,3.0,3.94,True,False,False,False,True,True,False,False,False,False
GLUE1577,Cc1noc(CC(=O)Nc2cccc3c2C(=O)N(C2CCC(=O)NC2=O)C3)c1Cl,ZHGNOYJFYGEUEZ-UHFFFAOYSA-N,acetamide,*c1onc(C)c1Cl,416.82,1.58,121.6,2,6,4,2,0.316,0.73,5.0,3.0,4.09,True,False,False,False,True,True,False,False,False,False
GLUE1578,Cc1noc(NC(=O)Nc2cccc3c2C(=O)N(C2CCC(=O)NC2=O)C3)c1Cl,SSJGIMVKUXTXGN-UHFFFAOYSA-N,urea,*c1onc(C)c1Cl,417.81,2.04,133.6,3,6,3,2,0.278,0.654,5.0,3.0,3.75,True,True,False,False,True,True,False,False,False,False
GLUE1579,Cc1noc(OC(=O)Nc2cccc3c2C(=O)N(C2CCC(=O)NC2=O)C3)c1Cl,LUUVYIMFVAZDFR-UHFFFAOYSA-N,carbamate,*c1onc(C)c1Cl,418.79,2.01,130.8,2,7,3,2,0.278,0.729,5.0,3.0,4.08,True,True,False,False,True,True,False,False,False,False
GLUE1580,Cc1cc2c(cc1C(=O)Nc1cccc3c1C(=O)N(C1CCC(=O)NC1=O)C3)OCO2,HLZKAFREKBBCQD-UHFFFAOYSA-N,amide,*c1cc2c(cc1C)OCO2,421.41,1.74,114.0,2,6,3,2,0.273,0.73,5.0,3.5,4.26,True,False,False,False,True,True,True,True,False,False
GLUE1581,Cc1cc2c(cc1S(=O)(=O)Nc1cccc3c1C(=O)N(C1CCC(=O)NC1=O)C3)OCO2,HTYZBVWXVFFNMD-UHFFFAOYSA-N,sulfonamide,*c1cc2c(cc1C)OCO2,457.46,1.29,131.1,2,7,4,2,0.286,0.662,5.0,3.0,3.8,False,False,False,False,True,True,False,False,False,False
GLUE1582,Cc1cc2c(cc1CC(=O)Nc1cccc3c1C(=O)N(C1CCC(=O)NC1=O)C3)OCO2,ZJXMQPBNEMMDQJ-UHFFFAOYSA-N,acetamide,*c1cc2c(cc1C)OCO2,435.44,1.67,114.0,2,6,4,2,0.304,0.707,5.0,3.5,4.16,True,False,False,False,True,True,True,True,False,False
GLUE1583,Cc1cc2c(cc1NC(=O)Nc1cccc3c1C(=O)N(C1CCC(=O)NC1=O)C3)OCO2,WVZLTYAVKLUTSH-UHFFFAOYSA-N,urea,*c1cc2c(cc1C)OCO2,436.42,2.13,126.1,3,6,3,2,0.273,0.633,5.0,3.0,3.62,True,True,False,False,True,True,False,False,False,False
GLUE1584,Cc1cc2c(cc1OC(=O)Nc1cccc3c1C(=O)N(C1CCC(=O)NC1=O)C3)OCO2,ZHWFTCWZKWHGTD-UHFFFAOYSA-N,carbamate,*c1cc2c(cc1C)OCO2,437.41,2.1,123.3,2,7,3,2,0.273,0.705,5.0,3.0,3.95,True,True,False,False,True,True,False,False,False,False
GLUE1585,O=C1CCC(N2Cc3cccc(NC(=O)c4ccc5cnccc5c4)c3C2=O)C(=O)N1,QFUPYGIWLYJHDW-UHFFFAOYSA-N,amide,*c1ccc2cnccc2c1,414.42,2.25,108.5,2,5,3,3,0.174,0.639,5.0,3.5,4.5,True,True,False,False,True,True,True,True,False,True
GLUE1586,O=C1CCC(N2Cc3cccc(NS(=O)(=O)c4ccc5cnccc5c4)c3C2=O)C(=O)N1,GWWGYWPFBFLOOG-UHFFFAOYSA-N,sulfonamide,*c1ccc2cnccc2c1,450.48,1.8,125.5,2,6,4,3,0.182,0.584,5.0,3.0,3.85,False,False,False,False,True,True,False,False,False,False
GLUE1587,O=C1CCC(N2Cc3cccc(NC(=O)Cc4ccc5cnccc5c4)c3C2=O)C(=O)N1,UWGUNCCPGZROTD-UHFFFAOYSA-N,acetamide,*c1ccc2cnccc2c1,428.45,2.18,108.5,2,5,4,3,0.208,0.619,5.0,3.5,4.4,True,True,False,False,True,True,True,True,False,True
GLUE1588,O=C1CCC(N2Cc3cccc(NC(=O)Nc4ccc5cnccc5c4)c3C2=O)C(=O)N1,HMTXKTADFZFDPH-UHFFFAOYSA-N,urea,*c1ccc2cnccc2c1,429.44,2.64,120.5,3,5,3,3,0.174,0.553,5.0,3.0,3.6,True,True,False,False,True,True,False,False,False,False
GLUE1589,O=C1CCC(N2Cc3cccc(NC(=O)Oc4ccc5cnccc5c4)c3C2=O)C(=O)N1,JQONGJGHCZBWSR-UHFFFAOYSA-N,carbamate,*c1ccc2cnccc2c1,430.42,2.61,117.7,2,6,3,3,0.174,0.617,5.0,3.5,4.02,True,True,False,False,True,True,True,True,False,True
GLUE1590,NS(=O)(=O)CC(=O)Nc1cccc2c1C(=O)N(C1CCC(=O)NC1=O)C2,CRSBLOBUSPHGMR-UHFFFAOYSA-N,amide,*CS(N)(=O)=O,380.38,-1.33,155.7,3,6,4,1,0.333,0.55,5.0,3.0,4.02,True,False,False,False,True,True,False,False,False,False
GLUE1591,NS(=O)(=O)CS(=O)(=O)Nc1cccc2c1C(=O)N(C1CCC(=O)NC1=O)C2,UAVGIJJFVPXVLQ-UHFFFAOYSA-N,sulfonamide,*CS(N)(=O)=O,416.44,-1.56,172.8,3,7,5,1,0.357,0.486,5.0,3.0,3.76,True,False,False,False,True,True,False,False,False,False
GLUE1592,NS(=O)(=O)CCC(=O)Nc1cccc2c1C(=O)N(C1CCC(=O)NC1=O)C2,PJTUVLLIBZVOKV-UHFFFAOYSA-N,acetamide,*CS(N)(=O)=O,394.41,-0.94,155.7,3,6,5,1,0.375,0.548,5.0,3.0,3.92,True,False,False,False,True,True,False,False,False,False
GLUE1593,NS(=O)(=O)CNC(=O)Nc1cccc2c1C(=O)N(C1CCC(=O)NC1=O)C2,ISNSQIAAYIOWCW-UHFFFAOYSA-N,urea,*CS(N)(=O)=O,395.4,-1.18,167.8,4,6,4,1,0.333,0.468,5.0,2.5,3.75,True,False,False,False,True,True,False,False,False,False
GLUE1594,NS(=O)(=O)COC(=O)Nc1cccc2c1C(=O)N(C1CCC(=O)NC1=O)C2,NBYRUJVSDSHIOB-UHFFFAOYSA-N,carbamate,*CS(N)(=O)=O,396.38,-0.76,165.0,3,7,4,1,0.333,0.563,5.0,3.0,3.91,True,False,False,False,True,True,False,False,False,False
GLUE1595,N=CNC(=O)Nc1cccc2c1C(=O)N(C1CCC(=O)NC1=O)C2,KLLZXZXVRBCEGK-UHFFFAOYSA-N,amide,*NC=N,329.32,0.18,131.5,4,5,3,1,0.267,0.358,5.0,3.0,4.0,True,False,False,False,True,True,False,False,False,False
GLUE1596,N=CNS(=O)(=O)Nc1cccc2c1C(=O)N(C1CCC(=O)NC1=O)C2,DVCODWUCFHFMOC-UHFFFAOYSA-N,sulfonamide,*NC=N,365.37,-0.7,148.5,4,6,5,1,0.286,0.309,5.0,2.5,3.96,True,False,False,False,True,True,False,False,False,False
GLUE1597,N=CNCC(=O)Nc1cccc2c1C(=O)N(C1CCC(=O)NC1=O)C2,AGCLOWQHZBMLQT-UHFFFAOYSA-N,acetamide,*NC=N,343.34,-0.42,131.5,4,5,5,1,0.312,0.328,9.0,3.0,3.5,True,False,False,False,True,True,False,False,False,False
GLUE1598,N=CNNC(=O)Nc1cccc2c1C(=O)N(C1CCC(=O)NC1=O)C2,PZSZKMOXYAZBAW-UHFFFAOYSA-N,urea,*NC=N,344.33,-0.32,143.5,5,5,4,1,0.267,0.22,9.0,3.0,3.5,True,False,False,False,True,True,False,False,False,False
GLUE1599,N=CNOC(=O)Nc1cccc2c1C(=O)N(C1CCC(=O)NC1=O)C2,AQFKCEJMUFVPGB-UHFFFAOYSA-N,carbamate,*NC=N,345.32,0.11,140.7,4,6,4,1,0.267,0.264,9.0,3.0,3.5,True,False,False,False,True,True,False,False,False,False
GLUE1600,O=C1CCC(N2Cc3cccc(NC(=O)c4noc5ccccc45)c3C2=O)C(=O)N1,OUUWFZXKVHXMSP-UHFFFAOYSA-N,amide,*c1noc2ccccc12,404.38,1.84,121.6,2,6,3,3,0.19,0.643,5.0,3.0,4.18,True,False,False,False,True,True,False,False,False,False
GLUE1601,O=C1CCC(N2Cc3cccc(NS(=O)(=O)c4noc5ccccc45)c3C2=O)C(=O)N1,XGQPLZRTTDHXRH-UHFFFAOYSA-N,sulfonamide,*c1noc2ccccc12,440.44,1.39,138.7,2,7,4,3,0.2,0.585,5.0,3.0,3.93,True,False,False,False,True,True,False,False,False,False
GLUE1602,O=C1CCC(N2Cc3cccc(NC(=O)Cc4noc5ccccc45)c3C2=O)C(=O)N1,SZINPHGXMOZEDM-UHFFFAOYSA-N,acetamide,*c1noc2ccccc12,418.41,1.77,121.6,2,6,4,3,0.227,0.623,5.0,3.0,4.08,True,False,False,False,True,True,False,False,False,False
GLUE1603,O=C1CCC(N2Cc3cccc(NC(=O)Nc4noc5ccccc45)c3C2=O)C(=O)N1,FGEBFGZORMRFOT-UHFFFAOYSA-N,urea,*c1noc2ccccc12,419.4,2.23,133.6,3,6,3,3,0.19,0.558,5.0,3.0,3.74,True,True,False,False,True,True,False,False,False,False
GLUE1604,O=C1CCC(N2Cc3cccc(NC(=O)Oc4noc5ccccc45)c3C2=O)C(=O)N1,ZMHLBPCYTVIHDR-UHFFFAOYSA-N,carbamate,*c1noc2ccccc12,420.38,2.2,130.8,2,7,3,3,0.19,0.621,5.0,3.0,4.07,True,True,False,False,True,True,False,False,False,False
GLUE1605,O=C1CCC(N2Cc3cccc(NC(=O)[C@@H](CS)C(=O)O)c3C2=O)C(=O)N1,YHQIALYUMODVQZ-BFHBGLAWSA-N,amide,*[C@@H](CS)C(=O)O,391.41,0.02,132.9,4,6,5,1,0.353,0.318,5.0,2.5,3.78,True,False,False,False,True,True,False,False,False,False
GLUE1606,O=C1CCC(N2Cc3cccc(NS(=O)(=O)[C@@H](CS)C(=O)O)c3C2=O)C(=O)N1,JOEYBOJOVSXGDM-DTIOYNMSSA-N,sulfonamide,*[C@@H](CS)C(=O)O,427.46,-0.43,150.0,4,7,6,1,0.375,0.355,5.0,2.5,3.52,True,False,False,False,True,True,False,False,False,False
GLUE1607,O=C1CCC(N2Cc3cccc(NC(=O)C[C@@H](CS)C(=O)O)c3C2=O)C(=O)N1,WAWCOQHBSUEQBW-NUHJPDEHSA-N,acetamide,*[C@@H](CS)C(=O)O,405.43,0.41,132.9,4,6,6,1,0.389,0.4,5.0,2.5,3.68,True,False,False,False,True,True,False,False,False,False
GLUE1608,O=C1CCC(N2Cc3cccc(NC(=O)N[C@@H](CS)C(=O)O)c3C2=O)C(=O)N1,NESOZXIBGNNRHS-VUWPPUDQSA-N,urea,*[C@@H](CS)C(=O)O,406.42,-0.05,144.9,5,6,5,1,0.353,0.343,5.0,2.5,3.67,True,False,False,False,True,True,False,False,False,False
GLUE1609,O=C1CCC(N2Cc3cccc(NC(=O)O[C@@H](CS)C(=O)O)c3C2=O)C(=O)N1,JSLKKOCXPTUTRM-DTIOYNMSSA-N,carbamate,*[C@@H](CS)C(=O)O,407.4,0.38,142.1,4,7,5,1,0.353,0.408,5.0,2.5,3.66,True,False,False,False,True,True,False,False,False,False
GLUE1610,O=C1CCC(N2Cc3cccc(NC(=O)C4(C5=CCCCC5)C(=O)NC(=O)NC4=O)c3C2=O)C(=O)N1,UGMRZOUMYKWKSV-UHFFFAOYSA-N,amide,*C1(C2=CCCCC2)C(=O)NC(=O)NC1=O,493.48,0.24,170.8,4,7,4,1,0.375,0.264,5.0,2.5,3.05,False,False,False,False,True,True,False,False,False,False
GLUE1611,O=C1CCC(N2Cc3cccc(NS(=O)(=O)C4(C5=CCCCC5)C(=O)NC(=O)NC4=O)c3C2=O)C(=O)N1,GKQDGCHFDCGUHH-UHFFFAOYSA-N,sulfonamide,*C1(C2=CCCCC2)C(=O)NC(=O)NC1=O,529.53,-0.21,187.9,4,8,5,1,0.391,0.229,5.0,2.0,3.0,False,False,False,False,True,True,False,False,False,False
GLUE1612,O=C1CCC(N2Cc3cccc(NC(=O)CC4(C5=CCCCC5)C(=O)NC(=O)NC4=O)c3C2=O)C(=O)N1,IKRJYAJUEDVEIY-UHFFFAOYSA-N,acetamide,*C1(C2=CCCCC2)C(=O)NC(=O)NC1=O,507.5,0.63,170.8,4,7,5,1,0.4,0.257,5.0,2.0,3.0,False,False,False,False,True,True,False,False,False,False
GLUE1613,O=C1CCC(N2Cc3cccc(NC(=O)NC4(C5=CCCCC5)C(=O)NC(=O)NC4=O)c3C2=O)C(=O)N1,PZSSZNZFGKUUGW-UHFFFAOYSA-N,urea,*C1(C2=CCCCC2)C(=O)NC(=O)NC1=O,508.49,0.17,182.9,5,7,4,1,0.375,0.218,5.0,2.0,3.0,False,False,False,False,True,True,False,False,False,False
GLUE1614,O=C1CCC(N2Cc3cccc(NC(=O)OC4(C5=CCCCC5)C(=O)NC(=O)NC4=O)c3C2=O)C(=O)N1,UUMFFVYKWQURBC-UHFFFAOYSA-N,carbamate,*C1(C2=CCCCC2)C(=O)NC(=O)NC1=O,509.48,0.6,180.1,4,8,4,1,0.375,0.259,5.0,2.0,3.0,False,False,False,False,True,True,False,False,False,False
GLUE1615,NC1=NC(=O)C(C(=O)Nc2cccc3c2C(=O)N(C2CCC(=O)NC2=O)C3)O1,QZVZIVFMOXFDQW-UHFFFAOYSA-N,amide,*C1OC(N)=NC1=O,385.34,-1.37,160.3,3,7,3,1,0.294,0.427,9.0,3.0,3.49,True,False,False,False,True,True,False,False,False,False
GLUE1616,NC1=NC(=O)C(S(=O)(=O)Nc2cccc3c2C(=O)N(C2CCC(=O)NC2=O)C3)O1,CHENBFUHYVLDOK-UHFFFAOYSA-N,sulfonamide,*C1OC(N)=NC1=O,421.39,-1.61,177.3,3,8,4,1,0.312,0.486,9.0,3.0,3.23,True,False,False,False,True,True,False,False,False,False
GLUE1617,NC1=NC(=O)C(CC(=O)Nc2cccc3c2C(=O)N(C2CCC(=O)NC2=O)C3)O1,RRIUANMGZZMNLF-UHFFFAOYSA-N,acetamide,*C1OC(N)=NC1=O,399.36,-0.98,160.3,3,7,4,1,0.333,0.548,9.0,3.0,3.39,True,False,False,False,True,True,False,False,False,False
GLUE1618,NC1=NC(=O)C(NC(=O)Nc2cccc3c2C(=O)N(C2CCC(=O)NC2=O)C3)O1,GGDRNDCKSIRJME-UHFFFAOYSA-N,urea,*C1OC(N)=NC1=O,400.35,-1.23,172.3,4,7,3,1,0.294,0.46,9.0,2.5,3.21,True,False,False,False,True,True,False,False,False,False
GLUE1619,NC1=NC(=O)C(OC(=O)Nc2cccc3c2C(=O)N(C2CCC(=O)NC2=O)C3)O1,XWPIFBSDFWOMTI-UHFFFAOYSA-N,carbamate,*C1OC(N)=NC1=O,401.34,-0.81,169.5,3,8,3,1,0.294,0.552,9.0,3.0,3.37,True,False,False,False,True,True,False,False,False,False
GLUE1620,Cc1c(C(=O)Nc2cccc3c2C(=O)N(C2CCC(=O)NC2=O)C3)ccc2nc(N)nc(N)c12,SFPRLOILIHYICM-UHFFFAOYSA-N,amide,*c1ccc2nc(N)nc(N)c2c1C,459.47,1.12,173.4,4,8,3,3,0.217,0.422,4.5,2.5,3.29,False,False,False,False,True,True,False,False,False,False
GLUE1621,Cc1c(S(=O)(=O)Nc2cccc3c2C(=O)N(C2CCC(=O)NC2=O)C3)ccc2nc(N)nc(N)c12,ZZVOYXYPYIFHAV-UHFFFAOYSA-N,sulfonamide,*c1ccc2nc(N)nc(N)c2c1C,495.52,0.66,190.5,4,9,4,3,0.227,0.377,4.5,2.5,3.03,False,False,False,False,True,True,False,False,False,False
GLUE1622,Cc1c(CC(=O)Nc2cccc3c2C(=O)N(C2CCC(=O)NC2=O)C3)ccc2nc(N)nc(N)c12,MTCZZEWFULADDX-UHFFFAOYSA-N,acetamide,*c1ccc2nc(N)nc(N)c2c1C,473.49,1.04,173.4,4,8,4,3,0.25,0.407,4.5,2.5,3.19,False,False,False,False,True,True,False,False,False,False
GLUE1623,Cc1c(NC(=O)Nc2cccc3c2C(=O)N(C2CCC(=O)NC2=O)C3)ccc2nc(N)nc(N)c12,CRLYMQFUJMFSRH-UHFFFAOYSA-N,urea,*c1ccc2nc(N)nc(N)c2c1C,474.48,1.51,185.4,5,8,3,3,0.217,0.353,4.5,2.5,3.18,False,False,False,False,True,True,False,False,False,False
GLUE1624,Cc1c(OC(=O)Nc2cccc3c2C(=O)N(C2CCC(=O)NC2=O)C3)ccc2nc(N)nc(N)c12,AVUBIKWHNNBJTD-UHFFFAOYSA-N,carbamate,*c1ccc2nc(N)nc(N)c2c1C,475.47,1.47,182.6,4,9,3,3,0.217,0.408,4.5,2.5,3.18,False,False,False,False,True,True,False,False,False,False
GLUE1625,O=C1CCC(N2Cc3cccc(NC(=O)OCP(=O)(O)O)c3C2=O)C(=O)N1,HLMMEUCHKMLYHS-UHFFFAOYSA-N,amide,*OCP(=O)(O)O,397.28,0.13,162.3,4,6,4,1,0.333,0.412,5.0,2.5,3.73,True,False,False,False,True,True,False,False,False,False
GLUE1626,O=C1CCC(N2Cc3cccc(NS(=O)(=O)OCP(=O)(O)O)c3C2=O)C(=O)N1,UMUNTZYFWINGQG-UHFFFAOYSA-N,sulfonamide,*OCP(=O)(O)O,433.34,-0.74,179.4,4,7,6,1,0.357,0.332,5.0,2.5,3.48,True,False,False,False,True,True,False,False,False,False
GLUE1627,O=C1CCC(N2Cc3cccc(NC(=O)COCP(=O)(O)O)c3C2=O)C(=O)N1,YLMVSSLJAYIEMO-UHFFFAOYSA-N,acetamide,*OCP(=O)(O)O,411.31,-0.46,162.3,4,6,6,1,0.375,0.361,5.0,2.5,3.63,True,False,False,False,True,True,False,False,False,False
GLUE1628,O=C1CCC(N2Cc3cccc(NC(=O)NOCP(=O)(O)O)c3C2=O)C(=O)N1,WZQUJYPVQYDPFK-UHFFFAOYSA-N,urea,*OCP(=O)(O)O,412.3,-0.36,174.4,5,6,5,1,0.333,0.247,5.0,2.5,3.63,True,False,False,False,True,True,False,False,False,False
GLUE1629,O=C1CCC(N2Cc3cccc(NC(=O)OOCP(=O)(O)O)c3C2=O)C(=O)N1,RNSLOCOPGLGMHL-UHFFFAOYSA-N,carbamate,*OCP(=O)(O)O,413.28,0.06,171.6,4,7,5,1,0.333,0.225,5.0,2.5,3.62,True,False,False,False,True,True,False,False,False,False
GLUE1630,O=C1CCC(N2Cc3cccc(NC(=O)C[C@H](O)[C@@H](O)[C@H](O)[C@H](O)CO)c3C2=O)C(=O)N1,RUJNCRGYLUXADL-ZICSQOAGSA-N,amide,*C[C@H](O)[C@@H](O)[C@H](O)[C@H](O)CO,451.43,-2.79,196.7,7,9,8,1,0.5,0.204,5.0,2.5,3.35,False,False,False,False,True,True,False,False,False,False
GLUE1631,O=C1CCC(N2Cc3cccc(NS(=O)(=O)C[C@H](O)[C@@H](O)[C@H](O)[C@H](O)CO)c3C2=O)C(=O)N1,ZQNWRNLPPJDRDY-BZSADYMVSA-N,sulfonamide,*C[C@H](O)[C@@H](O)[C@H](O)[C@H](O)CO,487.49,-3.37,213.8,7,10,9,1,0.526,0.172,5.0,2.0,3.09,False,False,False,False,True,True,False,False,False,False
GLUE1632,O=C1CCC(N2Cc3cccc(NC(=O)CC[C@H](O)[C@@H](O)[C@H](O)[C@H](O)CO)c3C2=O)C(=O)N1,XDQMSWMQPOKSNC-ANCOBHAESA-N,acetamide,*C[C@H](O)[C@@H](O)[C@H](O)[C@H](O)CO,465.46,-2.4,196.7,7,9,9,1,0.524,0.194,5.0,2.0,3.25,False,False,False,False,True,True,False,False,False,False
GLUE1633,O=C1CCC(N2Cc3cccc(NC(=O)NC[C@H](O)[C@@H](O)[C@H](O)[C@H](O)CO)c3C2=O)C(=O)N1,YZXHRRFYJOPODH-LDWSZUNPSA-N,urea,*C[C@H](O)[C@@H](O)[C@H](O)[C@H](O)CO,466.45,-2.99,208.8,8,9,8,1,0.5,0.183,5.0,2.5,3.24,False,False,False,False,True,True,False,False,False,False
GLUE1634,O=C1CCC(N2Cc3cccc(NC(=O)OC[C@H](O)[C@@H](O)[C@H](O)[C@H](O)CO)c3C2=O)C(=O)N1,WKTJFDVIUHJCSM-BZSADYMVSA-N,carbamate,*C[C@H](O)[C@@H](O)[C@H](O)[C@H](O)CO,467.43,-2.57,206.0,7,10,8,1,0.5,0.199,5.0,2.5,3.23,False,False,False,False,True,True,False,False,False,False
GLUE1635,O=C1CCC(N2Cc3cccc(NC(=O)[C@H]4COC(=O)N4)c3C2=O)C(=O)N1,AGCGWDHNSLEPAH-NFJWQWPMSA-N,amide,*[C@H]1COC(=O)N1,372.34,-0.51,133.9,3,6,3,1,0.353,0.612,5.0,3.0,4.08,True,False,False,False,True,True,False,False,False,False
GLUE1636,O=C1CCC(N2Cc3cccc(NS(=O)(=O)[C@H]4COC(=O)N4)c3C2=O)C(=O)N1,JZOLRVNRAWTHOG-KFJBMODSSA-N,sulfonamide,*[C@H]1COC(=O)N1,408.39,-0.74,151.0,3,7,4,1,0.375,0.555,5.0,3.0,3.82,True,False,False,False,True,True,False,False,False,False
GLUE1637,O=C1CCC(N2Cc3cccc(NC(=O)C[C@H]4COC(=O)N4)c3C2=O)C(=O)N1,GVGMLPMKRHIVPL-NUHJPDEHSA-N,acetamide,*[C@H]1COC(=O)N1,386.36,-0.12,133.9,3,6,4,1,0.389,0.618,5.0,3.0,3.98,True,False,False,False,True,True,False,False,False,False
GLUE1638,O=C1CCC(N2Cc3cccc(NC(=O)N[C@H]4COC(=O)N4)c3C2=O)C(=O)N1,HCCGYKSKWLEWEX-RRKGBCIJSA-N,urea,*[C@H]1COC(=O)N1,387.35,-0.36,145.9,4,6,3,1,0.353,0.521,5.0,2.5,3.8,True,False,False,False,True,True,False,False,False,False
GLUE1639,O=C1CCC(N2Cc3cccc(NC(=O)O[C@H]4COC(=O)N4)c3C2=O)C(=O)N1,XHJCIQNYHWKSCI-KFJBMODSSA-N,carbamate,*[C@H]1COC(=O)N1,388.34,0.06,143.1,3,7,3,1,0.353,0.621,5.0,3.0,3.96,True,False,False,False,True,True,False,False,False,False
GLUE1640,O=C1CCC(N2Cc3cccc(NC(=O)N4CCNC4=O)c3C2=O)C(=O)N1,MZDJTBWSTZQBJC-UHFFFAOYSA-N,amide,*N1CCNC1=O,371.35,0.0,127.9,3,5,2,1,0.353,0.631,5.0,3.0,4.09,True,False,False,False,True,True,False,False,False,False
GLUE1641,O=C1CCC(N2Cc3cccc(NS(=O)(=O)N4CCNC4=O)c3C2=O)C(=O)N1,UOGVRALWPBZLRP-UHFFFAOYSA-N,sulfonamide,*N1CCNC1=O,407.41,-0.87,145.0,3,6,4,1,0.375,0.553,5.0,3.0,3.83,True,False,False,False,True,True,False,False,False,False
GLUE1642,O=C1CCC(N2Cc3cccc(NC(=O)CN4CCNC4=O)c3C2=O)C(=O)N1,YBTQLXPSVSWQTA-UHFFFAOYSA-N,acetamide,*N1CCNC1=O,385.38,-0.59,127.9,3,5,4,1,0.389,0.597,5.0,3.0,3.99,True,False,False,False,True,True,False,False,False,False
GLUE1643,O=C1CCC(N2Cc3cccc(NC(=O)NN4CCNC4=O)c3C2=O)C(=O)N1,XQEVBMKXJZFTRL-UHFFFAOYSA-N,urea,*N1CCNC1=O,386.37,-0.49,139.9,4,5,3,1,0.353,0.519,5.0,2.5,3.81,True,False,False,False,True,True,False,False,False,False
GLUE1644,O=C1CCC(N2Cc3cccc(NC(=O)ON4CCNC4=O)c3C2=O)C(=O)N1,QCFCYJLBVGIEIU-UHFFFAOYSA-N,carbamate,*N1CCNC1=O,387.35,-0.06,137.1,3,6,3,1,0.353,0.621,5.0,3.0,3.97,True,False,False,False,True,True,False,False,False,False
GLUE1645,NS(=O)(=O)OC(=O)Nc1cccc2c1C(=O)N(C1CCC(=O)NC1=O)C2,RADDWARXMRNHHR-UHFFFAOYSA-N,amide,*OS(N)(=O)=O,382.35,-0.8,165.0,3,7,3,1,0.286,0.576,5.0,3.0,4.01,True,False,False,False,True,True,False,False,False,False
GLUE1646,NS(=O)(=O)OS(=O)(=O)Nc1cccc2c1C(=O)N(C1CCC(=O)NC1=O)C2,PKDHRDSGKYPQCL-UHFFFAOYSA-N,sulfonamide,*OS(N)(=O)=O,418.41,-1.68,182.0,3,8,5,1,0.308,0.474,5.0,3.0,3.75,True,False,False,False,True,True,False,False,False,False
GLUE1647,NS(=O)(=O)OCC(=O)Nc1cccc2c1C(=O)N(C1CCC(=O)NC1=O)C2,PJCMLXQCIDFSGW-UHFFFAOYSA-N,acetamide,*OS(N)(=O)=O,396.38,-1.39,165.0,3,7,5,1,0.333,0.515,5.0,3.0,3.91,True,False,False,False,True,True,False,False,False,False
GLUE1648,NS(=O)(=O)ONC(=O)Nc1cccc2c1C(=O)N(C1CCC(=O)NC1=O)C2,GFIQBYYYHXMXPP-UHFFFAOYSA-N,urea,*OS(N)(=O)=O,397.37,-1.3,177.0,4,7,4,1,0.286,0.36,5.0,2.5,3.73,True,False,False,False,True,True,False,False,False,False
GLUE1649,NS(=O)(=O)OOC(=O)Nc1cccc2c1C(=O)N(C1CCC(=O)NC1=O)C2,NIZCZFZPYIHEKA-UHFFFAOYSA-N,carbamate,*OS(N)(=O)=O,398.35,-0.87,174.2,3,8,4,1,0.286,0.333,5.0,3.0,3.89,True,False,False,False,True,True,False,False,False,False
GLUE1650,O=C1CCC(N2Cc3cccc(NC(=O)N4CCCC4=O)c3C2=O)C(=O)N1,SZNISZKNWCKXRM-UHFFFAOYSA-N,amide,*N1CCCC1=O,370.37,0.6,115.9,2,5,2,1,0.389,0.74,5.0,3.5,4.56,True,False,False,False,True,True,True,True,False,False
GLUE1651,O=C1CCC(N2Cc3cccc(NS(=O)(=O)N4CCCC4=O)c3C2=O)C(=O)N1,SBVJFIYCGVDWLX-UHFFFAOYSA-N,sulfonamide,*N1CCCC1=O,406.42,-0.27,133.0,2,6,4,1,0.412,0.661,5.0,3.0,4.17,True,False,False,False,True,True,False,False,False,False
GLUE1652,O=C1CCC(N2Cc3cccc(NC(=O)CN4CCCC4=O)c3C2=O)C(=O)N1,BZXLCWBCDLYIHO-UHFFFAOYSA-N,acetamide,*N1CCCC1=O,384.39,0.01,115.9,2,5,4,1,0.421,0.71,5.0,3.5,4.46,True,False,False,False,True,True,True,True,False,False
GLUE1653,O=C1CCC(N2Cc3cccc(NC(=O)NN4CCCC4=O)c3C2=O)C(=O)N1,OTLRWQCFVBOWCS-UHFFFAOYSA-N,urea,*N1CCCC1=O,385.38,0.11,127.9,3,5,3,1,0.389,0.636,5.0,3.0,3.99,True,False,False,False,True,True,False,False,False,False
GLUE1654,O=C1CCC(N2Cc3cccc(NC(=O)ON4CCCC4=O)c3C2=O)C(=O)N1,RMTZUCCXDNULAA-UHFFFAOYSA-N,carbamate,*N1CCCC1=O,386.36,0.53,125.1,2,6,3,1,0.389,0.73,5.0,3.0,4.31,True,False,False,False,True,True,False,False,False,False
GLUE1655,O=C1CCC(N2Cc3cccc(NC(=O)[C@H]4CCc5c(O)cccc5C4)c3C2=O)C(=O)N1,FECQWTQTMQROKK-PIVQAISJSA-N,amide,*[C@H]1CCc2c(O)cccc2C1,433.46,1.9,115.8,3,5,3,2,0.333,0.64,5.0,3.5,3.78,True,False,False,False,True,True,True,True,False,False
GLUE1656,O=C1CCC(N2Cc3cccc(NS(=O)(=O)[C@H]4CCc5c(O)cccc5C4)c3C2=O)C(=O)N1,VESASPZHSHZIDK-BUSXIPJBSA-N,sulfonamide,*[C@H]1CCc2c(O)cccc2C1,469.52,1.45,132.9,3,6,4,2,0.348,0.581,5.0,3.0,3.38,False,False,False,False,True,True,False,False,False,False
GLUE1657,O=C1CCC(N2Cc3cccc(NC(=O)C[C@H]4CCc5c(O)cccc5C4)c3C2=O)C(=O)N1,OOSQUFNOJYHDNC-KTQQKIMGSA-N,acetamide,*[C@H]1CCc2c(O)cccc2C1,447.49,2.29,115.8,3,5,4,2,0.36,0.622,5.0,3.5,3.68,True,True,False,False,True,True,True,True,False,True
GLUE1658,O=C1CCC(N2Cc3cccc(NC(=O)N[C@H]4CCc5c(O)cccc5C4)c3C2=O)C(=O)N1,IIJGOKCGCNGCBU-BUSXIPJBSA-N,urea,*[C@H]1CCc2c(O)cccc2C1,448.48,1.83,127.8,4,5,3,2,0.333,0.533,5.0,2.5,3.37,True,False,False,False,True,True,False,False,False,False
GLUE1659,O=C1CCC(N2Cc3cccc(NC(=O)O[C@H]4CCc5c(O)cccc5C4)c3C2=O)C(=O)N1,GGTGFEWJFWSWPE-BUSXIPJBSA-N,carbamate,*[C@H]1CCc2c(O)cccc2C1,449.46,2.26,125.0,3,6,3,2,0.333,0.618,5.0,3.0,3.53,True,True,False,False,True,True,False,False,False,False
GLUE1660,O=C1CCC(N2Cc3cccc(NC(=O)OCCl)c3C2=O)C(=O)N1,IKRDYHSDNIHZHY-UHFFFAOYSA-N,amide,*OCCl,351.75,1.19,104.8,2,5,3,1,0.333,0.628,5.0,4.0,5.01,True,False,False,True,True,True,True,True,False,False
GLUE1661,O=C1CCC(N2Cc3cccc(NS(=O)(=O)OCCl)c3C2=O)C(=O)N1,UFZVCTKIXJCNPJ-UHFFFAOYSA-N,sulfonamide,*OCCl,387.8,0.32,121.9,2,6,5,1,0.357,0.554,5.0,3.0,4.3,True,False,False,False,True,True,False,False,False,False
GLUE1662,O=C1CCC(N2Cc3cccc(NC(=O)COCCl)c3C2=O)C(=O)N1,HVTIDHOSAJHKBT-UHFFFAOYSA-N,acetamide,*OCCl,365.77,0.6,104.8,2,5,5,1,0.375,0.587,5.0,3.5,4.97,True,False,False,False,True,True,True,True,False,False
GLUE1663,O=C1CCC(N2Cc3cccc(NC(=O)NOCCl)c3C2=O)C(=O)N1,CXDZGWHOMAYSGY-UHFFFAOYSA-N,urea,*OCCl,366.76,0.7,116.8,3,5,4,1,0.333,0.412,5.0,3.5,4.22,True,False,False,False,True,True,True,True,False,False
GLUE1664,O=C1CCC(N2Cc3cccc(NC(=O)OOCCl)c3C2=O)C(=O)N1,HZZIPRWBVXRUOI-UHFFFAOYSA-N,carbamate,*OCCl,367.75,1.12,114.0,2,6,4,1,0.333,0.357,5.0,3.5,4.64,True,False,False,False,True,True,True,True,False,False
GLUE1665,NC1(C(=O)Nc2cccc3c2C(=O)N(C2CCC(=O)NC2=O)C3)CCCCC1,XRHXCUCHUDXPQZ-UHFFFAOYSA-N,amide,*C1(N)CCCCC1,384.44,1.05,121.6,3,5,3,1,0.5,0.673,9.0,3.0,3.49,True,False,False,False,True,True,False,False,False,False
GLUE1666,NC1(S(=O)(=O)Nc2cccc3c2C(=O)N(C2CCC(=O)NC2=O)C3)CCCCC1,XCKFCHVNWKHTIS-UHFFFAOYSA-N,sulfonamide,*C1(N)CCCCC1,420.49,0.81,138.7,3,6,4,1,0.526,0.616,9.0,3.0,3.23,True,False,False,False,True,True,False,False,False,False
GLUE1667,NC1(CC(=O)Nc2cccc3c2C(=O)N(C2CCC(=O)NC2=O)C3)CCCCC1,KEXVMQOETCDSAQ-UHFFFAOYSA-N,acetamide,*C1(N)CCCCC1,398.46,1.44,121.6,3,5,4,1,0.524,0.663,9.0,3.0,3.39,True,False,False,False,True,True,False,False,False,False
GLUE1668,NC1(NC(=O)Nc2cccc3c2C(=O)N(C2CCC(=O)NC2=O)C3)CCCCC1,VGVGXVSJVCEECM-UHFFFAOYSA-N,urea,*C1(N)CCCCC1,399.45,1.19,133.6,4,5,3,1,0.5,0.447,9.0,2.5,3.22,True,False,False,False,True,True,False,False,False,False
GLUE1669,NC1(OC(=O)Nc2cccc3c2C(=O)N(C2CCC(=O)NC2=O)C3)CCCCC1,WFSDCHITDFGSSC-UHFFFAOYSA-N,carbamate,*C1(N)CCCCC1,400.44,1.62,130.8,3,6,3,1,0.5,0.522,9.0,3.0,3.38,True,False,False,False,True,True,False,False,False,False
GLUE1670,O=C1CCC(N2Cc3cccc(NC(=O)C[C@H](O)CO)c3C2=O)C(=O)N1,HMBOYVQFZMTOHM-NUHJPDEHSA-N,amide,*C[C@H](O)CO,361.35,-0.87,136.0,4,6,5,1,0.412,0.503,5.0,2.5,3.99,True,False,False,False,True,True,False,False,False,False
GLUE1671,O=C1CCC(N2Cc3cccc(NS(=O)(=O)C[C@H](O)CO)c3C2=O)C(=O)N1,ZQVNUFAJMKECAX-RWANSRKNSA-N,sulfonamide,*C[C@H](O)CO,397.41,-1.46,153.1,4,7,6,1,0.438,0.428,5.0,2.5,3.73,True,False,False,False,True,True,False,False,False,False
GLUE1672,O=C1CCC(N2Cc3cccc(NC(=O)CC[C@H](O)CO)c3C2=O)C(=O)N1,RNQFKVYHIHOOJL-AMGKYWFPSA-N,acetamide,*C[C@H](O)CO,375.38,-0.48,136.0,4,6,6,1,0.444,0.496,5.0,2.5,3.89,True,False,False,False,True,True,False,False,False,False
GLUE1673,O=C1CCC(N2Cc3cccc(NC(=O)NC[C@H](O)CO)c3C2=O)C(=O)N1,OLABKINUDGOBGH-NUHJPDEHSA-N,urea,*C[C@H](O)CO,376.37,-1.08,148.1,5,6,5,1,0.412,0.413,5.0,2.5,3.88,True,False,False,False,True,True,False,False,False,False
GLUE1674,O=C1CCC(N2Cc3cccc(NC(=O)OC[C@H](O)CO)c3C2=O)C(=O)N1,AOLZUOYTEBNXHI-RWANSRKNSA-N,carbamate,*C[C@H](O)CO,377.35,-0.65,145.3,4,7,5,1,0.412,0.499,5.0,2.5,3.88,True,False,False,False,True,True,False,False,False,False
GLUE1675,O=C1CCC(N2Cc3cccc(NC(=O)C(=O)C(F)(F)F)c3C2=O)C(=O)N1,HSHWFTMMLCZLKR-UHFFFAOYSA-N,amide,*C(=O)C(F)(F)F,383.28,0.52,112.7,2,5,3,1,0.312,0.584,5.0,3.5,4.58,True,False,False,False,True,True,True,True,False,False
GLUE1676,O=C1CCC(N2Cc3cccc(NS(=O)(=O)C(=O)C(F)(F)F)c3C2=O)C(=O)N1,GHQXYPITAKMZQR-UHFFFAOYSA-N,sulfonamide,*C(=O)C(F)(F)F,419.34,0.28,129.7,2,6,3,1,0.333,0.677,5.0,3.0,4.08,True,False,False,False,True,True,False,False,False,False
GLUE1677,O=C1CCC(N2Cc3cccc(NC(=O)CC(=O)C(F)(F)F)c3C2=O)C(=O)N1,UIQUFURPOGQUTN-UHFFFAOYSA-N,acetamide,*C(=O)C(F)(F)F,397.31,0.91,112.7,2,5,4,1,0.353,0.579,5.0,3.5,4.48,True,False,False,False,True,True,True,True,False,False
GLUE1678,O=C1CCC(N2Cc3cccc(NC(=O)NC(=O)C(F)(F)F)c3C2=O)C(=O)N1,GFGDFBPSRVHQDR-UHFFFAOYSA-N,urea,*C(=O)C(F)(F)F,398.3,0.66,124.7,3,5,2,1,0.312,0.632,5.0,3.0,3.89,True,False,False,False,True,True,False,False,False,False
GLUE1679,O=C1CCC(N2Cc3cccc(NC(=O)OC(=O)C(F)(F)F)c3C2=O)C(=O)N1,FYYJVLMDEXSUGM-UHFFFAOYSA-N,carbamate,*C(=O)C(F)(F)F,399.28,1.08,121.9,2,6,2,1,0.312,0.436,5.0,3.0,4.22,True,False,False,False,True,True,False,False,False,False
GLUE1680,O=C1CCC(N2Cc3cccc(NC(=O)[C@@H]4CCNC4=O)c3C2=O)C(=O)N1,QVDXGFDLWFSPJI-RWANSRKNSA-N,amide,*[C@@H]1CCNC1=O,370.37,-0.48,124.7,3,5,3,1,0.389,0.49,5.0,3.0,4.09,True,False,False,False,True,True,False,False,False,False
GLUE1681,O=C1CCC(N2Cc3cccc(NS(=O)(=O)[C@@H]4CCNC4=O)c3C2=O)C(=O)N1,MBLZORNRAYSQNI-PIJUOVFKSA-N,sulfonamide,*[C@@H]1CCNC1=O,406.42,-0.92,141.8,3,6,4,1,0.412,0.552,5.0,3.0,3.84,True,False,False,False,True,True,False,False,False,False
GLUE1682,O=C1CCC(N2Cc3cccc(NC(=O)C[C@@H]4CCNC4=O)c3C2=O)C(=O)N1,XUKKVDOXLBRPPQ-NKUHCKNESA-N,acetamide,*[C@@H]1CCNC1=O,384.39,-0.09,124.7,3,5,4,1,0.421,0.626,5.0,3.0,3.99,True,False,False,False,True,True,False,False,False,False
GLUE1683,O=C1CCC(N2Cc3cccc(NC(=O)N[C@@H]4CCNC4=O)c3C2=O)C(=O)N1,ZDUOJAWJCNCHOG-JHJMLUEUSA-N,urea,*[C@@H]1CCNC1=O,385.38,-0.54,136.7,4,5,3,1,0.389,0.518,5.0,2.5,3.82,True,False,False,False,True,True,False,False,False,False
GLUE1684,O=C1CCC(N2Cc3cccc(NC(=O)O[C@@H]4CCNC4=O)c3C2=O)C(=O)N1,MEOAIWHFPYONPX-PIJUOVFKSA-N,carbamate,*[C@@H]1CCNC1=O,386.36,-0.12,133.9,3,6,3,1,0.389,0.621,5.0,3.0,3.98,True,False,False,False,True,True,False,False,False,False
GLUE1685,O=C1CCC(N2Cc3cccc(NC(=O)C(F)F)c3C2=O)C(=O)N1,LTKWEXJJVADTLX-UHFFFAOYSA-N,amide,*C(F)F,337.28,0.65,95.6,2,4,3,1,0.333,0.792,5.0,4.0,5.31,True,False,False,True,True,True,True,True,False,False
GLUE1686,O=C1CCC(N2Cc3cccc(NS(=O)(=O)C(F)F)c3C2=O)C(=O)N1,KWVUXBPVLRQLGG-UHFFFAOYSA-N,sulfonamide,*C(F)F,373.34,0.41,112.7,2,5,4,1,0.357,0.743,5.0,3.5,4.65,True,False,False,False,True,True,True,True,False,False
GLUE1687,O=C1CCC(N2Cc3cccc(NC(=O)CC(F)F)c3C2=O)C(=O)N1,ZBTZOMXXUOLFFZ-UHFFFAOYSA-N,acetamide,*C(F)F,351.31,1.04,95.6,2,4,4,1,0.375,0.793,5.0,4.0,5.31,True,False,False,True,True,True,True,True,False,False
GLUE1688,O=C1CCC(N2Cc3cccc(NC(=O)NC(F)F)c3C2=O)C(=O)N1,VXQBEUDQLNLAQT-UHFFFAOYSA-N,urea,*C(F)F,352.3,0.79,107.6,3,4,3,1,0.333,0.552,5.0,4.0,4.58,True,False,False,True,True,True,True,True,False,False
GLUE1689,[2H]C1([2H])C(C(=O)Nc2cccc3c2C(=O)N(C2CCC(=O)NC2=O)C3)C([2H])([2H])C([2H])([2H])C1([2H])[2H],FGQPHPCFGOCIDN-YPKJOVNCSA-N,amide,*C1C([2H])([2H])C([2H])([2H])C([2H])([2H])C1([2H])[2H],363.44,1.58,95.6,2,4,3,1,0.474,0.797,5.0,3.5,5.29,True,False,False,False,True,True,True,True,False,False
GLUE1690,[2H]C1([2H])C(S(=O)(=O)Nc2cccc3c2C(=O)N(C2CCC(=O)NC2=O)C3)C([2H])([2H])C([2H])([2H])C1([2H])[2H],QTJKIGUNOJVDES-WYNDGVHTSA-N,sulfonamide,*C1C([2H])([2H])C([2H])([2H])C([2H])([2H])C1([2H])[2H],399.5,1.13,112.7,2,5,4,1,0.5,0.737,5.0,3.5,4.46,True,False,False,False,True,True,True,True,False,False
GLUE1691,[2H]C1([2H])C(CC(=O)Nc2cccc3c2C(=O)N(C2CCC(=O)NC2=O)C3)C([2H])([2H])C([2H])([2H])C1([2H])[2H],LNGBYQWJEIYBMT-YPKJOVNCSA-N,acetamide,*C1C([2H])([2H])C([2H])([2H])C([2H])([2H])C1([2H])[2H],377.47,1.97,95.6,2,4,4,1,0.5,0.784,5.0,3.5,5.19,True,False,False,False,True,True,True,True,False,False
GLUE1692,[2H]C1([2H])C(NC(=O)Nc2cccc3c2C(=O)N(C2CCC(=O)NC2=O)C3)C([2H])([2H])C([2H])([2H])C1([2H])[2H],UOQXKDZHXCFTBK-WYNDGVHTSA-N,urea,*C1C([2H])([2H])C([2H])([2H])C([2H])([2H])C1([2H])[2H],378.46,1.51,107.6,3,4,3,1,0.474,0.693,5.0,3.5,4.45,True,False,False,False,True,True,True,True,False,False
GLUE1693,[2H]C1([2H])C(OC(=O)Nc2cccc3c2C(=O)N(C2CCC(=O)NC2=O)C3)C([2H])([2H])C([2H])([2H])C1([2H])[2H],MEPSGXAVZUMCOT-WYNDGVHTSA-N,carbamate,*C1C([2H])([2H])C([2H])([2H])C([2H])([2H])C1([2H])[2H],379.44,1.94,104.8,2,5,3,1,0.474,0.781,5.0,3.5,4.87,True,False,False,False,True,True,True,True,False,False
GLUE1694,CCC(CC)C(=O)C(=O)Nc1cccc2c1C(=O)N(C1CCC(=O)NC1=O)C2,WTEYTMKLHYONGN-UHFFFAOYSA-N,amide,*C(=O)C(CC)CC,385.42,1.39,112.7,2,5,6,1,0.45,0.568,5.0,3.5,4.56,True,False,False,False,True,True,True,True,False,False
GLUE1695,CCC(CC)C(=O)S(=O)(=O)Nc1cccc2c1C(=O)N(C1CCC(=O)NC1=O)C2,GYSZTIZGJPJFHW-UHFFFAOYSA-N,sulfonamide,*C(=O)C(CC)CC,421.48,1.15,129.7,2,6,6,1,0.474,0.663,5.0,3.0,4.06,True,False,False,False,True,True,False,False,False,False
GLUE1696,CCC(CC)C(=O)CC(=O)Nc1cccc2c1C(=O)N(C1CCC(=O)NC1=O)C2,XAGDFDRIZHTPGG-UHFFFAOYSA-N,acetamide,*C(=O)C(CC)CC,399.45,1.78,112.7,2,5,7,1,0.476,0.536,5.0,3.5,4.46,True,False,False,False,True,True,True,True,False,False
GLUE1697,CCC(CC)C(=O)NC(=O)Nc1cccc2c1C(=O)N(C1CCC(=O)NC1=O)C2,XMQKCRMPMKVPFK-UHFFFAOYSA-N,urea,*C(=O)C(CC)CC,400.44,1.53,124.7,3,5,5,1,0.45,0.647,5.0,3.0,3.88,True,False,False,False,True,True,False,False,False,False
GLUE1698,CCC(CC)C(=O)OC(=O)Nc1cccc2c1C(=O)N(C1CCC(=O)NC1=O)C2,SLTDZXDHUQSMIY-UHFFFAOYSA-N,carbamate,*C(=O)C(CC)CC,401.42,1.96,121.9,2,6,5,1,0.45,0.442,5.0,3.0,4.2,True,False,False,False,True,True,False,False,False,False
GLUE1699,O=C1CCC(N2Cc3cccc(NC(=O)[C@H]4OC(=O)[C@H](O)[C@@H](O)[C@@H]4O)c3C2=O)C(=O)N1,PIXLTIHYJZICIQ-DWCHVLPFSA-N,amide,*[C@H]1OC(=O)[C@H](O)[C@@H](O)[C@@H]1O,433.37,-2.61,182.6,5,9,3,1,0.421,0.252,5.0,2.5,3.48,True,False,False,False,True,True,False,False,False,False
GLUE1700,O=C1CCC(N2Cc3cccc(NS(=O)(=O)[C@H]4OC(=O)[C@H](O)[C@@H](O)[C@@H]4O)c3C2=O)C(=O)N1,JQSPNBRDRXEZJD-BOLHWXEVSA-N,sulfonamide,*[C@H]1OC(=O)[C@H](O)[C@@H](O)[C@@H]1O,469.43,-2.85,199.6,5,10,4,1,0.444,0.226,5.0,2.5,3.22,False,False,False,False,True,True,False,False,False,False
GLUE1701,O=C1CCC(N2Cc3cccc(NC(=O)C[C@H]4OC(=O)[C@H](O)[C@@H](O)[C@@H]4O)c3C2=O)C(=O)N1,VQDWCFSBVWNYTJ-IFDJTXITSA-N,acetamide,*[C@H]1OC(=O)[C@H](O)[C@@H](O)[C@@H]1O,447.4,-2.22,182.6,5,9,4,1,0.45,0.252,5.0,2.5,3.38,True,False,False,False,True,True,False,False,False,False
GLUE1702,O=C1CCC(N2Cc3cccc(NC(=O)N[C@H]4OC(=O)[C@H](O)[C@@H](O)[C@@H]4O)c3C2=O)C(=O)N1,LZNPNOXNPBLPCY-GCXLIBGZSA-N,urea,*[C@H]1OC(=O)[C@H](O)[C@@H](O)[C@@H]1O,448.39,-2.47,194.6,6,9,3,1,0.421,0.215,5.0,2.5,3.37,True,False,False,False,True,True,False,False,False,False
GLUE1703,O=C1CCC(N2Cc3cccc(NC(=O)O[C@H]4OC(=O)[C@H](O)[C@@H](O)[C@@H]4O)c3C2=O)C(=O)N1,QHJALSLWFDLJKE-BOLHWXEVSA-N,carbamate,*[C@H]1OC(=O)[C@H](O)[C@@H](O)[C@@H]1O,449.37,-2.04,191.8,5,10,3,1,0.421,0.254,5.0,2.5,3.36,True,False,False,False,True,True,False,False,False,False
GLUE1704,O=C1CCC(N2Cc3cccc(NC(=O)c4ccc([123I])cc4)c3C2=O)C(=O)N1,PWKPIWBTLMVHAX-PIRNEEEYSA-N,amide,*c1ccc([123I])cc1,485.27,2.3,95.6,2,4,3,2,0.2,0.516,5.0,3.5,4.42,False,True,False,False,True,True,True,True,False,False
GLUE1705,O=C1CCC(N2Cc3cccc(NS(=O)(=O)c4ccc([123I])cc4)c3C2=O)C(=O)N1,OOXHHHRBYHGMIF-BMILMZPDSA-N,sulfonamide,*c1ccc([123I])cc1,521.33,1.85,112.7,2,5,4,2,0.211,0.471,5.0,3.0,3.74,False,False,False,False,True,True,True,False,False,False
GLUE1706,O=C1CCC(N2Cc3cccc(NC(=O)Cc4ccc([123I])cc4)c3C2=O)C(=O)N1,IGWJELGZNZAXCT-NHTLRXQVSA-N,acetamide,*c1ccc([123I])cc1,499.3,2.23,95.6,2,4,4,2,0.238,0.499,5.0,3.5,4.32,False,True,False,False,True,True,True,True,False,False
GLUE1707,O=C1CCC(N2Cc3cccc(NC(=O)Nc4ccc([123I])cc4)c3C2=O)C(=O)N1,WTCYIAIFNDHVLD-PIRNEEEYSA-N,urea,*c1ccc([123I])cc1,500.29,2.7,107.6,3,4,3,2,0.2,0.445,5.0,3.0,3.48,False,True,False,False,True,True,True,False,False,False
GLUE1708,O=C1CCC(N2Cc3cccc(NC(=O)Oc4ccc([123I])cc4)c3C2=O)C(=O)N1,PVJHHKSYFLHPQV-PIRNEEEYSA-N,carbamate,*c1ccc([123I])cc1,501.27,2.66,104.8,2,5,3,2,0.2,0.497,5.0,3.0,3.92,False,True,False,False,True,True,True,False,False,False
GLUE1709,CC1=C[C@@H]2CN(C(=O)N2OS(=O)(=O)[O-])[C@@H]1C(=O)Nc1cccc2c1C(=O)N(C1CCC(=O)NC1=O)C2,LVTBXSDUNWBRRC-YTQWVHSASA-M,amide,*[C@@H]1C(C)=C[C@@H]2CN1C(=O)N2OS(=O)(=O)[O-],518.48,-0.79,185.6,2,9,5,1,0.381,0.218,5.0,2.5,3.5,False,False,False,False,True,True,False,False,False,False
GLUE1710,CC1=C[C@@H]2CN(C(=O)N2OS(=O)(=O)[O-])[C@@H]1CC(=O)Nc1cccc2c1C(=O)N(C1CCC(=O)NC1=O)C2,JMYATZDGHGUKCR-YAELJHOLSA-M,acetamide,*[C@@H]1C(C)=C[C@@H]2CN1C(=O)N2OS(=O)(=O)[O-],532.51,-0.4,185.6,2,9,6,1,0.409,0.213,5.0,2.5,3.5,False,False,False,False,True,True,False,False,False,False
GLUE1711,CC1=C[C@@H]2CN(C(=O)N2OS(=O)(=O)[O-])[C@@H]1NC(=O)Nc1cccc2c1C(=O)N(C1CCC(=O)NC1=O)C2,ZAJBPWFGCRIMET-YTQWVHSASA-M,urea,*[C@@H]1C(C)=C[C@@H]2CN1C(=O)N2OS(=O)(=O)[O-],533.5,-0.65,197.6,3,9,5,1,0.381,0.191,5.0,2.5,3.17,False,False,False,False,True,True,False,False,False,False
GLUE1712,CC1=C[C@@H]2CN(C(=O)N2OS(=O)(=O)[O-])[C@@H]1OC(=O)Nc1cccc2c1C(=O)N(C1CCC(=O)NC1=O)C2,UDZADSXEQFMGKM-IAAFUJMNSA-M,carbamate,*[C@@H]1C(C)=C[C@@H]2CN1C(=O)N2OS(=O)(=O)[O-],534.48,-0.22,194.8,2,10,5,1,0.381,0.221,5.0,2.5,3.5,False,False,False,False,True,True,False,False,False,False
GLUE1713,Cc1cn2nc(C(=O)Nc3cccc4c3C(=O)N(C3CCC(=O)NC3=O)C4)cc(C)c2n1,ZUWIHGHUUAMSOM-UHFFFAOYSA-N,amide,*c1cc(C)c2nc(C)cn2n1,432.44,1.36,125.8,2,6,3,3,0.273,0.602,5.0,3.0,3.98,True,False,False,False,True,True,False,False,False,False
GLUE1714,Cc1cn2nc(S(=O)(=O)Nc3cccc4c3C(=O)N(C3CCC(=O)NC3=O)C4)cc(C)c2n1,AICPEGNHIMLDRF-UHFFFAOYSA-N,sulfonamide,*c1cc(C)c2nc(C)cn2n1,468.5,0.91,142.8,2,7,4,3,0.286,0.542,5.0,3.0,3.73,False,False,False,False,True,True,False,False,False,False
GLUE1715,Cc1cn2nc(CC(=O)Nc3cccc4c3C(=O)N(C3CCC(=O)NC3=O)C4)cc(C)c2n1,VTQVRURWWKUTKW-UHFFFAOYSA-N,acetamide,*c1cc(C)c2nc(C)cn2n1,446.47,1.29,125.8,2,6,4,3,0.304,0.582,5.0,3.0,3.88,True,False,False,False,True,True,False,False,False,False
GLUE1716,Cc1cn2nc(NC(=O)Nc3cccc4c3C(=O)N(C3CCC(=O)NC3=O)C4)cc(C)c2n1,XUIVIPFYWLECMF-UHFFFAOYSA-N,urea,*c1cc(C)c2nc(C)cn2n1,447.46,1.75,137.8,3,6,3,3,0.273,0.523,5.0,3.0,3.54,True,False,False,False,True,True,False,False,False,False
GLUE1717,Cc1cn2nc(OC(=O)Nc3cccc4c3C(=O)N(C3CCC(=O)NC3=O)C4)cc(C)c2n1,WTCHQVXTLFMASI-UHFFFAOYSA-N,carbamate,*c1cc(C)c2nc(C)cn2n1,448.44,1.72,135.0,2,7,3,3,0.273,0.583,5.0,3.0,3.87,True,False,False,False,True,True,False,False,False,False
GLUE1718,O=C1CCC(N2Cc3cccc(NC(=O)N4CCNC5(CC5)C4)c3C2=O)C(=O)N1,WBXOKPZEGATZKI-UHFFFAOYSA-N,amide,*N1CCNC2(CC2)C1,397.44,0.42,110.8,3,5,2,1,0.5,0.627,9.0,3.5,3.7,True,False,False,False,True,True,True,True,False,False
GLUE1719,O=C1CCC(N2Cc3cccc(NS(=O)(=O)N4CCNC5(CC5)C4)c3C2=O)C(=O)N1,ALZBIUOSUMRJEW-UHFFFAOYSA-N,sulfonamide,*N1CCNC2(CC2)C1,433.49,-0.46,127.9,3,6,4,1,0.526,0.552,9.5,3.0,2.89,True,False,False,False,True,True,False,False,False,False
GLUE1720,O=C1CCC(N2Cc3cccc(NC(=O)CN4CCNC5(CC5)C4)c3C2=O)C(=O)N1,GILAQZQDCCSIJF-UHFFFAOYSA-N,acetamide,*N1CCNC2(CC2)C1,411.46,-0.18,110.8,3,6,4,1,0.524,0.593,9.5,3.5,3.35,True,False,False,False,True,True,True,True,False,False
GLUE1721,O=C1CCC(N2Cc3cccc(NC(=O)NN4CCNC5(CC5)C4)c3C2=O)C(=O)N1,ZYYXDHOUAWMECC-UHFFFAOYSA-N,urea,*N1CCNC2(CC2)C1,412.45,-0.08,122.9,4,6,3,1,0.5,0.515,9.5,2.5,2.88,True,False,False,False,True,True,False,False,False,False
GLUE1722,O=C1CCC(N2Cc3cccc(NC(=O)ON4CCNC5(CC5)C4)c3C2=O)C(=O)N1,PHZDTQOAHWBGCD-UHFFFAOYSA-N,carbamate,*N1CCNC2(CC2)C1,413.43,0.35,120.1,3,7,3,1,0.5,0.612,9.5,3.0,3.03,True,False,False,False,True,True,False,False,False,False
GLUE1723,O=C1CCC(N2Cc3cccc(NC(=O)c4cc5cc(Cl)ccc5[nH]c4=O)c3C2=O)C(=O)N1,NFPPREMBNKBTCS-UHFFFAOYSA-N,amide,*c1cc2cc(Cl)ccc2[nH]c1=O,464.87,2.19,128.4,3,5,3,3,0.174,0.512,5.0,3.0,3.42,False,True,False,False,True,True,False,False,False,False
GLUE1724,O=C1CCC(N2Cc3cccc(NS(=O)(=O)c4cc5cc(Cl)ccc5[nH]c4=O)c3C2=O)C(=O)N1,HLPMTIQYKYOTCX-UHFFFAOYSA-N,sulfonamide,*c1cc2cc(Cl)ccc2[nH]c1=O,500.92,1.74,145.5,3,6,4,3,0.182,0.465,5.0,2.5,3.17,False,False,False,False,True,True,False,False,False,False
GLUE1725,O=C1CCC(N2Cc3cccc(NC(=O)Cc4cc5cc(Cl)ccc5[nH]c4=O)c3C2=O)C(=O)N1,KIPUGHGTSTWMLS-UHFFFAOYSA-N,acetamide,*c1cc2cc(Cl)ccc2[nH]c1=O,478.89,2.12,128.4,3,5,4,3,0.208,0.495,5.0,3.0,3.32,False,True,False,False,True,True,False,False,False,False
GLUE1726,O=C1CCC(N2Cc3cccc(NC(=O)Nc4cc5cc(Cl)ccc5[nH]c4=O)c3C2=O)C(=O)N1,UFMDMFCVUIHIGU-UHFFFAOYSA-N,urea,*c1cc2cc(Cl)ccc2[nH]c1=O,479.88,2.59,140.5,4,5,3,3,0.174,0.427,5.0,2.5,3.1,False,True,False,False,True,True,False,False,False,False
GLUE1727,O=C1CCC(N2Cc3cccc(NC(=O)Oc4cc5cc(Cl)ccc5[nH]c4=O)c3C2=O)C(=O)N1,JLZBZWXKZGLJCP-UHFFFAOYSA-N,carbamate,*c1cc2cc(Cl)ccc2[nH]c1=O,480.86,2.55,137.7,3,6,3,3,0.174,0.492,5.0,3.0,3.28,False,True,False,False,True,True,False,False,False,False
GLUE1728,Cn1c(C#N)ccc(C(=O)Nc2cccc3c2C(=O)N(C2CCC(=O)NC2=O)C3)c1=O,LVZNAAGHFZFUOE-UHFFFAOYSA-N,amide,*c1ccc(C#N)n(C)c1=O,419.4,0.27,141.4,2,6,3,2,0.238,0.684,5.0,3.0,4.08,True,False,False,False,True,True,False,False,False,False
GLUE1729,Cn1c(C#N)ccc(S(=O)(=O)Nc2cccc3c2C(=O)N(C2CCC(=O)NC2=O)C3)c1=O,GPDOVWRWAUOBSK-UHFFFAOYSA-N,sulfonamide,*c1ccc(C#N)n(C)c1=O,455.45,-0.18,158.4,2,7,4,2,0.25,0.605,5.0,3.0,3.82,False,False,False,False,True,True,False,False,False,False
GLUE1730,Cn1c(C#N)ccc(CC(=O)Nc2cccc3c2C(=O)N(C2CCC(=O)NC2=O)C3)c1=O,FARQCPVBHFWSEI-UHFFFAOYSA-N,acetamide,*c1ccc(C#N)n(C)c1=O,433.42,0.2,141.4,2,6,4,2,0.273,0.66,5.0,3.0,3.98,True,False,False,False,True,True,False,False,False,False
GLUE1731,Cn1c(C#N)ccc(NC(=O)Nc2cccc3c2C(=O)N(C2CCC(=O)NC2=O)C3)c1=O,DTLXKXNPYKMUTA-UHFFFAOYSA-N,urea,*c1ccc(C#N)n(C)c1=O,434.41,0.66,153.4,3,6,3,2,0.238,0.603,5.0,3.0,3.64,True,False,False,False,True,True,False,False,False,False
GLUE1732,Cn1c(C#N)ccc(OC(=O)Nc2cccc3c2C(=O)N(C2CCC(=O)NC2=O)C3)c1=O,FNMANTYEUVSDNR-UHFFFAOYSA-N,carbamate,*c1ccc(C#N)n(C)c1=O,435.4,0.63,150.6,2,7,3,2,0.238,0.671,5.0,3.0,3.96,True,False,False,False,True,True,False,False,False,False
GLUE1733,O=C1CCC(N2Cc3cccc(NC(=O)OP(=O)([O-])O)c3C2=O)C(=O)N1,SOSWCMATHLXBEL-UHFFFAOYSA-M,amide,*OP(=O)([O-])O,382.25,-0.54,165.2,3,7,3,1,0.286,0.463,5.0,3.0,4.01,True,False,False,False,True,True,False,False,False,False
GLUE1734,O=C1CCC(N2Cc3cccc(NS(=O)(=O)OP(=O)([O-])O)c3C2=O)C(=O)N1,VHPFSCIPOKPJCR-UHFFFAOYSA-M,sulfonamide,*OP(=O)([O-])O,418.3,-1.42,182.2,3,8,5,1,0.308,0.382,5.0,3.0,3.75,True,False,False,False,True,True,False,False,False,False
GLUE1735,O=C1CCC(N2Cc3cccc(NC(=O)COP(=O)([O-])O)c3C2=O)C(=O)N1,BLQAUFYENIYQTJ-UHFFFAOYSA-M,acetamide,*OP(=O)([O-])O,396.27,-1.14,165.2,3,7,5,1,0.333,0.415,5.0,3.0,3.91,True,False,False,False,True,True,False,False,False,False
GLUE1736,O=C1CCC(N2Cc3cccc(NC(=O)NOP(=O)([O-])O)c3C2=O)C(=O)N1,DANAFTHKJMCBSM-UHFFFAOYSA-M,urea,*OP(=O)([O-])O,397.26,-1.04,177.2,4,7,4,1,0.286,0.283,5.0,2.5,3.73,True,False,False,False,True,True,False,False,False,False
GLUE1737,O=C1CCC(N2Cc3cccc(NC(=O)OOP(=O)([O-])O)c3C2=O)C(=O)N1,LHDYZVZHIHLURR-UHFFFAOYSA-M,carbamate,*OP(=O)([O-])O,398.24,-0.61,174.4,3,8,4,1,0.286,0.258,5.0,3.0,3.89,True,False,False,False,True,True,False,False,False,False
GLUE1738,C[C@H](C(=O)[O-])C(=O)Nc1cccc2c1C(=O)N(C1CCC(=O)NC1=O)C2,IZBCUVLOQVFBHC-YMNIQAILSA-M,amide,*[C@H](C)C(=O)[O-],358.33,-1.23,135.7,2,6,4,1,0.353,0.511,5.0,3.5,4.5,True,False,False,False,True,True,False,True,False,False
GLUE1739,C[C@H](C(=O)[O-])S(=O)(=O)Nc1cccc2c1C(=O)N(C1CCC(=O)NC1=O)C2,TWTRVVAFSBKWRC-RZZZFEHKSA-M,sulfonamide,*[C@H](C)C(=O)[O-],394.39,-1.67,152.8,2,7,5,1,0.375,0.566,5.0,3.0,4.25,True,False,False,False,True,True,False,False,False,False
GLUE1740,C[C@@H](CC(=O)Nc1cccc2c1C(=O)N(C1CCC(=O)NC1=O)C2)C(=O)[O-],SORDLDIFRFWGKB-QHGLUPRGSA-M,acetamide,*[C@H](C)C(=O)[O-],372.36,-0.84,135.7,2,6,5,1,0.389,0.647,5.0,3.0,4.41,True,False,False,False,True,True,False,False,False,False
GLUE1741,C[C@@H](NC(=O)Nc1cccc2c1C(=O)N(C1CCC(=O)NC1=O)C2)C(=O)[O-],JFQYWFSNSWXXIQ-RZZZFEHKSA-M,urea,*[C@H](C)C(=O)[O-],373.35,-1.29,147.7,3,6,4,1,0.353,0.559,5.0,3.0,4.07,True,False,False,False,True,True,False,False,False,False
GLUE1742,C[C@@H](OC(=O)Nc1cccc2c1C(=O)N(C1CCC(=O)NC1=O)C2)C(=O)[O-],MCHYNMDUZMLDJU-RZZZFEHKSA-M,carbamate,*[C@H](C)C(=O)[O-],374.33,-0.87,144.9,2,7,4,1,0.353,0.652,5.0,3.0,4.4,True,False,False,False,True,True,False,False,False,False
GLUE1743,CC1=C[C@@H]2CN(C(=O)N2OS(=O)(=O)O)[C@@H]1C(=O)Nc1cccc2c1C(=O)N(C1CCC(=O)NC1=O)C2,LVTBXSDUNWBRRC-YTQWVHSASA-N,amide,*[C@@H]1C(C)=C[C@@H]2CN1C(=O)N2OS(=O)(=O)O,519.49,-0.44,182.7,3,8,5,1,0.381,0.264,5.0,2.5,3.17,False,False,False,False,True,True,False,False,False,False
GLUE1744,CC1=C[C@@H]2CN(C(=O)N2OS(=O)(=O)O)[C@@H]1CC(=O)Nc1cccc2c1C(=O)N(C1CCC(=O)NC1=O)C2,JMYATZDGHGUKCR-YAELJHOLSA-N,acetamide,*[C@@H]1C(C)=C[C@@H]2CN1C(=O)N2OS(=O)(=O)O,533.52,-0.05,182.7,3,8,6,1,0.409,0.256,5.0,2.5,3.17,False,False,False,False,True,True,False,False,False,False
GLUE1745,CC1=C[C@@H]2CN(C(=O)N2OS(=O)(=O)O)[C@@H]1NC(=O)Nc1cccc2c1C(=O)N(C1CCC(=O)NC1=O)C2,ZAJBPWFGCRIMET-YTQWVHSASA-N,urea,*[C@@H]1C(C)=C[C@@H]2CN1C(=O)N2OS(=O)(=O)O,534.51,-0.3,194.8,4,8,5,1,0.381,0.223,5.0,2.0,3.0,False,False,False,False,True,True,False,False,False,False
GLUE1746,CC1=C[C@@H]2CN(C(=O)N2OS(=O)(=O)O)[C@@H]1OC(=O)Nc1cccc2c1C(=O)N(C1CCC(=O)NC1=O)C2,UDZADSXEQFMGKM-IAAFUJMNSA-N,carbamate,*[C@@H]1C(C)=C[C@@H]2CN1C(=O)N2OS(=O)(=O)O,535.49,0.12,192.0,3,9,5,1,0.381,0.265,5.0,2.5,3.17,False,False,False,False,True,True,False,False,False,False
GLUE1747,O=C1CCC(N2Cc3cccc(NC(=O)SC(P(=O)([O-])O)P(=O)([O-])O)c3C2=O)C(=O)N1,PQJYUTANZFQWSI-UHFFFAOYSA-L,amide,*SC(P(=O)([O-])O)P(=O)([O-])O,491.31,-0.91,216.3,4,9,5,1,0.333,0.292,5.0,2.5,3.06,False,False,False,False,True,True,False,False,False,False
GLUE1748,O=C1CCC(N2Cc3cccc(NS(=O)(=O)SC(P(=O)([O-])O)P(=O)([O-])O)c3C2=O)C(=O)N1,JEKSFGYSVFCZIS-UHFFFAOYSA-L,sulfonamide,*SC(P(=O)([O-])O)P(=O)([O-])O,527.37,-1.79,233.4,4,10,7,1,0.357,0.175,5.0,2.0,3.0,False,False,False,False,True,True,False,False,False,False
GLUE1749,O=C1CCC(N2Cc3cccc(NC(=O)CSC(P(=O)([O-])O)P(=O)([O-])O)c3C2=O)C(=O)N1,RXYLCLWDCHCULP-UHFFFAOYSA-L,acetamide,*SC(P(=O)([O-])O)P(=O)([O-])O,505.34,-1.51,216.3,4,9,7,1,0.375,0.247,5.0,2.0,3.0,False,False,False,False,True,True,False,False,False,False
GLUE1750,O=C1CCC(N2Cc3cccc(NC(=O)NSC(P(=O)([O-])O)P(=O)([O-])O)c3C2=O)C(=O)N1,CCMNWCATCUZORS-UHFFFAOYSA-L,urea,*SC(P(=O)([O-])O)P(=O)([O-])O,506.33,-1.41,228.3,5,9,6,1,0.333,0.171,5.0,2.0,3.0,False,False,False,False,True,True,False,False,False,False
GLUE1751,O=C1CCC(N2Cc3cccc(NC(=O)OSC(P(=O)([O-])O)P(=O)([O-])O)c3C2=O)C(=O)N1,GNXWMRLVPKBLQN-UHFFFAOYSA-L,carbamate,*SC(P(=O)([O-])O)P(=O)([O-])O,507.31,-0.98,225.5,4,10,6,1,0.333,0.207,5.0,2.0,3.0,False,False,False,False,True,True,False,False,False,False
GLUE1752,[NH-]S(=O)(=O)c1nnc(C(=O)Nc2cccc3c2C(=O)N(C2CCC(=O)NC2=O)C3)s1,IUBCOMKPLCUUOG-UHFFFAOYSA-M,amide,*c1nnc(S([NH-])(=O)=O)s1,449.45,0.29,179.3,2,9,4,2,0.25,0.625,5.0,3.0,3.86,True,False,False,False,True,True,False,False,False,False
GLUE1753,[NH-]S(=O)(=O)c1nnc(S(=O)(=O)Nc2cccc3c2C(=O)N(C2CCC(=O)NC2=O)C3)s1,QMHOEUMIRQQXDI-UHFFFAOYSA-M,sulfonamide,*c1nnc(S([NH-])(=O)=O)s1,485.51,-0.16,196.4,2,10,5,2,0.267,0.54,5.0,3.0,3.6,False,False,False,False,True,True,False,False,False,False
GLUE1754,[NH-]S(=O)(=O)c1nnc(CC(=O)Nc2cccc3c2C(=O)N(C2CCC(=O)NC2=O)C3)s1,FENVKANQVUYUKO-UHFFFAOYSA-M,acetamide,*c1nnc(S([NH-])(=O)=O)s1,463.48,0.22,179.3,2,9,5,2,0.294,0.591,5.0,3.0,3.76,False,False,False,False,True,True,False,False,False,False
GLUE1755,[NH-]S(=O)(=O)c1nnc(NC(=O)Nc2cccc3c2C(=O)N(C2CCC(=O)NC2=O)C3)s1,BXJIILADCJPVIM-UHFFFAOYSA-M,urea,*c1nnc(S([NH-])(=O)=O)s1,464.47,0.68,191.3,3,9,4,2,0.25,0.434,5.0,3.0,3.42,False,False,False,False,True,True,False,False,False,False
GLUE1756,[NH-]S(=O)(=O)c1nnc(OC(=O)Nc2cccc3c2C(=O)N(C2CCC(=O)NC2=O)C3)s1,OGVFAFRZASIMLM-UHFFFAOYSA-M,carbamate,*c1nnc(S([NH-])(=O)=O)s1,465.45,0.65,188.5,2,10,4,2,0.25,0.611,5.0,3.0,3.75,False,False,False,False,True,True,False,False,False,False
GLUE1757,O=C1CCC(N2Cc3cccc(NC(=O)[C@H]4CC[S+]([O-])C4)c3C2=O)C(=O)N1,TXOWAZOMMDTJIV-GCGYGCNBSA-N,amide,*[C@H]1CC[S+]([O-])C1,389.43,0.15,118.6,2,5,3,1,0.444,0.564,5.0,3.5,4.34,True,False,False,False,True,True,True,True,False,False
GLUE1758,O=C1CCC(N2Cc3cccc(NS(=O)(=O)[C@H]4CC[S+]([O-])C4)c3C2=O)C(=O)N1,CWRSGTMAZBQOPX-GCGYGCNBSA-N,sulfonamide,*[C@H]1CC[S+]([O-])C1,425.49,-0.29,135.7,2,6,4,1,0.471,0.503,5.0,3.0,4.03,True,False,False,False,True,True,False,False,False,False
GLUE1759,O=C1CCC(N2Cc3cccc(NC(=O)C[C@H]4CC[S+]([O-])C4)c3C2=O)C(=O)N1,WTVSVHYEVXLHDG-BKAIYFHXSA-N,acetamide,*[C@H]1CC[S+]([O-])C1,403.46,0.54,118.6,2,5,4,1,0.474,0.562,5.0,3.5,4.23,True,False,False,False,True,True,True,True,False,False
GLUE1760,O=C1CCC(N2Cc3cccc(NC(=O)N[C@H]4CC[S+]([O-])C4)c3C2=O)C(=O)N1,LXQJVHHHEMHSIG-CPPRCSKXSA-N,urea,*[C@H]1CC[S+]([O-])C1,404.45,0.09,130.7,3,5,3,1,0.444,0.485,5.0,3.0,3.85,True,False,False,False,True,True,False,False,False,False
GLUE1761,O=C1CCC(N2Cc3cccc(NC(=O)O[C@H]4CC[S+]([O-])C4)c3C2=O)C(=O)N1,BKVHJZSPGONYOU-CPPRCSKXSA-N,carbamate,*[C@H]1CC[S+]([O-])C1,405.43,0.52,127.9,2,6,3,1,0.444,0.557,5.0,3.0,4.18,True,False,False,False,True,True,False,False,False,False
GLUE1762,O=C1CCC(N2Cc3cccc(NC(=O)c4ccccc4[123I])c3C2=O)C(=O)N1,YMWISOSFIUULFO-PIRNEEEYSA-N,amide,*c1ccccc1[123I],485.27,2.3,95.6,2,4,3,2,0.2,0.516,5.0,3.5,4.42,False,True,False,False,True,True,True,True,False,False
GLUE1763,O=C1CCC(N2Cc3cccc(NS(=O)(=O)c4ccccc4[123I])c3C2=O)C(=O)N1,VOBXZVXGZIMNEI-BMILMZPDSA-N,sulfonamide,*c1ccccc1[123I],521.33,1.85,112.7,2,5,4,2,0.211,0.471,5.0,3.0,3.74,False,False,False,False,True,True,True,False,False,False
GLUE1764,O=C1CCC(N2Cc3cccc(NC(=O)Cc4ccccc4[123I])c3C2=O)C(=O)N1,TWDQVBWWXLONSX-NHTLRXQVSA-N,acetamide,*c1ccccc1[123I],499.3,2.23,95.6,2,4,4,2,0.238,0.499,5.0,3.5,4.32,False,True,False,False,True,True,True,True,False,False
GLUE1765,O=C1CCC(N2Cc3cccc(NC(=O)Nc4ccccc4[123I])c3C2=O)C(=O)N1,UKJJXZAERYAANB-PIRNEEEYSA-N,urea,*c1ccccc1[123I],500.29,2.7,107.6,3,4,3,2,0.2,0.445,5.0,3.0,3.48,False,True,False,False,True,True,True,False,False,False
GLUE1766,O=C1CCC(N2Cc3cccc(NC(=O)Oc4ccccc4[123I])c3C2=O)C(=O)N1,HSOHCQZAXHQSCW-PIRNEEEYSA-N,carbamate,*c1ccccc1[123I],501.27,2.66,104.8,2,5,3,2,0.2,0.497,5.0,3.0,3.92,False,True,False,False,True,True,True,False,False,False
GLUE1767,N#Cc1ccc(C(=O)Nc2cccc3c2C(=O)N(C2CCC(=O)NC2=O)C3)cc1Cl,KGZFQPPSBYNSNC-UHFFFAOYSA-N,amide,*c1ccc(C#N)c(Cl)c1,422.83,2.22,119.4,2,5,3,2,0.19,0.735,5.0,3.5,4.07,True,True,False,False,True,True,True,True,False,True
GLUE1768,N#Cc1ccc(S(=O)(=O)Nc2cccc3c2C(=O)N(C2CCC(=O)NC2=O)C3)cc1Cl,CYMAWQROYNMGPP-UHFFFAOYSA-N,sulfonamide,*c1ccc(C#N)c(Cl)c1,458.88,1.77,136.4,2,6,4,2,0.2,0.67,5.0,3.0,3.79,False,False,False,False,True,True,False,False,False,False
GLUE1769,N#Cc1ccc(CC(=O)Nc2cccc3c2C(=O)N(C2CCC(=O)NC2=O)C3)cc1Cl,XQTHQPXGQARGHR-UHFFFAOYSA-N,acetamide,*c1ccc(C#N)c(Cl)c1,436.86,2.15,119.4,2,5,4,2,0.227,0.712,5.0,3.5,3.97,True,True,False,False,True,True,True,True,False,True
GLUE1770,N#Cc1ccc(NC(=O)Nc2cccc3c2C(=O)N(C2CCC(=O)NC2=O)C3)cc1Cl,DUBBDUIBLCIDEW-UHFFFAOYSA-N,urea,*c1ccc(C#N)c(Cl)c1,437.84,2.62,131.4,3,5,3,2,0.19,0.635,5.0,3.0,3.55,True,True,False,False,True,True,False,False,False,False
GLUE1771,N#Cc1ccc(OC(=O)Nc2cccc3c2C(=O)N(C2CCC(=O)NC2=O)C3)cc1Cl,QZEZRJKLMMBAKE-UHFFFAOYSA-N,carbamate,*c1ccc(C#N)c(Cl)c1,438.83,2.58,128.6,2,6,3,2,0.19,0.708,5.0,3.0,3.9,True,True,False,False,True,True,False,False,False,False
GLUE1772,O=C1CCC(N2Cc3cccc(NC(=O)c4ncnc5nc[n-]c45)c3C2=O)C(=O)N1,OQFZJLUMHLUUFV-UHFFFAOYSA-M,amide,*c1ncnc2nc[n-]c12,404.37,-0.0,148.3,2,7,3,3,0.211,0.579,5.0,3.0,4.18,True,False,False,False,True,True,False,False,False,False
GLUE1773,O=C1CCC(N2Cc3cccc(NS(=O)(=O)c4ncnc5nc[n-]c45)c3C2=O)C(=O)N1,DHXRDHOEIUIAMA-UHFFFAOYSA-M,sulfonamide,*c1ncnc2nc[n-]c12,440.42,-0.46,165.4,2,8,4,3,0.222,0.403,5.0,3.0,3.93,True,False,False,False,True,True,False,False,False,False
GLUE1774,O=C1CCC(N2Cc3cccc(NC(=O)Cc4ncnc5nc[n-]c45)c3C2=O)C(=O)N1,POTHFPPNBSZFJZ-UHFFFAOYSA-M,acetamide,*c1ncnc2nc[n-]c12,418.39,-0.08,148.3,2,7,4,3,0.25,0.559,5.0,3.0,4.08,True,False,False,False,True,True,False,False,False,False
GLUE1775,O=C1CCC(N2Cc3cccc(NC(=O)Nc4ncnc5nc[n-]c45)c3C2=O)C(=O)N1,IPLZLRNLUVSMAI-UHFFFAOYSA-M,urea,*c1ncnc2nc[n-]c12,419.38,0.39,160.4,3,7,3,3,0.211,0.514,5.0,3.0,3.74,True,False,False,False,True,True,False,False,False,False
GLUE1776,O=C1CCC(N2Cc3cccc(NC(=O)Oc4ncnc5nc[n-]c45)c3C2=O)C(=O)N1,RSORZLDNRDZVEC-UHFFFAOYSA-M,carbamate,*c1ncnc2nc[n-]c12,420.37,0.35,157.6,2,8,3,3,0.211,0.57,5.0,3.0,4.07,True,False,False,False,True,True,False,False,False,False
GLUE1777,N#Cc1cc(F)cc(C(=O)Nc2cccc3c2C(=O)N(C2CCC(=O)NC2=O)C3)c1,JYCISEOEWZBMSZ-UHFFFAOYSA-N,amide,*c1cc(F)cc(C#N)c1,406.37,1.71,119.4,2,5,3,2,0.19,0.752,5.0,3.5,4.19,True,False,False,False,True,True,True,True,False,False
GLUE1778,N#Cc1cc(F)cc(S(=O)(=O)Nc2cccc3c2C(=O)N(C2CCC(=O)NC2=O)C3)c1,LHICCZDDAIQPNX-UHFFFAOYSA-N,sulfonamide,*c1cc(F)cc(C#N)c1,442.43,1.26,136.4,2,6,4,2,0.2,0.684,5.0,3.0,3.91,True,False,False,False,True,True,False,False,False,False
GLUE1779,N#Cc1cc(F)cc(CC(=O)Nc2cccc3c2C(=O)N(C2CCC(=O)NC2=O)C3)c1,QKKMGVNUFPJKPD-UHFFFAOYSA-N,acetamide,*c1cc(F)cc(C#N)c1,420.4,1.64,119.4,2,5,4,2,0.227,0.729,5.0,3.5,4.09,True,False,False,False,True,True,True,True,False,False
GLUE1780,N#Cc1cc(F)cc(NC(=O)Nc2cccc3c2C(=O)N(C2CCC(=O)NC2=O)C3)c1,UBFJGWCMSYNLOZ-UHFFFAOYSA-N,urea,*c1cc(F)cc(C#N)c1,421.39,2.1,131.4,3,5,3,2,0.19,0.653,5.0,3.0,3.73,True,True,False,False,True,True,False,False,False,False
GLUE1781,N#Cc1cc(F)cc(OC(=O)Nc2cccc3c2C(=O)N(C2CCC(=O)NC2=O)C3)c1,BMUNROHZWISLIY-UHFFFAOYSA-N,carbamate,*c1cc(F)cc(C#N)c1,422.37,2.07,128.6,2,6,3,2,0.19,0.729,5.0,3.0,4.05,True,True,False,False,True,True,False,False,False,False
GLUE1782,O=C1CCC(N2Cc3cccc(NC(=O)c4ccccc4[131I])c3C2=O)C(=O)N1,YMWISOSFIUULFO-TWYGLIRSSA-N,amide,*c1ccccc1[131I],493.27,2.3,95.6,2,4,3,2,0.2,0.507,5.0,3.5,4.36,False,True,False,False,True,True,True,True,False,False
GLUE1783,O=C1CCC(N2Cc3cccc(NS(=O)(=O)c4ccccc4[131I])c3C2=O)C(=O)N1,VOBXZVXGZIMNEI-URWOLLDTSA-N,sulfonamide,*c1ccccc1[131I],529.33,1.85,112.7,2,5,4,2,0.211,0.464,5.0,3.0,3.74,False,False,False,False,True,True,True,False,False,False
GLUE1784,O=C1CCC(N2Cc3cccc(NC(=O)Cc4ccccc4[131I])c3C2=O)C(=O)N1,TWDQVBWWXLONSX-ITIOBDTJSA-N,acetamide,*c1ccccc1[131I],507.3,2.23,95.6,2,4,4,2,0.238,0.491,5.0,3.0,4.31,False,True,False,False,True,True,True,False,False,False
GLUE1785,O=C1CCC(N2Cc3cccc(NC(=O)Nc4ccccc4[131I])c3C2=O)C(=O)N1,UKJJXZAERYAANB-TWYGLIRSSA-N,urea,*c1ccccc1[131I],508.29,2.7,107.6,3,4,3,2,0.2,0.438,5.0,3.0,3.48,False,True,False,False,True,True,True,False,False,False
GLUE1786,O=C1CCC(N2Cc3cccc(NC(=O)Oc4ccccc4[131I])c3C2=O)C(=O)N1,HSOHCQZAXHQSCW-TWYGLIRSSA-N,carbamate,*c1ccccc1[131I],509.27,2.66,104.8,2,5,3,2,0.2,0.489,5.0,3.0,3.92,False,True,False,False,True,True,True,False,False,False
GLUE1787,O=C1CCC(N2Cc3cccc(NC(=O)c4cccc(Cl)n4)c3C2=O)C(=O)N1,DQEZQMBETZYWDH-UHFFFAOYSA-N,amide,*c1cccc(Cl)n1,398.81,1.75,108.5,2,5,3,2,0.211,0.604,5.0,3.5,4.61,True,False,False,False,True,True,True,True,False,False
GLUE1788,O=C1CCC(N2Cc3cccc(NS(=O)(=O)c4cccc(Cl)n4)c3C2=O)C(=O)N1,DSRKALZBYMMXPC-UHFFFAOYSA-N,sulfonamide,*c1cccc(Cl)n1,434.86,1.3,125.5,2,6,4,2,0.222,0.551,5.0,3.0,3.97,True,False,False,False,True,True,False,False,False,False
GLUE1789,O=C1CCC(N2Cc3cccc(NC(=O)Cc4cccc(Cl)n4)c3C2=O)C(=O)N1,ZEGLCZFVRLZRRM-UHFFFAOYSA-N,acetamide,*c1cccc(Cl)n1,412.83,1.68,108.5,2,5,4,2,0.25,0.586,5.0,3.5,4.51,True,False,False,False,True,True,True,True,False,False
GLUE1790,O=C1CCC(N2Cc3cccc(NC(=O)Nc4cccc(Cl)n4)c3C2=O)C(=O)N1,ZNAWWSJZXHFQCY-UHFFFAOYSA-N,urea,*c1cccc(Cl)n1,413.82,2.14,120.5,3,5,3,2,0.211,0.526,5.0,3.0,3.78,True,True,False,False,True,True,False,False,False,False
GLUE1791,O=C1CCC(N2Cc3cccc(NC(=O)Oc4cccc(Cl)n4)c3C2=O)C(=O)N1,AOZHJVXJLBWQKZ-UHFFFAOYSA-N,carbamate,*c1cccc(Cl)n1,414.81,2.11,117.7,2,6,3,2,0.211,0.586,5.0,3.5,4.19,True,True,False,False,True,True,True,True,False,True
GLUE1792,CS(=O)(=O)c1ccc(C(=O)Nc2cccc3c2C(=O)N(C2CCC(=O)NC2=O)C3)c2c1[C@H](O)[C@H](F)[C@@H]2F,DGLOAUILKOBIDE-AHGVKKCJSA-N,amide,*c1ccc(S(C)(=O)=O)c2c1[C@@H](F)[C@@H](F)[C@H]2O,533.51,1.5,149.9,3,7,4,2,0.333,0.504,5.0,2.5,3.17,False,False,False,False,True,True,False,False,False,False
GLUE1793,CS(=O)(=O)c1ccc(CC(=O)Nc2cccc3c2C(=O)N(C2CCC(=O)NC2=O)C3)c2c1[C@H](O)[C@H](F)[C@@H]2F,UHALNKBEKLIAMC-ZEHOEMJTSA-N,acetamide,*c1ccc(S(C)(=O)=O)c2c1[C@@H](F)[C@@H](F)[C@H]2O,547.54,1.43,149.9,3,7,5,2,0.36,0.479,5.0,2.5,3.17,False,False,False,False,True,True,False,False,False,False
GLUE1794,CS(=O)(=O)c1ccc(NC(=O)Nc2cccc3c2C(=O)N(C2CCC(=O)NC2=O)C3)c2c1[C@H](O)[C@H](F)[C@@H]2F,QBYOCNSYCKJURG-AHGVKKCJSA-N,urea,*c1ccc(S(C)(=O)=O)c2c1[C@@H](F)[C@@H](F)[C@H]2O,548.52,1.89,162.0,4,7,4,2,0.333,0.424,5.0,2.0,3.0,False,False,False,False,True,True,False,False,False,False
GLUE1795,CS(=O)(=O)c1ccc(OC(=O)Nc2cccc3c2C(=O)N(C2CCC(=O)NC2=O)C3)c2c1[C@H](O)[C@H](F)[C@@H]2F,OUFQRCPEZMGEHH-QFWXZRCSSA-N,carbamate,*c1ccc(S(C)(=O)=O)c2c1[C@@H](F)[C@@H](F)[C@H]2O,549.51,1.86,159.2,3,8,4,2,0.333,0.488,5.0,2.5,3.17,False,False,False,False,True,True,False,False,False,False
GLUE1796,C[C@@H](C(=O)Nc1cccc2c1C(=O)N(C1CCC(=O)NC1=O)C2)C(F)(F)F,PJTKXVRGVUIHBJ-YMNIQAILSA-N,amide,*[C@H](C)C(F)(F)F,383.33,1.58,95.6,2,4,3,1,0.412,0.775,5.0,3.5,5.15,True,False,False,False,True,True,True,True,False,False
GLUE1797,C[C@H](C(F)(F)F)S(=O)(=O)Nc1cccc2c1C(=O)N(C1CCC(=O)NC1=O)C2,RVILSDHUUBIFCU-RZZZFEHKSA-N,sulfonamide,*[C@H](C)C(F)(F)F,419.38,1.14,112.7,2,5,4,1,0.438,0.711,5.0,3.5,4.32,True,False,False,False,True,True,True,True,False,False
GLUE1798,C[C@@H](CC(=O)Nc1cccc2c1C(=O)N(C1CCC(=O)NC1=O)C2)C(F)(F)F,HRYODBFTQBHDSR-QHGLUPRGSA-N,acetamide,*[C@H](C)C(F)(F)F,397.35,1.97,95.6,2,4,4,1,0.444,0.76,5.0,3.5,5.05,True,False,False,False,True,True,True,True,False,False
GLUE1799,C[C@@H](NC(=O)Nc1cccc2c1C(=O)N(C1CCC(=O)NC1=O)C2)C(F)(F)F,JMGCVRBNWQEDNU-RZZZFEHKSA-N,urea,*[C@H](C)C(F)(F)F,398.34,1.52,107.6,3,4,3,1,0.412,0.671,5.0,3.5,4.31,True,False,False,False,True,True,True,True,False,False
GLUE1800,C[C@@H](OC(=O)Nc1cccc2c1C(=O)N(C1CCC(=O)NC1=O)C2)C(F)(F)F,AAYKRYKKZSSLRM-RZZZFEHKSA-N,carbamate,*[C@H](C)C(F)(F)F,399.33,1.95,104.8,2,5,3,1,0.412,0.756,5.0,3.5,4.73,True,False,False,False,True,True,True,True,False,False
GLUE1801,Nc1nc(C(=O)Nc2cccc3c2C(=O)N(C2CCC(=O)NC2=O)C3)c(F)cc1F,MXXUUECRDOOHPH-UHFFFAOYSA-N,amide,*c1nc(N)c(F)cc1F,415.36,0.96,134.5,3,6,3,2,0.211,0.639,4.5,3.0,3.77,True,False,False,False,True,True,False,False,False,False
GLUE1802,Nc1nc(S(=O)(=O)Nc2cccc3c2C(=O)N(C2CCC(=O)NC2=O)C3)c(F)cc1F,KYPOKMVFBYNBLC-UHFFFAOYSA-N,sulfonamide,*c1nc(N)c(F)cc1F,451.41,0.5,151.6,3,7,4,2,0.222,0.573,4.5,3.0,3.51,False,False,False,False,True,True,False,False,False,False
GLUE1803,Nc1nc(CC(=O)Nc2cccc3c2C(=O)N(C2CCC(=O)NC2=O)C3)c(F)cc1F,ZYIYOBUDNRNJHD-UHFFFAOYSA-N,acetamide,*c1nc(N)c(F)cc1F,429.38,0.88,134.5,3,6,4,2,0.25,0.618,4.5,3.0,3.67,True,False,False,False,True,True,False,False,False,False
GLUE1804,Nc1nc(NC(=O)Nc2cccc3c2C(=O)N(C2CCC(=O)NC2=O)C3)c(F)cc1F,APLXLVGNQCFOJF-UHFFFAOYSA-N,urea,*c1nc(N)c(F)cc1F,430.37,1.35,146.5,4,6,3,2,0.211,0.541,4.5,2.5,3.5,True,False,False,False,True,True,False,False,False,False
GLUE1805,Nc1nc(OC(=O)Nc2cccc3c2C(=O)N(C2CCC(=O)NC2=O)C3)c(F)cc1F,WKLICFVJKACBCL-UHFFFAOYSA-N,carbamate,*c1nc(N)c(F)cc1F,431.36,1.31,143.7,3,7,3,2,0.211,0.622,4.5,3.0,3.66,True,False,False,False,True,True,False,False,False,False
GLUE1806,O=C1CCC(N2Cc3cccc(NC(=O)c4ccc(I)cc4)c3C2=O)C(=O)N1,PWKPIWBTLMVHAX-UHFFFAOYSA-N,amide,*c1ccc(I)cc1,489.27,2.3,95.6,2,4,3,2,0.2,0.511,5.0,3.5,4.39,False,True,False,False,True,True,True,True,False,False
GLUE1807,O=C1CCC(N2Cc3cccc(NS(=O)(=O)c4ccc(I)cc4)c3C2=O)C(=O)N1,OOXHHHRBYHGMIF-UHFFFAOYSA-N,sulfonamide,*c1ccc(I)cc1,525.32,1.85,112.7,2,5,4,2,0.211,0.468,5.0,3.0,3.74,False,False,False,False,True,True,True,False,False,False
GLUE1808,O=C1CCC(N2Cc3cccc(NC(=O)Cc4ccc(I)cc4)c3C2=O)C(=O)N1,IGWJELGZNZAXCT-UHFFFAOYSA-N,acetamide,*c1ccc(I)cc1,503.3,2.23,95.6,2,4,4,2,0.238,0.495,5.0,3.0,4.31,False,True,False,False,True,True,True,False,False,False
GLUE1809,O=C1CCC(N2Cc3cccc(NC(=O)Nc4ccc(I)cc4)c3C2=O)C(=O)N1,WTCYIAIFNDHVLD-UHFFFAOYSA-N,urea,*c1ccc(I)cc1,504.28,2.7,107.6,3,4,3,2,0.2,0.442,5.0,3.0,3.48,False,True,False,False,True,True,True,False,False,False
GLUE1810,O=C1CCC(N2Cc3cccc(NC(=O)Oc4ccc(I)cc4)c3C2=O)C(=O)N1,PVJHHKSYFLHPQV-UHFFFAOYSA-N,carbamate,*c1ccc(I)cc1,505.27,2.66,104.8,2,5,3,2,0.2,0.493,5.0,3.0,3.92,False,True,False,False,True,True,True,False,False,False
GLUE1811,CC(C)(C)CC(=O)C(=O)Nc1cccc2c1C(=O)N(C1CCC(=O)NC1=O)C2,LSFSNVRKUPKIJQ-UHFFFAOYSA-N,amide,*C(=O)CC(C)(C)C,385.42,1.39,112.7,2,5,4,1,0.45,0.601,5.0,3.5,4.56,True,False,False,False,True,True,True,True,False,False
GLUE1812,CC(C)(C)CC(=O)S(=O)(=O)Nc1cccc2c1C(=O)N(C1CCC(=O)NC1=O)C2,XXUOQHONNLBJLR-UHFFFAOYSA-N,sulfonamide,*C(=O)CC(C)(C)C,421.48,1.15,129.7,2,6,4,1,0.474,0.702,5.0,3.0,4.06,True,False,False,False,True,True,False,False,False,False
GLUE1813,CC(C)(C)CC(=O)CC(=O)Nc1cccc2c1C(=O)N(C1CCC(=O)NC1=O)C2,MMTHWOWIDITDAM-UHFFFAOYSA-N,acetamide,*C(=O)CC(C)(C)C,399.45,1.78,112.7,2,5,5,1,0.476,0.579,5.0,3.5,4.46,True,False,False,False,True,True,True,True,False,False
GLUE1814,CC(C)(C)CC(=O)NC(=O)Nc1cccc2c1C(=O)N(C1CCC(=O)NC1=O)C2,NRRKDSCTNOZEGU-UHFFFAOYSA-N,urea,*C(=O)CC(C)(C)C,400.44,1.53,124.7,3,5,3,1,0.45,0.664,5.0,3.0,3.88,True,False,False,False,True,True,False,False,False,False
GLUE1815,CC(C)(C)CC(=O)OC(=O)Nc1cccc2c1C(=O)N(C1CCC(=O)NC1=O)C2,LRTBZJXXLKJYJQ-UHFFFAOYSA-N,carbamate,*C(=O)CC(C)(C)C,401.42,1.96,121.9,2,6,3,1,0.45,0.454,5.0,3.0,4.2,True,False,False,False,True,True,False,False,False,False
GLUE1816,CCS(=O)(=O)C(=O)Nc1cccc2c1C(=O)N(C1CCC(=O)NC1=O)C2,HXBLFFVCIZIUML-UHFFFAOYSA-N,amide,*S(=O)(=O)CC,379.39,0.41,129.7,2,6,3,1,0.375,0.732,5.0,3.0,4.36,True,False,False,False,True,True,False,False,False,False
GLUE1817,CCS(=O)(=O)S(=O)(=O)Nc1cccc2c1C(=O)N(C1CCC(=O)NC1=O)C2,ZWCAAURWLJVLRL-UHFFFAOYSA-N,sulfonamide,*S(=O)(=O)CC,415.45,-0.46,146.8,2,7,5,1,0.4,0.488,5.0,3.0,4.1,True,False,False,False,True,True,False,False,False,False
GLUE1818,CCS(=O)(=O)CC(=O)Nc1cccc2c1C(=O)N(C1CCC(=O)NC1=O)C2,QREWLYWSPRCGSM-UHFFFAOYSA-N,acetamide,*S(=O)(=O)CC,393.42,-0.18,129.7,2,6,5,1,0.412,0.668,5.0,3.0,4.26,True,False,False,False,True,True,False,False,False,False
GLUE1819,CCS(=O)(=O)NC(=O)Nc1cccc2c1C(=O)N(C1CCC(=O)NC1=O)C2,WGFMYFRQLVZNIA-UHFFFAOYSA-N,urea,*S(=O)(=O)CC,394.41,-0.08,141.8,3,6,4,1,0.375,0.61,5.0,3.0,3.92,True,False,False,False,True,True,False,False,False,False
GLUE1820,CCS(=O)(=O)OC(=O)Nc1cccc2c1C(=O)N(C1CCC(=O)NC1=O)C2,WGDOBQRPFDEUJM-UHFFFAOYSA-N,carbamate,*S(=O)(=O)CC,395.39,0.35,138.9,2,7,4,1,0.375,0.554,5.0,3.0,4.25,True,False,False,False,True,True,False,False,False,False
GLUE1821,N[C@]1(C(=O)Nc2cccc3c2C(=O)N(C2CCC(=O)NC2=O)C3)C[C@@H](F)C1,HSJQSKFZMHPIFN-NFGWJOICSA-N,amide,*[C@]1(N)C[C@H](F)C1,374.37,0.22,121.6,3,5,3,1,0.444,0.653,9.0,3.0,3.56,True,False,False,False,True,True,False,False,False,False
GLUE1822,N[C@]1(S(=O)(=O)Nc2cccc3c2C(=O)N(C2CCC(=O)NC2=O)C3)C[C@@H](F)C1,OTTJNVOTGFZYGF-JZANNNNFSA-N,sulfonamide,*[C@]1(N)C[C@H](F)C1,410.43,-0.02,138.7,3,6,4,1,0.471,0.596,9.0,3.0,3.31,True,False,False,False,True,True,False,False,False,False
GLUE1823,N[C@]1(CC(=O)Nc2cccc3c2C(=O)N(C2CCC(=O)NC2=O)C3)C[C@@H](F)C1,MJLTTWLJABDHIQ-VMKODADJSA-N,acetamide,*[C@]1(N)C[C@H](F)C1,388.4,0.61,121.6,3,5,4,1,0.474,0.653,9.0,3.0,3.46,True,False,False,False,True,True,False,False,False,False
GLUE1824,N[C@]1(NC(=O)Nc2cccc3c2C(=O)N(C2CCC(=O)NC2=O)C3)C[C@@H](F)C1,KUNOIXLSIYBAHB-OLKVYJOASA-N,urea,*[C@]1(N)C[C@H](F)C1,389.39,0.36,133.6,4,5,3,1,0.444,0.437,9.0,2.5,3.29,True,False,False,False,True,True,False,False,False,False
GLUE1825,N[C@]1(OC(=O)Nc2cccc3c2C(=O)N(C2CCC(=O)NC2=O)C3)C[C@@H](F)C1,RMVCAXOXADPDDK-OLKVYJOASA-N,carbamate,*[C@]1(N)C[C@H](F)C1,390.37,0.78,130.8,3,6,3,1,0.444,0.516,9.0,3.0,3.45,True,False,False,False,True,True,False,False,False,False
GLUE1826,O=C1CCC(N2Cc3cccc(NC(=O)C(=O)[C@@H]4CCc5nccc(=O)n54)c3C2=O)C(=O)N1,KCPNHPVJKFKNSW-LSLKUGRBSA-N,amide,*C(=O)[C@@H]1CCc2nccc(=O)n21,449.42,-0.3,147.5,2,7,4,2,0.318,0.481,5.0,3.0,3.86,True,False,False,False,True,True,False,False,False,False
GLUE1827,O=C1CCC(N2Cc3cccc(NS(=O)(=O)C(=O)[C@@H]4CCc5nccc(=O)n54)c3C2=O)C(=O)N1,FOVDTFYVAXZUDY-KZUDCZAMSA-N,sulfonamide,*C(=O)[C@@H]1CCc2nccc(=O)n21,485.48,-0.54,164.6,2,8,4,2,0.333,0.545,5.0,3.0,3.6,False,False,False,False,True,True,False,False,False,False
GLUE1828,O=C1CCC(N2Cc3cccc(NC(=O)CC(=O)[C@@H]4CCc5nccc(=O)n54)c3C2=O)C(=O)N1,IOOHDRHNYFOEJC-MLCCFXAWSA-N,acetamide,*C(=O)[C@@H]1CCc2nccc(=O)n21,463.45,0.09,147.5,2,7,5,2,0.348,0.472,5.0,3.0,3.76,False,False,False,False,True,True,False,False,False,False
GLUE1829,O=C1CCC(N2Cc3cccc(NC(=O)NC(=O)[C@@H]4CCc5nccc(=O)n54)c3C2=O)C(=O)N1,ALCGTZFCDWCLNS-KZUDCZAMSA-N,urea,*C(=O)[C@@H]1CCc2nccc(=O)n21,464.44,-0.16,159.6,3,7,3,2,0.318,0.532,5.0,3.0,3.42,False,False,False,False,True,True,False,False,False,False
GLUE1830,O=C1CCC(N2Cc3cccc(NC(=O)OC(=O)[C@@H]4CCc5nccc(=O)n54)c3C2=O)C(=O)N1,ZKZDZMIBZYSAGD-KZUDCZAMSA-N,carbamate,*C(=O)[C@@H]1CCc2nccc(=O)n21,465.42,0.27,156.8,2,8,3,2,0.318,0.371,5.0,3.0,3.75,False,False,False,False,True,True,False,False,False,False
GLUE1831,O=C1CCC(N2Cc3cccc(NC(=O)[C@@H]4CC[C@@H]5CN4C(=O)N5OS(=O)(=O)[O-])c3C2=O)C(=O)N1,XZFPXGXOSJCGSX-VFXSIBAZSA-M,amide,*[C@@H]1CC[C@@H]2CN1C(=O)N2OS(=O)(=O)[O-],506.47,-0.95,185.6,2,9,5,1,0.45,0.288,5.0,2.5,3.5,False,False,False,False,True,True,False,False,False,False
GLUE1832,O=C1CCC(N2Cc3cccc(NS(=O)(=O)[C@@H]4CC[C@@H]5CN4C(=O)N5OS(=O)(=O)[O-])c3C2=O)C(=O)N1,DXKLBAKUJUUEGM-IMORHIPNSA-M,sulfonamide,*[C@@H]1CC[C@@H]2CN1C(=O)N2OS(=O)(=O)[O-],542.53,-1.19,202.6,2,10,6,1,0.474,0.25,5.0,2.5,3.5,False,False,False,False,True,True,False,False,False,False
GLUE1833,O=C1CCC(N2Cc3cccc(NC(=O)C[C@@H]4CC[C@@H]5CN4C(=O)N5OS(=O)(=O)[O-])c3C2=O)C(=O)N1,PKNZRFVGJYZYSN-IKCIUXDWSA-M,acetamide,*[C@@H]1CC[C@@H]2CN1C(=O)N2OS(=O)(=O)[O-],520.5,-0.56,185.6,2,9,6,1,0.476,0.282,5.0,2.5,3.5,False,False,False,False,True,True,False,False,False,False
GLUE1834,O=C1CCC(N2Cc3cccc(NC(=O)N[C@@H]4CC[C@@H]5CN4C(=O)N5OS(=O)(=O)[O-])c3C2=O)C(=O)N1,FJUGQRAAILPULX-VFXSIBAZSA-M,urea,*[C@@H]1CC[C@@H]2CN1C(=O)N2OS(=O)(=O)[O-],521.49,-0.81,197.6,3,9,5,1,0.45,0.252,5.0,2.5,3.17,False,False,False,False,True,True,False,False,False,False
GLUE1835,O=C1CCC(N2Cc3cccc(NC(=O)O[C@@H]4CC[C@@H]5CN4C(=O)N5OS(=O)(=O)[O-])c3C2=O)C(=O)N1,JHROXRBETMNNLC-IMORHIPNSA-M,carbamate,*[C@@H]1CC[C@@H]2CN1C(=O)N2OS(=O)(=O)[O-],522.47,-0.39,194.8,2,10,5,1,0.45,0.292,5.0,2.5,3.5,False,False,False,False,True,True,False,False,False,False
GLUE1836,CC(CCC(=O)[O-])C(=O)Nc1cccc2c1C(=O)N(C1CCC(=O)NC1=O)C2,NJOLMVYCMBFSGV-UHFFFAOYSA-M,amide,*C(C)CCC(=O)[O-],386.38,-0.45,135.7,2,6,6,1,0.421,0.636,5.0,3.0,4.31,True,False,False,False,True,True,False,False,False,False
GLUE1837,CC(CCC(=O)[O-])S(=O)(=O)Nc1cccc2c1C(=O)N(C1CCC(=O)NC1=O)C2,AXXVIATZQJNUOM-UHFFFAOYSA-M,sulfonamide,*C(C)CCC(=O)[O-],422.44,-0.89,152.8,2,7,7,1,0.444,0.54,5.0,3.0,4.05,True,False,False,False,True,True,False,False,False,False
GLUE1838,CC(CCC(=O)[O-])CC(=O)Nc1cccc2c1C(=O)N(C1CCC(=O)NC1=O)C2,KCEBUXPNGLBSSC-UHFFFAOYSA-M,acetamide,*C(C)CCC(=O)[O-],400.41,-0.06,135.7,2,6,7,1,0.45,0.616,5.0,3.0,4.21,True,False,False,False,True,True,False,False,False,False
GLUE1839,CC(CCC(=O)[O-])NC(=O)Nc1cccc2c1C(=O)N(C1CCC(=O)NC1=O)C2,PGDGVVUKGFDCHN-UHFFFAOYSA-M,urea,*C(C)CCC(=O)[O-],401.4,-0.51,147.7,3,6,6,1,0.421,0.547,5.0,3.0,3.87,True,False,False,False,True,True,False,False,False,False
GLUE1840,CC(CCC(=O)[O-])OC(=O)Nc1cccc2c1C(=O)N(C1CCC(=O)NC1=O)C2,QKKMCDSAJTWPRR-UHFFFAOYSA-M,carbamate,*C(C)CCC(=O)[O-],402.38,-0.09,144.9,2,7,6,1,0.421,0.633,5.0,3.0,4.2,True,False,False,False,True,True,False,False,False,False
GLUE1841,CC(NN)C(=O)Nc1cccc2c1C(=O)N(C1CCC(=O)NC1=O)C2,NFAFYCGYASSDRO-UHFFFAOYSA-N,amide,*C(C)NN,345.36,-0.76,133.6,4,6,4,1,0.375,0.322,9.0,3.0,3.5,True,False,False,False,True,True,False,False,False,False
GLUE1842,CC(NN)S(=O)(=O)Nc1cccc2c1C(=O)N(C1CCC(=O)NC1=O)C2,YGHHECPETOEMMZ-UHFFFAOYSA-N,sulfonamide,*C(C)NN,381.41,-1.0,150.7,4,7,5,1,0.4,0.29,9.0,2.5,3.35,True,False,False,False,True,True,False,False,False,False
GLUE1843,CC(CC(=O)Nc1cccc2c1C(=O)N(C1CCC(=O)NC1=O)C2)NN,SPTPHDVUFIVFIZ-UHFFFAOYSA-N,acetamide,*C(C)NN,359.39,-0.37,133.6,4,6,5,1,0.412,0.322,9.0,3.0,3.5,True,False,False,False,True,True,False,False,False,False
GLUE1844,CC(NN)NC(=O)Nc1cccc2c1C(=O)N(C1CCC(=O)NC1=O)C2,BYNNDSCCYYHPJT-UHFFFAOYSA-N,urea,*C(C)NN,360.37,-0.62,145.7,5,6,4,1,0.375,0.209,9.0,2.5,3.5,True,False,False,False,True,True,False,False,False,False
GLUE1845,CC(NN)OC(=O)Nc1cccc2c1C(=O)N(C1CCC(=O)NC1=O)C2,JRKLACJDEIZTAZ-UHFFFAOYSA-N,carbamate,*C(C)NN,361.36,-0.19,142.9,4,7,4,1,0.375,0.252,9.0,2.5,3.49,True,False,False,False,True,True,False,False,False,False
GLUE1846,O=C1CCC(N2Cc3cccc(NC(=O)C4(C5=CCCCC5)C(=O)[N-]C(=O)NC4=O)c3C2=O)C(=O)N1,NZTXTPJAPKPILS-UHFFFAOYSA-M,amide,*C1(C2=CCCCC2)C(=O)[N-]C(=O)NC1=O,492.47,1.02,172.9,3,7,4,1,0.375,0.32,5.0,3.0,3.22,False,False,False,False,True,True,False,False,False,False
GLUE1847,O=C1CCC(N2Cc3cccc(NS(=O)(=O)C4(C5=CCCCC5)C(=O)[N-]C(=O)NC4=O)c3C2=O)C(=O)N1,BYKYDQUMSUVJEO-UHFFFAOYSA-M,sulfonamide,*C1(C2=CCCCC2)C(=O)[N-]C(=O)NC1=O,528.52,0.58,190.0,3,8,5,1,0.391,0.281,5.0,2.5,3.17,False,False,False,False,True,True,False,False,False,False
GLUE1848,O=C1CCC(N2Cc3cccc(NC(=O)CC4(C5=CCCCC5)C(=O)[N-]C(=O)NC4=O)c3C2=O)C(=O)N1,DKXRMGBJPZTZAB-UHFFFAOYSA-M,acetamide,*C1(C2=CCCCC2)C(=O)[N-]C(=O)NC1=O,506.5,1.41,172.9,3,7,5,1,0.4,0.308,5.0,2.5,3.17,False,False,False,False,True,True,False,False,False,False
GLUE1849,O=C1CCC(N2Cc3cccc(NC(=O)NC4(C5=CCCCC5)C(=O)[N-]C(=O)NC4=O)c3C2=O)C(=O)N1,QBDHUMLNPPGGTA-UHFFFAOYSA-M,urea,*C1(C2=CCCCC2)C(=O)[N-]C(=O)NC1=O,507.48,0.96,184.9,4,7,4,1,0.375,0.265,5.0,2.0,3.0,False,False,False,False,True,True,False,False,False,False
GLUE1850,O=C1CCC(N2Cc3cccc(NC(=O)OC4(C5=CCCCC5)C(=O)[N-]C(=O)NC4=O)c3C2=O)C(=O)N1,MWQJGWBFZNBLCK-UHFFFAOYSA-M,carbamate,*C1(C2=CCCCC2)C(=O)[N-]C(=O)NC1=O,508.47,1.39,182.1,3,8,4,1,0.375,0.31,5.0,2.5,3.17,False,False,False,False,True,True,False,False,False,False
GLUE1851,CC(CS(=O)(=O)Nc1cccc2c1C(=O)N(C1CCC(=O)NC1=O)C2)NN,JIMQIJCGEVEPQK-UHFFFAOYSA-N,sulfonamide,*CC(C)NN,395.44,-0.96,150.7,4,7,6,1,0.438,0.275,9.0,2.5,3.25,True,False,False,False,True,True,False,False,False,False
GLUE1852,CC(CCC(=O)Nc1cccc2c1C(=O)N(C1CCC(=O)NC1=O)C2)NN,RWQWWYJWYYESSR-UHFFFAOYSA-N,acetamide,*CC(C)NN,373.41,0.02,133.6,4,6,6,1,0.444,0.315,9.0,2.5,3.4,True,False,False,False,True,True,False,False,False,False
GLUE1853,CC(CNC(=O)Nc1cccc2c1C(=O)N(C1CCC(=O)NC1=O)C2)NN,KQXLRKFVKOOMAC-UHFFFAOYSA-N,urea,*CC(C)NN,374.4,-0.58,145.7,5,6,5,1,0.412,0.265,9.0,2.5,3.4,True,False,False,False,True,True,False,False,False,False
GLUE1854,CC(COC(=O)Nc1cccc2c1C(=O)N(C1CCC(=O)NC1=O)C2)NN,CUGGIIYWXXQXQM-UHFFFAOYSA-N,carbamate,*CC(C)NN,375.39,-0.15,142.9,4,7,5,1,0.412,0.318,9.0,2.5,3.39,True,False,False,False,True,True,False,False,False,False
GLUE1855,CC(I)C(=O)Nc1cccc2c1C(=O)N(C1CCC(=O)NC1=O)C2,IVWMMBRCQCEIMT-UHFFFAOYSA-N,amide,*C(C)I,441.23,1.21,95.6,2,4,3,1,0.375,0.419,5.0,3.5,4.73,True,False,False,False,True,True,True,True,False,False
GLUE1856,CC(I)S(=O)(=O)Nc1cccc2c1C(=O)N(C1CCC(=O)NC1=O)C2,BQWIKLPUBSTFFR-UHFFFAOYSA-N,sulfonamide,*C(C)I,477.28,0.97,112.7,2,5,4,1,0.4,0.382,5.0,3.5,3.91,False,False,False,False,True,True,True,True,False,False
GLUE1857,CC(I)CC(=O)Nc1cccc2c1C(=O)N(C1CCC(=O)NC1=O)C2,GDJPHAJLHXSHSN-UHFFFAOYSA-N,acetamide,*C(C)I,455.25,1.6,95.6,2,4,4,1,0.412,0.41,5.0,3.5,4.63,False,False,False,False,True,True,True,True,False,False
GLUE1858,CC(I)NC(=O)Nc1cccc2c1C(=O)N(C1CCC(=O)NC1=O)C2,DSPONSOMMOBJFW-UHFFFAOYSA-N,urea,*C(C)I,456.24,1.35,107.6,3,4,3,1,0.375,0.276,5.0,3.5,3.89,False,False,False,False,True,True,True,True,False,False
GLUE1859,CC(I)OC(=O)Nc1cccc2c1C(=O)N(C1CCC(=O)NC1=O)C2,RDYSLBVFOCPZSJ-UHFFFAOYSA-N,carbamate,*C(C)I,457.22,1.78,104.8,2,5,3,1,0.375,0.409,5.0,3.5,4.31,False,False,False,False,True,True,True,True,False,False
GLUE1860,CS(=O)(=O)n1cc2c(n1)CN(C(=O)Nc1cccc3c1C(=O)N(C1CCC(=O)NC1=O)C3)C2,YXSRAQXNEUPELF-UHFFFAOYSA-N,amide,*N1Cc2cn(S(C)(=O)=O)nc2C1,472.48,-0.0,150.8,2,7,3,2,0.35,0.597,5.0,3.0,3.7,False,False,False,False,True,True,False,False,False,False
GLUE1861,CS(=O)(=O)n1cc2c(n1)CN(S(=O)(=O)Nc1cccc3c1C(=O)N(C1CCC(=O)NC1=O)C3)C2,YNKNNJGFCXQTSC-UHFFFAOYSA-N,sulfonamide,*N1Cc2cn(S(C)(=O)=O)nc2C1,508.54,-0.88,167.8,2,8,5,2,0.368,0.491,5.0,2.5,3.5,False,False,False,False,True,True,False,False,False,False
GLUE1862,CS(=O)(=O)n1cc2c(n1)CN(CC(=O)Nc1cccc3c1C(=O)N(C1CCC(=O)NC1=O)C3)C2,ORBVZHYUVJKEMA-UHFFFAOYSA-N,acetamide,*N1Cc2cn(S(C)(=O)=O)nc2C1,486.51,-0.59,150.8,2,8,5,2,0.381,0.532,9.5,3.0,2.85,False,False,False,False,True,True,False,False,False,False
GLUE1863,CS(=O)(=O)n1cc2c(n1)CN(NC(=O)Nc1cccc3c1C(=O)N(C1CCC(=O)NC1=O)C3)C2,YGBPCFIYBQXQKS-UHFFFAOYSA-N,urea,*N1Cc2cn(S(C)(=O)=O)nc2C1,487.5,-0.5,162.8,3,8,4,2,0.35,0.486,9.5,3.0,2.51,False,False,False,False,True,True,False,False,False,False
GLUE1864,CS(=O)(=O)n1cc2c(n1)CN(OC(=O)Nc1cccc3c1C(=O)N(C1CCC(=O)NC1=O)C3)C2,PUXYBZDMXQQNPF-UHFFFAOYSA-N,carbamate,*N1Cc2cn(S(C)(=O)=O)nc2C1,488.48,-0.07,160.0,2,9,4,2,0.35,0.562,9.5,3.0,2.83,False,False,False,False,True,True,False,False,False,False
GLUE1865,Cc1cc2ncc(C(=O)Nc3cccc4c3C(=O)N(C3CCC(=O)NC3=O)C4)cn2n1,HVHDNNLCZQZYCR-UHFFFAOYSA-N,amide,*c1cnc2cc(C)nn2c1,418.41,1.05,125.8,2,6,3,3,0.238,0.613,5.0,3.0,4.08,True,False,False,False,True,True,False,False,False,False
GLUE1866,Cc1cc2ncc(S(=O)(=O)Nc3cccc4c3C(=O)N(C3CCC(=O)NC3=O)C4)cn2n1,JIHMPMIXLNKYSB-UHFFFAOYSA-N,sulfonamide,*c1cnc2cc(C)nn2c1,454.47,0.6,142.8,2,7,4,3,0.25,0.55,5.0,3.0,3.83,False,False,False,False,True,True,False,False,False,False
GLUE1867,Cc1cc2ncc(CC(=O)Nc3cccc4c3C(=O)N(C3CCC(=O)NC3=O)C4)cn2n1,WWBJEJVLCNGSMS-UHFFFAOYSA-N,acetamide,*c1cnc2cc(C)nn2c1,432.44,0.98,125.8,2,6,4,3,0.273,0.592,5.0,3.0,3.98,True,False,False,False,True,True,False,False,False,False
GLUE1868,Cc1cc2ncc(NC(=O)Nc3cccc4c3C(=O)N(C3CCC(=O)NC3=O)C4)cn2n1,CFFKGJMOMVRLQJ-UHFFFAOYSA-N,urea,*c1cnc2cc(C)nn2c1,433.43,1.44,137.8,3,6,3,3,0.238,0.535,5.0,3.0,3.64,True,False,False,False,True,True,False,False,False,False
GLUE1869,Cc1cc2ncc(OC(=O)Nc3cccc4c3C(=O)N(C3CCC(=O)NC3=O)C4)cn2n1,RGUPWVGTJGZQME-UHFFFAOYSA-N,carbamate,*c1cnc2cc(C)nn2c1,434.41,1.41,135.0,2,7,3,3,0.238,0.595,5.0,3.0,3.97,True,False,False,False,True,True,False,False,False,False
GLUE1870,CN(N=O)C(=O)C(=O)Nc1cccc2c1C(=O)N(C1CCC(=O)NC1=O)C2,AJJWYOVNUREXCF-UHFFFAOYSA-N,amide,*C(=O)N(C)N=O,373.33,-0.47,145.3,2,7,3,1,0.312,0.317,5.0,3.0,4.4,True,False,False,False,True,True,False,False,False,False
GLUE1871,CN(N=O)C(=O)S(=O)(=O)Nc1cccc2c1C(=O)N(C1CCC(=O)NC1=O)C2,YWGKRQGSALOEHE-UHFFFAOYSA-N,sulfonamide,*C(=O)N(C)N=O,409.38,-0.08,162.4,2,8,4,1,0.333,0.399,5.0,3.0,4.15,True,False,False,False,True,True,False,False,False,False
GLUE1872,CN(N=O)C(=O)CC(=O)Nc1cccc2c1C(=O)N(C1CCC(=O)NC1=O)C2,RLBPNCWOVMYSMA-UHFFFAOYSA-N,acetamide,*C(=O)N(C)N=O,387.35,-0.08,145.3,2,7,5,1,0.353,0.313,5.0,3.0,4.3,True,False,False,False,True,True,False,False,False,False
GLUE1873,CN(N=O)C(=O)NC(=O)Nc1cccc2c1C(=O)N(C1CCC(=O)NC1=O)C2,GIBQCKDDVVQQAT-UHFFFAOYSA-N,urea,*C(=O)N(C)N=O,388.34,0.3,157.3,3,7,3,1,0.312,0.384,5.0,3.0,3.96,True,False,False,False,True,True,False,False,False,False
GLUE1874,CN(N=O)C(=O)OC(=O)Nc1cccc2c1C(=O)N(C1CCC(=O)NC1=O)C2,AGMNNCONZLCNDT-UHFFFAOYSA-N,carbamate,*C(=O)N(C)N=O,389.32,0.73,154.5,2,8,3,1,0.312,0.334,5.0,3.0,4.29,True,False,False,False,True,True,False,False,False,False
GLUE1875,C/C(=N\O)c1ccc(C(=O)Nc2cccc3c2C(=O)N(C2CCC(=O)NC2=O)C3)cc1,SDYHZLZRGJDZTL-BRJLIKDPSA-N,amide,*c1ccc(/C(C)=N/O)cc1,420.43,1.9,128.2,3,6,4,2,0.227,0.301,5.0,3.0,3.74,True,False,False,False,True,True,False,False,False,False
GLUE1876,C/C(=N\O)c1ccc(S(=O)(=O)Nc2cccc3c2C(=O)N(C2CCC(=O)NC2=O)C3)cc1,NUBFXPPCZWWZIY-FSJBWODESA-N,sulfonamide,*c1ccc(/C(C)=N/O)cc1,456.48,1.45,145.2,3,7,5,2,0.238,0.269,5.0,3.0,3.48,False,False,False,False,True,True,False,False,False,False
GLUE1877,C/C(=N\O)c1ccc(CC(=O)Nc2cccc3c2C(=O)N(C2CCC(=O)NC2=O)C3)cc1,GGQWROFRQLMEEF-LGJNPRDNSA-N,acetamide,*c1ccc(/C(C)=N/O)cc1,434.45,1.83,128.2,3,6,5,2,0.261,0.286,5.0,3.0,3.63,True,False,False,False,True,True,False,False,False,False
GLUE1878,C/C(=N\O)c1ccc(NC(=O)Nc2cccc3c2C(=O)N(C2CCC(=O)NC2=O)C3)cc1,QYZOIIFHKMRVGI-RPPGKUMJSA-N,urea,*c1ccc(/C(C)=N/O)cc1,435.44,2.29,140.2,4,6,4,2,0.227,0.252,5.0,2.5,3.46,True,True,False,False,True,True,False,False,False,False
GLUE1879,C/C(=N\O)c1ccc(OC(=O)Nc2cccc3c2C(=O)N(C2CCC(=O)NC2=O)C3)cc1,FLQFHRICTDDKMI-BRJLIKDPSA-N,carbamate,*c1ccc(/C(C)=N/O)cc1,436.42,2.26,137.4,3,7,4,2,0.227,0.291,5.0,3.0,3.62,True,True,False,False,True,True,False,False,False,False
GLUE1880,O=C1CCC(N2Cc3cccc(NC(=O)C[S+]([O-])c4nc5ccccc5[n-]4)c3C2=O)C(=O)N1,QTAKYOMBVKHBMH-UHFFFAOYSA-M,amide,*C[S+]([O-])c1nc2ccccc2[n-]1,464.48,0.7,145.6,2,6,5,3,0.227,0.417,5.0,3.0,3.75,False,False,False,False,True,True,False,False,False,False
GLUE1881,O=C1CCC(N2Cc3cccc(NS(=O)(=O)C[S+]([O-])c4nc5ccccc5[n-]4)c3C2=O)C(=O)N1,FFFGFHWBBSOLIL-UHFFFAOYSA-M,sulfonamide,*C[S+]([O-])c1nc2ccccc2[n-]1,500.54,0.46,162.7,2,7,6,3,0.238,0.364,5.0,2.5,3.5,False,False,False,False,True,True,False,False,False,False
GLUE1882,O=C1CCC(N2Cc3cccc(NC(=O)CC[S+]([O-])c4nc5ccccc5[n-]4)c3C2=O)C(=O)N1,IJRKEVVPKKRRTI-UHFFFAOYSA-M,acetamide,*C[S+]([O-])c1nc2ccccc2[n-]1,478.51,1.09,145.6,2,6,6,3,0.261,0.398,5.0,3.0,3.65,False,False,False,False,True,True,False,False,False,False
GLUE1883,O=C1CCC(N2Cc3cccc(NC(=O)NC[S+]([O-])c4nc5ccccc5[n-]4)c3C2=O)C(=O)N1,GLCANEHOKZRRHZ-UHFFFAOYSA-M,urea,*C[S+]([O-])c1nc2ccccc2[n-]1,479.5,0.84,157.7,3,6,5,3,0.227,0.361,5.0,3.0,3.31,False,False,False,False,True,True,False,False,False,False
GLUE1884,O=C1CCC(N2Cc3cccc(NC(=O)OC[S+]([O-])c4nc5ccccc5[n-]4)c3C2=O)C(=O)N1,NHROPNRGVKXJLS-UHFFFAOYSA-M,carbamate,*C[S+]([O-])c1nc2ccccc2[n-]1,480.48,1.27,154.9,2,7,5,3,0.227,0.409,5.0,3.0,3.64,False,False,False,False,True,True,False,False,False,False
GLUE1885,O=C1CCC(N2Cc3cccc(NC(=O)OCOP(=O)([O-])[O-])c3C2=O)C(=O)N1,MGXUZMYKDAATPG-UHFFFAOYSA-L,amide,*OCOP(=O)([O-])[O-],411.26,-1.2,177.2,2,9,5,1,0.333,0.342,5.0,3.0,4.13,True,False,False,False,True,True,False,False,False,False
GLUE1886,O=C1CCC(N2Cc3cccc(NS(=O)(=O)OCOP(=O)([O-])[O-])c3C2=O)C(=O)N1,LKTQOLNMMLGRQA-UHFFFAOYSA-L,sulfonamide,*OCOP(=O)([O-])[O-],447.32,-2.08,194.3,2,10,7,1,0.357,0.266,5.0,3.0,3.88,True,False,False,False,True,True,False,False,False,False
GLUE1887,O=C1CCC(N2Cc3cccc(NC(=O)COCOP(=O)([O-])[O-])c3C2=O)C(=O)N1,JXBYADTYWOJDQJ-UHFFFAOYSA-L,acetamide,*OCOP(=O)([O-])[O-],425.29,-1.79,177.2,2,9,7,1,0.375,0.221,5.0,3.0,4.03,True,False,False,False,True,True,False,False,False,False
GLUE1888,O=C1CCC(N2Cc3cccc(NC(=O)NOCOP(=O)([O-])[O-])c3C2=O)C(=O)N1,FPOMBUGNZVJAOZ-UHFFFAOYSA-L,urea,*OCOP(=O)([O-])[O-],426.28,-1.7,189.3,3,9,6,1,0.333,0.157,5.0,3.0,3.69,True,False,False,False,True,True,False,False,False,False
GLUE1889,O=C1CCC(N2Cc3cccc(NC(=O)OOCOP(=O)([O-])[O-])c3C2=O)C(=O)N1,FXYCFOUBPQFCMB-UHFFFAOYSA-L,carbamate,*OCOP(=O)([O-])[O-],427.26,-1.27,186.5,2,10,6,1,0.333,0.138,5.0,3.0,4.02,True,False,False,False,True,True,False,False,False,False
GLUE1890,O=C1CCC(N2Cc3cccc(NC(=O)[C@H]4OC(O)[C@H]([18F])[C@@H](O)[C@@H]4O)c3C2=O)C(=O)N1,SNMWVQDTRINRPF-GYEYVKPBSA-N,amide,*[C@H]1OC(O)[C@H]([18F])[C@@H](O)[C@@H]1O,436.38,-1.84,165.5,5,8,3,1,0.474,0.345,5.0,2.5,3.45,True,False,False,False,True,True,False,False,False,False
GLUE1891,O=C1CCC(N2Cc3cccc(NS(=O)(=O)[C@H]4OC(O)[C@H]([18F])[C@@H](O)[C@@H]4O)c3C2=O)C(=O)N1,DRWWMAGICGOJGT-LKAWXUQWSA-N,sulfonamide,*[C@H]1OC(O)[C@H]([18F])[C@@H](O)[C@@H]1O,472.44,-2.08,182.6,5,9,4,1,0.5,0.307,5.0,2.5,3.2,False,False,False,False,True,True,False,False,False,False
GLUE1892,O=C1CCC(N2Cc3cccc(NC(=O)C[C@H]4OC(O)[C@H]([18F])[C@@H](O)[C@@H]4O)c3C2=O)C(=O)N1,NDBZJTBZBKDKPS-DTMYYFHPSA-N,acetamide,*[C@H]1OC(O)[C@H]([18F])[C@@H](O)[C@@H]1O,450.41,-1.45,165.5,5,8,4,1,0.5,0.348,5.0,2.5,3.35,False,False,False,False,True,True,False,False,False,False
GLUE1893,O=C1CCC(N2Cc3cccc(NC(=O)N[C@H]4OC(O)[C@H]([18F])[C@@H](O)[C@@H]4O)c3C2=O)C(=O)N1,HZKILVZZGWUROV-URVPNSIXSA-N,urea,*[C@H]1OC(O)[C@H]([18F])[C@@H](O)[C@@H]1O,451.4,-1.7,177.5,6,8,3,1,0.474,0.295,5.0,2.5,3.35,False,False,False,False,True,True,False,False,False,False
GLUE1894,O=C1CCC(N2Cc3cccc(NC(=O)O[C@H]4OC(O)[C@H]([18F])[C@@H](O)[C@@H]4O)c3C2=O)C(=O)N1,SAONYNGNKBVOMC-VYYYWYOESA-N,carbamate,*[C@H]1OC(O)[C@H]([18F])[C@@H](O)[C@@H]1O,452.38,-1.27,174.7,5,9,3,1,0.474,0.35,5.0,2.5,3.34,False,False,False,False,True,True,False,False,False,False
GLUE1895,O=C1CCC(N2Cc3cccc(NC(=O)CCCS(=O)(=O)[O-])c3C2=O)C(=O)N1,SYWYOPCDXZTCDU-UHFFFAOYSA-M,amide,*CCCS(=O)(=O)[O-],408.41,-0.29,152.8,2,7,6,1,0.412,0.484,5.0,3.0,4.15,True,False,False,False,True,True,False,False,False,False
GLUE1896,O=C1CCC(N2Cc3cccc(NS(=O)(=O)CCCS(=O)(=O)[O-])c3C2=O)C(=O)N1,DNBXLSOLDCUHOA-UHFFFAOYSA-M,sulfonamide,*CCCS(=O)(=O)[O-],444.47,-0.88,169.8,2,8,7,1,0.438,0.403,5.0,3.0,3.9,True,False,False,False,True,True,False,False,False,False
GLUE1897,O=C1CCC(N2Cc3cccc(NC(=O)CCCCS(=O)(=O)[O-])c3C2=O)C(=O)N1,FVZDCSDUEKUYKY-UHFFFAOYSA-M,acetamide,*CCCS(=O)(=O)[O-],422.44,0.1,152.8,2,7,7,1,0.444,0.359,5.0,3.0,4.05,True,False,False,False,True,True,False,False,False,False
GLUE1898,O=C1CCC(N2Cc3cccc(NC(=O)NCCCS(=O)(=O)[O-])c3C2=O)C(=O)N1,DRXBYYWHMVCEIE-UHFFFAOYSA-M,urea,*CCCS(=O)(=O)[O-],423.43,-0.5,164.8,3,7,6,1,0.412,0.315,5.0,3.0,3.71,True,False,False,False,True,True,False,False,False,False
GLUE1899,O=C1CCC(N2Cc3cccc(NC(=O)OCCCS(=O)(=O)[O-])c3C2=O)C(=O)N1,AVLGBTHEWIXSPG-UHFFFAOYSA-M,carbamate,*CCCS(=O)(=O)[O-],424.41,-0.07,162.0,2,8,6,1,0.412,0.364,5.0,3.0,4.04,True,False,False,False,True,True,False,False,False,False
GLUE1900,O=C1CCC(N2Cc3cccc(NC(=O)[C@H]4OC(O)[C@H](F)[C@@H](O)[C@@H]4O)c3C2=O)C(=O)N1,SNMWVQDTRINRPF-AEIZSRKRSA-N,amide,*[C@H]1OC(O)[C@H](F)[C@@H](O)[C@@H]1O,437.38,-1.84,165.5,5,8,3,1,0.474,0.344,5.0,2.5,3.45,True,False,False,False,True,True,False,False,False,False
GLUE1901,O=C1CCC(N2Cc3cccc(NS(=O)(=O)[C@H]4OC(O)[C@H](F)[C@@H](O)[C@@H]4O)c3C2=O)C(=O)N1,DRWWMAGICGOJGT-LNUKTHCSSA-N,sulfonamide,*[C@H]1OC(O)[C@H](F)[C@@H](O)[C@@H]1O,473.44,-2.08,182.6,5,9,4,1,0.5,0.307,5.0,2.5,3.19,False,False,False,False,True,True,False,False,False,False
GLUE1902,O=C1CCC(N2Cc3cccc(NC(=O)C[C@H]4OC(O)[C@H](F)[C@@H](O)[C@@H]4O)c3C2=O)C(=O)N1,NDBZJTBZBKDKPS-YUAQXOECSA-N,acetamide,*[C@H]1OC(O)[C@H](F)[C@@H](O)[C@@H]1O,451.41,-1.45,165.5,5,8,4,1,0.5,0.347,5.0,2.5,3.35,False,False,False,False,True,True,False,False,False,False
GLUE1903,O=C1CCC(N2Cc3cccc(NC(=O)N[C@H]4OC(O)[C@H](F)[C@@H](O)[C@@H]4O)c3C2=O)C(=O)N1,HZKILVZZGWUROV-MBNGRMDWSA-N,urea,*[C@H]1OC(O)[C@H](F)[C@@H](O)[C@@H]1O,452.4,-1.7,177.5,6,8,3,1,0.474,0.294,5.0,2.5,3.34,False,False,False,False,True,True,False,False,False,False
GLUE1904,O=C1CCC(N2Cc3cccc(NC(=O)O[C@H]4OC(O)[C@H](F)[C@@H](O)[C@@H]4O)c3C2=O)C(=O)N1,SAONYNGNKBVOMC-LNUKTHCSSA-N,carbamate,*[C@H]1OC(O)[C@H](F)[C@@H](O)[C@@H]1O,453.38,-1.27,174.7,5,9,3,1,0.474,0.35,5.0,2.5,3.33,False,False,False,False,True,True,False,False,False,False
GLUE1905,C[N+](C)([11CH3])C(=O)Nc1cccc2c1C(=O)N(C1CCC(=O)NC1=O)C2,ALPVKAQWVCFAFP-BJUDXGSMSA-O,amide,*[N+](C)(C)[11CH3],344.38,0.69,95.6,2,4,2,1,0.412,0.609,5.0,4.0,5.31,True,False,False,True,True,True,True,True,False,False
GLUE1906,C[N+](C)([11CH3])S(=O)(=O)Nc1cccc2c1C(=O)N(C1CCC(=O)NC1=O)C2,RVUURZAETVYBHS-BJUDXGSMSA-O,sulfonamide,*[N+](C)(C)[11CH3],380.43,-0.19,112.7,2,5,4,1,0.438,0.555,5.0,3.5,4.6,True,False,False,False,True,True,True,True,False,False
GLUE1907,C[N+](C)([11CH3])CC(=O)Nc1cccc2c1C(=O)N(C1CCC(=O)NC1=O)C2,PRYSDMVPUNMADD-BJUDXGSMSA-O,acetamide,*[N+](C)(C)[11CH3],358.41,0.09,95.6,2,4,4,1,0.444,0.589,5.0,4.0,5.31,True,False,False,True,True,True,True,True,False,False
GLUE1908,C[N+](C)([11CH3])NC(=O)Nc1cccc2c1C(=O)N(C1CCC(=O)NC1=O)C2,XVEVZHFKBIZCPN-BJUDXGSMSA-O,urea,*[N+](C)(C)[11CH3],359.39,0.19,107.6,3,4,3,1,0.412,0.407,5.0,4.0,4.58,True,False,False,True,True,True,True,True,False,False
GLUE1909,C[N+](C)([11CH3])OC(=O)Nc1cccc2c1C(=O)N(C1CCC(=O)NC1=O)C2,UWBGSHLPLFQNCI-BJUDXGSMSA-O,carbamate,*[N+](C)(C)[11CH3],360.38,0.62,104.8,2,5,3,1,0.412,0.467,5.0,3.5,5.0,True,False,False,False,True,True,True,True,False,False
GLUE1910,Cn1nnc(C(=O)Nc2cccc3c2C(=O)N(C2CCC(=O)NC2=O)C3)n1,LELXNVSPFZSGTI-UHFFFAOYSA-N,amide,*c1nnn(C)n1,369.34,-0.78,139.2,2,7,3,2,0.312,0.677,5.0,3.0,4.43,True,False,False,False,True,True,False,False,False,False
GLUE1911,Cn1nnc(S(=O)(=O)Nc2cccc3c2C(=O)N(C2CCC(=O)NC2=O)C3)n1,PXXALTIUYCAXBQ-UHFFFAOYSA-N,sulfonamide,*c1nnn(C)n1,405.4,-1.23,156.2,2,8,4,2,0.333,0.599,5.0,3.0,4.18,True,False,False,False,True,True,False,False,False,False
GLUE1912,Cn1nnc(CC(=O)Nc2cccc3c2C(=O)N(C2CCC(=O)NC2=O)C3)n1,JVWKGVVNXMTMIP-UHFFFAOYSA-N,acetamide,*c1nnn(C)n1,383.37,-0.85,139.2,2,7,4,2,0.353,0.656,5.0,3.0,4.33,True,False,False,False,True,True,False,False,False,False
GLUE1913,Cn1nnc(NC(=O)Nc2cccc3c2C(=O)N(C2CCC(=O)NC2=O)C3)n1,DWRIRWHZUNRYNC-UHFFFAOYSA-N,urea,*c1nnn(C)n1,384.36,-0.38,151.2,3,7,3,2,0.312,0.61,5.0,3.0,3.99,True,False,False,False,True,True,False,False,False,False
GLUE1914,Cn1nnc(OC(=O)Nc2cccc3c2C(=O)N(C2CCC(=O)NC2=O)C3)n1,PTGBWSBSJZVMQN-UHFFFAOYSA-N,carbamate,*c1nnn(C)n1,385.34,-0.42,148.4,2,8,3,2,0.312,0.677,5.0,3.0,4.32,True,False,False,False,True,True,False,False,False,False
GLUE1915,N[C@H](C(=O)O)[C@H](O)C(=O)Nc1cccc2c1C(=O)N(C1CCC(=O)NC1=O)C2,LJGGPMFYPCCTED-AXRFISIWSA-N,amide,*[C@@H](O)[C@H](N)C(=O)O,390.35,-1.84,179.1,5,7,5,1,0.353,0.364,9.0,2.5,3.28,True,False,False,False,True,True,False,False,False,False
GLUE1916,N[C@H](C(=O)O)[C@H](O)S(=O)(=O)Nc1cccc2c1C(=O)N(C1CCC(=O)NC1=O)C2,SIPFMSUFMJQJRH-MIFHBTQPSA-N,sulfonamide,*[C@@H](O)[C@H](N)C(=O)O,426.41,-2.08,196.2,5,8,6,1,0.375,0.317,9.0,2.5,3.03,True,False,False,False,True,True,False,False,False,False
GLUE1917,N[C@H](C(=O)O)[C@H](O)CC(=O)Nc1cccc2c1C(=O)N(C1CCC(=O)NC1=O)C2,UTODGJGBKLQDNM-KLLUJYQVSA-N,acetamide,*[C@@H](O)[C@H](N)C(=O)O,404.38,-1.45,179.1,5,7,6,1,0.389,0.357,9.0,2.5,3.18,True,False,False,False,True,True,False,False,False,False
GLUE1918,N[C@H](C(=O)O)[C@H](O)NC(=O)Nc1cccc2c1C(=O)N(C1CCC(=O)NC1=O)C2,NKGXRFTZSHZJKR-AHHPIPEASA-N,urea,*[C@@H](O)[C@H](N)C(=O)O,405.37,-1.7,191.2,6,7,5,1,0.353,0.246,9.0,2.5,3.18,True,False,False,False,True,True,False,False,False,False
GLUE1919,N[C@H](C(=O)O)[C@H](O)OC(=O)Nc1cccc2c1C(=O)N(C1CCC(=O)NC1=O)C2,CCSVGKPGCCQSPL-MIFHBTQPSA-N,carbamate,*[C@@H](O)[C@H](N)C(=O)O,406.35,-1.27,188.4,5,8,5,1,0.353,0.293,9.0,2.5,3.17,True,False,False,False,True,True,False,False,False,False
GLUE1920,O=C1CCC(N2Cc3cccc(NC(=O)N4CC(O)C4)c3C2=O)C(=O)N1,WYDDFGFWCZGMFR-UHFFFAOYSA-N,amide,*N1CC(O)C1,358.35,-0.34,119.1,3,5,2,1,0.412,0.625,5.0,4.0,4.2,True,False,False,True,True,True,True,True,False,False
GLUE1921,O=C1CCC(N2Cc3cccc(NS(=O)(=O)N4CC(O)C4)c3C2=O)C(=O)N1,HUCGZVBLPGAWHC-UHFFFAOYSA-N,sulfonamide,*N1CC(O)C1,394.41,-1.22,136.1,3,6,4,1,0.438,0.548,5.0,3.0,3.92,True,False,False,False,True,True,False,False,False,False
GLUE1922,O=C1CCC(N2Cc3cccc(NC(=O)CN4CC(O)C4)c3C2=O)C(=O)N1,BFPRCWRQMJLAHC-UHFFFAOYSA-N,acetamide,*N1CC(O)C1,372.38,-0.94,119.1,3,6,4,1,0.444,0.587,9.5,3.5,3.36,True,False,False,False,True,True,True,True,False,False
GLUE1923,O=C1CCC(N2Cc3cccc(NC(=O)NN4CC(O)C4)c3C2=O)C(=O)N1,HZMJNXOOUBVHEM-UHFFFAOYSA-N,urea,*N1CC(O)C1,373.37,-0.84,131.1,4,6,3,1,0.412,0.511,9.5,2.5,3.15,True,False,False,False,True,True,False,False,False,False
GLUE1924,O=C1CCC(N2Cc3cccc(NC(=O)ON4CC(O)C4)c3C2=O)C(=O)N1,WACJHEFXNUTOCC-UHFFFAOYSA-N,carbamate,*N1CC(O)C1,374.35,-0.41,128.3,3,7,3,1,0.412,0.614,9.5,3.0,3.31,True,False,False,False,True,True,False,False,False,False
GLUE1925,O=C1CCC(N2Cc3cccc(NC(=O)c4ccc5c(c4)OC(F)(F)O5)c3C2=O)C(=O)N1,JFEXYEKKPKGZTJ-UHFFFAOYSA-N,amide,*c1ccc2c(c1)OC(F)(F)O2,443.36,2.02,114.0,2,6,3,2,0.238,0.702,5.0,3.5,4.1,True,True,False,False,True,True,True,True,False,True
GLUE1926,O=C1CCC(N2Cc3cccc(NS(=O)(=O)c4ccc5c(c4)OC(F)(F)O5)c3C2=O)C(=O)N1,KZLNBMPYYAEZDM-UHFFFAOYSA-N,sulfonamide,*c1ccc2c(c1)OC(F)(F)O2,479.42,1.57,131.1,2,7,4,2,0.25,0.637,5.0,3.0,3.65,False,False,False,False,True,True,False,False,False,False
GLUE1927,O=C1CCC(N2Cc3cccc(NC(=O)Cc4ccc5c(c4)OC(F)(F)O5)c3C2=O)C(=O)N1,YYLRYHLFHOFJJG-UHFFFAOYSA-N,acetamide,*c1ccc2c(c1)OC(F)(F)O2,457.39,1.95,114.0,2,6,4,2,0.273,0.679,5.0,3.5,4.0,False,False,False,False,True,True,True,True,False,False
GLUE1928,O=C1CCC(N2Cc3cccc(NC(=O)Nc4ccc5c(c4)OC(F)(F)O5)c3C2=O)C(=O)N1,YRTCLKCNLJEPTN-UHFFFAOYSA-N,urea,*c1ccc2c(c1)OC(F)(F)O2,458.38,2.41,126.1,3,6,3,2,0.238,0.607,5.0,3.0,3.46,False,True,False,False,True,True,False,False,False,False
GLUE1929,O=C1CCC(N2Cc3cccc(NC(=O)Oc4ccc5c(c4)OC(F)(F)O5)c3C2=O)C(=O)N1,YZZCGNWDOSEYNE-UHFFFAOYSA-N,carbamate,*c1ccc2c(c1)OC(F)(F)O2,459.36,2.38,123.3,2,7,3,2,0.238,0.676,5.0,3.0,3.79,False,True,False,False,True,True,False,False,False,False
GLUE1930,C=C1CCN(C(=O)Nc2cccc3c2C(=O)N(C2CCC(=O)NC2=O)C3)CC1,FPPPJUBKTOBPGT-UHFFFAOYSA-N,amide,*N1CCC(=C)CC1,382.42,1.63,98.8,2,4,2,1,0.4,0.6,5.0,3.5,5.05,True,False,False,False,True,True,True,True,False,False
GLUE1931,C=C1CCN(S(=O)(=O)Nc2cccc3c2C(=O)N(C2CCC(=O)NC2=O)C3)CC1,FFJYUVZGDZMSEV-UHFFFAOYSA-N,sulfonamide,*N1CCC(=C)CC1,418.48,0.76,115.9,2,5,4,1,0.421,0.553,5.0,3.5,4.22,True,False,False,False,True,True,True,True,False,False
GLUE1932,C=C1CCN(CC(=O)Nc2cccc3c2C(=O)N(C2CCC(=O)NC2=O)C3)CC1,CNOZYMANQHSYQH-UHFFFAOYSA-N,acetamide,*N1CCC(=C)CC1,396.45,1.04,98.8,2,5,4,1,0.429,0.585,9.5,3.5,4.2,True,False,False,False,True,True,True,True,False,False
GLUE1933,C=C1CCN(NC(=O)Nc2cccc3c2C(=O)N(C2CCC(=O)NC2=O)C3)CC1,DBLGKLMRWIOSSL-UHFFFAOYSA-N,urea,*N1CCC(=C)CC1,397.44,1.14,110.8,3,5,3,1,0.4,0.523,9.5,3.5,3.45,True,False,False,False,True,True,True,True,False,False
GLUE1934,C=C1CCN(OC(=O)Nc2cccc3c2C(=O)N(C2CCC(=O)NC2=O)C3)CC1,KCZZYQSJRAGLDX-UHFFFAOYSA-N,carbamate,*N1CCC(=C)CC1,398.42,1.56,108.1,2,6,3,1,0.4,0.591,9.5,3.5,3.87,True,False,False,False,True,True,True,True,False,False
GLUE1935,N#CCCS(=O)(=O)Nc1cccc2c1C(=O)N(C1CCC(=O)NC1=O)C2,OOGHGXJAEHYMKY-UHFFFAOYSA-N,sulfonamide,*CCC#N,376.39,0.1,136.4,2,6,5,1,0.375,0.7,5.0,3.0,4.38,True,False,False,False,True,True,False,False,False,False
GLUE1936,N#CCCCC(=O)Nc1cccc2c1C(=O)N(C1CCC(=O)NC1=O)C2,IWFFXUHANQTMDI-UHFFFAOYSA-N,acetamide,*CCC#N,354.37,1.08,119.4,2,5,5,1,0.389,0.606,5.0,4.0,4.52,True,False,False,True,True,True,True,True,False,False
GLUE1937,N#CCCNC(=O)Nc1cccc2c1C(=O)N(C1CCC(=O)NC1=O)C2,RCKWJTUILUMOJQ-UHFFFAOYSA-N,urea,*CCC#N,355.35,0.48,131.4,3,5,4,1,0.353,0.534,5.0,3.5,4.17,True,False,False,False,True,True,False,True,False,False
GLUE1938,N#CCCOC(=O)Nc1cccc2c1C(=O)N(C1CCC(=O)NC1=O)C2,WJLSEOWRTBRHJG-UHFFFAOYSA-N,carbamate,*CCC#N,356.34,0.91,128.6,2,6,4,1,0.353,0.609,5.0,3.5,4.5,True,False,False,False,True,True,False,True,False,False
GLUE1939,O=C1CCC(N2Cc3cccc(NC(=O)N4C[C@@H]5NCCO[C@H]5C4)c3C2=O)C(=O)N1,DJIYIFHWWXAETG-LWEDLAQUSA-N,amide,*N1C[C@@H]2NCCO[C@H]2C1,413.43,-0.35,120.1,3,6,2,1,0.5,0.57,9.0,3.0,3.28,True,False,False,False,True,True,False,False,False,False
GLUE1940,O=C1CCC(N2Cc3cccc(NS(=O)(=O)N4C[C@@H]5NCCO[C@H]5C4)c3C2=O)C(=O)N1,HSMVZDBYTVBHNN-LWEDLAQUSA-N,sulfonamide,*N1C[C@@H]2NCCO[C@H]2C1,449.49,-1.22,137.2,3,7,4,1,0.526,0.49,9.5,3.0,2.78,True,False,False,False,True,True,False,False,False,False
GLUE1941,O=C1CCC(N2Cc3cccc(NC(=O)CN4C[C@@H]5NCCO[C@H]5C4)c3C2=O)C(=O)N1,OWACCQQNVKPGQN-AQOJYXMDSA-N,acetamide,*N1C[C@@H]2NCCO[C@H]2C1,427.46,-0.94,120.1,3,7,4,1,0.524,0.531,9.5,3.0,2.93,True,False,False,False,True,True,False,False,False,False
GLUE1942,O=C1CCC(N2Cc3cccc(NC(=O)NN4C[C@@H]5NCCO[C@H]5C4)c3C2=O)C(=O)N1,OMPFWAVRLWOLEE-LWEDLAQUSA-N,urea,*N1C[C@@H]2NCCO[C@H]2C1,428.45,-0.84,132.1,4,7,3,1,0.5,0.462,9.5,2.5,2.76,True,False,False,False,True,True,False,False,False,False
GLUE1943,O=C1CCC(N2Cc3cccc(NC(=O)ON4C[C@@H]5NCCO[C@H]5C4)c3C2=O)C(=O)N1,SROZQAAWTJZMRR-LWEDLAQUSA-N,carbamate,*N1C[C@@H]2NCCO[C@H]2C1,429.43,-0.42,129.3,3,8,3,1,0.5,0.553,9.5,3.0,2.92,True,False,False,False,True,True,False,False,False,False
GLUE1944,O=C1CCC(N2Cc3cccc(NS(=O)(=O)CCCCl)c3C2=O)C(=O)N1,QZKJKTXXRFCPDZ-UHFFFAOYSA-N,sulfonamide,*CCCCl,399.86,0.82,112.7,2,5,6,1,0.438,0.543,5.0,3.5,4.46,True,False,False,False,True,True,True,True,False,False
GLUE1945,O=C1CCC(N2Cc3cccc(NC(=O)CCCCCl)c3C2=O)C(=O)N1,TXVJUECDOUYHEC-UHFFFAOYSA-N,acetamide,*CCCCl,377.83,1.8,95.6,2,4,6,1,0.444,0.449,5.0,3.5,5.19,True,False,False,False,True,True,True,True,False,False
GLUE1946,O=C1CCC(N2Cc3cccc(NC(=O)NCCCCl)c3C2=O)C(=O)N1,WWLZQYIDMNFCEZ-UHFFFAOYSA-N,urea,*CCCCl,378.82,1.2,107.6,3,4,5,1,0.412,0.406,5.0,3.5,4.45,True,False,False,False,True,True,True,True,False,False
GLUE1947,O=C1CCC(N2Cc3cccc(NC(=O)OCCCCl)c3C2=O)C(=O)N1,MNBNKHYPMVPFPC-UHFFFAOYSA-N,carbamate,*CCCCl,379.8,1.62,104.8,2,5,5,1,0.412,0.459,5.0,3.5,4.86,True,False,False,False,True,True,True,True,False,False
GLUE1948,O=C1CCC(N2Cc3cccc(NC(=O)N4CCSC4)c3C2=O)C(=O)N1,IOHQRSRECBHDLS-UHFFFAOYSA-N,amide,*N1CCSC1,374.42,0.99,98.8,2,5,2,1,0.412,0.752,5.0,3.5,5.1,True,False,False,False,True,True,True,True,False,False
GLUE1949,O=C1CCC(N2Cc3cccc(NS(=O)(=O)N4CCSC4)c3C2=O)C(=O)N1,YSCXPVDHIUZCAM-UHFFFAOYSA-N,sulfonamide,*N1CCSC1,410.48,0.11,115.9,2,6,4,1,0.438,0.681,5.0,3.5,4.28,True,False,False,False,True,True,True,True,False,False
GLUE1950,O=C1CCC(N2Cc3cccc(NC(=O)CN4CCSC4)c3C2=O)C(=O)N1,ZCHCZGQWYWDWCQ-UHFFFAOYSA-N,acetamide,*N1CCSC1,388.45,0.39,98.8,2,6,4,1,0.444,0.724,9.5,3.5,4.25,True,False,False,False,True,True,True,True,False,False
GLUE1951,O=C1CCC(N2Cc3cccc(NC(=O)NN4CCSC4)c3C2=O)C(=O)N1,RTNVBAQVMFKXRR-UHFFFAOYSA-N,urea,*N1CCSC1,389.44,0.49,110.8,3,6,3,1,0.412,0.649,9.5,3.5,3.51,True,False,False,False,True,True,True,True,False,False
GLUE1952,O=C1CCC(N2Cc3cccc(NC(=O)ON4CCSC4)c3C2=O)C(=O)N1,KDFVXHNRAXPZAA-UHFFFAOYSA-N,carbamate,*N1CCSC1,390.42,0.92,108.1,2,7,3,1,0.412,0.739,9.5,3.5,3.93,True,False,False,False,True,True,True,True,False,False
GLUE1953,O=C([O-])CC(O)CC(O)CC(=O)Nc1cccc2c1C(=O)N(C1CCC(=O)NC1=O)C2,RPORWFLQTUKMML-UHFFFAOYSA-M,amide,*CC(O)CC(O)CC(=O)[O-],432.41,-1.97,176.2,4,8,8,1,0.45,0.342,5.0,2.5,3.48,True,False,False,False,True,True,False,False,False,False
GLUE1954,O=C([O-])CC(O)CC(O)CS(=O)(=O)Nc1cccc2c1C(=O)N(C1CCC(=O)NC1=O)C2,ICPPMPGNANWDGI-UHFFFAOYSA-M,sulfonamide,*CC(O)CC(O)CC(=O)[O-],468.46,-2.56,193.2,4,9,9,1,0.474,0.282,5.0,2.0,3.23,False,False,False,False,True,True,False,False,False,False
GLUE1955,O=C([O-])CC(O)CC(O)CCC(=O)Nc1cccc2c1C(=O)N(C1CCC(=O)NC1=O)C2,IFNDTFUYKKBNBY-UHFFFAOYSA-M,acetamide,*CC(O)CC(O)CC(=O)[O-],446.44,-1.58,176.2,4,8,9,1,0.476,0.328,5.0,2.0,3.38,True,False,False,False,True,True,False,False,False,False
GLUE1956,O=C([O-])CC(O)CC(O)CNC(=O)Nc1cccc2c1C(=O)N(C1CCC(=O)NC1=O)C2,ZYSNZFBFVKWRTN-UHFFFAOYSA-M,urea,*CC(O)CC(O)CC(=O)[O-],447.42,-2.18,188.2,5,8,8,1,0.45,0.278,5.0,2.5,3.38,True,False,False,False,True,True,False,False,False,False
GLUE1957,O=C([O-])CC(O)CC(O)COC(=O)Nc1cccc2c1C(=O)N(C1CCC(=O)NC1=O)C2,JAIHUONLGXAZDX-UHFFFAOYSA-M,carbamate,*CC(O)CC(O)CC(=O)[O-],448.41,-1.75,185.4,4,9,8,1,0.45,0.335,5.0,2.5,3.37,True,False,False,False,True,True,False,False,False,False
GLUE1958,O=C1CCC(N2Cc3cccc(NS(=O)(=O)CCCO)c3C2=O)C(=O)N1,INEQCWSNEWMARN-UHFFFAOYSA-N,sulfonamide,*CCCO,381.41,-0.43,132.9,3,6,6,1,0.438,0.573,5.0,3.0,4.01,True,False,False,False,True,True,False,False,False,False
GLUE1959,O=C1CCC(N2Cc3cccc(NC(=O)CCCCO)c3C2=O)C(=O)N1,UJWFNCVPMDBPIA-UHFFFAOYSA-N,acetamide,*CCCO,359.38,0.55,115.8,3,5,6,1,0.444,0.507,5.0,4.0,4.31,True,False,False,True,True,True,True,True,False,False
GLUE1960,O=C1CCC(N2Cc3cccc(NC(=O)NCCCO)c3C2=O)C(=O)N1,DHWSSUTZFOTQSD-UHFFFAOYSA-N,urea,*CCCO,360.37,-0.05,127.8,4,5,5,1,0.412,0.432,5.0,2.5,4.0,True,False,False,False,True,True,False,False,False,False
GLUE1961,O=C1CCC(N2Cc3cccc(NC(=O)OCCCO)c3C2=O)C(=O)N1,CWYWWQCUVWEHEW-UHFFFAOYSA-N,carbamate,*CCCO,361.35,0.38,125.0,3,6,5,1,0.412,0.514,5.0,3.0,4.16,True,False,False,False,True,True,False,False,False,False
GLUE1962,O=C1CCC(N2Cc3cccc(NC(=O)OP(=O)([O-])[O-])c3C2=O)C(=O)N1,SOSWCMATHLXBEL-UHFFFAOYSA-L,amide,*OP(=O)([O-])[O-],381.24,-1.18,168.0,2,8,3,1,0.286,0.487,5.0,3.0,4.35,True,False,False,False,True,True,False,False,False,False
GLUE1963,O=C1CCC(N2Cc3cccc(NS(=O)(=O)OP(=O)([O-])[O-])c3C2=O)C(=O)N1,VHPFSCIPOKPJCR-UHFFFAOYSA-L,sulfonamide,*OP(=O)([O-])[O-],417.29,-2.05,185.1,2,9,5,1,0.308,0.402,5.0,3.0,4.09,True,False,False,False,True,True,False,False,False,False
GLUE1964,O=C1CCC(N2Cc3cccc(NC(=O)COP(=O)([O-])[O-])c3C2=O)C(=O)N1,BLQAUFYENIYQTJ-UHFFFAOYSA-L,acetamide,*OP(=O)([O-])[O-],395.26,-1.77,168.0,2,8,5,1,0.333,0.436,5.0,3.0,4.25,True,False,False,False,True,True,False,False,False,False
GLUE1965,O=C1CCC(N2Cc3cccc(NC(=O)NOP(=O)([O-])[O-])c3C2=O)C(=O)N1,DANAFTHKJMCBSM-UHFFFAOYSA-L,urea,*OP(=O)([O-])[O-],396.25,-1.67,180.0,3,8,4,1,0.286,0.307,5.0,3.0,3.91,True,False,False,False,True,True,False,False,False,False
GLUE1966,O=C1CCC(N2Cc3cccc(NC(=O)OOP(=O)([O-])[O-])c3C2=O)C(=O)N1,LHDYZVZHIHLURR-UHFFFAOYSA-L,carbamate,*OP(=O)([O-])[O-],397.24,-1.24,177.2,2,9,4,1,0.286,0.272,5.0,3.0,4.23,True,False,False,False,True,True,False,False,False,False
GLUE1967,O=C1CCC(N2Cc3cccc(NC(=O)c4cccc([123I])c4)c3C2=O)C(=O)N1,YIOOWEPAUGNBBW-PIRNEEEYSA-N,amide,*c1cccc([123I])c1,485.27,2.3,95.6,2,4,3,2,0.2,0.516,5.0,3.5,4.42,False,True,False,False,True,True,True,True,False,False
GLUE1968,O=C1CCC(N2Cc3cccc(NS(=O)(=O)c4cccc([123I])c4)c3C2=O)C(=O)N1,RKJRLQOXACWRBT-BMILMZPDSA-N,sulfonamide,*c1cccc([123I])c1,521.33,1.85,112.7,2,5,4,2,0.211,0.471,5.0,3.0,3.74,False,False,False,False,True,True,True,False,False,False
GLUE1969,O=C1CCC(N2Cc3cccc(NC(=O)Cc4cccc([123I])c4)c3C2=O)C(=O)N1,WAHOPLISRLNGMO-NHTLRXQVSA-N,acetamide,*c1cccc([123I])c1,499.3,2.23,95.6,2,4,4,2,0.238,0.499,5.0,3.5,4.32,False,True,False,False,True,True,True,True,False,False
GLUE1970,O=C1CCC(N2Cc3cccc(NC(=O)Nc4cccc([123I])c4)c3C2=O)C(=O)N1,BWKHNOIORZFPGH-PIRNEEEYSA-N,urea,*c1cccc([123I])c1,500.29,2.7,107.6,3,4,3,2,0.2,0.445,5.0,3.0,3.48,False,True,False,False,True,True,True,False,False,False
GLUE1971,O=C1CCC(N2Cc3cccc(NC(=O)Oc4cccc([123I])c4)c3C2=O)C(=O)N1,MHEHPHGXRAUSEA-PIRNEEEYSA-N,carbamate,*c1cccc([123I])c1,501.27,2.66,104.8,2,5,3,2,0.2,0.497,5.0,3.0,3.92,False,True,False,False,True,True,True,False,False,False
GLUE1972,CCCS(=O)(=O)C(=O)Nc1cccc2c1C(=O)N(C1CCC(=O)NC1=O)C2,JVUUYKFUJZMECC-UHFFFAOYSA-N,amide,*S(=O)(=O)CCC,393.42,0.8,129.7,2,6,4,1,0.412,0.728,5.0,3.0,4.26,True,False,False,False,True,True,False,False,False,False
GLUE1973,CCCS(=O)(=O)S(=O)(=O)Nc1cccc2c1C(=O)N(C1CCC(=O)NC1=O)C2,WPALQXASNGZUKT-UHFFFAOYSA-N,sulfonamide,*S(=O)(=O)CCC,429.48,-0.07,146.8,2,7,6,1,0.438,0.475,5.0,3.0,4.0,True,False,False,False,True,True,False,False,False,False
GLUE1974,CCCS(=O)(=O)CC(=O)Nc1cccc2c1C(=O)N(C1CCC(=O)NC1=O)C2,GUVDPSZQBOYAJU-UHFFFAOYSA-N,acetamide,*S(=O)(=O)CCC,407.45,0.21,129.7,2,6,6,1,0.444,0.649,5.0,3.0,4.16,True,False,False,False,True,True,False,False,False,False
GLUE1975,CCCS(=O)(=O)NC(=O)Nc1cccc2c1C(=O)N(C1CCC(=O)NC1=O)C2,OQKIQLMFWZLRHG-UHFFFAOYSA-N,urea,*S(=O)(=O)CCC,408.44,0.31,141.8,3,6,5,1,0.412,0.599,5.0,3.0,3.82,True,False,False,False,True,True,False,False,False,False
GLUE1976,CCCS(=O)(=O)OC(=O)Nc1cccc2c1C(=O)N(C1CCC(=O)NC1=O)C2,DUTOWKSNPNPLFB-UHFFFAOYSA-N,carbamate,*S(=O)(=O)CCC,409.42,0.74,138.9,2,7,5,1,0.412,0.54,5.0,3.0,4.15,True,False,False,False,True,True,False,False,False,False
GLUE1977,O=C1CCC(N2Cc3cccc(NC(=O)c4ccc(/C=N/N5CC(=O)NC5=O)o4)c3C2=O)C(=O)N1,FNZMNXKBEQBOFU-LIMNOBDPSA-N,amide,*c1ccc(/C=N/N2CC(=O)NC2=O)o1,478.42,0.18,170.5,3,8,5,2,0.227,0.312,5.0,3.0,3.32,False,False,False,False,True,True,False,False,False,False
GLUE1978,O=C1CCC(N2Cc3cccc(NS(=O)(=O)c4ccc(/C=N/N5CC(=O)NC5=O)o4)c3C2=O)C(=O)N1,NVKHPOGGKACORD-GZIVZEMBSA-N,sulfonamide,*c1ccc(/C=N/N2CC(=O)NC2=O)o1,514.48,-0.27,187.6,3,9,6,2,0.238,0.267,5.0,2.5,3.17,False,False,False,False,True,True,False,False,False,False
GLUE1979,O=C1CCC(N2Cc3cccc(NC(=O)Cc4ccc(/C=N/N5CC(=O)NC5=O)o4)c3C2=O)C(=O)N1,ZHNKPKZVQKCCGW-PGGKNCGUSA-N,acetamide,*c1ccc(/C=N/N2CC(=O)NC2=O)o1,492.45,0.11,170.5,3,8,6,2,0.261,0.292,5.0,3.0,3.22,False,False,False,False,True,True,False,False,False,False
GLUE1980,O=C1CCC(N2Cc3cccc(NC(=O)Nc4ccc(/C=N/N5CC(=O)NC5=O)o4)c3C2=O)C(=O)N1,AOLIYIICUDLTOO-LIMNOBDPSA-N,urea,*c1ccc(/C=N/N2CC(=O)NC2=O)o1,493.44,0.57,182.5,4,8,5,2,0.227,0.267,5.0,2.5,3.05,False,False,False,False,True,True,False,False,False,False
GLUE1981,O=C1CCC(N2Cc3cccc(NC(=O)Oc4ccc(/C=N/N5CC(=O)NC5=O)o4)c3C2=O)C(=O)N1,JDIBPJRSSAUDHU-LIMNOBDPSA-N,carbamate,*c1ccc(/C=N/N2CC(=O)NC2=O)o1,494.42,0.54,179.7,3,9,5,2,0.227,0.306,5.0,3.0,3.21,False,False,False,False,True,True,False,False,False,False
GLUE1982,CC(C)(C(=O)[O-])C(=O)Nc1cccc2c1C(=O)N(C1CCC(=O)NC1=O)C2,PVOFGCTYIBZBQC-UHFFFAOYSA-M,amide,*C(C)(C)C(=O)[O-],372.36,-0.84,135.7,2,6,4,1,0.389,0.523,5.0,3.0,4.41,True,False,False,False,True,True,False,False,False,False
GLUE1983,CC(C)(C(=O)[O-])S(=O)(=O)Nc1cccc2c1C(=O)N(C1CCC(=O)NC1=O)C2,ULYYTIJTGDJBJK-UHFFFAOYSA-M,sulfonamide,*C(C)(C)C(=O)[O-],408.41,-1.28,152.8,2,7,5,1,0.412,0.575,5.0,3.0,4.15,True,False,False,False,True,True,False,False,False,False
GLUE1984,CC(C)(CC(=O)Nc1cccc2c1C(=O)N(C1CCC(=O)NC1=O)C2)C(=O)[O-],WPXCNQODPDFJKU-UHFFFAOYSA-M,acetamide,*C(C)(C)C(=O)[O-],386.38,-0.45,135.7,2,6,5,1,0.421,0.658,5.0,3.0,4.31,True,False,False,False,True,True,False,False,False,False
GLUE1985,CC(C)(NC(=O)Nc1cccc2c1C(=O)N(C1CCC(=O)NC1=O)C2)C(=O)[O-],FLOHYYBOPSXKMC-UHFFFAOYSA-M,urea,*C(C)(C)C(=O)[O-],387.37,-0.9,147.7,3,6,4,1,0.389,0.57,5.0,3.0,3.97,True,False,False,False,True,True,False,False,False,False
GLUE1986,CC(C)(OC(=O)Nc1cccc2c1C(=O)N(C1CCC(=O)NC1=O)C2)C(=O)[O-],AKOCJCJQGRPVMB-UHFFFAOYSA-M,carbamate,*C(C)(C)C(=O)[O-],388.36,-0.48,144.9,2,7,4,1,0.389,0.663,5.0,3.0,4.3,True,False,False,False,True,True,False,False,False,False
GLUE1987,O=C(O)C[C@H](O)C[C@H](O)CC(=O)Nc1cccc2c1C(=O)N(C1CCC(=O)NC1=O)C2,RPORWFLQTUKMML-KTYPHDMWSA-N,amide,*C[C@@H](O)C[C@@H](O)CC(=O)O,433.42,-0.64,173.3,5,7,8,1,0.45,0.337,5.0,2.5,3.48,True,False,False,False,True,True,False,False,False,False
GLUE1988,O=C(O)C[C@H](O)C[C@H](O)CS(=O)(=O)Nc1cccc2c1C(=O)N(C1CCC(=O)NC1=O)C2,ICPPMPGNANWDGI-RJTITELWSA-N,sulfonamide,*C[C@@H](O)C[C@@H](O)CC(=O)O,469.47,-1.22,190.4,5,8,9,1,0.474,0.276,5.0,2.0,3.22,False,False,False,False,True,True,False,False,False,False
GLUE1989,O=C(O)C[C@H](O)C[C@H](O)CCC(=O)Nc1cccc2c1C(=O)N(C1CCC(=O)NC1=O)C2,IFNDTFUYKKBNBY-HCYNLOQUSA-N,acetamide,*C[C@@H](O)C[C@@H](O)CC(=O)O,447.44,-0.25,173.3,5,7,9,1,0.476,0.322,5.0,2.0,3.38,True,False,False,False,True,True,False,False,False,False
GLUE1990,O=C(O)C[C@H](O)C[C@H](O)CNC(=O)Nc1cccc2c1C(=O)N(C1CCC(=O)NC1=O)C2,ZYSNZFBFVKWRTN-RJTITELWSA-N,urea,*C[C@@H](O)C[C@@H](O)CC(=O)O,448.43,-0.84,185.4,6,7,8,1,0.45,0.278,5.0,2.5,3.37,True,False,False,False,True,True,False,False,False,False
GLUE1991,O=C(O)C[C@H](O)C[C@H](O)COC(=O)Nc1cccc2c1C(=O)N(C1CCC(=O)NC1=O)C2,JAIHUONLGXAZDX-RJTITELWSA-N,carbamate,*C[C@@H](O)C[C@@H](O)CC(=O)O,449.42,-0.42,182.6,5,8,8,1,0.45,0.329,5.0,2.5,3.36,True,False,False,False,True,True,False,False,False,False
GLUE1992,O=C1CCC(N2Cc3cccc(NS(=O)(=O)OCOP(=O)(O)O)c3C2=O)C(=O)N1,LKTQOLNMMLGRQA-UHFFFAOYSA-N,sulfonamide,*OCOP(=O)(O)O,449.33,-0.81,188.6,4,8,7,1,0.357,0.233,5.0,2.5,3.36,True,False,False,False,True,True,False,False,False,False
GLUE1993,O=C1CCC(N2Cc3cccc(NC(=O)COCOP(=O)(O)O)c3C2=O)C(=O)N1,JXBYADTYWOJDQJ-UHFFFAOYSA-N,acetamide,*OCOP(=O)(O)O,427.31,-0.53,171.6,4,7,7,1,0.375,0.193,5.0,2.5,3.52,True,False,False,False,True,True,False,False,False,False
GLUE1994,O=C1CCC(N2Cc3cccc(NC(=O)NOCOP(=O)(O)O)c3C2=O)C(=O)N1,FPOMBUGNZVJAOZ-UHFFFAOYSA-N,urea,*OCOP(=O)(O)O,428.29,-0.43,183.6,5,7,6,1,0.333,0.132,5.0,2.5,3.51,True,False,False,False,True,True,False,False,False,False
GLUE1995,O=C1CCC(N2Cc3cccc(NC(=O)OOCOP(=O)(O)O)c3C2=O)C(=O)N1,FXYCFOUBPQFCMB-UHFFFAOYSA-N,carbamate,*OCOP(=O)(O)O,429.28,-0.01,180.8,4,8,6,1,0.333,0.12,5.0,2.5,3.51,True,False,False,False,True,True,False,False,False,False
GLUE1996,O=C1CCC(N2Cc3cccc(NC(=O)c4ccc(F)nc4)c3C2=O)C(=O)N1,JCBHNOAXOFETSJ-UHFFFAOYSA-N,amide,*c1ccc(F)nc1,382.35,1.23,108.5,2,5,3,2,0.211,0.613,5.0,3.5,4.72,True,False,False,False,True,True,True,True,False,False
GLUE1997,O=C1CCC(N2Cc3cccc(NS(=O)(=O)c4ccc(F)nc4)c3C2=O)C(=O)N1,HFLZZNKHPLMHQI-UHFFFAOYSA-N,sulfonamide,*c1ccc(F)nc1,418.41,0.78,125.5,2,6,4,2,0.222,0.558,5.0,3.0,4.08,True,False,False,False,True,True,False,False,False,False
GLUE1998,O=C1CCC(N2Cc3cccc(NC(=O)Cc4ccc(F)nc4)c3C2=O)C(=O)N1,QJDAGYJTDQYUOW-UHFFFAOYSA-N,acetamide,*c1ccc(F)nc1,396.38,1.16,108.5,2,5,4,2,0.25,0.596,5.0,3.5,4.62,True,False,False,False,True,True,True,True,False,False
GLUE1999,O=C1CCC(N2Cc3cccc(NC(=O)Nc4ccc(F)nc4)c3C2=O)C(=O)N1,RMUKHQLXNYZPOX-UHFFFAOYSA-N,urea,*c1ccc(F)nc1,397.37,1.63,120.5,3,5,3,2,0.211,0.537,5.0,3.0,3.9,True,False,False,False,True,True,False,False,False,False
GLUE2000,O=C1CCC(N2Cc3cccc(NC(=O)Oc4ccc(F)nc4)c3C2=O)C(=O)N1,GOBMPBMPLAZUOF-UHFFFAOYSA-N,carbamate,*c1ccc(F)nc1,398.35,1.59,117.7,2,6,3,2,0.211,0.599,5.0,3.5,4.3,True,False,False,False,True,True,True,True,False,False
GLUE2001,O=C1CCC(N2Cc3cccc(NC(=O)C[S@@+]([O-])c4nc5ccccc5[nH]4)c3C2=O)C(=O)N1,PDGOQTOUXDQOFP-LJHPGWFKSA-N,amide,*C[S@@+]([O-])c1nc2ccccc2[nH]1,465.49,1.07,147.3,3,6,5,3,0.227,0.379,5.0,3.0,3.41,False,False,False,False,True,True,False,False,False,False
GLUE2002,O=C1CCC(N2Cc3cccc(NS(=O)(=O)C[S@@+]([O-])c4nc5ccccc5[nH]4)c3C2=O)C(=O)N1,KODSCEKUJOCLKT-LJHPGWFKSA-N,sulfonamide,*C[S@@+]([O-])c1nc2ccccc2[nH]1,501.55,0.83,164.4,3,7,6,3,0.238,0.332,5.0,2.5,3.17,False,False,False,False,True,True,False,False,False,False
GLUE2003,O=C1CCC(N2Cc3cccc(NC(=O)CC[S@@+]([O-])c4nc5ccccc5[nH]4)c3C2=O)C(=O)N1,ZGZKTOFBDSKGNA-ODDMPPCGSA-N,acetamide,*C[S@@+]([O-])c1nc2ccccc2[nH]1,479.52,1.46,147.3,3,6,6,3,0.261,0.36,5.0,3.0,3.31,False,False,False,False,True,True,False,False,False,False
GLUE2004,O=C1CCC(N2Cc3cccc(NC(=O)NC[S@@+]([O-])c4nc5ccccc5[nH]4)c3C2=O)C(=O)N1,QHEUNWQPFWHWQD-KJBRTACLSA-N,urea,*C[S@@+]([O-])c1nc2ccccc2[nH]1,480.51,1.21,159.3,4,6,5,3,0.227,0.317,5.0,2.5,3.14,False,False,False,False,True,True,False,False,False,False
GLUE2005,O=C1CCC(N2Cc3cccc(NC(=O)OC[S@@+]([O-])c4nc5ccccc5[nH]4)c3C2=O)C(=O)N1,HYJWTULGMZIAQX-KJBRTACLSA-N,carbamate,*C[S@@+]([O-])c1nc2ccccc2[nH]1,481.49,1.64,156.5,3,7,5,3,0.227,0.369,5.0,3.0,3.3,False,False,False,False,True,True,False,False,False,False
GLUE2006,O=C1CCC(N2Cc3cccc(NC(=O)c4ccc([18F])nc4)c3C2=O)C(=O)N1,JCBHNOAXOFETSJ-LRFGSCOBSA-N,amide,*c1ccc([18F])nc1,381.35,1.23,108.5,2,5,3,2,0.211,0.614,5.0,3.5,4.73,True,False,False,False,True,True,True,True,False,False
GLUE2007,O=C1CCC(N2Cc3cccc(NS(=O)(=O)c4ccc([18F])nc4)c3C2=O)C(=O)N1,HFLZZNKHPLMHQI-AWDFDDCISA-N,sulfonamide,*c1ccc([18F])nc1,417.41,0.78,125.5,2,6,4,2,0.222,0.559,5.0,3.0,4.09,True,False,False,False,True,True,False,False,False,False
GLUE2008,O=C1CCC(N2Cc3cccc(NC(=O)Cc4ccc([18F])nc4)c3C2=O)C(=O)N1,QJDAGYJTDQYUOW-GJQNQZCXSA-N,acetamide,*c1ccc([18F])nc1,395.38,1.16,108.5,2,5,4,2,0.25,0.597,5.0,3.5,4.63,True,False,False,False,True,True,True,True,False,False
GLUE2009,O=C1CCC(N2Cc3cccc(NC(=O)Nc4ccc([18F])nc4)c3C2=O)C(=O)N1,RMUKHQLXNYZPOX-LRFGSCOBSA-N,urea,*c1ccc([18F])nc1,396.37,1.63,120.5,3,5,3,2,0.211,0.538,5.0,3.0,3.91,True,False,False,False,True,True,False,False,False,False
GLUE2010,O=C1CCC(N2Cc3cccc(NC(=O)Oc4ccc([18F])nc4)c3C2=O)C(=O)N1,GOBMPBMPLAZUOF-LRFGSCOBSA-N,carbamate,*c1ccc([18F])nc1,397.35,1.59,117.7,2,6,3,2,0.211,0.6,5.0,3.5,4.31,True,False,False,False,True,True,True,True,False,False
GLUE2011,O=C1CCC(N2Cc3cccc(NC(=O)[C@H]4OC(O)[C@H](O)[C@@H](O)[C@@H]4O)c3C2=O)C(=O)N1,ZDCKCKPLOSULSR-GUYLGBIFSA-N,amide,*[C@H]1OC(O)[C@H](O)[C@@H](O)[C@@H]1O,435.39,-2.81,185.7,6,9,3,1,0.474,0.273,5.0,2.5,3.46,True,False,False,False,True,True,False,False,False,False
GLUE2012,O=C1CCC(N2Cc3cccc(NS(=O)(=O)[C@H]4OC(O)[C@H](O)[C@@H](O)[C@@H]4O)c3C2=O)C(=O)N1,MTXGJFSOINYHQC-LNUKTHCSSA-N,sulfonamide,*[C@H]1OC(O)[C@H](O)[C@@H](O)[C@@H]1O,471.44,-3.05,202.8,6,10,4,1,0.5,0.245,5.0,2.5,3.2,False,False,False,False,True,True,False,False,False,False
GLUE2013,O=C1CCC(N2Cc3cccc(NC(=O)C[C@H]4OC(O)[C@H](O)[C@@H](O)[C@@H]4O)c3C2=O)C(=O)N1,NURGGXWNUKXDET-QULFEAJLSA-N,acetamide,*[C@H]1OC(O)[C@H](O)[C@@H](O)[C@@H]1O,449.42,-2.42,185.7,6,9,4,1,0.5,0.272,5.0,2.5,3.36,True,False,False,False,True,True,False,False,False,False
GLUE2014,O=C1CCC(N2Cc3cccc(NC(=O)N[C@H]4OC(O)[C@H](O)[C@@H](O)[C@@H]4O)c3C2=O)C(=O)N1,SHKAANFTYXKLQR-LUQCSVSJSA-N,urea,*[C@H]1OC(O)[C@H](O)[C@@H](O)[C@@H]1O,450.4,-2.67,197.8,7,9,3,1,0.474,0.24,5.0,2.5,3.35,False,False,False,False,True,True,False,False,False,False
GLUE2015,O=C1CCC(N2Cc3cccc(NC(=O)O[C@H]4OC(O)[C@H](O)[C@@H](O)[C@@H]4O)c3C2=O)C(=O)N1,XLFCEOUXDXHSJH-LNUKTHCSSA-N,carbamate,*[C@H]1OC(O)[C@H](O)[C@@H](O)[C@@H]1O,451.39,-2.25,195.0,6,10,3,1,0.474,0.273,5.0,2.5,3.35,False,False,False,False,True,True,False,False,False,False
GLUE2016,O=C1CCC(N2Cc3cccc(NC(=O)n4ccc(=O)[n-]c4=O)c3C2=O)C(=O)N1,LPAZZIZRAIAMKI-UHFFFAOYSA-M,amide,*n1ccc(=O)[n-]c1=O,396.34,-0.99,148.7,2,6,2,2,0.222,0.619,5.0,3.0,4.24,True,False,False,False,True,True,False,False,False,False
GLUE2017,O=C1CCC(N2Cc3cccc(NS(=O)(=O)n4ccc(=O)[n-]c4=O)c3C2=O)C(=O)N1,FQMFNDPXMPCMDE-UHFFFAOYSA-M,sulfonamide,*n1ccc(=O)[n-]c1=O,432.39,-1.87,165.8,2,7,4,2,0.235,0.53,5.0,3.0,3.98,True,False,False,False,True,True,False,False,False,False
GLUE2018,O=C1CCC(N2Cc3cccc(NC(=O)Cn4ccc(=O)[n-]c4=O)c3C2=O)C(=O)N1,MLEZFXCSKDTRQY-UHFFFAOYSA-M,acetamide,*n1ccc(=O)[n-]c1=O,410.37,-1.43,148.7,2,6,4,2,0.263,0.587,5.0,3.0,4.14,True,False,False,False,True,True,False,False,False,False
GLUE2019,O=C1CCC(N2Cc3cccc(NC(=O)Nn4ccc(=O)[n-]c4=O)c3C2=O)C(=O)N1,VOJHACPHUYCOOR-UHFFFAOYSA-M,urea,*n1ccc(=O)[n-]c1=O,411.35,-1.3,160.8,3,6,3,2,0.222,0.529,5.0,3.0,3.8,True,False,False,False,True,True,False,False,False,False
GLUE2020,O=C1CCC(N2Cc3cccc(NC(=O)On4ccc(=O)[n-]c4=O)c3C2=O)C(=O)N1,PWVITSUMPHWFRF-UHFFFAOYSA-M,carbamate,*n1ccc(=O)[n-]c1=O,412.34,-1.41,158.0,2,7,3,2,0.222,0.582,5.0,3.0,4.13,True,False,False,False,True,True,False,False,False,False
GLUE2021,N#Cc1nn(C(=O)Nc2cccc3c2C(=O)N(C2CCC(=O)NC2=O)C3)c(=O)[nH]c1=O,ILTNTAFTDIFZTI-UHFFFAOYSA-N,amide,*n1nc(C#N)c(=O)[nH]c1=O,423.35,-1.36,187.1,3,8,2,2,0.222,0.494,5.0,3.0,3.71,True,False,False,False,True,True,False,False,False,False
GLUE2022,N#Cc1nn(S(=O)(=O)Nc2cccc3c2C(=O)N(C2CCC(=O)NC2=O)C3)c(=O)[nH]c1=O,VKFFOEVPYGNEMN-UHFFFAOYSA-N,sulfonamide,*n1nc(C#N)c(=O)[nH]c1=O,459.4,-2.23,204.2,3,9,4,2,0.235,0.422,5.0,3.0,3.46,False,False,False,False,True,True,False,False,False,False
GLUE2023,N#Cc1nn(CC(=O)Nc2cccc3c2C(=O)N(C2CCC(=O)NC2=O)C3)c(=O)[nH]c1=O,PXRALZPLRDAEGP-UHFFFAOYSA-N,acetamide,*n1nc(C#N)c(=O)[nH]c1=O,437.37,-1.8,187.1,3,8,4,2,0.263,0.467,5.0,3.0,3.61,True,False,False,False,True,True,False,False,False,False
GLUE2024,N#Cc1nn(NC(=O)Nc2cccc3c2C(=O)N(C2CCC(=O)NC2=O)C3)c(=O)[nH]c1=O,IQAVSVLTNSJWID-UHFFFAOYSA-N,urea,*n1nc(C#N)c(=O)[nH]c1=O,438.36,-1.66,199.1,4,8,3,2,0.222,0.408,5.0,2.5,3.44,True,False,False,False,True,True,False,False,False,False
GLUE2025,N#Cc1nn(OC(=O)Nc2cccc3c2C(=O)N(C2CCC(=O)NC2=O)C3)c(=O)[nH]c1=O,ZFMHLIAMHXEFJV-UHFFFAOYSA-N,carbamate,*n1nc(C#N)c(=O)[nH]c1=O,439.34,-1.78,196.3,3,9,3,2,0.222,0.463,5.0,3.0,3.6,True,False,False,False,True,True,False,False,False,False
GLUE2026,O=C1CCC(N2Cc3cccc(NC(=O)N4CC[C@@H](O)NC4=O)c3C2=O)C(=O)N1,AKOPENRVYPSFBJ-GLGOKHISSA-N,amide,*N1CC[C@@H](O)NC1=O,401.38,-0.29,148.2,4,6,2,1,0.389,0.501,5.0,2.5,3.7,True,False,False,False,True,True,False,False,False,False
GLUE2027,O=C1CCC(N2Cc3cccc(NS(=O)(=O)N4CC[C@@H](O)NC4=O)c3C2=O)C(=O)N1,AIFPCBVOCKFWKW-GLGOKHISSA-N,sulfonamide,*N1CC[C@@H](O)NC1=O,437.43,-1.16,165.2,4,7,4,1,0.412,0.431,5.0,2.5,3.45,True,False,False,False,True,True,False,False,False,False
GLUE2028,O=C1CCC(N2Cc3cccc(NC(=O)CN4CC[C@@H](O)NC4=O)c3C2=O)C(=O)N1,DZQXNMQGVNDXCG-TYZXPVIJSA-N,acetamide,*N1CC[C@@H](O)NC1=O,415.41,-0.88,148.2,4,6,4,1,0.421,0.47,5.0,2.5,3.6,True,False,False,False,True,True,False,False,False,False
GLUE2029,O=C1CCC(N2Cc3cccc(NC(=O)NN4CC[C@@H](O)NC4=O)c3C2=O)C(=O)N1,GPAZIEANMKNWPI-GLGOKHISSA-N,urea,*N1CC[C@@H](O)NC1=O,416.39,-0.78,160.2,5,6,3,1,0.389,0.406,5.0,2.5,3.6,True,False,False,False,True,True,False,False,False,False
GLUE2030,O=C1CCC(N2Cc3cccc(NC(=O)ON4CC[C@@H](O)NC4=O)c3C2=O)C(=O)N1,HKELDDUIWXXIAX-GLGOKHISSA-N,carbamate,*N1CC[C@@H](O)NC1=O,417.38,-0.36,157.4,4,7,3,1,0.389,0.489,5.0,2.5,3.59,True,False,False,False,True,True,False,False,False,False
GLUE2031,O=C1CCC(N2Cc3cccc(NC(=O)c4ccc(Br)cc4F)c3C2=O)C(=O)N1,OOHJVBOCSBKYES-UHFFFAOYSA-N,amide,*c1ccc(Br)cc1F,460.26,2.6,95.6,2,4,3,2,0.2,0.689,5.0,3.5,4.55,False,True,False,False,True,True,True,True,False,False
GLUE2032,O=C1CCC(N2Cc3cccc(NS(=O)(=O)c4ccc(Br)cc4F)c3C2=O)C(=O)N1,SWKGCCUBPCODQD-UHFFFAOYSA-N,sulfonamide,*c1ccc(Br)cc1F,496.31,2.15,112.7,2,5,4,2,0.211,0.631,5.0,3.5,3.77,False,True,False,False,True,True,True,True,False,False
GLUE2033,O=C1CCC(N2Cc3cccc(NC(=O)Cc4ccc(Br)cc4F)c3C2=O)C(=O)N1,UDLRKIAWTJQJJI-UHFFFAOYSA-N,acetamide,*c1ccc(Br)cc1F,474.29,2.53,95.6,2,4,4,2,0.238,0.666,5.0,3.5,4.48,False,True,False,False,True,True,True,True,False,False
GLUE2034,O=C1CCC(N2Cc3cccc(NC(=O)Nc4ccc(Br)cc4F)c3C2=O)C(=O)N1,NZGUFTORACYTNU-UHFFFAOYSA-N,urea,*c1ccc(Br)cc1F,475.27,2.99,107.6,3,4,3,2,0.2,0.594,5.0,3.5,3.51,False,True,False,False,True,True,True,True,False,False
GLUE2035,O=C1CCC(N2Cc3cccc(NC(=O)Oc4ccc(Br)cc4F)c3C2=O)C(=O)N1,TWMYJFZUYMYNCH-UHFFFAOYSA-N,carbamate,*c1ccc(Br)cc1F,476.26,2.96,104.8,2,5,3,2,0.2,0.663,5.0,3.5,3.95,False,True,False,False,True,True,True,True,False,False
GLUE2036,Cc1cc(C)cc(C(=O)Nc2cccc3c2C(=O)N(C2CCC(=O)NC2=O)C3)c1,GHRXFTUWNJTFSP-UHFFFAOYSA-N,amide,*c1cc(C)cc(C)c1,391.43,2.32,95.6,2,4,3,2,0.273,0.785,5.0,3.5,5.09,True,True,False,False,True,True,True,True,False,True
GLUE2037,Cc1cc(C)cc(S(=O)(=O)Nc2cccc3c2C(=O)N(C2CCC(=O)NC2=O)C3)c1,JQNIWXZHKGSRAW-UHFFFAOYSA-N,sulfonamide,*c1cc(C)cc(C)c1,427.48,1.87,112.7,2,5,4,2,0.286,0.724,5.0,3.5,4.26,True,False,False,False,True,True,True,True,False,False
GLUE2038,Cc1cc(C)cc(CC(=O)Nc2cccc3c2C(=O)N(C2CCC(=O)NC2=O)C3)c1,XLYKPIDJXDKZOC-UHFFFAOYSA-N,acetamide,*c1cc(C)cc(C)c1,405.45,2.25,95.6,2,4,4,2,0.304,0.763,5.0,3.5,4.99,True,True,False,False,True,True,True,True,False,True
GLUE2039,Cc1cc(C)cc(NC(=O)Nc2cccc3c2C(=O)N(C2CCC(=O)NC2=O)C3)c1,WAPYDSSAEVHBRV-UHFFFAOYSA-N,urea,*c1cc(C)cc(C)c1,406.44,2.71,107.6,3,4,3,2,0.273,0.681,5.0,3.5,4.14,True,True,False,False,True,True,True,True,False,True
GLUE2040,Cc1cc(C)cc(OC(=O)Nc2cccc3c2C(=O)N(C2CCC(=O)NC2=O)C3)c1,TZQDZYSUDSFYHW-UHFFFAOYSA-N,carbamate,*c1cc(C)cc(C)c1,407.43,2.68,104.8,2,5,3,2,0.273,0.761,5.0,3.5,4.58,True,True,False,False,True,True,True,True,False,True
GLUE2041,CC(C)(C(=O)Nc1cccc2c1C(=O)N(C1CCC(=O)NC1=O)C2)C(F)(F)F,OLVGSMVBJNBNMX-UHFFFAOYSA-N,amide,*C(C)(C)C(F)(F)F,397.35,1.97,95.6,2,4,3,1,0.444,0.763,5.0,3.5,5.05,True,False,False,False,True,True,True,True,False,False
GLUE2042,CC(C)(C(F)(F)F)S(=O)(=O)Nc1cccc2c1C(=O)N(C1CCC(=O)NC1=O)C2,LZRVVWHGBSMGMW-UHFFFAOYSA-N,sulfonamide,*C(C)(C)C(F)(F)F,433.41,1.53,112.7,2,5,4,1,0.471,0.7,5.0,3.5,4.22,True,False,False,False,True,True,True,True,False,False
GLUE2043,CC(C)(CC(=O)Nc1cccc2c1C(=O)N(C1CCC(=O)NC1=O)C2)C(F)(F)F,IDFKQXYSLQRYPE-UHFFFAOYSA-N,acetamide,*C(C)(C)C(F)(F)F,411.38,2.36,95.6,2,4,4,1,0.474,0.744,5.0,3.5,4.95,True,True,False,False,True,True,True,True,False,True
GLUE2044,CC(C)(NC(=O)Nc1cccc2c1C(=O)N(C1CCC(=O)NC1=O)C2)C(F)(F)F,FZMUCLKSXUCZBZ-UHFFFAOYSA-N,urea,*C(C)(C)C(F)(F)F,412.37,1.91,107.6,3,4,3,1,0.444,0.659,5.0,3.5,4.21,True,False,False,False,True,True,True,True,False,False
GLUE2045,CC(C)(OC(=O)Nc1cccc2c1C(=O)N(C1CCC(=O)NC1=O)C2)C(F)(F)F,NDFMCPWVJRJLKC-UHFFFAOYSA-N,carbamate,*C(C)(C)C(F)(F)F,413.35,2.34,104.8,2,5,3,1,0.444,0.741,5.0,3.5,4.63,True,True,False,False,True,True,True,True,False,True
GLUE2046,Cn1c(C(=O)Nc2cccc3c2C(=O)N(C2CCC(=O)NC2=O)C3)n[nH]c1=O,ZWDZVPPZDJTKJO-UHFFFAOYSA-N,amide,*c1n[nH]c(=O)n1C,384.35,-0.88,146.3,3,6,3,2,0.294,0.586,5.0,3.0,3.99,True,False,False,False,True,True,False,False,False,False
GLUE2047,Cn1c(S(=O)(=O)Nc2cccc3c2C(=O)N(C2CCC(=O)NC2=O)C3)n[nH]c1=O,BNKQHYWKWREZHL-UHFFFAOYSA-N,sulfonamide,*c1n[nH]c(=O)n1C,420.41,-1.33,163.3,3,7,4,2,0.312,0.516,5.0,3.0,3.74,True,False,False,False,True,True,False,False,False,False
GLUE2048,Cn1c(CC(=O)Nc2cccc3c2C(=O)N(C2CCC(=O)NC2=O)C3)n[nH]c1=O,KRSKUMFZCHOTTF-UHFFFAOYSA-N,acetamide,*c1n[nH]c(=O)n1C,398.38,-0.95,146.3,3,6,4,2,0.333,0.566,5.0,3.0,3.89,True,False,False,False,True,True,False,False,False,False
GLUE2049,Cn1c(NC(=O)Nc2cccc3c2C(=O)N(C2CCC(=O)NC2=O)C3)n[nH]c1=O,ADFHJGAQCNQQCD-UHFFFAOYSA-N,urea,*c1n[nH]c(=O)n1C,399.37,-0.49,158.3,4,6,3,2,0.294,0.51,5.0,2.5,3.72,True,False,False,False,True,True,False,False,False,False
GLUE2050,Cn1c(OC(=O)Nc2cccc3c2C(=O)N(C2CCC(=O)NC2=O)C3)n[nH]c1=O,NHXRLADRAHTMMC-UHFFFAOYSA-N,carbamate,*c1n[nH]c(=O)n1C,400.35,-0.52,155.5,3,7,3,2,0.294,0.585,5.0,3.0,3.88,True,False,False,False,True,True,False,False,False,False
GLUE2051,N#Cc1cc(Cl)cc(C(=O)Nc2cccc3c2C(=O)N(C2CCC(=O)NC2=O)C3)c1,LVLMRRFFOLVCOB-UHFFFAOYSA-N,amide,*c1cc(Cl)cc(C#N)c1,422.83,2.22,119.4,2,5,3,2,0.19,0.735,5.0,3.5,4.07,True,True,False,False,True,True,True,True,False,True
GLUE2052,N#Cc1cc(Cl)cc(S(=O)(=O)Nc2cccc3c2C(=O)N(C2CCC(=O)NC2=O)C3)c1,KGTCJGJASDLGRF-UHFFFAOYSA-N,sulfonamide,*c1cc(Cl)cc(C#N)c1,458.88,1.77,136.4,2,6,4,2,0.2,0.67,5.0,3.0,3.79,False,False,False,False,True,True,False,False,False,False
GLUE2053,N#Cc1cc(Cl)cc(CC(=O)Nc2cccc3c2C(=O)N(C2CCC(=O)NC2=O)C3)c1,IXRNPZSCRHLHDG-UHFFFAOYSA-N,acetamide,*c1cc(Cl)cc(C#N)c1,436.86,2.15,119.4,2,5,4,2,0.227,0.712,5.0,3.5,3.97,True,True,False,False,True,True,True,True,False,True
GLUE2054,N#Cc1cc(Cl)cc(NC(=O)Nc2cccc3c2C(=O)N(C2CCC(=O)NC2=O)C3)c1,MQPHBINMALGRDU-UHFFFAOYSA-N,urea,*c1cc(Cl)cc(C#N)c1,437.84,2.62,131.4,3,5,3,2,0.19,0.635,5.0,3.0,3.55,True,True,False,False,True,True,False,False,False,False
GLUE2055,N#Cc1cc(Cl)cc(OC(=O)Nc2cccc3c2C(=O)N(C2CCC(=O)NC2=O)C3)c1,GMGGCMQRRJLZPV-UHFFFAOYSA-N,carbamate,*c1cc(Cl)cc(C#N)c1,438.83,2.58,128.6,2,6,3,2,0.19,0.708,5.0,3.0,3.9,True,True,False,False,True,True,False,False,False,False
GLUE2056,O=C(O)CC(O)CC(O)CC(=O)Nc1cccc2c1C(=O)N(C1CCC(=O)NC1=O)C2,RPORWFLQTUKMML-UHFFFAOYSA-N,amide,*CC(O)CC(O)CC(=O)O,433.42,-0.64,173.3,5,7,8,1,0.45,0.337,5.0,2.5,3.48,True,False,False,False,True,True,False,False,False,False
GLUE2057,O=C(O)CC(O)CC(O)CS(=O)(=O)Nc1cccc2c1C(=O)N(C1CCC(=O)NC1=O)C2,ICPPMPGNANWDGI-UHFFFAOYSA-N,sulfonamide,*CC(O)CC(O)CC(=O)O,469.47,-1.22,190.4,5,8,9,1,0.474,0.276,5.0,2.0,3.22,False,False,False,False,True,True,False,False,False,False
GLUE2058,O=C(O)CC(O)CC(O)CCC(=O)Nc1cccc2c1C(=O)N(C1CCC(=O)NC1=O)C2,IFNDTFUYKKBNBY-UHFFFAOYSA-N,acetamide,*CC(O)CC(O)CC(=O)O,447.44,-0.25,173.3,5,7,9,1,0.476,0.322,5.0,2.0,3.38,True,False,False,False,True,True,False,False,False,False
GLUE2059,O=C(O)CC(O)CC(O)CNC(=O)Nc1cccc2c1C(=O)N(C1CCC(=O)NC1=O)C2,ZYSNZFBFVKWRTN-UHFFFAOYSA-N,urea,*CC(O)CC(O)CC(=O)O,448.43,-0.84,185.4,6,7,8,1,0.45,0.278,5.0,2.5,3.37,True,False,False,False,True,True,False,False,False,False
GLUE2060,O=C(O)CC(O)CC(O)COC(=O)Nc1cccc2c1C(=O)N(C1CCC(=O)NC1=O)C2,JAIHUONLGXAZDX-UHFFFAOYSA-N,carbamate,*CC(O)CC(O)CC(=O)O,449.42,-0.42,182.6,5,8,8,1,0.45,0.329,5.0,2.5,3.36,True,False,False,False,True,True,False,False,False,False
GLUE2061,NC1=NN(C(=O)Nc2cccc3c2C(=O)N(C2CCC(=O)NC2=O)C3)C(=O)C1,DXVKBPBDRFRQQJ-UHFFFAOYSA-N,amide,*N1N=C(N)CC1=O,384.35,-0.52,154.3,3,7,2,1,0.294,0.583,9.0,3.0,3.49,True,False,False,False,True,True,False,False,False,False
GLUE2062,NC1=NN(S(=O)(=O)Nc2cccc3c2C(=O)N(C2CCC(=O)NC2=O)C3)C(=O)C1,FSAFFTBHFHSIBF-UHFFFAOYSA-N,sulfonamide,*N1N=C(N)CC1=O,420.41,-1.39,171.3,3,8,4,1,0.312,0.503,9.0,3.0,3.24,True,False,False,False,True,True,False,False,False,False
GLUE2063,NC1=NN(CC(=O)Nc2cccc3c2C(=O)N(C2CCC(=O)NC2=O)C3)C(=O)C1,QKTTYXAPCRNGEK-UHFFFAOYSA-N,acetamide,*N1N=C(N)CC1=O,398.38,-1.11,154.3,3,7,4,1,0.333,0.547,9.0,3.0,3.39,True,False,False,False,True,True,False,False,False,False
GLUE2064,NC1=NN(NC(=O)Nc2cccc3c2C(=O)N(C2CCC(=O)NC2=O)C3)C(=O)C1,MBGOCKWNIZBDET-UHFFFAOYSA-N,urea,*N1N=C(N)CC1=O,399.37,-1.01,166.3,4,7,3,1,0.294,0.475,9.0,2.5,3.22,True,False,False,False,True,True,False,False,False,False
GLUE2065,NC1=NN(OC(=O)Nc2cccc3c2C(=O)N(C2CCC(=O)NC2=O)C3)C(=O)C1,QSVOHTRYEILCAQ-UHFFFAOYSA-N,carbamate,*N1N=C(N)CC1=O,400.35,-0.58,163.5,3,8,3,1,0.294,0.571,9.0,3.0,3.38,True,False,False,False,True,True,False,False,False,False
GLUE2066,O=C1CCC(N2Cc3cccc(NC(=O)c4ccc(Cl)c(Cl)c4)c3C2=O)C(=O)N1,NLPAJYCGPMWHLH-UHFFFAOYSA-N,amide,*c1ccc(Cl)c(Cl)c1,432.26,3.01,95.6,2,4,3,2,0.2,0.729,5.0,3.0,4.54,True,True,False,False,True,True,True,False,False,False
GLUE2067,O=C1CCC(N2Cc3cccc(NS(=O)(=O)c4ccc(Cl)c(Cl)c4)c3C2=O)C(=O)N1,ZNPGVKAGRMQZBU-UHFFFAOYSA-N,sulfonamide,*c1ccc(Cl)c(Cl)c1,468.32,2.56,112.7,2,5,4,2,0.211,0.67,5.0,3.5,3.94,False,True,False,False,True,True,True,True,False,False
GLUE2068,O=C1CCC(N2Cc3cccc(NC(=O)Cc4ccc(Cl)c(Cl)c4)c3C2=O)C(=O)N1,OQWQDXFQZGGBKD-UHFFFAOYSA-N,acetamide,*c1ccc(Cl)c(Cl)c1,446.29,2.94,95.6,2,4,4,2,0.238,0.707,5.0,3.5,4.48,True,True,False,False,True,True,True,True,False,True
GLUE2069,O=C1CCC(N2Cc3cccc(NC(=O)Nc4ccc(Cl)c(Cl)c4)c3C2=O)C(=O)N1,NMZBQBVZSLFBDW-UHFFFAOYSA-N,urea,*c1ccc(Cl)c(Cl)c1,447.28,3.4,107.6,3,4,3,2,0.2,0.627,5.0,3.0,3.31,True,True,False,False,True,True,True,False,False,False
GLUE2070,O=C1CCC(N2Cc3cccc(NC(=O)Oc4ccc(Cl)c(Cl)c4)c3C2=O)C(=O)N1,HXMRXYRFAFMCTG-UHFFFAOYSA-N,carbamate,*c1ccc(Cl)c(Cl)c1,448.26,3.37,104.8,2,5,3,2,0.2,0.701,5.0,3.0,3.76,True,True,False,False,True,True,True,False,False,False
GLUE2071,CN1CCC[C@H]1C(=O)Nc1cccc2c1C(=O)N(C1CCC(=O)NC1=O)C2,BZPCYPGQXWPMEX-LSLKUGRBSA-N,amide,*[C@@H]1CCCN1C,370.41,0.48,98.8,2,5,3,1,0.474,0.754,9.5,3.5,4.38,True,False,False,False,True,True,True,True,False,False
GLUE2072,CN1CCC[C@H]1S(=O)(=O)Nc1cccc2c1C(=O)N(C1CCC(=O)NC1=O)C2,NCQSUMNLROCSHV-AWKYBWMHSA-N,sulfonamide,*[C@@H]1CCCN1C,406.46,0.24,115.9,2,6,4,1,0.5,0.692,9.5,3.5,3.56,True,False,False,False,True,True,True,True,False,False
GLUE2073,CN1CCC[C@H]1CC(=O)Nc1cccc2c1C(=O)N(C1CCC(=O)NC1=O)C2,AKWMUSOJRKSJKK-CFMCSPIPSA-N,acetamide,*[C@@H]1CCCN1C,384.44,0.87,98.8,2,5,4,1,0.5,0.751,9.5,3.5,4.28,True,False,False,False,True,True,True,True,False,False
GLUE2074,CN1CCC[C@H]1NC(=O)Nc1cccc2c1C(=O)N(C1CCC(=O)NC1=O)C2,JSSFRXJQRDLOBT-KZUDCZAMSA-N,urea,*[C@@H]1CCCN1C,385.42,0.62,110.8,3,5,3,1,0.474,0.661,9.5,3.5,3.54,True,False,False,False,True,True,True,True,False,False
GLUE2075,CN1CCC[C@H]1OC(=O)Nc1cccc2c1C(=O)N(C1CCC(=O)NC1=O)C2,AJRRMPUPABLRFF-AWKYBWMHSA-N,carbamate,*[C@@H]1CCCN1C,386.41,1.05,108.1,2,6,3,1,0.474,0.752,9.5,3.5,3.96,True,False,False,False,True,True,True,True,False,False
GLUE2076,O=C1CCC(N2Cc3cccc(NS(=O)(=O)COP(=O)([O-])[O-])c3C2=O)C(=O)N1,YVGUMYPRUWXDIV-UHFFFAOYSA-L,sulfonamide,*COP(=O)([O-])[O-],431.32,-2.01,185.1,2,9,6,1,0.357,0.379,5.0,3.0,3.99,True,False,False,False,True,True,False,False,False,False
GLUE2077,O=C1CCC(N2Cc3cccc(NC(=O)CCOP(=O)([O-])[O-])c3C2=O)C(=O)N1,YOZJYUDYLNULTG-UHFFFAOYSA-L,acetamide,*COP(=O)([O-])[O-],409.29,-1.38,168.0,2,8,6,1,0.375,0.428,5.0,3.0,4.15,True,False,False,False,True,True,False,False,False,False
GLUE2078,O=C1CCC(N2Cc3cccc(NC(=O)NCOP(=O)([O-])[O-])c3C2=O)C(=O)N1,IDEQIEVIBJAYRM-UHFFFAOYSA-L,urea,*COP(=O)([O-])[O-],410.28,-1.63,180.0,3,8,5,1,0.333,0.294,5.0,3.0,3.81,True,False,False,False,True,True,False,False,False,False
GLUE2079,O=C1CCC(N2Cc3cccc(NC(=O)C4CNC(=O)O4)c3C2=O)C(=O)N1,GHJZHZZLFPKYDO-UHFFFAOYSA-N,amide,*C1CNC(=O)O1,372.34,-0.51,133.9,3,6,3,1,0.353,0.612,5.0,3.0,4.08,True,False,False,False,True,True,False,False,False,False
GLUE2080,O=C1CCC(N2Cc3cccc(NS(=O)(=O)C4CNC(=O)O4)c3C2=O)C(=O)N1,ZRFINBZSFNXGNR-UHFFFAOYSA-N,sulfonamide,*C1CNC(=O)O1,408.39,-0.74,151.0,3,7,4,1,0.375,0.555,5.0,3.0,3.82,True,False,False,False,True,True,False,False,False,False
GLUE2081,O=C1CCC(N2Cc3cccc(NC(=O)CC4CNC(=O)O4)c3C2=O)C(=O)N1,WJKUBLSQARYZIW-UHFFFAOYSA-N,acetamide,*C1CNC(=O)O1,386.36,-0.12,133.9,3,6,4,1,0.389,0.618,5.0,3.0,3.98,True,False,False,False,True,True,False,False,False,False
GLUE2082,O=C1CCC(N2Cc3cccc(NC(=O)NC4CNC(=O)O4)c3C2=O)C(=O)N1,UFUPJENGJBPDLZ-UHFFFAOYSA-N,urea,*C1CNC(=O)O1,387.35,-0.36,145.9,4,6,3,1,0.353,0.521,5.0,2.5,3.8,True,False,False,False,True,True,False,False,False,False
GLUE2083,O=C1CCC(N2Cc3cccc(NC(=O)OC4CNC(=O)O4)c3C2=O)C(=O)N1,SCXDAPHBVUESQW-UHFFFAOYSA-N,carbamate,*C1CNC(=O)O1,388.34,0.06,143.1,3,7,3,1,0.353,0.621,5.0,3.0,3.96,True,False,False,False,True,True,False,False,False,False
GLUE2084,Nc1nc(N)c2nc(C(=O)Nc3cccc4c3C(=O)N(C3CCC(=O)NC3=O)C4)c(N)nc2n1,RWNGESZSHYHXDU-UHFFFAOYSA-N,amide,*c1nc2c(N)nc(N)nc2nc1N,462.43,-0.82,225.2,5,11,3,3,0.2,0.302,4.5,2.5,3.27,False,False,False,False,True,True,False,False,False,False
GLUE2085,Nc1nc(N)c2nc(S(=O)(=O)Nc3cccc4c3C(=O)N(C3CCC(=O)NC3=O)C4)c(N)nc2n1,TYRVDMXMWFCSBJ-UHFFFAOYSA-N,sulfonamide,*c1nc2c(N)nc(N)nc2nc1N,498.49,-1.27,242.3,5,12,4,3,0.211,0.264,4.5,2.5,3.01,False,False,False,False,True,True,False,False,False,False
GLUE2086,Nc1nc(N)c2nc(CC(=O)Nc3cccc4c3C(=O)N(C3CCC(=O)NC3=O)C4)c(N)nc2n1,KMENEQUJHUIOCL-UHFFFAOYSA-N,acetamide,*c1nc2c(N)nc(N)nc2nc1N,476.46,-0.89,225.2,5,11,4,3,0.238,0.29,4.5,2.5,3.17,False,False,False,False,True,True,False,False,False,False
GLUE2087,Nc1nc(N)c2nc(NC(=O)Nc3cccc4c3C(=O)N(C3CCC(=O)NC3=O)C4)c(N)nc2n1,PPLXVGNZPOGBNY-UHFFFAOYSA-N,urea,*c1nc2c(N)nc(N)nc2nc1N,477.45,-0.43,237.2,6,11,3,3,0.2,0.265,4.5,2.5,3.16,False,False,False,False,True,True,False,False,False,False
GLUE2088,Nc1nc(N)c2nc(OC(=O)Nc3cccc4c3C(=O)N(C3CCC(=O)NC3=O)C4)c(N)nc2n1,XIKWIZBNWGZOKI-UHFFFAOYSA-N,carbamate,*c1nc2c(N)nc(N)nc2nc1N,478.43,-0.46,234.4,5,12,3,3,0.2,0.301,4.5,2.5,3.15,False,False,False,False,True,True,False,False,False,False
GLUE2089,O=C1CCC(N2Cc3cccc(NC(=O)c4cscn4)c3C2=O)C(=O)N1,XWKITBXOBMGIAE-UHFFFAOYSA-N,amide,*c1cscn1,370.39,1.16,108.5,2,6,3,2,0.235,0.788,5.0,3.5,4.81,True,False,False,False,True,True,True,True,False,False
GLUE2090,O=C1CCC(N2Cc3cccc(NS(=O)(=O)c4cscn4)c3C2=O)C(=O)N1,AMASVVTYZCVAOS-UHFFFAOYSA-N,sulfonamide,*c1cscn1,406.45,0.7,125.5,2,7,4,2,0.25,0.72,5.0,3.0,4.17,True,False,False,False,True,True,False,False,False,False
GLUE2091,O=C1CCC(N2Cc3cccc(NC(=O)Cc4cscn4)c3C2=O)C(=O)N1,YJXNMPYCDHSXLD-UHFFFAOYSA-N,acetamide,*c1cscn1,384.42,1.09,108.5,2,6,4,2,0.278,0.767,5.0,3.5,4.71,True,False,False,False,True,True,True,True,False,False
GLUE2092,O=C1CCC(N2Cc3cccc(NC(=O)Nc4cscn4)c3C2=O)C(=O)N1,WFQPLGJCEIKGFH-UHFFFAOYSA-N,urea,*c1cscn1,385.41,1.55,120.5,3,6,3,2,0.235,0.692,5.0,3.0,3.99,True,False,False,False,True,True,False,False,False,False
GLUE2093,O=C1CCC(N2Cc3cccc(NC(=O)Oc4cscn4)c3C2=O)C(=O)N1,NVNCALRJHDJUTI-UHFFFAOYSA-N,carbamate,*c1cscn1,386.39,1.51,117.7,2,7,3,2,0.235,0.772,5.0,3.5,4.39,True,False,False,False,True,True,True,True,False,False
GLUE2094,O=C1CCC(N2Cc3cccc(NC(=O)c4cnccn4)c3C2=O)C(=O)N1,GYYSWASNQOMLEH-UHFFFAOYSA-N,amide,*c1cnccn1,365.35,0.49,121.4,2,6,3,2,0.222,0.764,5.0,3.0,4.46,True,False,False,False,True,True,False,False,False,False
GLUE2095,O=C1CCC(N2Cc3cccc(NS(=O)(=O)c4cnccn4)c3C2=O)C(=O)N1,ACGUTGKFYYSLOF-UHFFFAOYSA-N,sulfonamide,*c1cnccn1,401.4,0.04,138.4,2,7,4,2,0.235,0.69,5.0,3.0,4.2,True,False,False,False,True,True,False,False,False,False
GLUE2096,O=C1CCC(N2Cc3cccc(NC(=O)Cc4cnccn4)c3C2=O)C(=O)N1,LMGHWCHYVWXHSG-UHFFFAOYSA-N,acetamide,*c1cnccn1,379.38,0.42,121.4,2,6,4,2,0.263,0.743,5.0,3.0,4.36,True,False,False,False,True,True,False,False,False,False
GLUE2097,O=C1CCC(N2Cc3cccc(NC(=O)Nc4cnccn4)c3C2=O)C(=O)N1,GLSWHHLVMPMGGU-UHFFFAOYSA-N,urea,*c1cnccn1,380.36,0.88,133.4,3,6,3,2,0.222,0.677,5.0,3.0,4.02,True,False,False,False,True,True,False,False,False,False
GLUE2098,O=C1CCC(N2Cc3cccc(NC(=O)Oc4cnccn4)c3C2=O)C(=O)N1,PYFUVKYDKUAKQM-UHFFFAOYSA-N,carbamate,*c1cnccn1,381.35,0.85,130.6,2,7,3,2,0.222,0.754,5.0,3.0,4.35,True,False,False,False,True,True,False,False,False,False
GLUE2099,C[C@@H](N)CC(=O)Nc1cccc2c1C(=O)N(C1CCC(=O)NC1=O)C2,QMZCBAHXFBFAHZ-PKEIRNPWSA-N,amide,*C[C@@H](C)N,344.37,0.12,121.6,3,5,4,1,0.412,0.67,9.0,3.5,3.67,True,False,False,False,True,True,False,True,False,False
GLUE2100,C[C@@H](N)CS(=O)(=O)Nc1cccc2c1C(=O)N(C1CCC(=O)NC1=O)C2,FKVNNGNNADRKBJ-PKEIRNPWSA-N,sulfonamide,*C[C@@H](C)N,380.43,-0.46,138.7,3,6,5,1,0.438,0.591,9.0,3.0,3.52,True,False,False,False,True,True,False,False,False,False
GLUE2101,C[C@@H](N)CCC(=O)Nc1cccc2c1C(=O)N(C1CCC(=O)NC1=O)C2,NMNACDVLODFOKM-VUUHIHSGSA-N,acetamide,*C[C@@H](C)N,358.4,0.51,121.6,3,5,5,1,0.444,0.662,9.0,3.5,3.67,True,False,False,False,True,True,False,True,False,False
GLUE2102,C[C@@H](N)CNC(=O)Nc1cccc2c1C(=O)N(C1CCC(=O)NC1=O)C2,JTLPUHWFNZBRPL-PKEIRNPWSA-N,urea,*C[C@@H](C)N,359.39,-0.08,133.6,4,5,4,1,0.412,0.558,9.0,3.0,3.5,True,False,False,False,True,True,False,False,False,False
GLUE2103,C[C@@H](N)COC(=O)Nc1cccc2c1C(=O)N(C1CCC(=O)NC1=O)C2,PNCPUDQCPUTRHJ-PKEIRNPWSA-N,carbamate,*C[C@@H](C)N,360.37,0.34,130.8,3,6,4,1,0.412,0.664,9.0,3.0,3.66,True,False,False,False,True,True,False,False,False,False
GLUE2104,O=C1CCC(N2Cc3cccc(NC(=O)C4CCCC4=O)c3C2=O)C(=O)N1,VFCJZDHDJSENBJ-UHFFFAOYSA-N,amide,*C1CCCC1=O,369.38,0.76,112.7,2,5,3,1,0.421,0.603,5.0,3.5,4.68,True,False,False,False,True,True,True,True,False,False
GLUE2105,O=C1CCC(N2Cc3cccc(NS(=O)(=O)C4CCCC4=O)c3C2=O)C(=O)N1,MPTCKUZREFHYOT-UHFFFAOYSA-N,sulfonamide,*C1CCCC1=O,405.43,0.31,129.7,2,6,4,1,0.444,0.694,5.0,3.0,4.18,True,False,False,False,True,True,False,False,False,False
GLUE2106,O=C1CCC(N2Cc3cccc(NC(=O)CC4CCCC4=O)c3C2=O)C(=O)N1,AAQXTHYZRGMXIU-UHFFFAOYSA-N,acetamide,*C1CCCC1=O,383.4,1.15,112.7,2,5,4,1,0.45,0.757,5.0,3.5,4.58,True,False,False,False,True,True,True,True,False,False
GLUE2107,O=C1CCC(N2Cc3cccc(NC(=O)NC4CCCC4=O)c3C2=O)C(=O)N1,AHRZZQSQSUDVSC-UHFFFAOYSA-N,urea,*C1CCCC1=O,384.39,0.69,124.7,3,5,3,1,0.421,0.662,5.0,3.0,3.99,True,False,False,False,True,True,False,False,False,False
GLUE2108,O=C1CCC(N2Cc3cccc(NC(=O)OC4CCCC4=O)c3C2=O)C(=O)N1,WSZKFUXXEMPUPZ-UHFFFAOYSA-N,carbamate,*C1CCCC1=O,385.38,1.12,121.9,2,6,3,1,0.421,0.752,5.0,3.0,4.32,True,False,False,False,True,True,False,False,False,False
GLUE2109,Cc1cnc(C(=O)Nc2cccc3c2C(=O)N(C2CCC(=O)NC2=O)C3)s1,YYMNXHJAMQGPHH-UHFFFAOYSA-N,amide,*c1ncc(C)s1,384.42,1.46,108.5,2,6,3,2,0.278,0.779,5.0,3.5,4.71,True,False,False,False,True,True,True,True,False,False
GLUE2110,Cc1cnc(S(=O)(=O)Nc2cccc3c2C(=O)N(C2CCC(=O)NC2=O)C3)s1,FIGGECPDKUVLSD-UHFFFAOYSA-N,sulfonamide,*c1ncc(C)s1,420.47,1.01,125.5,2,7,4,2,0.294,0.711,5.0,3.0,4.07,True,False,False,False,True,True,False,False,False,False
GLUE2111,Cc1cnc(CC(=O)Nc2cccc3c2C(=O)N(C2CCC(=O)NC2=O)C3)s1,NDKJSMSYZXCSNW-UHFFFAOYSA-N,acetamide,*c1ncc(C)s1,398.44,1.39,108.5,2,6,4,2,0.316,0.757,5.0,3.5,4.61,True,False,False,False,True,True,True,True,False,False
GLUE2112,Cc1cnc(NC(=O)Nc2cccc3c2C(=O)N(C2CCC(=O)NC2=O)C3)s1,VBJBDPRLTQRKNF-UHFFFAOYSA-N,urea,*c1ncc(C)s1,399.43,1.86,120.5,3,6,3,2,0.278,0.681,5.0,3.0,3.89,True,False,False,False,True,True,False,False,False,False
GLUE2113,Cc1cnc(OC(=O)Nc2cccc3c2C(=O)N(C2CCC(=O)NC2=O)C3)s1,FKMYWYLIVUSNLY-UHFFFAOYSA-N,carbamate,*c1ncc(C)s1,400.42,1.82,117.7,2,7,3,2,0.278,0.759,5.0,3.5,4.29,True,False,False,False,True,True,True,True,False,False
GLUE2114,O=C1CCC(N2Cc3cccc(NC(=O)c4ccc5ccccc5c4)c3C2=O)C(=O)N1,KWLSMLSUKMGNMA-UHFFFAOYSA-N,amide,*c1ccc2ccccc2c1,413.43,2.85,95.6,2,4,3,3,0.167,0.646,5.0,3.5,4.76,True,True,False,False,True,True,True,True,False,True
GLUE2115,O=C1CCC(N2Cc3cccc(NS(=O)(=O)c4ccc5ccccc5c4)c3C2=O)C(=O)N1,SGUBUHLMMDOMLH-UHFFFAOYSA-N,sulfonamide,*c1ccc2ccccc2c1,449.49,2.4,112.7,2,5,4,3,0.174,0.594,5.0,3.5,4.11,True,True,False,False,True,True,True,True,False,True
GLUE2116,O=C1CCC(N2Cc3cccc(NC(=O)Cc4ccc5ccccc5c4)c3C2=O)C(=O)N1,BDNUXFDKRJMNDS-UHFFFAOYSA-N,acetamide,*c1ccc2ccccc2c1,427.46,2.78,95.6,2,4,4,3,0.2,0.626,5.0,3.5,4.69,True,True,False,False,True,True,True,True,False,True
GLUE2117,O=C1CCC(N2Cc3cccc(NC(=O)Nc4ccc5ccccc5c4)c3C2=O)C(=O)N1,ZWJDGYKLAUUFBJ-UHFFFAOYSA-N,urea,*c1ccc2ccccc2c1,428.45,3.24,107.6,3,4,3,3,0.167,0.557,5.0,3.0,3.6,True,True,False,False,True,True,True,False,False,False
GLUE2118,O=C1CCC(N2Cc3cccc(NC(=O)Oc4ccc5ccccc5c4)c3C2=O)C(=O)N1,KPQRNHRVYQBWRM-UHFFFAOYSA-N,carbamate,*c1ccc2ccccc2c1,429.43,3.21,104.8,2,5,3,3,0.167,0.622,5.0,3.0,4.05,True,True,False,False,True,True,True,False,False,False
GLUE2119,O=C1CCC(N2Cc3cccc(NC(=O)N4Cc5ccccc5C4=O)c3C2=O)C(=O)N1,AFHRWCCDAZUVIA-UHFFFAOYSA-N,amide,*N1Cc2ccccc2C1=O,418.41,1.64,115.9,2,5,2,2,0.227,0.72,5.0,3.5,4.22,True,False,False,False,True,True,True,True,False,False
GLUE2120,O=C1CCC(N2Cc3cccc(NS(=O)(=O)N4Cc5ccccc5C4=O)c3C2=O)C(=O)N1,JLSWQXPMCXERJU-UHFFFAOYSA-N,sulfonamide,*N1Cc2ccccc2C1=O,454.46,0.76,133.0,2,6,4,2,0.238,0.656,5.0,3.0,3.83,False,False,False,False,True,True,False,False,False,False
GLUE2121,O=C1CCC(N2Cc3cccc(NC(=O)CN4Cc5ccccc5C4=O)c3C2=O)C(=O)N1,OROFAFIIKJEJCB-UHFFFAOYSA-N,acetamide,*N1Cc2ccccc2C1=O,432.44,1.04,115.9,2,5,4,2,0.261,0.701,5.0,3.5,4.12,True,False,False,False,True,True,True,True,False,False
GLUE2122,O=C1CCC(N2Cc3cccc(NC(=O)NN4Cc5ccccc5C4=O)c3C2=O)C(=O)N1,MRXXALHDXYPZOF-UHFFFAOYSA-N,urea,*N1Cc2ccccc2C1=O,433.42,1.14,127.9,3,5,3,2,0.227,0.626,5.0,3.0,3.64,True,False,False,False,True,True,False,False,False,False
GLUE2123,O=C1CCC(N2Cc3cccc(NC(=O)ON4Cc5ccccc5C4=O)c3C2=O)C(=O)N1,CGGNWJOZDFSEAA-UHFFFAOYSA-N,carbamate,*N1Cc2ccccc2C1=O,434.41,1.57,125.1,2,6,3,2,0.227,0.707,5.0,3.0,3.97,True,False,False,False,True,True,False,False,False,False
GLUE2124,Nc1ncc2ncn(C(=O)Nc3cccc4c3C(=O)N(C3CCC(=O)NC3=O)C4)c2n1,HIHIDPZNXAKJDB-UHFFFAOYSA-N,amide,*n1cnc2cnc(N)nc21,420.39,0.25,165.2,3,8,2,3,0.211,0.496,4.5,3.0,3.74,True,False,False,False,True,True,False,False,False,False
GLUE2125,Nc1ncc2ncn(S(=O)(=O)Nc3cccc4c3C(=O)N(C3CCC(=O)NC3=O)C4)c2n1,OEQAMHRIZWMPQW-UHFFFAOYSA-N,sulfonamide,*n1cnc2cnc(N)nc21,456.44,-0.63,182.3,3,9,4,3,0.222,0.431,4.5,3.0,3.48,False,False,False,False,True,True,False,False,False,False
GLUE2126,Nc1ncc2ncn(CC(=O)Nc3cccc4c3C(=O)N(C3CCC(=O)NC3=O)C4)c2n1,WWNXNXPWBWERDO-UHFFFAOYSA-N,acetamide,*n1cnc2cnc(N)nc21,434.42,-0.19,165.2,3,8,4,3,0.25,0.475,4.5,3.0,3.64,True,False,False,False,True,True,False,False,False,False
GLUE2127,Nc1ncc2ncn(NC(=O)Nc3cccc4c3C(=O)N(C3CCC(=O)NC3=O)C4)c2n1,TUKQFVIHKYTENB-UHFFFAOYSA-N,urea,*n1cnc2cnc(N)nc21,435.4,-0.05,177.2,4,8,3,3,0.211,0.414,4.5,2.5,3.46,True,False,False,False,True,True,False,False,False,False
GLUE2128,Nc1ncc2ncn(OC(=O)Nc3cccc4c3C(=O)N(C3CCC(=O)NC3=O)C4)c2n1,SZFDDEAGCOCNHW-UHFFFAOYSA-N,carbamate,*n1cnc2cnc(N)nc21,436.39,-0.17,174.4,3,9,3,3,0.211,0.471,4.5,3.0,3.62,True,False,False,False,True,True,False,False,False,False
GLUE2129,O=C1CCC(N2Cc3cccc(NC(=O)c4ccc(Cl)cc4Cl)c3C2=O)C(=O)N1,RKZZPHBRBRWOMQ-UHFFFAOYSA-N,amide,*c1ccc(Cl)cc1Cl,432.26,3.01,95.6,2,4,3,2,0.2,0.729,5.0,3.0,4.54,True,True,False,False,True,True,True,False,False,False
GLUE2130,O=C1CCC(N2Cc3cccc(NS(=O)(=O)c4ccc(Cl)cc4Cl)c3C2=O)C(=O)N1,PSBZHRUICRUGIF-UHFFFAOYSA-N,sulfonamide,*c1ccc(Cl)cc1Cl,468.32,2.56,112.7,2,5,4,2,0.211,0.67,5.0,3.5,3.94,False,True,False,False,True,True,True,True,False,False
GLUE2131,O=C1CCC(N2Cc3cccc(NC(=O)Cc4ccc(Cl)cc4Cl)c3C2=O)C(=O)N1,PNUTZMCKBBSZPV-UHFFFAOYSA-N,acetamide,*c1ccc(Cl)cc1Cl,446.29,2.94,95.6,2,4,4,2,0.238,0.707,5.0,3.5,4.48,True,True,False,False,True,True,True,True,False,True
GLUE2132,O=C1CCC(N2Cc3cccc(NC(=O)Nc4ccc(Cl)cc4Cl)c3C2=O)C(=O)N1,FCLHPWYGTTVBHC-UHFFFAOYSA-N,urea,*c1ccc(Cl)cc1Cl,447.28,3.4,107.6,3,4,3,2,0.2,0.627,5.0,3.0,3.31,True,True,False,False,True,True,True,False,False,False
GLUE2133,O=C1CCC(N2Cc3cccc(NC(=O)Oc4ccc(Cl)cc4Cl)c3C2=O)C(=O)N1,CNTKGPAPXQRECO-UHFFFAOYSA-N,carbamate,*c1ccc(Cl)cc1Cl,448.26,3.37,104.8,2,5,3,2,0.2,0.701,5.0,3.0,3.76,True,True,False,False,True,True,True,False,False,False
GLUE2134,CC1=C(CC(=O)O)c2cc(F)ccc2C1C(=O)Nc1cccc2c1C(=O)N(C1CCC(=O)NC1=O)C2,VFFHEMORPBSRSV-UHFFFAOYSA-N,amide,*C1C(C)=C(CC(=O)O)c2cc(F)ccc21,491.48,2.57,132.9,3,5,5,2,0.269,0.551,5.0,3.0,3.19,False,True,False,False,True,True,False,False,False,False
GLUE2135,CC1=C(CC(=O)O)c2cc(F)ccc2C1S(=O)(=O)Nc1cccc2c1C(=O)N(C1CCC(=O)NC1=O)C2,YTPJKXUIYZKBJQ-UHFFFAOYSA-N,sulfonamide,*C1C(C)=C(CC(=O)O)c2cc(F)ccc21,527.53,2.33,149.9,3,6,6,2,0.28,0.488,5.0,2.5,3.17,False,True,False,False,True,True,False,False,False,False
GLUE2136,CC1=C(CC(=O)O)c2cc(F)ccc2C1CC(=O)Nc1cccc2c1C(=O)N(C1CCC(=O)NC1=O)C2,QRJGYZTYSLVBIC-UHFFFAOYSA-N,acetamide,*C1C(C)=C(CC(=O)O)c2cc(F)ccc21,505.5,2.96,132.9,3,5,6,2,0.296,0.517,5.0,2.5,2.94,False,True,False,False,True,True,False,False,False,False
GLUE2137,CC1=C(CC(=O)O)c2cc(F)ccc2C1NC(=O)Nc1cccc2c1C(=O)N(C1CCC(=O)NC1=O)C2,QUNZFINIJOLMEK-UHFFFAOYSA-N,urea,*C1C(C)=C(CC(=O)O)c2cc(F)ccc21,506.49,2.71,144.9,4,5,5,2,0.269,0.459,5.0,2.0,2.89,False,True,False,False,True,True,False,False,False,False
GLUE2138,CC1=C(CC(=O)O)c2cc(F)ccc2C1OC(=O)Nc1cccc2c1C(=O)N(C1CCC(=O)NC1=O)C2,INIXMVHCPAYZAG-UHFFFAOYSA-N,carbamate,*C1C(C)=C(CC(=O)O)c2cc(F)ccc21,507.47,3.14,142.1,3,6,5,2,0.269,0.528,5.0,2.0,2.78,False,True,False,False,True,True,False,False,False,False
GLUE2139,C[S+]([O-])c1ccc(C(=O)Nc2cccc3c2C(=O)N(C2CCC(=O)NC2=O)C3)cc1,CJKCLXSMGPEJDR-UHFFFAOYSA-N,amide,*c1ccc([S+](C)[O-])cc1,425.47,1.44,118.6,2,5,4,2,0.238,0.568,5.0,3.5,4.08,True,False,False,False,True,True,True,True,False,False
GLUE2140,C[S+]([O-])c1ccc(S(=O)(=O)Nc2cccc3c2C(=O)N(C2CCC(=O)NC2=O)C3)cc1,KQHPSMUCGBXSFH-UHFFFAOYSA-N,sulfonamide,*c1ccc([S+](C)[O-])cc1,461.52,0.99,135.7,2,6,5,2,0.25,0.503,5.0,3.0,3.77,False,False,False,False,True,True,False,False,False,False
GLUE2141,C[S+]([O-])c1ccc(CC(=O)Nc2cccc3c2C(=O)N(C2CCC(=O)NC2=O)C3)cc1,GTMANFFHNWKVFB-UHFFFAOYSA-N,acetamide,*c1ccc([S+](C)[O-])cc1,439.49,1.37,118.6,2,5,5,2,0.273,0.539,5.0,3.5,3.98,True,False,False,False,True,True,True,True,False,False
GLUE2142,C[S+]([O-])c1ccc(NC(=O)Nc2cccc3c2C(=O)N(C2CCC(=O)NC2=O)C3)cc1,ZRHXVWHXYJSCNP-UHFFFAOYSA-N,urea,*c1ccc([S+](C)[O-])cc1,440.48,1.83,130.7,3,5,4,2,0.238,0.493,5.0,3.0,3.59,True,False,False,False,True,True,False,False,False,False
GLUE2143,C[S+]([O-])c1ccc(OC(=O)Nc2cccc3c2C(=O)N(C2CCC(=O)NC2=O)C3)cc1,FWMRDMIHYKWUAZ-UHFFFAOYSA-N,carbamate,*c1ccc([S+](C)[O-])cc1,441.47,1.8,127.9,2,6,4,2,0.238,0.55,5.0,3.0,3.92,True,False,False,False,True,True,False,False,False,False
GLUE2144,O=C(CCCCCCC(=O)C(=O)Nc1cccc2c1C(=O)N(C1CCC(=O)NC1=O)C2)NO,IPAQGFBPRUSDRH-UHFFFAOYSA-N,amide,*C(=O)CCCCCCC(=O)NO,458.47,0.8,162.0,4,7,10,1,0.455,0.132,5.0,2.0,3.3,False,False,False,False,True,True,False,False,False,False
GLUE2145,O=C(CCCCCCC(=O)S(=O)(=O)Nc1cccc2c1C(=O)N(C1CCC(=O)NC1=O)C2)NO,WTFYBLVOIFJMEN-UHFFFAOYSA-N,sulfonamide,*C(=O)CCCCCCC(=O)NO,494.53,0.56,179.0,4,8,10,1,0.476,0.158,5.0,2.0,3.04,False,False,False,False,True,True,False,False,False,False
GLUE2146,O=C(CCCCCCC(=O)NO)CC(=O)Nc1cccc2c1C(=O)N(C1CCC(=O)NC1=O)C2,OSUVRAUXJJAKQT-UHFFFAOYSA-N,acetamide,*C(=O)CCCCCCC(=O)NO,472.5,1.19,162.0,4,7,11,1,0.478,0.124,5.0,1.5,3.2,False,False,False,False,True,True,False,False,False,False
GLUE2147,O=C(CCCCCCC(=O)NC(=O)Nc1cccc2c1C(=O)N(C1CCC(=O)NC1=O)C2)NO,UFEXVEVDZLEHFV-UHFFFAOYSA-N,urea,*C(=O)CCCCCCC(=O)NO,473.49,0.94,174.0,5,7,9,1,0.455,0.153,5.0,2.0,3.19,False,False,False,False,True,True,False,False,False,False
GLUE2148,O=C(CCCCCCC(=O)OC(=O)Nc1cccc2c1C(=O)N(C1CCC(=O)NC1=O)C2)NO,XFQCUAJZDOPOEM-UHFFFAOYSA-N,carbamate,*C(=O)CCCCCCC(=O)NO,474.47,1.37,171.2,4,8,9,1,0.455,0.104,5.0,2.0,3.18,False,False,False,False,True,True,False,False,False,False
GLUE2149,CC[C@H](C)C(=O)C(=O)Nc1cccc2c1C(=O)N(C1CCC(=O)NC1=O)C2,MTXWZAHCVAPNED-NKUHCKNESA-N,amide,*C(=O)[C@@H](C)CC,371.39,1.0,112.7,2,5,5,1,0.421,0.592,5.0,3.5,4.66,True,False,False,False,True,True,True,True,False,False
GLUE2150,CC[C@H](C)C(=O)S(=O)(=O)Nc1cccc2c1C(=O)N(C1CCC(=O)NC1=O)C2,SDGYALMOBAMPEU-NKUHCKNESA-N,sulfonamide,*C(=O)[C@@H](C)CC,407.45,0.76,129.7,2,6,5,1,0.444,0.693,5.0,3.0,4.16,True,False,False,False,True,True,False,False,False,False
GLUE2151,CC[C@H](C)C(=O)CC(=O)Nc1cccc2c1C(=O)N(C1CCC(=O)NC1=O)C2,ZXGUXLKPAKEPRH-ZSOXZCCMSA-N,acetamide,*C(=O)[C@@H](C)CC,385.42,1.39,112.7,2,5,6,1,0.45,0.568,5.0,3.5,4.56,True,False,False,False,True,True,True,True,False,False
GLUE2152,CC[C@H](C)C(=O)NC(=O)Nc1cccc2c1C(=O)N(C1CCC(=O)NC1=O)C2,FESQFYVWYFXCMO-NKUHCKNESA-N,urea,*C(=O)[C@@H](C)CC,386.41,1.14,124.7,3,5,4,1,0.421,0.67,5.0,3.0,3.98,True,False,False,False,True,True,False,False,False,False
GLUE2153,CC[C@H](C)C(=O)OC(=O)Nc1cccc2c1C(=O)N(C1CCC(=O)NC1=O)C2,IFZQNZBCAQZAEZ-NKUHCKNESA-N,carbamate,*C(=O)[C@@H](C)CC,387.39,1.57,121.9,2,6,4,1,0.421,0.459,5.0,3.0,4.3,True,False,False,False,True,True,False,False,False,False
GLUE2154,CC(C(=O)Nc1cccc2c1C(=O)N(C1CCC(=O)NC1=O)C2)N(O)C(N)=O,DANWDWWNMNMHLC-UHFFFAOYSA-N,amide,*C(C)N(O)C(N)=O,389.37,-0.46,162.1,4,6,4,1,0.353,0.309,5.0,2.5,3.79,True,False,False,False,True,True,False,False,False,False
GLUE2155,CC(N(O)C(N)=O)S(=O)(=O)Nc1cccc2c1C(=O)N(C1CCC(=O)NC1=O)C2,XHQPGZQNZQZTOU-UHFFFAOYSA-N,sulfonamide,*C(C)N(O)C(N)=O,425.42,-0.69,179.2,4,7,5,1,0.375,0.274,5.0,2.5,3.53,True,False,False,False,True,True,False,False,False,False
GLUE2156,CC(CC(=O)Nc1cccc2c1C(=O)N(C1CCC(=O)NC1=O)C2)N(O)C(N)=O,KOZJTCGHYJVJNE-UHFFFAOYSA-N,acetamide,*C(C)N(O)C(N)=O,403.4,-0.07,162.1,4,6,5,1,0.389,0.306,5.0,2.5,3.69,True,False,False,False,True,True,False,False,False,False
GLUE2157,CC(NC(=O)Nc1cccc2c1C(=O)N(C1CCC(=O)NC1=O)C2)N(O)C(N)=O,USFVIFYSGFIHDI-UHFFFAOYSA-N,urea,*C(C)N(O)C(N)=O,404.38,-0.31,174.2,5,6,4,1,0.353,0.199,5.0,2.5,3.68,True,False,False,False,True,True,False,False,False,False
GLUE2158,CC(OC(=O)Nc1cccc2c1C(=O)N(C1CCC(=O)NC1=O)C2)N(O)C(N)=O,MSZHHYGZOLJGPX-UHFFFAOYSA-N,carbamate,*C(C)N(O)C(N)=O,405.37,0.11,171.4,4,7,4,1,0.353,0.238,5.0,2.5,3.68,True,False,False,False,True,True,False,False,False,False
GLUE2159,O=C1CCC(N2Cc3cccc(NC(=O)c4cc(Br)ccc4O)c3C2=O)C(=O)N1,ILXHEHFRMFRAHE-UHFFFAOYSA-N,amide,*c1cc(Br)ccc1O,458.27,2.17,115.8,3,5,3,2,0.2,0.61,5.0,3.5,3.6,False,True,False,False,True,True,True,True,False,False
GLUE2160,O=C1CCC(N2Cc3cccc(NS(=O)(=O)c4cc(Br)ccc4O)c3C2=O)C(=O)N1,VAZSZHXPLRRTLN-UHFFFAOYSA-N,sulfonamide,*c1cc(Br)ccc1O,494.32,1.72,132.9,3,6,4,2,0.211,0.555,5.0,3.0,3.21,False,False,False,False,True,True,False,False,False,False
GLUE2161,O=C1CCC(N2Cc3cccc(NC(=O)Cc4cc(Br)ccc4O)c3C2=O)C(=O)N1,ZUSLEVZBMCMOHU-UHFFFAOYSA-N,acetamide,*c1cc(Br)ccc1O,472.3,2.1,115.8,3,5,4,2,0.238,0.59,5.0,3.5,3.5,False,True,False,False,True,True,True,True,False,False
GLUE2162,O=C1CCC(N2Cc3cccc(NC(=O)Nc4cc(Br)ccc4O)c3C2=O)C(=O)N1,QQBBNWARLOCPDI-UHFFFAOYSA-N,urea,*c1cc(Br)ccc1O,473.28,2.56,127.8,4,5,3,2,0.2,0.403,5.0,2.5,3.16,False,True,False,False,True,True,False,False,False,False
GLUE2163,O=C1CCC(N2Cc3cccc(NC(=O)Oc4cc(Br)ccc4O)c3C2=O)C(=O)N1,CWCZYCOZUTYXIZ-UHFFFAOYSA-N,carbamate,*c1cc(Br)ccc1O,474.27,2.53,125.0,3,6,3,2,0.2,0.588,5.0,3.0,3.34,False,True,False,False,True,True,False,False,False,False
GLUE2164,O=C1CCC(N2Cc3cccc(NC(=O)c4ncncc4F)c3C2=O)C(=O)N1,WQFCFNLJPNOZIQ-UHFFFAOYSA-N,amide,*c1ncncc1F,383.34,0.63,121.4,2,6,3,2,0.222,0.75,5.0,3.0,4.33,True,False,False,False,True,True,False,False,False,False
GLUE2165,O=C1CCC(N2Cc3cccc(NS(=O)(=O)c4ncncc4F)c3C2=O)C(=O)N1,DEDFOCDFIPDZLL-UHFFFAOYSA-N,sulfonamide,*c1ncncc1F,419.39,0.18,138.4,2,7,4,2,0.235,0.532,5.0,3.0,4.08,True,False,False,False,True,True,False,False,False,False
GLUE2166,O=C1CCC(N2Cc3cccc(NC(=O)Cc4ncncc4F)c3C2=O)C(=O)N1,HWBCYVAJRUYJLX-UHFFFAOYSA-N,acetamide,*c1ncncc1F,397.37,0.56,121.4,2,6,4,2,0.263,0.727,5.0,3.0,4.23,True,False,False,False,True,True,False,False,False,False
GLUE2167,O=C1CCC(N2Cc3cccc(NC(=O)Nc4ncncc4F)c3C2=O)C(=O)N1,JLNGHYLLOCWZML-UHFFFAOYSA-N,urea,*c1ncncc1F,398.35,1.02,133.4,3,6,3,2,0.222,0.661,5.0,3.0,3.89,True,False,False,False,True,True,False,False,False,False
GLUE2168,O=C1CCC(N2Cc3cccc(NC(=O)Oc4ncncc4F)c3C2=O)C(=O)N1,VHRYEJMHCJMDCD-UHFFFAOYSA-N,carbamate,*c1ncncc1F,399.34,0.99,130.6,2,7,3,2,0.222,0.736,5.0,3.0,4.22,True,False,False,False,True,True,False,False,False,False
GLUE2169,O=C1CCC(N2Cc3cccc(NC(=O)C(=O)C(Cl)Cl)c3C2=O)C(=O)N1,UMXJCZVOGMMCNO-UHFFFAOYSA-N,amide,*C(=O)C(Cl)Cl,398.2,0.76,112.7,2,5,4,1,0.312,0.442,5.0,3.5,4.47,True,False,False,False,True,True,True,True,False,False
GLUE2170,O=C1CCC(N2Cc3cccc(NS(=O)(=O)C(=O)C(Cl)Cl)c3C2=O)C(=O)N1,GYASKMVWQKARBZ-UHFFFAOYSA-N,sulfonamide,*C(=O)C(Cl)Cl,434.26,0.52,129.7,2,6,4,1,0.333,0.525,5.0,3.0,3.97,True,False,False,False,True,True,False,False,False,False
GLUE2171,O=C1CCC(N2Cc3cccc(NC(=O)CC(=O)C(Cl)Cl)c3C2=O)C(=O)N1,DGTYHBGNRREDJO-UHFFFAOYSA-N,acetamide,*C(=O)C(Cl)Cl,412.23,1.15,112.7,2,5,5,1,0.353,0.428,5.0,3.5,4.37,True,False,False,False,True,True,True,True,False,False
GLUE2172,O=C1CCC(N2Cc3cccc(NC(=O)NC(=O)C(Cl)Cl)c3C2=O)C(=O)N1,PVXRPSGXSBLYJR-UHFFFAOYSA-N,urea,*C(=O)C(Cl)Cl,413.22,0.9,124.7,3,5,3,1,0.312,0.502,5.0,3.0,3.79,True,False,False,False,True,True,False,False,False,False
GLUE2173,O=C1CCC(N2Cc3cccc(NC(=O)OC(=O)C(Cl)Cl)c3C2=O)C(=O)N1,WDPPEWXXGZISQG-UHFFFAOYSA-N,carbamate,*C(=O)C(Cl)Cl,414.2,1.33,121.9,2,6,3,1,0.312,0.333,5.0,3.0,4.11,True,False,False,False,True,True,False,False,False,False
GLUE2174,CC1(C(=O)Nc2cccc3c2C(=O)N(C2CCC(=O)NC2=O)C3)CC(=O)NC1=O,WAKSIKLTNFZIGC-UHFFFAOYSA-N,amide,*C1(C)CC(=O)NC1=O,398.38,-0.56,141.8,3,6,3,1,0.368,0.46,5.0,3.0,3.89,True,False,False,False,True,True,False,False,False,False
GLUE2175,CC1(S(=O)(=O)Nc2cccc3c2C(=O)N(C2CCC(=O)NC2=O)C3)CC(=O)NC1=O,JVSNHZRSEMKSRQ-UHFFFAOYSA-N,sulfonamide,*C1(C)CC(=O)NC1=O,434.43,-1.01,158.8,3,7,4,1,0.389,0.512,5.0,3.0,3.64,True,False,False,False,True,True,False,False,False,False
GLUE2176,CC1(CC(=O)Nc2cccc3c2C(=O)N(C2CCC(=O)NC2=O)C3)CC(=O)NC1=O,MBYUKTIWGHBPQB-UHFFFAOYSA-N,acetamide,*C1(C)CC(=O)NC1=O,412.4,-0.17,141.8,3,6,4,1,0.4,0.586,5.0,3.0,3.79,True,False,False,False,True,True,False,False,False,False
GLUE2177,CC1(NC(=O)Nc2cccc3c2C(=O)N(C2CCC(=O)NC2=O)C3)CC(=O)NC1=O,SSKYJWDFFMBMEM-UHFFFAOYSA-N,urea,*C1(C)CC(=O)NC1=O,413.39,-0.63,153.8,4,6,3,1,0.368,0.484,5.0,2.5,3.62,True,False,False,False,True,True,False,False,False,False
GLUE2178,CC1(OC(=O)Nc2cccc3c2C(=O)N(C2CCC(=O)NC2=O)C3)CC(=O)NC1=O,HMZXVPASZUYDNQ-UHFFFAOYSA-N,carbamate,*C1(C)CC(=O)NC1=O,414.37,-0.2,151.0,3,7,3,1,0.368,0.58,5.0,3.0,3.78,True,False,False,False,True,True,False,False,False,False
GLUE2179,NCC(CC(=O)O)C(=O)Nc1cccc2c1C(=O)N(C1CCC(=O)NC1=O)C2,IIDJSKCMVXFTQA-UHFFFAOYSA-N,amide,*C(CN)CC(=O)O,388.38,-0.56,158.9,4,6,6,1,0.389,0.475,9.0,2.5,3.3,True,False,False,False,True,True,False,False,False,False
GLUE2180,NCC(CC(=O)O)S(=O)(=O)Nc1cccc2c1C(=O)N(C1CCC(=O)NC1=O)C2,SOJOTUBZOJWWCT-UHFFFAOYSA-N,sulfonamide,*C(CN)CC(=O)O,424.44,-1.01,176.0,4,7,7,1,0.412,0.402,9.0,2.5,3.04,True,False,False,False,True,True,False,False,False,False
GLUE2181,NCC(CC(=O)O)CC(=O)Nc1cccc2c1C(=O)N(C1CCC(=O)NC1=O)C2,BGVCYOPJWQWQHJ-UHFFFAOYSA-N,acetamide,*C(CN)CC(=O)O,402.41,-0.17,158.9,4,6,7,1,0.421,0.461,9.0,2.5,3.2,True,False,False,False,True,True,False,False,False,False
GLUE2182,NCC(CC(=O)O)NC(=O)Nc1cccc2c1C(=O)N(C1CCC(=O)NC1=O)C2,YGVUUZQTLUOTRF-UHFFFAOYSA-N,urea,*C(CN)CC(=O)O,403.4,-0.63,170.9,5,6,6,1,0.389,0.394,9.0,2.5,3.19,True,False,False,False,True,True,False,False,False,False
GLUE2183,NCC(CC(=O)O)OC(=O)Nc1cccc2c1C(=O)N(C1CCC(=O)NC1=O)C2,UPDLCSFAJNDFPN-UHFFFAOYSA-N,carbamate,*C(CN)CC(=O)O,404.38,-0.2,168.1,4,7,6,1,0.389,0.473,9.0,2.5,3.18,True,False,False,False,True,True,False,False,False,False
GLUE2184,Nc1ccc(O)c(C(=O)Nc2cccc3c2C(=O)N(C2CCC(=O)NC2=O)C3)c1,ABKFMVKDCMUOTG-UHFFFAOYSA-N,amide,*c1cc(N)ccc1O,394.39,0.99,141.8,4,6,3,2,0.2,0.347,4.5,2.5,3.75,True,False,False,False,True,True,False,False,False,False
GLUE2185,Nc1ccc(O)c(S(=O)(=O)Nc2cccc3c2C(=O)N(C2CCC(=O)NC2=O)C3)c1,ZWVKWETXUUVBRG-UHFFFAOYSA-N,sulfonamide,*c1cc(N)ccc1O,430.44,0.54,158.9,4,7,4,2,0.211,0.313,4.5,2.5,3.5,True,False,False,False,True,True,False,False,False,False
GLUE2186,Nc1ccc(O)c(CC(=O)Nc2cccc3c2C(=O)N(C2CCC(=O)NC2=O)C3)c1,CGNWFNKAFKKADI-UHFFFAOYSA-N,acetamide,*c1cc(N)ccc1O,408.41,0.92,141.8,4,6,4,2,0.238,0.337,4.5,2.5,3.65,True,False,False,False,True,True,False,False,False,False
GLUE2187,Nc1ccc(O)c(NC(=O)Nc2cccc3c2C(=O)N(C2CCC(=O)NC2=O)C3)c1,GMDLMFZPNBWSIG-UHFFFAOYSA-N,urea,*c1cc(N)ccc1O,409.4,1.38,153.9,5,6,3,2,0.2,0.223,4.5,2.5,3.65,True,False,False,False,True,True,False,False,False,False
GLUE2188,Nc1ccc(O)c(OC(=O)Nc2cccc3c2C(=O)N(C2CCC(=O)NC2=O)C3)c1,DDDAFDIFHLLGOS-UHFFFAOYSA-N,carbamate,*c1cc(N)ccc1O,410.39,1.35,151.1,4,7,3,2,0.2,0.339,4.5,2.5,3.64,True,False,False,False,True,True,False,False,False,False
GLUE2189,CC1(C)CCC(C)(C)c2cc(C(=O)Nc3cccc4c3C(=O)N(C3CCC(=O)NC3=O)C4)ccc21,KSXUKUJYZJSIDP-UHFFFAOYSA-N,amide,*c1ccc2c(c1)C(C)(C)CCC2(C)C,473.57,4.05,95.6,2,4,3,2,0.429,0.658,5.0,3.0,3.2,False,False,False,False,True,True,True,False,False,False
GLUE2190,CC1(C)CCC(C)(C)c2cc(S(=O)(=O)Nc3cccc4c3C(=O)N(C3CCC(=O)NC3=O)C4)ccc21,PAJLOKZKOCDJHY-UHFFFAOYSA-N,sulfonamide,*c1ccc2c(c1)C(C)(C)CCC2(C)C,509.63,3.6,112.7,2,5,4,2,0.444,0.612,5.0,2.5,2.9,False,True,False,False,True,True,True,False,False,False
GLUE2191,CC1(C)CCC(C)(C)c2cc(CC(=O)Nc3cccc4c3C(=O)N(C3CCC(=O)NC3=O)C4)ccc21,HCEVZWPRFBDLOM-UHFFFAOYSA-N,acetamide,*c1ccc2c(c1)C(C)(C)CCC2(C)C,487.6,3.98,95.6,2,4,4,2,0.448,0.638,5.0,3.0,3.17,False,True,False,False,True,True,True,False,False,False
GLUE2192,CC1(C)CCC(C)(C)c2cc(NC(=O)Nc3cccc4c3C(=O)N(C3CCC(=O)NC3=O)C4)ccc21,BSMTZUVJAGRZET-UHFFFAOYSA-N,urea,*c1ccc2c(c1)C(C)(C)CCC2(C)C,488.59,4.44,107.6,3,4,3,2,0.429,0.555,5.0,3.0,1.97,False,False,False,False,True,True,True,False,False,False
GLUE2193,CC1(C)CCC(C)(C)c2cc(OC(=O)Nc3cccc4c3C(=O)N(C3CCC(=O)NC3=O)C4)ccc21,SXKIWIDANDXDAB-UHFFFAOYSA-N,carbamate,*c1ccc2c(c1)C(C)(C)CCC2(C)C,489.57,4.41,104.8,2,5,3,2,0.429,0.622,5.0,3.0,2.42,False,False,False,False,True,True,True,False,False,False
GLUE2194,O=C1CCC(N2Cc3cccc(NC(=O)n4cc(I)c(=O)[nH]c4=O)c3C2=O)C(=O)N1,ANDPFMQWAKGOFC-UHFFFAOYSA-N,amide,*n1cc(I)c(=O)[nH]c1=O,523.24,-0.02,150.4,3,6,2,2,0.222,0.372,5.0,2.5,3.17,False,False,False,False,True,True,False,False,False,False
GLUE2195,O=C1CCC(N2Cc3cccc(NC(=O)Cn4cc(I)c(=O)[nH]c4=O)c3C2=O)C(=O)N1,XPOFOXKGCIIJMA-UHFFFAOYSA-N,acetamide,*n1cc(I)c(=O)[nH]c1=O,537.27,-0.46,150.4,3,6,4,2,0.263,0.355,5.0,2.5,3.17,False,False,False,False,True,True,False,False,False,False
GLUE2196,O=C1CCC(N2Cc3cccc(NC(=O)Nn4cc(I)c(=O)[nH]c4=O)c3C2=O)C(=O)N1,VKJKRBBNQTZUHD-UHFFFAOYSA-N,urea,*n1cc(I)c(=O)[nH]c1=O,538.26,-0.32,162.5,4,6,3,2,0.222,0.309,5.0,2.0,3.0,False,False,False,False,True,True,False,False,False,False
GLUE2197,O=C1CCC(N2Cc3cccc(NC(=O)On4cc(I)c(=O)[nH]c4=O)c3C2=O)C(=O)N1,NIFHVGTUSJSALQ-UHFFFAOYSA-N,carbamate,*n1cc(I)c(=O)[nH]c1=O,539.24,-0.44,159.7,3,7,3,2,0.222,0.352,5.0,2.5,3.17,False,False,False,False,True,True,False,False,False,False
GLUE2198,O=C1CCC(N2Cc3cccc(NC(=O)c4ccc5c(c4)CCC(=O)N5)c3C2=O)C(=O)N1,QHXKKJZPHKKVPK-UHFFFAOYSA-N,amide,*c1ccc2c(c1)CCC(=O)N2,432.44,1.58,124.7,3,5,3,2,0.261,0.636,5.0,3.0,3.65,True,False,False,False,True,True,False,False,False,False
GLUE2199,O=C1CCC(N2Cc3cccc(NS(=O)(=O)c4ccc5c(c4)CCC(=O)N5)c3C2=O)C(=O)N1,GSUFNVUGHSJFSF-UHFFFAOYSA-N,sulfonamide,*c1ccc2c(c1)CCC(=O)N2,468.49,1.13,141.8,3,6,4,2,0.273,0.575,5.0,3.0,3.39,False,False,False,False,True,True,False,False,False,False
GLUE2200,O=C1CCC(N2Cc3cccc(NC(=O)Cc4ccc5c(c4)CCC(=O)N5)c3C2=O)C(=O)N1,VXVRLULFGNBQFS-UHFFFAOYSA-N,acetamide,*c1ccc2c(c1)CCC(=O)N2,446.46,1.51,124.7,3,5,4,2,0.292,0.614,5.0,3.0,3.55,True,False,False,False,True,True,False,False,False,False
GLUE2201,O=C1CCC(N2Cc3cccc(NC(=O)Nc4ccc5c(c4)CCC(=O)N5)c3C2=O)C(=O)N1,BPTIDHRGFXRGHI-UHFFFAOYSA-N,urea,*c1ccc2c(c1)CCC(=O)N2,447.45,1.98,136.7,4,5,3,2,0.261,0.534,5.0,2.5,3.38,True,False,False,False,True,True,False,False,False,False
GLUE2202,O=C1CCC(N2Cc3cccc(NC(=O)Oc4ccc5c(c4)CCC(=O)N5)c3C2=O)C(=O)N1,AVXYSPRCKIPZNO-UHFFFAOYSA-N,carbamate,*c1ccc2c(c1)CCC(=O)N2,448.44,1.94,133.9,3,6,3,2,0.261,0.615,5.0,3.0,3.53,True,False,False,False,True,True,False,False,False,False
GLUE2203,Nc1cc(C(=O)Nc2cccc3c2C(=O)N(C2CCC(=O)NC2=O)C3)nc(N)[n+]1[O-],BKZYJCQPQJZINM-UHFFFAOYSA-N,amide,*c1cc(N)[n+]([O-])c(N)n1,411.38,-1.11,187.5,4,8,3,2,0.222,0.278,4.5,2.5,3.63,True,False,False,False,True,True,False,False,False,False
GLUE2204,Nc1cc(S(=O)(=O)Nc2cccc3c2C(=O)N(C2CCC(=O)NC2=O)C3)nc(N)[n+]1[O-],HIGVVFHTSWPYIS-UHFFFAOYSA-N,sulfonamide,*c1cc(N)[n+]([O-])c(N)n1,447.43,-1.56,204.5,4,9,4,2,0.235,0.185,4.5,2.5,3.38,True,False,False,False,True,True,False,False,False,False
GLUE2205,Nc1cc(CC(=O)Nc2cccc3c2C(=O)N(C2CCC(=O)NC2=O)C3)nc(N)[n+]1[O-],CRPQNBFNENETHK-UHFFFAOYSA-N,acetamide,*c1cc(N)[n+]([O-])c(N)n1,425.41,-1.18,187.5,4,8,4,2,0.263,0.267,4.5,2.5,3.53,True,False,False,False,True,True,False,False,False,False
GLUE2206,Nc1cc(NC(=O)Nc2cccc3c2C(=O)N(C2CCC(=O)NC2=O)C3)nc(N)[n+]1[O-],KEQGYAPOGVMDPH-UHFFFAOYSA-N,urea,*c1cc(N)[n+]([O-])c(N)n1,426.39,-0.72,199.5,5,8,3,2,0.222,0.24,4.5,2.5,3.53,True,False,False,False,True,True,False,False,False,False
GLUE2207,Nc1cc(OC(=O)Nc2cccc3c2C(=O)N(C2CCC(=O)NC2=O)C3)nc(N)[n+]1[O-],NIIWSNOXZKZLNV-UHFFFAOYSA-N,carbamate,*c1cc(N)[n+]([O-])c(N)n1,427.38,-0.75,196.7,4,9,3,2,0.222,0.277,4.5,2.5,3.52,True,False,False,False,True,True,False,False,False,False
GLUE2208,Cn1nnc2c(C(=O)Nc3cccc4c3C(=O)N(C3CCC(=O)NC3=O)C4)ncn2c1=O,HCSOIJNJRDGBLI-UHFFFAOYSA-N,amide,*c1ncn2c(=O)n(C)nnc12,436.39,-1.16,160.7,2,8,3,3,0.263,0.486,5.0,3.0,3.95,True,False,False,False,True,True,False,False,False,False
GLUE2209,Cn1nnc2c(S(=O)(=O)Nc3cccc4c3C(=O)N(C3CCC(=O)NC3=O)C4)ncn2c1=O,BCEYDAHJHVWCMO-UHFFFAOYSA-N,sulfonamide,*c1ncn2c(=O)n(C)nnc12,472.44,-1.62,177.7,2,9,4,3,0.278,0.423,5.0,3.0,3.7,False,False,False,False,True,True,False,False,False,False
GLUE2210,Cn1nnc2c(CC(=O)Nc3cccc4c3C(=O)N(C3CCC(=O)NC3=O)C4)ncn2c1=O,NGDPQCINMDSZSO-UHFFFAOYSA-N,acetamide,*c1ncn2c(=O)n(C)nnc12,450.42,-1.23,160.7,2,8,4,3,0.3,0.467,5.0,3.0,3.85,False,False,False,False,True,True,False,False,False,False
GLUE2211,Cn1nnc2c(NC(=O)Nc3cccc4c3C(=O)N(C3CCC(=O)NC3=O)C4)ncn2c1=O,VQXHGVHTAAXVNV-UHFFFAOYSA-N,urea,*c1ncn2c(=O)n(C)nnc12,451.4,-0.77,172.7,3,8,3,3,0.263,0.435,5.0,3.0,3.51,False,False,False,False,True,True,False,False,False,False
GLUE2212,Cn1nnc2c(OC(=O)Nc3cccc4c3C(=O)N(C3CCC(=O)NC3=O)C4)ncn2c1=O,ZONVAABMHWBUBP-UHFFFAOYSA-N,carbamate,*c1ncn2c(=O)n(C)nnc12,452.39,-0.81,169.9,2,9,3,3,0.263,0.483,5.0,3.0,3.84,False,False,False,False,True,True,False,False,False,False
GLUE2213,O=C1CCC(N2Cc3cccc(NC(=O)C(=O)NN4CCCCCC4)c3C2=O)C(=O)N1,WOXQIEAMFHEYGL-UHFFFAOYSA-N,amide,*C(=O)NN1CCCCCC1,427.46,0.29,127.9,3,6,3,1,0.476,0.47,9.5,3.0,2.93,True,False,False,False,True,True,False,False,False,False
GLUE2214,O=C1CCC(N2Cc3cccc(NS(=O)(=O)C(=O)NN4CCCCCC4)c3C2=O)C(=O)N1,OUOKYRGXJNORJI-UHFFFAOYSA-N,sulfonamide,*C(=O)NN1CCCCCC1,463.52,0.69,145.0,3,7,4,1,0.5,0.557,9.5,3.0,2.68,False,False,False,False,True,True,False,False,False,False
GLUE2215,O=C1CCC(N2Cc3cccc(NC(=O)CC(=O)NN4CCCCCC4)c3C2=O)C(=O)N1,LTXNVOGQJOCLQX-UHFFFAOYSA-N,acetamide,*C(=O)NN1CCCCCC1,441.49,0.68,127.9,3,6,5,1,0.5,0.456,9.5,3.0,2.83,True,False,False,False,True,True,False,False,False,False
GLUE2216,O=C1CCC(N2Cc3cccc(NC(=O)NC(=O)NN4CCCCCC4)c3C2=O)C(=O)N1,CDFPAURVBURVGP-UHFFFAOYSA-N,urea,*C(=O)NN1CCCCCC1,442.48,1.07,139.9,4,6,3,1,0.476,0.516,9.5,2.5,2.66,True,False,False,False,True,True,False,False,False,False
GLUE2217,O=C1CCC(N2Cc3cccc(NC(=O)OC(=O)NN4CCCCCC4)c3C2=O)C(=O)N1,WLUGUKKNUJYDGI-UHFFFAOYSA-N,carbamate,*C(=O)NN1CCCCCC1,443.46,1.5,137.2,3,7,3,1,0.476,0.475,9.5,3.0,2.82,True,False,False,False,True,True,False,False,False,False
GLUE2218,O=C1CCC(N2Cc3cccc(NC(=O)c4cccc(I)c4)c3C2=O)C(=O)N1,YIOOWEPAUGNBBW-UHFFFAOYSA-N,amide,*c1cccc(I)c1,489.27,2.3,95.6,2,4,3,2,0.2,0.511,5.0,3.5,4.39,False,True,False,False,True,True,True,True,False,False
GLUE2219,O=C1CCC(N2Cc3cccc(NS(=O)(=O)c4cccc(I)c4)c3C2=O)C(=O)N1,RKJRLQOXACWRBT-UHFFFAOYSA-N,sulfonamide,*c1cccc(I)c1,525.32,1.85,112.7,2,5,4,2,0.211,0.468,5.0,3.0,3.74,False,False,False,False,True,True,True,False,False,False
GLUE2220,O=C1CCC(N2Cc3cccc(NC(=O)Cc4cccc(I)c4)c3C2=O)C(=O)N1,WAHOPLISRLNGMO-UHFFFAOYSA-N,acetamide,*c1cccc(I)c1,503.3,2.23,95.6,2,4,4,2,0.238,0.495,5.0,3.0,4.31,False,True,False,False,True,True,True,False,False,False
GLUE2221,O=C1CCC(N2Cc3cccc(NC(=O)Nc4cccc(I)c4)c3C2=O)C(=O)N1,BWKHNOIORZFPGH-UHFFFAOYSA-N,urea,*c1cccc(I)c1,504.28,2.7,107.6,3,4,3,2,0.2,0.442,5.0,3.0,3.48,False,True,False,False,True,True,True,False,False,False
GLUE2222,O=C1CCC(N2Cc3cccc(NC(=O)Oc4cccc(I)c4)c3C2=O)C(=O)N1,MHEHPHGXRAUSEA-UHFFFAOYSA-N,carbamate,*c1cccc(I)c1,505.27,2.66,104.8,2,5,3,2,0.2,0.493,5.0,3.0,3.92,False,True,False,False,True,True,True,False,False,False
GLUE2223,O=C1CCC(N2Cc3cccc(NC(=O)NC4=NCCO4)c3C2=O)C(=O)N1,IWMKZTCUSIKGSM-UHFFFAOYSA-N,amide,*NC1=NCCO1,371.35,-0.04,129.2,3,6,2,1,0.353,0.628,5.0,3.0,4.09,True,False,False,False,True,True,False,False,False,False
GLUE2224,O=C1CCC(N2Cc3cccc(NS(=O)(=O)NC4=NCCO4)c3C2=O)C(=O)N1,OHARQRUHWHJCKF-UHFFFAOYSA-N,sulfonamide,*NC1=NCCO1,407.41,-0.92,146.3,3,7,4,1,0.375,0.55,5.0,3.0,3.83,True,False,False,False,True,True,False,False,False,False
GLUE2225,O=C1CCC(N2Cc3cccc(NC(=O)CNC4=NCCO4)c3C2=O)C(=O)N1,UMTNBBAXXKSXNO-UHFFFAOYSA-N,acetamide,*NC1=NCCO1,385.38,-0.64,129.2,3,7,4,1,0.389,0.592,9.0,3.0,3.49,True,False,False,False,True,True,False,False,False,False
GLUE2226,O=C1CCC(N2Cc3cccc(NC(=O)NNC4=NCCO4)c3C2=O)C(=O)N1,QEVGIAUMBQEOEK-UHFFFAOYSA-N,urea,*NC1=NCCO1,386.37,-0.54,141.2,4,7,2,1,0.353,0.397,9.0,2.5,3.31,True,False,False,False,True,True,False,False,False,False
GLUE2227,O=C1CCC(N2Cc3cccc(NC(=O)ONC4=NCCO4)c3C2=O)C(=O)N1,CEFJMDWLJFQAIT-UHFFFAOYSA-N,carbamate,*NC1=NCCO1,387.35,-0.11,138.4,3,8,2,1,0.353,0.475,9.0,3.0,3.47,True,False,False,False,True,True,False,False,False,False
GLUE2228,Nc1cccc2c1C(=O)N(C(=O)Nc1cccc3c1C(=O)N(C1CCC(=O)NC1=O)C3)C2=O,XKNZLLOIKOYPCD-UHFFFAOYSA-N,amide,*N1C(=O)c2cccc(N)c2C1=O,447.41,0.86,159.0,3,7,2,2,0.182,0.455,4.5,3.0,3.54,True,False,False,False,True,True,False,False,False,False
GLUE2229,Nc1cccc2c1C(=O)N(S(=O)(=O)Nc1cccc3c1C(=O)N(C1CCC(=O)NC1=O)C3)C2=O,FFZGVXXJXBQRBF-UHFFFAOYSA-N,sulfonamide,*N1C(=O)c2cccc(N)c2C1=O,483.46,-0.02,176.0,3,8,4,2,0.19,0.401,4.5,3.0,3.28,False,False,False,False,True,True,False,False,False,False
GLUE2230,Nc1cccc2c1C(=O)N(CC(=O)Nc1cccc3c1C(=O)N(C1CCC(=O)NC1=O)C3)C2=O,AKFUVPHAOQOQRJ-UHFFFAOYSA-N,acetamide,*N1C(=O)c2cccc(N)c2C1=O,461.43,0.26,159.0,3,7,4,2,0.217,0.435,4.5,3.0,3.44,False,False,False,False,True,True,False,False,False,False
GLUE2231,Nc1cccc2c1C(=O)N(NC(=O)Nc1cccc3c1C(=O)N(C1CCC(=O)NC1=O)C3)C2=O,OHORSSSGGSVTOZ-UHFFFAOYSA-N,urea,*N1C(=O)c2cccc(N)c2C1=O,462.42,0.36,171.0,4,7,3,2,0.182,0.377,4.5,2.5,3.27,False,False,False,False,True,True,False,False,False,False
GLUE2232,Nc1cccc2c1C(=O)N(OC(=O)Nc1cccc3c1C(=O)N(C1CCC(=O)NC1=O)C3)C2=O,LLZHQEQMVTZFTJ-UHFFFAOYSA-N,carbamate,*N1C(=O)c2cccc(N)c2C1=O,463.41,0.79,168.2,3,8,3,2,0.182,0.443,4.5,3.0,3.43,False,False,False,False,True,True,False,False,False,False
GLUE2233,C[C@@H]1CN(C(=O)Nc2cccc3c2C(=O)N(C2CCC(=O)NC2=O)C3)C[C@H](C)N1,YHNMEVHLMGEZFZ-ODOQXGPZSA-N,amide,*N1C[C@@H](C)N[C@@H](C)C1,399.45,0.66,110.8,3,5,2,1,0.5,0.633,9.0,3.5,3.69,True,False,False,False,True,True,True,True,False,False
GLUE2234,C[C@@H]1CN(S(=O)(=O)Nc2cccc3c2C(=O)N(C2CCC(=O)NC2=O)C3)C[C@H](C)N1,BMRMZKVSSXMLCP-ODOQXGPZSA-N,sulfonamide,*N1C[C@@H](C)N[C@@H](C)C1,435.51,-0.21,127.9,3,6,4,1,0.526,0.562,9.5,3.0,2.88,True,False,False,False,True,True,False,False,False,False
GLUE2235,C[C@@H]1CN(CC(=O)Nc2cccc3c2C(=O)N(C2CCC(=O)NC2=O)C3)C[C@H](C)N1,YHWLVRMBKSPOJR-OCZCAGDBSA-N,acetamide,*N1C[C@@H](C)N[C@@H](C)C1,413.48,0.07,110.8,3,6,4,1,0.524,0.603,9.5,3.5,3.34,True,False,False,False,True,True,True,True,False,False
GLUE2236,C[C@@H]1CN(NC(=O)Nc2cccc3c2C(=O)N(C2CCC(=O)NC2=O)C3)C[C@H](C)N1,IGAQOUITEDZROH-ODOQXGPZSA-N,urea,*N1C[C@@H](C)N[C@@H](C)C1,414.47,0.17,122.9,4,6,3,1,0.5,0.523,9.5,2.5,2.86,True,False,False,False,True,True,False,False,False,False
GLUE2237,C[C@@H]1CN(OC(=O)Nc2cccc3c2C(=O)N(C2CCC(=O)NC2=O)C3)C[C@H](C)N1,ZHNGUFOQXXTWRI-ODOQXGPZSA-N,carbamate,*N1C[C@@H](C)N[C@@H](C)C1,415.45,0.59,120.1,3,7,3,1,0.5,0.618,9.5,3.0,3.02,True,False,False,False,True,True,False,False,False,False
GLUE2238,O=C1CCC(N2Cc3cccc(NC(=O)[C@@H]4SC[C@@H]5NC(=O)N[C@@H]54)c3C2=O)C(=O)N1,XQXPZYZODDCIOB-JRWCODRMSA-N,amide,*[C@@H]1SC[C@@H]2NC(=O)N[C@@H]21,429.46,-0.45,136.7,4,6,3,1,0.421,0.38,5.0,2.5,3.5,True,False,False,False,True,True,False,False,False,False
GLUE2239,O=C1CCC(N2Cc3cccc(NS(=O)(=O)[C@@H]4SC[C@@H]5NC(=O)N[C@@H]54)c3C2=O)C(=O)N1,MMXDSKZWVODIBF-KXOIQSFWSA-N,sulfonamide,*[C@@H]1SC[C@@H]2NC(=O)N[C@@H]21,465.51,-0.69,153.8,4,7,4,1,0.444,0.339,5.0,2.5,3.25,False,False,False,False,True,True,False,False,False,False
GLUE2240,O=C1CCC(N2Cc3cccc(NC(=O)C[C@@H]4SC[C@@H]5NC(=O)N[C@@H]54)c3C2=O)C(=O)N1,POXAAGCLZVMUCH-NBZQMUKKSA-N,acetamide,*[C@@H]1SC[C@@H]2NC(=O)N[C@@H]21,443.49,-0.06,136.7,4,6,4,1,0.45,0.38,5.0,2.5,3.4,True,False,False,False,True,True,False,False,False,False
GLUE2241,O=C1CCC(N2Cc3cccc(NC(=O)N[C@@H]4SC[C@@H]5NC(=O)N[C@@H]54)c3C2=O)C(=O)N1,OSUQMHUVIOAHDV-FOLANACDSA-N,urea,*[C@@H]1SC[C@@H]2NC(=O)N[C@@H]21,444.47,-0.31,148.7,5,6,3,1,0.421,0.319,5.0,2.5,3.4,True,False,False,False,True,True,False,False,False,False
GLUE2242,O=C1CCC(N2Cc3cccc(NC(=O)O[C@@H]4SC[C@@H]5NC(=O)N[C@@H]54)c3C2=O)C(=O)N1,PAXOSCJQJZTYPS-YHSYKIEQSA-N,carbamate,*[C@@H]1SC[C@@H]2NC(=O)N[C@@H]21,445.46,0.12,145.9,4,7,3,1,0.421,0.382,5.0,2.5,3.39,True,False,False,False,True,True,False,False,False,False
GLUE2243,O=C1CCC(N2Cc3cccc(NC(=O)c4cccc5[nH]ccc45)c3C2=O)C(=O)N1,JXXGIUMOUNGCRR-UHFFFAOYSA-N,amide,*c1cccc2[nH]ccc12,402.41,2.18,111.4,3,4,3,3,0.182,0.583,5.0,3.5,4.15,True,True,False,False,True,True,True,True,False,True
GLUE2244,O=C1CCC(N2Cc3cccc(NS(=O)(=O)c4cccc5[nH]ccc45)c3C2=O)C(=O)N1,YJQFHJJNUQXIMA-UHFFFAOYSA-N,sulfonamide,*c1cccc2[nH]ccc12,438.47,1.73,128.4,3,5,4,3,0.19,0.535,5.0,3.0,3.61,True,False,False,False,True,True,False,False,False,False
GLUE2245,O=C1CCC(N2Cc3cccc(NC(=O)Cc4cccc5[nH]ccc45)c3C2=O)C(=O)N1,HIZQYUOPDLJCAC-UHFFFAOYSA-N,acetamide,*c1cccc2[nH]ccc12,416.44,2.11,111.4,3,4,4,3,0.217,0.566,5.0,3.5,4.05,True,True,False,False,True,True,True,True,False,True
GLUE2246,O=C1CCC(N2Cc3cccc(NC(=O)Nc4cccc5[nH]ccc45)c3C2=O)C(=O)N1,NHRZHPUZNHODAQ-UHFFFAOYSA-N,urea,*c1cccc2[nH]ccc12,417.43,2.57,123.4,4,4,3,3,0.182,0.489,5.0,2.5,3.55,True,True,False,False,True,True,False,False,False,False
GLUE2247,O=C1CCC(N2Cc3cccc(NC(=O)Oc4cccc5[nH]ccc45)c3C2=O)C(=O)N1,PJLUFPDLXODCTA-UHFFFAOYSA-N,carbamate,*c1cccc2[nH]ccc12,418.41,2.54,120.6,3,5,3,3,0.182,0.565,5.0,3.0,3.73,True,True,False,False,True,True,False,False,False,False
GLUE2248,O=C1CCC(N2Cc3cccc(NC(=O)S(=O)(=O)c4ccc(Cl)cc4)c3C2=O)C(=O)N1,WJAWNZQYWBLEDI-UHFFFAOYSA-N,amide,*S(=O)(=O)c1ccc(Cl)cc1,461.88,2.11,129.7,2,6,3,2,0.2,0.673,5.0,3.0,3.77,False,True,False,False,True,True,False,False,False,False
GLUE2249,O=C1CCC(N2Cc3cccc(NS(=O)(=O)S(=O)(=O)c4ccc(Cl)cc4)c3C2=O)C(=O)N1,MZICVBDJEFZIEG-UHFFFAOYSA-N,sulfonamide,*S(=O)(=O)c1ccc(Cl)cc1,497.94,1.23,146.8,2,7,5,2,0.211,0.466,5.0,3.0,3.51,False,False,False,False,True,True,False,False,False,False
GLUE2250,O=C1CCC(N2Cc3cccc(NC(=O)CS(=O)(=O)c4ccc(Cl)cc4)c3C2=O)C(=O)N1,FVOUWZIWJVGOQR-UHFFFAOYSA-N,acetamide,*S(=O)(=O)c1ccc(Cl)cc1,475.91,1.51,129.7,2,6,5,2,0.238,0.63,5.0,3.0,3.67,False,False,False,False,True,True,False,False,False,False
GLUE2251,O=C1CCC(N2Cc3cccc(NC(=O)NS(=O)(=O)c4ccc(Cl)cc4)c3C2=O)C(=O)N1,DDDHAHMQYGOSRX-UHFFFAOYSA-N,urea,*S(=O)(=O)c1ccc(Cl)cc1,476.9,1.61,141.8,3,6,4,2,0.2,0.572,5.0,3.0,3.33,False,False,False,False,True,True,False,False,False,False
GLUE2252,O=C1CCC(N2Cc3cccc(NC(=O)OS(=O)(=O)c4ccc(Cl)cc4)c3C2=O)C(=O)N1,PLVHOJDHASWZRY-UHFFFAOYSA-N,carbamate,*S(=O)(=O)c1ccc(Cl)cc1,477.88,2.04,138.9,2,7,4,2,0.2,0.507,5.0,3.0,3.66,False,True,False,False,True,True,False,False,False,False
GLUE2253,O=C1CCC(N2Cc3cccc(NC(=O)N4C(=O)c5ccccc5C4=O)c3C2=O)C(=O)N1,LTKVSEKTDHNWTL-UHFFFAOYSA-N,amide,*N1C(=O)c2ccccc2C1=O,432.39,1.28,133.0,2,6,2,2,0.182,0.687,5.0,3.0,3.98,True,False,False,False,True,True,False,False,False,False
GLUE2254,O=C1CCC(N2Cc3cccc(NS(=O)(=O)N4C(=O)c5ccccc5C4=O)c3C2=O)C(=O)N1,LIISRLGZKBUVJU-UHFFFAOYSA-N,sulfonamide,*N1C(=O)c2ccccc2C1=O,468.45,0.4,150.0,2,7,4,2,0.19,0.617,5.0,3.0,3.73,False,False,False,False,True,True,False,False,False,False
GLUE2255,O=C1CCC(N2Cc3cccc(NC(=O)CN4C(=O)c5ccccc5C4=O)c3C2=O)C(=O)N1,SMZMCTYOVGCYCP-UHFFFAOYSA-N,acetamide,*N1C(=O)c2ccccc2C1=O,446.42,0.68,133.0,2,6,4,2,0.217,0.664,5.0,3.0,3.88,True,False,False,False,True,True,False,False,False,False
GLUE2256,O=C1CCC(N2Cc3cccc(NC(=O)NN4C(=O)c5ccccc5C4=O)c3C2=O)C(=O)N1,KTKBXXRDMUZULC-UHFFFAOYSA-N,urea,*N1C(=O)c2ccccc2C1=O,447.41,0.78,145.0,3,6,3,2,0.182,0.593,5.0,3.0,3.54,True,False,False,False,True,True,False,False,False,False
GLUE2257,O=C1CCC(N2Cc3cccc(NC(=O)ON4C(=O)c5ccccc5C4=O)c3C2=O)C(=O)N1,JIYHMBRMMZYYRB-UHFFFAOYSA-N,carbamate,*N1C(=O)c2ccccc2C1=O,448.39,1.21,142.2,2,7,3,2,0.182,0.672,5.0,3.0,3.87,True,False,False,False,True,True,False,False,False,False
GLUE2258,N#Cc1cnn2c(C(=O)Nc3cccc4c3C(=O)N(C3CCC(=O)NC3=O)C4)ccnc12,UACUGRSTHIAAEU-UHFFFAOYSA-N,amide,*c1ccnc2c(C#N)cnn12,429.4,0.61,149.6,2,7,3,3,0.19,0.579,5.0,3.0,4.0,True,False,False,False,True,True,False,False,False,False
GLUE2259,N#Cc1cnn2c(S(=O)(=O)Nc3cccc4c3C(=O)N(C3CCC(=O)NC3=O)C4)ccnc12,SNRLNAOMFBHGQB-UHFFFAOYSA-N,sulfonamide,*c1ccnc2c(C#N)cnn12,465.45,0.16,166.6,2,8,4,3,0.2,0.406,5.0,3.0,3.75,False,False,False,False,True,True,False,False,False,False
GLUE2260,N#Cc1cnn2c(CC(=O)Nc3cccc4c3C(=O)N(C3CCC(=O)NC3=O)C4)ccnc12,PEOGWGKVLOSJAP-UHFFFAOYSA-N,acetamide,*c1ccnc2c(C#N)cnn12,443.42,0.54,149.6,2,7,4,3,0.227,0.559,5.0,3.0,3.9,True,False,False,False,True,True,False,False,False,False
GLUE2261,N#Cc1cnn2c(NC(=O)Nc3cccc4c3C(=O)N(C3CCC(=O)NC3=O)C4)ccnc12,PPAQAJFMSAFYHZ-UHFFFAOYSA-N,urea,*c1ccnc2c(C#N)cnn12,444.41,1.01,161.6,3,7,3,3,0.19,0.508,5.0,3.0,3.56,True,False,False,False,True,True,False,False,False,False
GLUE2262,N#Cc1cnn2c(OC(=O)Nc3cccc4c3C(=O)N(C3CCC(=O)NC3=O)C4)ccnc12,RZMKBAYPVIJNBC-UHFFFAOYSA-N,carbamate,*c1ccnc2c(C#N)cnn12,445.4,0.97,158.8,2,8,3,3,0.19,0.564,5.0,3.0,3.89,True,False,False,False,True,True,False,False,False,False
GLUE2263,O=C1CCC(N2Cc3cccc(NC(=O)N4C(=O)CC5(CCCC5)CC4=O)c3C2=O)C(=O)N1,SXXFXHNTFUYNJO-UHFFFAOYSA-N,amide,*N1C(=O)CC2(CCCC2)CC1=O,452.47,1.69,133.0,2,6,2,1,0.478,0.656,5.0,3.0,3.84,False,False,False,False,True,True,False,False,False,False
GLUE2264,O=C1CCC(N2Cc3cccc(NS(=O)(=O)N4C(=O)CC5(CCCC5)CC4=O)c3C2=O)C(=O)N1,FGWSWJDPHWDMIK-UHFFFAOYSA-N,sulfonamide,*N1C(=O)CC2(CCCC2)CC1=O,488.52,0.81,150.0,2,7,4,1,0.5,0.596,5.0,3.0,3.58,False,False,False,False,True,True,False,False,False,False
GLUE2265,O=C1CCC(N2Cc3cccc(NC(=O)CN4C(=O)CC5(CCCC5)CC4=O)c3C2=O)C(=O)N1,DCFARDOMCZNZQH-UHFFFAOYSA-N,acetamide,*N1C(=O)CC2(CCCC2)CC1=O,466.49,1.1,133.0,2,6,4,1,0.5,0.639,5.0,3.0,3.74,False,False,False,False,True,True,False,False,False,False
GLUE2266,O=C1CCC(N2Cc3cccc(NC(=O)NN4C(=O)CC5(CCCC5)CC4=O)c3C2=O)C(=O)N1,YJOZINWBDIPDAC-UHFFFAOYSA-N,urea,*N1C(=O)CC2(CCCC2)CC1=O,467.48,1.19,145.0,3,6,3,1,0.478,0.57,5.0,3.0,3.4,False,False,False,False,True,True,False,False,False,False
GLUE2267,O=C1CCC(N2Cc3cccc(NC(=O)ON4C(=O)CC5(CCCC5)CC4=O)c3C2=O)C(=O)N1,CLLHLNWIIOHAJC-UHFFFAOYSA-N,carbamate,*N1C(=O)CC2(CCCC2)CC1=O,468.47,1.62,142.2,2,7,3,1,0.478,0.642,5.0,3.0,3.73,False,False,False,False,True,True,False,False,False,False
GLUE2268,Cc1nc2n(c(=O)c1C(=O)Nc1cccc3c1C(=O)N(C1CCC(=O)NC1=O)C3)CCCC2,DBKFUXDUYNMZKG-UHFFFAOYSA-N,amide,*c1c(C)nc2n(c1=O)CCCC2,449.47,0.9,130.5,2,6,3,2,0.391,0.67,5.0,3.0,3.86,True,False,False,False,True,True,False,False,False,False
GLUE2269,Cc1nc2n(c(=O)c1S(=O)(=O)Nc1cccc3c1C(=O)N(C1CCC(=O)NC1=O)C3)CCCC2,HPHJLSUEKXNQQO-UHFFFAOYSA-N,sulfonamide,*c1c(C)nc2n(c1=O)CCCC2,485.52,0.45,147.5,2,7,4,2,0.409,0.598,5.0,3.0,3.6,False,False,False,False,True,True,False,False,False,False
GLUE2270,Cc1nc2n(c(=O)c1CC(=O)Nc1cccc3c1C(=O)N(C1CCC(=O)NC1=O)C3)CCCC2,DIJFAMZPIFXWHE-UHFFFAOYSA-N,acetamide,*c1c(C)nc2n(c1=O)CCCC2,463.49,0.83,130.5,2,6,4,2,0.417,0.646,5.0,3.0,3.76,False,False,False,False,True,True,False,False,False,False
GLUE2271,Cc1nc2n(c(=O)c1NC(=O)Nc1cccc3c1C(=O)N(C1CCC(=O)NC1=O)C3)CCCC2,IWWZADKDNIFNSR-UHFFFAOYSA-N,urea,*c1c(C)nc2n(c1=O)CCCC2,464.48,1.29,142.5,3,6,3,2,0.391,0.585,5.0,3.0,3.42,False,False,False,False,True,True,False,False,False,False
GLUE2272,Cc1nc2n(c(=O)c1OC(=O)Nc1cccc3c1C(=O)N(C1CCC(=O)NC1=O)C3)CCCC2,APCBCGWLMCCNGC-UHFFFAOYSA-N,carbamate,*c1c(C)nc2n(c1=O)CCCC2,465.47,1.26,139.7,2,7,3,2,0.391,0.651,5.0,3.0,3.75,False,False,False,False,True,True,False,False,False,False
GLUE2273,Cn1cncc1C(=O)Nc1cccc2c1C(=O)N(C1CCC(=O)NC1=O)C2,RKHCWUJFEZRZBP-UHFFFAOYSA-N,amide,*c1cncn1C,367.37,0.43,113.4,2,5,3,2,0.278,0.764,5.0,3.5,4.67,True,False,False,False,True,True,True,True,False,False
GLUE2274,Cn1cncc1S(=O)(=O)Nc1cccc2c1C(=O)N(C1CCC(=O)NC1=O)C2,FLFHQANNUVNALS-UHFFFAOYSA-N,sulfonamide,*c1cncn1C,403.42,-0.02,130.5,2,6,4,2,0.294,0.69,5.0,3.0,4.19,True,False,False,False,True,True,False,False,False,False
GLUE2275,Cn1cncc1CC(=O)Nc1cccc2c1C(=O)N(C1CCC(=O)NC1=O)C2,ONXLSEHKDFPIGD-UHFFFAOYSA-N,acetamide,*c1cncn1C,381.39,0.36,113.4,2,5,4,2,0.316,0.743,5.0,3.5,4.57,True,False,False,False,True,True,True,True,False,False
GLUE2276,Cn1cncc1NC(=O)Nc1cccc2c1C(=O)N(C1CCC(=O)NC1=O)C2,KMRFERWBVAXTGZ-UHFFFAOYSA-N,urea,*c1cncn1C,382.38,0.83,125.4,3,5,3,2,0.278,0.678,5.0,3.0,4.01,True,False,False,False,True,True,False,False,False,False
GLUE2277,Cn1cncc1OC(=O)Nc1cccc2c1C(=O)N(C1CCC(=O)NC1=O)C2,UCDHSJAFWORDQL-UHFFFAOYSA-N,carbamate,*c1cncn1C,383.36,0.79,122.6,2,6,3,2,0.278,0.756,5.0,3.0,4.33,True,False,False,False,True,True,False,False,False,False
GLUE2278,Cc1nc2ccccc2c(=O)n1C(=O)Nc1cccc2c1C(=O)N(C1CCC(=O)NC1=O)C2,ZUCPLNVFNPGBNK-UHFFFAOYSA-N,amide,*n1c(C)nc2ccccc2c1=O,445.44,1.55,130.5,2,6,2,3,0.217,0.576,5.0,3.0,3.89,True,False,False,False,True,True,False,False,False,False
GLUE2279,Cc1nc2ccccc2c(=O)n1S(=O)(=O)Nc1cccc2c1C(=O)N(C1CCC(=O)NC1=O)C2,PGUYCERURJJJNA-UHFFFAOYSA-N,sulfonamide,*n1c(C)nc2ccccc2c1=O,481.49,0.67,147.5,2,7,4,3,0.227,0.521,5.0,3.0,3.63,False,False,False,False,True,True,False,False,False,False
GLUE2280,Cc1nc2ccccc2c(=O)n1CC(=O)Nc1cccc2c1C(=O)N(C1CCC(=O)NC1=O)C2,ULSZRIUINGBTPQ-UHFFFAOYSA-N,acetamide,*n1c(C)nc2ccccc2c1=O,459.46,1.1,130.5,2,6,4,3,0.25,0.562,5.0,3.0,3.79,False,False,False,False,True,True,False,False,False,False
GLUE2281,Cc1nc2ccccc2c(=O)n1NC(=O)Nc1cccc2c1C(=O)N(C1CCC(=O)NC1=O)C2,NNPRDWAFKZRQIP-UHFFFAOYSA-N,urea,*n1c(C)nc2ccccc2c1=O,460.45,1.24,142.5,3,6,3,3,0.217,0.502,5.0,3.0,3.45,False,False,False,False,True,True,False,False,False,False
GLUE2282,Cc1nc2ccccc2c(=O)n1OC(=O)Nc1cccc2c1C(=O)N(C1CCC(=O)NC1=O)C2,VAEFBPQGCJESFO-UHFFFAOYSA-N,carbamate,*n1c(C)nc2ccccc2c1=O,461.43,1.13,139.7,2,7,3,3,0.217,0.557,5.0,3.0,3.78,False,False,False,False,True,True,False,False,False,False
GLUE2283,O=C1CCC(N2Cc3cccc(NC(=O)n4nc5ccccn5c4=O)c3C2=O)C(=O)N1,MRQKWVIGQFRVQS-UHFFFAOYSA-N,amide,*n1nc2ccccn2c1=O,420.39,0.34,134.9,2,6,2,3,0.2,0.574,5.0,3.0,4.07,True,False,False,False,True,True,False,False,False,False
GLUE2284,O=C1CCC(N2Cc3cccc(NS(=O)(=O)n4nc5ccccn5c4=O)c3C2=O)C(=O)N1,VQITWTCTCIMUMW-UHFFFAOYSA-N,sulfonamide,*n1nc2ccccn2c1=O,456.44,-0.54,151.9,2,7,4,3,0.211,0.5,5.0,3.0,3.81,False,False,False,False,True,True,False,False,False,False
GLUE2285,O=C1CCC(N2Cc3cccc(NC(=O)Cn4nc5ccccn5c4=O)c3C2=O)C(=O)N1,YQODJKOYXMISGG-UHFFFAOYSA-N,acetamide,*n1nc2ccccn2c1=O,434.41,-0.1,134.9,2,6,4,3,0.238,0.551,5.0,3.0,3.97,True,False,False,False,True,True,False,False,False,False
GLUE2286,O=C1CCC(N2Cc3cccc(NC(=O)Nn4nc5ccccn5c4=O)c3C2=O)C(=O)N1,DFXKCTJYESCAKR-UHFFFAOYSA-N,urea,*n1nc2ccccn2c1=O,435.4,0.03,146.9,3,6,3,3,0.2,0.495,5.0,3.0,3.63,True,False,False,False,True,True,False,False,False,False
GLUE2287,O=C1CCC(N2Cc3cccc(NC(=O)On4nc5ccccn5c4=O)c3C2=O)C(=O)N1,WBWIBJXLADKFNG-UHFFFAOYSA-N,carbamate,*n1nc2ccccn2c1=O,436.38,-0.08,144.1,2,7,3,3,0.2,0.546,5.0,3.0,3.95,True,False,False,False,True,True,False,False,False,False
GLUE2288,CN1C(=O)CC(C)(C(=O)Nc2cccc3c2C(=O)N(C2CCC(=O)NC2=O)C3)C1=O,VGOCISLLTLRLBY-UHFFFAOYSA-N,amide,*C1(C)CC(=O)N(C)C1=O,412.4,-0.22,133.0,2,6,3,1,0.4,0.521,5.0,3.0,4.13,True,False,False,False,True,True,False,False,False,False
GLUE2289,CN1C(=O)CC(C)(S(=O)(=O)Nc2cccc3c2C(=O)N(C2CCC(=O)NC2=O)C3)C1=O,CXCHANPVKMXZMX-UHFFFAOYSA-N,sulfonamide,*C1(C)CC(=O)N(C)C1=O,448.46,-0.66,150.0,2,7,4,1,0.421,0.58,5.0,3.0,3.87,True,False,False,False,True,True,False,False,False,False
GLUE2290,CN1C(=O)CC(C)(CC(=O)Nc2cccc3c2C(=O)N(C2CCC(=O)NC2=O)C3)C1=O,RGNIBPZXUMCKRB-UHFFFAOYSA-N,acetamide,*C1(C)CC(=O)N(C)C1=O,426.43,0.17,133.0,2,6,4,1,0.429,0.66,5.0,3.0,4.03,True,False,False,False,True,True,False,False,False,False
GLUE2291,CN1C(=O)CC(C)(NC(=O)Nc2cccc3c2C(=O)N(C2CCC(=O)NC2=O)C3)C1=O,WVFURVKEVGOLLH-UHFFFAOYSA-N,urea,*C1(C)CC(=O)N(C)C1=O,427.42,-0.28,145.0,3,6,3,1,0.4,0.566,5.0,3.0,3.69,True,False,False,False,True,True,False,False,False,False
GLUE2292,CN1C(=O)CC(C)(OC(=O)Nc2cccc3c2C(=O)N(C2CCC(=O)NC2=O)C3)C1=O,SMSBZNDTFRUYSX-UHFFFAOYSA-N,carbamate,*C1(C)CC(=O)N(C)C1=O,428.4,0.14,142.2,2,7,3,1,0.4,0.652,5.0,3.0,4.01,True,False,False,False,True,True,False,False,False,False
GLUE2293,CN1C(=O)CC(C(=O)Nc2cccc3c2C(=O)N(C2CCC(=O)NC2=O)C3)C1=O,WBKOXZVGAKSUCV-UHFFFAOYSA-N,amide,*C1CC(=O)N(C)C1=O,398.38,-0.61,133.0,2,6,3,1,0.368,0.516,5.0,3.0,4.23,True,False,False,False,True,True,False,False,False,False
GLUE2294,CN1C(=O)CC(S(=O)(=O)Nc2cccc3c2C(=O)N(C2CCC(=O)NC2=O)C3)C1=O,HHCNTWXJQWRSAT-UHFFFAOYSA-N,sulfonamide,*C1CC(=O)N(C)C1=O,434.43,-1.05,150.0,2,7,4,1,0.389,0.574,5.0,3.0,3.97,True,False,False,False,True,True,False,False,False,False
GLUE2295,CN1C(=O)CC(CC(=O)Nc2cccc3c2C(=O)N(C2CCC(=O)NC2=O)C3)C1=O,CAFYGEONZIFBQF-UHFFFAOYSA-N,acetamide,*C1CC(=O)N(C)C1=O,412.4,-0.22,133.0,2,6,4,1,0.4,0.657,5.0,3.0,4.13,True,False,False,False,True,True,False,False,False,False
GLUE2296,CN1C(=O)CC(NC(=O)Nc2cccc3c2C(=O)N(C2CCC(=O)NC2=O)C3)C1=O,HOFRATZRTIQFMB-UHFFFAOYSA-N,urea,*C1CC(=O)N(C)C1=O,413.39,-0.67,145.0,3,6,3,1,0.368,0.56,5.0,3.0,3.79,True,False,False,False,True,True,False,False,False,False
GLUE2297,CN1C(=O)CC(OC(=O)Nc2cccc3c2C(=O)N(C2CCC(=O)NC2=O)C3)C1=O,LSUSGAMYIVSSPR-UHFFFAOYSA-N,carbamate,*C1CC(=O)N(C)C1=O,414.37,-0.25,142.2,2,7,3,1,0.368,0.65,5.0,3.0,4.11,True,False,False,False,True,True,False,False,False,False
GLUE2298,CC1(C)CC(=O)N(C(=O)Nc2cccc3c2C(=O)N(C2CCC(=O)NC2=O)C3)C(=O)C1,DAVITJHFTNOCHU-UHFFFAOYSA-N,amide,*N1C(=O)CC(C)(C)CC1=O,426.43,1.15,133.0,2,6,2,1,0.429,0.682,5.0,3.0,4.03,True,False,False,False,True,True,False,False,False,False
GLUE2299,CC1(C)CC(=O)N(S(=O)(=O)Nc2cccc3c2C(=O)N(C2CCC(=O)NC2=O)C3)C(=O)C1,JBDLXKBRSGKWIC-UHFFFAOYSA-N,sulfonamide,*N1C(=O)CC(C)(C)CC1=O,462.48,0.28,150.0,2,7,4,1,0.45,0.61,5.0,3.0,3.77,False,False,False,False,True,True,False,False,False,False
GLUE2300,CC1(C)CC(=O)N(CC(=O)Nc2cccc3c2C(=O)N(C2CCC(=O)NC2=O)C3)C(=O)C1,NEQCKJOKTHANHY-UHFFFAOYSA-N,acetamide,*N1C(=O)CC(C)(C)CC1=O,440.46,0.56,133.0,2,6,4,1,0.455,0.658,5.0,3.0,3.93,True,False,False,False,True,True,False,False,False,False
GLUE2301,CC1(C)CC(=O)N(NC(=O)Nc2cccc3c2C(=O)N(C2CCC(=O)NC2=O)C3)C(=O)C1,SMMQMXFENNSFDF-UHFFFAOYSA-N,urea,*N1C(=O)CC(C)(C)CC1=O,441.44,0.66,145.0,3,6,3,1,0.429,0.588,5.0,3.0,3.58,True,False,False,False,True,True,False,False,False,False
GLUE2302,CC1(C)CC(=O)N(OC(=O)Nc2cccc3c2C(=O)N(C2CCC(=O)NC2=O)C3)C(=O)C1,FLDGYKDFSAKIOZ-UHFFFAOYSA-N,carbamate,*N1C(=O)CC(C)(C)CC1=O,442.43,1.09,142.2,2,7,3,1,0.429,0.667,5.0,3.0,3.91,True,False,False,False,True,True,False,False,False,False
GLUE2303,CC1=NN(C(=O)Nc2cccc3c2C(=O)N(C2CCC(=O)NC2=O)C3)C(=O)C1,FVOVGJDBJLGIHV-UHFFFAOYSA-N,amide,*N1N=C(C)CC1=O,383.36,0.59,128.2,2,6,2,1,0.333,0.722,5.0,3.0,4.33,True,False,False,False,True,True,False,False,False,False
GLUE2304,CC1=NN(S(=O)(=O)Nc2cccc3c2C(=O)N(C2CCC(=O)NC2=O)C3)C(=O)C1,BPYMHGFAYOKGPL-UHFFFAOYSA-N,sulfonamide,*N1N=C(C)CC1=O,419.42,-0.29,145.3,2,7,4,1,0.353,0.642,5.0,3.0,4.08,True,False,False,False,True,True,False,False,False,False
GLUE2305,CC1=NN(CC(=O)Nc2cccc3c2C(=O)N(C2CCC(=O)NC2=O)C3)C(=O)C1,OTFBPOZREIGVSU-UHFFFAOYSA-N,acetamide,*N1N=C(C)CC1=O,397.39,-0.01,128.2,2,6,4,1,0.368,0.691,5.0,3.0,4.23,True,False,False,False,True,True,False,False,False,False
GLUE2306,CC1=NN(NC(=O)Nc2cccc3c2C(=O)N(C2CCC(=O)NC2=O)C3)C(=O)C1,UWOAJSINLURHQA-UHFFFAOYSA-N,urea,*N1N=C(C)CC1=O,398.38,0.09,140.3,3,6,3,1,0.333,0.619,5.0,3.0,3.89,True,False,False,False,True,True,False,False,False,False
GLUE2307,CC1=NN(OC(=O)Nc2cccc3c2C(=O)N(C2CCC(=O)NC2=O)C3)C(=O)C1,QHRVZZJRHPPYSB-UHFFFAOYSA-N,carbamate,*N1N=C(C)CC1=O,399.36,0.52,137.5,2,7,3,1,0.333,0.711,5.0,3.0,4.22,True,False,False,False,True,True,False,False,False,False
GLUE2308,CN1C(=O)OC(C)(C(=O)Nc2cccc3c2C(=O)N(C2CCC(=O)NC2=O)C3)C1=O,SZKNCQYFTIGONP-UHFFFAOYSA-N,amide,*C1(C)OC(=O)N(C)C1=O,414.37,-0.25,142.2,2,7,3,1,0.368,0.513,5.0,3.0,4.11,True,False,False,False,True,True,False,False,False,False
GLUE2309,CN1C(=O)OC(C)(S(=O)(=O)Nc2cccc3c2C(=O)N(C2CCC(=O)NC2=O)C3)C1=O,DBALULBIBAAQPK-UHFFFAOYSA-N,sulfonamide,*C1(C)OC(=O)N(C)C1=O,450.43,-0.49,159.3,2,8,4,1,0.389,0.582,5.0,3.0,3.85,False,False,False,False,True,True,False,False,False,False
GLUE2310,CN1C(=O)OC(C)(CC(=O)Nc2cccc3c2C(=O)N(C2CCC(=O)NC2=O)C3)C1=O,XOACZEWTANUGNV-UHFFFAOYSA-N,acetamide,*C1(C)OC(=O)N(C)C1=O,428.4,0.14,142.2,2,7,4,1,0.4,0.65,5.0,3.0,4.01,True,False,False,False,True,True,False,False,False,False
GLUE2311,CN1C(=O)OC(C)(NC(=O)Nc2cccc3c2C(=O)N(C2CCC(=O)NC2=O)C3)C1=O,LJXNKYWSMAQGJU-UHFFFAOYSA-N,urea,*C1(C)OC(=O)N(C)C1=O,429.39,-0.11,154.2,3,7,3,1,0.368,0.567,5.0,3.0,3.67,True,False,False,False,True,True,False,False,False,False
GLUE2312,CN1C(=O)OC(C)(OC(=O)Nc2cccc3c2C(=O)N(C2CCC(=O)NC2=O)C3)C1=O,JTZAETPLNUCMRT-UHFFFAOYSA-N,carbamate,*C1(C)OC(=O)N(C)C1=O,430.37,0.32,151.4,2,8,3,1,0.368,0.651,5.0,3.0,4.0,True,False,False,False,True,True,False,False,False,False
GLUE2313,C[n+]1cccc(C(=O)Nc2cccc3c2C(=O)N(C2CCC(=O)NC2=O)C3)c1,PKGGMSRCSMJVRT-UHFFFAOYSA-O,amide,*c1ccc[n+](C)c1,379.4,0.52,99.5,2,4,3,2,0.25,0.6,5.0,3.5,5.05,True,False,False,False,True,True,True,True,False,False
GLUE2314,C[n+]1cccc(S(=O)(=O)Nc2cccc3c2C(=O)N(C2CCC(=O)NC2=O)C3)c1,YPTUBWPFUYYYCZ-UHFFFAOYSA-O,sulfonamide,*c1ccc[n+](C)c1,415.45,0.07,116.5,2,5,4,2,0.263,0.542,5.0,3.5,4.22,True,False,False,False,True,True,True,True,False,False
GLUE2315,C[n+]1cccc(CC(=O)Nc2cccc3c2C(=O)N(C2CCC(=O)NC2=O)C3)c1,NYJSPKPXJNITFV-UHFFFAOYSA-O,acetamide,*c1ccc[n+](C)c1,393.42,0.45,99.5,2,4,4,2,0.286,0.582,5.0,3.5,4.95,True,False,False,False,True,True,True,True,False,False
GLUE2316,C[n+]1cccc(NC(=O)Nc2cccc3c2C(=O)N(C2CCC(=O)NC2=O)C3)c1,KLPVTJPVDBRJJR-UHFFFAOYSA-O,urea,*c1ccc[n+](C)c1,394.41,0.92,111.5,3,4,3,2,0.25,0.531,5.0,3.5,4.2,True,False,False,False,True,True,True,True,False,False
GLUE2317,C[n+]1cccc(OC(=O)Nc2cccc3c2C(=O)N(C2CCC(=O)NC2=O)C3)c1,BSUHKOVCWCUNIK-UHFFFAOYSA-O,carbamate,*c1ccc[n+](C)c1,395.4,0.88,108.7,2,5,3,2,0.25,0.593,5.0,3.5,4.62,True,False,False,False,True,True,True,True,False,False
GLUE2318,O=C1CCC(N2Cc3cccc(NC(=O)C(Cl)C(F)(F)F)c3C2=O)C(=O)N1,ZJXBKYUYNCSYMM-UHFFFAOYSA-N,amide,*C(Cl)C(F)(F)F,403.74,1.56,95.6,2,4,3,1,0.375,0.591,5.0,3.5,5.0,True,False,False,False,True,True,True,True,False,False
GLUE2319,O=C1CCC(N2Cc3cccc(NS(=O)(=O)C(Cl)C(F)(F)F)c3C2=O)C(=O)N1,KPQTXNMOXQQNQF-UHFFFAOYSA-N,sulfonamide,*C(Cl)C(F)(F)F,439.8,1.32,112.7,2,5,4,1,0.4,0.542,5.0,3.5,4.18,True,False,False,False,True,True,True,True,False,False
GLUE2320,O=C1CCC(N2Cc3cccc(NC(=O)CC(Cl)C(F)(F)F)c3C2=O)C(=O)N1,IITUFCLKDRCUHB-UHFFFAOYSA-N,acetamide,*C(Cl)C(F)(F)F,417.77,1.95,95.6,2,4,4,1,0.412,0.578,5.0,3.5,4.9,True,False,False,False,True,True,True,True,False,False
GLUE2321,O=C1CCC(N2Cc3cccc(NC(=O)NC(Cl)C(F)(F)F)c3C2=O)C(=O)N1,QDLLDOWYOBLIKS-UHFFFAOYSA-N,urea,*C(Cl)C(F)(F)F,418.76,1.7,107.6,3,4,3,1,0.375,0.394,5.0,3.5,4.16,True,False,False,False,True,True,True,True,False,False
GLUE2322,O=C1CCC(N2Cc3cccc(NC(=O)OC(Cl)C(F)(F)F)c3C2=O)C(=O)N1,BUJTZZXRWGRZFY-UHFFFAOYSA-N,carbamate,*C(Cl)C(F)(F)F,419.74,2.12,104.8,2,5,3,1,0.375,0.577,5.0,3.5,4.58,True,True,False,False,True,True,True,True,False,True
GLUE2323,O=C1CCC(N2Cc3cccc(NC(=O)C(F)(F)C(F)Cl)c3C2=O)C(=O)N1,MTFKMAHFXTTYEH-UHFFFAOYSA-N,amide,*C(F)(F)C(F)Cl,403.74,1.56,95.6,2,4,4,1,0.375,0.589,5.0,3.5,5.0,True,False,False,False,True,True,True,True,False,False
GLUE2324,O=C1CCC(N2Cc3cccc(NS(=O)(=O)C(F)(F)C(F)Cl)c3C2=O)C(=O)N1,FXEOYVDYYWYEKB-UHFFFAOYSA-N,sulfonamide,*C(F)(F)C(F)Cl,439.8,1.32,112.7,2,5,5,1,0.4,0.53,5.0,3.5,4.18,True,False,False,False,True,True,True,True,False,False
GLUE2325,O=C1CCC(N2Cc3cccc(NC(=O)CC(F)(F)C(F)Cl)c3C2=O)C(=O)N1,ZGPHXPFGZQYGKL-UHFFFAOYSA-N,acetamide,*C(F)(F)C(F)Cl,417.77,1.95,95.6,2,4,5,1,0.412,0.565,5.0,3.5,4.9,True,False,False,False,True,True,True,True,False,False
GLUE2326,O=C1CCC(N2Cc3cccc(NC(=O)NC(F)(F)C(F)Cl)c3C2=O)C(=O)N1,QMYJTEJFYKLPKZ-UHFFFAOYSA-N,urea,*C(F)(F)C(F)Cl,418.76,1.7,107.6,3,4,4,1,0.375,0.393,5.0,3.5,4.16,True,False,False,False,True,True,True,True,False,False
GLUE2327,O=C1CCC(N2Cc3cccc(NC(=O)OC(F)(F)C(F)Cl)c3C2=O)C(=O)N1,YVPBKXGVHODQHW-UHFFFAOYSA-N,carbamate,*C(F)(F)C(F)Cl,419.74,2.12,104.8,2,5,4,1,0.375,0.574,5.0,3.5,4.58,True,True,False,False,True,True,True,True,False,True
GLUE2328,O=C1CCC(N2Cc3cccc(NC(=O)C(F)(F)C(Cl)Cl)c3C2=O)C(=O)N1,CJWMMQLQPDAIBE-UHFFFAOYSA-N,amide,*C(F)(F)C(Cl)Cl,420.2,1.83,95.6,2,4,4,1,0.375,0.574,5.0,3.5,4.88,True,False,False,False,True,True,True,True,False,False
GLUE2329,O=C1CCC(N2Cc3cccc(NS(=O)(=O)C(F)(F)C(Cl)Cl)c3C2=O)C(=O)N1,CWNRAJBUVDCRTC-UHFFFAOYSA-N,sulfonamide,*C(F)(F)C(Cl)Cl,456.25,1.59,112.7,2,5,5,1,0.4,0.516,5.0,3.5,4.06,False,False,False,False,True,True,True,True,False,False
GLUE2330,O=C1CCC(N2Cc3cccc(NC(=O)CC(F)(F)C(Cl)Cl)c3C2=O)C(=O)N1,QPCORXNDAADCGS-UHFFFAOYSA-N,acetamide,*C(F)(F)C(Cl)Cl,434.23,2.22,95.6,2,4,5,1,0.412,0.549,5.0,3.5,4.78,True,True,False,False,True,True,True,True,False,True
GLUE2331,O=C1CCC(N2Cc3cccc(NC(=O)NC(F)(F)C(Cl)Cl)c3C2=O)C(=O)N1,HOQRUMSMUVREIQ-UHFFFAOYSA-N,urea,*C(F)(F)C(Cl)Cl,435.21,1.97,107.6,3,4,4,1,0.375,0.382,5.0,3.5,4.04,True,False,False,False,True,True,True,True,False,False
GLUE2332,O=C1CCC(N2Cc3cccc(NC(=O)OC(F)(F)C(Cl)Cl)c3C2=O)C(=O)N1,NSOYFXMKLCLDRO-UHFFFAOYSA-N,carbamate,*C(F)(F)C(Cl)Cl,436.2,2.39,104.8,2,5,4,1,0.375,0.557,5.0,3.5,4.46,True,True,False,False,True,True,True,True,False,True
GLUE2333,Cc1c(Cl)c(C)[n+]([O-])c(Cl)c1C(=O)Nc1cccc2c1C(=O)N(C1CCC(=O)NC1=O)C2,VQJHYGSCFCPHBB-UHFFFAOYSA-N,amide,*c1c(C)c(Cl)c(C)[n+]([O-])c1Cl,477.3,2.26,122.5,2,5,3,2,0.286,0.304,5.0,3.0,3.66,False,True,False,False,True,True,False,False,False,False
GLUE2334,Cc1c(Cl)c(C)[n+]([O-])c(Cl)c1S(=O)(=O)Nc1cccc2c1C(=O)N(C1CCC(=O)NC1=O)C2,PISJIHJXWGKPCJ-UHFFFAOYSA-N,sulfonamide,*c1c(C)c(Cl)c(C)[n+]([O-])c1Cl,513.36,1.81,139.6,2,6,4,2,0.3,0.277,5.0,2.5,3.5,False,False,False,False,True,True,False,False,False,False
GLUE2335,Cc1c(Cl)c(C)[n+]([O-])c(Cl)c1CC(=O)Nc1cccc2c1C(=O)N(C1CCC(=O)NC1=O)C2,HSQVRGZMLJCKFB-UHFFFAOYSA-N,acetamide,*c1c(C)c(Cl)c(C)[n+]([O-])c1Cl,491.33,2.19,122.5,2,5,4,2,0.318,0.294,5.0,3.0,3.56,False,True,False,False,True,True,False,False,False,False
GLUE2336,Cc1c(Cl)c(C)[n+]([O-])c(Cl)c1NC(=O)Nc1cccc2c1C(=O)N(C1CCC(=O)NC1=O)C2,ISPPBDATHAIKMJ-UHFFFAOYSA-N,urea,*c1c(C)c(Cl)c(C)[n+]([O-])c1Cl,492.32,2.65,134.5,3,5,3,2,0.286,0.262,5.0,3.0,3.15,False,True,False,False,True,True,False,False,False,False
GLUE2337,Cc1c(Cl)c(C)[n+]([O-])c(Cl)c1OC(=O)Nc1cccc2c1C(=O)N(C1CCC(=O)NC1=O)C2,BHCNDCLGQHZZTF-UHFFFAOYSA-N,carbamate,*c1c(C)c(Cl)c(C)[n+]([O-])c1Cl,493.3,2.62,131.8,2,6,3,2,0.286,0.293,5.0,3.0,3.49,False,True,False,False,True,True,False,False,False,False
GLUE2338,NNC(=O)C(=O)Nc1cccc2c1C(=O)N(C1CCC(=O)NC1=O)C2,FHWQLYIFZMFZGO-UHFFFAOYSA-N,amide,*C(=O)NN,345.32,-1.62,150.7,4,6,2,1,0.267,0.166,5.0,3.0,4.0,True,False,False,False,True,True,False,False,False,False
GLUE2339,NNC(=O)S(=O)(=O)Nc1cccc2c1C(=O)N(C1CCC(=O)NC1=O)C2,UDXJXQRYJVYJBL-UHFFFAOYSA-N,sulfonamide,*C(=O)NN,381.37,-1.23,167.8,4,7,3,1,0.286,0.22,5.0,2.5,3.85,True,False,False,False,True,True,False,False,False,False
GLUE2340,NNC(=O)CC(=O)Nc1cccc2c1C(=O)N(C1CCC(=O)NC1=O)C2,TXHPXFGAFAXGMP-UHFFFAOYSA-N,acetamide,*C(=O)NN,359.34,-1.23,150.7,4,6,4,1,0.312,0.174,5.0,3.0,4.0,True,False,False,False,True,True,False,False,False,False
GLUE2341,NNC(=O)NC(=O)Nc1cccc2c1C(=O)N(C1CCC(=O)NC1=O)C2,YMNOBSQGOHHIHM-UHFFFAOYSA-N,urea,*C(=O)NN,360.33,-0.85,162.7,5,6,2,1,0.267,0.2,5.0,2.5,4.0,True,False,False,False,True,True,False,False,False,False
GLUE2342,NNC(=O)OC(=O)Nc1cccc2c1C(=O)N(C1CCC(=O)NC1=O)C2,FTJAEEIRIKHSIM-UHFFFAOYSA-N,carbamate,*C(=O)NN,361.31,-0.42,159.9,4,7,2,1,0.267,0.183,5.0,2.5,3.99,True,False,False,False,True,True,False,False,False,False
GLUE2343,O=C1CCC(N2Cc3cccc(NC(=O)c4nc5cc(Cl)ccc5o4)c3C2=O)C(=O)N1,IDEOFCIANLUDCX-UHFFFAOYSA-N,amide,*c1nc2cc(Cl)ccc2o1,438.83,2.49,121.6,2,6,3,3,0.19,0.606,5.0,3.0,3.94,True,True,False,False,True,True,False,False,False,False
GLUE2344,O=C1CCC(N2Cc3cccc(NS(=O)(=O)c4nc5cc(Cl)ccc5o4)c3C2=O)C(=O)N1,OFPUGSUMMLVIQI-UHFFFAOYSA-N,sulfonamide,*c1nc2cc(Cl)ccc2o1,474.88,2.04,138.7,2,7,4,3,0.2,0.551,5.0,3.0,3.68,False,True,False,False,True,True,False,False,False,False
GLUE2345,O=C1CCC(N2Cc3cccc(NC(=O)Cc4nc5cc(Cl)ccc5o4)c3C2=O)C(=O)N1,HJXVCCKHHZFJAQ-UHFFFAOYSA-N,acetamide,*c1nc2cc(Cl)ccc2o1,452.85,2.42,121.6,2,6,4,3,0.227,0.586,5.0,3.0,3.84,False,True,False,False,True,True,False,False,False,False
GLUE2346,O=C1CCC(N2Cc3cccc(NC(=O)Nc4nc5cc(Cl)ccc5o4)c3C2=O)C(=O)N1,XNMRQPJKJOJOFW-UHFFFAOYSA-N,urea,*c1nc2cc(Cl)ccc2o1,453.84,2.89,133.6,3,6,3,3,0.19,0.522,5.0,3.0,3.3,False,True,False,False,True,True,False,False,False,False
GLUE2347,O=C1CCC(N2Cc3cccc(NC(=O)Oc4nc5cc(Cl)ccc5o4)c3C2=O)C(=O)N1,SUOPWEKVAMMQGO-UHFFFAOYSA-N,carbamate,*c1nc2cc(Cl)ccc2o1,454.83,2.85,130.8,2,7,3,3,0.19,0.582,5.0,3.0,3.65,False,True,False,False,True,True,False,False,False,False
GLUE2348,O=C1CCC(N2Cc3cccc(NC(=O)C(C(F)(F)F)C(F)(F)F)c3C2=O)C(=O)N1,BEMCURCMXBYMFV-UHFFFAOYSA-N,amide,*C(C(F)(F)F)C(F)(F)F,437.3,2.13,95.6,2,4,3,1,0.412,0.56,5.0,3.5,4.76,True,True,False,False,True,True,True,True,False,True
GLUE2349,O=C1CCC(N2Cc3cccc(NS(=O)(=O)C(C(F)(F)F)C(F)(F)F)c3C2=O)C(=O)N1,HERRWDGAAAQXOL-UHFFFAOYSA-N,sulfonamide,*C(C(F)(F)F)C(F)(F)F,473.35,1.68,112.7,2,5,4,1,0.438,0.511,5.0,3.5,3.94,False,False,False,False,True,True,True,True,False,False
GLUE2350,O=C1CCC(N2Cc3cccc(NC(=O)CC(C(F)(F)F)C(F)(F)F)c3C2=O)C(=O)N1,GELJAFQHIFAUFX-UHFFFAOYSA-N,acetamide,*C(C(F)(F)F)C(F)(F)F,451.32,2.52,95.6,2,4,4,1,0.444,0.543,5.0,3.5,4.65,False,True,False,False,True,True,True,True,False,False
GLUE2351,O=C1CCC(N2Cc3cccc(NC(=O)NC(C(F)(F)F)C(F)(F)F)c3C2=O)C(=O)N1,XPVJCOWKADRFFO-UHFFFAOYSA-N,urea,*C(C(F)(F)F)C(F)(F)F,452.31,2.06,107.6,3,4,3,1,0.412,0.482,5.0,3.5,3.92,False,True,False,False,True,True,True,True,False,False
GLUE2352,O=C1CCC(N2Cc3cccc(NC(=O)OC(C(F)(F)F)C(F)(F)F)c3C2=O)C(=O)N1,AIWMIKCABZXNNE-UHFFFAOYSA-N,carbamate,*C(C(F)(F)F)C(F)(F)F,453.3,2.49,104.8,2,5,3,1,0.412,0.541,5.0,3.5,4.34,False,True,False,False,True,True,True,True,False,False
GLUE2353,O=C1CCC(N2Cc3cccc(NC(=O)OCF)c3C2=O)C(=O)N1,FHDJLNDGJSNWBL-UHFFFAOYSA-N,amide,*OCF,335.29,0.92,104.8,2,5,3,1,0.333,0.799,5.0,4.0,5.01,True,False,False,True,True,True,True,True,False,False
GLUE2354,O=C1CCC(N2Cc3cccc(NS(=O)(=O)OCF)c3C2=O)C(=O)N1,CWGQYRNTBSGKIS-UHFFFAOYSA-N,sulfonamide,*OCF,371.35,0.05,121.9,2,6,5,1,0.357,0.705,5.0,3.0,4.42,True,False,False,False,True,True,False,False,False,False
GLUE2355,O=C1CCC(N2Cc3cccc(NC(=O)COCF)c3C2=O)C(=O)N1,COAGMFWQDYTLTE-UHFFFAOYSA-N,acetamide,*OCF,349.32,0.33,104.8,2,5,5,1,0.375,0.746,5.0,4.0,5.01,True,False,False,True,True,True,True,True,False,False
GLUE2356,O=C1CCC(N2Cc3cccc(NC(=O)NOCF)c3C2=O)C(=O)N1,KHIKNIIVEFVZIW-UHFFFAOYSA-N,urea,*OCF,350.31,0.43,116.8,3,5,4,1,0.333,0.538,5.0,4.0,4.27,True,False,False,True,True,True,True,True,False,False
GLUE2357,O=C1CCC(N2Cc3cccc(NC(=O)OOCF)c3C2=O)C(=O)N1,CSXOAXASWNRPLA-UHFFFAOYSA-N,carbamate,*OCF,351.29,0.85,114.0,2,6,4,1,0.333,0.472,5.0,4.0,4.7,True,False,False,True,True,True,True,True,False,False
GLUE2358,O=C1CCC(N2Cc3cccc(NC(=O)C(F)C(F)(F)F)c3C2=O)C(=O)N1,LCWHXCRYRMFVKB-UHFFFAOYSA-N,amide,*C(F)C(F)(F)F,387.29,1.29,95.6,2,4,3,1,0.375,0.604,5.0,3.5,5.12,True,False,False,False,True,True,True,True,False,False
GLUE2359,O=C1CCC(N2Cc3cccc(NS(=O)(=O)C(F)C(F)(F)F)c3C2=O)C(=O)N1,MRCZJJMXQLXJOS-UHFFFAOYSA-N,sulfonamide,*C(F)C(F)(F)F,423.34,1.05,112.7,2,5,4,1,0.4,0.555,5.0,3.5,4.29,True,False,False,False,True,True,True,True,False,False
GLUE2360,O=C1CCC(N2Cc3cccc(NC(=O)CC(F)C(F)(F)F)c3C2=O)C(=O)N1,AXGCNKHTPDLVIP-UHFFFAOYSA-N,acetamide,*C(F)C(F)(F)F,401.32,1.68,95.6,2,4,4,1,0.412,0.593,5.0,3.5,5.02,True,False,False,False,True,True,True,True,False,False
GLUE2361,O=C1CCC(N2Cc3cccc(NC(=O)NC(F)C(F)(F)F)c3C2=O)C(=O)N1,OTQQBIKJNWTPOL-UHFFFAOYSA-N,urea,*C(F)C(F)(F)F,402.3,1.43,107.6,3,4,3,1,0.375,0.404,5.0,3.5,4.28,True,False,False,False,True,True,True,True,False,False
GLUE2362,O=C1CCC(N2Cc3cccc(NC(=O)OC(F)C(F)(F)F)c3C2=O)C(=O)N1,KIJAZLTXXNUOOA-UHFFFAOYSA-N,carbamate,*C(F)C(F)(F)F,403.29,1.85,104.8,2,5,3,1,0.375,0.592,5.0,3.5,4.7,True,False,False,False,True,True,True,True,False,False
GLUE2363,N[C@@H]1C[C@H]1C(=O)Nc1cccc2c1C(=O)N(C1CCC(=O)NC1=O)C2,XQEOMBKEWUSXGW-UVTZGIPTSA-N,amide,*[C@@H]1C[C@H]1N,342.36,-0.27,121.6,3,5,3,1,0.412,0.653,9.0,3.5,3.67,True,False,False,False,True,True,False,True,False,False
GLUE2364,N[C@@H]1C[C@H]1S(=O)(=O)Nc1cccc2c1C(=O)N(C1CCC(=O)NC1=O)C2,MRWLSRKFQFCRAQ-WSXXKJPRSA-N,sulfonamide,*[C@@H]1C[C@H]1N,378.41,-0.71,138.7,3,6,4,1,0.438,0.592,9.0,3.0,3.54,True,False,False,False,True,True,False,False,False,False
GLUE2365,N[C@@H]1C[C@H]1CC(=O)Nc1cccc2c1C(=O)N(C1CCC(=O)NC1=O)C2,VTSSQOZBZOYFFT-VUDPYIQVSA-N,acetamide,*[C@@H]1C[C@H]1N,356.38,0.12,121.6,3,5,4,1,0.444,0.662,9.0,3.5,3.67,True,False,False,False,True,True,False,True,False,False
GLUE2366,N[C@@H]1C[C@H]1NC(=O)Nc1cccc2c1C(=O)N(C1CCC(=O)NC1=O)C2,QJVDGDKZGMARHJ-DFWSTUSTSA-N,urea,*[C@@H]1C[C@H]1N,357.37,-0.33,133.6,4,5,3,1,0.412,0.55,9.0,3.0,3.5,True,False,False,False,True,True,False,False,False,False
GLUE2367,N[C@@H]1C[C@H]1OC(=O)Nc1cccc2c1C(=O)N(C1CCC(=O)NC1=O)C2,KRSNWYDHANGHHH-WSXXKJPRSA-N,carbamate,*[C@@H]1C[C@H]1N,358.35,0.1,130.8,3,6,3,1,0.412,0.657,9.0,3.5,3.67,True,False,False,False,True,True,False,True,False,False
GLUE2368,N[C@H]1C[C@@H]1C(=O)Nc1cccc2c1C(=O)N(C1CCC(=O)NC1=O)C2,XQEOMBKEWUSXGW-HVFQMFNGSA-N,amide,*[C@H]1C[C@@H]1N,342.36,-0.27,121.6,3,5,3,1,0.412,0.653,9.0,3.5,3.67,True,False,False,False,True,True,False,True,False,False
GLUE2369,N[C@H]1C[C@@H]1S(=O)(=O)Nc1cccc2c1C(=O)N(C1CCC(=O)NC1=O)C2,MRWLSRKFQFCRAQ-VAGKLZBCSA-N,sulfonamide,*[C@H]1C[C@@H]1N,378.41,-0.71,138.7,3,6,4,1,0.438,0.592,9.0,3.0,3.54,True,False,False,False,True,True,False,False,False,False
GLUE2370,N[C@H]1C[C@@H]1CC(=O)Nc1cccc2c1C(=O)N(C1CCC(=O)NC1=O)C2,VTSSQOZBZOYFFT-ILWADHIDSA-N,acetamide,*[C@H]1C[C@@H]1N,356.38,0.12,121.6,3,5,4,1,0.444,0.662,9.0,3.5,3.67,True,False,False,False,True,True,False,True,False,False
GLUE2371,N[C@H]1C[C@@H]1NC(=O)Nc1cccc2c1C(=O)N(C1CCC(=O)NC1=O)C2,QJVDGDKZGMARHJ-HFLPBZFISA-N,urea,*[C@H]1C[C@@H]1N,357.37,-0.33,133.6,4,5,3,1,0.412,0.55,9.0,3.0,3.5,True,False,False,False,True,True,False,False,False,False
GLUE2372,N[C@H]1C[C@@H]1OC(=O)Nc1cccc2c1C(=O)N(C1CCC(=O)NC1=O)C2,KRSNWYDHANGHHH-VAGKLZBCSA-N,carbamate,*[C@H]1C[C@@H]1N,358.35,0.1,130.8,3,6,3,1,0.412,0.657,9.0,3.5,3.67,True,False,False,False,True,True,False,True,False,False
GLUE2373,CC1Cc2ccccc2N1NC(=O)C(=O)Nc1cccc2c1C(=O)N(C1CCC(=O)NC1=O)C2,IVQHUAAYDHFIFM-UHFFFAOYSA-N,amide,*C(=O)NN1c2ccccc2CC1C,461.48,0.87,127.9,3,6,3,2,0.292,0.46,9.5,3.0,2.69,False,False,False,False,True,True,False,False,False,False
GLUE2374,CC1Cc2ccccc2N1NC(=O)S(=O)(=O)Nc1cccc2c1C(=O)N(C1CCC(=O)NC1=O)C2,FWVAXJDDLVQZMH-UHFFFAOYSA-N,sulfonamide,*C(=O)NN1c2ccccc2CC1C,497.53,1.27,145.0,3,7,4,2,0.304,0.539,9.5,3.0,2.43,False,False,False,False,True,True,False,False,False,False
GLUE2375,CC1Cc2ccccc2N1NC(=O)CC(=O)Nc1cccc2c1C(=O)N(C1CCC(=O)NC1=O)C2,FUKGBIXPDKIFKN-UHFFFAOYSA-N,acetamide,*C(=O)NN1c2ccccc2CC1C,475.51,1.26,127.9,3,6,5,2,0.32,0.441,9.5,3.0,2.59,False,False,False,False,True,True,False,False,False,False
GLUE2376,CC1Cc2ccccc2N1NC(=O)NC(=O)Nc1cccc2c1C(=O)N(C1CCC(=O)NC1=O)C2,GERCZINOOCNTBD-UHFFFAOYSA-N,urea,*C(=O)NN1c2ccccc2CC1C,476.49,1.64,139.9,4,6,3,2,0.292,0.497,9.5,2.5,2.42,False,False,False,False,True,True,False,False,False,False
GLUE2377,CC1Cc2ccccc2N1NC(=O)OC(=O)Nc1cccc2c1C(=O)N(C1CCC(=O)NC1=O)C2,XGPYWSIPMWIRGQ-UHFFFAOYSA-N,carbamate,*C(=O)NN1c2ccccc2CC1C,477.48,2.07,137.2,3,7,3,2,0.292,0.455,9.5,3.0,2.58,False,True,False,False,True,True,False,False,False,False
GLUE2378,NS(=O)(=O)c1cc(C(=O)Nc2cccc3c2C(=O)N(C2CCC(=O)NC2=O)C3)ccc1Cl,WSWBVUHOTZBNKK-UHFFFAOYSA-N,amide,*c1ccc(Cl)c(S(N)(=O)=O)c1,476.9,1.0,155.7,3,6,4,2,0.2,0.559,5.0,3.0,3.33,False,False,False,False,True,True,False,False,False,False
GLUE2379,NS(=O)(=O)c1cc(S(=O)(=O)Nc2cccc3c2C(=O)N(C2CCC(=O)NC2=O)C3)ccc1Cl,HHYJMMURLQVZFY-UHFFFAOYSA-N,sulfonamide,*c1ccc(Cl)c(S(N)(=O)=O)c1,512.95,0.55,172.8,3,7,5,2,0.211,0.49,5.0,2.5,3.17,False,False,False,False,True,True,False,False,False,False
GLUE2380,NS(=O)(=O)c1cc(CC(=O)Nc2cccc3c2C(=O)N(C2CCC(=O)NC2=O)C3)ccc1Cl,QSHAKXUUMCKQSQ-UHFFFAOYSA-N,acetamide,*c1ccc(Cl)c(S(N)(=O)=O)c1,490.93,0.93,155.7,3,6,5,2,0.238,0.529,5.0,3.0,3.23,False,False,False,False,True,True,False,False,False,False
GLUE2381,NS(=O)(=O)c1cc(NC(=O)Nc2cccc3c2C(=O)N(C2CCC(=O)NC2=O)C3)ccc1Cl,APBNYGXZCHBRQJ-UHFFFAOYSA-N,urea,*c1ccc(Cl)c(S(N)(=O)=O)c1,491.91,1.39,167.8,4,6,4,2,0.2,0.471,5.0,2.5,3.06,False,False,False,False,True,True,False,False,False,False
GLUE2382,NS(=O)(=O)c1cc(OC(=O)Nc2cccc3c2C(=O)N(C2CCC(=O)NC2=O)C3)ccc1Cl,GGRICPMYSZTKBZ-UHFFFAOYSA-N,carbamate,*c1ccc(Cl)c(S(N)(=O)=O)c1,492.9,1.36,165.0,3,7,4,2,0.2,0.542,5.0,3.0,3.22,False,False,False,False,True,True,False,False,False,False
GLUE2383,Cc1c(C)c2c(c(C)c1O)CCC(C)(C(=O)Nc1cccc3c1C(=O)N(C1CCC(=O)NC1=O)C3)O2,OYZOEKUUCDDRQW-UHFFFAOYSA-N,amide,*C1(C)CCc2c(C)c(O)c(C)c(C)c2O1,491.54,2.8,125.0,3,6,3,2,0.407,0.567,5.0,3.0,3.08,False,True,False,False,True,True,False,False,False,False
GLUE2384,Cc1c(C)c2c(c(C)c1O)CCC(C)(S(=O)(=O)Nc1cccc3c1C(=O)N(C1CCC(=O)NC1=O)C3)O2,XRLRMLPIVOZOLU-UHFFFAOYSA-N,sulfonamide,*C1(C)CCc2c(C)c(O)c(C)c(C)c2O1,527.6,2.56,142.1,3,7,4,2,0.423,0.519,5.0,2.5,3.14,False,True,False,False,True,True,False,False,False,False
GLUE2385,Cc1c(C)c2c(c(C)c1O)CCC(C)(CC(=O)Nc1cccc3c1C(=O)N(C1CCC(=O)NC1=O)C3)O2,WJKTZWZPFOJGKG-UHFFFAOYSA-N,acetamide,*C1(C)CCc2c(C)c(O)c(C)c(C)c2O1,505.57,3.19,125.0,3,6,4,2,0.429,0.548,5.0,2.0,2.73,False,True,False,False,True,True,False,False,False,False
GLUE2386,Cc1c(C)c2c(c(C)c1O)CCC(C)(NC(=O)Nc1cccc3c1C(=O)N(C1CCC(=O)NC1=O)C3)O2,UPLNWOFZWFTPPS-UHFFFAOYSA-N,urea,*C1(C)CCc2c(C)c(O)c(C)c(C)c2O1,506.56,2.94,137.1,4,6,3,2,0.407,0.473,5.0,2.0,2.78,False,True,False,False,True,True,False,False,False,False
GLUE2387,Cc1c(C)c2c(c(C)c1O)CCC(C)(OC(=O)Nc1cccc3c1C(=O)N(C1CCC(=O)NC1=O)C3)O2,WXXBEMPAOWPUCI-UHFFFAOYSA-N,carbamate,*C1(C)CCc2c(C)c(O)c(C)c(C)c2O1,507.54,3.37,134.3,3,7,3,2,0.407,0.542,5.0,2.0,2.55,False,True,False,False,True,True,False,False,False,False
GLUE2388,CC(O)(CS(=O)(=O)c1ccc(F)cc1)C(=O)C(=O)Nc1cccc2c1C(=O)N(C1CCC(=O)NC1=O)C2,ZMRVQAUSSKDQQR-UHFFFAOYSA-N,amide,*C(=O)C(C)(O)CS(=O)(=O)c1ccc(F)cc1,531.52,0.32,167.0,3,8,7,2,0.292,0.261,5.0,2.5,3.17,False,False,False,False,True,True,False,False,False,False
GLUE2389,CC(O)(CS(=O)(=O)c1ccc(F)cc1)C(=O)CC(=O)Nc1cccc2c1C(=O)N(C1CCC(=O)NC1=O)C2,DTEPFSCUMYJENJ-UHFFFAOYSA-N,acetamide,*C(=O)C(C)(O)CS(=O)(=O)c1ccc(F)cc1,545.55,0.71,167.0,3,8,8,2,0.32,0.248,5.0,2.5,3.17,False,False,False,False,True,True,False,False,False,False
GLUE2390,CC(O)(CS(=O)(=O)c1ccc(F)cc1)C(=O)NC(=O)Nc1cccc2c1C(=O)N(C1CCC(=O)NC1=O)C2,ITKOXBHNBCANPH-UHFFFAOYSA-N,urea,*C(=O)C(C)(O)CS(=O)(=O)c1ccc(F)cc1,546.53,0.46,179.0,4,8,6,2,0.292,0.298,5.0,2.0,3.0,False,False,False,False,True,True,False,False,False,False
GLUE2391,CC(O)(CS(=O)(=O)c1ccc(F)cc1)C(=O)OC(=O)Nc1cccc2c1C(=O)N(C1CCC(=O)NC1=O)C2,RTTAWVGXRYMHPQ-UHFFFAOYSA-N,carbamate,*C(=O)C(C)(O)CS(=O)(=O)c1ccc(F)cc1,547.52,0.89,176.2,3,9,6,2,0.292,0.205,5.0,2.5,3.17,False,False,False,False,True,True,False,False,False,False
GLUE2392,NS(=O)(=O)c1nc2ccc(C(=O)Nc3cccc4c3C(=O)N(C3CCC(=O)NC3=O)C4)cc2s1,YNHOLVVUQLRWJU-UHFFFAOYSA-N,amide,*c1ccc2nc(S(N)(=O)=O)sc2c1,499.53,0.96,168.6,3,8,4,3,0.19,0.449,5.0,3.0,3.17,False,False,False,False,True,True,False,False,False,False
GLUE2393,NS(=O)(=O)c1nc2ccc(S(=O)(=O)Nc3cccc4c3C(=O)N(C3CCC(=O)NC3=O)C4)cc2s1,OSCYRWMZTKJVMP-UHFFFAOYSA-N,sulfonamide,*c1ccc2nc(S(N)(=O)=O)sc2c1,535.59,0.51,185.7,3,9,5,3,0.2,0.394,5.0,2.5,3.17,False,False,False,False,True,True,False,False,False,False
GLUE2394,NS(=O)(=O)c1nc2ccc(CC(=O)Nc3cccc4c3C(=O)N(C3CCC(=O)NC3=O)C4)cc2s1,RMDUMFXORDTJSZ-UHFFFAOYSA-N,acetamide,*c1ccc2nc(S(N)(=O)=O)sc2c1,513.56,0.89,168.6,3,8,5,3,0.227,0.426,5.0,2.5,3.17,False,False,False,False,True,True,False,False,False,False
GLUE2395,NS(=O)(=O)c1nc2ccc(NC(=O)Nc3cccc4c3C(=O)N(C3CCC(=O)NC3=O)C4)cc2s1,MYTMHNOTHNKLLW-UHFFFAOYSA-N,urea,*c1ccc2nc(S(N)(=O)=O)sc2c1,514.55,1.35,180.7,4,8,4,3,0.19,0.379,5.0,2.0,3.0,False,False,False,False,True,True,False,False,False,False
GLUE2396,NS(=O)(=O)c1nc2ccc(OC(=O)Nc3cccc4c3C(=O)N(C3CCC(=O)NC3=O)C4)cc2s1,BGRSRJFALIUVBH-UHFFFAOYSA-N,carbamate,*c1ccc2nc(S(N)(=O)=O)sc2c1,515.53,1.32,177.9,3,9,4,3,0.19,0.435,5.0,2.5,3.17,False,False,False,False,True,True,False,False,False,False
GLUE2397,NS(=O)(=O)c1nnc(C(=O)Nc2cccc3c2C(=O)N(C2CCC(=O)NC2=O)C3)s1,SRKPXDIPBUHYRH-UHFFFAOYSA-N,amide,*c1nnc(S(N)(=O)=O)s1,450.46,-0.8,181.5,3,9,4,2,0.25,0.506,5.0,3.0,3.52,False,False,False,False,True,True,False,False,False,False
GLUE2398,NS(=O)(=O)c1nnc(S(=O)(=O)Nc2cccc3c2C(=O)N(C2CCC(=O)NC2=O)C3)s1,BFHXQNYNPLCENO-UHFFFAOYSA-N,sulfonamide,*c1nnc(S(N)(=O)=O)s1,486.51,-1.25,198.6,3,10,5,2,0.267,0.432,5.0,3.0,3.26,False,False,False,False,True,True,False,False,False,False
GLUE2399,NS(=O)(=O)c1nnc(CC(=O)Nc2cccc3c2C(=O)N(C2CCC(=O)NC2=O)C3)s1,PLRQXPMVXICNRF-UHFFFAOYSA-N,acetamide,*c1nnc(S(N)(=O)=O)s1,464.49,-0.87,181.5,3,9,5,2,0.294,0.477,5.0,3.0,3.42,False,False,False,False,True,True,False,False,False,False
GLUE2400,NS(=O)(=O)c1nnc(NC(=O)Nc2cccc3c2C(=O)N(C2CCC(=O)NC2=O)C3)s1,WIEFPWZGGGDAST-UHFFFAOYSA-N,urea,*c1nnc(S(N)(=O)=O)s1,465.47,-0.41,193.6,4,9,4,2,0.25,0.345,5.0,2.5,3.25,False,False,False,False,True,True,False,False,False,False
GLUE2401,NS(=O)(=O)c1nnc(OC(=O)Nc2cccc3c2C(=O)N(C2CCC(=O)NC2=O)C3)s1,KRTZEDJJAAZYAH-UHFFFAOYSA-N,carbamate,*c1nnc(S(N)(=O)=O)s1,466.46,-0.44,190.8,3,10,4,2,0.25,0.501,5.0,3.0,3.41,False,False,False,False,True,True,False,False,False,False
GLUE2402,CC(C)(CCCC(=O)Nc1cccc2c1C(=O)N(C1CCC(=O)NC1=O)C2)C(=O)O,XALXHWMTFVQBLV-UHFFFAOYSA-N,amide,*CCCC(C)(C)C(=O)O,415.45,1.67,132.9,3,5,7,1,0.476,0.58,5.0,3.0,3.77,True,False,False,False,True,True,False,False,False,False
GLUE2403,CC(C)(CCCS(=O)(=O)Nc1cccc2c1C(=O)N(C1CCC(=O)NC1=O)C2)C(=O)O,GXSUMEALLHKVFK-UHFFFAOYSA-N,sulfonamide,*CCCC(C)(C)C(=O)O,451.5,1.08,149.9,3,6,8,1,0.5,0.501,5.0,3.0,3.51,False,False,False,False,True,True,False,False,False,False
GLUE2404,CC(C)(CCCCC(=O)Nc1cccc2c1C(=O)N(C1CCC(=O)NC1=O)C2)C(=O)O,FLDAEDOMYYGBGH-UHFFFAOYSA-N,acetamide,*CCCC(C)(C)C(=O)O,429.47,2.06,132.9,3,5,8,1,0.5,0.428,5.0,3.0,3.67,True,True,False,False,True,True,False,False,False,False
GLUE2405,CC(C)(CCCNC(=O)Nc1cccc2c1C(=O)N(C1CCC(=O)NC1=O)C2)C(=O)O,SNXUOYIZSZCHPQ-UHFFFAOYSA-N,urea,*CCCC(C)(C)C(=O)O,430.46,1.46,144.9,4,5,7,1,0.476,0.381,5.0,2.5,3.5,True,False,False,False,True,True,False,False,False,False
GLUE2406,CC(C)(CCCOC(=O)Nc1cccc2c1C(=O)N(C1CCC(=O)NC1=O)C2)C(=O)O,AGKWEDGWLBCMDG-UHFFFAOYSA-N,carbamate,*CCCC(C)(C)C(=O)O,431.45,1.89,142.1,3,6,7,1,0.476,0.442,5.0,3.0,3.66,True,False,False,False,True,True,False,False,False,False
GLUE2407,Cc1ccc(C)c(C(=O)Nc2cccc3c2C(=O)N(C2CCC(=O)NC2=O)C3)c1,VJCOJPYGCCUIRB-UHFFFAOYSA-N,amide,*c1cc(C)ccc1C,391.43,2.32,95.6,2,4,3,2,0.273,0.785,5.0,3.5,5.09,True,True,False,False,True,True,True,True,False,True
GLUE2408,Cc1ccc(C)c(S(=O)(=O)Nc2cccc3c2C(=O)N(C2CCC(=O)NC2=O)C3)c1,LSFNNAHUIGFARZ-UHFFFAOYSA-N,sulfonamide,*c1cc(C)ccc1C,427.48,1.87,112.7,2,5,4,2,0.286,0.724,5.0,3.5,4.26,True,False,False,False,True,True,True,True,False,False
GLUE2409,Cc1ccc(C)c(CC(=O)Nc2cccc3c2C(=O)N(C2CCC(=O)NC2=O)C3)c1,HXBHZAGPFHBMDU-UHFFFAOYSA-N,acetamide,*c1cc(C)ccc1C,405.45,2.25,95.6,2,4,4,2,0.304,0.763,5.0,3.5,4.99,True,True,False,False,True,True,True,True,False,True
GLUE2410,Cc1ccc(C)c(NC(=O)Nc2cccc3c2C(=O)N(C2CCC(=O)NC2=O)C3)c1,WUSUYOGKLPFYFG-UHFFFAOYSA-N,urea,*c1cc(C)ccc1C,406.44,2.71,107.6,3,4,3,2,0.273,0.681,5.0,3.5,4.14,True,True,False,False,True,True,True,True,False,True
GLUE2411,Cc1ccc(C)c(OC(=O)Nc2cccc3c2C(=O)N(C2CCC(=O)NC2=O)C3)c1,DKZZQRGYFJAOTR-UHFFFAOYSA-N,carbamate,*c1cc(C)ccc1C,407.43,2.68,104.8,2,5,3,2,0.273,0.761,5.0,3.5,4.58,True,True,False,False,True,True,True,True,False,True
GLUE2412,CC(CCC(=O)O)C(=O)Nc1cccc2c1C(=O)N(C1CCC(=O)NC1=O)C2,NJOLMVYCMBFSGV-UHFFFAOYSA-N,amide,*C(C)CCC(=O)O,387.39,0.89,132.9,3,5,6,1,0.421,0.621,5.0,3.0,3.97,True,False,False,False,True,True,False,False,False,False
GLUE2413,CC(CCC(=O)O)S(=O)(=O)Nc1cccc2c1C(=O)N(C1CCC(=O)NC1=O)C2,AXXVIATZQJNUOM-UHFFFAOYSA-N,sulfonamide,*C(C)CCC(=O)O,423.45,0.44,149.9,3,6,7,1,0.444,0.539,5.0,3.0,3.71,True,False,False,False,True,True,False,False,False,False
GLUE2414,CC(CCC(=O)O)CC(=O)Nc1cccc2c1C(=O)N(C1CCC(=O)NC1=O)C2,KCEBUXPNGLBSSC-UHFFFAOYSA-N,acetamide,*C(C)CCC(=O)O,401.42,1.28,132.9,3,5,7,1,0.45,0.59,5.0,3.0,3.87,True,False,False,False,True,True,False,False,False,False
GLUE2415,CC(CCC(=O)O)NC(=O)Nc1cccc2c1C(=O)N(C1CCC(=O)NC1=O)C2,PGDGVVUKGFDCHN-UHFFFAOYSA-N,urea,*C(C)CCC(=O)O,402.41,0.82,144.9,4,5,6,1,0.421,0.519,5.0,2.5,3.7,True,False,False,False,True,True,False,False,False,False
GLUE2416,CC(CCC(=O)O)OC(=O)Nc1cccc2c1C(=O)N(C1CCC(=O)NC1=O)C2,QKKMCDSAJTWPRR-UHFFFAOYSA-N,carbamate,*C(C)CCC(=O)O,403.39,1.25,142.1,3,6,6,1,0.421,0.607,5.0,3.0,3.86,True,False,False,False,True,True,False,False,False,False
GLUE2417,Nc1nc(=O)n(C(=O)Nc2cccc3c2C(=O)N(C2CCC(=O)NC2=O)C3)cc1F,DHFFXSCNFVAGDC-UHFFFAOYSA-N,amide,*n1cc(F)c(N)nc1=O,414.35,-0.19,156.5,3,7,2,2,0.222,0.575,4.5,3.0,3.78,True,False,False,False,True,True,False,False,False,False
GLUE2418,Nc1nc(=O)n(S(=O)(=O)Nc2cccc3c2C(=O)N(C2CCC(=O)NC2=O)C3)cc1F,ZOMMXJBCLVFLNR-UHFFFAOYSA-N,sulfonamide,*n1cc(F)c(N)nc1=O,450.41,-1.07,173.6,3,8,4,2,0.235,0.494,4.5,3.0,3.52,False,False,False,False,True,True,False,False,False,False
GLUE2419,Nc1nc(=O)n(CC(=O)Nc2cccc3c2C(=O)N(C2CCC(=O)NC2=O)C3)cc1F,WNAOHGIEZDFJFQ-UHFFFAOYSA-N,acetamide,*n1cc(F)c(N)nc1=O,428.38,-0.64,156.5,3,7,4,2,0.263,0.547,4.5,3.0,3.68,True,False,False,False,True,True,False,False,False,False
GLUE2420,Nc1nc(=O)n(NC(=O)Nc2cccc3c2C(=O)N(C2CCC(=O)NC2=O)C3)cc1F,DGMJBIKGBYFTNH-UHFFFAOYSA-N,urea,*n1cc(F)c(N)nc1=O,429.37,-0.5,168.5,4,7,3,2,0.222,0.477,4.5,2.5,3.5,True,False,False,False,True,True,False,False,False,False
GLUE2421,Nc1nc(=O)n(OC(=O)Nc2cccc3c2C(=O)N(C2CCC(=O)NC2=O)C3)cc1F,OXVJBRCUVKBXHU-UHFFFAOYSA-N,carbamate,*n1cc(F)c(N)nc1=O,430.35,-0.61,165.7,3,8,3,2,0.222,0.542,4.5,3.0,3.66,True,False,False,False,True,True,False,False,False,False
GLUE2422,C[C@H]1O[C@@H](C(=O)Nc2cccc3c2C(=O)N(C2CCC(=O)NC2=O)C3)[C@H](O)[C@@H]1O,ROOYPKMOXWCSSY-UVCRJGEESA-N,amide,*[C@@H]1O[C@H](C)[C@@H](O)[C@H]1O,403.39,-1.1,145.3,4,7,3,1,0.474,0.469,5.0,2.5,3.69,True,False,False,False,True,True,False,False,False,False
GLUE2423,C[C@H]1O[C@@H](S(=O)(=O)Nc2cccc3c2C(=O)N(C2CCC(=O)NC2=O)C3)[C@H](O)[C@@H]1O,PHLQUQGVTOGBSJ-OJUCYXCMSA-N,sulfonamide,*[C@@H]1O[C@H](C)[C@@H](O)[C@H]1O,439.45,-1.34,162.3,4,8,4,1,0.5,0.419,5.0,2.5,3.43,True,False,False,False,True,True,False,False,False,False
GLUE2424,C[C@H]1O[C@@H](CC(=O)Nc2cccc3c2C(=O)N(C2CCC(=O)NC2=O)C3)[C@H](O)[C@@H]1O,LBUWXEKVGGWGPI-ZKKCLPNYSA-N,acetamide,*[C@@H]1O[C@H](C)[C@@H](O)[C@H]1O,417.42,-0.71,145.3,4,7,4,1,0.5,0.473,5.0,2.5,3.59,True,False,False,False,True,True,False,False,False,False
GLUE2425,C[C@H]1O[C@@H](NC(=O)Nc2cccc3c2C(=O)N(C2CCC(=O)NC2=O)C3)[C@H](O)[C@@H]1O,SHOWIUHRZMUHHS-VIMFGWMFSA-N,urea,*[C@@H]1O[C@H](C)[C@@H](O)[C@H]1O,418.41,-0.96,157.3,5,7,3,1,0.474,0.396,5.0,2.5,3.58,True,False,False,False,True,True,False,False,False,False
GLUE2426,C[C@H]1O[C@@H](OC(=O)Nc2cccc3c2C(=O)N(C2CCC(=O)NC2=O)C3)[C@H](O)[C@@H]1O,NFIIFERJWDIFMJ-OJUCYXCMSA-N,carbamate,*[C@@H]1O[C@H](C)[C@@H](O)[C@H]1O,419.39,-0.54,154.5,4,8,3,1,0.474,0.477,5.0,2.5,3.58,True,False,False,False,True,True,False,False,False,False
GLUE2427,O=C1CCC(N2Cc3cccc(NC(=O)c4c(F)cccc4Cl)c3C2=O)C(=O)N1,BDSCQEOCFQXKBS-UHFFFAOYSA-N,amide,*c1c(F)cccc1Cl,415.81,2.49,95.6,2,4,3,2,0.2,0.753,5.0,3.5,4.92,True,True,False,False,True,True,True,True,False,True
GLUE2428,O=C1CCC(N2Cc3cccc(NS(=O)(=O)c4c(F)cccc4Cl)c3C2=O)C(=O)N1,NAVSRKUASHCGQI-UHFFFAOYSA-N,sulfonamide,*c1c(F)cccc1Cl,451.86,2.04,112.7,2,5,4,2,0.211,0.691,5.0,3.5,4.09,False,True,False,False,True,True,True,True,False,False
GLUE2429,O=C1CCC(N2Cc3cccc(NC(=O)Cc4c(F)cccc4Cl)c3C2=O)C(=O)N1,MMRIOIXPJIYDOZ-UHFFFAOYSA-N,acetamide,*c1c(F)cccc1Cl,429.84,2.42,95.6,2,4,4,2,0.238,0.73,5.0,3.5,4.82,True,True,False,False,True,True,True,True,False,True
GLUE2430,O=C1CCC(N2Cc3cccc(NC(=O)Nc4c(F)cccc4Cl)c3C2=O)C(=O)N1,ZVOSYMCSDGGOTB-UHFFFAOYSA-N,urea,*c1c(F)cccc1Cl,430.82,2.88,107.6,3,4,3,2,0.2,0.651,5.0,3.5,3.88,True,True,False,False,True,True,True,True,False,True
GLUE2431,O=C1CCC(N2Cc3cccc(NC(=O)Oc4c(F)cccc4Cl)c3C2=O)C(=O)N1,FBKKAWLHTMYRMB-UHFFFAOYSA-N,carbamate,*c1c(F)cccc1Cl,431.81,2.85,104.8,2,5,3,2,0.2,0.727,5.0,3.5,4.32,True,True,False,False,True,True,True,True,False,True
GLUE2432,CN(CS(=O)(=O)O)C(=O)Nc1cccc2c1C(=O)N(C1CCC(=O)NC1=O)C2,GFFLCCNHXDFYOH-UHFFFAOYSA-N,amide,*N(C)CS(=O)(=O)O,410.41,-0.24,153.2,3,6,4,1,0.375,0.457,5.0,3.0,3.81,True,False,False,False,True,True,False,False,False,False
GLUE2433,CN(CS(=O)(=O)O)S(=O)(=O)Nc1cccc2c1C(=O)N(C1CCC(=O)NC1=O)C2,RNULIFQHRVQCNG-UHFFFAOYSA-N,sulfonamide,*N(C)CS(=O)(=O)O,446.46,-1.12,170.3,3,7,6,1,0.4,0.364,5.0,3.0,3.55,True,False,False,False,True,True,False,False,False,False
GLUE2434,CN(CC(=O)Nc1cccc2c1C(=O)N(C1CCC(=O)NC1=O)C2)CS(=O)(=O)O,VTOJCJWVJUGGCJ-UHFFFAOYSA-N,acetamide,*N(C)CS(=O)(=O)O,424.44,-0.84,153.2,3,7,6,1,0.412,0.395,9.5,3.0,2.96,True,False,False,False,True,True,False,False,False,False
GLUE2435,CN(CS(=O)(=O)O)NC(=O)Nc1cccc2c1C(=O)N(C1CCC(=O)NC1=O)C2,XCQLMPJGVXIKNF-UHFFFAOYSA-N,urea,*N(C)CS(=O)(=O)O,425.42,-0.74,165.2,4,7,5,1,0.375,0.272,9.5,2.5,2.78,True,False,False,False,True,True,False,False,False,False
GLUE2436,CN(CS(=O)(=O)O)OC(=O)Nc1cccc2c1C(=O)N(C1CCC(=O)NC1=O)C2,QPMGGEKBFSFZNF-UHFFFAOYSA-N,carbamate,*N(C)CS(=O)(=O)O,426.41,-0.31,162.4,3,8,5,1,0.375,0.325,9.5,3.0,2.94,True,False,False,False,True,True,False,False,False,False
GLUE2437,CS(=O)(=O)OS(=O)(=O)Nc1cccc2c1C(=O)N(C1CCC(=O)NC1=O)C2,UYQQFMJHQBAVAW-UHFFFAOYSA-N,sulfonamide,*OS(C)(=O)=O,417.42,-0.92,156.0,2,8,5,1,0.357,0.583,5.0,3.0,4.09,True,False,False,False,True,True,False,False,False,False
GLUE2438,CS(=O)(=O)OCC(=O)Nc1cccc2c1C(=O)N(C1CCC(=O)NC1=O)C2,ABFYWNLXNURLGF-UHFFFAOYSA-N,acetamide,*OS(C)(=O)=O,395.39,-0.64,138.9,2,7,5,1,0.375,0.499,5.0,3.0,4.25,True,False,False,False,True,True,False,False,False,False
GLUE2439,CS(=O)(=O)ONC(=O)Nc1cccc2c1C(=O)N(C1CCC(=O)NC1=O)C2,QZRGFPQIOVBZAN-UHFFFAOYSA-N,urea,*OS(C)(=O)=O,396.38,-0.54,151.0,3,7,4,1,0.333,0.457,5.0,3.0,3.91,True,False,False,False,True,True,False,False,False,False
GLUE2440,CS(=O)(=O)OOC(=O)Nc1cccc2c1C(=O)N(C1CCC(=O)NC1=O)C2,HSESPHSEYDOAPP-UHFFFAOYSA-N,carbamate,*OS(C)(=O)=O,397.37,-0.11,148.2,2,8,4,1,0.333,0.406,5.0,3.0,4.23,True,False,False,False,True,True,False,False,False,False
GLUE2441,C[C@H](CS)C(=O)C(=O)Nc1cccc2c1C(=O)N(C1CCC(=O)NC1=O)C2,WWSRVPYWVZHPDV-PKEIRNPWSA-N,amide,*C(=O)[C@H](C)CS,389.43,0.52,112.7,3,6,5,1,0.389,0.386,5.0,3.5,4.2,True,False,False,False,True,True,True,True,False,False
GLUE2442,C[C@H](CS)C(=O)S(=O)(=O)Nc1cccc2c1C(=O)N(C1CCC(=O)NC1=O)C2,UALHPFXICZGYGG-PKEIRNPWSA-N,sulfonamide,*C(=O)[C@H](C)CS,425.49,0.28,129.7,3,7,5,1,0.412,0.459,5.0,3.0,3.7,True,False,False,False,True,True,False,False,False,False
GLUE2443,C[C@H](CS)C(=O)CC(=O)Nc1cccc2c1C(=O)N(C1CCC(=O)NC1=O)C2,IBYWVNYNRCIBSY-VUUHIHSGSA-N,acetamide,*C(=O)[C@H](C)CS,403.46,0.91,112.7,3,6,6,1,0.421,0.371,5.0,3.5,4.1,True,False,False,False,True,True,True,True,False,False
GLUE2444,C[C@H](CS)C(=O)NC(=O)Nc1cccc2c1C(=O)N(C1CCC(=O)NC1=O)C2,DCTUVQUATDRTIU-PKEIRNPWSA-N,urea,*C(=O)[C@H](C)CS,404.45,0.66,124.7,4,6,4,1,0.389,0.433,5.0,2.5,3.68,True,False,False,False,True,True,False,False,False,False
GLUE2445,C[C@H](CS)C(=O)OC(=O)Nc1cccc2c1C(=O)N(C1CCC(=O)NC1=O)C2,MDFRPECZLPMNOZ-PKEIRNPWSA-N,carbamate,*C(=O)[C@H](C)CS,405.43,1.09,121.9,3,7,4,1,0.389,0.298,5.0,3.0,3.84,True,False,False,False,True,True,False,False,False,False
GLUE2446,O=C1CCC(N2Cc3cccc(NC(=O)[C@@H](O)CO)c3C2=O)C(=O)N1,MBVULFTUIFYHPE-DTIOYNMSSA-N,amide,*[C@@H](O)CO,347.33,-1.26,136.0,4,6,4,1,0.375,0.502,5.0,3.0,4.0,True,False,False,False,True,True,False,False,False,False
GLUE2447,O=C1CCC(N2Cc3cccc(NS(=O)(=O)[C@@H](O)CO)c3C2=O)C(=O)N1,CAKBBEVABHDLIT-TVKKRMFBSA-N,sulfonamide,*[C@@H](O)CO,383.38,-1.5,153.1,4,7,5,1,0.4,0.451,5.0,2.5,3.83,True,False,False,False,True,True,False,False,False,False
GLUE2448,O=C1CCC(N2Cc3cccc(NC(=O)C[C@@H](O)CO)c3C2=O)C(=O)N1,HMBOYVQFZMTOHM-RWANSRKNSA-N,acetamide,*[C@@H](O)CO,361.35,-0.87,136.0,4,6,5,1,0.412,0.503,5.0,2.5,3.99,True,False,False,False,True,True,False,False,False,False
GLUE2449,O=C1CCC(N2Cc3cccc(NC(=O)N[C@@H](O)CO)c3C2=O)C(=O)N1,XWXSOMKYRXUCNU-KFJBMODSSA-N,urea,*[C@@H](O)CO,362.34,-1.12,148.1,5,6,4,1,0.375,0.338,5.0,2.5,3.98,True,False,False,False,True,True,False,False,False,False
GLUE2450,O=C1CCC(N2Cc3cccc(NC(=O)O[C@@H](O)CO)c3C2=O)C(=O)N1,UOYSZGGMFNELKC-TVKKRMFBSA-N,carbamate,*[C@@H](O)CO,363.33,-0.69,145.3,4,7,4,1,0.375,0.409,5.0,2.5,3.98,True,False,False,False,True,True,False,False,False,False
GLUE2451,CC1CCC(C(=O)Nc2cccc3c2C(=O)N(C2CCC(=O)NC2=O)C3)C(O)C1,YAGMWTGPJCWQRQ-UHFFFAOYSA-N,amide,*C1CCC(C)CC1O,399.45,1.18,115.8,3,5,3,1,0.524,0.66,5.0,3.5,4.02,True,False,False,False,True,True,True,True,False,False
GLUE2452,CC1CCC(S(=O)(=O)Nc2cccc3c2C(=O)N(C2CCC(=O)NC2=O)C3)C(O)C1,YCPAUQZATOKHAV-UHFFFAOYSA-N,sulfonamide,*C1CCC(C)CC1O,435.5,0.74,132.9,3,6,4,1,0.55,0.598,5.0,3.0,3.63,True,False,False,False,True,True,False,False,False,False
GLUE2453,CC1CCC(CC(=O)Nc2cccc3c2C(=O)N(C2CCC(=O)NC2=O)C3)C(O)C1,ZIGJFPRYVVGYTI-UHFFFAOYSA-N,acetamide,*C1CCC(C)CC1O,413.47,1.57,115.8,3,5,4,1,0.545,0.648,5.0,3.5,3.92,True,False,False,False,True,True,True,True,False,False
GLUE2454,CC1CCC(NC(=O)Nc2cccc3c2C(=O)N(C2CCC(=O)NC2=O)C3)C(O)C1,YYHMUNDCSFQSJU-UHFFFAOYSA-N,urea,*C1CCC(C)CC1O,414.46,1.12,127.8,4,5,3,1,0.524,0.551,5.0,2.5,3.61,True,False,False,False,True,True,False,False,False,False
GLUE2455,CC1CCC(OC(=O)Nc2cccc3c2C(=O)N(C2CCC(=O)NC2=O)C3)C(O)C1,MQLAWYWFNDOJLL-UHFFFAOYSA-N,carbamate,*C1CCC(C)CC1O,415.45,1.55,125.0,3,6,3,1,0.524,0.643,5.0,3.0,3.77,True,False,False,False,True,True,False,False,False,False
GLUE2456,N[C@]1(C(=O)Nc2cccc3c2C(=O)N(C2CCC(=O)NC2=O)C3)C[C@@H]([18F])C1,HSJQSKFZMHPIFN-PVILSKPYSA-N,amide,*[C@]1(N)C[C@H]([18F])C1,373.37,0.22,121.6,3,5,3,1,0.444,0.654,9.0,3.0,3.57,True,False,False,False,True,True,False,False,False,False
GLUE2457,N[C@]1(S(=O)(=O)Nc2cccc3c2C(=O)N(C2CCC(=O)NC2=O)C3)C[C@@H]([18F])C1,OTTJNVOTGFZYGF-JLMCMMPTSA-N,sulfonamide,*[C@]1(N)C[C@H]([18F])C1,409.43,-0.02,138.7,3,6,4,1,0.471,0.597,9.0,3.0,3.31,True,False,False,False,True,True,False,False,False,False
GLUE2458,N[C@]1(CC(=O)Nc2cccc3c2C(=O)N(C2CCC(=O)NC2=O)C3)C[C@@H]([18F])C1,MJLTTWLJABDHIQ-FHMLIWBVSA-N,acetamide,*[C@]1(N)C[C@H]([18F])C1,387.4,0.61,121.6,3,5,4,1,0.474,0.654,9.0,3.0,3.47,True,False,False,False,True,True,False,False,False,False
GLUE2459,N[C@]1(NC(=O)Nc2cccc3c2C(=O)N(C2CCC(=O)NC2=O)C3)C[C@@H]([18F])C1,KUNOIXLSIYBAHB-ULNGXIGUSA-N,urea,*[C@]1(N)C[C@H]([18F])C1,388.39,0.36,133.6,4,5,3,1,0.444,0.438,9.0,2.5,3.3,True,False,False,False,True,True,False,False,False,False
GLUE2460,N[C@]1(OC(=O)Nc2cccc3c2C(=O)N(C2CCC(=O)NC2=O)C3)C[C@@H]([18F])C1,RMVCAXOXADPDDK-ULNGXIGUSA-N,carbamate,*[C@]1(N)C[C@H]([18F])C1,389.37,0.78,130.8,3,6,3,1,0.444,0.517,9.0,3.0,3.46,True,False,False,False,True,True,False,False,False,False
GLUE2461,NC(N)=Nc1nc(C(=O)Nc2cccc3c2C(=O)N(C2CCC(=O)NC2=O)C3)cs1,CAFWOKHPJARSAR-UHFFFAOYSA-N,amide,*c1csc(N=C(N)N)n1,427.45,0.06,172.9,4,7,4,2,0.222,0.303,9.0,2.5,3.02,True,False,False,False,True,True,False,False,False,False
GLUE2462,NC(N)=Nc1nc(S(=O)(=O)Nc2cccc3c2C(=O)N(C2CCC(=O)NC2=O)C3)cs1,RCZZTTJUSKQWHT-UHFFFAOYSA-N,sulfonamide,*c1csc(N=C(N)N)n1,463.5,-0.39,189.9,4,8,5,2,0.235,0.262,9.0,2.5,2.76,False,False,False,False,True,True,False,False,False,False
GLUE2463,NC(N)=Nc1nc(CC(=O)Nc2cccc3c2C(=O)N(C2CCC(=O)NC2=O)C3)cs1,LLVLYJRURXFJMI-UHFFFAOYSA-N,acetamide,*c1csc(N=C(N)N)n1,441.47,-0.01,172.9,4,7,5,2,0.263,0.287,9.0,2.5,2.92,True,False,False,False,True,True,False,False,False,False
GLUE2464,NC(N)=Nc1nc(NC(=O)Nc2cccc3c2C(=O)N(C2CCC(=O)NC2=O)C3)cs1,AVDISZCTDGLBIE-UHFFFAOYSA-N,urea,*c1csc(N=C(N)N)n1,442.46,0.45,184.9,5,7,4,2,0.222,0.258,9.0,2.5,2.91,True,False,False,False,True,True,False,False,False,False
GLUE2465,NC(N)=Nc1nc(OC(=O)Nc2cccc3c2C(=O)N(C2CCC(=O)NC2=O)C3)cs1,LLBUTQAAHAEYPI-UHFFFAOYSA-N,carbamate,*c1csc(N=C(N)N)n1,443.45,0.42,182.1,4,8,4,2,0.222,0.298,9.0,2.5,2.9,True,False,False,False,True,True,False,False,False,False
GLUE2466,O=C1CCC(N2Cc3cccc(NC(=O)c4cc(=O)[nH]c(=S)[nH]4)c3C2=O)C(=O)N1,HXFKEIUAFZRLSE-UHFFFAOYSA-N,amide,*c1cc(=O)[nH]c(=S)[nH]1,413.42,0.45,144.2,4,6,3,2,0.222,0.425,5.0,2.5,3.62,True,False,False,False,True,True,False,False,False,False
GLUE2467,O=C1CCC(N2Cc3cccc(NS(=O)(=O)c4cc(=O)[nH]c(=S)[nH]4)c3C2=O)C(=O)N1,KOUDBINRAVLKQG-UHFFFAOYSA-N,sulfonamide,*c1cc(=O)[nH]c(=S)[nH]1,449.47,-0.01,161.3,4,7,4,2,0.235,0.29,5.0,2.5,3.36,True,False,False,False,True,True,False,False,False,False
GLUE2468,O=C1CCC(N2Cc3cccc(NC(=O)Cc4cc(=O)[nH]c(=S)[nH]4)c3C2=O)C(=O)N1,CVNIOIFQJJAGKE-UHFFFAOYSA-N,acetamide,*c1cc(=O)[nH]c(=S)[nH]1,427.44,0.37,144.2,4,6,4,2,0.263,0.41,5.0,2.5,3.52,True,False,False,False,True,True,False,False,False,False
GLUE2469,O=C1CCC(N2Cc3cccc(NC(=O)Nc4cc(=O)[nH]c(=S)[nH]4)c3C2=O)C(=O)N1,XGLYEBICFXINQY-UHFFFAOYSA-N,urea,*c1cc(=O)[nH]c(=S)[nH]1,428.43,0.84,156.3,5,6,3,2,0.222,0.36,5.0,2.5,3.51,True,False,False,False,True,True,False,False,False,False
GLUE2470,O=C1CCC(N2Cc3cccc(NC(=O)Oc4cc(=O)[nH]c(=S)[nH]4)c3C2=O)C(=O)N1,HYQJWVRWAUBXNP-UHFFFAOYSA-N,carbamate,*c1cc(=O)[nH]c(=S)[nH]1,429.41,0.8,153.5,4,7,3,2,0.222,0.416,5.0,2.5,3.5,True,False,False,False,True,True,False,False,False,False
GLUE2471,O=C1CCC(N2Cc3cccc(NC(=O)c4cnc(O)nc4O)c3C2=O)C(=O)N1,WINLYLBZLZSMBS-UHFFFAOYSA-N,amide,*c1cnc(O)nc1O,397.35,-0.1,161.8,4,8,3,2,0.222,0.522,5.0,2.5,3.73,True,False,False,False,True,True,False,False,False,False
GLUE2472,O=C1CCC(N2Cc3cccc(NS(=O)(=O)c4cnc(O)nc4O)c3C2=O)C(=O)N1,ZXKUUZWJZFHMSQ-UHFFFAOYSA-N,sulfonamide,*c1cnc(O)nc1O,433.4,-0.55,178.9,4,9,4,2,0.235,0.46,5.0,2.5,3.48,True,False,False,False,True,True,False,False,False,False
GLUE2473,O=C1CCC(N2Cc3cccc(NC(=O)Cc4cnc(O)nc4O)c3C2=O)C(=O)N1,UPZWLPNKBLJKDT-UHFFFAOYSA-N,acetamide,*c1cnc(O)nc1O,411.37,-0.17,161.8,4,8,4,2,0.263,0.504,5.0,2.5,3.63,True,False,False,False,True,True,False,False,False,False
GLUE2474,O=C1CCC(N2Cc3cccc(NC(=O)Nc4cnc(O)nc4O)c3C2=O)C(=O)N1,CKTRHCDSKRJDOH-UHFFFAOYSA-N,urea,*c1cnc(O)nc1O,412.36,0.29,173.9,5,8,3,2,0.222,0.447,5.0,2.5,3.63,True,False,False,False,True,True,False,False,False,False
GLUE2475,O=C1CCC(N2Cc3cccc(NC(=O)Oc4cnc(O)nc4O)c3C2=O)C(=O)N1,XBWDHODKMGLHEL-UHFFFAOYSA-N,carbamate,*c1cnc(O)nc1O,413.35,0.26,171.1,4,9,3,2,0.222,0.515,5.0,2.5,3.62,True,False,False,False,True,True,False,False,False,False
GLUE2476,Cc1nc(C(=O)Nc2cccc3c2C(=O)N(C2CCC(=O)NC2=O)C3)nc2ccccc12,XEQIUWBGJYUSAK-UHFFFAOYSA-N,amide,*c1nc(C)c2ccccc2n1,429.44,1.95,121.4,2,6,3,3,0.217,0.614,5.0,3.0,4.0,True,False,False,False,True,True,False,False,False,False
GLUE2477,Cc1nc(S(=O)(=O)Nc2cccc3c2C(=O)N(C2CCC(=O)NC2=O)C3)nc2ccccc12,OSYKYHDXNHBIES-UHFFFAOYSA-N,sulfonamide,*c1nc(C)c2ccccc2n1,465.49,1.5,138.4,2,7,4,3,0.227,0.44,5.0,3.0,3.75,False,False,False,False,True,True,False,False,False,False
GLUE2478,Cc1nc(CC(=O)Nc2cccc3c2C(=O)N(C2CCC(=O)NC2=O)C3)nc2ccccc12,OQYXBUQSIMLUKT-UHFFFAOYSA-N,acetamide,*c1nc(C)c2ccccc2n1,443.46,1.88,121.4,2,6,4,3,0.25,0.594,5.0,3.0,3.9,True,False,False,False,True,True,False,False,False,False
GLUE2479,Cc1nc(NC(=O)Nc2cccc3c2C(=O)N(C2CCC(=O)NC2=O)C3)nc2ccccc12,FBNHAAUGDZBMSL-UHFFFAOYSA-N,urea,*c1nc(C)c2ccccc2n1,444.45,2.34,133.4,3,6,3,3,0.217,0.531,5.0,3.0,3.56,True,True,False,False,True,True,False,False,False,False
GLUE2480,Cc1nc(OC(=O)Nc2cccc3c2C(=O)N(C2CCC(=O)NC2=O)C3)nc2ccccc12,JJLKRCBXMDGNIK-UHFFFAOYSA-N,carbamate,*c1nc(C)c2ccccc2n1,445.44,2.31,130.6,2,7,3,3,0.217,0.592,5.0,3.0,3.89,True,True,False,False,True,True,False,False,False,False
GLUE2481,CC#CCC(=O)Nc1cccc2c1C(=O)N(C1CCC(=O)NC1=O)C2,HSLYARDBCCFJPY-UHFFFAOYSA-N,amide,*CC#CC,339.35,0.8,95.6,2,4,3,1,0.333,0.629,5.0,4.0,5.31,True,False,False,True,True,True,True,True,False,False
GLUE2482,CC#CCS(=O)(=O)Nc1cccc2c1C(=O)N(C1CCC(=O)NC1=O)C2,RAYSUFWRLUWNFC-UHFFFAOYSA-N,sulfonamide,*CC#CC,375.41,0.21,112.7,2,5,4,1,0.353,0.577,5.0,3.5,4.63,True,False,False,False,True,True,True,True,False,False
GLUE2483,CC#CCCC(=O)Nc1cccc2c1C(=O)N(C1CCC(=O)NC1=O)C2,FLKOCMZERRRSFJ-UHFFFAOYSA-N,acetamide,*CC#CC,353.38,1.19,95.6,2,4,4,1,0.368,0.628,5.0,4.0,5.31,True,False,False,True,True,True,True,True,False,False
GLUE2484,CC#CCNC(=O)Nc1cccc2c1C(=O)N(C1CCC(=O)NC1=O)C2,GJHUJFHVPHADNU-UHFFFAOYSA-N,urea,*CC#CC,354.37,0.59,107.6,3,4,3,1,0.333,0.545,5.0,4.0,4.58,True,False,False,True,True,True,True,True,False,False
GLUE2485,CC#CCOC(=O)Nc1cccc2c1C(=O)N(C1CCC(=O)NC1=O)C2,USXPACNFCRHWDR-UHFFFAOYSA-N,carbamate,*CC#CC,355.35,1.02,104.8,2,5,3,1,0.333,0.622,5.0,4.0,5.01,True,False,False,True,True,True,True,True,False,False
GLUE2486,O=C1CCC(N2Cc3cccc(NC(=O)N4CCCCC4=O)c3C2=O)C(=O)N1,JHEGESHRHVNUEI-UHFFFAOYSA-N,amide,*N1CCCCC1=O,384.39,0.99,115.9,2,5,2,1,0.421,0.738,5.0,3.5,4.46,True,False,False,False,True,True,True,True,False,False
GLUE2487,O=C1CCC(N2Cc3cccc(NS(=O)(=O)N4CCCCC4=O)c3C2=O)C(=O)N1,YUWOGGIPFZNJPY-UHFFFAOYSA-N,sulfonamide,*N1CCCCC1=O,420.45,0.12,133.0,2,6,4,1,0.444,0.665,5.0,3.0,4.07,True,False,False,False,True,True,False,False,False,False
GLUE2488,O=C1CCC(N2Cc3cccc(NC(=O)CN4CCCCC4=O)c3C2=O)C(=O)N1,SPJAPGFWBCFGBQ-UHFFFAOYSA-N,acetamide,*N1CCCCC1=O,398.42,0.4,115.9,2,5,4,1,0.45,0.712,5.0,3.5,4.36,True,False,False,False,True,True,True,True,False,False
GLUE2489,O=C1CCC(N2Cc3cccc(NC(=O)NN4CCCCC4=O)c3C2=O)C(=O)N1,BFWXKIKUDJDXPY-UHFFFAOYSA-N,urea,*N1CCCCC1=O,399.41,0.5,127.9,3,5,3,1,0.421,0.638,5.0,3.0,3.89,True,False,False,False,True,True,False,False,False,False
GLUE2490,O=C1CCC(N2Cc3cccc(NC(=O)ON4CCCCC4=O)c3C2=O)C(=O)N1,LTDZODGOTIUJRX-UHFFFAOYSA-N,carbamate,*N1CCCCC1=O,400.39,0.92,125.1,2,6,3,1,0.421,0.727,5.0,3.0,4.21,True,False,False,False,True,True,False,False,False,False
GLUE2491,O=C1CCC(N2Cc3cccc(NC(=O)n4cnc5c(=O)[nH]cnc54)c3C2=O)C(=O)N1,KOORNELMPIECTQ-UHFFFAOYSA-N,amide,*n1cnc2c(=O)[nH]cnc21,421.37,-0.04,159.2,3,7,2,3,0.211,0.49,5.0,3.0,3.73,True,False,False,False,True,True,False,False,False,False
GLUE2492,O=C1CCC(N2Cc3cccc(NS(=O)(=O)n4cnc5c(=O)[nH]cnc54)c3C2=O)C(=O)N1,RMMNLOFFITXCIA-UHFFFAOYSA-N,sulfonamide,*n1cnc2c(=O)[nH]cnc21,457.43,-0.91,176.2,3,8,4,3,0.222,0.422,5.0,3.0,3.47,False,False,False,False,True,True,False,False,False,False
GLUE2493,O=C1CCC(N2Cc3cccc(NC(=O)Cn4cnc5c(=O)[nH]cnc54)c3C2=O)C(=O)N1,SFTYYZZKTKSNDC-UHFFFAOYSA-N,acetamide,*n1cnc2c(=O)[nH]cnc21,435.4,-0.48,159.2,3,7,4,3,0.25,0.467,5.0,3.0,3.63,True,False,False,False,True,True,False,False,False,False
GLUE2494,O=C1CCC(N2Cc3cccc(NC(=O)Nn4cnc5c(=O)[nH]cnc54)c3C2=O)C(=O)N1,OAPGMGRDJMXSRY-UHFFFAOYSA-N,urea,*n1cnc2c(=O)[nH]cnc21,436.39,-0.34,171.2,4,7,3,3,0.211,0.407,5.0,2.5,3.45,True,False,False,False,True,True,False,False,False,False
GLUE2495,O=C1CCC(N2Cc3cccc(NC(=O)On4cnc5c(=O)[nH]cnc54)c3C2=O)C(=O)N1,CVXPPNRXEWKRSL-UHFFFAOYSA-N,carbamate,*n1cnc2c(=O)[nH]cnc21,437.37,-0.46,168.4,3,8,3,3,0.211,0.463,5.0,3.0,3.61,True,False,False,False,True,True,False,False,False,False
GLUE2496,O=C1CCC(N2Cc3cccc(NC(=O)CCl)c3C2=O)C(=O)N1,IWMCCUUFSZVLPK-UHFFFAOYSA-N,amide,*CCl,335.75,0.62,95.6,2,4,3,1,0.333,0.625,5.0,4.0,5.31,True,False,False,True,True,True,True,True,False,False
GLUE2497,O=C1CCC(N2Cc3cccc(NS(=O)(=O)CCl)c3C2=O)C(=O)N1,QUGFTBGREOGVDW-UHFFFAOYSA-N,sulfonamide,*CCl,371.8,0.39,112.7,2,5,4,1,0.357,0.587,5.0,3.5,4.66,True,False,False,False,True,True,True,True,False,False
GLUE2498,O=C1CCC(N2Cc3cccc(NC(=O)NCCl)c3C2=O)C(=O)N1,STRKOYQYMZEUBY-UHFFFAOYSA-N,urea,*CCl,350.76,0.77,107.6,3,4,3,1,0.333,0.425,5.0,4.0,4.58,True,False,False,True,True,True,True,True,False,False
GLUE2499,O=C1CCC(N2Cc3cccc(NC(=O)n4cnc5c4N=CNC[C@H]5O)c3C2=O)C(=O)N1,WTDUOHWLNMKPPS-ZGTCLIOFSA-N,amide,*n1cnc2c1N=CNC[C@H]2O,437.42,0.02,158.0,4,8,2,2,0.3,0.482,9.0,2.5,2.95,True,False,False,False,True,True,False,False,False,False
GLUE2500,O=C1CCC(N2Cc3cccc(NS(=O)(=O)n4cnc5c4N=CNC[C@H]5O)c3C2=O)C(=O)N1,UZABFZIXZNTKBV-ZGTCLIOFSA-N,sulfonamide,*n1cnc2c1N=CNC[C@H]2O,473.47,-0.85,175.1,4,9,4,2,0.316,0.415,9.0,2.5,2.69,False,False,False,False,True,True,False,False,False,False
GLUE2501,O=C1CCC(N2Cc3cccc(NC(=O)Cn4cnc5c4N=CNC[C@H]5O)c3C2=O)C(=O)N1,PWGIEDXMWUVDRJ-ARLHGKGLSA-N,acetamide,*n1cnc2c1N=CNC[C@H]2O,451.44,-0.42,158.0,4,8,4,2,0.333,0.46,9.0,2.5,2.85,False,False,False,False,True,True,False,False,False,False
GLUE2502,O=C1CCC(N2Cc3cccc(NC(=O)Nn4cnc5c4N=CNC[C@H]5O)c3C2=O)C(=O)N1,OWIJTMFFDSQAHU-ZGTCLIOFSA-N,urea,*n1cnc2c1N=CNC[C@H]2O,452.43,-0.28,170.1,5,8,3,2,0.3,0.399,9.0,2.5,2.84,False,False,False,False,True,True,False,False,False,False
GLUE2503,O=C1CCC(N2Cc3cccc(NC(=O)On4cnc5c4N=CNC[C@H]5O)c3C2=O)C(=O)N1,WYPBIDKLXKVJMT-ZGTCLIOFSA-N,carbamate,*n1cnc2c1N=CNC[C@H]2O,453.42,-0.4,167.2,4,9,3,2,0.3,0.456,9.0,2.5,2.83,False,False,False,False,True,True,False,False,False,False
GLUE2504,N[C@@H](C(=O)C(=O)Nc1cccc2c1C(=O)N(C1CCC(=O)NC1=O)C2)C1=CCC=CC1,BPIOWMOUDKRXTM-KPMSDPLLSA-N,amide,*C(=O)[C@H](N)C1=CCC=CC1,422.44,0.56,138.7,3,6,5,1,0.318,0.36,9.0,3.0,3.22,True,False,False,False,True,True,False,False,False,False
GLUE2505,N[C@@H](C(=O)S(=O)(=O)Nc1cccc2c1C(=O)N(C1CCC(=O)NC1=O)C2)C1=CCC=CC1,AVNNXYGYIFASFB-KPMSDPLLSA-N,sulfonamide,*C(=O)[C@H](N)C1=CCC=CC1,458.5,0.32,155.7,3,7,5,1,0.333,0.424,9.0,3.0,2.96,False,False,False,False,True,True,False,False,False,False
GLUE2506,N[C@@H](C(=O)CC(=O)Nc1cccc2c1C(=O)N(C1CCC(=O)NC1=O)C2)C1=CCC=CC1,FBLAEMDPLNEITG-CAWMZFRYSA-N,acetamide,*C(=O)[C@H](N)C1=CCC=CC1,436.47,0.95,138.7,3,6,6,1,0.348,0.345,9.0,3.0,3.12,True,False,False,False,True,True,False,False,False,False
GLUE2507,N[C@@H](C(=O)NC(=O)Nc1cccc2c1C(=O)N(C1CCC(=O)NC1=O)C2)C1=CCC=CC1,MKVUZHNMYSIFTF-KPMSDPLLSA-N,urea,*C(=O)[C@H](N)C1=CCC=CC1,437.46,0.7,150.7,4,6,4,1,0.318,0.402,9.0,2.5,2.95,True,False,False,False,True,True,False,False,False,False
GLUE2508,N[C@@H](C(=O)OC(=O)Nc1cccc2c1C(=O)N(C1CCC(=O)NC1=O)C2)C1=CCC=CC1,WFMKUEMMASNYAC-KPMSDPLLSA-N,carbamate,*C(=O)[C@H](N)C1=CCC=CC1,438.44,1.13,147.9,3,7,4,1,0.318,0.276,9.0,3.0,3.11,True,False,False,False,True,True,False,False,False,False
GLUE2509,CN(C)C(=N)c1ccc(C(=O)Nc2cccc3c2C(=O)N(C2CCC(=O)NC2=O)C3)cc1,BEBSUSHOBRYEPS-UHFFFAOYSA-N,amide,*c1ccc(C(=N)N(C)C)cc1,433.47,1.59,122.7,3,5,4,2,0.261,0.384,9.5,3.0,2.89,True,False,False,False,True,True,False,False,False,False
GLUE2510,CN(C)C(=N)c1ccc(S(=O)(=O)Nc2cccc3c2C(=O)N(C2CCC(=O)NC2=O)C3)cc1,YEOJPMKEILETGZ-UHFFFAOYSA-N,sulfonamide,*c1ccc(C(=N)N(C)C)cc1,469.52,1.14,139.7,3,6,5,2,0.273,0.341,9.5,3.0,2.63,False,False,False,False,True,True,False,False,False,False
GLUE2511,CN(C)C(=N)c1ccc(CC(=O)Nc2cccc3c2C(=O)N(C2CCC(=O)NC2=O)C3)cc1,FXTZPLWGYHJBNL-UHFFFAOYSA-N,acetamide,*c1ccc(C(=N)N(C)C)cc1,447.5,1.52,122.7,3,5,5,2,0.292,0.364,9.5,3.0,2.79,True,False,False,False,True,True,False,False,False,False
GLUE2512,CN(C)C(=N)c1ccc(NC(=O)Nc2cccc3c2C(=O)N(C2CCC(=O)NC2=O)C3)cc1,JNYLJQWEIZSDQI-UHFFFAOYSA-N,urea,*c1ccc(C(=N)N(C)C)cc1,448.48,1.98,134.7,4,5,4,2,0.261,0.322,9.5,2.5,2.62,True,False,False,False,True,True,False,False,False,False
GLUE2513,CN(C)C(=N)c1ccc(OC(=O)Nc2cccc3c2C(=O)N(C2CCC(=O)NC2=O)C3)cc1,MRSIXPDNWIESOV-UHFFFAOYSA-N,carbamate,*c1ccc(C(=N)N(C)C)cc1,449.47,1.95,131.9,3,6,4,2,0.261,0.371,9.5,3.0,2.78,True,False,False,False,True,True,False,False,False,False
GLUE2514,O=C1CCC(N2Cc3cccc(NC(=O)N4CCC(F)(F)C4)c3C2=O)C(=O)N1,ATFVMFUXEYMAFJ-UHFFFAOYSA-N,amide,*N1CCC(F)(F)C1,392.36,1.32,98.8,2,4,2,1,0.444,0.742,5.0,3.5,4.97,True,False,False,False,True,True,True,True,False,False
GLUE2515,O=C1CCC(N2Cc3cccc(NS(=O)(=O)N4CCC(F)(F)C4)c3C2=O)C(=O)N1,CFAAHBMQLBTPII-UHFFFAOYSA-N,sulfonamide,*N1CCC(F)(F)C1,428.42,0.45,115.9,2,5,4,1,0.471,0.676,5.0,3.5,4.15,True,False,False,False,True,True,True,True,False,False
GLUE2516,O=C1CCC(N2Cc3cccc(NC(=O)CN4CCC(F)(F)C4)c3C2=O)C(=O)N1,CTNQRLHMQHPJKX-UHFFFAOYSA-N,acetamide,*N1CCC(F)(F)C1,406.39,0.73,98.8,2,5,4,1,0.474,0.719,9.5,3.5,4.12,True,False,False,False,True,True,True,True,False,False
GLUE2517,O=C1CCC(N2Cc3cccc(NC(=O)NN4CCC(F)(F)C4)c3C2=O)C(=O)N1,ONOHRGUDGHRNBC-UHFFFAOYSA-N,urea,*N1CCC(F)(F)C1,407.38,0.83,110.8,3,5,3,1,0.444,0.643,9.5,3.5,3.38,True,False,False,False,True,True,True,True,False,False
GLUE2518,O=C1CCC(N2Cc3cccc(NC(=O)ON4CCC(F)(F)C4)c3C2=O)C(=O)N1,UWZFNKNSCVFJNP-UHFFFAOYSA-N,carbamate,*N1CCC(F)(F)C1,408.36,1.25,108.1,2,6,3,1,0.444,0.729,9.5,3.5,3.8,True,False,False,False,True,True,True,True,False,False
GLUE2519,CS(=O)(=O)c1ccc(C(=O)Nc2cccc3c2C(=O)N(C2CCC(=O)NC2=O)C3)c(Cl)c1,QODWRPILHKKLNG-UHFFFAOYSA-N,amide,*c1ccc(S(C)(=O)=O)cc1Cl,475.91,1.76,129.7,2,6,4,2,0.238,0.648,5.0,3.0,3.67,False,False,False,False,True,True,False,False,False,False
GLUE2520,CS(=O)(=O)c1ccc(S(=O)(=O)Nc2cccc3c2C(=O)N(C2CCC(=O)NC2=O)C3)c(Cl)c1,TYSYLPFTCIKUSB-UHFFFAOYSA-N,sulfonamide,*c1ccc(S(C)(=O)=O)cc1Cl,511.97,1.31,146.8,2,7,5,2,0.25,0.575,5.0,2.5,3.5,False,False,False,False,True,True,False,False,False,False
GLUE2521,CS(=O)(=O)c1ccc(CC(=O)Nc2cccc3c2C(=O)N(C2CCC(=O)NC2=O)C3)c(Cl)c1,FLQSAAZOXYTQBO-UHFFFAOYSA-N,acetamide,*c1ccc(S(C)(=O)=O)cc1Cl,489.94,1.69,129.7,2,6,5,2,0.273,0.615,5.0,3.0,3.57,False,False,False,False,True,True,False,False,False,False
GLUE2522,CS(=O)(=O)c1ccc(NC(=O)Nc2cccc3c2C(=O)N(C2CCC(=O)NC2=O)C3)c(Cl)c1,NSKDJADFPFVHHB-UHFFFAOYSA-N,urea,*c1ccc(S(C)(=O)=O)cc1Cl,490.93,2.15,141.8,3,6,4,2,0.238,0.56,5.0,3.0,3.23,False,True,False,False,True,True,False,False,False,False
GLUE2523,CS(=O)(=O)c1ccc(OC(=O)Nc2cccc3c2C(=O)N(C2CCC(=O)NC2=O)C3)c(Cl)c1,KVFPUUVQDGEIAA-UHFFFAOYSA-N,carbamate,*c1ccc(S(C)(=O)=O)cc1Cl,491.91,2.12,138.9,2,7,4,2,0.238,0.624,5.0,3.0,3.56,False,True,False,False,True,True,False,False,False,False
GLUE2524,O=C1CCC(N2Cc3cccc(NC(=O)c4cccc5c4CC(O)C(O)C5)c3C2=O)C(=O)N1,WTFKPFBMQUBQCT-UHFFFAOYSA-N,amide,*c1cccc2c1CC(O)C(O)C2,449.46,0.52,136.0,4,6,3,2,0.333,0.505,5.0,2.5,3.36,True,False,False,False,True,True,False,False,False,False
GLUE2525,O=C1CCC(N2Cc3cccc(NS(=O)(=O)c4cccc5c4CC(O)C(O)C5)c3C2=O)C(=O)N1,LMPQWSQPBQPYNN-UHFFFAOYSA-N,sulfonamide,*c1cccc2c1CC(O)C(O)C2,485.52,0.07,153.1,4,7,4,2,0.348,0.447,5.0,2.5,3.1,False,False,False,False,True,True,False,False,False,False
GLUE2526,O=C1CCC(N2Cc3cccc(NC(=O)Cc4cccc5c4CC(O)C(O)C5)c3C2=O)C(=O)N1,LRFWPYOITHTHLM-UHFFFAOYSA-N,acetamide,*c1cccc2c1CC(O)C(O)C2,463.49,0.45,136.0,4,6,4,2,0.36,0.486,5.0,2.5,3.26,False,False,False,False,True,True,False,False,False,False
GLUE2527,O=C1CCC(N2Cc3cccc(NC(=O)Nc4cccc5c4CC(O)C(O)C5)c3C2=O)C(=O)N1,FMFWFFAJEKPDBH-UHFFFAOYSA-N,urea,*c1cccc2c1CC(O)C(O)C2,464.48,0.91,148.1,5,6,3,2,0.333,0.427,5.0,2.5,3.25,False,False,False,False,True,True,False,False,False,False
GLUE2528,O=C1CCC(N2Cc3cccc(NC(=O)Oc4cccc5c4CC(O)C(O)C5)c3C2=O)C(=O)N1,GPICCYWUIATUSM-UHFFFAOYSA-N,carbamate,*c1cccc2c1CC(O)C(O)C2,465.46,0.88,145.3,4,7,3,2,0.333,0.492,5.0,2.5,3.25,False,False,False,False,True,True,False,False,False,False
GLUE2529,O=C1CCC(N2Cc3cccc(NC(=O)c4n[nH]c(=O)c5ccccc45)c3C2=O)C(=O)N1,YIJCNOPEUKAAMH-UHFFFAOYSA-N,amide,*c1n[nH]c(=O)c2ccccc12,431.41,0.94,141.3,3,6,3,3,0.182,0.527,5.0,3.0,3.66,True,False,False,False,True,True,False,False,False,False
GLUE2530,O=C1CCC(N2Cc3cccc(NS(=O)(=O)c4n[nH]c(=O)c5ccccc45)c3C2=O)C(=O)N1,YCTMHHDHXZVEFA-UHFFFAOYSA-N,sulfonamide,*c1n[nH]c(=O)c2ccccc12,467.46,0.48,158.4,3,7,4,3,0.19,0.471,5.0,3.0,3.4,False,False,False,False,True,True,False,False,False,False
GLUE2531,O=C1CCC(N2Cc3cccc(NC(=O)Cc4n[nH]c(=O)c5ccccc45)c3C2=O)C(=O)N1,DFGFGVQFYNVEME-UHFFFAOYSA-N,acetamide,*c1n[nH]c(=O)c2ccccc12,445.44,0.87,141.3,3,6,4,3,0.217,0.509,5.0,3.0,3.56,True,False,False,False,True,True,False,False,False,False
GLUE2532,O=C1CCC(N2Cc3cccc(NC(=O)Nc4n[nH]c(=O)c5ccccc45)c3C2=O)C(=O)N1,QEBCLIHLBIHUII-UHFFFAOYSA-N,urea,*c1n[nH]c(=O)c2ccccc12,446.42,1.33,153.4,4,6,3,3,0.182,0.445,5.0,2.5,3.38,True,False,False,False,True,True,False,False,False,False
GLUE2533,O=C1CCC(N2Cc3cccc(NC(=O)Oc4n[nH]c(=O)c5ccccc45)c3C2=O)C(=O)N1,ZFIUPCFXUVMTIC-UHFFFAOYSA-N,carbamate,*c1n[nH]c(=O)c2ccccc12,447.41,1.29,150.6,3,7,3,3,0.182,0.512,5.0,3.0,3.54,True,False,False,False,True,True,False,False,False,False
GLUE2534,O=C1CCC(N2Cc3cccc(NC(=O)c4cccc5nonc45)c3C2=O)C(=O)N1,JFIZVJCONDQPKQ-UHFFFAOYSA-N,amide,*c1cccc2nonc12,405.37,1.24,134.5,2,7,3,3,0.2,0.626,5.0,3.0,4.18,True,False,False,False,True,True,False,False,False,False
GLUE2535,O=C1CCC(N2Cc3cccc(NS(=O)(=O)c4cccc5nonc45)c3C2=O)C(=O)N1,BFIJWONHYYMBDI-UHFFFAOYSA-N,sulfonamide,*c1cccc2nonc12,441.43,0.78,151.6,2,8,4,3,0.211,0.564,5.0,3.0,3.92,True,False,False,False,False,True,False,False,False,False
GLUE2536,O=C1CCC(N2Cc3cccc(NC(=O)Cc4cccc5nonc45)c3C2=O)C(=O)N1,FKKCNKGSOCHBLP-UHFFFAOYSA-N,acetamide,*c1cccc2nonc12,419.4,1.16,134.5,2,7,4,3,0.238,0.606,5.0,3.0,4.08,True,False,False,False,True,True,False,False,False,False
GLUE2537,O=C1CCC(N2Cc3cccc(NC(=O)Nc4cccc5nonc45)c3C2=O)C(=O)N1,KFYPSQGJDORLRH-UHFFFAOYSA-N,urea,*c1cccc2nonc12,420.39,1.63,146.5,3,7,3,3,0.2,0.546,5.0,3.0,3.74,True,False,False,False,True,True,False,False,False,False
GLUE2538,O=C1CCC(N2Cc3cccc(NC(=O)Oc4cccc5nonc45)c3C2=O)C(=O)N1,VNNTYZLQBDMVGG-UHFFFAOYSA-N,carbamate,*c1cccc2nonc12,421.37,1.59,143.7,2,8,3,3,0.2,0.607,5.0,3.0,4.06,True,False,False,False,True,True,False,False,False,False
GLUE2539,O=C1CCC(N2Cc3cccc(NC(=O)CC(O)(P(=O)([O-])O)P(=O)(O)O)c3C2=O)C(=O)N1,MVFXIYXXJGAYIB-UHFFFAOYSA-M,amide,*CC(O)(P(=O)([O-])O)P(=O)(O)O,490.28,-1.85,233.7,6,8,6,1,0.375,0.191,5.0,2.5,3.07,False,False,False,False,True,True,False,False,False,False
GLUE2540,O=C1CCC(N2Cc3cccc(NS(=O)(=O)CC(O)(P(=O)([O-])O)P(=O)(O)O)c3C2=O)C(=O)N1,MXWCOBRVIBCXSO-UHFFFAOYSA-M,sulfonamide,*CC(O)(P(=O)([O-])O)P(=O)(O)O,526.33,-2.44,250.8,6,9,7,1,0.4,0.16,5.0,2.0,3.0,False,False,False,False,True,True,False,False,False,False
GLUE2541,O=C1CCC(N2Cc3cccc(NC(=O)CCC(O)(P(=O)([O-])O)P(=O)(O)O)c3C2=O)C(=O)N1,PPBZOPOOADVZIG-UHFFFAOYSA-M,acetamide,*CC(O)(P(=O)([O-])O)P(=O)(O)O,504.31,-1.46,233.7,6,8,7,1,0.412,0.185,5.0,2.0,3.0,False,False,False,False,True,True,False,False,False,False
GLUE2542,O=C1CCC(N2Cc3cccc(NC(=O)NCC(O)(P(=O)([O-])O)P(=O)(O)O)c3C2=O)C(=O)N1,MQSJAWDMGHNSLS-UHFFFAOYSA-M,urea,*CC(O)(P(=O)([O-])O)P(=O)(O)O,505.29,-2.06,245.7,7,8,6,1,0.375,0.164,5.0,2.0,3.0,False,False,False,False,True,True,False,False,False,False
GLUE2543,O=C1CCC(N2Cc3cccc(NC(=O)OCC(O)(P(=O)([O-])O)P(=O)(O)O)c3C2=O)C(=O)N1,ZAQTVFSCAFHXDU-UHFFFAOYSA-M,carbamate,*CC(O)(P(=O)([O-])O)P(=O)(O)O,506.28,-1.63,242.9,6,9,6,1,0.375,0.188,5.0,2.0,3.0,False,False,False,False,True,True,False,False,False,False
GLUE2544,NCCCCC(=O)Nc1cccc2c1C(=O)N(C1CCC(=O)NC1=O)C2,FJQAZHUDDPTZJZ-UHFFFAOYSA-N,amide,*CCCCN,358.4,0.52,121.6,3,5,6,1,0.444,0.505,9.0,3.5,3.67,True,False,False,False,True,True,False,True,False,False
GLUE2545,NCCCCS(=O)(=O)Nc1cccc2c1C(=O)N(C1CCC(=O)NC1=O)C2,AERCXXOGBNPODK-UHFFFAOYSA-N,sulfonamide,*CCCCN,394.45,-0.07,138.7,3,6,7,1,0.471,0.437,9.0,3.0,3.42,True,False,False,False,True,True,False,False,False,False
GLUE2546,NCCCCCC(=O)Nc1cccc2c1C(=O)N(C1CCC(=O)NC1=O)C2,KXLYYNXMEPJEQJ-UHFFFAOYSA-N,acetamide,*CCCCN,372.43,0.91,121.6,3,5,7,1,0.474,0.485,9.0,3.0,3.58,True,False,False,False,True,True,False,False,False,False
GLUE2547,NCCCCNC(=O)Nc1cccc2c1C(=O)N(C1CCC(=O)NC1=O)C2,DDGXHRXMSVINQW-UHFFFAOYSA-N,urea,*CCCCN,373.41,0.31,133.6,4,5,6,1,0.444,0.421,9.0,2.5,3.4,True,False,False,False,True,True,False,False,False,False
GLUE2548,NCCCCOC(=O)Nc1cccc2c1C(=O)N(C1CCC(=O)NC1=O)C2,CULGZNXGDSVRHM-UHFFFAOYSA-N,carbamate,*CCCCN,374.4,0.73,130.8,3,6,6,1,0.444,0.497,9.0,3.0,3.56,True,False,False,False,True,True,False,False,False,False
GLUE2549,O=C1CCC(N2Cc3cccc(NC(=O)c4ccccc4I)c3C2=O)C(=O)N1,YMWISOSFIUULFO-UHFFFAOYSA-N,amide,*c1ccccc1I,489.27,2.3,95.6,2,4,3,2,0.2,0.511,5.0,3.5,4.39,False,True,False,False,True,True,True,True,False,False
GLUE2550,O=C1CCC(N2Cc3cccc(NS(=O)(=O)c4ccccc4I)c3C2=O)C(=O)N1,VOBXZVXGZIMNEI-UHFFFAOYSA-N,sulfonamide,*c1ccccc1I,525.32,1.85,112.7,2,5,4,2,0.211,0.468,5.0,3.0,3.74,False,False,False,False,True,True,True,False,False,False
GLUE2551,O=C1CCC(N2Cc3cccc(NC(=O)Cc4ccccc4I)c3C2=O)C(=O)N1,TWDQVBWWXLONSX-UHFFFAOYSA-N,acetamide,*c1ccccc1I,503.3,2.23,95.6,2,4,4,2,0.238,0.495,5.0,3.0,4.31,False,True,False,False,True,True,True,False,False,False
GLUE2552,O=C1CCC(N2Cc3cccc(NC(=O)Nc4ccccc4I)c3C2=O)C(=O)N1,UKJJXZAERYAANB-UHFFFAOYSA-N,urea,*c1ccccc1I,504.28,2.7,107.6,3,4,3,2,0.2,0.442,5.0,3.0,3.48,False,True,False,False,True,True,True,False,False,False
GLUE2553,O=C1CCC(N2Cc3cccc(NC(=O)Oc4ccccc4I)c3C2=O)C(=O)N1,HSOHCQZAXHQSCW-UHFFFAOYSA-N,carbamate,*c1ccccc1I,505.27,2.66,104.8,2,5,3,2,0.2,0.493,5.0,3.0,3.92,False,True,False,False,True,True,True,False,False,False
GLUE2554,Cc1cc(C(=O)Nc2cccc3c2C(=O)N(C2CCC(=O)NC2=O)C3)nc(C)n1,VXNQMLAQLIYXHE-UHFFFAOYSA-N,amide,*c1cc(C)nc(C)n1,393.4,1.11,121.4,2,6,3,2,0.3,0.754,5.0,3.0,4.26,True,False,False,False,True,True,False,False,False,False
GLUE2555,Cc1cc(S(=O)(=O)Nc2cccc3c2C(=O)N(C2CCC(=O)NC2=O)C3)nc(C)n1,GSKFMGQMSZRPRG-UHFFFAOYSA-N,sulfonamide,*c1cc(C)nc(C)n1,429.46,0.66,138.4,2,7,4,2,0.316,0.538,5.0,3.0,4.0,True,False,False,False,True,True,False,False,False,False
GLUE2556,Cc1cc(CC(=O)Nc2cccc3c2C(=O)N(C2CCC(=O)NC2=O)C3)nc(C)n1,HJKFPFXOZJDSSS-UHFFFAOYSA-N,acetamide,*c1cc(C)nc(C)n1,407.43,1.04,121.4,2,6,4,2,0.333,0.731,5.0,3.0,4.16,True,False,False,False,True,True,False,False,False,False
GLUE2557,Cc1cc(NC(=O)Nc2cccc3c2C(=O)N(C2CCC(=O)NC2=O)C3)nc(C)n1,PRTGNHKEWQMVTJ-UHFFFAOYSA-N,urea,*c1cc(C)nc(C)n1,408.42,1.5,133.4,3,6,3,2,0.3,0.659,5.0,3.0,3.82,True,False,False,False,True,True,False,False,False,False
GLUE2558,Cc1cc(OC(=O)Nc2cccc3c2C(=O)N(C2CCC(=O)NC2=O)C3)nc(C)n1,MGYIQSDONUZZCW-UHFFFAOYSA-N,carbamate,*c1cc(C)nc(C)n1,409.4,1.47,130.6,2,7,3,2,0.3,0.734,5.0,3.0,4.15,True,False,False,False,True,True,False,False,False,False
GLUE2559,O=C1CCC(N2Cc3cccc(NC(=O)C4CC4(Cl)Cl)c3C2=O)C(=O)N1,AFYOHKCZDXBNFX-UHFFFAOYSA-N,amide,*C1CC1(Cl)Cl,396.23,1.58,95.6,2,4,3,1,0.412,0.599,5.0,3.5,5.06,True,False,False,False,True,True,True,True,False,False
GLUE2560,O=C1CCC(N2Cc3cccc(NS(=O)(=O)C4CC4(Cl)Cl)c3C2=O)C(=O)N1,WATPRGMSQNCOEF-UHFFFAOYSA-N,sulfonamide,*C1CC1(Cl)Cl,432.29,1.14,112.7,2,5,4,1,0.438,0.547,5.0,3.5,4.23,True,False,False,False,True,True,True,True,False,False
GLUE2561,O=C1CCC(N2Cc3cccc(NC(=O)CC4CC4(Cl)Cl)c3C2=O)C(=O)N1,WFIUEOYIBOMTKU-UHFFFAOYSA-N,acetamide,*C1CC1(Cl)Cl,410.26,1.97,95.6,2,4,4,1,0.444,0.586,5.0,3.5,4.96,True,False,False,False,True,True,True,True,False,False
GLUE2562,O=C1CCC(N2Cc3cccc(NC(=O)NC4CC4(Cl)Cl)c3C2=O)C(=O)N1,HQMTXKAGEJVJKC-UHFFFAOYSA-N,urea,*C1CC1(Cl)Cl,411.25,1.52,107.6,3,4,3,1,0.412,0.518,5.0,3.5,4.21,True,False,False,False,True,True,True,True,False,False
GLUE2563,O=C1CCC(N2Cc3cccc(NC(=O)OC4CC4(Cl)Cl)c3C2=O)C(=O)N1,HNGYKDZTHNAQMW-UHFFFAOYSA-N,carbamate,*C1CC1(Cl)Cl,412.23,1.94,104.8,2,5,3,1,0.412,0.583,5.0,3.5,4.63,True,False,False,False,True,True,True,True,False,False
GLUE2564,O=C([O-])CCCS(=O)(=O)Nc1cccc2c1C(=O)N(C1CCC(=O)NC1=O)C2,KWPYKSDOCGFANJ-UHFFFAOYSA-M,sulfonamide,*CCCC(=O)[O-],408.41,-1.28,152.8,2,7,7,1,0.412,0.533,5.0,3.0,4.15,True,False,False,False,True,True,False,False,False,False
GLUE2565,O=C([O-])CCCCC(=O)Nc1cccc2c1C(=O)N(C1CCC(=O)NC1=O)C2,SPIGODXJJGPWHG-UHFFFAOYSA-M,acetamide,*CCCC(=O)[O-],386.38,-0.3,135.7,2,6,7,1,0.421,0.488,5.0,3.0,4.31,True,False,False,False,True,True,False,False,False,False
GLUE2566,O=C([O-])CCCNC(=O)Nc1cccc2c1C(=O)N(C1CCC(=O)NC1=O)C2,XJOPTHZGAHVWCN-UHFFFAOYSA-M,urea,*CCCC(=O)[O-],387.37,-0.9,147.7,3,6,6,1,0.389,0.426,5.0,3.0,3.97,True,False,False,False,True,True,False,False,False,False
GLUE2567,O=C([O-])CCCOC(=O)Nc1cccc2c1C(=O)N(C1CCC(=O)NC1=O)C2,HJACXWVKBXYXHD-UHFFFAOYSA-M,carbamate,*CCCC(=O)[O-],388.36,-0.47,144.9,2,7,6,1,0.389,0.495,5.0,3.0,4.3,True,False,False,False,True,True,False,False,False,False
GLUE2568,O=C1CCC(N2Cc3cccc(NC(=O)N4CCC5(CC4)CNC(=O)O5)c3C2=O)C(=O)N1,BKQSFPXRGPTVQD-UHFFFAOYSA-N,amide,*N1CCC2(CC1)CNC(=O)O2,441.44,0.55,137.2,3,6,2,1,0.476,0.574,5.0,3.0,3.58,True,False,False,False,True,True,False,False,False,False
GLUE2569,O=C1CCC(N2Cc3cccc(NS(=O)(=O)N4CCC5(CC4)CNC(=O)O5)c3C2=O)C(=O)N1,VROGIROVDPRGLW-UHFFFAOYSA-N,sulfonamide,*N1CCC2(CC1)CNC(=O)O2,477.5,-0.32,154.2,3,7,4,1,0.5,0.502,5.0,3.0,3.33,False,False,False,False,True,True,False,False,False,False
GLUE2570,O=C1CCC(N2Cc3cccc(NC(=O)CN4CCC5(CC4)CNC(=O)O5)c3C2=O)C(=O)N1,UVNBAJHWSKQJNW-UHFFFAOYSA-N,acetamide,*N1CCC2(CC1)CNC(=O)O2,455.47,-0.04,137.2,3,7,4,1,0.5,0.542,9.5,3.0,2.73,False,False,False,False,True,True,False,False,False,False
GLUE2571,O=C1CCC(N2Cc3cccc(NC(=O)NN4CCC5(CC4)CNC(=O)O5)c3C2=O)C(=O)N1,DEPCJTXWDWWMGO-UHFFFAOYSA-N,urea,*N1CCC2(CC1)CNC(=O)O2,456.46,0.06,149.2,4,7,3,1,0.476,0.47,9.5,2.5,2.56,False,False,False,False,True,True,False,False,False,False
GLUE2572,O=C1CCC(N2Cc3cccc(NC(=O)ON4CCC5(CC4)CNC(=O)O5)c3C2=O)C(=O)N1,VTFGTNVPRCBSQN-UHFFFAOYSA-N,carbamate,*N1CCC2(CC1)CNC(=O)O2,457.44,0.49,146.4,3,8,3,1,0.476,0.556,9.5,3.0,2.72,False,False,False,False,True,True,False,False,False,False
GLUE2573,Cn1c(=O)c2c(ncn2C(=O)Nc2cccc3c2C(=O)N(C2CCC(=O)NC2=O)C3)n(C)c1=O,RROAHUKDRURMHT-UHFFFAOYSA-N,amide,*n1cnc2c1c(=O)n(C)c(=O)n2C,465.43,-0.73,157.4,2,7,2,3,0.286,0.473,5.0,3.0,3.75,False,False,False,False,True,True,False,False,False,False
GLUE2574,Cn1c(=O)c2c(ncn2S(=O)(=O)Nc2cccc3c2C(=O)N(C2CCC(=O)NC2=O)C3)n(C)c1=O,PIZZZVBCJLHKPB-UHFFFAOYSA-N,sulfonamide,*n1cnc2c1c(=O)n(C)c(=O)n2C,501.48,-1.6,174.5,2,8,4,3,0.3,0.402,5.0,2.5,3.5,False,False,False,False,True,True,False,False,False,False
GLUE2575,Cn1c(=O)c2c(ncn2CC(=O)Nc2cccc3c2C(=O)N(C2CCC(=O)NC2=O)C3)n(C)c1=O,YPJWCYBIIQPDLS-UHFFFAOYSA-N,acetamide,*n1cnc2c1c(=O)n(C)c(=O)n2C,479.45,-1.17,157.4,2,7,4,3,0.318,0.447,5.0,3.0,3.65,False,False,False,False,True,True,False,False,False,False
GLUE2576,Cn1c(=O)c2c(ncn2NC(=O)Nc2cccc3c2C(=O)N(C2CCC(=O)NC2=O)C3)n(C)c1=O,KIOQNSOWOZHIBF-UHFFFAOYSA-N,urea,*n1cnc2c1c(=O)n(C)c(=O)n2C,480.44,-1.03,169.4,3,7,3,3,0.286,0.403,5.0,3.0,3.31,False,False,False,False,True,True,False,False,False,False
GLUE2577,Cn1c(=O)c2c(ncn2OC(=O)Nc2cccc3c2C(=O)N(C2CCC(=O)NC2=O)C3)n(C)c1=O,VJXXOTYQKQHAIR-UHFFFAOYSA-N,carbamate,*n1cnc2c1c(=O)n(C)c(=O)n2C,481.43,-1.14,166.6,2,8,3,3,0.286,0.443,5.0,3.0,3.63,False,False,False,False,True,True,False,False,False,False
GLUE2578,O=C1CCC(N2Cc3cccc(NC(=O)n4c(=O)[nH]c5ccccc54)c3C2=O)C(=O)N1,CASDPSJUDOTTCF-UHFFFAOYSA-N,amide,*n1c(=O)[nH]c2ccccc21,419.4,1.17,133.4,3,5,2,3,0.19,0.536,5.0,3.0,3.74,True,False,False,False,True,True,False,False,False,False
GLUE2579,O=C1CCC(N2Cc3cccc(NS(=O)(=O)n4c(=O)[nH]c5ccccc54)c3C2=O)C(=O)N1,OQKRKABJGVTTHU-UHFFFAOYSA-N,sulfonamide,*n1c(=O)[nH]c2ccccc21,455.45,0.3,150.4,3,6,4,3,0.2,0.482,5.0,3.0,3.48,False,False,False,False,True,True,False,False,False,False
GLUE2580,O=C1CCC(N2Cc3cccc(NC(=O)Cn4c(=O)[nH]c5ccccc54)c3C2=O)C(=O)N1,YNPBCOUFRVAMQI-UHFFFAOYSA-N,acetamide,*n1c(=O)[nH]c2ccccc21,433.42,0.73,133.4,3,5,4,3,0.227,0.522,5.0,3.0,3.64,True,False,False,False,True,True,False,False,False,False
GLUE2581,O=C1CCC(N2Cc3cccc(NC(=O)Nn4c(=O)[nH]c5ccccc54)c3C2=O)C(=O)N1,LOSBXIKMHHLPGL-UHFFFAOYSA-N,urea,*n1c(=O)[nH]c2ccccc21,434.41,0.87,145.4,4,5,3,3,0.19,0.452,5.0,2.5,3.47,True,False,False,False,True,True,False,False,False,False
GLUE2582,O=C1CCC(N2Cc3cccc(NC(=O)On4c(=O)[nH]c5ccccc54)c3C2=O)C(=O)N1,BISUKUOAHPXKJZ-UHFFFAOYSA-N,carbamate,*n1c(=O)[nH]c2ccccc21,435.4,0.75,142.6,3,6,3,3,0.19,0.518,5.0,3.0,3.63,True,False,False,False,True,True,False,False,False,False
GLUE2583,O=C1CCC(N2Cc3cccc(NC(=O)c4cc(Cl)ccc4O)c3C2=O)C(=O)N1,ONBYOGSXTVOOQI-UHFFFAOYSA-N,amide,*c1cc(Cl)ccc1O,413.82,2.06,115.8,3,5,3,2,0.2,0.666,5.0,3.5,3.92,True,True,False,False,True,True,True,True,False,True
GLUE2584,O=C1CCC(N2Cc3cccc(NS(=O)(=O)c4cc(Cl)ccc4O)c3C2=O)C(=O)N1,ZLZNWKJDNRIDQJ-UHFFFAOYSA-N,sulfonamide,*c1cc(Cl)ccc1O,449.87,1.61,132.9,3,6,4,2,0.211,0.607,5.0,3.0,3.52,True,False,False,False,True,True,False,False,False,False
GLUE2585,O=C1CCC(N2Cc3cccc(NC(=O)Cc4cc(Cl)ccc4O)c3C2=O)C(=O)N1,PSRMXSFFSKMHQI-UHFFFAOYSA-N,acetamide,*c1cc(Cl)ccc1O,427.84,1.99,115.8,3,5,4,2,0.238,0.645,5.0,3.5,3.82,True,False,False,False,True,True,True,True,False,False
GLUE2586,O=C1CCC(N2Cc3cccc(NC(=O)Nc4cc(Cl)ccc4O)c3C2=O)C(=O)N1,CYBILCIMVSIHAY-UHFFFAOYSA-N,urea,*c1cc(Cl)ccc1O,428.83,2.45,127.8,4,5,3,2,0.2,0.441,5.0,2.5,3.51,True,True,False,False,True,True,False,False,False,False
GLUE2587,O=C1CCC(N2Cc3cccc(NC(=O)Oc4cc(Cl)ccc4O)c3C2=O)C(=O)N1,USGCMSQBPDXZRR-UHFFFAOYSA-N,carbamate,*c1cc(Cl)ccc1O,429.82,2.42,125.0,3,6,3,2,0.2,0.643,5.0,3.0,3.67,True,True,False,False,True,True,False,False,False,False
GLUE2588,NC(=S)c1ccnc(C(=O)Nc2cccc3c2C(=O)N(C2CCC(=O)NC2=O)C3)c1,VHIAMQNHEULNTB-UHFFFAOYSA-N,amide,*c1cc(C(N)=S)ccn1,423.45,0.73,134.5,3,6,4,2,0.2,0.487,9.0,3.0,3.21,True,False,False,False,True,True,False,False,False,False
GLUE2589,NC(=S)c1ccnc(S(=O)(=O)Nc2cccc3c2C(=O)N(C2CCC(=O)NC2=O)C3)c1,BOONOMMOAMTHAR-UHFFFAOYSA-N,sulfonamide,*c1cc(C(N)=S)ccn1,459.51,0.28,151.6,3,7,5,2,0.211,0.426,9.0,3.0,2.96,False,False,False,False,True,True,False,False,False,False
GLUE2590,NC(=S)c1ccnc(CC(=O)Nc2cccc3c2C(=O)N(C2CCC(=O)NC2=O)C3)c1,QJUIKHVVZJKHOS-UHFFFAOYSA-N,acetamide,*c1cc(C(N)=S)ccn1,437.48,0.66,134.5,3,6,5,2,0.238,0.462,9.0,3.0,3.11,True,False,False,False,True,True,False,False,False,False
GLUE2591,NC(=S)c1ccnc(NC(=O)Nc2cccc3c2C(=O)N(C2CCC(=O)NC2=O)C3)c1,QAAJCCYWVFEWRC-UHFFFAOYSA-N,urea,*c1cc(C(N)=S)ccn1,438.47,1.12,146.5,4,6,4,2,0.2,0.413,9.0,2.5,2.94,True,False,False,False,True,True,False,False,False,False
GLUE2592,NC(=S)c1ccnc(OC(=O)Nc2cccc3c2C(=O)N(C2CCC(=O)NC2=O)C3)c1,XKZYIKSNAGQLFD-UHFFFAOYSA-N,carbamate,*c1cc(C(N)=S)ccn1,439.45,1.09,143.7,3,7,4,2,0.2,0.474,9.0,3.0,3.1,True,False,False,False,True,True,False,False,False,False
GLUE2593,O=C1CCC(N2Cc3cccc(NC(=O)c4cnc5ccccn45)c3C2=O)C(=O)N1,KGVRQBLRMFYAAX-UHFFFAOYSA-N,amide,*c1cnc2ccccn12,403.4,1.35,112.9,2,5,3,3,0.19,0.641,5.0,3.5,4.43,True,False,False,False,True,True,True,True,False,False
GLUE2594,O=C1CCC(N2Cc3cccc(NS(=O)(=O)c4cnc5ccccn45)c3C2=O)C(=O)N1,KITWEZBFSHMYBM-UHFFFAOYSA-N,sulfonamide,*c1cnc2ccccn12,439.45,0.9,129.9,2,6,4,3,0.2,0.581,5.0,3.0,3.93,True,False,False,False,True,True,False,False,False,False
GLUE2595,O=C1CCC(N2Cc3cccc(NC(=O)Cc4cnc5ccccn45)c3C2=O)C(=O)N1,OYNIYIXKWPPRGN-UHFFFAOYSA-N,acetamide,*c1cnc2ccccn12,417.43,1.28,112.9,2,5,4,3,0.227,0.621,5.0,3.5,4.33,True,False,False,False,True,True,True,True,False,False
GLUE2596,O=C1CCC(N2Cc3cccc(NC(=O)Nc4cnc5ccccn45)c3C2=O)C(=O)N1,JKSZPUCBEUAMKC-UHFFFAOYSA-N,urea,*c1cnc2ccccn12,418.41,1.74,124.9,3,5,3,3,0.19,0.559,5.0,3.0,3.75,True,False,False,False,True,True,False,False,False,False
GLUE2597,O=C1CCC(N2Cc3cccc(NC(=O)Oc4cnc5ccccn45)c3C2=O)C(=O)N1,MIQYFXGRYKCMSX-UHFFFAOYSA-N,carbamate,*c1cnc2ccccn12,419.4,1.71,122.1,2,6,3,3,0.19,0.623,5.0,3.0,4.08,True,False,False,False,True,True,False,False,False,False
GLUE2598,N/C(CCC(=O)Nc1cccc2c1C(=O)N(C1CCC(=O)NC1=O)C2)=N\S(N)(=O)=O,MQDLDNWNUJXKSZ-UHFFFAOYSA-N,amide,*CC/C(N)=N/S(N)(=O)=O,436.45,-1.27,194.1,4,6,6,1,0.353,0.242,9.0,2.5,2.95,True,False,False,False,True,True,False,False,False,False
GLUE2599,N/C(CCS(=O)(=O)Nc1cccc2c1C(=O)N(C1CCC(=O)NC1=O)C2)=N\S(N)(=O)=O,SJDUUCWCNXBQNC-UHFFFAOYSA-N,sulfonamide,*CC/C(N)=N/S(N)(=O)=O,472.51,-1.86,211.2,4,7,7,1,0.375,0.2,9.0,2.5,2.7,False,False,False,False,True,True,False,False,False,False
GLUE2600,N/C(CCCC(=O)Nc1cccc2c1C(=O)N(C1CCC(=O)NC1=O)C2)=N\S(N)(=O)=O,NFQSGQKAGLLJCT-UHFFFAOYSA-N,acetamide,*CC/C(N)=N/S(N)(=O)=O,450.48,-0.88,194.1,4,6,7,1,0.389,0.235,9.0,2.5,2.85,False,False,False,False,True,True,False,False,False,False
GLUE2601,N/C(CCNC(=O)Nc1cccc2c1C(=O)N(C1CCC(=O)NC1=O)C2)=N\S(N)(=O)=O,SLLRLMOQIMYPHE-UHFFFAOYSA-N,urea,*CC/C(N)=N/S(N)(=O)=O,451.47,-1.48,206.2,5,6,6,1,0.353,0.197,9.0,2.5,2.85,False,False,False,False,True,True,False,False,False,False
GLUE2602,N/C(CCOC(=O)Nc1cccc2c1C(=O)N(C1CCC(=O)NC1=O)C2)=N\S(N)(=O)=O,SFIDKUWHTUSYFH-UHFFFAOYSA-N,carbamate,*CC/C(N)=N/S(N)(=O)=O,452.45,-1.05,203.3,4,7,6,1,0.353,0.237,9.0,2.5,2.84,False,False,False,False,True,True,False,False,False,False
GLUE2603,O=C1CCC(N2Cc3cccc(NC(=O)n4cc(F)c(=O)[nH]c4=O)c3C2=O)C(=O)N1,KHWFGUYXXJWVSW-UHFFFAOYSA-N,amide,*n1cc(F)c(=O)[nH]c1=O,415.34,-0.48,150.4,3,6,2,2,0.222,0.564,5.0,3.0,3.77,True,False,False,False,True,True,False,False,False,False
GLUE2604,O=C1CCC(N2Cc3cccc(NS(=O)(=O)n4cc(F)c(=O)[nH]c4=O)c3C2=O)C(=O)N1,XYFJPAVIHZTDGL-UHFFFAOYSA-N,sulfonamide,*n1cc(F)c(=O)[nH]c1=O,451.39,-1.36,167.5,3,7,4,2,0.235,0.483,5.0,3.0,3.51,False,False,False,False,True,True,False,False,False,False
GLUE2605,O=C1CCC(N2Cc3cccc(NC(=O)Cn4cc(F)c(=O)[nH]c4=O)c3C2=O)C(=O)N1,HICBOQLQCJLFED-UHFFFAOYSA-N,acetamide,*n1cc(F)c(=O)[nH]c1=O,429.36,-0.92,150.4,3,6,4,2,0.263,0.535,5.0,3.0,3.67,True,False,False,False,True,True,False,False,False,False
GLUE2606,O=C1CCC(N2Cc3cccc(NC(=O)Nn4cc(F)c(=O)[nH]c4=O)c3C2=O)C(=O)N1,YNLQSWRMPSNYQY-UHFFFAOYSA-N,urea,*n1cc(F)c(=O)[nH]c1=O,430.35,-0.79,162.5,4,6,3,2,0.222,0.467,5.0,2.5,3.5,True,False,False,False,True,True,False,False,False,False
GLUE2607,O=C1CCC(N2Cc3cccc(NC(=O)On4cc(F)c(=O)[nH]c4=O)c3C2=O)C(=O)N1,DEMNHLNRQBBTNT-UHFFFAOYSA-N,carbamate,*n1cc(F)c(=O)[nH]c1=O,431.34,-0.9,159.7,3,7,3,2,0.222,0.531,5.0,3.0,3.66,True,False,False,False,True,True,False,False,False,False
GLUE2608,CC(C)C[C@@H](C(=O)O)C(=O)Nc1cccc2c1C(=O)N(C1CCC(=O)NC1=O)C2,YKBPSJOWGIXMBD-PUODRLBUSA-N,amide,*[C@@H](CC(C)C)C(=O)O,401.42,1.13,132.9,3,5,6,1,0.45,0.483,5.0,3.0,3.87,True,False,False,False,True,True,False,False,False,False
GLUE2609,CC(C)C[C@@H](C(=O)O)S(=O)(=O)Nc1cccc2c1C(=O)N(C1CCC(=O)NC1=O)C2,XGGVFUHDYSQPRV-KZUDCZAMSA-N,sulfonamide,*[C@@H](CC(C)C)C(=O)O,437.47,0.69,149.9,3,6,7,1,0.474,0.531,5.0,3.0,3.61,True,False,False,False,True,True,False,False,False,False
GLUE2610,CC(C)C[C@H](CC(=O)Nc1cccc2c1C(=O)N(C1CCC(=O)NC1=O)C2)C(=O)O,OFTNIHONTMDIJD-AFYYWNPRSA-N,acetamide,*[C@@H](CC(C)C)C(=O)O,415.45,1.52,132.9,3,5,7,1,0.476,0.579,5.0,3.0,3.77,True,False,False,False,True,True,False,False,False,False
GLUE2611,CC(C)C[C@H](NC(=O)Nc1cccc2c1C(=O)N(C1CCC(=O)NC1=O)C2)C(=O)O,SVWUPMWZQWCVNG-LSLKUGRBSA-N,urea,*[C@@H](CC(C)C)C(=O)O,416.43,1.07,144.9,4,5,6,1,0.45,0.511,5.0,2.5,3.6,True,False,False,False,True,True,False,False,False,False
GLUE2612,CC(C)C[C@H](OC(=O)Nc1cccc2c1C(=O)N(C1CCC(=O)NC1=O)C2)C(=O)O,ZYEZLMVXXQWFJX-KZUDCZAMSA-N,carbamate,*[C@@H](CC(C)C)C(=O)O,417.42,1.5,142.1,3,6,6,1,0.45,0.595,5.0,3.0,3.76,True,False,False,False,True,True,False,False,False,False
GLUE2613,O=C1CN(/N=C/c2ccc(C(=O)Nc3cccc4c3C(=O)N(C3CCC(=O)NC3=O)C4)o2)C(=O)[N-]1,UIAZUSOYIBPREZ-LIMNOBDPSA-M,amide,*c1ccc(/C=N/N2CC(=O)[N-]C2=O)o1,477.41,0.96,172.6,2,8,5,2,0.227,0.366,5.0,3.0,3.66,False,False,False,False,True,True,False,False,False,False
GLUE2614,O=C1CN(/N=C/c2ccc(S(=O)(=O)Nc3cccc4c3C(=O)N(C3CCC(=O)NC3=O)C4)o2)C(=O)[N-]1,MJJIZQMGDOVDQP-GZIVZEMBSA-M,sulfonamide,*c1ccc(/C=N/N2CC(=O)[N-]C2=O)o1,513.47,0.51,189.6,2,9,6,2,0.238,0.317,5.0,2.5,3.5,False,False,False,False,True,True,False,False,False,False
GLUE2615,O=C1CN(/N=C/c2ccc(CC(=O)Nc3cccc4c3C(=O)N(C3CCC(=O)NC3=O)C4)o2)C(=O)[N-]1,KQXGGPPPPBHSFV-PGGKNCGUSA-M,acetamide,*c1ccc(/C=N/N2CC(=O)[N-]C2=O)o1,491.44,0.89,172.6,2,8,6,2,0.261,0.343,5.0,3.0,3.56,False,False,False,False,True,True,False,False,False,False
GLUE2616,O=C1CN(/N=C/c2ccc(NC(=O)Nc3cccc4c3C(=O)N(C3CCC(=O)NC3=O)C4)o2)C(=O)[N-]1,IKHKAVZWXNNBNT-UHFFFAOYSA-M,urea,*c1ccc(/C=N/N2CC(=O)[N-]C2=O)o1,492.43,1.35,184.6,3,8,5,2,0.227,0.319,5.0,3.0,3.22,False,False,False,False,True,True,False,False,False,False
GLUE2617,O=C1CN(/N=C/c2ccc(OC(=O)Nc3cccc4c3C(=O)N(C3CCC(=O)NC3=O)C4)o2)C(=O)[N-]1,JVELESVSMYAHEQ-LIMNOBDPSA-M,carbamate,*c1ccc(/C=N/N2CC(=O)[N-]C2=O)o1,493.41,1.32,181.8,2,9,5,2,0.227,0.355,5.0,3.0,3.55,False,False,False,False,True,True,False,False,False,False
GLUE2618,Cc1oncc1C(=O)Nc1cccc2c1C(=O)N(C1CCC(=O)NC1=O)C2,GZHHYPZTTMQBNH-UHFFFAOYSA-N,amide,*c1cnoc1C,368.35,1.0,121.6,2,6,3,2,0.278,0.78,5.0,3.0,4.44,True,False,False,False,True,True,False,False,False,False
GLUE2619,Cc1oncc1S(=O)(=O)Nc1cccc2c1C(=O)N(C1CCC(=O)NC1=O)C2,XQKOAIYUMPOERK-UHFFFAOYSA-N,sulfonamide,*c1cnoc1C,404.4,0.54,138.7,2,7,4,2,0.294,0.709,5.0,3.0,4.18,True,False,False,False,True,True,False,False,False,False
GLUE2620,Cc1oncc1CC(=O)Nc1cccc2c1C(=O)N(C1CCC(=O)NC1=O)C2,PRUQIPXGGYRYGU-UHFFFAOYSA-N,acetamide,*c1cnoc1C,382.38,0.93,121.6,2,6,4,2,0.316,0.759,5.0,3.0,4.34,True,False,False,False,True,True,False,False,False,False
GLUE2621,Cc1oncc1NC(=O)Nc1cccc2c1C(=O)N(C1CCC(=O)NC1=O)C2,DZXJLWNGZMGJSZ-UHFFFAOYSA-N,urea,*c1cnoc1C,383.36,1.39,133.6,3,6,3,2,0.278,0.686,5.0,3.0,4.0,True,False,False,False,True,True,False,False,False,False
GLUE2622,Cc1oncc1OC(=O)Nc1cccc2c1C(=O)N(C1CCC(=O)NC1=O)C2,YEGPGAIAYMVUKK-UHFFFAOYSA-N,carbamate,*c1cnoc1C,384.35,1.35,130.8,2,7,3,2,0.278,0.764,5.0,3.0,4.33,True,False,False,False,True,True,False,False,False,False
GLUE2623,O=C([O-])CCCCS(=O)(=O)Nc1cccc2c1C(=O)N(C1CCC(=O)NC1=O)C2,ZRASUCLJKLFKGG-UHFFFAOYSA-M,sulfonamide,*CCCCC(=O)[O-],422.44,-0.89,152.8,2,7,8,1,0.444,0.407,5.0,3.0,4.05,True,False,False,False,True,True,False,False,False,False
GLUE2624,O=C([O-])CCCCCC(=O)Nc1cccc2c1C(=O)N(C1CCC(=O)NC1=O)C2,ZLYPXQVYGZXLNP-UHFFFAOYSA-M,acetamide,*CCCCC(=O)[O-],400.41,0.09,135.7,2,6,8,1,0.45,0.469,5.0,3.0,4.21,True,False,False,False,True,True,False,False,False,False
GLUE2625,O=C([O-])CCCCNC(=O)Nc1cccc2c1C(=O)N(C1CCC(=O)NC1=O)C2,LETOBRQURALDBQ-UHFFFAOYSA-M,urea,*CCCCC(=O)[O-],401.4,-0.51,147.7,3,6,7,1,0.421,0.414,5.0,3.0,3.87,True,False,False,False,True,True,False,False,False,False
GLUE2626,O=C([O-])CCCCOC(=O)Nc1cccc2c1C(=O)N(C1CCC(=O)NC1=O)C2,KGEXAKUCRVWBQQ-UHFFFAOYSA-M,carbamate,*CCCCC(=O)[O-],402.38,-0.08,144.9,2,7,7,1,0.421,0.479,5.0,3.0,4.2,True,False,False,False,True,True,False,False,False,False
GLUE2627,O=C1CCC(N2Cc3cccc(NC(=O)n4cc(/C=C/Br)c(=O)[nH]c4=O)c3C2=O)C(=O)N1,AVNGAUUDKNCENM-VOTSOKGWSA-N,amide,*n1cc(/C=C/Br)c(=O)[nH]c1=O,502.28,0.74,150.4,3,6,3,2,0.2,0.527,5.0,2.5,3.17,False,False,False,False,True,True,False,False,False,False
GLUE2628,O=C1CCC(N2Cc3cccc(NS(=O)(=O)n4cc(/C=C/Br)c(=O)[nH]c4=O)c3C2=O)C(=O)N1,IYCWNGDNRICLQI-VOTSOKGWSA-N,sulfonamide,*n1cc(/C=C/Br)c(=O)[nH]c1=O,538.34,-0.13,167.5,3,7,5,2,0.211,0.446,5.0,2.5,3.17,False,False,False,False,True,True,False,False,False,False
GLUE2629,O=C1CCC(N2Cc3cccc(NC(=O)Cn4cc(/C=C/Br)c(=O)[nH]c4=O)c3C2=O)C(=O)N1,FYEPOTYUVBLSCH-VOTSOKGWSA-N,acetamide,*n1cc(/C=C/Br)c(=O)[nH]c1=O,516.31,0.3,150.4,3,6,5,2,0.238,0.487,5.0,2.5,3.17,False,False,False,False,True,True,False,False,False,False
GLUE2630,O=C1CCC(N2Cc3cccc(NC(=O)Nn4cc(/C=C/Br)c(=O)[nH]c4=O)c3C2=O)C(=O)N1,BVDOOYVHKGVMRV-VOTSOKGWSA-N,urea,*n1cc(/C=C/Br)c(=O)[nH]c1=O,517.3,0.44,162.5,4,6,4,2,0.2,0.43,5.0,2.0,3.0,False,False,False,False,True,True,False,False,False,False
GLUE2631,O=C1CCC(N2Cc3cccc(NC(=O)On4cc(/C=C/Br)c(=O)[nH]c4=O)c3C2=O)C(=O)N1,QEXMHJSVENOEKU-VOTSOKGWSA-N,carbamate,*n1cc(/C=C/Br)c(=O)[nH]c1=O,518.28,0.32,159.7,3,7,4,2,0.2,0.492,5.0,2.5,3.17,False,False,False,False,True,True,False,False,False,False
GLUE2632,O=C1CCC(N2Cc3cccc(NC(=O)SP(=O)(O)O)c3C2=O)C(=O)N1,HUDABHBUKQWDKV-UHFFFAOYSA-N,amide,*SP(=O)(O)O,399.32,0.81,153.1,4,6,3,1,0.286,0.43,5.0,2.5,3.72,True,False,False,False,True,True,False,False,False,False
GLUE2633,O=C1CCC(N2Cc3cccc(NS(=O)(=O)SP(=O)(O)O)c3C2=O)C(=O)N1,WOOZWSIJDSHSGB-UHFFFAOYSA-N,sulfonamide,*SP(=O)(O)O,435.38,-0.07,170.2,4,7,5,1,0.308,0.281,5.0,2.5,3.46,True,False,False,False,True,True,False,False,False,False
GLUE2634,O=C1CCC(N2Cc3cccc(NC(=O)CSP(=O)(O)O)c3C2=O)C(=O)N1,YMMMNUGWUPXSRW-UHFFFAOYSA-N,acetamide,*SP(=O)(O)O,413.35,0.21,153.1,4,6,5,1,0.333,0.395,5.0,2.5,3.62,True,False,False,False,True,True,False,False,False,False
GLUE2635,O=C1CCC(N2Cc3cccc(NC(=O)NSP(=O)(O)O)c3C2=O)C(=O)N1,CNJIYMOKZAPDHU-UHFFFAOYSA-N,urea,*SP(=O)(O)O,414.34,0.31,165.1,5,6,4,1,0.286,0.267,5.0,2.5,3.61,True,False,False,False,True,True,False,False,False,False
GLUE2636,O=C1CCC(N2Cc3cccc(NC(=O)OSP(=O)(O)O)c3C2=O)C(=O)N1,PITXGUVMGPVKIJ-UHFFFAOYSA-N,carbamate,*SP(=O)(O)O,415.32,0.74,162.3,4,7,4,1,0.286,0.315,5.0,2.5,3.6,True,False,False,False,True,True,False,False,False,False
GLUE2637,NCCCS(=O)(=O)Nc1cccc2c1C(=O)N(C1CCC(=O)NC1=O)C2,SHWTYSXLJCSJEE-UHFFFAOYSA-N,sulfonamide,*CCCN,380.43,-0.46,138.7,3,6,6,1,0.438,0.571,9.0,3.0,3.52,True,False,False,False,True,True,False,False,False,False
GLUE2638,NCCCNC(=O)Nc1cccc2c1C(=O)N(C1CCC(=O)NC1=O)C2,LZUIBVHNZKYXAE-UHFFFAOYSA-N,urea,*CCCN,359.39,-0.08,133.6,4,5,5,1,0.412,0.431,9.0,3.0,3.5,True,False,False,False,True,True,False,False,False,False
GLUE2639,NCCCOC(=O)Nc1cccc2c1C(=O)N(C1CCC(=O)NC1=O)C2,XHHDXZSVIWWBJV-UHFFFAOYSA-N,carbamate,*CCCN,360.37,0.34,130.8,3,6,5,1,0.412,0.513,9.0,3.0,3.66,True,False,False,False,True,True,False,False,False,False
GLUE2640,O=C1CCC(N2Cc3cccc(NC(=O)[C@H]4Oc5cc(O)cc(O)c5C[C@@H]4O)c3C2=O)C(=O)N1,VXRNXPYMTHTFRV-XAXWGMKYSA-N,amide,*[C@H]1Oc2cc(O)cc(O)c2C[C@@H]1O,467.43,0.16,165.5,5,8,3,2,0.304,0.398,5.0,2.5,3.23,False,False,False,False,True,True,False,False,False,False
GLUE2641,O=C1CCC(N2Cc3cccc(NS(=O)(=O)[C@H]4Oc5cc(O)cc(O)c5C[C@@H]4O)c3C2=O)C(=O)N1,VIWXLOPMLYTXSJ-QHBPIRHWSA-N,sulfonamide,*[C@H]1Oc2cc(O)cc(O)c2C[C@@H]1O,503.49,-0.08,182.6,5,9,4,2,0.318,0.356,5.0,2.0,3.0,False,False,False,False,True,True,False,False,False,False
GLUE2642,O=C1CCC(N2Cc3cccc(NC(=O)C[C@H]4Oc5cc(O)cc(O)c5C[C@@H]4O)c3C2=O)C(=O)N1,UDUWFIFHPBFIOC-IYSUZNMVSA-N,acetamide,*[C@H]1Oc2cc(O)cc(O)c2C[C@@H]1O,481.46,0.55,165.5,5,8,4,2,0.333,0.395,5.0,2.5,3.13,False,False,False,False,True,True,False,False,False,False
GLUE2643,O=C1CCC(N2Cc3cccc(NC(=O)N[C@H]4Oc5cc(O)cc(O)c5C[C@@H]4O)c3C2=O)C(=O)N1,DRVZVZBONRJQNA-SVPPLLGISA-N,urea,*[C@H]1Oc2cc(O)cc(O)c2C[C@@H]1O,482.45,0.3,177.5,6,8,3,2,0.304,0.338,5.0,2.5,3.13,False,False,False,False,True,True,False,False,False,False
GLUE2644,O=C1CCC(N2Cc3cccc(NC(=O)O[C@H]4Oc5cc(O)cc(O)c5C[C@@H]4O)c3C2=O)C(=O)N1,OZSVYMSGCCWHMP-QHBPIRHWSA-N,carbamate,*[C@H]1Oc2cc(O)cc(O)c2C[C@@H]1O,483.43,0.73,174.7,5,9,3,2,0.304,0.394,5.0,2.5,3.12,False,False,False,False,True,True,False,False,False,False
GLUE2645,O=C1CCC(N2Cc3cccc(NC(=O)C(Cl)Cl)c3C2=O)C(=O)N1,LRUIMFMDSQGZIF-UHFFFAOYSA-N,amide,*C(Cl)Cl,370.19,1.19,95.6,2,4,3,1,0.333,0.617,5.0,3.5,5.24,True,False,False,False,True,True,True,True,False,False
GLUE2646,O=C1CCC(N2Cc3cccc(NS(=O)(=O)C(Cl)Cl)c3C2=O)C(=O)N1,BTJSLZLFVLNSDY-UHFFFAOYSA-N,sulfonamide,*C(Cl)Cl,406.25,0.95,112.7,2,5,4,1,0.357,0.571,5.0,3.5,4.41,True,False,False,False,True,True,True,True,False,False
GLUE2647,O=C1CCC(N2Cc3cccc(NC(=O)CC(Cl)Cl)c3C2=O)C(=O)N1,ZQLXANRTBRWKOD-UHFFFAOYSA-N,acetamide,*C(Cl)Cl,384.22,1.58,95.6,2,4,4,1,0.375,0.609,5.0,3.5,5.14,True,False,False,False,True,True,True,True,False,False
GLUE2648,O=C1CCC(N2Cc3cccc(NC(=O)NC(Cl)Cl)c3C2=O)C(=O)N1,MVVRHCJMRYKUNA-UHFFFAOYSA-N,urea,*C(Cl)Cl,385.21,1.33,107.6,3,4,3,1,0.333,0.415,5.0,3.5,4.4,True,False,False,False,True,True,True,True,False,False
GLUE2649,O=C1CCC(N2Cc3cccc(NC(=O)OC(Cl)Cl)c3C2=O)C(=O)N1,SUYWLQZNWXEYLZ-UHFFFAOYSA-N,carbamate,*C(Cl)Cl,386.19,1.76,104.8,2,5,3,1,0.333,0.609,5.0,3.5,4.82,True,False,False,False,True,True,True,True,False,False
GLUE2650,CCC(C)(C)C(=O)C(=O)Nc1cccc2c1C(=O)N(C1CCC(=O)NC1=O)C2,VRNYJKOMMIHXPL-UHFFFAOYSA-N,amide,*C(=O)C(C)(C)CC,385.42,1.39,112.7,2,5,5,1,0.45,0.587,5.0,3.5,4.56,True,False,False,False,True,True,True,True,False,False
GLUE2651,CCC(C)(C)C(=O)S(=O)(=O)Nc1cccc2c1C(=O)N(C1CCC(=O)NC1=O)C2,NLEUHRYNXJCZPZ-UHFFFAOYSA-N,sulfonamide,*C(=O)C(C)(C)CC,421.48,1.15,129.7,2,6,5,1,0.474,0.686,5.0,3.0,4.06,True,False,False,False,True,True,False,False,False,False
GLUE2652,CCC(C)(C)C(=O)CC(=O)Nc1cccc2c1C(=O)N(C1CCC(=O)NC1=O)C2,OKTIGKYVDGDVHL-UHFFFAOYSA-N,acetamide,*C(=O)C(C)(C)CC,399.45,1.78,112.7,2,5,6,1,0.476,0.559,5.0,3.5,4.46,True,False,False,False,True,True,True,True,False,False
GLUE2653,CCC(C)(C)C(=O)NC(=O)Nc1cccc2c1C(=O)N(C1CCC(=O)NC1=O)C2,LJNFPGMHSFTAPO-UHFFFAOYSA-N,urea,*C(=O)C(C)(C)CC,400.44,1.53,124.7,3,5,4,1,0.45,0.661,5.0,3.0,3.88,True,False,False,False,True,True,False,False,False,False
GLUE2654,CCC(C)(C)C(=O)OC(=O)Nc1cccc2c1C(=O)N(C1CCC(=O)NC1=O)C2,MLDFRNUDVGEONC-UHFFFAOYSA-N,carbamate,*C(=O)C(C)(C)CC,401.42,1.96,121.9,2,6,4,1,0.45,0.452,5.0,3.0,4.2,True,False,False,False,True,True,False,False,False,False
GLUE2655,Cc1cnc(C(=O)Nc2cccc3c2C(=O)N(C2CCC(=O)NC2=O)C3)cn1,IRQGOEBHMXHXQT-UHFFFAOYSA-N,amide,*c1cnc(C)cn1,379.38,0.8,121.4,2,6,3,2,0.263,0.761,5.0,3.0,4.36,True,False,False,False,True,True,False,False,False,False
GLUE2656,Cc1cnc(S(=O)(=O)Nc2cccc3c2C(=O)N(C2CCC(=O)NC2=O)C3)cn1,AEDDSIDWCUOXLP-UHFFFAOYSA-N,sulfonamide,*c1cnc(C)cn1,415.43,0.35,138.4,2,7,4,2,0.278,0.687,5.0,3.0,4.1,True,False,False,False,True,True,False,False,False,False
GLUE2657,Cc1cnc(CC(=O)Nc2cccc3c2C(=O)N(C2CCC(=O)NC2=O)C3)cn1,PRDQTIAUUNZUFB-UHFFFAOYSA-N,acetamide,*c1cnc(C)cn1,393.4,0.73,121.4,2,6,4,2,0.3,0.739,5.0,3.0,4.26,True,False,False,False,True,True,False,False,False,False
GLUE2658,Cc1cnc(NC(=O)Nc2cccc3c2C(=O)N(C2CCC(=O)NC2=O)C3)cn1,BHDRKFWJLZLUKH-UHFFFAOYSA-N,urea,*c1cnc(C)cn1,394.39,1.19,133.4,3,6,3,2,0.263,0.67,5.0,3.0,3.92,True,False,False,False,True,True,False,False,False,False
GLUE2659,Cc1cnc(OC(=O)Nc2cccc3c2C(=O)N(C2CCC(=O)NC2=O)C3)cn1,QFURQASIHCLUAF-UHFFFAOYSA-N,carbamate,*c1cnc(C)cn1,395.38,1.16,130.6,2,7,3,2,0.263,0.746,5.0,3.0,4.25,True,False,False,False,True,True,False,False,False,False
GLUE2660,O=C1CCC(N2Cc3cccc(NC(=O)c4nccc(=O)[nH]4)c3C2=O)C(=O)N1,XELOJXSMILVLHI-UHFFFAOYSA-N,amide,*c1nccc(=O)[nH]1,381.35,-0.22,141.3,3,6,3,2,0.222,0.628,5.0,3.0,4.01,True,False,False,False,True,True,False,False,False,False
GLUE2661,O=C1CCC(N2Cc3cccc(NS(=O)(=O)c4nccc(=O)[nH]4)c3C2=O)C(=O)N1,KCZMWSHYJDLDMW-UHFFFAOYSA-N,sulfonamide,*c1nccc(=O)[nH]1,417.4,-0.67,158.4,3,7,4,2,0.235,0.44,5.0,3.0,3.76,True,False,False,False,True,True,False,False,False,False
GLUE2662,O=C1CCC(N2Cc3cccc(NC(=O)Cc4nccc(=O)[nH]4)c3C2=O)C(=O)N1,IJLIIDGIPPJETA-UHFFFAOYSA-N,acetamide,*c1nccc(=O)[nH]1,395.38,-0.29,141.3,3,6,4,2,0.263,0.608,5.0,3.0,3.91,True,False,False,False,True,True,False,False,False,False
GLUE2663,O=C1CCC(N2Cc3cccc(NC(=O)Nc4nccc(=O)[nH]4)c3C2=O)C(=O)N1,QRMLSAHNCIKIKS-UHFFFAOYSA-N,urea,*c1nccc(=O)[nH]1,396.36,0.17,153.4,4,6,3,2,0.222,0.543,5.0,2.5,3.74,True,False,False,False,True,True,False,False,False,False
GLUE2664,O=C1CCC(N2Cc3cccc(NC(=O)Oc4nccc(=O)[nH]4)c3C2=O)C(=O)N1,HWUAQDUQBQXKRT-UHFFFAOYSA-N,carbamate,*c1nccc(=O)[nH]1,397.35,0.14,150.6,3,7,3,2,0.222,0.623,5.0,3.0,3.9,True,False,False,False,True,True,False,False,False,False
GLUE2665,NC1=NCC(C(=O)Nc2cccc3c2C(=O)N(C2CCC(=O)NC2=O)C3)O1,GFPKLORIPFLXDX-UHFFFAOYSA-N,amide,*C1CN=C(N)O1,371.35,-0.9,143.2,3,7,3,1,0.353,0.588,9.0,3.0,3.59,True,False,False,False,True,True,False,False,False,False
GLUE2666,NC1=NCC(S(=O)(=O)Nc2cccc3c2C(=O)N(C2CCC(=O)NC2=O)C3)O1,CEDOBLPJYKJTGG-UHFFFAOYSA-N,sulfonamide,*C1CN=C(N)O1,407.41,-1.14,160.3,3,8,4,1,0.375,0.532,9.0,3.0,3.33,True,False,False,False,True,True,False,False,False,False
GLUE2667,NC1=NCC(CC(=O)Nc2cccc3c2C(=O)N(C2CCC(=O)NC2=O)C3)O1,CBXLCUYZCGWVTB-UHFFFAOYSA-N,acetamide,*C1CN=C(N)O1,385.38,-0.51,143.2,3,7,4,1,0.389,0.596,9.0,3.0,3.49,True,False,False,False,True,True,False,False,False,False
GLUE2668,NC1=NCC(NC(=O)Nc2cccc3c2C(=O)N(C2CCC(=O)NC2=O)C3)O1,XZINTQCXMOVKKD-UHFFFAOYSA-N,urea,*C1CN=C(N)O1,386.37,-0.76,155.2,4,7,3,1,0.353,0.501,9.0,2.5,3.31,True,False,False,False,True,True,False,False,False,False
GLUE2669,NC1=NCC(OC(=O)Nc2cccc3c2C(=O)N(C2CCC(=O)NC2=O)C3)O1,DDDHCVGHUJDJBC-UHFFFAOYSA-N,carbamate,*C1CN=C(N)O1,387.35,-0.33,152.4,3,8,3,1,0.353,0.6,9.0,3.0,3.47,True,False,False,False,True,True,False,False,False,False
GLUE2670,O=C1CCC(N2Cc3cccc(NC(=O)c4nc(F)cnc4O)c3C2=O)C(=O)N1,HBEVLTSUBMEEIS-UHFFFAOYSA-N,amide,*c1nc(F)cnc1O,399.34,0.33,141.6,3,7,3,2,0.222,0.632,5.0,3.0,3.89,True,False,False,False,True,True,False,False,False,False
GLUE2671,O=C1CCC(N2Cc3cccc(NS(=O)(=O)c4nc(F)cnc4O)c3C2=O)C(=O)N1,JVMGPWAFNFZBBU-UHFFFAOYSA-N,sulfonamide,*c1nc(F)cnc1O,435.39,-0.12,158.7,3,8,4,2,0.235,0.561,5.0,3.0,3.63,True,False,False,False,True,True,False,False,False,False
GLUE2672,O=C1CCC(N2Cc3cccc(NC(=O)Cc4nc(F)cnc4O)c3C2=O)C(=O)N1,OVSXRZJSYVSZDZ-UHFFFAOYSA-N,acetamide,*c1nc(F)cnc1O,413.37,0.26,141.6,3,7,4,2,0.263,0.611,5.0,3.0,3.79,True,False,False,False,True,True,False,False,False,False
GLUE2673,O=C1CCC(N2Cc3cccc(NC(=O)Nc4nc(F)cnc4O)c3C2=O)C(=O)N1,YKGJEOCVBXIAEB-UHFFFAOYSA-N,urea,*c1nc(F)cnc1O,414.35,0.73,153.6,4,7,3,2,0.222,0.54,5.0,2.5,3.61,True,False,False,False,True,True,False,False,False,False
GLUE2674,O=C1CCC(N2Cc3cccc(NC(=O)Oc4nc(F)cnc4O)c3C2=O)C(=O)N1,OXPXVSBCFOIEPP-UHFFFAOYSA-N,carbamate,*c1nc(F)cnc1O,415.34,0.69,150.8,3,8,3,2,0.222,0.62,5.0,3.0,3.77,True,False,False,False,True,True,False,False,False,False
GLUE2675,O=C([O-])C[C@@H](O)CC(=O)Nc1cccc2c1C(=O)N(C1CCC(=O)NC1=O)C2,YLICZBDBTGHWGL-NUHJPDEHSA-M,amide,*C[C@H](O)CC(=O)[O-],388.36,-1.72,155.9,3,7,6,1,0.389,0.489,5.0,3.0,3.96,True,False,False,False,True,True,False,False,False,False
GLUE2676,O=C([O-])C[C@@H](O)CS(=O)(=O)Nc1cccc2c1C(=O)N(C1CCC(=O)NC1=O)C2,MGUMKWZUFGBROQ-RWANSRKNSA-M,sulfonamide,*C[C@H](O)CC(=O)[O-],424.41,-2.31,173.0,3,8,7,1,0.412,0.409,5.0,3.0,3.71,True,False,False,False,True,True,False,False,False,False
GLUE2677,O=C([O-])C[C@@H](O)CCC(=O)Nc1cccc2c1C(=O)N(C1CCC(=O)NC1=O)C2,RWQNHCLVKVDRBK-AMGKYWFPSA-M,acetamide,*C[C@H](O)CC(=O)[O-],402.38,-1.33,155.9,3,7,7,1,0.421,0.477,5.0,3.0,3.86,True,False,False,False,True,True,False,False,False,False
GLUE2678,O=C([O-])C[C@@H](O)CNC(=O)Nc1cccc2c1C(=O)N(C1CCC(=O)NC1=O)C2,LFZIZJIDXDHYSP-RWANSRKNSA-M,urea,*C[C@H](O)CC(=O)[O-],403.37,-1.93,168.0,4,7,6,1,0.389,0.401,5.0,2.5,3.69,True,False,False,False,True,True,False,False,False,False
GLUE2679,O=C([O-])C[C@@H](O)COC(=O)Nc1cccc2c1C(=O)N(C1CCC(=O)NC1=O)C2,QPUXOEFKUGCKOT-RWANSRKNSA-M,carbamate,*C[C@H](O)CC(=O)[O-],404.36,-1.5,165.2,3,8,6,1,0.389,0.482,5.0,3.0,3.85,True,False,False,False,True,True,False,False,False,False
GLUE2680,Cc1nnc(C(=O)Nc2cccc3c2C(=O)N(C2CCC(=O)NC2=O)C3)s1,WZVGXUPIAFCLRD-UHFFFAOYSA-N,amide,*c1nnc(C)s1,385.41,0.86,121.4,2,7,3,2,0.294,0.756,5.0,3.0,4.32,True,False,False,False,True,True,False,False,False,False
GLUE2681,Cc1nnc(S(=O)(=O)Nc2cccc3c2C(=O)N(C2CCC(=O)NC2=O)C3)s1,CFNRYACKGQCUAW-UHFFFAOYSA-N,sulfonamide,*c1nnc(C)s1,421.46,0.41,138.4,2,8,4,2,0.312,0.682,5.0,3.0,4.06,True,False,False,False,True,True,False,False,False,False
GLUE2682,Cc1nnc(CC(=O)Nc2cccc3c2C(=O)N(C2CCC(=O)NC2=O)C3)s1,PMJWAWYHGFHSTH-UHFFFAOYSA-N,acetamide,*c1nnc(C)s1,399.43,0.79,121.4,2,7,4,2,0.333,0.733,5.0,3.0,4.22,True,False,False,False,True,True,False,False,False,False
GLUE2683,Cc1nnc(NC(=O)Nc2cccc3c2C(=O)N(C2CCC(=O)NC2=O)C3)s1,JUCRVOHHRZALJG-UHFFFAOYSA-N,urea,*c1nnc(C)s1,400.42,1.25,133.4,3,7,3,2,0.294,0.664,5.0,3.0,3.88,True,False,False,False,True,True,False,False,False,False
GLUE2684,Cc1nnc(OC(=O)Nc2cccc3c2C(=O)N(C2CCC(=O)NC2=O)C3)s1,OMJUXJUZXWXILI-UHFFFAOYSA-N,carbamate,*c1nnc(C)s1,401.4,1.22,130.6,2,8,3,2,0.294,0.739,5.0,3.0,4.2,True,False,False,False,True,True,False,False,False,False
GLUE2685,CC1(C)NC(=O)N(C(=O)Nc2cccc3c2C(=O)N(C2CCC(=O)NC2=O)C3)C1=O,KAISVHPFEZXEIZ-UHFFFAOYSA-N,amide,*N1C(=O)NC(C)(C)C1=O,413.39,0.31,145.0,3,6,2,1,0.368,0.47,5.0,3.0,3.79,True,False,False,False,True,True,False,False,False,False
GLUE2686,CC1(C)NC(=O)N(S(=O)(=O)Nc2cccc3c2C(=O)N(C2CCC(=O)NC2=O)C3)C1=O,AGTCHLUXADGYQG-UHFFFAOYSA-N,sulfonamide,*N1C(=O)NC(C)(C)C1=O,449.45,-0.57,162.1,3,7,4,1,0.389,0.41,5.0,3.0,3.53,True,False,False,False,True,True,False,False,False,False
GLUE2687,CC1(C)NC(=O)N(CC(=O)Nc2cccc3c2C(=O)N(C2CCC(=O)NC2=O)C3)C1=O,IFFCSPKDSIFZTC-UHFFFAOYSA-N,acetamide,*N1C(=O)NC(C)(C)C1=O,427.42,-0.28,145.0,3,6,4,1,0.4,0.445,5.0,3.0,3.69,True,False,False,False,True,True,False,False,False,False
GLUE2688,CC1(C)NC(=O)N(NC(=O)Nc2cccc3c2C(=O)N(C2CCC(=O)NC2=O)C3)C1=O,ZYLHGSRTAITEIW-UHFFFAOYSA-N,urea,*N1C(=O)NC(C)(C)C1=O,428.41,-0.19,157.0,4,6,3,1,0.368,0.386,5.0,2.5,3.51,True,False,False,False,True,True,False,False,False,False
GLUE2689,CC1(C)NC(=O)N(OC(=O)Nc2cccc3c2C(=O)N(C2CCC(=O)NC2=O)C3)C1=O,PTOSAUWUCAHCOG-UHFFFAOYSA-N,carbamate,*N1C(=O)NC(C)(C)C1=O,429.39,0.24,154.2,3,7,3,1,0.368,0.459,5.0,3.0,3.67,True,False,False,False,True,True,False,False,False,False
GLUE2690,O=C1CCC(N2Cc3cccc(NC(=O)[C@@H]4CO[C@H]5[C@@H]4OC[C@@H]5O)c3C2=O)C(=O)N1,ZXBJOGRJNPAVDP-NFPRHFRSSA-N,amide,*[C@@H]1CO[C@H]2[C@@H]1OC[C@@H]2O,415.4,-0.84,134.3,3,7,3,1,0.5,0.548,5.0,3.0,3.77,True,False,False,False,True,True,False,False,False,False
GLUE2691,O=C1CCC(N2Cc3cccc(NS(=O)(=O)[C@@H]4CO[C@H]5[C@@H]4OC[C@@H]5O)c3C2=O)C(=O)N1,VKFHFZYYVHQUAB-LDWSZUNPSA-N,sulfonamide,*[C@@H]1CO[C@H]2[C@@H]1OC[C@@H]2O,451.46,-1.28,151.3,3,8,4,1,0.526,0.479,5.0,3.0,3.51,False,False,False,False,True,True,False,False,False,False
GLUE2692,O=C1CCC(N2Cc3cccc(NC(=O)C[C@@H]4CO[C@H]5[C@@H]4OC[C@@H]5O)c3C2=O)C(=O)N1,QPQQVOKJIHZRFR-HQDOFIAFSA-N,acetamide,*[C@@H]1CO[C@H]2[C@@H]1OC[C@@H]2O,429.43,-0.45,134.3,3,7,4,1,0.524,0.552,5.0,3.0,3.67,True,False,False,False,True,True,False,False,False,False
GLUE2693,O=C1CCC(N2Cc3cccc(NC(=O)N[C@@H]4CO[C@H]5[C@@H]4OC[C@@H]5O)c3C2=O)C(=O)N1,ZTMZPLQEWLRTGU-OGLPCCOCSA-N,urea,*[C@@H]1CO[C@H]2[C@@H]1OC[C@@H]2O,430.42,-0.9,146.3,4,7,3,1,0.5,0.454,5.0,2.5,3.5,True,False,False,False,True,True,False,False,False,False
GLUE2694,O=C1CCC(N2Cc3cccc(NC(=O)O[C@@H]4CO[C@H]5[C@@H]4OC[C@@H]5O)c3C2=O)C(=O)N1,SCLNONXANZHHFE-LDWSZUNPSA-N,carbamate,*[C@@H]1CO[C@H]2[C@@H]1OC[C@@H]2O,431.4,-0.48,143.5,3,8,3,1,0.5,0.545,5.0,3.0,3.66,True,False,False,False,True,True,False,False,False,False
GLUE2695,O=C1CCC(N2Cc3cccc(NC(=O)O[N+](=O)[O-])c3C2=O)C(=O)N1,LQXSNRCPPSWJAA-UHFFFAOYSA-N,amide,*O[N+](=O)[O-],348.27,0.19,147.9,2,7,3,1,0.286,0.45,5.0,3.5,4.5,True,False,False,False,True,True,False,True,False,False
GLUE2696,O=C1CCC(N2Cc3cccc(NS(=O)(=O)O[N+](=O)[O-])c3C2=O)C(=O)N1,FKRXXUOUJNOECH-UHFFFAOYSA-N,sulfonamide,*O[N+](=O)[O-],384.33,-0.69,165.0,2,8,5,1,0.308,0.382,5.0,3.0,4.33,True,False,False,False,True,True,False,False,False,False
GLUE2697,O=C1CCC(N2Cc3cccc(NC(=O)CO[N+](=O)[O-])c3C2=O)C(=O)N1,BOWKPLZIPBZGGC-UHFFFAOYSA-N,acetamide,*O[N+](=O)[O-],362.3,-0.41,147.9,2,7,5,1,0.333,0.411,5.0,3.0,4.48,True,False,False,False,True,True,False,False,False,False
GLUE2698,O=C1CCC(N2Cc3cccc(NC(=O)NO[N+](=O)[O-])c3C2=O)C(=O)N1,GXEQLJLGJHNBJB-UHFFFAOYSA-N,urea,*O[N+](=O)[O-],363.29,-0.31,160.0,3,7,4,1,0.286,0.376,5.0,3.0,4.14,True,False,False,False,True,True,False,False,False,False
GLUE2699,O=C1CCC(N2Cc3cccc(NC(=O)OO[N+](=O)[O-])c3C2=O)C(=O)N1,INCNUPQDTLBAPA-UHFFFAOYSA-N,carbamate,*O[N+](=O)[O-],364.27,0.12,157.2,2,8,4,1,0.286,0.33,5.0,3.0,4.47,True,False,False,False,True,True,False,False,False,False
GLUE2700,CC(S)C(=O)C(=O)Nc1cccc2c1C(=O)N(C1CCC(=O)NC1=O)C2,YRXFJCFIRMLIHB-UHFFFAOYSA-N,amide,*C(=O)C(C)S,375.41,0.27,112.7,3,6,4,1,0.353,0.397,5.0,3.5,4.3,True,False,False,False,True,True,True,True,False,False
GLUE2701,CC(S)C(=O)S(=O)(=O)Nc1cccc2c1C(=O)N(C1CCC(=O)NC1=O)C2,BAZLTDVFHGXKJU-UHFFFAOYSA-N,sulfonamide,*C(=O)C(C)S,411.46,0.03,129.7,3,7,4,1,0.375,0.474,5.0,3.0,3.8,True,False,False,False,True,True,False,False,False,False
GLUE2702,CC(S)C(=O)CC(=O)Nc1cccc2c1C(=O)N(C1CCC(=O)NC1=O)C2,SJHIPAHJEQNJNH-UHFFFAOYSA-N,acetamide,*C(=O)C(C)S,389.43,0.66,112.7,3,6,5,1,0.389,0.389,5.0,3.5,4.2,True,False,False,False,True,True,True,True,False,False
GLUE2703,CC(S)C(=O)NC(=O)Nc1cccc2c1C(=O)N(C1CCC(=O)NC1=O)C2,QEFMNHOBJBKJGF-UHFFFAOYSA-N,urea,*C(=O)C(C)S,390.42,0.41,124.7,4,6,3,1,0.353,0.44,5.0,2.5,3.78,True,False,False,False,True,True,False,False,False,False
GLUE2704,CC(S)C(=O)OC(=O)Nc1cccc2c1C(=O)N(C1CCC(=O)NC1=O)C2,CHBTYLQRXPUHPE-UHFFFAOYSA-N,carbamate,*C(=O)C(C)S,391.41,0.84,121.9,3,7,3,1,0.353,0.304,5.0,3.0,3.94,True,False,False,False,True,True,False,False,False,False
GLUE2705,O=C1CCC(N2Cc3cccc(NC(=O)SC(P(=O)(O)O)P(=O)(O)O)c3C2=O)C(=O)N1,PQJYUTANZFQWSI-UHFFFAOYSA-N,amide,*SC(P(=O)(O)O)P(=O)(O)O,493.33,0.35,210.6,6,7,5,1,0.333,0.243,5.0,2.5,3.05,False,False,False,False,True,True,False,False,False,False
GLUE2706,O=C1CCC(N2Cc3cccc(NS(=O)(=O)SC(P(=O)(O)O)P(=O)(O)O)c3C2=O)C(=O)N1,JEKSFGYSVFCZIS-UHFFFAOYSA-N,sulfonamide,*SC(P(=O)(O)O)P(=O)(O)O,529.38,-0.52,227.7,6,8,7,1,0.357,0.149,5.0,2.0,3.0,False,False,False,False,True,True,False,False,False,False
GLUE2707,O=C1CCC(N2Cc3cccc(NC(=O)CSC(P(=O)(O)O)P(=O)(O)O)c3C2=O)C(=O)N1,RXYLCLWDCHCULP-UHFFFAOYSA-N,acetamide,*SC(P(=O)(O)O)P(=O)(O)O,507.35,-0.24,210.6,6,7,7,1,0.375,0.209,5.0,2.0,3.0,False,False,False,False,True,True,False,False,False,False
GLUE2708,O=C1CCC(N2Cc3cccc(NC(=O)NSC(P(=O)(O)O)P(=O)(O)O)c3C2=O)C(=O)N1,CCMNWCATCUZORS-UHFFFAOYSA-N,urea,*SC(P(=O)(O)O)P(=O)(O)O,508.34,-0.14,222.7,7,7,6,1,0.333,0.152,5.0,2.0,3.0,False,False,False,False,True,True,False,False,False,False
GLUE2709,O=C1CCC(N2Cc3cccc(NC(=O)OSC(P(=O)(O)O)P(=O)(O)O)c3C2=O)C(=O)N1,GNXWMRLVPKBLQN-UHFFFAOYSA-N,carbamate,*SC(P(=O)(O)O)P(=O)(O)O,509.33,0.28,219.9,6,8,6,1,0.333,0.173,5.0,2.0,3.0,False,False,False,False,True,True,False,False,False,False
GLUE2710,O=C1CCC(N2Cc3cccc(NC(=O)S(=O)(=O)c4ccc(F)cc4)c3C2=O)C(=O)N1,XCQVMXBHDKWVIF-UHFFFAOYSA-N,amide,*S(=O)(=O)c1ccc(F)cc1,445.43,1.59,129.7,2,6,3,2,0.2,0.545,5.0,3.0,3.89,True,False,False,False,True,True,False,False,False,False
GLUE2711,O=C1CCC(N2Cc3cccc(NS(=O)(=O)S(=O)(=O)c4ccc(F)cc4)c3C2=O)C(=O)N1,ORLXFBMRUMOORM-UHFFFAOYSA-N,sulfonamide,*S(=O)(=O)c1ccc(F)cc1,481.48,0.72,146.8,2,7,5,2,0.211,0.472,5.0,3.0,3.63,False,False,False,False,True,True,False,False,False,False
GLUE2712,O=C1CCC(N2Cc3cccc(NC(=O)CS(=O)(=O)c4ccc(F)cc4)c3C2=O)C(=O)N1,VVHDFQYGKXJXMP-UHFFFAOYSA-N,acetamide,*S(=O)(=O)c1ccc(F)cc1,459.46,1.0,129.7,2,6,5,2,0.238,0.507,5.0,3.0,3.79,False,False,False,False,True,True,False,False,False,False
GLUE2713,O=C1CCC(N2Cc3cccc(NC(=O)NS(=O)(=O)c4ccc(F)cc4)c3C2=O)C(=O)N1,WZQWUPDBGJRYAL-UHFFFAOYSA-N,urea,*S(=O)(=O)c1ccc(F)cc1,460.44,1.1,141.8,3,6,4,2,0.2,0.584,5.0,3.0,3.45,False,False,False,False,True,True,False,False,False,False
GLUE2714,O=C1CCC(N2Cc3cccc(NC(=O)OS(=O)(=O)c4ccc(F)cc4)c3C2=O)C(=O)N1,HXXGQVMUYFAOMR-UHFFFAOYSA-N,carbamate,*S(=O)(=O)c1ccc(F)cc1,461.43,1.52,138.9,2,7,4,2,0.2,0.52,5.0,3.0,3.78,False,False,False,False,True,True,False,False,False,False
GLUE2715,O=C1CCC(N2Cc3cccc(NC(=O)N4CC=CC4)c3C2=O)C(=O)N1,RGGVWLWFWFGSAR-UHFFFAOYSA-N,amide,*N1CC=CC1,354.37,0.85,98.8,2,4,2,1,0.333,0.608,5.0,4.0,5.21,True,False,False,True,True,True,True,True,False,False
GLUE2716,O=C1CCC(N2Cc3cccc(NS(=O)(=O)N4CC=CC4)c3C2=O)C(=O)N1,XTDJHDNFOANIGQ-UHFFFAOYSA-N,sulfonamide,*N1CC=CC1,390.42,-0.02,115.9,2,5,4,1,0.353,0.554,5.0,3.5,4.42,True,False,False,False,True,True,True,True,False,False
GLUE2717,O=C1CCC(N2Cc3cccc(NC(=O)CN4CC=CC4)c3C2=O)C(=O)N1,XTYLFADBAAQAHL-UHFFFAOYSA-N,acetamide,*N1CC=CC1,368.39,0.26,98.8,2,5,4,1,0.368,0.587,9.5,3.5,4.4,True,False,False,False,True,True,True,True,False,False
GLUE2718,O=C1CCC(N2Cc3cccc(NC(=O)NN4CC=CC4)c3C2=O)C(=O)N1,MJRNMILLRSMYGW-UHFFFAOYSA-N,urea,*N1CC=CC1,369.38,0.36,110.8,3,5,3,1,0.333,0.526,9.5,3.5,3.65,True,False,False,False,True,True,True,True,False,False
GLUE2719,O=C1CCC(N2Cc3cccc(NC(=O)ON4CC=CC4)c3C2=O)C(=O)N1,ACVOWKPNZAYPQZ-UHFFFAOYSA-N,carbamate,*N1CC=CC1,370.37,0.78,108.1,2,6,3,1,0.333,0.601,9.5,3.5,4.07,True,False,False,False,True,True,True,True,False,False
GLUE2720,O=C1CCC(N2Cc3cccc(NC(=O)c4ccc(Cl)s4)c3C2=O)C(=O)N1,PSOMRQSJZZUMEN-UHFFFAOYSA-N,amide,*c1ccc(Cl)s1,403.85,2.41,95.6,2,5,3,2,0.222,0.769,5.0,3.5,5.0,True,True,False,False,True,True,True,True,False,True
GLUE2721,O=C1CCC(N2Cc3cccc(NS(=O)(=O)c4ccc(Cl)s4)c3C2=O)C(=O)N1,RARIWJNDPMCQQG-UHFFFAOYSA-N,sulfonamide,*c1ccc(Cl)s1,439.9,1.96,112.7,2,6,4,2,0.235,0.707,5.0,3.5,4.17,True,False,False,False,True,True,True,True,False,False
GLUE2722,O=C1CCC(N2Cc3cccc(NC(=O)Cc4ccc(Cl)s4)c3C2=O)C(=O)N1,GTHYCWVHHFVZRT-UHFFFAOYSA-N,acetamide,*c1ccc(Cl)s1,417.87,2.34,95.6,2,5,4,2,0.263,0.746,5.0,3.5,4.9,True,True,False,False,True,True,True,True,False,True
GLUE2723,O=C1CCC(N2Cc3cccc(NC(=O)Nc4ccc(Cl)s4)c3C2=O)C(=O)N1,AFKIBHBIEHDLCU-UHFFFAOYSA-N,urea,*c1ccc(Cl)s1,418.86,2.81,107.6,3,5,3,2,0.222,0.666,5.0,3.5,4.01,True,True,False,False,True,True,True,True,False,True
GLUE2724,O=C1CCC(N2Cc3cccc(NC(=O)Oc4ccc(Cl)s4)c3C2=O)C(=O)N1,MUNAZKSMCQKQQM-UHFFFAOYSA-N,carbamate,*c1ccc(Cl)s1,419.85,2.77,104.8,2,6,3,2,0.222,0.744,5.0,3.5,4.44,True,True,False,False,True,True,True,True,False,True
GLUE2725,O=C1CCC(N2Cc3cccc(NC(=O)N4CCOCC4=O)c3C2=O)C(=O)N1,FKTTYEWSWNYBDC-UHFFFAOYSA-N,amide,*N1CCOCC1=O,386.36,-0.16,125.1,2,6,2,1,0.389,0.681,5.0,3.0,4.31,True,False,False,False,True,True,False,False,False,False
GLUE2726,O=C1CCC(N2Cc3cccc(NS(=O)(=O)N4CCOCC4=O)c3C2=O)C(=O)N1,KUTPZXZASWNBQL-UHFFFAOYSA-N,sulfonamide,*N1CCOCC1=O,422.42,-1.04,142.2,2,7,4,1,0.412,0.59,5.0,3.0,4.05,True,False,False,False,True,True,False,False,False,False
GLUE2727,O=C1CCC(N2Cc3cccc(NC(=O)CN4CCOCC4=O)c3C2=O)C(=O)N1,RREHBQBHTPJCOX-UHFFFAOYSA-N,acetamide,*N1CCOCC1=O,400.39,-0.76,125.1,2,6,4,1,0.421,0.641,5.0,3.0,4.21,True,False,False,False,True,True,False,False,False,False
GLUE2728,O=C1CCC(N2Cc3cccc(NC(=O)NN4CCOCC4=O)c3C2=O)C(=O)N1,OTRKVHHLFMNJSJ-UHFFFAOYSA-N,urea,*N1CCOCC1=O,401.38,-0.66,137.2,3,6,3,1,0.389,0.575,5.0,3.0,3.87,True,False,False,False,True,True,False,False,False,False
GLUE2729,O=C1CCC(N2Cc3cccc(NC(=O)ON4CCOCC4=O)c3C2=O)C(=O)N1,YGQSWXGAVOMDQF-UHFFFAOYSA-N,carbamate,*N1CCOCC1=O,402.36,-0.23,134.3,2,7,3,1,0.389,0.667,5.0,3.0,4.2,True,False,False,False,True,True,False,False,False,False
GLUE2730,O=C1CCC(N2Cc3cccc(NC(=O)c4cccc(Cl)c4F)c3C2=O)C(=O)N1,PTGDSNJDTPLPDD-UHFFFAOYSA-N,amide,*c1cccc(Cl)c1F,415.81,2.49,95.6,2,4,3,2,0.2,0.753,5.0,3.5,4.92,True,True,False,False,True,True,True,True,False,True
GLUE2731,O=C1CCC(N2Cc3cccc(NS(=O)(=O)c4cccc(Cl)c4F)c3C2=O)C(=O)N1,XUDZIYRFDYQSDH-UHFFFAOYSA-N,sulfonamide,*c1cccc(Cl)c1F,451.86,2.04,112.7,2,5,4,2,0.211,0.691,5.0,3.5,4.09,False,True,False,False,True,True,True,True,False,False
GLUE2732,O=C1CCC(N2Cc3cccc(NC(=O)Cc4cccc(Cl)c4F)c3C2=O)C(=O)N1,RFUWREHLGZTQRY-UHFFFAOYSA-N,acetamide,*c1cccc(Cl)c1F,429.84,2.42,95.6,2,4,4,2,0.238,0.73,5.0,3.5,4.82,True,True,False,False,True,True,True,True,False,True
GLUE2733,O=C1CCC(N2Cc3cccc(NC(=O)Nc4cccc(Cl)c4F)c3C2=O)C(=O)N1,SQMWYRSETJMONP-UHFFFAOYSA-N,urea,*c1cccc(Cl)c1F,430.82,2.88,107.6,3,4,3,2,0.2,0.651,5.0,3.5,3.88,True,True,False,False,True,True,True,True,False,True
GLUE2734,O=C1CCC(N2Cc3cccc(NC(=O)Oc4cccc(Cl)c4F)c3C2=O)C(=O)N1,KBDXDWKYPDEUFH-UHFFFAOYSA-N,carbamate,*c1cccc(Cl)c1F,431.81,2.85,104.8,2,5,3,2,0.2,0.727,5.0,3.5,4.32,True,True,False,False,True,True,True,True,False,True
GLUE2735,CC(C)[C@@H](CO)C(=O)Nc1cccc2c1C(=O)N(C1CCC(=O)NC1=O)C2,PBFKQSDQTYPHPR-PUODRLBUSA-N,amide,*[C@H](CO)C(C)C,373.41,0.65,115.8,3,5,5,1,0.474,0.656,5.0,3.5,4.21,True,False,False,False,True,True,True,True,False,False
GLUE2736,CC(C)[C@@H](CO)S(=O)(=O)Nc1cccc2c1C(=O)N(C1CCC(=O)NC1=O)C2,HRJQBKHITRRCPM-ARLHGKGLSA-N,sulfonamide,*[C@H](CO)C(C)C,409.46,0.21,132.9,3,6,6,1,0.5,0.575,5.0,3.0,3.81,True,False,False,False,True,True,False,False,False,False
GLUE2737,CC(C)[C@@H](CO)CC(=O)Nc1cccc2c1C(=O)N(C1CCC(=O)NC1=O)C2,NAQZOAGSEBPVRT-AFYYWNPRSA-N,acetamide,*[C@H](CO)C(C)C,387.44,1.04,115.8,3,5,6,1,0.5,0.631,5.0,3.5,4.11,True,False,False,False,True,True,True,True,False,False
GLUE2738,CC(C)[C@@H](CO)NC(=O)Nc1cccc2c1C(=O)N(C1CCC(=O)NC1=O)C2,OTRGYWBMNZAKGA-KWCCSABGSA-N,urea,*[C@H](CO)C(C)C,388.42,0.59,127.8,4,5,5,1,0.474,0.549,5.0,2.5,3.8,True,False,False,False,True,True,False,False,False,False
GLUE2739,CC(C)[C@@H](CO)OC(=O)Nc1cccc2c1C(=O)N(C1CCC(=O)NC1=O)C2,IVORTNDARXEGBA-ARLHGKGLSA-N,carbamate,*[C@H](CO)C(C)C,389.41,1.01,125.0,3,6,5,1,0.474,0.646,5.0,3.0,3.96,True,False,False,False,True,True,False,False,False,False
GLUE2740,Cc1cc(C(=O)Nc2cccc3c2C(=O)N(C2CCC(=O)NC2=O)C3)n(O)c(=O)c1,VDMCPUSREJUOBL-UHFFFAOYSA-N,amide,*c1cc(C)cc(=O)n1O,410.39,0.41,137.8,3,6,3,2,0.25,0.495,5.0,3.0,3.81,True,False,False,False,True,True,False,False,False,False
GLUE2741,Cc1cc(S(=O)(=O)Nc2cccc3c2C(=O)N(C2CCC(=O)NC2=O)C3)n(O)c(=O)c1,XFIOZGYSQAKXSS-UHFFFAOYSA-N,sulfonamide,*c1cc(C)cc(=O)n1O,446.44,-0.04,154.9,3,7,4,2,0.263,0.439,5.0,3.0,3.55,True,False,False,False,True,True,False,False,False,False
GLUE2742,Cc1cc(CC(=O)Nc2cccc3c2C(=O)N(C2CCC(=O)NC2=O)C3)n(O)c(=O)c1,WAVQPYKSWTXOSL-UHFFFAOYSA-N,acetamide,*c1cc(C)cc(=O)n1O,424.41,0.34,137.8,3,6,4,2,0.286,0.478,5.0,3.0,3.71,True,False,False,False,True,True,False,False,False,False
GLUE2743,Cc1cc(NC(=O)Nc2cccc3c2C(=O)N(C2CCC(=O)NC2=O)C3)n(O)c(=O)c1,LIEYOYIXPBRXGZ-UHFFFAOYSA-N,urea,*c1cc(C)cc(=O)n1O,425.4,0.8,149.8,4,6,3,2,0.25,0.422,5.0,2.5,3.53,True,False,False,False,True,True,False,False,False,False
GLUE2744,Cc1cc(OC(=O)Nc2cccc3c2C(=O)N(C2CCC(=O)NC2=O)C3)n(O)c(=O)c1,UCXSGOGUFCSEBP-UHFFFAOYSA-N,carbamate,*c1cc(C)cc(=O)n1O,426.39,0.77,147.0,3,7,3,2,0.25,0.485,5.0,3.0,3.69,True,False,False,False,True,True,False,False,False,False
GLUE2745,CCCCCCCCCCCCC(=O)Nc1cccc2c1C(=O)N(C1CCC(=O)NC1=O)C2,FJPLMKPXSJKJAF-UHFFFAOYSA-N,amide,*CCCCCCCCCCCC,455.6,4.7,95.6,2,4,13,1,0.615,0.333,5.0,2.0,2.78,False,False,False,False,True,True,True,False,False,False
GLUE2746,CCCCCCCCCCCCS(=O)(=O)Nc1cccc2c1C(=O)N(C1CCC(=O)NC1=O)C2,UHHCCTUYRQPKRZ-UHFFFAOYSA-N,sulfonamide,*CCCCCCCCCCCC,491.65,4.11,112.7,2,5,14,1,0.64,0.3,5.0,2.0,2.44,False,False,False,False,True,True,True,False,False,False
GLUE2747,CCCCCCCCCCCCCC(=O)Nc1cccc2c1C(=O)N(C1CCC(=O)NC1=O)C2,DFSLMUSDNDCGCY-UHFFFAOYSA-N,acetamide,*CCCCCCCCCCCC,469.63,5.09,95.6,2,4,14,1,0.63,0.293,5.0,1.5,2.53,False,False,False,False,True,True,True,False,False,False
GLUE2748,CCCCCCCCCCCCNC(=O)Nc1cccc2c1C(=O)N(C1CCC(=O)NC1=O)C2,XZRQKQOALFHANR-UHFFFAOYSA-N,urea,*CCCCCCCCCCCC,470.61,4.49,107.6,3,4,13,1,0.615,0.292,5.0,2.0,2.05,False,False,False,False,True,True,True,False,False,False
GLUE2749,CCCCCCCCCCCCOC(=O)Nc1cccc2c1C(=O)N(C1CCC(=O)NC1=O)C2,OJODWBNCFMXKPR-UHFFFAOYSA-N,carbamate,*CCCCCCCCCCCC,471.6,4.92,104.8,2,5,13,1,0.615,0.314,5.0,2.0,2.25,False,False,False,False,True,True,True,False,False,False
