TF,motif,hits_ad_up,hits_background,rate_up,rate_bg,enrichment_ratio
PPARG,PPARG_HUMAN.H11MO.0.A,262,5217,4.678571428571429,1.0434,4.483967249924697
PPARG,PPARG_HUMAN.H11MO.1.A,151,3151,2.6964285714285716,0.6302,4.278687038128486
RELB,RELB_HUMAN.H11MO.0.C,104,2354,1.8571428571428572,0.4708,3.944653477363758
IKZF1,IKZF1_HUMAN.H11MO.0.C,285,6532,5.089285714285714,1.3064,3.8956565479835534
SPI1,SPI1_HUMAN.H11MO.0.A,225,5251,4.017857142857143,1.0502,3.825801888075741
IRF8,IRF8_HUMAN.H11MO.0.B,210,5291,3.75,1.0582,3.5437535437535437
RUNX1,RUNX1_HUMAN.H11MO.0.A,92,2358,1.6428571428571428,0.4716,3.483581727856537
CEBPB,CEBPB_HUMAN.H11MO.0.A,40,1089,0.7142857142857143,0.2178,3.2795487340941887
